[2026-04-12T04:37:25.646+0000] {local_task_job_runner.py:123} INFO - ::group::Pre task execution logs
[2026-04-12T04:37:25.678+0000] {taskinstance.py:2613} INFO - Dependencies all met for dep_context=non-requeueable deps ti=<TaskInstance: weather_real_time_pipeline_v2.start_spark_streaming_job scheduled__2026-04-12T04:34:00+00:00 [queued]>
[2026-04-12T04:37:25.689+0000] {taskinstance.py:2613} INFO - Dependencies all met for dep_context=requeueable deps ti=<TaskInstance: weather_real_time_pipeline_v2.start_spark_streaming_job scheduled__2026-04-12T04:34:00+00:00 [queued]>
[2026-04-12T04:37:25.690+0000] {taskinstance.py:2866} INFO - Starting attempt 2 of 4
[2026-04-12T04:37:25.705+0000] {taskinstance.py:2889} INFO - Executing <Task(BashOperator): start_spark_streaming_job> on 2026-04-12 04:34:00+00:00
[2026-04-12T04:37:25.714+0000] {standard_task_runner.py:104} INFO - Running: ['airflow', 'tasks', 'run', 'weather_real_time_pipeline_v2', 'start_spark_streaming_job', 'scheduled__2026-04-12T04:34:00+00:00', '--job-id', '243', '--raw', '--subdir', 'DAGS_FOLDER/weather_pipeline_dag.py', '--cfg-path', '/tmp/tmpp8akraxx']
[2026-04-12T04:37:25.717+0000] {standard_task_runner.py:105} INFO - Job 243: Subtask start_spark_streaming_job
[2026-04-12T04:37:25.719+0000] {logging_mixin.py:190} WARNING - /home/airflow/airflow/venv/lib/python3.12/site-packages/airflow/task/task_runner/standard_task_runner.py:70 DeprecationWarning: This process (pid=45467) is multi-threaded, use of fork() may lead to deadlocks in the child.
[2026-04-12T04:37:25.720+0000] {standard_task_runner.py:72} INFO - Started process 45483 to run task
[2026-04-12T04:37:25.825+0000] {task_command.py:467} INFO - Running <TaskInstance: weather_real_time_pipeline_v2.start_spark_streaming_job scheduled__2026-04-12T04:34:00+00:00 [running]> on host airflow
[2026-04-12T04:37:25.955+0000] {taskinstance.py:3132} INFO - Exporting env vars: AIRFLOW_CTX_DAG_OWNER='airflow' AIRFLOW_CTX_DAG_ID='weather_real_time_pipeline_v2' AIRFLOW_CTX_TASK_ID='start_spark_streaming_job' AIRFLOW_CTX_EXECUTION_DATE='2026-04-12T04:34:00+00:00' AIRFLOW_CTX_TRY_NUMBER='2' AIRFLOW_CTX_DAG_RUN_ID='scheduled__2026-04-12T04:34:00+00:00'
[2026-04-12T04:37:25.956+0000] {taskinstance.py:731} INFO - ::endgroup::
[2026-04-12T04:37:25.971+0000] {subprocess.py:78} INFO - Tmp dir root location: /tmp
[2026-04-12T04:37:25.972+0000] {subprocess.py:88} INFO - Running command: ['/usr/bin/bash', '-c', 'docker exec spark-master spark-submit                 --packages org.apache.spark:spark-sql-kafka-0-10_2.13:4.0.0,org.apache.iceberg:iceberg-spark-runtime-4.0_2.13:1.10.1                 /home/spark/spark/spark_jobs/weather_streaming.py']
[2026-04-12T04:37:25.982+0000] {subprocess.py:99} INFO - Output:
[2026-04-12T04:37:26.471+0000] {subprocess.py:106} INFO - WARNING: Using incubator modules: jdk.incubator.vector
[2026-04-12T04:37:27.997+0000] {subprocess.py:106} INFO - :: loading settings :: url = jar:file:/home/spark/spark/jars/ivy-2.5.3.jar!/org/apache/ivy/core/settings/ivysettings.xml
[2026-04-12T04:37:28.129+0000] {subprocess.py:106} INFO - Ivy Default Cache set to: /home/spark/.ivy2.5.2/cache
[2026-04-12T04:37:28.129+0000] {subprocess.py:106} INFO - The jars for the packages stored in: /home/spark/.ivy2.5.2/jars
[2026-04-12T04:37:28.138+0000] {subprocess.py:106} INFO - org.apache.spark#spark-sql-kafka-0-10_2.13 added as a dependency
[2026-04-12T04:37:28.138+0000] {subprocess.py:106} INFO - org.apache.iceberg#iceberg-spark-runtime-4.0_2.13 added as a dependency
[2026-04-12T04:37:28.151+0000] {subprocess.py:106} INFO - :: resolving dependencies :: org.apache.spark#spark-submit-parent-d0edd17d-c920-4d35-b153-09a10585a4d2;1.0
[2026-04-12T04:37:28.152+0000] {subprocess.py:106} INFO - 	confs: [default]
[2026-04-12T04:37:28.379+0000] {subprocess.py:106} INFO - 	found org.apache.spark#spark-sql-kafka-0-10_2.13;4.0.0 in central
[2026-04-12T04:37:28.479+0000] {subprocess.py:106} INFO - 	found org.apache.spark#spark-token-provider-kafka-0-10_2.13;4.0.0 in central
[2026-04-12T04:37:28.516+0000] {subprocess.py:106} INFO - 	found org.apache.kafka#kafka-clients;3.9.0 in central
[2026-04-12T04:37:28.547+0000] {subprocess.py:106} INFO - 	found org.lz4#lz4-java;1.8.0 in central
[2026-04-12T04:37:28.581+0000] {subprocess.py:106} INFO - 	found org.xerial.snappy#snappy-java;1.1.10.7 in central
[2026-04-12T04:37:28.615+0000] {subprocess.py:106} INFO - 	found org.slf4j#slf4j-api;2.0.16 in central
[2026-04-12T04:37:28.653+0000] {subprocess.py:106} INFO - 	found org.apache.hadoop#hadoop-client-runtime;3.4.1 in central
[2026-04-12T04:37:28.704+0000] {subprocess.py:106} INFO - 	found org.apache.hadoop#hadoop-client-api;3.4.1 in central
[2026-04-12T04:37:28.748+0000] {subprocess.py:106} INFO - 	found com.google.code.findbugs#jsr305;3.0.0 in central
[2026-04-12T04:37:28.774+0000] {subprocess.py:106} INFO - 	found org.scala-lang.modules#scala-parallel-collections_2.13;1.2.0 in central
[2026-04-12T04:37:28.803+0000] {subprocess.py:106} INFO - 	found org.apache.commons#commons-pool2;2.12.0 in central
[2026-04-12T04:37:28.824+0000] {subprocess.py:106} INFO - 	found org.apache.iceberg#iceberg-spark-runtime-4.0_2.13;1.10.1 in central
[2026-04-12T04:37:28.858+0000] {subprocess.py:106} INFO - :: resolution report :: resolve 691ms :: artifacts dl 16ms
[2026-04-12T04:37:28.859+0000] {subprocess.py:106} INFO - 	:: modules in use:
[2026-04-12T04:37:28.860+0000] {subprocess.py:106} INFO - 	com.google.code.findbugs#jsr305;3.0.0 from central in [default]
[2026-04-12T04:37:28.860+0000] {subprocess.py:106} INFO - 	org.apache.commons#commons-pool2;2.12.0 from central in [default]
[2026-04-12T04:37:28.861+0000] {subprocess.py:106} INFO - 	org.apache.hadoop#hadoop-client-api;3.4.1 from central in [default]
[2026-04-12T04:37:28.862+0000] {subprocess.py:106} INFO - 	org.apache.hadoop#hadoop-client-runtime;3.4.1 from central in [default]
[2026-04-12T04:37:28.862+0000] {subprocess.py:106} INFO - 	org.apache.iceberg#iceberg-spark-runtime-4.0_2.13;1.10.1 from central in [default]
[2026-04-12T04:37:28.863+0000] {subprocess.py:106} INFO - 	org.apache.kafka#kafka-clients;3.9.0 from central in [default]
[2026-04-12T04:37:28.864+0000] {subprocess.py:106} INFO - 	org.apache.spark#spark-sql-kafka-0-10_2.13;4.0.0 from central in [default]
[2026-04-12T04:37:28.864+0000] {subprocess.py:106} INFO - 	org.apache.spark#spark-token-provider-kafka-0-10_2.13;4.0.0 from central in [default]
[2026-04-12T04:37:28.865+0000] {subprocess.py:106} INFO - 	org.lz4#lz4-java;1.8.0 from central in [default]
[2026-04-12T04:37:28.865+0000] {subprocess.py:106} INFO - 	org.scala-lang.modules#scala-parallel-collections_2.13;1.2.0 from central in [default]
[2026-04-12T04:37:28.866+0000] {subprocess.py:106} INFO - 	org.slf4j#slf4j-api;2.0.16 from central in [default]
[2026-04-12T04:37:28.867+0000] {subprocess.py:106} INFO - 	org.xerial.snappy#snappy-java;1.1.10.7 from central in [default]
[2026-04-12T04:37:28.867+0000] {subprocess.py:106} INFO - 	---------------------------------------------------------------------
[2026-04-12T04:37:28.868+0000] {subprocess.py:106} INFO - 	|                  |            modules            ||   artifacts   |
[2026-04-12T04:37:28.868+0000] {subprocess.py:106} INFO - 	|       conf       | number| search|dwnlded|evicted|| number|dwnlded|
[2026-04-12T04:37:28.869+0000] {subprocess.py:106} INFO - 	---------------------------------------------------------------------
[2026-04-12T04:37:28.870+0000] {subprocess.py:106} INFO - 	|      default     |   12  |   0   |   0   |   0   ||   12  |   0   |
[2026-04-12T04:37:28.870+0000] {subprocess.py:106} INFO - 	---------------------------------------------------------------------
[2026-04-12T04:37:28.874+0000] {subprocess.py:106} INFO - :: retrieving :: org.apache.spark#spark-submit-parent-d0edd17d-c920-4d35-b153-09a10585a4d2
[2026-04-12T04:37:28.875+0000] {subprocess.py:106} INFO - 	confs: [default]
[2026-04-12T04:37:28.886+0000] {subprocess.py:106} INFO - 	0 artifacts copied, 12 already retrieved (0kB/12ms)
[2026-04-12T04:37:29.249+0000] {subprocess.py:106} INFO - 26/04/12 04:37:29 WARN NativeCodeLoader: Unable to load native-hadoop library for your platform... using builtin-java classes where applicable
[2026-04-12T04:37:29.095+0000] {subprocess.py:106} INFO - Using Spark's default log4j profile: org/apache/spark/log4j2-defaults.properties
[2026-04-12T04:37:29.105+0000] {subprocess.py:106} INFO - 26/04/12 04:37:29 INFO SparkContext: Running Spark version 4.0.2
[2026-04-12T04:37:29.108+0000] {subprocess.py:106} INFO - 26/04/12 04:37:29 INFO SparkContext: OS info Linux, 6.6.87.2-microsoft-standard-WSL2, amd64
[2026-04-12T04:37:29.109+0000] {subprocess.py:106} INFO - 26/04/12 04:37:29 INFO SparkContext: Java version 21.0.10
[2026-04-12T04:37:29.145+0000] {subprocess.py:106} INFO - 26/04/12 04:37:29 INFO ResourceUtils: ==============================================================
[2026-04-12T04:37:29.147+0000] {subprocess.py:106} INFO - 26/04/12 04:37:29 INFO ResourceUtils: No custom resources configured for spark.driver.
[2026-04-12T04:37:29.149+0000] {subprocess.py:106} INFO - 26/04/12 04:37:29 INFO ResourceUtils: ==============================================================
[2026-04-12T04:37:29.150+0000] {subprocess.py:106} INFO - 26/04/12 04:37:29 INFO SparkContext: Submitted application: Weather_Kafka_to_Iceberg
[2026-04-12T04:37:29.199+0000] {subprocess.py:106} INFO - 26/04/12 04:37:29 INFO ResourceProfile: Default ResourceProfile created, executor resources: Map(cores -> name: cores, amount: 2, script: , vendor: , memory -> name: memory, amount: 2048, script: , vendor: , offHeap -> name: offHeap, amount: 0, script: , vendor: ), task resources: Map(cpus -> name: cpus, amount: 1.0)
[2026-04-12T04:37:29.211+0000] {subprocess.py:106} INFO - 26/04/12 04:37:29 INFO ResourceProfile: Limiting resource is cpus at 2 tasks per executor
[2026-04-12T04:37:29.215+0000] {subprocess.py:106} INFO - 26/04/12 04:37:29 INFO ResourceProfileManager: Added ResourceProfile id: 0
[2026-04-12T04:37:29.301+0000] {subprocess.py:106} INFO - 26/04/12 04:37:29 INFO SecurityManager: Changing view acls to: spark
[2026-04-12T04:37:29.303+0000] {subprocess.py:106} INFO - 26/04/12 04:37:29 INFO SecurityManager: Changing modify acls to: spark
[2026-04-12T04:37:29.303+0000] {subprocess.py:106} INFO - 26/04/12 04:37:29 INFO SecurityManager: Changing view acls groups to: spark
[2026-04-12T04:37:29.304+0000] {subprocess.py:106} INFO - 26/04/12 04:37:29 INFO SecurityManager: Changing modify acls groups to: spark
[2026-04-12T04:37:29.310+0000] {subprocess.py:106} INFO - 26/04/12 04:37:29 INFO SecurityManager: SecurityManager: authentication disabled; ui acls disabled; users with view permissions: spark groups with view permissions: EMPTY; users with modify permissions: spark; groups with modify permissions: EMPTY; RPC SSL disabled
[2026-04-12T04:37:29.649+0000] {subprocess.py:106} INFO - 26/04/12 04:37:29 INFO Utils: Successfully started service 'sparkDriver' on port 44253.
[2026-04-12T04:37:29.677+0000] {subprocess.py:106} INFO - 26/04/12 04:37:29 INFO SparkEnv: Registering MapOutputTracker
[2026-04-12T04:37:29.690+0000] {subprocess.py:106} INFO - 26/04/12 04:37:29 INFO SparkEnv: Registering BlockManagerMaster
[2026-04-12T04:37:29.705+0000] {subprocess.py:106} INFO - 26/04/12 04:37:29 INFO BlockManagerMasterEndpoint: Using org.apache.spark.storage.DefaultTopologyMapper for getting topology information
[2026-04-12T04:37:29.706+0000] {subprocess.py:106} INFO - 26/04/12 04:37:29 INFO BlockManagerMasterEndpoint: BlockManagerMasterEndpoint up
[2026-04-12T04:37:29.709+0000] {subprocess.py:106} INFO - 26/04/12 04:37:29 INFO SparkEnv: Registering BlockManagerMasterHeartbeat
[2026-04-12T04:37:29.738+0000] {subprocess.py:106} INFO - 26/04/12 04:37:29 INFO DiskBlockManager: Created local directory at /tmp/blockmgr-418d8c04-788a-499d-a5a6-675bff44dda9
[2026-04-12T04:37:29.767+0000] {subprocess.py:106} INFO - 26/04/12 04:37:29 INFO SparkEnv: Registering OutputCommitCoordinator
[2026-04-12T04:37:29.917+0000] {subprocess.py:106} INFO - 26/04/12 04:37:29 INFO JettyUtils: Start Jetty 0.0.0.0:4040 for SparkUI
[2026-04-12T04:37:30.005+0000] {subprocess.py:106} INFO - 26/04/12 04:37:30 INFO Utils: Successfully started service 'SparkUI' on port 4040.
[2026-04-12T04:37:30.056+0000] {subprocess.py:106} INFO - 26/04/12 04:37:30 INFO SparkContext: Added JAR file:///home/spark/.ivy2.5.2/jars/org.apache.spark_spark-sql-kafka-0-10_2.13-4.0.0.jar at spark://spark-master:44253/jars/org.apache.spark_spark-sql-kafka-0-10_2.13-4.0.0.jar with timestamp 1775968649083
[2026-04-12T04:37:30.056+0000] {subprocess.py:106} INFO - 26/04/12 04:37:30 INFO SparkContext: Added JAR file:///home/spark/.ivy2.5.2/jars/org.apache.iceberg_iceberg-spark-runtime-4.0_2.13-1.10.1.jar at spark://spark-master:44253/jars/org.apache.iceberg_iceberg-spark-runtime-4.0_2.13-1.10.1.jar with timestamp 1775968649083
[2026-04-12T04:37:30.057+0000] {subprocess.py:106} INFO - 26/04/12 04:37:30 INFO SparkContext: Added JAR file:///home/spark/.ivy2.5.2/jars/org.apache.spark_spark-token-provider-kafka-0-10_2.13-4.0.0.jar at spark://spark-master:44253/jars/org.apache.spark_spark-token-provider-kafka-0-10_2.13-4.0.0.jar with timestamp 1775968649083
[2026-04-12T04:37:30.057+0000] {subprocess.py:106} INFO - 26/04/12 04:37:30 INFO SparkContext: Added JAR file:///home/spark/.ivy2.5.2/jars/org.scala-lang.modules_scala-parallel-collections_2.13-1.2.0.jar at spark://spark-master:44253/jars/org.scala-lang.modules_scala-parallel-collections_2.13-1.2.0.jar with timestamp 1775968649083
[2026-04-12T04:37:30.058+0000] {subprocess.py:106} INFO - 26/04/12 04:37:30 INFO SparkContext: Added JAR file:///home/spark/.ivy2.5.2/jars/org.apache.kafka_kafka-clients-3.9.0.jar at spark://spark-master:44253/jars/org.apache.kafka_kafka-clients-3.9.0.jar with timestamp 1775968649083
[2026-04-12T04:37:30.058+0000] {subprocess.py:106} INFO - 26/04/12 04:37:30 INFO SparkContext: Added JAR file:///home/spark/.ivy2.5.2/jars/com.google.code.findbugs_jsr305-3.0.0.jar at spark://spark-master:44253/jars/com.google.code.findbugs_jsr305-3.0.0.jar with timestamp 1775968649083
[2026-04-12T04:37:30.059+0000] {subprocess.py:106} INFO - 26/04/12 04:37:30 INFO SparkContext: Added JAR file:///home/spark/.ivy2.5.2/jars/org.apache.commons_commons-pool2-2.12.0.jar at spark://spark-master:44253/jars/org.apache.commons_commons-pool2-2.12.0.jar with timestamp 1775968649083
[2026-04-12T04:37:30.059+0000] {subprocess.py:106} INFO - 26/04/12 04:37:30 INFO SparkContext: Added JAR file:///home/spark/.ivy2.5.2/jars/org.apache.hadoop_hadoop-client-runtime-3.4.1.jar at spark://spark-master:44253/jars/org.apache.hadoop_hadoop-client-runtime-3.4.1.jar with timestamp 1775968649083
[2026-04-12T04:37:30.060+0000] {subprocess.py:106} INFO - 26/04/12 04:37:30 INFO SparkContext: Added JAR file:///home/spark/.ivy2.5.2/jars/org.lz4_lz4-java-1.8.0.jar at spark://spark-master:44253/jars/org.lz4_lz4-java-1.8.0.jar with timestamp 1775968649083
[2026-04-12T04:37:30.060+0000] {subprocess.py:106} INFO - 26/04/12 04:37:30 INFO SparkContext: Added JAR file:///home/spark/.ivy2.5.2/jars/org.xerial.snappy_snappy-java-1.1.10.7.jar at spark://spark-master:44253/jars/org.xerial.snappy_snappy-java-1.1.10.7.jar with timestamp 1775968649083
[2026-04-12T04:37:30.061+0000] {subprocess.py:106} INFO - 26/04/12 04:37:30 INFO SparkContext: Added JAR file:///home/spark/.ivy2.5.2/jars/org.slf4j_slf4j-api-2.0.16.jar at spark://spark-master:44253/jars/org.slf4j_slf4j-api-2.0.16.jar with timestamp 1775968649083
[2026-04-12T04:37:30.061+0000] {subprocess.py:106} INFO - 26/04/12 04:37:30 INFO SparkContext: Added JAR file:///home/spark/.ivy2.5.2/jars/org.apache.hadoop_hadoop-client-api-3.4.1.jar at spark://spark-master:44253/jars/org.apache.hadoop_hadoop-client-api-3.4.1.jar with timestamp 1775968649083
[2026-04-12T04:37:30.067+0000] {subprocess.py:106} INFO - 26/04/12 04:37:30 INFO SparkContext: Added file file:///home/spark/.ivy2.5.2/jars/org.apache.spark_spark-sql-kafka-0-10_2.13-4.0.0.jar at file:///home/spark/.ivy2.5.2/jars/org.apache.spark_spark-sql-kafka-0-10_2.13-4.0.0.jar with timestamp 1775968649083
[2026-04-12T04:37:30.070+0000] {subprocess.py:106} INFO - 26/04/12 04:37:30 INFO Utils: Copying /home/spark/.ivy2.5.2/jars/org.apache.spark_spark-sql-kafka-0-10_2.13-4.0.0.jar to /tmp/spark-51b56e5d-ce8d-4011-8385-7aee6bed8c72/userFiles-8c8b4357-828d-4693-a846-7bdbf8f79462/org.apache.spark_spark-sql-kafka-0-10_2.13-4.0.0.jar
[2026-04-12T04:37:30.082+0000] {subprocess.py:106} INFO - 26/04/12 04:37:30 INFO SparkContext: Added file file:///home/spark/.ivy2.5.2/jars/org.apache.iceberg_iceberg-spark-runtime-4.0_2.13-1.10.1.jar at file:///home/spark/.ivy2.5.2/jars/org.apache.iceberg_iceberg-spark-runtime-4.0_2.13-1.10.1.jar with timestamp 1775968649083
[2026-04-12T04:37:30.082+0000] {subprocess.py:106} INFO - 26/04/12 04:37:30 INFO Utils: Copying /home/spark/.ivy2.5.2/jars/org.apache.iceberg_iceberg-spark-runtime-4.0_2.13-1.10.1.jar to /tmp/spark-51b56e5d-ce8d-4011-8385-7aee6bed8c72/userFiles-8c8b4357-828d-4693-a846-7bdbf8f79462/org.apache.iceberg_iceberg-spark-runtime-4.0_2.13-1.10.1.jar
[2026-04-12T04:37:30.115+0000] {subprocess.py:106} INFO - 26/04/12 04:37:30 INFO SparkContext: Added file file:///home/spark/.ivy2.5.2/jars/org.apache.spark_spark-token-provider-kafka-0-10_2.13-4.0.0.jar at file:///home/spark/.ivy2.5.2/jars/org.apache.spark_spark-token-provider-kafka-0-10_2.13-4.0.0.jar with timestamp 1775968649083
[2026-04-12T04:37:30.116+0000] {subprocess.py:106} INFO - 26/04/12 04:37:30 INFO Utils: Copying /home/spark/.ivy2.5.2/jars/org.apache.spark_spark-token-provider-kafka-0-10_2.13-4.0.0.jar to /tmp/spark-51b56e5d-ce8d-4011-8385-7aee6bed8c72/userFiles-8c8b4357-828d-4693-a846-7bdbf8f79462/org.apache.spark_spark-token-provider-kafka-0-10_2.13-4.0.0.jar
[2026-04-12T04:37:30.120+0000] {subprocess.py:106} INFO - 26/04/12 04:37:30 INFO SparkContext: Added file file:///home/spark/.ivy2.5.2/jars/org.scala-lang.modules_scala-parallel-collections_2.13-1.2.0.jar at file:///home/spark/.ivy2.5.2/jars/org.scala-lang.modules_scala-parallel-collections_2.13-1.2.0.jar with timestamp 1775968649083
[2026-04-12T04:37:30.121+0000] {subprocess.py:106} INFO - 26/04/12 04:37:30 INFO Utils: Copying /home/spark/.ivy2.5.2/jars/org.scala-lang.modules_scala-parallel-collections_2.13-1.2.0.jar to /tmp/spark-51b56e5d-ce8d-4011-8385-7aee6bed8c72/userFiles-8c8b4357-828d-4693-a846-7bdbf8f79462/org.scala-lang.modules_scala-parallel-collections_2.13-1.2.0.jar
[2026-04-12T04:37:30.126+0000] {subprocess.py:106} INFO - 26/04/12 04:37:30 INFO SparkContext: Added file file:///home/spark/.ivy2.5.2/jars/org.apache.kafka_kafka-clients-3.9.0.jar at file:///home/spark/.ivy2.5.2/jars/org.apache.kafka_kafka-clients-3.9.0.jar with timestamp 1775968649083
[2026-04-12T04:37:30.126+0000] {subprocess.py:106} INFO - 26/04/12 04:37:30 INFO Utils: Copying /home/spark/.ivy2.5.2/jars/org.apache.kafka_kafka-clients-3.9.0.jar to /tmp/spark-51b56e5d-ce8d-4011-8385-7aee6bed8c72/userFiles-8c8b4357-828d-4693-a846-7bdbf8f79462/org.apache.kafka_kafka-clients-3.9.0.jar
[2026-04-12T04:37:30.136+0000] {subprocess.py:106} INFO - 26/04/12 04:37:30 INFO SparkContext: Added file file:///home/spark/.ivy2.5.2/jars/com.google.code.findbugs_jsr305-3.0.0.jar at file:///home/spark/.ivy2.5.2/jars/com.google.code.findbugs_jsr305-3.0.0.jar with timestamp 1775968649083
[2026-04-12T04:37:30.136+0000] {subprocess.py:106} INFO - 26/04/12 04:37:30 INFO Utils: Copying /home/spark/.ivy2.5.2/jars/com.google.code.findbugs_jsr305-3.0.0.jar to /tmp/spark-51b56e5d-ce8d-4011-8385-7aee6bed8c72/userFiles-8c8b4357-828d-4693-a846-7bdbf8f79462/com.google.code.findbugs_jsr305-3.0.0.jar
[2026-04-12T04:37:30.140+0000] {subprocess.py:106} INFO - 26/04/12 04:37:30 INFO SparkContext: Added file file:///home/spark/.ivy2.5.2/jars/org.apache.commons_commons-pool2-2.12.0.jar at file:///home/spark/.ivy2.5.2/jars/org.apache.commons_commons-pool2-2.12.0.jar with timestamp 1775968649083
[2026-04-12T04:37:30.142+0000] {subprocess.py:106} INFO - 26/04/12 04:37:30 INFO Utils: Copying /home/spark/.ivy2.5.2/jars/org.apache.commons_commons-pool2-2.12.0.jar to /tmp/spark-51b56e5d-ce8d-4011-8385-7aee6bed8c72/userFiles-8c8b4357-828d-4693-a846-7bdbf8f79462/org.apache.commons_commons-pool2-2.12.0.jar
[2026-04-12T04:37:30.145+0000] {subprocess.py:106} INFO - 26/04/12 04:37:30 INFO SparkContext: Added file file:///home/spark/.ivy2.5.2/jars/org.apache.hadoop_hadoop-client-runtime-3.4.1.jar at file:///home/spark/.ivy2.5.2/jars/org.apache.hadoop_hadoop-client-runtime-3.4.1.jar with timestamp 1775968649083
[2026-04-12T04:37:30.145+0000] {subprocess.py:106} INFO - 26/04/12 04:37:30 INFO Utils: Copying /home/spark/.ivy2.5.2/jars/org.apache.hadoop_hadoop-client-runtime-3.4.1.jar to /tmp/spark-51b56e5d-ce8d-4011-8385-7aee6bed8c72/userFiles-8c8b4357-828d-4693-a846-7bdbf8f79462/org.apache.hadoop_hadoop-client-runtime-3.4.1.jar
[2026-04-12T04:37:30.169+0000] {subprocess.py:106} INFO - 26/04/12 04:37:30 INFO SparkContext: Added file file:///home/spark/.ivy2.5.2/jars/org.lz4_lz4-java-1.8.0.jar at file:///home/spark/.ivy2.5.2/jars/org.lz4_lz4-java-1.8.0.jar with timestamp 1775968649083
[2026-04-12T04:37:30.170+0000] {subprocess.py:106} INFO - 26/04/12 04:37:30 INFO Utils: Copying /home/spark/.ivy2.5.2/jars/org.lz4_lz4-java-1.8.0.jar to /tmp/spark-51b56e5d-ce8d-4011-8385-7aee6bed8c72/userFiles-8c8b4357-828d-4693-a846-7bdbf8f79462/org.lz4_lz4-java-1.8.0.jar
[2026-04-12T04:37:30.174+0000] {subprocess.py:106} INFO - 26/04/12 04:37:30 INFO SparkContext: Added file file:///home/spark/.ivy2.5.2/jars/org.xerial.snappy_snappy-java-1.1.10.7.jar at file:///home/spark/.ivy2.5.2/jars/org.xerial.snappy_snappy-java-1.1.10.7.jar with timestamp 1775968649083
[2026-04-12T04:37:30.175+0000] {subprocess.py:106} INFO - 26/04/12 04:37:30 INFO Utils: Copying /home/spark/.ivy2.5.2/jars/org.xerial.snappy_snappy-java-1.1.10.7.jar to /tmp/spark-51b56e5d-ce8d-4011-8385-7aee6bed8c72/userFiles-8c8b4357-828d-4693-a846-7bdbf8f79462/org.xerial.snappy_snappy-java-1.1.10.7.jar
[2026-04-12T04:37:30.181+0000] {subprocess.py:106} INFO - 26/04/12 04:37:30 INFO SparkContext: Added file file:///home/spark/.ivy2.5.2/jars/org.slf4j_slf4j-api-2.0.16.jar at file:///home/spark/.ivy2.5.2/jars/org.slf4j_slf4j-api-2.0.16.jar with timestamp 1775968649083
[2026-04-12T04:37:30.182+0000] {subprocess.py:106} INFO - 26/04/12 04:37:30 INFO Utils: Copying /home/spark/.ivy2.5.2/jars/org.slf4j_slf4j-api-2.0.16.jar to /tmp/spark-51b56e5d-ce8d-4011-8385-7aee6bed8c72/userFiles-8c8b4357-828d-4693-a846-7bdbf8f79462/org.slf4j_slf4j-api-2.0.16.jar
[2026-04-12T04:37:30.186+0000] {subprocess.py:106} INFO - 26/04/12 04:37:30 INFO SparkContext: Added file file:///home/spark/.ivy2.5.2/jars/org.apache.hadoop_hadoop-client-api-3.4.1.jar at file:///home/spark/.ivy2.5.2/jars/org.apache.hadoop_hadoop-client-api-3.4.1.jar with timestamp 1775968649083
[2026-04-12T04:37:30.187+0000] {subprocess.py:106} INFO - 26/04/12 04:37:30 INFO Utils: Copying /home/spark/.ivy2.5.2/jars/org.apache.hadoop_hadoop-client-api-3.4.1.jar to /tmp/spark-51b56e5d-ce8d-4011-8385-7aee6bed8c72/userFiles-8c8b4357-828d-4693-a846-7bdbf8f79462/org.apache.hadoop_hadoop-client-api-3.4.1.jar
[2026-04-12T04:37:30.225+0000] {subprocess.py:106} INFO - 26/04/12 04:37:30 INFO SecurityManager: Changing view acls to: spark
[2026-04-12T04:37:30.226+0000] {subprocess.py:106} INFO - 26/04/12 04:37:30 INFO SecurityManager: Changing modify acls to: spark
[2026-04-12T04:37:30.226+0000] {subprocess.py:106} INFO - 26/04/12 04:37:30 INFO SecurityManager: Changing view acls groups to: spark
[2026-04-12T04:37:30.227+0000] {subprocess.py:106} INFO - 26/04/12 04:37:30 INFO SecurityManager: Changing modify acls groups to: spark
[2026-04-12T04:37:30.228+0000] {subprocess.py:106} INFO - 26/04/12 04:37:30 INFO SecurityManager: SecurityManager: authentication disabled; ui acls disabled; users with view permissions: spark groups with view permissions: EMPTY; users with modify permissions: spark; groups with modify permissions: EMPTY; RPC SSL disabled
[2026-04-12T04:37:30.477+0000] {subprocess.py:106} INFO - 26/04/12 04:37:30 INFO Executor: Starting executor ID driver on host spark-master
[2026-04-12T04:37:30.478+0000] {subprocess.py:106} INFO - 26/04/12 04:37:30 INFO Executor: OS info Linux, 6.6.87.2-microsoft-standard-WSL2, amd64
[2026-04-12T04:37:30.479+0000] {subprocess.py:106} INFO - 26/04/12 04:37:30 INFO Executor: Java version 21.0.10
[2026-04-12T04:37:30.497+0000] {subprocess.py:106} INFO - 26/04/12 04:37:30 INFO Executor: Starting executor with user classpath (userClassPathFirst = false): ''
[2026-04-12T04:37:30.499+0000] {subprocess.py:106} INFO - 26/04/12 04:37:30 INFO Executor: Created or updated repl class loader org.apache.spark.util.MutableURLClassLoader@78b574c7 for default.
[2026-04-12T04:37:30.520+0000] {subprocess.py:106} INFO - 26/04/12 04:37:30 INFO Executor: Fetching file:///home/spark/.ivy2.5.2/jars/org.lz4_lz4-java-1.8.0.jar with timestamp 1775968649083
[2026-04-12T04:37:30.550+0000] {subprocess.py:106} INFO - 26/04/12 04:37:30 INFO Utils: /home/spark/.ivy2.5.2/jars/org.lz4_lz4-java-1.8.0.jar has been previously copied to /tmp/spark-51b56e5d-ce8d-4011-8385-7aee6bed8c72/userFiles-8c8b4357-828d-4693-a846-7bdbf8f79462/org.lz4_lz4-java-1.8.0.jar
[2026-04-12T04:37:30.555+0000] {subprocess.py:106} INFO - 26/04/12 04:37:30 INFO Executor: Fetching file:///home/spark/.ivy2.5.2/jars/org.scala-lang.modules_scala-parallel-collections_2.13-1.2.0.jar with timestamp 1775968649083
[2026-04-12T04:37:30.557+0000] {subprocess.py:106} INFO - 26/04/12 04:37:30 INFO Utils: /home/spark/.ivy2.5.2/jars/org.scala-lang.modules_scala-parallel-collections_2.13-1.2.0.jar has been previously copied to /tmp/spark-51b56e5d-ce8d-4011-8385-7aee6bed8c72/userFiles-8c8b4357-828d-4693-a846-7bdbf8f79462/org.scala-lang.modules_scala-parallel-collections_2.13-1.2.0.jar
[2026-04-12T04:37:30.561+0000] {subprocess.py:106} INFO - 26/04/12 04:37:30 INFO Executor: Fetching file:///home/spark/.ivy2.5.2/jars/org.apache.kafka_kafka-clients-3.9.0.jar with timestamp 1775968649083
[2026-04-12T04:37:30.566+0000] {subprocess.py:106} INFO - 26/04/12 04:37:30 INFO Utils: /home/spark/.ivy2.5.2/jars/org.apache.kafka_kafka-clients-3.9.0.jar has been previously copied to /tmp/spark-51b56e5d-ce8d-4011-8385-7aee6bed8c72/userFiles-8c8b4357-828d-4693-a846-7bdbf8f79462/org.apache.kafka_kafka-clients-3.9.0.jar
[2026-04-12T04:37:30.570+0000] {subprocess.py:106} INFO - 26/04/12 04:37:30 INFO Executor: Fetching file:///home/spark/.ivy2.5.2/jars/org.apache.spark_spark-sql-kafka-0-10_2.13-4.0.0.jar with timestamp 1775968649083
[2026-04-12T04:37:30.571+0000] {subprocess.py:106} INFO - 26/04/12 04:37:30 INFO Utils: /home/spark/.ivy2.5.2/jars/org.apache.spark_spark-sql-kafka-0-10_2.13-4.0.0.jar has been previously copied to /tmp/spark-51b56e5d-ce8d-4011-8385-7aee6bed8c72/userFiles-8c8b4357-828d-4693-a846-7bdbf8f79462/org.apache.spark_spark-sql-kafka-0-10_2.13-4.0.0.jar
[2026-04-12T04:37:30.576+0000] {subprocess.py:106} INFO - 26/04/12 04:37:30 INFO Executor: Fetching file:///home/spark/.ivy2.5.2/jars/org.apache.hadoop_hadoop-client-api-3.4.1.jar with timestamp 1775968649083
[2026-04-12T04:37:30.587+0000] {subprocess.py:106} INFO - 26/04/12 04:37:30 INFO Utils: /home/spark/.ivy2.5.2/jars/org.apache.hadoop_hadoop-client-api-3.4.1.jar has been previously copied to /tmp/spark-51b56e5d-ce8d-4011-8385-7aee6bed8c72/userFiles-8c8b4357-828d-4693-a846-7bdbf8f79462/org.apache.hadoop_hadoop-client-api-3.4.1.jar
[2026-04-12T04:37:30.591+0000] {subprocess.py:106} INFO - 26/04/12 04:37:30 INFO Executor: Fetching file:///home/spark/.ivy2.5.2/jars/org.apache.commons_commons-pool2-2.12.0.jar with timestamp 1775968649083
[2026-04-12T04:37:30.592+0000] {subprocess.py:106} INFO - 26/04/12 04:37:30 INFO Utils: /home/spark/.ivy2.5.2/jars/org.apache.commons_commons-pool2-2.12.0.jar has been previously copied to /tmp/spark-51b56e5d-ce8d-4011-8385-7aee6bed8c72/userFiles-8c8b4357-828d-4693-a846-7bdbf8f79462/org.apache.commons_commons-pool2-2.12.0.jar
[2026-04-12T04:37:30.596+0000] {subprocess.py:106} INFO - 26/04/12 04:37:30 INFO Executor: Fetching file:///home/spark/.ivy2.5.2/jars/org.slf4j_slf4j-api-2.0.16.jar with timestamp 1775968649083
[2026-04-12T04:37:30.596+0000] {subprocess.py:106} INFO - 26/04/12 04:37:30 INFO Utils: /home/spark/.ivy2.5.2/jars/org.slf4j_slf4j-api-2.0.16.jar has been previously copied to /tmp/spark-51b56e5d-ce8d-4011-8385-7aee6bed8c72/userFiles-8c8b4357-828d-4693-a846-7bdbf8f79462/org.slf4j_slf4j-api-2.0.16.jar
[2026-04-12T04:37:30.600+0000] {subprocess.py:106} INFO - 26/04/12 04:37:30 INFO Executor: Fetching file:///home/spark/.ivy2.5.2/jars/org.apache.iceberg_iceberg-spark-runtime-4.0_2.13-1.10.1.jar with timestamp 1775968649083
[2026-04-12T04:37:30.628+0000] {subprocess.py:106} INFO - 26/04/12 04:37:30 INFO Utils: /home/spark/.ivy2.5.2/jars/org.apache.iceberg_iceberg-spark-runtime-4.0_2.13-1.10.1.jar has been previously copied to /tmp/spark-51b56e5d-ce8d-4011-8385-7aee6bed8c72/userFiles-8c8b4357-828d-4693-a846-7bdbf8f79462/org.apache.iceberg_iceberg-spark-runtime-4.0_2.13-1.10.1.jar
[2026-04-12T04:37:30.632+0000] {subprocess.py:106} INFO - 26/04/12 04:37:30 INFO Executor: Fetching file:///home/spark/.ivy2.5.2/jars/org.apache.hadoop_hadoop-client-runtime-3.4.1.jar with timestamp 1775968649083
[2026-04-12T04:37:30.649+0000] {subprocess.py:106} INFO - 26/04/12 04:37:30 INFO Utils: /home/spark/.ivy2.5.2/jars/org.apache.hadoop_hadoop-client-runtime-3.4.1.jar has been previously copied to /tmp/spark-51b56e5d-ce8d-4011-8385-7aee6bed8c72/userFiles-8c8b4357-828d-4693-a846-7bdbf8f79462/org.apache.hadoop_hadoop-client-runtime-3.4.1.jar
[2026-04-12T04:37:30.653+0000] {subprocess.py:106} INFO - 26/04/12 04:37:30 INFO Executor: Fetching file:///home/spark/.ivy2.5.2/jars/org.apache.spark_spark-token-provider-kafka-0-10_2.13-4.0.0.jar with timestamp 1775968649083
[2026-04-12T04:37:30.654+0000] {subprocess.py:106} INFO - 26/04/12 04:37:30 INFO Utils: /home/spark/.ivy2.5.2/jars/org.apache.spark_spark-token-provider-kafka-0-10_2.13-4.0.0.jar has been previously copied to /tmp/spark-51b56e5d-ce8d-4011-8385-7aee6bed8c72/userFiles-8c8b4357-828d-4693-a846-7bdbf8f79462/org.apache.spark_spark-token-provider-kafka-0-10_2.13-4.0.0.jar
[2026-04-12T04:37:30.658+0000] {subprocess.py:106} INFO - 26/04/12 04:37:30 INFO Executor: Fetching file:///home/spark/.ivy2.5.2/jars/com.google.code.findbugs_jsr305-3.0.0.jar with timestamp 1775968649083
[2026-04-12T04:37:30.658+0000] {subprocess.py:106} INFO - 26/04/12 04:37:30 INFO Utils: /home/spark/.ivy2.5.2/jars/com.google.code.findbugs_jsr305-3.0.0.jar has been previously copied to /tmp/spark-51b56e5d-ce8d-4011-8385-7aee6bed8c72/userFiles-8c8b4357-828d-4693-a846-7bdbf8f79462/com.google.code.findbugs_jsr305-3.0.0.jar
[2026-04-12T04:37:30.663+0000] {subprocess.py:106} INFO - 26/04/12 04:37:30 INFO Executor: Fetching file:///home/spark/.ivy2.5.2/jars/org.xerial.snappy_snappy-java-1.1.10.7.jar with timestamp 1775968649083
[2026-04-12T04:37:30.664+0000] {subprocess.py:106} INFO - 26/04/12 04:37:30 INFO Utils: /home/spark/.ivy2.5.2/jars/org.xerial.snappy_snappy-java-1.1.10.7.jar has been previously copied to /tmp/spark-51b56e5d-ce8d-4011-8385-7aee6bed8c72/userFiles-8c8b4357-828d-4693-a846-7bdbf8f79462/org.xerial.snappy_snappy-java-1.1.10.7.jar
[2026-04-12T04:37:30.672+0000] {subprocess.py:106} INFO - 26/04/12 04:37:30 INFO Executor: Fetching spark://spark-master:44253/jars/org.apache.spark_spark-token-provider-kafka-0-10_2.13-4.0.0.jar with timestamp 1775968649083
[2026-04-12T04:37:30.715+0000] {subprocess.py:106} INFO - 26/04/12 04:37:30 INFO TransportClientFactory: Successfully created connection to spark-master/172.20.0.5:44253 after 28 ms (0 ms spent in bootstraps)
[2026-04-12T04:37:30.725+0000] {subprocess.py:106} INFO - 26/04/12 04:37:30 INFO Utils: Fetching spark://spark-master:44253/jars/org.apache.spark_spark-token-provider-kafka-0-10_2.13-4.0.0.jar to /tmp/spark-51b56e5d-ce8d-4011-8385-7aee6bed8c72/userFiles-8c8b4357-828d-4693-a846-7bdbf8f79462/fetchFileTemp5463952647791348614.tmp
[2026-04-12T04:37:30.749+0000] {subprocess.py:106} INFO - 26/04/12 04:37:30 INFO Utils: /tmp/spark-51b56e5d-ce8d-4011-8385-7aee6bed8c72/userFiles-8c8b4357-828d-4693-a846-7bdbf8f79462/fetchFileTemp5463952647791348614.tmp has been previously copied to /tmp/spark-51b56e5d-ce8d-4011-8385-7aee6bed8c72/userFiles-8c8b4357-828d-4693-a846-7bdbf8f79462/org.apache.spark_spark-token-provider-kafka-0-10_2.13-4.0.0.jar
[2026-04-12T04:37:30.755+0000] {subprocess.py:106} INFO - 26/04/12 04:37:30 INFO Executor: Adding file:/tmp/spark-51b56e5d-ce8d-4011-8385-7aee6bed8c72/userFiles-8c8b4357-828d-4693-a846-7bdbf8f79462/org.apache.spark_spark-token-provider-kafka-0-10_2.13-4.0.0.jar to class loader default
[2026-04-12T04:37:30.756+0000] {subprocess.py:106} INFO - 26/04/12 04:37:30 INFO Executor: Fetching spark://spark-master:44253/jars/org.xerial.snappy_snappy-java-1.1.10.7.jar with timestamp 1775968649083
[2026-04-12T04:37:30.758+0000] {subprocess.py:106} INFO - 26/04/12 04:37:30 INFO Utils: Fetching spark://spark-master:44253/jars/org.xerial.snappy_snappy-java-1.1.10.7.jar to /tmp/spark-51b56e5d-ce8d-4011-8385-7aee6bed8c72/userFiles-8c8b4357-828d-4693-a846-7bdbf8f79462/fetchFileTemp2733692039669843792.tmp
[2026-04-12T04:37:30.775+0000] {subprocess.py:106} INFO - 26/04/12 04:37:30 INFO Utils: /tmp/spark-51b56e5d-ce8d-4011-8385-7aee6bed8c72/userFiles-8c8b4357-828d-4693-a846-7bdbf8f79462/fetchFileTemp2733692039669843792.tmp has been previously copied to /tmp/spark-51b56e5d-ce8d-4011-8385-7aee6bed8c72/userFiles-8c8b4357-828d-4693-a846-7bdbf8f79462/org.xerial.snappy_snappy-java-1.1.10.7.jar
[2026-04-12T04:37:30.793+0000] {subprocess.py:106} INFO - 26/04/12 04:37:30 INFO Executor: Adding file:/tmp/spark-51b56e5d-ce8d-4011-8385-7aee6bed8c72/userFiles-8c8b4357-828d-4693-a846-7bdbf8f79462/org.xerial.snappy_snappy-java-1.1.10.7.jar to class loader default
[2026-04-12T04:37:30.794+0000] {subprocess.py:106} INFO - 26/04/12 04:37:30 INFO Executor: Fetching spark://spark-master:44253/jars/org.apache.commons_commons-pool2-2.12.0.jar with timestamp 1775968649083
[2026-04-12T04:37:30.794+0000] {subprocess.py:106} INFO - 26/04/12 04:37:30 INFO Utils: Fetching spark://spark-master:44253/jars/org.apache.commons_commons-pool2-2.12.0.jar to /tmp/spark-51b56e5d-ce8d-4011-8385-7aee6bed8c72/userFiles-8c8b4357-828d-4693-a846-7bdbf8f79462/fetchFileTemp3308627262244108278.tmp
[2026-04-12T04:37:30.797+0000] {subprocess.py:106} INFO - 26/04/12 04:37:30 INFO Utils: /tmp/spark-51b56e5d-ce8d-4011-8385-7aee6bed8c72/userFiles-8c8b4357-828d-4693-a846-7bdbf8f79462/fetchFileTemp3308627262244108278.tmp has been previously copied to /tmp/spark-51b56e5d-ce8d-4011-8385-7aee6bed8c72/userFiles-8c8b4357-828d-4693-a846-7bdbf8f79462/org.apache.commons_commons-pool2-2.12.0.jar
[2026-04-12T04:37:30.802+0000] {subprocess.py:106} INFO - 26/04/12 04:37:30 INFO Executor: Adding file:/tmp/spark-51b56e5d-ce8d-4011-8385-7aee6bed8c72/userFiles-8c8b4357-828d-4693-a846-7bdbf8f79462/org.apache.commons_commons-pool2-2.12.0.jar to class loader default
[2026-04-12T04:37:30.803+0000] {subprocess.py:106} INFO - 26/04/12 04:37:30 INFO Executor: Fetching spark://spark-master:44253/jars/org.lz4_lz4-java-1.8.0.jar with timestamp 1775968649083
[2026-04-12T04:37:30.804+0000] {subprocess.py:106} INFO - 26/04/12 04:37:30 INFO Utils: Fetching spark://spark-master:44253/jars/org.lz4_lz4-java-1.8.0.jar to /tmp/spark-51b56e5d-ce8d-4011-8385-7aee6bed8c72/userFiles-8c8b4357-828d-4693-a846-7bdbf8f79462/fetchFileTemp8215989976107704595.tmp
[2026-04-12T04:37:30.812+0000] {subprocess.py:106} INFO - 26/04/12 04:37:30 INFO Utils: /tmp/spark-51b56e5d-ce8d-4011-8385-7aee6bed8c72/userFiles-8c8b4357-828d-4693-a846-7bdbf8f79462/fetchFileTemp8215989976107704595.tmp has been previously copied to /tmp/spark-51b56e5d-ce8d-4011-8385-7aee6bed8c72/userFiles-8c8b4357-828d-4693-a846-7bdbf8f79462/org.lz4_lz4-java-1.8.0.jar
[2026-04-12T04:37:30.820+0000] {subprocess.py:106} INFO - 26/04/12 04:37:30 INFO Executor: Adding file:/tmp/spark-51b56e5d-ce8d-4011-8385-7aee6bed8c72/userFiles-8c8b4357-828d-4693-a846-7bdbf8f79462/org.lz4_lz4-java-1.8.0.jar to class loader default
[2026-04-12T04:37:30.821+0000] {subprocess.py:106} INFO - 26/04/12 04:37:30 INFO Executor: Fetching spark://spark-master:44253/jars/org.apache.hadoop_hadoop-client-api-3.4.1.jar with timestamp 1775968649083
[2026-04-12T04:37:30.822+0000] {subprocess.py:106} INFO - 26/04/12 04:37:30 INFO Utils: Fetching spark://spark-master:44253/jars/org.apache.hadoop_hadoop-client-api-3.4.1.jar to /tmp/spark-51b56e5d-ce8d-4011-8385-7aee6bed8c72/userFiles-8c8b4357-828d-4693-a846-7bdbf8f79462/fetchFileTemp11188297303187434300.tmp
[2026-04-12T04:37:30.915+0000] {subprocess.py:106} INFO - 26/04/12 04:37:30 INFO Utils: /tmp/spark-51b56e5d-ce8d-4011-8385-7aee6bed8c72/userFiles-8c8b4357-828d-4693-a846-7bdbf8f79462/fetchFileTemp11188297303187434300.tmp has been previously copied to /tmp/spark-51b56e5d-ce8d-4011-8385-7aee6bed8c72/userFiles-8c8b4357-828d-4693-a846-7bdbf8f79462/org.apache.hadoop_hadoop-client-api-3.4.1.jar
[2026-04-12T04:37:31.027+0000] {subprocess.py:106} INFO - 26/04/12 04:37:31 INFO Executor: Adding file:/tmp/spark-51b56e5d-ce8d-4011-8385-7aee6bed8c72/userFiles-8c8b4357-828d-4693-a846-7bdbf8f79462/org.apache.hadoop_hadoop-client-api-3.4.1.jar to class loader default
[2026-04-12T04:37:31.028+0000] {subprocess.py:106} INFO - 26/04/12 04:37:31 INFO Executor: Fetching spark://spark-master:44253/jars/org.apache.hadoop_hadoop-client-runtime-3.4.1.jar with timestamp 1775968649083
[2026-04-12T04:37:31.029+0000] {subprocess.py:106} INFO - 26/04/12 04:37:31 INFO Utils: Fetching spark://spark-master:44253/jars/org.apache.hadoop_hadoop-client-runtime-3.4.1.jar to /tmp/spark-51b56e5d-ce8d-4011-8385-7aee6bed8c72/userFiles-8c8b4357-828d-4693-a846-7bdbf8f79462/fetchFileTemp5767592598868147323.tmp
[2026-04-12T04:37:31.160+0000] {subprocess.py:106} INFO - 26/04/12 04:37:31 INFO Utils: /tmp/spark-51b56e5d-ce8d-4011-8385-7aee6bed8c72/userFiles-8c8b4357-828d-4693-a846-7bdbf8f79462/fetchFileTemp5767592598868147323.tmp has been previously copied to /tmp/spark-51b56e5d-ce8d-4011-8385-7aee6bed8c72/userFiles-8c8b4357-828d-4693-a846-7bdbf8f79462/org.apache.hadoop_hadoop-client-runtime-3.4.1.jar
[2026-04-12T04:37:31.334+0000] {subprocess.py:106} INFO - 26/04/12 04:37:31 INFO Executor: Adding file:/tmp/spark-51b56e5d-ce8d-4011-8385-7aee6bed8c72/userFiles-8c8b4357-828d-4693-a846-7bdbf8f79462/org.apache.hadoop_hadoop-client-runtime-3.4.1.jar to class loader default
[2026-04-12T04:37:31.335+0000] {subprocess.py:106} INFO - 26/04/12 04:37:31 INFO Executor: Fetching spark://spark-master:44253/jars/org.slf4j_slf4j-api-2.0.16.jar with timestamp 1775968649083
[2026-04-12T04:37:31.335+0000] {subprocess.py:106} INFO - 26/04/12 04:37:31 INFO Utils: Fetching spark://spark-master:44253/jars/org.slf4j_slf4j-api-2.0.16.jar to /tmp/spark-51b56e5d-ce8d-4011-8385-7aee6bed8c72/userFiles-8c8b4357-828d-4693-a846-7bdbf8f79462/fetchFileTemp6118585914779450124.tmp
[2026-04-12T04:37:31.337+0000] {subprocess.py:106} INFO - 26/04/12 04:37:31 INFO Utils: /tmp/spark-51b56e5d-ce8d-4011-8385-7aee6bed8c72/userFiles-8c8b4357-828d-4693-a846-7bdbf8f79462/fetchFileTemp6118585914779450124.tmp has been previously copied to /tmp/spark-51b56e5d-ce8d-4011-8385-7aee6bed8c72/userFiles-8c8b4357-828d-4693-a846-7bdbf8f79462/org.slf4j_slf4j-api-2.0.16.jar
[2026-04-12T04:37:31.342+0000] {subprocess.py:106} INFO - 26/04/12 04:37:31 INFO Executor: Adding file:/tmp/spark-51b56e5d-ce8d-4011-8385-7aee6bed8c72/userFiles-8c8b4357-828d-4693-a846-7bdbf8f79462/org.slf4j_slf4j-api-2.0.16.jar to class loader default
[2026-04-12T04:37:31.342+0000] {subprocess.py:106} INFO - 26/04/12 04:37:31 INFO Executor: Fetching spark://spark-master:44253/jars/org.scala-lang.modules_scala-parallel-collections_2.13-1.2.0.jar with timestamp 1775968649083
[2026-04-12T04:37:31.343+0000] {subprocess.py:106} INFO - 26/04/12 04:37:31 INFO Utils: Fetching spark://spark-master:44253/jars/org.scala-lang.modules_scala-parallel-collections_2.13-1.2.0.jar to /tmp/spark-51b56e5d-ce8d-4011-8385-7aee6bed8c72/userFiles-8c8b4357-828d-4693-a846-7bdbf8f79462/fetchFileTemp16247085517357486829.tmp
[2026-04-12T04:37:31.350+0000] {subprocess.py:106} INFO - 26/04/12 04:37:31 INFO Utils: /tmp/spark-51b56e5d-ce8d-4011-8385-7aee6bed8c72/userFiles-8c8b4357-828d-4693-a846-7bdbf8f79462/fetchFileTemp16247085517357486829.tmp has been previously copied to /tmp/spark-51b56e5d-ce8d-4011-8385-7aee6bed8c72/userFiles-8c8b4357-828d-4693-a846-7bdbf8f79462/org.scala-lang.modules_scala-parallel-collections_2.13-1.2.0.jar
[2026-04-12T04:37:31.362+0000] {subprocess.py:106} INFO - 26/04/12 04:37:31 INFO Executor: Adding file:/tmp/spark-51b56e5d-ce8d-4011-8385-7aee6bed8c72/userFiles-8c8b4357-828d-4693-a846-7bdbf8f79462/org.scala-lang.modules_scala-parallel-collections_2.13-1.2.0.jar to class loader default
[2026-04-12T04:37:31.363+0000] {subprocess.py:106} INFO - 26/04/12 04:37:31 INFO Executor: Fetching spark://spark-master:44253/jars/com.google.code.findbugs_jsr305-3.0.0.jar with timestamp 1775968649083
[2026-04-12T04:37:31.364+0000] {subprocess.py:106} INFO - 26/04/12 04:37:31 INFO Utils: Fetching spark://spark-master:44253/jars/com.google.code.findbugs_jsr305-3.0.0.jar to /tmp/spark-51b56e5d-ce8d-4011-8385-7aee6bed8c72/userFiles-8c8b4357-828d-4693-a846-7bdbf8f79462/fetchFileTemp13742603835520322671.tmp
[2026-04-12T04:37:31.365+0000] {subprocess.py:106} INFO - 26/04/12 04:37:31 INFO Utils: /tmp/spark-51b56e5d-ce8d-4011-8385-7aee6bed8c72/userFiles-8c8b4357-828d-4693-a846-7bdbf8f79462/fetchFileTemp13742603835520322671.tmp has been previously copied to /tmp/spark-51b56e5d-ce8d-4011-8385-7aee6bed8c72/userFiles-8c8b4357-828d-4693-a846-7bdbf8f79462/com.google.code.findbugs_jsr305-3.0.0.jar
[2026-04-12T04:37:31.370+0000] {subprocess.py:106} INFO - 26/04/12 04:37:31 INFO Executor: Adding file:/tmp/spark-51b56e5d-ce8d-4011-8385-7aee6bed8c72/userFiles-8c8b4357-828d-4693-a846-7bdbf8f79462/com.google.code.findbugs_jsr305-3.0.0.jar to class loader default
[2026-04-12T04:37:31.371+0000] {subprocess.py:106} INFO - 26/04/12 04:37:31 INFO Executor: Fetching spark://spark-master:44253/jars/org.apache.kafka_kafka-clients-3.9.0.jar with timestamp 1775968649083
[2026-04-12T04:37:31.372+0000] {subprocess.py:106} INFO - 26/04/12 04:37:31 INFO Utils: Fetching spark://spark-master:44253/jars/org.apache.kafka_kafka-clients-3.9.0.jar to /tmp/spark-51b56e5d-ce8d-4011-8385-7aee6bed8c72/userFiles-8c8b4357-828d-4693-a846-7bdbf8f79462/fetchFileTemp1407919240512729108.tmp
[2026-04-12T04:37:31.428+0000] {subprocess.py:106} INFO - 26/04/12 04:37:31 INFO Utils: /tmp/spark-51b56e5d-ce8d-4011-8385-7aee6bed8c72/userFiles-8c8b4357-828d-4693-a846-7bdbf8f79462/fetchFileTemp1407919240512729108.tmp has been previously copied to /tmp/spark-51b56e5d-ce8d-4011-8385-7aee6bed8c72/userFiles-8c8b4357-828d-4693-a846-7bdbf8f79462/org.apache.kafka_kafka-clients-3.9.0.jar
[2026-04-12T04:37:31.457+0000] {subprocess.py:106} INFO - 26/04/12 04:37:31 INFO Executor: Adding file:/tmp/spark-51b56e5d-ce8d-4011-8385-7aee6bed8c72/userFiles-8c8b4357-828d-4693-a846-7bdbf8f79462/org.apache.kafka_kafka-clients-3.9.0.jar to class loader default
[2026-04-12T04:37:31.457+0000] {subprocess.py:106} INFO - 26/04/12 04:37:31 INFO Executor: Fetching spark://spark-master:44253/jars/org.apache.spark_spark-sql-kafka-0-10_2.13-4.0.0.jar with timestamp 1775968649083
[2026-04-12T04:37:31.458+0000] {subprocess.py:106} INFO - 26/04/12 04:37:31 INFO Utils: Fetching spark://spark-master:44253/jars/org.apache.spark_spark-sql-kafka-0-10_2.13-4.0.0.jar to /tmp/spark-51b56e5d-ce8d-4011-8385-7aee6bed8c72/userFiles-8c8b4357-828d-4693-a846-7bdbf8f79462/fetchFileTemp4934647755104696032.tmp
[2026-04-12T04:37:31.461+0000] {subprocess.py:106} INFO - 26/04/12 04:37:31 INFO Utils: /tmp/spark-51b56e5d-ce8d-4011-8385-7aee6bed8c72/userFiles-8c8b4357-828d-4693-a846-7bdbf8f79462/fetchFileTemp4934647755104696032.tmp has been previously copied to /tmp/spark-51b56e5d-ce8d-4011-8385-7aee6bed8c72/userFiles-8c8b4357-828d-4693-a846-7bdbf8f79462/org.apache.spark_spark-sql-kafka-0-10_2.13-4.0.0.jar
[2026-04-12T04:37:31.465+0000] {subprocess.py:106} INFO - 26/04/12 04:37:31 INFO Executor: Adding file:/tmp/spark-51b56e5d-ce8d-4011-8385-7aee6bed8c72/userFiles-8c8b4357-828d-4693-a846-7bdbf8f79462/org.apache.spark_spark-sql-kafka-0-10_2.13-4.0.0.jar to class loader default
[2026-04-12T04:37:31.465+0000] {subprocess.py:106} INFO - 26/04/12 04:37:31 INFO Executor: Fetching spark://spark-master:44253/jars/org.apache.iceberg_iceberg-spark-runtime-4.0_2.13-1.10.1.jar with timestamp 1775968649083
[2026-04-12T04:37:31.466+0000] {subprocess.py:106} INFO - 26/04/12 04:37:31 INFO Utils: Fetching spark://spark-master:44253/jars/org.apache.iceberg_iceberg-spark-runtime-4.0_2.13-1.10.1.jar to /tmp/spark-51b56e5d-ce8d-4011-8385-7aee6bed8c72/userFiles-8c8b4357-828d-4693-a846-7bdbf8f79462/fetchFileTemp3542105583822847013.tmp
[2026-04-12T04:37:31.608+0000] {subprocess.py:106} INFO - 26/04/12 04:37:31 INFO Utils: /tmp/spark-51b56e5d-ce8d-4011-8385-7aee6bed8c72/userFiles-8c8b4357-828d-4693-a846-7bdbf8f79462/fetchFileTemp3542105583822847013.tmp has been previously copied to /tmp/spark-51b56e5d-ce8d-4011-8385-7aee6bed8c72/userFiles-8c8b4357-828d-4693-a846-7bdbf8f79462/org.apache.iceberg_iceberg-spark-runtime-4.0_2.13-1.10.1.jar
[2026-04-12T04:37:31.621+0000] {subprocess.py:106} INFO - 26/04/12 04:37:31 INFO Executor: Adding file:/tmp/spark-51b56e5d-ce8d-4011-8385-7aee6bed8c72/userFiles-8c8b4357-828d-4693-a846-7bdbf8f79462/org.apache.iceberg_iceberg-spark-runtime-4.0_2.13-1.10.1.jar to class loader default
[2026-04-12T04:37:31.635+0000] {subprocess.py:106} INFO - 26/04/12 04:37:31 INFO Utils: Successfully started service 'org.apache.spark.network.netty.NettyBlockTransferService' on port 45065.
[2026-04-12T04:37:31.636+0000] {subprocess.py:106} INFO - 26/04/12 04:37:31 INFO NettyBlockTransferService: Server created on spark-master:45065
[2026-04-12T04:37:31.638+0000] {subprocess.py:106} INFO - 26/04/12 04:37:31 INFO BlockManager: Using org.apache.spark.storage.RandomBlockReplicationPolicy for block replication policy
[2026-04-12T04:37:31.661+0000] {subprocess.py:106} INFO - 26/04/12 04:37:31 INFO BlockManagerMaster: Registering BlockManager BlockManagerId(driver, spark-master, 45065, None)
[2026-04-12T04:37:31.668+0000] {subprocess.py:106} INFO - 26/04/12 04:37:31 INFO BlockManagerMasterEndpoint: Registering block manager spark-master:45065 with 1048.8 MiB RAM, BlockManagerId(driver, spark-master, 45065, None)
[2026-04-12T04:37:31.671+0000] {subprocess.py:106} INFO - 26/04/12 04:37:31 INFO BlockManagerMaster: Registered BlockManager BlockManagerId(driver, spark-master, 45065, None)
[2026-04-12T04:37:31.672+0000] {subprocess.py:106} INFO - 26/04/12 04:37:31 INFO BlockManager: Initialized BlockManager: BlockManagerId(driver, spark-master, 45065, None)
[2026-04-12T04:37:34.584+0000] {subprocess.py:106} INFO - Spark + Iceberg ready!
[2026-04-12T04:37:34.611+0000] {subprocess.py:106} INFO - 26/04/12 04:37:34 INFO SharedState: spark.sql.warehouse.dir is not set, but hive.metastore.warehouse.dir is set. Setting spark.sql.warehouse.dir to the value of hive.metastore.warehouse.dir.
[2026-04-12T04:37:34.947+0000] {subprocess.py:106} INFO - 26/04/12 04:37:34 INFO SharedState: Warehouse path is 'hdfs://23133083thuyvan-master:9000/user/hive/warehouse'.
[2026-04-12T04:37:35.856+0000] {subprocess.py:106} INFO - 26/04/12 04:37:35 INFO CatalogUtil: Loading custom FileIO implementation: org.apache.iceberg.hadoop.HadoopFileIO
[2026-04-12T04:37:36.501+0000] {subprocess.py:106} INFO - 26/04/12 04:37:36 INFO HiveConf: Found configuration file file:/home/spark/spark/conf/hive-site.xml
[2026-04-12T04:37:36.684+0000] {subprocess.py:106} INFO - 26/04/12 04:37:36 INFO metastore: Trying to connect to metastore with URI thrift://23133083thuyvan-master:9083
[2026-04-12T04:37:36.707+0000] {subprocess.py:106} INFO - 26/04/12 04:37:36 INFO metastore: Opened a connection to metastore, current connections: 1
[2026-04-12T04:37:36.729+0000] {subprocess.py:106} INFO - 26/04/12 04:37:36 INFO metastore: Connected to metastore.
[2026-04-12T04:37:37.036+0000] {subprocess.py:106} INFO - 26/04/12 04:37:37 WARN SparkStringUtils: Truncated the string representation of a plan since it was too large. This behavior can be adjusted by setting 'spark.sql.debug.maxToStringFields'.
[2026-04-12T04:37:37.106+0000] {subprocess.py:106} INFO - 26/04/12 04:37:37 INFO BaseMetastoreTableOperations: Refreshing table metadata from new version: hdfs://23133083thuyvan-master:9000/user/hive/lakehouse/air_quality_db.db/air_quality_silver/metadata/00000-bd5a2971-fd67-45ed-b96f-546c2d057b23.metadata.json
[2026-04-12T04:37:37.593+0000] {subprocess.py:106} INFO - 26/04/12 04:37:37 INFO BaseMetastoreCatalog: Table loaded by catalog: iceberg.air_quality_db.air_quality_silver
[2026-04-12T04:37:37.602+0000] {subprocess.py:106} INFO - Iceberg table 'weather_real_time' ready!
[2026-04-12T04:37:38.534+0000] {subprocess.py:106} INFO - 26/04/12 04:37:38 INFO StateStoreCoordinatorRef: Registered StateStoreCoordinator endpoint
[2026-04-12T04:37:38.603+0000] {subprocess.py:106} INFO - 26/04/12 04:37:38 INFO ResolveWriteToStream: Checkpoint root hdfs://23133083thuyvan-master:9000/user/hive/checkpoints/air_quality_realtime resolved to hdfs://23133083thuyvan-master:9000/user/hive/checkpoints/air_quality_realtime.
[2026-04-12T04:37:38.604+0000] {subprocess.py:106} INFO - 26/04/12 04:37:38 WARN ResolveWriteToStream: spark.sql.adaptive.enabled is not supported in streaming DataFrames/Datasets and will be disabled.
[2026-04-12T04:37:38.766+0000] {subprocess.py:106} INFO - 26/04/12 04:37:38 INFO MicroBatchExecution: Starting [id = 46e5ad83-a953-440f-bb1b-14366f27bcb7, runId = e6673f70-3b76-429c-88ea-66475f60a0da]. Use hdfs://23133083thuyvan-master:9000/user/hive/checkpoints/air_quality_realtime to store the query checkpoint.
[2026-04-12T04:37:38.774+0000] {subprocess.py:106} INFO - Streaming job started! Listening to 'weather-topic'...
[2026-04-12T04:37:38.781+0000] {subprocess.py:106} INFO - 26/04/12 04:37:38 INFO MicroBatchExecution: Reading table [org.apache.spark.sql.kafka010.KafkaSourceProvider$KafkaTable@4b57da0f] from DataSourceV2 named 'kafka' [org.apache.spark.sql.kafka010.KafkaSourceProvider@78edf437]
[2026-04-12T04:37:38.841+0000] {subprocess.py:106} INFO - 26/04/12 04:37:38 INFO MicroBatchExecution: Finish initializing with logical plan:
[2026-04-12T04:37:38.841+0000] {subprocess.py:106} INFO - ~WriteToMicroBatchDataSourceV1 ForeachBatchSink, 46e5ad83-a953-440f-bb1b-14366f27bcb7, [checkpointLocation=hdfs://23133083thuyvan-master:9000/user/hive/checkpoints/air_quality_realtime], Append
[2026-04-12T04:37:38.842+0000] {subprocess.py:106} INFO - +- ~Project [timestamp#40, location#17, latitude#18, longitude#19, timezone#20, temperature_2m#21, relative_humidity_2m#22, apparent_temperature#23, precipitation#24, cloud_cover#25, wind_speed_10m#26, wind_direction_10m#27, wind_gusts_10m#28, uv_index#29, weather_code#30, european_aqi#31, us_aqi#32, pm10#33, pm2_5#34, carbon_monoxide#35, nitrogen_dioxide#36, sulphur_dioxide#37, ozone#38, processing_time#39, open-meteo AS data_source#41]
[2026-04-12T04:37:38.843+0000] {subprocess.py:106} INFO -    +- ~Project [to_timestamp(timestamp#16, None, TimestampType, Some(GMT), true) AS timestamp#40, location#17, latitude#18, longitude#19, timezone#20, temperature_2m#21, relative_humidity_2m#22, apparent_temperature#23, precipitation#24, cloud_cover#25, wind_speed_10m#26, wind_direction_10m#27, wind_gusts_10m#28, uv_index#29, weather_code#30, european_aqi#31, us_aqi#32, pm10#33, pm2_5#34, carbon_monoxide#35, nitrogen_dioxide#36, sulphur_dioxide#37, ozone#38, processing_time#39]
[2026-04-12T04:37:38.843+0000] {subprocess.py:106} INFO -       +- ~Project [timestamp#16, location#17, latitude#18, longitude#19, timezone#20, temperature_2m#21, relative_humidity_2m#22, apparent_temperature#23, precipitation#24, cloud_cover#25, wind_speed_10m#26, wind_direction_10m#27, wind_gusts_10m#28, uv_index#29, weather_code#30, european_aqi#31, us_aqi#32, pm10#33, pm2_5#34, carbon_monoxide#35, nitrogen_dioxide#36, sulphur_dioxide#37, ozone#38, current_timestamp() AS processing_time#39]
[2026-04-12T04:37:38.844+0000] {subprocess.py:106} INFO -          +- ~Project [data#15.timestamp AS timestamp#16, data#15.location AS location#17, data#15.latitude AS latitude#18, data#15.longitude AS longitude#19, data#15.timezone AS timezone#20, data#15.temperature_2m AS temperature_2m#21, data#15.relative_humidity_2m AS relative_humidity_2m#22, data#15.apparent_temperature AS apparent_temperature#23, data#15.precipitation AS precipitation#24, data#15.cloud_cover AS cloud_cover#25, data#15.wind_speed_10m AS wind_speed_10m#26, data#15.wind_direction_10m AS wind_direction_10m#27, data#15.wind_gusts_10m AS wind_gusts_10m#28, data#15.uv_index AS uv_index#29, data#15.weather_code AS weather_code#30, data#15.european_aqi AS european_aqi#31, data#15.us_aqi AS us_aqi#32, data#15.pm10 AS pm10#33, data#15.pm2_5 AS pm2_5#34, data#15.carbon_monoxide AS carbon_monoxide#35, data#15.nitrogen_dioxide AS nitrogen_dioxide#36, data#15.sulphur_dioxide AS sulphur_dioxide#37, data#15.ozone AS ozone#38]
[2026-04-12T04:37:38.844+0000] {subprocess.py:106} INFO -             +- ~Project [from_json(StructField(timestamp,StringType,true), StructField(location,StringType,true), StructField(latitude,DoubleType,true), StructField(longitude,DoubleType,true), StructField(timezone,StringType,true), StructField(temperature_2m,DoubleType,true), StructField(relative_humidity_2m,DoubleType,true), StructField(apparent_temperature,DoubleType,true), StructField(precipitation,DoubleType,true), StructField(cloud_cover,DoubleType,true), StructField(wind_speed_10m,DoubleType,true), StructField(wind_direction_10m,DoubleType,true), StructField(wind_gusts_10m,DoubleType,true), StructField(uv_index,DoubleType,true), StructField(weather_code,IntegerType,true), StructField(european_aqi,IntegerType,true), StructField(us_aqi,IntegerType,true), StructField(pm10,DoubleType,true), StructField(pm2_5,DoubleType,true), StructField(carbon_monoxide,DoubleType,true), StructField(nitrogen_dioxide,DoubleType,true), StructField(sulphur_dioxide,DoubleType,true), StructField(ozone,DoubleType,true), json#14, Some(GMT), ... 1 more fields) AS data#15]
[2026-04-12T04:37:38.845+0000] {subprocess.py:106} INFO -                +- ~Project [cast(value#8 as string) AS json#14]
[2026-04-12T04:37:38.846+0000] {subprocess.py:106} INFO -                   +- ~StreamingDataSourceV2ScanRelation[key#7, value#8, topic#9, partition#10, offset#11L, timestamp#12, timestampType#13] KafkaTable
[2026-04-12T04:37:38.846+0000] {subprocess.py:106} INFO - 
[2026-04-12T04:37:38.858+0000] {subprocess.py:106} INFO - 26/04/12 04:37:38 INFO OffsetSeqLog: BatchIds found from listing: 0, 1
[2026-04-12T04:37:38.877+0000] {subprocess.py:106} INFO - 26/04/12 04:37:38 INFO OffsetSeqLog: Getting latest batch 1
[2026-04-12T04:37:38.950+0000] {subprocess.py:106} INFO - 26/04/12 04:37:38 INFO OffsetSeqLog: BatchIds found from listing: 0, 1
[2026-04-12T04:37:38.951+0000] {subprocess.py:106} INFO - 26/04/12 04:37:38 INFO OffsetSeqLog: Getting latest batch 1
[2026-04-12T04:37:38.983+0000] {subprocess.py:106} INFO - 26/04/12 04:37:38 INFO CommitLog: BatchIds found from listing: 0
[2026-04-12T04:37:38.984+0000] {subprocess.py:106} INFO - 26/04/12 04:37:38 INFO CommitLog: Getting latest batch 0
[2026-04-12T04:37:39.291+0000] {subprocess.py:106} INFO - 26/04/12 04:37:39 INFO MicroBatchExecution: Resuming at batch 1 with committed offsets {KafkaV2[Subscribe[weather-topic]]: {"weather-topic":{"0":11,"1":16,"2":13}}} and available offsets {KafkaV2[Subscribe[weather-topic]]: {"weather-topic":{"0":15,"1":23,"2":22}}}
[2026-04-12T04:37:39.293+0000] {subprocess.py:106} INFO - 26/04/12 04:37:39 INFO MicroBatchExecution: Stream started from {KafkaV2[Subscribe[weather-topic]]: {"weather-topic":{"0":11,"1":16,"2":13}}}
[2026-04-12T04:37:39.483+0000] {subprocess.py:106} INFO - 26/04/12 04:37:39 INFO IncrementalExecution: Current batch timestamp = 1775968410012
[2026-04-12T04:37:39.686+0000] {subprocess.py:106} INFO - 26/04/12 04:37:39 INFO IncrementalExecution: Current batch timestamp = 1775968410012
[2026-04-12T04:37:40.604+0000] {subprocess.py:106} INFO - 26/04/12 04:37:40 INFO CodeGenerator: Code generated in 569.027299 ms
[2026-04-12T04:37:40.615+0000] {subprocess.py:106} INFO - 26/04/12 04:37:40 INFO KafkaOffsetReaderAdmin: Partitions added: Map()
[2026-04-12T04:37:41.012+0000] {subprocess.py:106} INFO - 26/04/12 04:37:41 INFO CodeGenerator: Code generated in 22.61883 ms
[2026-04-12T04:37:41.042+0000] {subprocess.py:106} INFO - 26/04/12 04:37:41 INFO CodeGenerator: Code generated in 15.710255 ms
[2026-04-12T04:37:41.148+0000] {subprocess.py:106} INFO - 26/04/12 04:37:41 INFO SparkContext: Starting job: start at NativeMethodAccessorImpl.java:0
[2026-04-12T04:37:41.167+0000] {subprocess.py:106} INFO - 26/04/12 04:37:41 INFO DAGScheduler: Registering RDD 6 (start at NativeMethodAccessorImpl.java:0) as input to shuffle 0
[2026-04-12T04:37:41.177+0000] {subprocess.py:106} INFO - 26/04/12 04:37:41 INFO DAGScheduler: Got job 0 (start at NativeMethodAccessorImpl.java:0) with 1 output partitions
[2026-04-12T04:37:41.178+0000] {subprocess.py:106} INFO - 26/04/12 04:37:41 INFO DAGScheduler: Final stage: ResultStage 1 (start at NativeMethodAccessorImpl.java:0)
[2026-04-12T04:37:41.180+0000] {subprocess.py:106} INFO - 26/04/12 04:37:41 INFO DAGScheduler: Parents of final stage: List(ShuffleMapStage 0)
[2026-04-12T04:37:41.183+0000] {subprocess.py:106} INFO - 26/04/12 04:37:41 INFO DAGScheduler: Missing parents: List(ShuffleMapStage 0)
[2026-04-12T04:37:41.189+0000] {subprocess.py:106} INFO - 26/04/12 04:37:41 INFO DAGScheduler: Submitting ShuffleMapStage 0 (MapPartitionsRDD[6] at start at NativeMethodAccessorImpl.java:0), which has no missing parents
[2026-04-12T04:37:41.278+0000] {subprocess.py:106} INFO - 26/04/12 04:37:41 INFO MemoryStore: MemoryStore started with capacity 1048.8 MiB
[2026-04-12T04:37:41.304+0000] {subprocess.py:106} INFO - 26/04/12 04:37:41 INFO MemoryStore: Block broadcast_0 stored as values in memory (estimated size 43.0 KiB, free 1048.8 MiB)
[2026-04-12T04:37:41.332+0000] {subprocess.py:106} INFO - 26/04/12 04:37:41 INFO MemoryStore: Block broadcast_0_piece0 stored as bytes in memory (estimated size 16.4 KiB, free 1048.7 MiB)
[2026-04-12T04:37:41.340+0000] {subprocess.py:106} INFO - 26/04/12 04:37:41 INFO SparkContext: Created broadcast 0 from broadcast at DAGScheduler.scala:1676
[2026-04-12T04:37:41.364+0000] {subprocess.py:106} INFO - 26/04/12 04:37:41 INFO DAGScheduler: Submitting 3 missing tasks from ShuffleMapStage 0 (MapPartitionsRDD[6] at start at NativeMethodAccessorImpl.java:0) (first 15 tasks are for partitions Vector(0, 1, 2))
[2026-04-12T04:37:41.369+0000] {subprocess.py:106} INFO - 26/04/12 04:37:41 INFO TaskSchedulerImpl: Adding task set 0.0 with 3 tasks resource profile 0
[2026-04-12T04:37:41.405+0000] {subprocess.py:106} INFO - 26/04/12 04:37:41 INFO TaskSetManager: Starting task 0.0 in stage 0.0 (TID 0) (spark-master,executor driver, partition 0, PROCESS_LOCAL, 13492 bytes)
[2026-04-12T04:37:41.409+0000] {subprocess.py:106} INFO - 26/04/12 04:37:41 INFO TaskSetManager: Starting task 1.0 in stage 0.0 (TID 1) (spark-master,executor driver, partition 1, PROCESS_LOCAL, 13492 bytes)
[2026-04-12T04:37:41.410+0000] {subprocess.py:106} INFO - 26/04/12 04:37:41 INFO TaskSetManager: Starting task 2.0 in stage 0.0 (TID 2) (spark-master,executor driver, partition 2, PROCESS_LOCAL, 13492 bytes)
[2026-04-12T04:37:41.424+0000] {subprocess.py:106} INFO - 26/04/12 04:37:41 INFO Executor: Running task 2.0 in stage 0.0 (TID 2)
[2026-04-12T04:37:41.425+0000] {subprocess.py:106} INFO - 26/04/12 04:37:41 INFO Executor: Running task 0.0 in stage 0.0 (TID 0)
[2026-04-12T04:37:41.426+0000] {subprocess.py:106} INFO - 26/04/12 04:37:41 INFO Executor: Running task 1.0 in stage 0.0 (TID 1)
[2026-04-12T04:37:41.612+0000] {subprocess.py:106} INFO - 26/04/12 04:37:41 INFO CodeGenerator: Code generated in 41.234825 ms
[2026-04-12T04:37:41.646+0000] {subprocess.py:106} INFO - 26/04/12 04:37:41 INFO CodeGenerator: Code generated in 31.622856 ms
[2026-04-12T04:37:41.663+0000] {subprocess.py:106} INFO - 26/04/12 04:37:41 INFO CodeGenerator: Code generated in 13.21066 ms
[2026-04-12T04:37:41.674+0000] {subprocess.py:106} INFO - 26/04/12 04:37:41 INFO SecurityManager: Changing view acls to: spark
[2026-04-12T04:37:41.675+0000] {subprocess.py:106} INFO - 26/04/12 04:37:41 INFO SecurityManager: Changing modify acls to: spark
[2026-04-12T04:37:41.675+0000] {subprocess.py:106} INFO - 26/04/12 04:37:41 INFO SecurityManager: Changing view acls groups to: spark
[2026-04-12T04:37:41.676+0000] {subprocess.py:106} INFO - 26/04/12 04:37:41 INFO SecurityManager: Changing modify acls groups to: spark
[2026-04-12T04:37:41.676+0000] {subprocess.py:106} INFO - 26/04/12 04:37:41 INFO SecurityManager: SecurityManager: authentication disabled; ui acls disabled; users with view permissions: spark groups with view permissions: EMPTY; users with modify permissions: spark; groups with modify permissions: EMPTY; RPC SSL disabled
[2026-04-12T04:37:41.704+0000] {subprocess.py:106} INFO - 26/04/12 04:37:41 INFO KafkaBatchReaderFactory: Creating Kafka reader topicPartition=weather-topic-1 fromOffset=16} untilOffset=23, for query queryId=46e5ad83-a953-440f-bb1b-14366f27bcb7 batchId=1 taskId=1 partitionId=1
[2026-04-12T04:37:41.704+0000] {subprocess.py:106} INFO - 26/04/12 04:37:41 INFO KafkaBatchReaderFactory: Creating Kafka reader topicPartition=weather-topic-2 fromOffset=13} untilOffset=22, for query queryId=46e5ad83-a953-440f-bb1b-14366f27bcb7 batchId=1 taskId=2 partitionId=2
[2026-04-12T04:37:41.708+0000] {subprocess.py:106} INFO - 26/04/12 04:37:41 INFO KafkaBatchReaderFactory: Creating Kafka reader topicPartition=weather-topic-0 fromOffset=11} untilOffset=15, for query queryId=46e5ad83-a953-440f-bb1b-14366f27bcb7 batchId=1 taskId=0 partitionId=0
[2026-04-12T04:37:41.773+0000] {subprocess.py:106} INFO - 26/04/12 04:37:41 INFO CodeGenerator: Code generated in 19.83657 ms
[2026-04-12T04:37:41.823+0000] {subprocess.py:106} INFO - 26/04/12 04:37:41 INFO CodeGenerator: Code generated in 20.674262 ms
[2026-04-12T04:37:41.888+0000] {subprocess.py:106} INFO - 26/04/12 04:37:41 INFO ConsumerConfig: ConsumerConfig values:
[2026-04-12T04:37:41.889+0000] {subprocess.py:106} INFO - 	allow.auto.create.topics = true
[2026-04-12T04:37:41.890+0000] {subprocess.py:106} INFO - 	auto.commit.interval.ms = 5000
[2026-04-12T04:37:41.890+0000] {subprocess.py:106} INFO - 	auto.include.jmx.reporter = true
[2026-04-12T04:37:41.891+0000] {subprocess.py:106} INFO - 	auto.offset.reset = none
[2026-04-12T04:37:41.891+0000] {subprocess.py:106} INFO - 	bootstrap.servers = [kafka:9092]
[2026-04-12T04:37:41.891+0000] {subprocess.py:106} INFO - 	check.crcs = true
[2026-04-12T04:37:41.892+0000] {subprocess.py:106} INFO - 	client.dns.lookup = use_all_dns_ips
[2026-04-12T04:37:41.892+0000] {subprocess.py:106} INFO - 	client.id = consumer-spark-kafka-source-7b3e6395-33dd-4238-afc6-b81155a100b8--983882313-executor-3
[2026-04-12T04:37:41.893+0000] {subprocess.py:106} INFO - 	client.rack =
[2026-04-12T04:37:41.893+0000] {subprocess.py:106} INFO - 	connections.max.idle.ms = 540000
[2026-04-12T04:37:41.894+0000] {subprocess.py:106} INFO - 	default.api.timeout.ms = 60000
[2026-04-12T04:37:41.894+0000] {subprocess.py:106} INFO - 	enable.auto.commit = false
[2026-04-12T04:37:41.894+0000] {subprocess.py:106} INFO - 	enable.metrics.push = true
[2026-04-12T04:37:41.895+0000] {subprocess.py:106} INFO - 	exclude.internal.topics = true
[2026-04-12T04:37:41.895+0000] {subprocess.py:106} INFO - 	fetch.max.bytes = 52428800
[2026-04-12T04:37:41.895+0000] {subprocess.py:106} INFO - 	fetch.max.wait.ms = 500
[2026-04-12T04:37:41.896+0000] {subprocess.py:106} INFO - 	fetch.min.bytes = 1
[2026-04-12T04:37:41.896+0000] {subprocess.py:106} INFO - 	group.id = spark-kafka-source-7b3e6395-33dd-4238-afc6-b81155a100b8--983882313-executor
[2026-04-12T04:37:41.897+0000] {subprocess.py:106} INFO - 	group.instance.id = null
[2026-04-12T04:37:41.897+0000] {subprocess.py:106} INFO - 	group.protocol = classic
[2026-04-12T04:37:41.897+0000] {subprocess.py:106} INFO - 	group.remote.assignor = null
[2026-04-12T04:37:41.898+0000] {subprocess.py:106} INFO - 	heartbeat.interval.ms = 3000
[2026-04-12T04:37:41.898+0000] {subprocess.py:106} INFO - 	interceptor.classes = []
[2026-04-12T04:37:41.899+0000] {subprocess.py:106} INFO - 	internal.leave.group.on.close = true
[2026-04-12T04:37:41.899+0000] {subprocess.py:106} INFO - 	internal.throw.on.fetch.stable.offset.unsupported = false
[2026-04-12T04:37:41.900+0000] {subprocess.py:106} INFO - 	isolation.level = read_uncommitted
[2026-04-12T04:37:41.900+0000] {subprocess.py:106} INFO - 	key.deserializer = class org.apache.kafka.common.serialization.ByteArrayDeserializer
[2026-04-12T04:37:41.901+0000] {subprocess.py:106} INFO - 	max.partition.fetch.bytes = 1048576
[2026-04-12T04:37:41.901+0000] {subprocess.py:106} INFO - 	max.poll.interval.ms = 300000
[2026-04-12T04:37:41.901+0000] {subprocess.py:106} INFO - 	max.poll.records = 500
[2026-04-12T04:37:41.902+0000] {subprocess.py:106} INFO - 	metadata.max.age.ms = 300000
[2026-04-12T04:37:41.902+0000] {subprocess.py:106} INFO - 	metadata.recovery.strategy = none
[2026-04-12T04:37:41.902+0000] {subprocess.py:106} INFO - 	metric.reporters = []
[2026-04-12T04:37:41.903+0000] {subprocess.py:106} INFO - 	metrics.num.samples = 2
[2026-04-12T04:37:41.903+0000] {subprocess.py:106} INFO - 	metrics.recording.level = INFO
[2026-04-12T04:37:41.904+0000] {subprocess.py:106} INFO - 	metrics.sample.window.ms = 30000
[2026-04-12T04:37:41.904+0000] {subprocess.py:106} INFO - 	partition.assignment.strategy = [class org.apache.kafka.clients.consumer.RangeAssignor, class org.apache.kafka.clients.consumer.CooperativeStickyAssignor]
[2026-04-12T04:37:41.904+0000] {subprocess.py:106} INFO - 	receive.buffer.bytes = 65536
[2026-04-12T04:37:41.905+0000] {subprocess.py:106} INFO - 	reconnect.backoff.max.ms = 1000
[2026-04-12T04:37:41.905+0000] {subprocess.py:106} INFO - 	reconnect.backoff.ms = 50
[2026-04-12T04:37:41.906+0000] {subprocess.py:106} INFO - 	request.timeout.ms = 30000
[2026-04-12T04:37:41.907+0000] {subprocess.py:106} INFO - 	retry.backoff.max.ms = 1000
[2026-04-12T04:37:41.907+0000] {subprocess.py:106} INFO - 	retry.backoff.ms = 100
[2026-04-12T04:37:41.908+0000] {subprocess.py:106} INFO - 	sasl.client.callback.handler.class = null
[2026-04-12T04:37:41.908+0000] {subprocess.py:106} INFO - 	sasl.jaas.config = null
[2026-04-12T04:37:41.909+0000] {subprocess.py:106} INFO - 	sasl.kerberos.kinit.cmd = /usr/bin/kinit
[2026-04-12T04:37:41.909+0000] {subprocess.py:106} INFO - 	sasl.kerberos.min.time.before.relogin = 60000
[2026-04-12T04:37:41.910+0000] {subprocess.py:106} INFO - 	sasl.kerberos.service.name = null
[2026-04-12T04:37:41.910+0000] {subprocess.py:106} INFO - 	sasl.kerberos.ticket.renew.jitter = 0.05
[2026-04-12T04:37:41.911+0000] {subprocess.py:106} INFO - 	sasl.kerberos.ticket.renew.window.factor = 0.8
[2026-04-12T04:37:41.911+0000] {subprocess.py:106} INFO - 	sasl.login.callback.handler.class = null
[2026-04-12T04:37:41.911+0000] {subprocess.py:106} INFO - 	sasl.login.class = null
[2026-04-12T04:37:41.912+0000] {subprocess.py:106} INFO - 	sasl.login.connect.timeout.ms = null
[2026-04-12T04:37:41.912+0000] {subprocess.py:106} INFO - 	sasl.login.read.timeout.ms = null
[2026-04-12T04:37:41.913+0000] {subprocess.py:106} INFO - 	sasl.login.refresh.buffer.seconds = 300
[2026-04-12T04:37:41.913+0000] {subprocess.py:106} INFO - 	sasl.login.refresh.min.period.seconds = 60
[2026-04-12T04:37:41.913+0000] {subprocess.py:106} INFO - 	sasl.login.refresh.window.factor = 0.8
[2026-04-12T04:37:41.914+0000] {subprocess.py:106} INFO - 	sasl.login.refresh.window.jitter = 0.05
[2026-04-12T04:37:41.914+0000] {subprocess.py:106} INFO - 	sasl.login.retry.backoff.max.ms = 10000
[2026-04-12T04:37:41.915+0000] {subprocess.py:106} INFO - 	sasl.login.retry.backoff.ms = 100
[2026-04-12T04:37:41.915+0000] {subprocess.py:106} INFO - 	sasl.mechanism = GSSAPI
[2026-04-12T04:37:41.916+0000] {subprocess.py:106} INFO - 	sasl.oauthbearer.clock.skew.seconds = 30
[2026-04-12T04:37:41.916+0000] {subprocess.py:106} INFO - 	sasl.oauthbearer.expected.audience = null
[2026-04-12T04:37:41.917+0000] {subprocess.py:106} INFO - 	sasl.oauthbearer.expected.issuer = null
[2026-04-12T04:37:41.917+0000] {subprocess.py:106} INFO - 	sasl.oauthbearer.header.urlencode = false
[2026-04-12T04:37:41.917+0000] {subprocess.py:106} INFO - 	sasl.oauthbearer.jwks.endpoint.refresh.ms = 3600000
[2026-04-12T04:37:41.918+0000] {subprocess.py:106} INFO - 	sasl.oauthbearer.jwks.endpoint.retry.backoff.max.ms = 10000
[2026-04-12T04:37:41.918+0000] {subprocess.py:106} INFO - 	sasl.oauthbearer.jwks.endpoint.retry.backoff.ms = 100
[2026-04-12T04:37:41.918+0000] {subprocess.py:106} INFO - 	sasl.oauthbearer.jwks.endpoint.url = null
[2026-04-12T04:37:41.919+0000] {subprocess.py:106} INFO - 	sasl.oauthbearer.scope.claim.name = scope
[2026-04-12T04:37:41.919+0000] {subprocess.py:106} INFO - 	sasl.oauthbearer.sub.claim.name = sub
[2026-04-12T04:37:41.920+0000] {subprocess.py:106} INFO - 	sasl.oauthbearer.token.endpoint.url = null
[2026-04-12T04:37:41.920+0000] {subprocess.py:106} INFO - 	security.protocol = PLAINTEXT
[2026-04-12T04:37:41.920+0000] {subprocess.py:106} INFO - 	security.providers = null
[2026-04-12T04:37:41.921+0000] {subprocess.py:106} INFO - 	send.buffer.bytes = 131072
[2026-04-12T04:37:41.921+0000] {subprocess.py:106} INFO - 	session.timeout.ms = 45000
[2026-04-12T04:37:41.921+0000] {subprocess.py:106} INFO - 	socket.connection.setup.timeout.max.ms = 30000
[2026-04-12T04:37:41.922+0000] {subprocess.py:106} INFO - 	socket.connection.setup.timeout.ms = 10000
[2026-04-12T04:37:41.922+0000] {subprocess.py:106} INFO - 	ssl.cipher.suites = null
[2026-04-12T04:37:41.923+0000] {subprocess.py:106} INFO - 	ssl.enabled.protocols = [TLSv1.2, TLSv1.3]
[2026-04-12T04:37:41.923+0000] {subprocess.py:106} INFO - 	ssl.endpoint.identification.algorithm = https
[2026-04-12T04:37:41.924+0000] {subprocess.py:106} INFO - 	ssl.engine.factory.class = null
[2026-04-12T04:37:41.924+0000] {subprocess.py:106} INFO - 	ssl.key.password = null
[2026-04-12T04:37:41.925+0000] {subprocess.py:106} INFO - 	ssl.keymanager.algorithm = SunX509
[2026-04-12T04:37:41.925+0000] {subprocess.py:106} INFO - 	ssl.keystore.certificate.chain = null
[2026-04-12T04:37:41.926+0000] {subprocess.py:106} INFO - 	ssl.keystore.key = null
[2026-04-12T04:37:41.926+0000] {subprocess.py:106} INFO - 	ssl.keystore.location = null
[2026-04-12T04:37:41.926+0000] {subprocess.py:106} INFO - 	ssl.keystore.password = null
[2026-04-12T04:37:41.927+0000] {subprocess.py:106} INFO - 	ssl.keystore.type = JKS
[2026-04-12T04:37:41.927+0000] {subprocess.py:106} INFO - 	ssl.protocol = TLSv1.3
[2026-04-12T04:37:41.927+0000] {subprocess.py:106} INFO - 	ssl.provider = null
[2026-04-12T04:37:41.928+0000] {subprocess.py:106} INFO - 	ssl.secure.random.implementation = null
[2026-04-12T04:37:41.928+0000] {subprocess.py:106} INFO - 	ssl.trustmanager.algorithm = PKIX
[2026-04-12T04:37:41.929+0000] {subprocess.py:106} INFO - 	ssl.truststore.certificates = null
[2026-04-12T04:37:41.929+0000] {subprocess.py:106} INFO - 	ssl.truststore.location = null
[2026-04-12T04:37:41.930+0000] {subprocess.py:106} INFO - 	ssl.truststore.password = null
[2026-04-12T04:37:41.931+0000] {subprocess.py:106} INFO - 	ssl.truststore.type = JKS
[2026-04-12T04:37:41.931+0000] {subprocess.py:106} INFO - 	value.deserializer = class org.apache.kafka.common.serialization.ByteArrayDeserializer
[2026-04-12T04:37:41.932+0000] {subprocess.py:106} INFO - 
[2026-04-12T04:37:41.932+0000] {subprocess.py:106} INFO - 26/04/12 04:37:41 INFO ConsumerConfig: ConsumerConfig values:
[2026-04-12T04:37:41.933+0000] {subprocess.py:106} INFO - 	allow.auto.create.topics = true
[2026-04-12T04:37:41.933+0000] {subprocess.py:106} INFO - 	auto.commit.interval.ms = 5000
[2026-04-12T04:37:41.934+0000] {subprocess.py:106} INFO - 	auto.include.jmx.reporter = true
[2026-04-12T04:37:41.934+0000] {subprocess.py:106} INFO - 	auto.offset.reset = none
[2026-04-12T04:37:41.934+0000] {subprocess.py:106} INFO - 	bootstrap.servers = [kafka:9092]
[2026-04-12T04:37:41.935+0000] {subprocess.py:106} INFO - 	check.crcs = true
[2026-04-12T04:37:41.935+0000] {subprocess.py:106} INFO - 	client.dns.lookup = use_all_dns_ips
[2026-04-12T04:37:41.936+0000] {subprocess.py:106} INFO - 	client.id = consumer-spark-kafka-source-7b3e6395-33dd-4238-afc6-b81155a100b8--983882313-executor-2
[2026-04-12T04:37:41.936+0000] {subprocess.py:106} INFO - 	client.rack =
[2026-04-12T04:37:41.937+0000] {subprocess.py:106} INFO - 	connections.max.idle.ms = 540000
[2026-04-12T04:37:41.937+0000] {subprocess.py:106} INFO - 	default.api.timeout.ms = 60000
[2026-04-12T04:37:41.937+0000] {subprocess.py:106} INFO - 	enable.auto.commit = false
[2026-04-12T04:37:41.938+0000] {subprocess.py:106} INFO - 	enable.metrics.push = true
[2026-04-12T04:37:41.938+0000] {subprocess.py:106} INFO - 	exclude.internal.topics = true
[2026-04-12T04:37:41.939+0000] {subprocess.py:106} INFO - 	fetch.max.bytes = 52428800
[2026-04-12T04:37:41.940+0000] {subprocess.py:106} INFO - 	fetch.max.wait.ms = 500
[2026-04-12T04:37:41.940+0000] {subprocess.py:106} INFO - 	fetch.min.bytes = 1
[2026-04-12T04:37:41.941+0000] {subprocess.py:106} INFO - 	group.id = spark-kafka-source-7b3e6395-33dd-4238-afc6-b81155a100b8--983882313-executor
[2026-04-12T04:37:41.941+0000] {subprocess.py:106} INFO - 	group.instance.id = null
[2026-04-12T04:37:41.942+0000] {subprocess.py:106} INFO - 	group.protocol = classic
[2026-04-12T04:37:41.943+0000] {subprocess.py:106} INFO - 	group.remote.assignor = null
[2026-04-12T04:37:41.943+0000] {subprocess.py:106} INFO - 	heartbeat.interval.ms = 3000
[2026-04-12T04:37:41.944+0000] {subprocess.py:106} INFO - 	interceptor.classes = []
[2026-04-12T04:37:41.944+0000] {subprocess.py:106} INFO - 	internal.leave.group.on.close = true
[2026-04-12T04:37:41.945+0000] {subprocess.py:106} INFO - 	internal.throw.on.fetch.stable.offset.unsupported = false
[2026-04-12T04:37:41.945+0000] {subprocess.py:106} INFO - 	isolation.level = read_uncommitted
[2026-04-12T04:37:41.946+0000] {subprocess.py:106} INFO - 	key.deserializer = class org.apache.kafka.common.serialization.ByteArrayDeserializer
[2026-04-12T04:37:41.946+0000] {subprocess.py:106} INFO - 	max.partition.fetch.bytes = 1048576
[2026-04-12T04:37:41.947+0000] {subprocess.py:106} INFO - 	max.poll.interval.ms = 300000
[2026-04-12T04:37:41.947+0000] {subprocess.py:106} INFO - 	max.poll.records = 500
[2026-04-12T04:37:41.948+0000] {subprocess.py:106} INFO - 	metadata.max.age.ms = 300000
[2026-04-12T04:37:41.948+0000] {subprocess.py:106} INFO - 	metadata.recovery.strategy = none
[2026-04-12T04:37:41.949+0000] {subprocess.py:106} INFO - 	metric.reporters = []
[2026-04-12T04:37:41.950+0000] {subprocess.py:106} INFO - 	metrics.num.samples = 2
[2026-04-12T04:37:41.950+0000] {subprocess.py:106} INFO - 	metrics.recording.level = INFO
[2026-04-12T04:37:41.951+0000] {subprocess.py:106} INFO - 	metrics.sample.window.ms = 30000
[2026-04-12T04:37:41.951+0000] {subprocess.py:106} INFO - 	partition.assignment.strategy = [class org.apache.kafka.clients.consumer.RangeAssignor, class org.apache.kafka.clients.consumer.CooperativeStickyAssignor]
[2026-04-12T04:37:41.952+0000] {subprocess.py:106} INFO - 	receive.buffer.bytes = 65536
[2026-04-12T04:37:41.952+0000] {subprocess.py:106} INFO - 	reconnect.backoff.max.ms = 1000
[2026-04-12T04:37:41.953+0000] {subprocess.py:106} INFO - 	reconnect.backoff.ms = 50
[2026-04-12T04:37:41.953+0000] {subprocess.py:106} INFO - 	request.timeout.ms = 30000
[2026-04-12T04:37:41.954+0000] {subprocess.py:106} INFO - 	retry.backoff.max.ms = 1000
[2026-04-12T04:37:41.954+0000] {subprocess.py:106} INFO - 	retry.backoff.ms = 100
[2026-04-12T04:37:41.955+0000] {subprocess.py:106} INFO - 	sasl.client.callback.handler.class = null
[2026-04-12T04:37:41.955+0000] {subprocess.py:106} INFO - 	sasl.jaas.config = null
[2026-04-12T04:37:41.955+0000] {subprocess.py:106} INFO - 	sasl.kerberos.kinit.cmd = /usr/bin/kinit
[2026-04-12T04:37:41.956+0000] {subprocess.py:106} INFO - 	sasl.kerberos.min.time.before.relogin = 60000
[2026-04-12T04:37:41.956+0000] {subprocess.py:106} INFO - 	sasl.kerberos.service.name = null
[2026-04-12T04:37:41.957+0000] {subprocess.py:106} INFO - 	sasl.kerberos.ticket.renew.jitter = 0.05
[2026-04-12T04:37:41.957+0000] {subprocess.py:106} INFO - 	sasl.kerberos.ticket.renew.window.factor = 0.8
[2026-04-12T04:37:41.958+0000] {subprocess.py:106} INFO - 	sasl.login.callback.handler.class = null
[2026-04-12T04:37:41.959+0000] {subprocess.py:106} INFO - 	sasl.login.class = null
[2026-04-12T04:37:41.959+0000] {subprocess.py:106} INFO - 	sasl.login.connect.timeout.ms = null
[2026-04-12T04:37:41.960+0000] {subprocess.py:106} INFO - 	sasl.login.read.timeout.ms = null
[2026-04-12T04:37:41.961+0000] {subprocess.py:106} INFO - 	sasl.login.refresh.buffer.seconds = 300
[2026-04-12T04:37:41.961+0000] {subprocess.py:106} INFO - 	sasl.login.refresh.min.period.seconds = 60
[2026-04-12T04:37:41.962+0000] {subprocess.py:106} INFO - 	sasl.login.refresh.window.factor = 0.8
[2026-04-12T04:37:41.962+0000] {subprocess.py:106} INFO - 	sasl.login.refresh.window.jitter = 0.05
[2026-04-12T04:37:41.963+0000] {subprocess.py:106} INFO - 	sasl.login.retry.backoff.max.ms = 10000
[2026-04-12T04:37:41.963+0000] {subprocess.py:106} INFO - 	sasl.login.retry.backoff.ms = 100
[2026-04-12T04:37:41.964+0000] {subprocess.py:106} INFO - 	sasl.mechanism = GSSAPI
[2026-04-12T04:37:41.964+0000] {subprocess.py:106} INFO - 	sasl.oauthbearer.clock.skew.seconds = 30
[2026-04-12T04:37:41.965+0000] {subprocess.py:106} INFO - 	sasl.oauthbearer.expected.audience = null
[2026-04-12T04:37:41.965+0000] {subprocess.py:106} INFO - 	sasl.oauthbearer.expected.issuer = null
[2026-04-12T04:37:41.966+0000] {subprocess.py:106} INFO - 	sasl.oauthbearer.header.urlencode = false
[2026-04-12T04:37:41.966+0000] {subprocess.py:106} INFO - 	sasl.oauthbearer.jwks.endpoint.refresh.ms = 3600000
[2026-04-12T04:37:41.967+0000] {subprocess.py:106} INFO - 	sasl.oauthbearer.jwks.endpoint.retry.backoff.max.ms = 10000
[2026-04-12T04:37:41.967+0000] {subprocess.py:106} INFO - 	sasl.oauthbearer.jwks.endpoint.retry.backoff.ms = 100
[2026-04-12T04:37:41.967+0000] {subprocess.py:106} INFO - 	sasl.oauthbearer.jwks.endpoint.url = null
[2026-04-12T04:37:41.968+0000] {subprocess.py:106} INFO - 	sasl.oauthbearer.scope.claim.name = scope
[2026-04-12T04:37:41.968+0000] {subprocess.py:106} INFO - 	sasl.oauthbearer.sub.claim.name = sub
[2026-04-12T04:37:41.968+0000] {subprocess.py:106} INFO - 	sasl.oauthbearer.token.endpoint.url = null
[2026-04-12T04:37:41.969+0000] {subprocess.py:106} INFO - 	security.protocol = PLAINTEXT
[2026-04-12T04:37:41.969+0000] {subprocess.py:106} INFO - 	security.providers = null
[2026-04-12T04:37:41.970+0000] {subprocess.py:106} INFO - 	send.buffer.bytes = 131072
[2026-04-12T04:37:41.970+0000] {subprocess.py:106} INFO - 	session.timeout.ms = 45000
[2026-04-12T04:37:41.970+0000] {subprocess.py:106} INFO - 	socket.connection.setup.timeout.max.ms = 30000
[2026-04-12T04:37:41.971+0000] {subprocess.py:106} INFO - 	socket.connection.setup.timeout.ms = 10000
[2026-04-12T04:37:41.971+0000] {subprocess.py:106} INFO - 	ssl.cipher.suites = null
[2026-04-12T04:37:41.971+0000] {subprocess.py:106} INFO - 	ssl.enabled.protocols = [TLSv1.2, TLSv1.3]
[2026-04-12T04:37:41.972+0000] {subprocess.py:106} INFO - 	ssl.endpoint.identification.algorithm = https
[2026-04-12T04:37:41.972+0000] {subprocess.py:106} INFO - 	ssl.engine.factory.class = null
[2026-04-12T04:37:41.973+0000] {subprocess.py:106} INFO - 	ssl.key.password = null
[2026-04-12T04:37:41.973+0000] {subprocess.py:106} INFO - 	ssl.keymanager.algorithm = SunX509
[2026-04-12T04:37:41.973+0000] {subprocess.py:106} INFO - 	ssl.keystore.certificate.chain = null
[2026-04-12T04:37:41.974+0000] {subprocess.py:106} INFO - 	ssl.keystore.key = null
[2026-04-12T04:37:41.974+0000] {subprocess.py:106} INFO - 	ssl.keystore.location = null
[2026-04-12T04:37:41.975+0000] {subprocess.py:106} INFO - 	ssl.keystore.password = null
[2026-04-12T04:37:41.975+0000] {subprocess.py:106} INFO - 	ssl.keystore.type = JKS
[2026-04-12T04:37:41.975+0000] {subprocess.py:106} INFO - 	ssl.protocol = TLSv1.3
[2026-04-12T04:37:41.976+0000] {subprocess.py:106} INFO - 	ssl.provider = null
[2026-04-12T04:37:41.976+0000] {subprocess.py:106} INFO - 	ssl.secure.random.implementation = null
[2026-04-12T04:37:41.977+0000] {subprocess.py:106} INFO - 	ssl.trustmanager.algorithm = PKIX
[2026-04-12T04:37:41.977+0000] {subprocess.py:106} INFO - 	ssl.truststore.certificates = null
[2026-04-12T04:37:41.978+0000] {subprocess.py:106} INFO - 	ssl.truststore.location = null
[2026-04-12T04:37:41.978+0000] {subprocess.py:106} INFO - 	ssl.truststore.password = null
[2026-04-12T04:37:41.978+0000] {subprocess.py:106} INFO - 	ssl.truststore.type = JKS
[2026-04-12T04:37:41.979+0000] {subprocess.py:106} INFO - 	value.deserializer = class org.apache.kafka.common.serialization.ByteArrayDeserializer
[2026-04-12T04:37:41.979+0000] {subprocess.py:106} INFO - 
[2026-04-12T04:37:41.980+0000] {subprocess.py:106} INFO - 26/04/12 04:37:41 INFO ConsumerConfig: ConsumerConfig values:
[2026-04-12T04:37:41.980+0000] {subprocess.py:106} INFO - 	allow.auto.create.topics = true
[2026-04-12T04:37:41.981+0000] {subprocess.py:106} INFO - 	auto.commit.interval.ms = 5000
[2026-04-12T04:37:41.981+0000] {subprocess.py:106} INFO - 	auto.include.jmx.reporter = true
[2026-04-12T04:37:41.981+0000] {subprocess.py:106} INFO - 	auto.offset.reset = none
[2026-04-12T04:37:41.982+0000] {subprocess.py:106} INFO - 	bootstrap.servers = [kafka:9092]
[2026-04-12T04:37:41.982+0000] {subprocess.py:106} INFO - 	check.crcs = true
[2026-04-12T04:37:41.983+0000] {subprocess.py:106} INFO - 	client.dns.lookup = use_all_dns_ips
[2026-04-12T04:37:41.983+0000] {subprocess.py:106} INFO - 	client.id = consumer-spark-kafka-source-7b3e6395-33dd-4238-afc6-b81155a100b8--983882313-executor-1
[2026-04-12T04:37:41.984+0000] {subprocess.py:106} INFO - 	client.rack =
[2026-04-12T04:37:41.984+0000] {subprocess.py:106} INFO - 	connections.max.idle.ms = 540000
[2026-04-12T04:37:41.985+0000] {subprocess.py:106} INFO - 	default.api.timeout.ms = 60000
[2026-04-12T04:37:41.985+0000] {subprocess.py:106} INFO - 	enable.auto.commit = false
[2026-04-12T04:37:41.985+0000] {subprocess.py:106} INFO - 	enable.metrics.push = true
[2026-04-12T04:37:41.986+0000] {subprocess.py:106} INFO - 	exclude.internal.topics = true
[2026-04-12T04:37:41.986+0000] {subprocess.py:106} INFO - 	fetch.max.bytes = 52428800
[2026-04-12T04:37:41.987+0000] {subprocess.py:106} INFO - 	fetch.max.wait.ms = 500
[2026-04-12T04:37:41.987+0000] {subprocess.py:106} INFO - 	fetch.min.bytes = 1
[2026-04-12T04:37:41.988+0000] {subprocess.py:106} INFO - 	group.id = spark-kafka-source-7b3e6395-33dd-4238-afc6-b81155a100b8--983882313-executor
[2026-04-12T04:37:41.988+0000] {subprocess.py:106} INFO - 	group.instance.id = null
[2026-04-12T04:37:41.989+0000] {subprocess.py:106} INFO - 	group.protocol = classic
[2026-04-12T04:37:41.989+0000] {subprocess.py:106} INFO - 	group.remote.assignor = null
[2026-04-12T04:37:41.990+0000] {subprocess.py:106} INFO - 	heartbeat.interval.ms = 3000
[2026-04-12T04:37:41.990+0000] {subprocess.py:106} INFO - 	interceptor.classes = []
[2026-04-12T04:37:41.991+0000] {subprocess.py:106} INFO - 	internal.leave.group.on.close = true
[2026-04-12T04:37:41.991+0000] {subprocess.py:106} INFO - 	internal.throw.on.fetch.stable.offset.unsupported = false
[2026-04-12T04:37:41.992+0000] {subprocess.py:106} INFO - 	isolation.level = read_uncommitted
[2026-04-12T04:37:41.992+0000] {subprocess.py:106} INFO - 	key.deserializer = class org.apache.kafka.common.serialization.ByteArrayDeserializer
[2026-04-12T04:37:41.993+0000] {subprocess.py:106} INFO - 	max.partition.fetch.bytes = 1048576
[2026-04-12T04:37:41.993+0000] {subprocess.py:106} INFO - 	max.poll.interval.ms = 300000
[2026-04-12T04:37:41.994+0000] {subprocess.py:106} INFO - 	max.poll.records = 500
[2026-04-12T04:37:41.994+0000] {subprocess.py:106} INFO - 	metadata.max.age.ms = 300000
[2026-04-12T04:37:41.995+0000] {subprocess.py:106} INFO - 	metadata.recovery.strategy = none
[2026-04-12T04:37:41.995+0000] {subprocess.py:106} INFO - 	metric.reporters = []
[2026-04-12T04:37:41.995+0000] {subprocess.py:106} INFO - 	metrics.num.samples = 2
[2026-04-12T04:37:41.996+0000] {subprocess.py:106} INFO - 	metrics.recording.level = INFO
[2026-04-12T04:37:41.996+0000] {subprocess.py:106} INFO - 	metrics.sample.window.ms = 30000
[2026-04-12T04:37:41.997+0000] {subprocess.py:106} INFO - 	partition.assignment.strategy = [class org.apache.kafka.clients.consumer.RangeAssignor, class org.apache.kafka.clients.consumer.CooperativeStickyAssignor]
[2026-04-12T04:37:41.997+0000] {subprocess.py:106} INFO - 	receive.buffer.bytes = 65536
[2026-04-12T04:37:41.997+0000] {subprocess.py:106} INFO - 	reconnect.backoff.max.ms = 1000
[2026-04-12T04:37:41.998+0000] {subprocess.py:106} INFO - 	reconnect.backoff.ms = 50
[2026-04-12T04:37:41.998+0000] {subprocess.py:106} INFO - 	request.timeout.ms = 30000
[2026-04-12T04:37:41.999+0000] {subprocess.py:106} INFO - 	retry.backoff.max.ms = 1000
[2026-04-12T04:37:41.999+0000] {subprocess.py:106} INFO - 	retry.backoff.ms = 100
[2026-04-12T04:37:42.000+0000] {subprocess.py:106} INFO - 	sasl.client.callback.handler.class = null
[2026-04-12T04:37:42.000+0000] {subprocess.py:106} INFO - 	sasl.jaas.config = null
[2026-04-12T04:37:42.000+0000] {subprocess.py:106} INFO - 	sasl.kerberos.kinit.cmd = /usr/bin/kinit
[2026-04-12T04:37:42.001+0000] {subprocess.py:106} INFO - 	sasl.kerberos.min.time.before.relogin = 60000
[2026-04-12T04:37:42.001+0000] {subprocess.py:106} INFO - 	sasl.kerberos.service.name = null
[2026-04-12T04:37:42.002+0000] {subprocess.py:106} INFO - 	sasl.kerberos.ticket.renew.jitter = 0.05
[2026-04-12T04:37:42.002+0000] {subprocess.py:106} INFO - 	sasl.kerberos.ticket.renew.window.factor = 0.8
[2026-04-12T04:37:42.002+0000] {subprocess.py:106} INFO - 	sasl.login.callback.handler.class = null
[2026-04-12T04:37:42.003+0000] {subprocess.py:106} INFO - 	sasl.login.class = null
[2026-04-12T04:37:42.003+0000] {subprocess.py:106} INFO - 	sasl.login.connect.timeout.ms = null
[2026-04-12T04:37:42.004+0000] {subprocess.py:106} INFO - 	sasl.login.read.timeout.ms = null
[2026-04-12T04:37:42.004+0000] {subprocess.py:106} INFO - 	sasl.login.refresh.buffer.seconds = 300
[2026-04-12T04:37:42.005+0000] {subprocess.py:106} INFO - 	sasl.login.refresh.min.period.seconds = 60
[2026-04-12T04:37:42.005+0000] {subprocess.py:106} INFO - 	sasl.login.refresh.window.factor = 0.8
[2026-04-12T04:37:42.006+0000] {subprocess.py:106} INFO - 	sasl.login.refresh.window.jitter = 0.05
[2026-04-12T04:37:42.006+0000] {subprocess.py:106} INFO - 	sasl.login.retry.backoff.max.ms = 10000
[2026-04-12T04:37:42.007+0000] {subprocess.py:106} INFO - 	sasl.login.retry.backoff.ms = 100
[2026-04-12T04:37:42.007+0000] {subprocess.py:106} INFO - 	sasl.mechanism = GSSAPI
[2026-04-12T04:37:42.008+0000] {subprocess.py:106} INFO - 	sasl.oauthbearer.clock.skew.seconds = 30
[2026-04-12T04:37:42.009+0000] {subprocess.py:106} INFO - 	sasl.oauthbearer.expected.audience = null
[2026-04-12T04:37:42.009+0000] {subprocess.py:106} INFO - 	sasl.oauthbearer.expected.issuer = null
[2026-04-12T04:37:42.009+0000] {subprocess.py:106} INFO - 	sasl.oauthbearer.header.urlencode = false
[2026-04-12T04:37:42.010+0000] {subprocess.py:106} INFO - 	sasl.oauthbearer.jwks.endpoint.refresh.ms = 3600000
[2026-04-12T04:37:42.010+0000] {subprocess.py:106} INFO - 	sasl.oauthbearer.jwks.endpoint.retry.backoff.max.ms = 10000
[2026-04-12T04:37:42.011+0000] {subprocess.py:106} INFO - 	sasl.oauthbearer.jwks.endpoint.retry.backoff.ms = 100
[2026-04-12T04:37:42.011+0000] {subprocess.py:106} INFO - 	sasl.oauthbearer.jwks.endpoint.url = null
[2026-04-12T04:37:42.012+0000] {subprocess.py:106} INFO - 	sasl.oauthbearer.scope.claim.name = scope
[2026-04-12T04:37:42.012+0000] {subprocess.py:106} INFO - 	sasl.oauthbearer.sub.claim.name = sub
[2026-04-12T04:37:42.012+0000] {subprocess.py:106} INFO - 	sasl.oauthbearer.token.endpoint.url = null
[2026-04-12T04:37:42.013+0000] {subprocess.py:106} INFO - 	security.protocol = PLAINTEXT
[2026-04-12T04:37:42.013+0000] {subprocess.py:106} INFO - 	security.providers = null
[2026-04-12T04:37:42.013+0000] {subprocess.py:106} INFO - 	send.buffer.bytes = 131072
[2026-04-12T04:37:42.014+0000] {subprocess.py:106} INFO - 	session.timeout.ms = 45000
[2026-04-12T04:37:42.014+0000] {subprocess.py:106} INFO - 	socket.connection.setup.timeout.max.ms = 30000
[2026-04-12T04:37:42.015+0000] {subprocess.py:106} INFO - 	socket.connection.setup.timeout.ms = 10000
[2026-04-12T04:37:42.015+0000] {subprocess.py:106} INFO - 	ssl.cipher.suites = null
[2026-04-12T04:37:42.016+0000] {subprocess.py:106} INFO - 	ssl.enabled.protocols = [TLSv1.2, TLSv1.3]
[2026-04-12T04:37:42.016+0000] {subprocess.py:106} INFO - 	ssl.endpoint.identification.algorithm = https
[2026-04-12T04:37:42.017+0000] {subprocess.py:106} INFO - 	ssl.engine.factory.class = null
[2026-04-12T04:37:42.017+0000] {subprocess.py:106} INFO - 	ssl.key.password = null
[2026-04-12T04:37:42.017+0000] {subprocess.py:106} INFO - 	ssl.keymanager.algorithm = SunX509
[2026-04-12T04:37:42.018+0000] {subprocess.py:106} INFO - 	ssl.keystore.certificate.chain = null
[2026-04-12T04:37:42.018+0000] {subprocess.py:106} INFO - 	ssl.keystore.key = null
[2026-04-12T04:37:42.019+0000] {subprocess.py:106} INFO - 	ssl.keystore.location = null
[2026-04-12T04:37:42.019+0000] {subprocess.py:106} INFO - 	ssl.keystore.password = null
[2026-04-12T04:37:42.020+0000] {subprocess.py:106} INFO - 	ssl.keystore.type = JKS
[2026-04-12T04:37:42.020+0000] {subprocess.py:106} INFO - 	ssl.protocol = TLSv1.3
[2026-04-12T04:37:42.021+0000] {subprocess.py:106} INFO - 	ssl.provider = null
[2026-04-12T04:37:42.021+0000] {subprocess.py:106} INFO - 	ssl.secure.random.implementation = null
[2026-04-12T04:37:42.022+0000] {subprocess.py:106} INFO - 	ssl.trustmanager.algorithm = PKIX
[2026-04-12T04:37:42.022+0000] {subprocess.py:106} INFO - 	ssl.truststore.certificates = null
[2026-04-12T04:37:42.024+0000] {subprocess.py:106} INFO - 	ssl.truststore.location = null
[2026-04-12T04:37:42.025+0000] {subprocess.py:106} INFO - 	ssl.truststore.password = null
[2026-04-12T04:37:42.025+0000] {subprocess.py:106} INFO - 	ssl.truststore.type = JKS
[2026-04-12T04:37:42.026+0000] {subprocess.py:106} INFO - 	value.deserializer = class org.apache.kafka.common.serialization.ByteArrayDeserializer
[2026-04-12T04:37:42.026+0000] {subprocess.py:106} INFO - 
[2026-04-12T04:37:42.027+0000] {subprocess.py:106} INFO - 26/04/12 04:37:41 INFO KafkaMetricsCollector: initializing Kafka metrics collector
[2026-04-12T04:37:42.027+0000] {subprocess.py:106} INFO - 26/04/12 04:37:41 INFO KafkaMetricsCollector: initializing Kafka metrics collector
[2026-04-12T04:37:42.028+0000] {subprocess.py:106} INFO - 26/04/12 04:37:41 INFO KafkaMetricsCollector: initializing Kafka metrics collector
[2026-04-12T04:37:42.143+0000] {subprocess.py:106} INFO - 26/04/12 04:37:42 INFO AppInfoParser: Kafka version: 3.9.0
[2026-04-12T04:37:42.144+0000] {subprocess.py:106} INFO - 26/04/12 04:37:42 INFO AppInfoParser: Kafka commitId: 84caaa6e9da06435
[2026-04-12T04:37:42.144+0000] {subprocess.py:106} INFO - 26/04/12 04:37:42 INFO AppInfoParser: Kafka startTimeMs: 1775968662139
[2026-04-12T04:37:42.147+0000] {subprocess.py:106} INFO - 26/04/12 04:37:42 INFO AppInfoParser: Kafka version: 3.9.0
[2026-04-12T04:37:42.148+0000] {subprocess.py:106} INFO - 26/04/12 04:37:42 INFO AppInfoParser: Kafka commitId: 84caaa6e9da06435
[2026-04-12T04:37:42.148+0000] {subprocess.py:106} INFO - 26/04/12 04:37:42 INFO AppInfoParser: Kafka startTimeMs: 1775968662140
[2026-04-12T04:37:42.149+0000] {subprocess.py:106} INFO - 26/04/12 04:37:42 INFO AppInfoParser: Kafka version: 3.9.0
[2026-04-12T04:37:42.149+0000] {subprocess.py:106} INFO - 26/04/12 04:37:42 INFO AppInfoParser: Kafka commitId: 84caaa6e9da06435
[2026-04-12T04:37:42.150+0000] {subprocess.py:106} INFO - 26/04/12 04:37:42 INFO AppInfoParser: Kafka startTimeMs: 1775968662140
[2026-04-12T04:37:42.151+0000] {subprocess.py:106} INFO - 26/04/12 04:37:42 INFO ClassicKafkaConsumer: [Consumer clientId=consumer-spark-kafka-source-7b3e6395-33dd-4238-afc6-b81155a100b8--983882313-executor-1, groupId=spark-kafka-source-7b3e6395-33dd-4238-afc6-b81155a100b8--983882313-executor] Assigned to partition(s): weather-topic-0
[2026-04-12T04:37:42.151+0000] {subprocess.py:106} INFO - 26/04/12 04:37:42 INFO ClassicKafkaConsumer: [Consumer clientId=consumer-spark-kafka-source-7b3e6395-33dd-4238-afc6-b81155a100b8--983882313-executor-2, groupId=spark-kafka-source-7b3e6395-33dd-4238-afc6-b81155a100b8--983882313-executor] Assigned to partition(s): weather-topic-1
[2026-04-12T04:37:42.152+0000] {subprocess.py:106} INFO - 26/04/12 04:37:42 INFO ClassicKafkaConsumer: [Consumer clientId=consumer-spark-kafka-source-7b3e6395-33dd-4238-afc6-b81155a100b8--983882313-executor-3, groupId=spark-kafka-source-7b3e6395-33dd-4238-afc6-b81155a100b8--983882313-executor] Assigned to partition(s): weather-topic-2
[2026-04-12T04:37:42.167+0000] {subprocess.py:106} INFO - 26/04/12 04:37:42 INFO ClassicKafkaConsumer: [Consumer clientId=consumer-spark-kafka-source-7b3e6395-33dd-4238-afc6-b81155a100b8--983882313-executor-3, groupId=spark-kafka-source-7b3e6395-33dd-4238-afc6-b81155a100b8--983882313-executor] Seeking to offset 13 for partition weather-topic-2
[2026-04-12T04:37:42.167+0000] {subprocess.py:106} INFO - 26/04/12 04:37:42 INFO ClassicKafkaConsumer: [Consumer clientId=consumer-spark-kafka-source-7b3e6395-33dd-4238-afc6-b81155a100b8--983882313-executor-2, groupId=spark-kafka-source-7b3e6395-33dd-4238-afc6-b81155a100b8--983882313-executor] Seeking to offset 16 for partition weather-topic-1
[2026-04-12T04:37:42.168+0000] {subprocess.py:106} INFO - 26/04/12 04:37:42 INFO ClassicKafkaConsumer: [Consumer clientId=consumer-spark-kafka-source-7b3e6395-33dd-4238-afc6-b81155a100b8--983882313-executor-1, groupId=spark-kafka-source-7b3e6395-33dd-4238-afc6-b81155a100b8--983882313-executor] Seeking to offset 11 for partition weather-topic-0
[2026-04-12T04:37:42.691+0000] {subprocess.py:106} INFO - 26/04/12 04:37:42 INFO Metadata: [Consumer clientId=consumer-spark-kafka-source-7b3e6395-33dd-4238-afc6-b81155a100b8--983882313-executor-1, groupId=spark-kafka-source-7b3e6395-33dd-4238-afc6-b81155a100b8--983882313-executor] Cluster ID: kkX-ljWLTPS7MNugi1CRGg
[2026-04-12T04:37:42.693+0000] {subprocess.py:106} INFO - 26/04/12 04:37:42 INFO Metadata: [Consumer clientId=consumer-spark-kafka-source-7b3e6395-33dd-4238-afc6-b81155a100b8--983882313-executor-2, groupId=spark-kafka-source-7b3e6395-33dd-4238-afc6-b81155a100b8--983882313-executor] Cluster ID: kkX-ljWLTPS7MNugi1CRGg
[2026-04-12T04:37:42.694+0000] {subprocess.py:106} INFO - 26/04/12 04:37:42 INFO Metadata: [Consumer clientId=consumer-spark-kafka-source-7b3e6395-33dd-4238-afc6-b81155a100b8--983882313-executor-3, groupId=spark-kafka-source-7b3e6395-33dd-4238-afc6-b81155a100b8--983882313-executor] Cluster ID: kkX-ljWLTPS7MNugi1CRGg
[2026-04-12T04:37:42.772+0000] {subprocess.py:106} INFO - 26/04/12 04:37:42 INFO SubscriptionState: [Consumer clientId=consumer-spark-kafka-source-7b3e6395-33dd-4238-afc6-b81155a100b8--983882313-executor-3, groupId=spark-kafka-source-7b3e6395-33dd-4238-afc6-b81155a100b8--983882313-executor] Seeking to earliest offset of partition weather-topic-2
[2026-04-12T04:37:42.776+0000] {subprocess.py:106} INFO - 26/04/12 04:37:42 INFO SubscriptionState: [Consumer clientId=consumer-spark-kafka-source-7b3e6395-33dd-4238-afc6-b81155a100b8--983882313-executor-1, groupId=spark-kafka-source-7b3e6395-33dd-4238-afc6-b81155a100b8--983882313-executor] Seeking to earliest offset of partition weather-topic-0
[2026-04-12T04:37:42.776+0000] {subprocess.py:106} INFO - 26/04/12 04:37:42 INFO SubscriptionState: [Consumer clientId=consumer-spark-kafka-source-7b3e6395-33dd-4238-afc6-b81155a100b8--983882313-executor-2, groupId=spark-kafka-source-7b3e6395-33dd-4238-afc6-b81155a100b8--983882313-executor] Seeking to earliest offset of partition weather-topic-1
[2026-04-12T04:37:43.275+0000] {subprocess.py:106} INFO - 26/04/12 04:37:43 INFO SubscriptionState: [Consumer clientId=consumer-spark-kafka-source-7b3e6395-33dd-4238-afc6-b81155a100b8--983882313-executor-3, groupId=spark-kafka-source-7b3e6395-33dd-4238-afc6-b81155a100b8--983882313-executor] Resetting offset for partition weather-topic-2 to position FetchPosition{offset=0, offsetEpoch=Optional.empty, currentLeader=LeaderAndEpoch{leader=Optional[kafka:9092 (id: 1 rack: null)], epoch=0}}.
[2026-04-12T04:37:43.277+0000] {subprocess.py:106} INFO - 26/04/12 04:37:43 INFO SubscriptionState: [Consumer clientId=consumer-spark-kafka-source-7b3e6395-33dd-4238-afc6-b81155a100b8--983882313-executor-1, groupId=spark-kafka-source-7b3e6395-33dd-4238-afc6-b81155a100b8--983882313-executor] Resetting offset for partition weather-topic-0 to position FetchPosition{offset=0, offsetEpoch=Optional.empty, currentLeader=LeaderAndEpoch{leader=Optional[kafka:9092 (id: 1 rack: null)], epoch=0}}.
[2026-04-12T04:37:43.278+0000] {subprocess.py:106} INFO - 26/04/12 04:37:43 INFO SubscriptionState: [Consumer clientId=consumer-spark-kafka-source-7b3e6395-33dd-4238-afc6-b81155a100b8--983882313-executor-2, groupId=spark-kafka-source-7b3e6395-33dd-4238-afc6-b81155a100b8--983882313-executor] Resetting offset for partition weather-topic-1 to position FetchPosition{offset=0, offsetEpoch=Optional.empty, currentLeader=LeaderAndEpoch{leader=Optional[kafka:9092 (id: 1 rack: null)], epoch=0}}.
[2026-04-12T04:37:43.278+0000] {subprocess.py:106} INFO - 26/04/12 04:37:43 INFO SubscriptionState: [Consumer clientId=consumer-spark-kafka-source-7b3e6395-33dd-4238-afc6-b81155a100b8--983882313-executor-3, groupId=spark-kafka-source-7b3e6395-33dd-4238-afc6-b81155a100b8--983882313-executor] Seeking to latest offset of partition weather-topic-2
[2026-04-12T04:37:43.279+0000] {subprocess.py:106} INFO - 26/04/12 04:37:43 INFO SubscriptionState: [Consumer clientId=consumer-spark-kafka-source-7b3e6395-33dd-4238-afc6-b81155a100b8--983882313-executor-2, groupId=spark-kafka-source-7b3e6395-33dd-4238-afc6-b81155a100b8--983882313-executor] Seeking to latest offset of partition weather-topic-1
[2026-04-12T04:37:43.279+0000] {subprocess.py:106} INFO - 26/04/12 04:37:43 INFO SubscriptionState: [Consumer clientId=consumer-spark-kafka-source-7b3e6395-33dd-4238-afc6-b81155a100b8--983882313-executor-1, groupId=spark-kafka-source-7b3e6395-33dd-4238-afc6-b81155a100b8--983882313-executor] Seeking to latest offset of partition weather-topic-0
[2026-04-12T04:37:43.280+0000] {subprocess.py:106} INFO - 26/04/12 04:37:43 INFO SubscriptionState: [Consumer clientId=consumer-spark-kafka-source-7b3e6395-33dd-4238-afc6-b81155a100b8--983882313-executor-1, groupId=spark-kafka-source-7b3e6395-33dd-4238-afc6-b81155a100b8--983882313-executor] Resetting offset for partition weather-topic-0 to position FetchPosition{offset=28, offsetEpoch=Optional.empty, currentLeader=LeaderAndEpoch{leader=Optional[kafka:9092 (id: 1 rack: null)], epoch=0}}.
[2026-04-12T04:37:43.280+0000] {subprocess.py:106} INFO - 26/04/12 04:37:43 INFO SubscriptionState: [Consumer clientId=consumer-spark-kafka-source-7b3e6395-33dd-4238-afc6-b81155a100b8--983882313-executor-2, groupId=spark-kafka-source-7b3e6395-33dd-4238-afc6-b81155a100b8--983882313-executor] Resetting offset for partition weather-topic-1 to position FetchPosition{offset=44, offsetEpoch=Optional.empty, currentLeader=LeaderAndEpoch{leader=Optional[kafka:9092 (id: 1 rack: null)], epoch=0}}.
[2026-04-12T04:37:43.280+0000] {subprocess.py:106} INFO - 26/04/12 04:37:43 INFO SubscriptionState: [Consumer clientId=consumer-spark-kafka-source-7b3e6395-33dd-4238-afc6-b81155a100b8--983882313-executor-3, groupId=spark-kafka-source-7b3e6395-33dd-4238-afc6-b81155a100b8--983882313-executor] Resetting offset for partition weather-topic-2 to position FetchPosition{offset=28, offsetEpoch=Optional.empty, currentLeader=LeaderAndEpoch{leader=Optional[kafka:9092 (id: 1 rack: null)], epoch=0}}.
[2026-04-12T04:37:43.436+0000] {subprocess.py:106} INFO - 26/04/12 04:37:43 INFO KafkaDataConsumer: From Kafka topicPartition=weather-topic-2 groupId=spark-kafka-source-7b3e6395-33dd-4238-afc6-b81155a100b8--983882313-executor read 9 records through 1 polls (polled out 15 records), taking 1112.825683 ms, during time span of 1272.358487 ms.
[2026-04-12T04:37:43.437+0000] {subprocess.py:106} INFO - 26/04/12 04:37:43 INFO KafkaDataConsumer: From Kafka topicPartition=weather-topic-0 groupId=spark-kafka-source-7b3e6395-33dd-4238-afc6-b81155a100b8--983882313-executor read 4 records through 1 polls (polled out 17 records), taking 1112.909176 ms, during time span of 1272.364657 ms.
[2026-04-12T04:37:43.437+0000] {subprocess.py:106} INFO - 26/04/12 04:37:43 INFO KafkaDataConsumer: From Kafka topicPartition=weather-topic-1 groupId=spark-kafka-source-7b3e6395-33dd-4238-afc6-b81155a100b8--983882313-executor read 7 records through 1 polls (polled out 28 records), taking 1112.830257 ms, during time span of 1272.327005 ms.
[2026-04-12T04:37:43.461+0000] {subprocess.py:106} INFO - 26/04/12 04:37:43 INFO Executor: Finished task 1.0 in stage 0.0 (TID 1). 2382 bytes result sent to driver
[2026-04-12T04:37:43.462+0000] {subprocess.py:106} INFO - 26/04/12 04:37:43 INFO Executor: Finished task 2.0 in stage 0.0 (TID 2). 2382 bytes result sent to driver
[2026-04-12T04:37:43.463+0000] {subprocess.py:106} INFO - 26/04/12 04:37:43 INFO Executor: Finished task 0.0 in stage 0.0 (TID 0). 2382 bytes result sent to driver
[2026-04-12T04:37:43.474+0000] {subprocess.py:106} INFO - 26/04/12 04:37:43 INFO TaskSetManager: Finished task 2.0 in stage 0.0 (TID 2) in 2062 ms on spark-master (executor driver) (1/3)
[2026-04-12T04:37:43.476+0000] {subprocess.py:106} INFO - 26/04/12 04:37:43 INFO TaskSetManager: Finished task 1.0 in stage 0.0 (TID 1) in 2067 ms on spark-master (executor driver) (2/3)
[2026-04-12T04:37:43.476+0000] {subprocess.py:106} INFO - 26/04/12 04:37:43 INFO TaskSetManager: Finished task 0.0 in stage 0.0 (TID 0) in 2087 ms on spark-master (executor driver) (3/3)
[2026-04-12T04:37:43.478+0000] {subprocess.py:106} INFO - 26/04/12 04:37:43 INFO TaskSchedulerImpl: Removed TaskSet 0.0 whose tasks have all completed, from pool
[2026-04-12T04:37:43.487+0000] {subprocess.py:106} INFO - 26/04/12 04:37:43 INFO DAGScheduler: ShuffleMapStage 0 (start at NativeMethodAccessorImpl.java:0) finished in 2272 ms
[2026-04-12T04:37:43.488+0000] {subprocess.py:106} INFO - 26/04/12 04:37:43 INFO DAGScheduler: looking for newly runnable stages
[2026-04-12T04:37:43.489+0000] {subprocess.py:106} INFO - 26/04/12 04:37:43 INFO DAGScheduler: running: HashSet()
[2026-04-12T04:37:43.489+0000] {subprocess.py:106} INFO - 26/04/12 04:37:43 INFO DAGScheduler: waiting: HashSet(ResultStage 1)
[2026-04-12T04:37:43.490+0000] {subprocess.py:106} INFO - 26/04/12 04:37:43 INFO DAGScheduler: failed: HashSet()
[2026-04-12T04:37:43.493+0000] {subprocess.py:106} INFO - 26/04/12 04:37:43 INFO DAGScheduler: Submitting ResultStage 1 (MapPartitionsRDD[9] at start at NativeMethodAccessorImpl.java:0), which has no missing parents
[2026-04-12T04:37:43.503+0000] {subprocess.py:106} INFO - 26/04/12 04:37:43 INFO MemoryStore: Block broadcast_1 stored as values in memory (estimated size 13.6 KiB, free 1048.7 MiB)
[2026-04-12T04:37:43.505+0000] {subprocess.py:106} INFO - 26/04/12 04:37:43 INFO MemoryStore: Block broadcast_1_piece0 stored as bytes in memory (estimated size 6.5 KiB, free 1048.7 MiB)
[2026-04-12T04:37:43.507+0000] {subprocess.py:106} INFO - 26/04/12 04:37:43 INFO SparkContext: Created broadcast 1 from broadcast at DAGScheduler.scala:1676
[2026-04-12T04:37:43.509+0000] {subprocess.py:106} INFO - 26/04/12 04:37:43 INFO DAGScheduler: Submitting 1 missing tasks from ResultStage 1 (MapPartitionsRDD[9] at start at NativeMethodAccessorImpl.java:0) (first 15 tasks are for partitions Vector(0))
[2026-04-12T04:37:43.509+0000] {subprocess.py:106} INFO - 26/04/12 04:37:43 INFO TaskSchedulerImpl: Adding task set 1.0 with 1 tasks resource profile 0
[2026-04-12T04:37:43.516+0000] {subprocess.py:106} INFO - 26/04/12 04:37:43 INFO TaskSetManager: Starting task 0.0 in stage 1.0 (TID 3) (spark-master,executor driver, partition 0, NODE_LOCAL, 12446 bytes)
[2026-04-12T04:37:43.517+0000] {subprocess.py:106} INFO - 26/04/12 04:37:43 INFO Executor: Running task 0.0 in stage 1.0 (TID 3)
[2026-04-12T04:37:43.576+0000] {subprocess.py:106} INFO - 26/04/12 04:37:43 INFO ShuffleBlockFetcherIterator: Getting 3 (180.0 B) non-empty blocks including 3 (180.0 B) local and 0 (0.0 B) host-local and 0 (0.0 B) push-merged-local and 0 (0.0 B) remote blocks
[2026-04-12T04:37:43.579+0000] {subprocess.py:106} INFO - 26/04/12 04:37:43 INFO ShuffleBlockFetcherIterator: Started 0 remote fetches in 24 ms
[2026-04-12T04:37:43.602+0000] {subprocess.py:106} INFO - 26/04/12 04:37:43 INFO CodeGenerator: Code generated in 17.877418 ms
[2026-04-12T04:37:43.620+0000] {subprocess.py:106} INFO - 26/04/12 04:37:43 INFO Executor: Finished task 0.0 in stage 1.0 (TID 3). 3938 bytes result sent to driver
[2026-04-12T04:37:43.624+0000] {subprocess.py:106} INFO - 26/04/12 04:37:43 INFO TaskSetManager: Finished task 0.0 in stage 1.0 (TID 3) in 111 ms on spark-master (executor driver) (1/1)
[2026-04-12T04:37:43.628+0000] {subprocess.py:106} INFO - 26/04/12 04:37:43 INFO TaskSchedulerImpl: Removed TaskSet 1.0 whose tasks have all completed, from pool
[2026-04-12T04:37:43.628+0000] {subprocess.py:106} INFO - 26/04/12 04:37:43 INFO DAGScheduler: ResultStage 1 (start at NativeMethodAccessorImpl.java:0) finished in 124 ms
[2026-04-12T04:37:43.631+0000] {subprocess.py:106} INFO - 26/04/12 04:37:43 INFO DAGScheduler: Job 0 is finished. Cancelling potential speculative or zombie tasks for this job
[2026-04-12T04:37:43.632+0000] {subprocess.py:106} INFO - 26/04/12 04:37:43 INFO TaskSchedulerImpl: Canceling stage 1
[2026-04-12T04:37:43.634+0000] {subprocess.py:106} INFO - 26/04/12 04:37:43 INFO TaskSchedulerImpl: Killing all running tasks in stage 1: Stage finished
[2026-04-12T04:37:43.639+0000] {subprocess.py:106} INFO - 26/04/12 04:37:43 INFO DAGScheduler: Job 0 finished: start at NativeMethodAccessorImpl.java:0, took 2490.238661 ms
[2026-04-12T04:37:43.779+0000] {subprocess.py:106} INFO - 26/04/12 04:37:43 INFO ParquetUtils: Using default output committer for Parquet: org.apache.parquet.hadoop.ParquetOutputCommitter
[2026-04-12T04:37:43.805+0000] {subprocess.py:106} INFO - 26/04/12 04:37:43 INFO FileOutputCommitter: File Output Committer Algorithm version is 1
[2026-04-12T04:37:43.805+0000] {subprocess.py:106} INFO - 26/04/12 04:37:43 INFO FileOutputCommitter: FileOutputCommitter skip cleanup _temporary folders under output directory:false, ignore cleanup failures: false
[2026-04-12T04:37:43.806+0000] {subprocess.py:106} INFO - 26/04/12 04:37:43 INFO SQLHadoopMapReduceCommitProtocol: Using user defined output committer class org.apache.parquet.hadoop.ParquetOutputCommitter
[2026-04-12T04:37:43.807+0000] {subprocess.py:106} INFO - 26/04/12 04:37:43 INFO FileOutputCommitter: File Output Committer Algorithm version is 1
[2026-04-12T04:37:43.807+0000] {subprocess.py:106} INFO - 26/04/12 04:37:43 INFO FileOutputCommitter: FileOutputCommitter skip cleanup _temporary folders under output directory:false, ignore cleanup failures: false
[2026-04-12T04:37:43.808+0000] {subprocess.py:106} INFO - 26/04/12 04:37:43 INFO SQLHadoopMapReduceCommitProtocol: Using output committer class org.apache.parquet.hadoop.ParquetOutputCommitter
[2026-04-12T04:37:43.839+0000] {subprocess.py:106} INFO - 26/04/12 04:37:43 INFO CodeGenerator: Code generated in 17.262126 ms
[2026-04-12T04:37:43.857+0000] {subprocess.py:106} INFO - 26/04/12 04:37:43 INFO SparkContext: Starting job: start at NativeMethodAccessorImpl.java:0
[2026-04-12T04:37:43.857+0000] {subprocess.py:106} INFO - 26/04/12 04:37:43 INFO DAGScheduler: Got job 1 (start at NativeMethodAccessorImpl.java:0) with 3 output partitions
[2026-04-12T04:37:43.858+0000] {subprocess.py:106} INFO - 26/04/12 04:37:43 INFO DAGScheduler: Final stage: ResultStage 2 (start at NativeMethodAccessorImpl.java:0)
[2026-04-12T04:37:43.859+0000] {subprocess.py:106} INFO - 26/04/12 04:37:43 INFO DAGScheduler: Parents of final stage: List()
[2026-04-12T04:37:43.861+0000] {subprocess.py:106} INFO - 26/04/12 04:37:43 INFO DAGScheduler: Missing parents: List()
[2026-04-12T04:37:43.861+0000] {subprocess.py:106} INFO - 26/04/12 04:37:43 INFO DAGScheduler: Submitting ResultStage 2 (MapPartitionsRDD[16] at start at NativeMethodAccessorImpl.java:0), which has no missing parents
[2026-04-12T04:37:43.907+0000] {subprocess.py:106} INFO - 26/04/12 04:37:43 INFO MemoryStore: Block broadcast_2 stored as values in memory (estimated size 298.8 KiB, free 1048.4 MiB)
[2026-04-12T04:37:43.910+0000] {subprocess.py:106} INFO - 26/04/12 04:37:43 INFO MemoryStore: Block broadcast_2_piece0 stored as bytes in memory (estimated size 105.7 KiB, free 1048.3 MiB)
[2026-04-12T04:37:43.912+0000] {subprocess.py:106} INFO - 26/04/12 04:37:43 INFO SparkContext: Created broadcast 2 from broadcast at DAGScheduler.scala:1676
[2026-04-12T04:37:43.913+0000] {subprocess.py:106} INFO - 26/04/12 04:37:43 INFO DAGScheduler: Submitting 3 missing tasks from ResultStage 2 (MapPartitionsRDD[16] at start at NativeMethodAccessorImpl.java:0) (first 15 tasks are for partitions Vector(0, 1, 2))
[2026-04-12T04:37:43.913+0000] {subprocess.py:106} INFO - 26/04/12 04:37:43 INFO TaskSchedulerImpl: Adding task set 2.0 with 3 tasks resource profile 0
[2026-04-12T04:37:43.915+0000] {subprocess.py:106} INFO - 26/04/12 04:37:43 INFO TaskSetManager: Starting task 0.0 in stage 2.0 (TID 4) (spark-master,executor driver, partition 0, PROCESS_LOCAL, 13503 bytes)
[2026-04-12T04:37:43.916+0000] {subprocess.py:106} INFO - 26/04/12 04:37:43 INFO TaskSetManager: Starting task 1.0 in stage 2.0 (TID 5) (spark-master,executor driver, partition 1, PROCESS_LOCAL, 13503 bytes)
[2026-04-12T04:37:43.917+0000] {subprocess.py:106} INFO - 26/04/12 04:37:43 INFO TaskSetManager: Starting task 2.0 in stage 2.0 (TID 6) (spark-master,executor driver, partition 2, PROCESS_LOCAL, 13503 bytes)
[2026-04-12T04:37:43.918+0000] {subprocess.py:106} INFO - 26/04/12 04:37:43 INFO Executor: Running task 0.0 in stage 2.0 (TID 4)
[2026-04-12T04:37:43.919+0000] {subprocess.py:106} INFO - 26/04/12 04:37:43 INFO Executor: Running task 1.0 in stage 2.0 (TID 5)
[2026-04-12T04:37:43.920+0000] {subprocess.py:106} INFO - 26/04/12 04:37:43 INFO Executor: Running task 2.0 in stage 2.0 (TID 6)
[2026-04-12T04:37:44.039+0000] {subprocess.py:106} INFO - 26/04/12 04:37:44 INFO CodeGenerator: Code generated in 19.745739 ms
[2026-04-12T04:37:44.046+0000] {subprocess.py:106} INFO - 26/04/12 04:37:44 INFO KafkaBatchReaderFactory: Creating Kafka reader topicPartition=weather-topic-0 fromOffset=11} untilOffset=15, for query queryId=46e5ad83-a953-440f-bb1b-14366f27bcb7 batchId=1 taskId=4 partitionId=0
[2026-04-12T04:37:44.047+0000] {subprocess.py:106} INFO - 26/04/12 04:37:44 INFO KafkaBatchReaderFactory: Creating Kafka reader topicPartition=weather-topic-1 fromOffset=16} untilOffset=23, for query queryId=46e5ad83-a953-440f-bb1b-14366f27bcb7 batchId=1 taskId=5 partitionId=1
[2026-04-12T04:37:44.048+0000] {subprocess.py:106} INFO - 26/04/12 04:37:44 INFO KafkaBatchReaderFactory: Creating Kafka reader topicPartition=weather-topic-2 fromOffset=13} untilOffset=22, for query queryId=46e5ad83-a953-440f-bb1b-14366f27bcb7 batchId=1 taskId=6 partitionId=2
[2026-04-12T04:37:44.057+0000] {subprocess.py:106} INFO - 26/04/12 04:37:44 INFO ClassicKafkaConsumer: [Consumer clientId=consumer-spark-kafka-source-7b3e6395-33dd-4238-afc6-b81155a100b8--983882313-executor-3, groupId=spark-kafka-source-7b3e6395-33dd-4238-afc6-b81155a100b8--983882313-executor] Seeking to offset 13 for partition weather-topic-2
[2026-04-12T04:37:44.059+0000] {subprocess.py:106} INFO - 26/04/12 04:37:44 INFO ClassicKafkaConsumer: [Consumer clientId=consumer-spark-kafka-source-7b3e6395-33dd-4238-afc6-b81155a100b8--983882313-executor-2, groupId=spark-kafka-source-7b3e6395-33dd-4238-afc6-b81155a100b8--983882313-executor] Seeking to offset 16 for partition weather-topic-1
[2026-04-12T04:37:44.060+0000] {subprocess.py:106} INFO - 26/04/12 04:37:44 INFO ClassicKafkaConsumer: [Consumer clientId=consumer-spark-kafka-source-7b3e6395-33dd-4238-afc6-b81155a100b8--983882313-executor-1, groupId=spark-kafka-source-7b3e6395-33dd-4238-afc6-b81155a100b8--983882313-executor] Seeking to offset 11 for partition weather-topic-0
[2026-04-12T04:37:44.062+0000] {subprocess.py:106} INFO - 26/04/12 04:37:44 INFO SubscriptionState: [Consumer clientId=consumer-spark-kafka-source-7b3e6395-33dd-4238-afc6-b81155a100b8--983882313-executor-2, groupId=spark-kafka-source-7b3e6395-33dd-4238-afc6-b81155a100b8--983882313-executor] Seeking to earliest offset of partition weather-topic-1
[2026-04-12T04:37:44.063+0000] {subprocess.py:106} INFO - 26/04/12 04:37:44 INFO SubscriptionState: [Consumer clientId=consumer-spark-kafka-source-7b3e6395-33dd-4238-afc6-b81155a100b8--983882313-executor-3, groupId=spark-kafka-source-7b3e6395-33dd-4238-afc6-b81155a100b8--983882313-executor] Seeking to earliest offset of partition weather-topic-2
[2026-04-12T04:37:44.063+0000] {subprocess.py:106} INFO - 26/04/12 04:37:44 INFO SubscriptionState: [Consumer clientId=consumer-spark-kafka-source-7b3e6395-33dd-4238-afc6-b81155a100b8--983882313-executor-1, groupId=spark-kafka-source-7b3e6395-33dd-4238-afc6-b81155a100b8--983882313-executor] Seeking to earliest offset of partition weather-topic-0
[2026-04-12T04:37:44.566+0000] {subprocess.py:106} INFO - 26/04/12 04:37:44 INFO SubscriptionState: [Consumer clientId=consumer-spark-kafka-source-7b3e6395-33dd-4238-afc6-b81155a100b8--983882313-executor-1, groupId=spark-kafka-source-7b3e6395-33dd-4238-afc6-b81155a100b8--983882313-executor] Resetting offset for partition weather-topic-0 to position FetchPosition{offset=0, offsetEpoch=Optional.empty, currentLeader=LeaderAndEpoch{leader=Optional[kafka:9092 (id: 1 rack: null)], epoch=0}}.
[2026-04-12T04:37:44.567+0000] {subprocess.py:106} INFO - 26/04/12 04:37:44 INFO SubscriptionState: [Consumer clientId=consumer-spark-kafka-source-7b3e6395-33dd-4238-afc6-b81155a100b8--983882313-executor-3, groupId=spark-kafka-source-7b3e6395-33dd-4238-afc6-b81155a100b8--983882313-executor] Resetting offset for partition weather-topic-2 to position FetchPosition{offset=0, offsetEpoch=Optional.empty, currentLeader=LeaderAndEpoch{leader=Optional[kafka:9092 (id: 1 rack: null)], epoch=0}}.
[2026-04-12T04:37:44.567+0000] {subprocess.py:106} INFO - 26/04/12 04:37:44 INFO SubscriptionState: [Consumer clientId=consumer-spark-kafka-source-7b3e6395-33dd-4238-afc6-b81155a100b8--983882313-executor-2, groupId=spark-kafka-source-7b3e6395-33dd-4238-afc6-b81155a100b8--983882313-executor] Resetting offset for partition weather-topic-1 to position FetchPosition{offset=0, offsetEpoch=Optional.empty, currentLeader=LeaderAndEpoch{leader=Optional[kafka:9092 (id: 1 rack: null)], epoch=0}}.
[2026-04-12T04:37:44.568+0000] {subprocess.py:106} INFO - 26/04/12 04:37:44 INFO SubscriptionState: [Consumer clientId=consumer-spark-kafka-source-7b3e6395-33dd-4238-afc6-b81155a100b8--983882313-executor-1, groupId=spark-kafka-source-7b3e6395-33dd-4238-afc6-b81155a100b8--983882313-executor] Seeking to latest offset of partition weather-topic-0
[2026-04-12T04:37:44.568+0000] {subprocess.py:106} INFO - 26/04/12 04:37:44 INFO SubscriptionState: [Consumer clientId=consumer-spark-kafka-source-7b3e6395-33dd-4238-afc6-b81155a100b8--983882313-executor-3, groupId=spark-kafka-source-7b3e6395-33dd-4238-afc6-b81155a100b8--983882313-executor] Seeking to latest offset of partition weather-topic-2
[2026-04-12T04:37:44.569+0000] {subprocess.py:106} INFO - 26/04/12 04:37:44 INFO SubscriptionState: [Consumer clientId=consumer-spark-kafka-source-7b3e6395-33dd-4238-afc6-b81155a100b8--983882313-executor-2, groupId=spark-kafka-source-7b3e6395-33dd-4238-afc6-b81155a100b8--983882313-executor] Seeking to latest offset of partition weather-topic-1
[2026-04-12T04:37:44.569+0000] {subprocess.py:106} INFO - 26/04/12 04:37:44 INFO SubscriptionState: [Consumer clientId=consumer-spark-kafka-source-7b3e6395-33dd-4238-afc6-b81155a100b8--983882313-executor-2, groupId=spark-kafka-source-7b3e6395-33dd-4238-afc6-b81155a100b8--983882313-executor] Resetting offset for partition weather-topic-1 to position FetchPosition{offset=44, offsetEpoch=Optional.empty, currentLeader=LeaderAndEpoch{leader=Optional[kafka:9092 (id: 1 rack: null)], epoch=0}}.
[2026-04-12T04:37:44.570+0000] {subprocess.py:106} INFO - 26/04/12 04:37:44 INFO SubscriptionState: [Consumer clientId=consumer-spark-kafka-source-7b3e6395-33dd-4238-afc6-b81155a100b8--983882313-executor-1, groupId=spark-kafka-source-7b3e6395-33dd-4238-afc6-b81155a100b8--983882313-executor] Resetting offset for partition weather-topic-0 to position FetchPosition{offset=28, offsetEpoch=Optional.empty, currentLeader=LeaderAndEpoch{leader=Optional[kafka:9092 (id: 1 rack: null)], epoch=0}}.
[2026-04-12T04:37:44.570+0000] {subprocess.py:106} INFO - 26/04/12 04:37:44 INFO SubscriptionState: [Consumer clientId=consumer-spark-kafka-source-7b3e6395-33dd-4238-afc6-b81155a100b8--983882313-executor-3, groupId=spark-kafka-source-7b3e6395-33dd-4238-afc6-b81155a100b8--983882313-executor] Resetting offset for partition weather-topic-2 to position FetchPosition{offset=28, offsetEpoch=Optional.empty, currentLeader=LeaderAndEpoch{leader=Optional[kafka:9092 (id: 1 rack: null)], epoch=0}}.
[2026-04-12T04:37:44.608+0000] {subprocess.py:106} INFO - 26/04/12 04:37:44 INFO MemoryStore: Block rdd_12_2 stored as values in memory (estimated size 4.3 KiB, free 1048.3 MiB)
[2026-04-12T04:37:44.609+0000] {subprocess.py:106} INFO - 26/04/12 04:37:44 INFO MemoryStore: Block rdd_12_1 stored as values in memory (estimated size 4.0 KiB, free 1048.3 MiB)
[2026-04-12T04:37:44.610+0000] {subprocess.py:106} INFO - 26/04/12 04:37:44 INFO MemoryStore: Block rdd_12_0 stored as values in memory (estimated size 3.5 KiB, free 1048.3 MiB)
[2026-04-12T04:37:44.624+0000] {subprocess.py:106} INFO - 26/04/12 04:37:44 INFO CodeGenerator: Code generated in 4.591243 ms
[2026-04-12T04:37:44.674+0000] {subprocess.py:106} INFO - 26/04/12 04:37:44 INFO CodeGenerator: Code generated in 36.493081 ms
[2026-04-12T04:37:44.678+0000] {subprocess.py:106} INFO - 26/04/12 04:37:44 INFO FileOutputCommitter: File Output Committer Algorithm version is 1
[2026-04-12T04:37:44.679+0000] {subprocess.py:106} INFO - 26/04/12 04:37:44 INFO FileOutputCommitter: File Output Committer Algorithm version is 1
[2026-04-12T04:37:44.680+0000] {subprocess.py:106} INFO - 26/04/12 04:37:44 INFO FileOutputCommitter: FileOutputCommitter skip cleanup _temporary folders under output directory:false, ignore cleanup failures: false
[2026-04-12T04:37:44.681+0000] {subprocess.py:106} INFO - 26/04/12 04:37:44 INFO FileOutputCommitter: FileOutputCommitter skip cleanup _temporary folders under output directory:false, ignore cleanup failures: false
[2026-04-12T04:37:44.681+0000] {subprocess.py:106} INFO - 26/04/12 04:37:44 INFO FileOutputCommitter: File Output Committer Algorithm version is 1
[2026-04-12T04:37:44.682+0000] {subprocess.py:106} INFO - 26/04/12 04:37:44 INFO FileOutputCommitter: FileOutputCommitter skip cleanup _temporary folders under output directory:false, ignore cleanup failures: false
[2026-04-12T04:37:44.682+0000] {subprocess.py:106} INFO - 26/04/12 04:37:44 INFO SQLHadoopMapReduceCommitProtocol: Using user defined output committer class org.apache.parquet.hadoop.ParquetOutputCommitter
[2026-04-12T04:37:44.683+0000] {subprocess.py:106} INFO - 26/04/12 04:37:44 INFO SQLHadoopMapReduceCommitProtocol: Using user defined output committer class org.apache.parquet.hadoop.ParquetOutputCommitter
[2026-04-12T04:37:44.684+0000] {subprocess.py:106} INFO - 26/04/12 04:37:44 INFO FileOutputCommitter: File Output Committer Algorithm version is 1
[2026-04-12T04:37:44.684+0000] {subprocess.py:106} INFO - 26/04/12 04:37:44 INFO SQLHadoopMapReduceCommitProtocol: Using user defined output committer class org.apache.parquet.hadoop.ParquetOutputCommitter
[2026-04-12T04:37:44.685+0000] {subprocess.py:106} INFO - 26/04/12 04:37:44 INFO FileOutputCommitter: FileOutputCommitter skip cleanup _temporary folders under output directory:false, ignore cleanup failures: false
[2026-04-12T04:37:44.685+0000] {subprocess.py:106} INFO - 26/04/12 04:37:44 INFO FileOutputCommitter: File Output Committer Algorithm version is 1
[2026-04-12T04:37:44.686+0000] {subprocess.py:106} INFO - 26/04/12 04:37:44 INFO FileOutputCommitter: File Output Committer Algorithm version is 1
[2026-04-12T04:37:44.686+0000] {subprocess.py:106} INFO - 26/04/12 04:37:44 INFO FileOutputCommitter: FileOutputCommitter skip cleanup _temporary folders under output directory:false, ignore cleanup failures: false
[2026-04-12T04:37:44.687+0000] {subprocess.py:106} INFO - 26/04/12 04:37:44 INFO FileOutputCommitter: FileOutputCommitter skip cleanup _temporary folders under output directory:false, ignore cleanup failures: false
[2026-04-12T04:37:44.688+0000] {subprocess.py:106} INFO - 26/04/12 04:37:44 INFO SQLHadoopMapReduceCommitProtocol: Using output committer class org.apache.parquet.hadoop.ParquetOutputCommitter
[2026-04-12T04:37:44.689+0000] {subprocess.py:106} INFO - 26/04/12 04:37:44 INFO SQLHadoopMapReduceCommitProtocol: Using output committer class org.apache.parquet.hadoop.ParquetOutputCommitter
[2026-04-12T04:37:44.689+0000] {subprocess.py:106} INFO - 26/04/12 04:37:44 INFO SQLHadoopMapReduceCommitProtocol: Using output committer class org.apache.parquet.hadoop.ParquetOutputCommitter
[2026-04-12T04:37:44.690+0000] {subprocess.py:106} INFO - 26/04/12 04:37:44 INFO CodecConfig: Compression: SNAPPY
[2026-04-12T04:37:44.691+0000] {subprocess.py:106} INFO - 26/04/12 04:37:44 INFO CodecConfig: Compression: SNAPPY
[2026-04-12T04:37:44.692+0000] {subprocess.py:106} INFO - 26/04/12 04:37:44 INFO CodecConfig: Compression: SNAPPY
[2026-04-12T04:37:44.692+0000] {subprocess.py:106} INFO - 26/04/12 04:37:44 INFO CodecConfig: Compression: SNAPPY
[2026-04-12T04:37:44.693+0000] {subprocess.py:106} INFO - 26/04/12 04:37:44 INFO CodecConfig: Compression: SNAPPY
[2026-04-12T04:37:44.693+0000] {subprocess.py:106} INFO - 26/04/12 04:37:44 INFO CodecConfig: Compression: SNAPPY
[2026-04-12T04:37:44.717+0000] {subprocess.py:106} INFO - 26/04/12 04:37:44 INFO ParquetOutputFormat: ParquetRecordWriter [block size: 134217728b, row group padding size: 8388608b, validating: false]
[2026-04-12T04:37:44.718+0000] {subprocess.py:106} INFO - 26/04/12 04:37:44 INFO ParquetOutputFormat: ParquetRecordWriter [block size: 134217728b, row group padding size: 8388608b, validating: false]
[2026-04-12T04:37:44.719+0000] {subprocess.py:106} INFO - 26/04/12 04:37:44 INFO ParquetOutputFormat: ParquetRecordWriter [block size: 134217728b, row group padding size: 8388608b, validating: false]
[2026-04-12T04:37:44.832+0000] {subprocess.py:106} INFO - 26/04/12 04:37:44 INFO CodecPool: Got brand-new compressor [.snappy]
[2026-04-12T04:37:44.833+0000] {subprocess.py:106} INFO - 26/04/12 04:37:44 INFO CodecPool: Got brand-new compressor [.snappy]
[2026-04-12T04:37:44.833+0000] {subprocess.py:106} INFO - 26/04/12 04:37:44 INFO CodecPool: Got brand-new compressor [.snappy]
[2026-04-12T04:37:45.516+0000] {subprocess.py:106} INFO - 26/04/12 04:37:45 INFO FileOutputCommitter: Saved output of task 'attempt_202604120437433906875975922985762_0002_m_000000_4' to hdfs://23133083thuyvan-master:9000/user/hive/lakehouse/bronze/raw_api/_temporary/0/task_202604120437433906875975922985762_0002_m_000000
[2026-04-12T04:37:45.517+0000] {subprocess.py:106} INFO - 26/04/12 04:37:45 INFO FileOutputCommitter: Saved output of task 'attempt_202604120437433906875975922985762_0002_m_000002_6' to hdfs://23133083thuyvan-master:9000/user/hive/lakehouse/bronze/raw_api/_temporary/0/task_202604120437433906875975922985762_0002_m_000002
[2026-04-12T04:37:45.518+0000] {subprocess.py:106} INFO - 26/04/12 04:37:45 INFO FileOutputCommitter: Saved output of task 'attempt_202604120437433906875975922985762_0002_m_000001_5' to hdfs://23133083thuyvan-master:9000/user/hive/lakehouse/bronze/raw_api/_temporary/0/task_202604120437433906875975922985762_0002_m_000001
[2026-04-12T04:37:45.518+0000] {subprocess.py:106} INFO - 26/04/12 04:37:45 INFO SparkHadoopMapRedUtil: attempt_202604120437433906875975922985762_0002_m_000000_4: Committed. Elapsed time: 13 ms.
[2026-04-12T04:37:45.519+0000] {subprocess.py:106} INFO - 26/04/12 04:37:45 INFO SparkHadoopMapRedUtil: attempt_202604120437433906875975922985762_0002_m_000001_5: Committed. Elapsed time: 14 ms.
[2026-04-12T04:37:45.519+0000] {subprocess.py:106} INFO - 26/04/12 04:37:45 INFO SparkHadoopMapRedUtil: attempt_202604120437433906875975922985762_0002_m_000002_6: Committed. Elapsed time: 14 ms.
[2026-04-12T04:37:45.521+0000] {subprocess.py:106} INFO - 26/04/12 04:37:45 INFO KafkaDataConsumer: From Kafka topicPartition=weather-topic-0 groupId=spark-kafka-source-7b3e6395-33dd-4238-afc6-b81155a100b8--983882313-executor read 4 records through 1 polls (polled out 17 records), taking 510.731264 ms, during time span of 1463.205491 ms.
[2026-04-12T04:37:45.521+0000] {subprocess.py:106} INFO - 26/04/12 04:37:45 INFO KafkaDataConsumer: From Kafka topicPartition=weather-topic-1 groupId=spark-kafka-source-7b3e6395-33dd-4238-afc6-b81155a100b8--983882313-executor read 7 records through 1 polls (polled out 28 records), taking 510.759131 ms, during time span of 1463.410234 ms.
[2026-04-12T04:37:45.522+0000] {subprocess.py:106} INFO - 26/04/12 04:37:45 INFO KafkaDataConsumer: From Kafka topicPartition=weather-topic-2 groupId=spark-kafka-source-7b3e6395-33dd-4238-afc6-b81155a100b8--983882313-executor read 9 records through 1 polls (polled out 15 records), taking 510.754876 ms, during time span of 1463.443631 ms.
[2026-04-12T04:37:45.526+0000] {subprocess.py:106} INFO - 26/04/12 04:37:45 INFO Executor: Finished task 2.0 in stage 2.0 (TID 6). 3367 bytes result sent to driver
[2026-04-12T04:37:45.527+0000] {subprocess.py:106} INFO - 26/04/12 04:37:45 INFO Executor: Finished task 1.0 in stage 2.0 (TID 5). 3367 bytes result sent to driver
[2026-04-12T04:37:45.528+0000] {subprocess.py:106} INFO - 26/04/12 04:37:45 INFO Executor: Finished task 0.0 in stage 2.0 (TID 4). 3367 bytes result sent to driver
[2026-04-12T04:37:45.529+0000] {subprocess.py:106} INFO - 26/04/12 04:37:45 INFO TaskSetManager: Finished task 2.0 in stage 2.0 (TID 6) in 1612 ms on spark-master (executor driver) (1/3)
[2026-04-12T04:37:45.530+0000] {subprocess.py:106} INFO - 26/04/12 04:37:45 INFO TaskSetManager: Finished task 0.0 in stage 2.0 (TID 4) in 1615 ms on spark-master (executor driver) (2/3)
[2026-04-12T04:37:45.530+0000] {subprocess.py:106} INFO - 26/04/12 04:37:45 INFO TaskSetManager: Finished task 1.0 in stage 2.0 (TID 5) in 1614 ms on spark-master (executor driver) (3/3)
[2026-04-12T04:37:45.531+0000] {subprocess.py:106} INFO - 26/04/12 04:37:45 INFO TaskSchedulerImpl: Removed TaskSet 2.0 whose tasks have all completed, from pool
[2026-04-12T04:37:45.532+0000] {subprocess.py:106} INFO - 26/04/12 04:37:45 INFO DAGScheduler: ResultStage 2 (start at NativeMethodAccessorImpl.java:0) finished in 1669 ms
[2026-04-12T04:37:45.533+0000] {subprocess.py:106} INFO - 26/04/12 04:37:45 INFO DAGScheduler: Job 1 is finished. Cancelling potential speculative or zombie tasks for this job
[2026-04-12T04:37:45.534+0000] {subprocess.py:106} INFO - 26/04/12 04:37:45 INFO TaskSchedulerImpl: Canceling stage 2
[2026-04-12T04:37:45.534+0000] {subprocess.py:106} INFO - 26/04/12 04:37:45 INFO TaskSchedulerImpl: Killing all running tasks in stage 2: Stage finished
[2026-04-12T04:37:45.534+0000] {subprocess.py:106} INFO - 26/04/12 04:37:45 INFO DAGScheduler: Job 1 finished: start at NativeMethodAccessorImpl.java:0, took 1677.296095 ms
[2026-04-12T04:37:45.536+0000] {subprocess.py:106} INFO - 26/04/12 04:37:45 INFO FileFormatWriter: Start to commit write Job e62e3509-1e0e-4e6a-80d0-5e5725bd5163.
[2026-04-12T04:37:45.590+0000] {subprocess.py:106} INFO - 26/04/12 04:37:45 INFO FileFormatWriter: Write Job e62e3509-1e0e-4e6a-80d0-5e5725bd5163 committed. Elapsed time: 53 ms.
[2026-04-12T04:37:45.594+0000] {subprocess.py:106} INFO - 26/04/12 04:37:45 INFO FileFormatWriter: Finished processing stats for write job e62e3509-1e0e-4e6a-80d0-5e5725bd5163.
[2026-04-12T04:37:45.806+0000] {subprocess.py:106} INFO - 26/04/12 04:37:45 INFO CatalogUtil: Loading custom FileIO implementation: org.apache.iceberg.hadoop.HadoopFileIO
[2026-04-12T04:37:45.839+0000] {subprocess.py:106} INFO - 26/04/12 04:37:45 INFO BaseMetastoreTableOperations: Refreshing table metadata from new version: hdfs://23133083thuyvan-master:9000/user/hive/lakehouse/air_quality_db.db/air_quality_silver/metadata/00000-bd5a2971-fd67-45ed-b96f-546c2d057b23.metadata.json
[2026-04-12T04:37:45.850+0000] {subprocess.py:106} INFO - 26/04/12 04:37:45 INFO BaseMetastoreCatalog: Table loaded by catalog: iceberg.air_quality_db.air_quality_silver
[2026-04-12T04:37:45.982+0000] {subprocess.py:106} INFO - 26/04/12 04:37:45 ERROR MicroBatchExecution: Query [id = 46e5ad83-a953-440f-bb1b-14366f27bcb7, runId = e6673f70-3b76-429c-88ea-66475f60a0da] terminated with error
[2026-04-12T04:37:45.985+0000] {subprocess.py:106} INFO - org.apache.spark.sql.execution.streaming.sources.ForeachBatchUserFuncException: [FOREACH_BATCH_USER_FUNCTION_ERROR] An error occurred in the user provided function in foreach batch sink. Reason: An exception was raised by the Python Proxy. Return Message: Traceback (most recent call last):
[2026-04-12T04:37:45.986+0000] {subprocess.py:106} INFO -   File "/home/spark/spark/python/lib/py4j-0.10.9.9-src.zip/py4j/clientserver.py", line 644, in _call_proxy
[2026-04-12T04:37:45.987+0000] {subprocess.py:106} INFO -     return_value = getattr(self.pool[obj_id], method)(*params)
[2026-04-12T04:37:45.987+0000] {subprocess.py:106} INFO -   File "/home/spark/spark/python/lib/pyspark.zip/pyspark/sql/utils.py", line 165, in call
[2026-04-12T04:37:45.988+0000] {subprocess.py:106} INFO -     raise e
[2026-04-12T04:37:45.989+0000] {subprocess.py:106} INFO -   File "/home/spark/spark/python/lib/pyspark.zip/pyspark/sql/utils.py", line 162, in call
[2026-04-12T04:37:45.989+0000] {subprocess.py:106} INFO -     self.func(DataFrame(jdf, wrapped_session_jdf), batch_id)
[2026-04-12T04:37:45.990+0000] {subprocess.py:106} INFO -   File "/home/spark/spark/spark_jobs/weather_streaming.py", line 138, in write_to_bronze_and_silver
[2026-04-12T04:37:45.990+0000] {subprocess.py:106} INFO -     .save("iceberg.air_quality_db.air_quality_silver")
[2026-04-12T04:37:45.991+0000] {subprocess.py:106} INFO -   File "/home/spark/spark/python/lib/pyspark.zip/pyspark/sql/readwriter.py", line 1745, in save
[2026-04-12T04:37:45.991+0000] {subprocess.py:106} INFO -     self._jwrite.save(path)
[2026-04-12T04:37:45.992+0000] {subprocess.py:106} INFO -   File "/home/spark/spark/python/lib/py4j-0.10.9.9-src.zip/py4j/java_gateway.py", line 1362, in __call__
[2026-04-12T04:37:45.993+0000] {subprocess.py:106} INFO -     return_value = get_return_value(
[2026-04-12T04:37:45.993+0000] {subprocess.py:106} INFO -   File "/home/spark/spark/python/lib/pyspark.zip/pyspark/errors/exceptions/captured.py", line 288, in deco
[2026-04-12T04:37:45.994+0000] {subprocess.py:106} INFO -     raise converted from None
[2026-04-12T04:37:45.994+0000] {subprocess.py:106} INFO - pyspark.errors.exceptions.captured.AnalysisException: [INCOMPATIBLE_DATA_FOR_TABLE.CANNOT_FIND_DATA] Cannot write incompatible data for the table `iceberg`.`air_quality_db`.`air_quality_silver`: Cannot find data for the output column `us_aqi_index`. SQLSTATE: KD000
[2026-04-12T04:37:45.994+0000] {subprocess.py:106} INFO -  SQLSTATE: 39000
[2026-04-12T04:37:45.995+0000] {subprocess.py:106} INFO - 	at org.apache.spark.sql.execution.streaming.sources.ForeachBatchSink.callBatchWriter(ForeachBatchSink.scala:60)
[2026-04-12T04:37:45.997+0000] {subprocess.py:106} INFO - 	at org.apache.spark.sql.execution.streaming.sources.ForeachBatchSink.addBatch(ForeachBatchSink.scala:49)
[2026-04-12T04:37:45.999+0000] {subprocess.py:106} INFO - 	at org.apache.spark.sql.execution.streaming.MicroBatchExecution.$anonfun$runBatch$17(MicroBatchExecution.scala:889)
[2026-04-12T04:37:46.000+0000] {subprocess.py:106} INFO - 	at org.apache.spark.sql.execution.SQLExecution$.$anonfun$withNewExecutionId0$8(SQLExecution.scala:163)
[2026-04-12T04:37:46.000+0000] {subprocess.py:106} INFO - 	at org.apache.spark.sql.execution.SQLExecution$.withSessionTagsApplied(SQLExecution.scala:272)
[2026-04-12T04:37:46.001+0000] {subprocess.py:106} INFO - 	at org.apache.spark.sql.execution.SQLExecution$.$anonfun$withNewExecutionId0$7(SQLExecution.scala:125)
[2026-04-12T04:37:46.001+0000] {subprocess.py:106} INFO - 	at org.apache.spark.JobArtifactSet$.withActiveJobArtifactState(JobArtifactSet.scala:94)
[2026-04-12T04:37:46.002+0000] {subprocess.py:106} INFO - 	at org.apache.spark.sql.artifact.ArtifactManager.$anonfun$withResources$1(ArtifactManager.scala:112)
[2026-04-12T04:37:46.002+0000] {subprocess.py:106} INFO - 	at org.apache.spark.sql.artifact.ArtifactManager.withClassLoaderIfNeeded(ArtifactManager.scala:106)
[2026-04-12T04:37:46.003+0000] {subprocess.py:106} INFO - 	at org.apache.spark.sql.artifact.ArtifactManager.withResources(ArtifactManager.scala:111)
[2026-04-12T04:37:46.004+0000] {subprocess.py:106} INFO - 	at org.apache.spark.sql.execution.SQLExecution$.$anonfun$withNewExecutionId0$6(SQLExecution.scala:125)
[2026-04-12T04:37:46.004+0000] {subprocess.py:106} INFO - 	at org.apache.spark.sql.execution.SQLExecution$.withSQLConfPropagated(SQLExecution.scala:295)
[2026-04-12T04:37:46.005+0000] {subprocess.py:106} INFO - 	at org.apache.spark.sql.execution.SQLExecution$.$anonfun$withNewExecutionId0$1(SQLExecution.scala:124)
[2026-04-12T04:37:46.005+0000] {subprocess.py:106} INFO - 	at org.apache.spark.sql.SparkSession.withActive(SparkSession.scala:804)
[2026-04-12T04:37:46.006+0000] {subprocess.py:106} INFO - 	at org.apache.spark.sql.execution.SQLExecution$.withNewExecutionId0(SQLExecution.scala:78)
[2026-04-12T04:37:46.006+0000] {subprocess.py:106} INFO - 	at org.apache.spark.sql.execution.SQLExecution$.withNewExecutionId(SQLExecution.scala:237)
[2026-04-12T04:37:46.007+0000] {subprocess.py:106} INFO - 	at org.apache.spark.sql.execution.streaming.MicroBatchExecution.$anonfun$runBatch$16(MicroBatchExecution.scala:886)
[2026-04-12T04:37:46.007+0000] {subprocess.py:106} INFO - 	at org.apache.spark.sql.execution.streaming.ProgressContext.reportTimeTaken(ProgressReporter.scala:186)
[2026-04-12T04:37:46.008+0000] {subprocess.py:106} INFO - 	at org.apache.spark.sql.execution.streaming.MicroBatchExecution.runBatch(MicroBatchExecution.scala:886)
[2026-04-12T04:37:46.008+0000] {subprocess.py:106} INFO - 	at org.apache.spark.sql.execution.streaming.MicroBatchExecution.$anonfun$executeOneBatch$2(MicroBatchExecution.scala:394)
[2026-04-12T04:37:46.009+0000] {subprocess.py:106} INFO - 	at scala.runtime.java8.JFunction0$mcV$sp.apply(JFunction0$mcV$sp.scala:18)
[2026-04-12T04:37:46.009+0000] {subprocess.py:106} INFO - 	at org.apache.spark.sql.execution.streaming.ProgressContext.reportTimeTaken(ProgressReporter.scala:186)
[2026-04-12T04:37:46.010+0000] {subprocess.py:106} INFO - 	at org.apache.spark.sql.execution.streaming.MicroBatchExecution.executeOneBatch(MicroBatchExecution.scala:364)
[2026-04-12T04:37:46.010+0000] {subprocess.py:106} INFO - 	at org.apache.spark.sql.execution.streaming.MicroBatchExecution.$anonfun$runActivatedStream$1(MicroBatchExecution.scala:344)
[2026-04-12T04:37:46.011+0000] {subprocess.py:106} INFO - 	at org.apache.spark.sql.execution.streaming.MicroBatchExecution.$anonfun$runActivatedStream$1$adapted(MicroBatchExecution.scala:344)
[2026-04-12T04:37:46.011+0000] {subprocess.py:106} INFO - 	at org.apache.spark.sql.execution.streaming.TriggerExecutor.runOneBatch(TriggerExecutor.scala:39)
[2026-04-12T04:37:46.011+0000] {subprocess.py:106} INFO - 	at org.apache.spark.sql.execution.streaming.TriggerExecutor.runOneBatch$(TriggerExecutor.scala:37)
[2026-04-12T04:37:46.012+0000] {subprocess.py:106} INFO - 	at org.apache.spark.sql.execution.streaming.ProcessingTimeExecutor.runOneBatch(TriggerExecutor.scala:70)
[2026-04-12T04:37:46.012+0000] {subprocess.py:106} INFO - 	at org.apache.spark.sql.execution.streaming.ProcessingTimeExecutor.execute(TriggerExecutor.scala:82)
[2026-04-12T04:37:46.013+0000] {subprocess.py:106} INFO - 	at org.apache.spark.sql.execution.streaming.MicroBatchExecution.runActivatedStream(MicroBatchExecution.scala:344)
[2026-04-12T04:37:46.013+0000] {subprocess.py:106} INFO - 	at org.apache.spark.sql.execution.streaming.StreamExecution.$anonfun$runStream$1(StreamExecution.scala:337)
[2026-04-12T04:37:46.013+0000] {subprocess.py:106} INFO - 	at scala.runtime.java8.JFunction0$mcV$sp.apply(JFunction0$mcV$sp.scala:18)
[2026-04-12T04:37:46.014+0000] {subprocess.py:106} INFO - 	at org.apache.spark.sql.SparkSession.withActive(SparkSession.scala:804)
[2026-04-12T04:37:46.014+0000] {subprocess.py:106} INFO - 	at org.apache.spark.sql.execution.streaming.StreamExecution.org$apache$spark$sql$execution$streaming$StreamExecution$$runStream(StreamExecution.scala:311)
[2026-04-12T04:37:46.014+0000] {subprocess.py:106} INFO - 	at org.apache.spark.sql.execution.streaming.StreamExecution$$anon$1.run(StreamExecution.scala:226)
[2026-04-12T04:37:46.015+0000] {subprocess.py:106} INFO - Caused by: py4j.Py4JException: An exception was raised by the Python Proxy. Return Message: Traceback (most recent call last):
[2026-04-12T04:37:46.015+0000] {subprocess.py:106} INFO -   File "/home/spark/spark/python/lib/py4j-0.10.9.9-src.zip/py4j/clientserver.py", line 644, in _call_proxy
[2026-04-12T04:37:46.015+0000] {subprocess.py:106} INFO -     return_value = getattr(self.pool[obj_id], method)(*params)
[2026-04-12T04:37:46.016+0000] {subprocess.py:106} INFO -   File "/home/spark/spark/python/lib/pyspark.zip/pyspark/sql/utils.py", line 165, in call
[2026-04-12T04:37:46.016+0000] {subprocess.py:106} INFO -     raise e
[2026-04-12T04:37:46.016+0000] {subprocess.py:106} INFO -   File "/home/spark/spark/python/lib/pyspark.zip/pyspark/sql/utils.py", line 162, in call
[2026-04-12T04:37:46.017+0000] {subprocess.py:106} INFO -     self.func(DataFrame(jdf, wrapped_session_jdf), batch_id)
[2026-04-12T04:37:46.017+0000] {subprocess.py:106} INFO -   File "/home/spark/spark/spark_jobs/weather_streaming.py", line 138, in write_to_bronze_and_silver
[2026-04-12T04:37:46.017+0000] {subprocess.py:106} INFO -     .save("iceberg.air_quality_db.air_quality_silver")
[2026-04-12T04:37:46.018+0000] {subprocess.py:106} INFO -   File "/home/spark/spark/python/lib/pyspark.zip/pyspark/sql/readwriter.py", line 1745, in save
[2026-04-12T04:37:46.018+0000] {subprocess.py:106} INFO -     self._jwrite.save(path)
[2026-04-12T04:37:46.019+0000] {subprocess.py:106} INFO -   File "/home/spark/spark/python/lib/py4j-0.10.9.9-src.zip/py4j/java_gateway.py", line 1362, in __call__
[2026-04-12T04:37:46.019+0000] {subprocess.py:106} INFO -     return_value = get_return_value(
[2026-04-12T04:37:46.020+0000] {subprocess.py:106} INFO -   File "/home/spark/spark/python/lib/pyspark.zip/pyspark/errors/exceptions/captured.py", line 288, in deco
[2026-04-12T04:37:46.020+0000] {subprocess.py:106} INFO -     raise converted from None
[2026-04-12T04:37:46.020+0000] {subprocess.py:106} INFO - pyspark.errors.exceptions.captured.AnalysisException: [INCOMPATIBLE_DATA_FOR_TABLE.CANNOT_FIND_DATA] Cannot write incompatible data for the table `iceberg`.`air_quality_db`.`air_quality_silver`: Cannot find data for the output column `us_aqi_index`. SQLSTATE: KD000
[2026-04-12T04:37:46.021+0000] {subprocess.py:106} INFO - 
[2026-04-12T04:37:46.021+0000] {subprocess.py:106} INFO - 	at py4j.Protocol.getReturnValue(Protocol.java:476)
[2026-04-12T04:37:46.021+0000] {subprocess.py:106} INFO - 	at py4j.reflection.PythonProxyHandler.invoke(PythonProxyHandler.java:108)
[2026-04-12T04:37:46.022+0000] {subprocess.py:106} INFO - 	at jdk.proxy3/jdk.proxy3.$Proxy49.call(Unknown Source)
[2026-04-12T04:37:46.022+0000] {subprocess.py:106} INFO - 	at org.apache.spark.sql.execution.streaming.sources.PythonForeachBatchHelper$.$anonfun$callForeachBatch$1(ForeachBatchSink.scala:87)
[2026-04-12T04:37:46.022+0000] {subprocess.py:106} INFO - 	at org.apache.spark.sql.execution.streaming.sources.PythonForeachBatchHelper$.$anonfun$callForeachBatch$1$adapted(ForeachBatchSink.scala:87)
[2026-04-12T04:37:46.023+0000] {subprocess.py:106} INFO - 	at org.apache.spark.sql.execution.streaming.sources.ForeachBatchSink.callBatchWriter(ForeachBatchSink.scala:56)
[2026-04-12T04:37:46.023+0000] {subprocess.py:106} INFO - 	... 34 more
[2026-04-12T04:37:46.024+0000] {subprocess.py:106} INFO - 26/04/12 04:37:45 INFO MicroBatchExecution: Async log purge executor pool for query [id = 46e5ad83-a953-440f-bb1b-14366f27bcb7, runId = e6673f70-3b76-429c-88ea-66475f60a0da] has been shutdown
[2026-04-12T04:37:46.090+0000] {subprocess.py:106} INFO - Traceback (most recent call last):
[2026-04-12T04:37:46.091+0000] {subprocess.py:106} INFO -   File "/home/spark/spark/spark_jobs/weather_streaming.py", line 150, in <module>
[2026-04-12T04:37:46.093+0000] {subprocess.py:106} INFO -     query.awaitTermination()
[2026-04-12T04:37:46.094+0000] {subprocess.py:106} INFO -   File "/home/spark/spark/python/lib/pyspark.zip/pyspark/sql/streaming/query.py", line 225, in awaitTermination
[2026-04-12T04:37:46.094+0000] {subprocess.py:106} INFO -   File "/home/spark/spark/python/lib/py4j-0.10.9.9-src.zip/py4j/java_gateway.py", line 1362, in __call__
[2026-04-12T04:37:46.095+0000] {subprocess.py:106} INFO -   File "/home/spark/spark/python/lib/pyspark.zip/pyspark/errors/exceptions/captured.py", line 288, in deco
[2026-04-12T04:37:46.097+0000] {subprocess.py:106} INFO - pyspark.errors.exceptions.captured.StreamingQueryException: [STREAM_FAILED] Query [id = 46e5ad83-a953-440f-bb1b-14366f27bcb7, runId = e6673f70-3b76-429c-88ea-66475f60a0da] terminated with exception: [FOREACH_BATCH_USER_FUNCTION_ERROR] An error occurred in the user provided function in foreach batch sink. Reason: An exception was raised by the Python Proxy. Return Message: Traceback (most recent call last):
[2026-04-12T04:37:46.097+0000] {subprocess.py:106} INFO -   File "/home/spark/spark/python/lib/py4j-0.10.9.9-src.zip/py4j/clientserver.py", line 644, in _call_proxy
[2026-04-12T04:37:46.098+0000] {subprocess.py:106} INFO -     return_value = getattr(self.pool[obj_id], method)(*params)
[2026-04-12T04:37:46.098+0000] {subprocess.py:106} INFO -   File "/home/spark/spark/python/lib/pyspark.zip/pyspark/sql/utils.py", line 165, in call
[2026-04-12T04:37:46.099+0000] {subprocess.py:106} INFO -     raise e
[2026-04-12T04:37:46.099+0000] {subprocess.py:106} INFO -   File "/home/spark/spark/python/lib/pyspark.zip/pyspark/sql/utils.py", line 162, in call
[2026-04-12T04:37:46.100+0000] {subprocess.py:106} INFO -     self.func(DataFrame(jdf, wrapped_session_jdf), batch_id)
[2026-04-12T04:37:46.100+0000] {subprocess.py:106} INFO -   File "/home/spark/spark/spark_jobs/weather_streaming.py", line 138, in write_to_bronze_and_silver
[2026-04-12T04:37:46.100+0000] {subprocess.py:106} INFO -     .save("iceberg.air_quality_db.air_quality_silver")
[2026-04-12T04:37:46.101+0000] {subprocess.py:106} INFO -   File "/home/spark/spark/python/lib/pyspark.zip/pyspark/sql/readwriter.py", line 1745, in save
[2026-04-12T04:37:46.101+0000] {subprocess.py:106} INFO -     self._jwrite.save(path)
[2026-04-12T04:37:46.102+0000] {subprocess.py:106} INFO -   File "/home/spark/spark/python/lib/py4j-0.10.9.9-src.zip/py4j/java_gateway.py", line 1362, in __call__
[2026-04-12T04:37:46.102+0000] {subprocess.py:106} INFO -     return_value = get_return_value(
[2026-04-12T04:37:46.102+0000] {subprocess.py:106} INFO -   File "/home/spark/spark/python/lib/pyspark.zip/pyspark/errors/exceptions/captured.py", line 288, in deco
[2026-04-12T04:37:46.103+0000] {subprocess.py:106} INFO -     raise converted from None
[2026-04-12T04:37:46.103+0000] {subprocess.py:106} INFO - pyspark.errors.exceptions.captured.AnalysisException: [INCOMPATIBLE_DATA_FOR_TABLE.CANNOT_FIND_DATA] Cannot write incompatible data for the table `iceberg`.`air_quality_db`.`air_quality_silver`: Cannot find data for the output column `us_aqi_index`. SQLSTATE: KD000
[2026-04-12T04:37:46.104+0000] {subprocess.py:106} INFO -  SQLSTATE: 39000 SQLSTATE: XXKST
[2026-04-12T04:37:46.104+0000] {subprocess.py:106} INFO - === Streaming Query ===
[2026-04-12T04:37:46.104+0000] {subprocess.py:106} INFO - Identifier: [id = 46e5ad83-a953-440f-bb1b-14366f27bcb7, runId = e6673f70-3b76-429c-88ea-66475f60a0da]
[2026-04-12T04:37:46.105+0000] {subprocess.py:106} INFO - Current Committed Offsets: {KafkaV2[Subscribe[weather-topic]]: {"weather-topic":{"0":11,"1":16,"2":13}}}
[2026-04-12T04:37:46.105+0000] {subprocess.py:106} INFO - Current Available Offsets: {KafkaV2[Subscribe[weather-topic]]: {"weather-topic":{"0":15,"1":23,"2":22}}}
[2026-04-12T04:37:46.105+0000] {subprocess.py:106} INFO - 
[2026-04-12T04:37:46.106+0000] {subprocess.py:106} INFO - Current State: ACTIVE
[2026-04-12T04:37:46.106+0000] {subprocess.py:106} INFO - Thread State: RUNNABLE
[2026-04-12T04:37:46.106+0000] {subprocess.py:106} INFO - 
[2026-04-12T04:37:46.107+0000] {subprocess.py:106} INFO - Logical Plan:
[2026-04-12T04:37:46.107+0000] {subprocess.py:106} INFO - ~WriteToMicroBatchDataSourceV1 ForeachBatchSink, 46e5ad83-a953-440f-bb1b-14366f27bcb7, [checkpointLocation=hdfs://23133083thuyvan-master:9000/user/hive/checkpoints/air_quality_realtime], Append
[2026-04-12T04:37:46.108+0000] {subprocess.py:106} INFO - +- ~Project [timestamp#40, location#17, latitude#18, longitude#19, timezone#20, temperature_2m#21, relative_humidity_2m#22, apparent_temperature#23, precipitation#24, cloud_cover#25, wind_speed_10m#26, wind_direction_10m#27, wind_gusts_10m#28, uv_index#29, weather_code#30, european_aqi#31, us_aqi#32, pm10#33, pm2_5#34, carbon_monoxide#35, nitrogen_dioxide#36, sulphur_dioxide#37, ozone#38, processing_time#39, open-meteo AS data_source#41]
[2026-04-12T04:37:46.108+0000] {subprocess.py:106} INFO -    +- ~Project [to_timestamp(timestamp#16, None, TimestampType, Some(GMT), true) AS timestamp#40, location#17, latitude#18, longitude#19, timezone#20, temperature_2m#21, relative_humidity_2m#22, apparent_temperature#23, precipitation#24, cloud_cover#25, wind_speed_10m#26, wind_direction_10m#27, wind_gusts_10m#28, uv_index#29, weather_code#30, european_aqi#31, us_aqi#32, pm10#33, pm2_5#34, carbon_monoxide#35, nitrogen_dioxide#36, sulphur_dioxide#37, ozone#38, processing_time#39]
[2026-04-12T04:37:46.109+0000] {subprocess.py:106} INFO -       +- ~Project [timestamp#16, location#17, latitude#18, longitude#19, timezone#20, temperature_2m#21, relative_humidity_2m#22, apparent_temperature#23, precipitation#24, cloud_cover#25, wind_speed_10m#26, wind_direction_10m#27, wind_gusts_10m#28, uv_index#29, weather_code#30, european_aqi#31, us_aqi#32, pm10#33, pm2_5#34, carbon_monoxide#35, nitrogen_dioxide#36, sulphur_dioxide#37, ozone#38, current_timestamp() AS processing_time#39]
[2026-04-12T04:37:46.109+0000] {subprocess.py:106} INFO -          +- ~Project [data#15.timestamp AS timestamp#16, data#15.location AS location#17, data#15.latitude AS latitude#18, data#15.longitude AS longitude#19, data#15.timezone AS timezone#20, data#15.temperature_2m AS temperature_2m#21, data#15.relative_humidity_2m AS relative_humidity_2m#22, data#15.apparent_temperature AS apparent_temperature#23, data#15.precipitation AS precipitation#24, data#15.cloud_cover AS cloud_cover#25, data#15.wind_speed_10m AS wind_speed_10m#26, data#15.wind_direction_10m AS wind_direction_10m#27, data#15.wind_gusts_10m AS wind_gusts_10m#28, data#15.uv_index AS uv_index#29, data#15.weather_code AS weather_code#30, data#15.european_aqi AS european_aqi#31, data#15.us_aqi AS us_aqi#32, data#15.pm10 AS pm10#33, data#15.pm2_5 AS pm2_5#34, data#15.carbon_monoxide AS carbon_monoxide#35, data#15.nitrogen_dioxide AS nitrogen_dioxide#36, data#15.sulphur_dioxide AS sulphur_dioxide#37, data#15.ozone AS ozone#38]
[2026-04-12T04:37:46.109+0000] {subprocess.py:106} INFO -             +- ~Project [from_json(StructField(timestamp,StringType,true), StructField(location,StringType,true), StructField(latitude,DoubleType,true), StructField(longitude,DoubleType,true), StructField(timezone,StringType,true), StructField(temperature_2m,DoubleType,true), StructField(relative_humidity_2m,DoubleType,true), StructField(apparent_temperature,DoubleType,true), StructField(precipitation,DoubleType,true), StructField(cloud_cover,DoubleType,true), StructField(wind_speed_10m,DoubleType,true), StructField(wind_direction_10m,DoubleType,true), StructField(wind_gusts_10m,DoubleType,true), StructField(uv_index,DoubleType,true), StructField(weather_code,IntegerType,true), StructField(european_aqi,IntegerType,true), StructField(us_aqi,IntegerType,true), StructField(pm10,DoubleType,true), StructField(pm2_5,DoubleType,true), StructField(carbon_monoxide,DoubleType,true), StructField(nitrogen_dioxide,DoubleType,true), StructField(sulphur_dioxide,DoubleType,true), StructField(ozone,DoubleType,true), json#14, Some(GMT), ... 1 more fields) AS data#15]
[2026-04-12T04:37:46.110+0000] {subprocess.py:106} INFO -                +- ~Project [cast(value#8 as string) AS json#14]
[2026-04-12T04:37:46.110+0000] {subprocess.py:106} INFO -                   +- ~StreamingDataSourceV2ScanRelation[key#7, value#8, topic#9, partition#10, offset#11L, timestamp#12, timestampType#13] KafkaTable
[2026-04-12T04:37:46.110+0000] {subprocess.py:106} INFO - 
[2026-04-12T04:37:46.156+0000] {subprocess.py:106} INFO - 26/04/12 04:37:46 INFO ConsumerCoordinator: [Consumer clientId=consumer-spark-kafka-source-7b3e6395-33dd-4238-afc6-b81155a100b8--983882313-executor-3, groupId=spark-kafka-source-7b3e6395-33dd-4238-afc6-b81155a100b8--983882313-executor] Resetting generation and member id due to: consumer pro-actively leaving the group
[2026-04-12T04:37:46.156+0000] {subprocess.py:106} INFO - 26/04/12 04:37:46 INFO ConsumerCoordinator: [Consumer clientId=consumer-spark-kafka-source-7b3e6395-33dd-4238-afc6-b81155a100b8--983882313-executor-3, groupId=spark-kafka-source-7b3e6395-33dd-4238-afc6-b81155a100b8--983882313-executor] Request joining group due to: consumer pro-actively leaving the group
[2026-04-12T04:37:46.162+0000] {subprocess.py:106} INFO - 26/04/12 04:37:46 INFO Metrics: Metrics scheduler closed
[2026-04-12T04:37:46.163+0000] {subprocess.py:106} INFO - 26/04/12 04:37:46 INFO Metrics: Closing reporter org.apache.kafka.common.metrics.JmxReporter
[2026-04-12T04:37:46.163+0000] {subprocess.py:106} INFO - 26/04/12 04:37:46 INFO Metrics: Closing reporter org.apache.kafka.common.telemetry.internals.ClientTelemetryReporter
[2026-04-12T04:37:46.163+0000] {subprocess.py:106} INFO - 26/04/12 04:37:46 INFO Metrics: Metrics reporters closed
[2026-04-12T04:37:46.169+0000] {subprocess.py:106} INFO - 26/04/12 04:37:46 INFO AppInfoParser: App info kafka.consumer for consumer-spark-kafka-source-7b3e6395-33dd-4238-afc6-b81155a100b8--983882313-executor-3 unregistered
[2026-04-12T04:37:46.170+0000] {subprocess.py:106} INFO - 26/04/12 04:37:46 INFO ConsumerCoordinator: [Consumer clientId=consumer-spark-kafka-source-7b3e6395-33dd-4238-afc6-b81155a100b8--983882313-executor-2, groupId=spark-kafka-source-7b3e6395-33dd-4238-afc6-b81155a100b8--983882313-executor] Resetting generation and member id due to: consumer pro-actively leaving the group
[2026-04-12T04:37:46.176+0000] {subprocess.py:106} INFO - 26/04/12 04:37:46 INFO ConsumerCoordinator: [Consumer clientId=consumer-spark-kafka-source-7b3e6395-33dd-4238-afc6-b81155a100b8--983882313-executor-2, groupId=spark-kafka-source-7b3e6395-33dd-4238-afc6-b81155a100b8--983882313-executor] Request joining group due to: consumer pro-actively leaving the group
[2026-04-12T04:37:46.176+0000] {subprocess.py:106} INFO - 26/04/12 04:37:46 INFO Metrics: Metrics scheduler closed
[2026-04-12T04:37:46.177+0000] {subprocess.py:106} INFO - 26/04/12 04:37:46 INFO Metrics: Closing reporter org.apache.kafka.common.metrics.JmxReporter
[2026-04-12T04:37:46.177+0000] {subprocess.py:106} INFO - 26/04/12 04:37:46 INFO Metrics: Closing reporter org.apache.kafka.common.telemetry.internals.ClientTelemetryReporter
[2026-04-12T04:37:46.178+0000] {subprocess.py:106} INFO - 26/04/12 04:37:46 INFO Metrics: Metrics reporters closed
[2026-04-12T04:37:46.178+0000] {subprocess.py:106} INFO - 26/04/12 04:37:46 INFO AppInfoParser: App info kafka.consumer for consumer-spark-kafka-source-7b3e6395-33dd-4238-afc6-b81155a100b8--983882313-executor-2 unregistered
[2026-04-12T04:37:46.179+0000] {subprocess.py:106} INFO - 26/04/12 04:37:46 INFO ConsumerCoordinator: [Consumer clientId=consumer-spark-kafka-source-7b3e6395-33dd-4238-afc6-b81155a100b8--983882313-executor-1, groupId=spark-kafka-source-7b3e6395-33dd-4238-afc6-b81155a100b8--983882313-executor] Resetting generation and member id due to: consumer pro-actively leaving the group
[2026-04-12T04:37:46.179+0000] {subprocess.py:106} INFO - 26/04/12 04:37:46 INFO ConsumerCoordinator: [Consumer clientId=consumer-spark-kafka-source-7b3e6395-33dd-4238-afc6-b81155a100b8--983882313-executor-1, groupId=spark-kafka-source-7b3e6395-33dd-4238-afc6-b81155a100b8--983882313-executor] Request joining group due to: consumer pro-actively leaving the group
[2026-04-12T04:37:46.182+0000] {subprocess.py:106} INFO - 26/04/12 04:37:46 INFO Metrics: Metrics scheduler closed
[2026-04-12T04:37:46.183+0000] {subprocess.py:106} INFO - 26/04/12 04:37:46 INFO Metrics: Closing reporter org.apache.kafka.common.metrics.JmxReporter
[2026-04-12T04:37:46.183+0000] {subprocess.py:106} INFO - 26/04/12 04:37:46 INFO Metrics: Closing reporter org.apache.kafka.common.telemetry.internals.ClientTelemetryReporter
[2026-04-12T04:37:46.184+0000] {subprocess.py:106} INFO - 26/04/12 04:37:46 INFO Metrics: Metrics reporters closed
[2026-04-12T04:37:46.187+0000] {subprocess.py:106} INFO - 26/04/12 04:37:46 INFO AppInfoParser: App info kafka.consumer for consumer-spark-kafka-source-7b3e6395-33dd-4238-afc6-b81155a100b8--983882313-executor-1 unregistered
[2026-04-12T04:37:46.188+0000] {subprocess.py:106} INFO - 26/04/12 04:37:46 INFO SparkContext: Invoking stop() from shutdown hook
[2026-04-12T04:37:46.190+0000] {subprocess.py:106} INFO - 26/04/12 04:37:46 INFO SparkContext: SparkContext is stopping with exitCode 0 from run at Executors.java:572.
[2026-04-12T04:37:46.205+0000] {subprocess.py:106} INFO - 26/04/12 04:37:46 INFO SparkUI: Stopped Spark web UI at http://spark-master:4040
[2026-04-12T04:37:46.219+0000] {subprocess.py:106} INFO - 26/04/12 04:37:46 INFO MapOutputTrackerMasterEndpoint: MapOutputTrackerMasterEndpoint stopped!
[2026-04-12T04:37:46.236+0000] {subprocess.py:106} INFO - 26/04/12 04:37:46 INFO MemoryStore: MemoryStore cleared
[2026-04-12T04:37:46.236+0000] {subprocess.py:106} INFO - 26/04/12 04:37:46 INFO BlockManager: BlockManager stopped
[2026-04-12T04:37:46.241+0000] {subprocess.py:106} INFO - 26/04/12 04:37:46 INFO BlockManagerMaster: BlockManagerMaster stopped
[2026-04-12T04:37:46.244+0000] {subprocess.py:106} INFO - 26/04/12 04:37:46 INFO OutputCommitCoordinator$OutputCommitCoordinatorEndpoint: OutputCommitCoordinator stopped!
[2026-04-12T04:37:46.256+0000] {subprocess.py:106} INFO - 26/04/12 04:37:46 INFO SparkContext: Successfully stopped SparkContext
[2026-04-12T04:37:46.257+0000] {subprocess.py:106} INFO - 26/04/12 04:37:46 INFO ShutdownHookManager: Shutdown hook called
[2026-04-12T04:37:46.258+0000] {subprocess.py:106} INFO - 26/04/12 04:37:46 INFO ShutdownHookManager: Deleting directory /tmp/spark-51b56e5d-ce8d-4011-8385-7aee6bed8c72/pyspark-379e8d19-7e4d-4ebd-bdee-569db4c7eeac
[2026-04-12T04:37:46.262+0000] {subprocess.py:106} INFO - 26/04/12 04:37:46 INFO ShutdownHookManager: Deleting directory /tmp/spark-51b56e5d-ce8d-4011-8385-7aee6bed8c72
[2026-04-12T04:37:46.266+0000] {subprocess.py:106} INFO - 26/04/12 04:37:46 INFO ShutdownHookManager: Deleting directory /tmp/spark-4e576283-8634-4e24-9272-c72f5e293972
[2026-04-12T04:37:46.270+0000] {subprocess.py:106} INFO - 26/04/12 04:37:46 INFO ShutdownHookManager: Deleting directory /tmp/artifacts-89cabe23-a893-4737-9623-43f1506e2c60
[2026-04-12T04:37:46.373+0000] {subprocess.py:110} INFO - Command exited with return code 1
[2026-04-12T04:37:46.395+0000] {taskinstance.py:3311} ERROR - Task failed with exception
Traceback (most recent call last):
  File "/home/airflow/airflow/venv/lib/python3.12/site-packages/airflow/models/taskinstance.py", line 767, in _execute_task
    result = _execute_callable(context=context, **execute_callable_kwargs)
             ^^^^^^^^^^^^^^^^^^^^^^^^^^^^^^^^^^^^^^^^^^^^^^^^^^^^^^^^^^^^^
  File "/home/airflow/airflow/venv/lib/python3.12/site-packages/airflow/models/taskinstance.py", line 733, in _execute_callable
    return ExecutionCallableRunner(
           ^^^^^^^^^^^^^^^^^^^^^^^^
  File "/home/airflow/airflow/venv/lib/python3.12/site-packages/airflow/utils/operator_helpers.py", line 252, in run
    return self.func(*args, **kwargs)
           ^^^^^^^^^^^^^^^^^^^^^^^^^^
  File "/home/airflow/airflow/venv/lib/python3.12/site-packages/airflow/models/baseoperator.py", line 422, in wrapper
    return func(self, *args, **kwargs)
           ^^^^^^^^^^^^^^^^^^^^^^^^^^^
  File "/home/airflow/airflow/venv/lib/python3.12/site-packages/airflow/operators/bash.py", line 276, in execute
    raise AirflowException(
airflow.exceptions.AirflowException: Bash command failed. The command returned a non-zero exit code 1.
[2026-04-12T04:37:46.403+0000] {taskinstance.py:1225} INFO - Marking task as UP_FOR_RETRY. dag_id=weather_real_time_pipeline_v2, task_id=start_spark_streaming_job, run_id=scheduled__2026-04-12T04:34:00+00:00, execution_date=20260412T043400, start_date=20260412T043725, end_date=20260412T043746
[2026-04-12T04:37:46.419+0000] {taskinstance.py:340} INFO - ::group::Post task execution logs
[2026-04-12T04:37:46.420+0000] {standard_task_runner.py:124} ERROR - Failed to execute job 243 for task start_spark_streaming_job (Bash command failed. The command returned a non-zero exit code 1.; 45483)
Traceback (most recent call last):
  File "/home/airflow/airflow/venv/lib/python3.12/site-packages/airflow/task/task_runner/standard_task_runner.py", line 117, in _start_by_fork
    ret = args.func(args, dag=self.dag)
          ^^^^^^^^^^^^^^^^^^^^^^^^^^^^^
  File "/home/airflow/airflow/venv/lib/python3.12/site-packages/airflow/cli/cli_config.py", line 49, in command
    return func(*args, **kwargs)
           ^^^^^^^^^^^^^^^^^^^^^
  File "/home/airflow/airflow/venv/lib/python3.12/site-packages/airflow/utils/cli.py", line 116, in wrapper
    return f(*args, **kwargs)
           ^^^^^^^^^^^^^^^^^^
  File "/home/airflow/airflow/venv/lib/python3.12/site-packages/airflow/cli/commands/task_command.py", line 483, in task_run
    task_return_code = _run_task_by_selected_method(args, _dag, ti)
                       ^^^^^^^^^^^^^^^^^^^^^^^^^^^^^^^^^^^^^^^^^^^^
  File "/home/airflow/airflow/venv/lib/python3.12/site-packages/airflow/cli/commands/task_command.py", line 256, in _run_task_by_selected_method
    return _run_raw_task(args, ti)
           ^^^^^^^^^^^^^^^^^^^^^^^
  File "/home/airflow/airflow/venv/lib/python3.12/site-packages/airflow/cli/commands/task_command.py", line 341, in _run_raw_task
    return ti._run_raw_task(
           ^^^^^^^^^^^^^^^^^
  File "/home/airflow/airflow/venv/lib/python3.12/site-packages/airflow/utils/session.py", line 97, in wrapper
    return func(*args, session=session, **kwargs)
           ^^^^^^^^^^^^^^^^^^^^^^^^^^^^^^^^^^^^^^
  File "/home/airflow/airflow/venv/lib/python3.12/site-packages/airflow/models/taskinstance.py", line 3005, in _run_raw_task
    return _run_raw_task(
           ^^^^^^^^^^^^^^
  File "/home/airflow/airflow/venv/lib/python3.12/site-packages/airflow/models/taskinstance.py", line 273, in _run_raw_task
    TaskInstance._execute_task_with_callbacks(
  File "/home/airflow/airflow/venv/lib/python3.12/site-packages/airflow/models/taskinstance.py", line 3159, in _execute_task_with_callbacks
    result = self._execute_task(context, task_orig)
             ^^^^^^^^^^^^^^^^^^^^^^^^^^^^^^^^^^^^^^
  File "/home/airflow/airflow/venv/lib/python3.12/site-packages/airflow/models/taskinstance.py", line 3183, in _execute_task
    return _execute_task(self, context, task_orig)
           ^^^^^^^^^^^^^^^^^^^^^^^^^^^^^^^^^^^^^^^
  File "/home/airflow/airflow/venv/lib/python3.12/site-packages/airflow/models/taskinstance.py", line 767, in _execute_task
    result = _execute_callable(context=context, **execute_callable_kwargs)
             ^^^^^^^^^^^^^^^^^^^^^^^^^^^^^^^^^^^^^^^^^^^^^^^^^^^^^^^^^^^^^
  File "/home/airflow/airflow/venv/lib/python3.12/site-packages/airflow/models/taskinstance.py", line 733, in _execute_callable
    return ExecutionCallableRunner(
           ^^^^^^^^^^^^^^^^^^^^^^^^
  File "/home/airflow/airflow/venv/lib/python3.12/site-packages/airflow/utils/operator_helpers.py", line 252, in run
    return self.func(*args, **kwargs)
           ^^^^^^^^^^^^^^^^^^^^^^^^^^
  File "/home/airflow/airflow/venv/lib/python3.12/site-packages/airflow/models/baseoperator.py", line 422, in wrapper
    return func(self, *args, **kwargs)
           ^^^^^^^^^^^^^^^^^^^^^^^^^^^
  File "/home/airflow/airflow/venv/lib/python3.12/site-packages/airflow/operators/bash.py", line 276, in execute
    raise AirflowException(
airflow.exceptions.AirflowException: Bash command failed. The command returned a non-zero exit code 1.
[2026-04-12T04:37:46.428+0000] {local_task_job_runner.py:266} INFO - Task exited with return code 1
[2026-04-12T04:37:46.465+0000] {taskinstance.py:3895} INFO - 0 downstream tasks scheduled from follow-on schedule check
[2026-04-12T04:37:46.468+0000] {local_task_job_runner.py:245} INFO - ::endgroup::
