[2026-04-11T16:16:35.618+0000] {local_task_job_runner.py:123} INFO - ::group::Pre task execution logs
[2026-04-11T16:16:35.647+0000] {taskinstance.py:2613} INFO - Dependencies all met for dep_context=non-requeueable deps ti=<TaskInstance: weather_real_time_pipeline_v2.start_spark_streaming_job scheduled__2026-04-11T16:10:00+00:00 [queued]>
[2026-04-11T16:16:35.657+0000] {taskinstance.py:2613} INFO - Dependencies all met for dep_context=requeueable deps ti=<TaskInstance: weather_real_time_pipeline_v2.start_spark_streaming_job scheduled__2026-04-11T16:10:00+00:00 [queued]>
[2026-04-11T16:16:35.658+0000] {taskinstance.py:2866} INFO - Starting attempt 2 of 2
[2026-04-11T16:16:35.673+0000] {taskinstance.py:2889} INFO - Executing <Task(BashOperator): start_spark_streaming_job> on 2026-04-11 16:10:00+00:00
[2026-04-11T16:16:35.681+0000] {standard_task_runner.py:104} INFO - Running: ['airflow', 'tasks', 'run', 'weather_real_time_pipeline_v2', 'start_spark_streaming_job', 'scheduled__2026-04-11T16:10:00+00:00', '--job-id', '222', '--raw', '--subdir', 'DAGS_FOLDER/weather_pipeline_dag.py', '--cfg-path', '/tmp/tmpsu3k3l77']
[2026-04-11T16:16:35.682+0000] {standard_task_runner.py:105} INFO - Job 222: Subtask start_spark_streaming_job
[2026-04-11T16:16:35.683+0000] {logging_mixin.py:190} WARNING - /home/airflow/airflow/venv/lib/python3.12/site-packages/airflow/task/task_runner/standard_task_runner.py:70 DeprecationWarning: This process (pid=141988) is multi-threaded, use of fork() may lead to deadlocks in the child.
[2026-04-11T16:16:35.683+0000] {standard_task_runner.py:72} INFO - Started process 142007 to run task
[2026-04-11T16:16:35.760+0000] {task_command.py:467} INFO - Running <TaskInstance: weather_real_time_pipeline_v2.start_spark_streaming_job scheduled__2026-04-11T16:10:00+00:00 [running]> on host airflow
[2026-04-11T16:16:35.858+0000] {taskinstance.py:3132} INFO - Exporting env vars: AIRFLOW_CTX_DAG_OWNER='van' AIRFLOW_CTX_DAG_ID='weather_real_time_pipeline_v2' AIRFLOW_CTX_TASK_ID='start_spark_streaming_job' AIRFLOW_CTX_EXECUTION_DATE='2026-04-11T16:10:00+00:00' AIRFLOW_CTX_TRY_NUMBER='2' AIRFLOW_CTX_DAG_RUN_ID='scheduled__2026-04-11T16:10:00+00:00'
[2026-04-11T16:16:35.859+0000] {taskinstance.py:731} INFO - ::endgroup::
[2026-04-11T16:16:35.871+0000] {subprocess.py:78} INFO - Tmp dir root location: /tmp
[2026-04-11T16:16:35.872+0000] {subprocess.py:88} INFO - Running command: ['/usr/bin/bash', '-c', 'docker exec spark-master spark-submit                 --packages org.apache.spark:spark-sql-kafka-0-10_2.13:4.0.0,org.apache.iceberg:iceberg-spark-runtime-4.0_2.13:1.10.1                 /home/spark/spark/spark_jobs/weather_streaming.py']
[2026-04-11T16:16:35.880+0000] {subprocess.py:99} INFO - Output:
[2026-04-11T16:16:36.277+0000] {subprocess.py:106} INFO - WARNING: Using incubator modules: jdk.incubator.vector
[2026-04-11T16:16:37.752+0000] {subprocess.py:106} INFO - :: loading settings :: url = jar:file:/home/spark/spark/jars/ivy-2.5.3.jar!/org/apache/ivy/core/settings/ivysettings.xml
[2026-04-11T16:16:37.848+0000] {subprocess.py:106} INFO - Ivy Default Cache set to: /home/spark/.ivy2.5.2/cache
[2026-04-11T16:16:37.849+0000] {subprocess.py:106} INFO - The jars for the packages stored in: /home/spark/.ivy2.5.2/jars
[2026-04-11T16:16:37.857+0000] {subprocess.py:106} INFO - org.apache.spark#spark-sql-kafka-0-10_2.13 added as a dependency
[2026-04-11T16:16:37.858+0000] {subprocess.py:106} INFO - org.apache.iceberg#iceberg-spark-runtime-4.0_2.13 added as a dependency
[2026-04-11T16:16:37.860+0000] {subprocess.py:106} INFO - :: resolving dependencies :: org.apache.spark#spark-submit-parent-49264307-9c36-43d3-b57a-cc6ac4b1210b;1.0
[2026-04-11T16:16:37.861+0000] {subprocess.py:106} INFO - 	confs: [default]
[2026-04-11T16:16:38.104+0000] {subprocess.py:106} INFO - 	found org.apache.spark#spark-sql-kafka-0-10_2.13;4.0.0 in central
[2026-04-11T16:16:38.174+0000] {subprocess.py:106} INFO - 	found org.apache.spark#spark-token-provider-kafka-0-10_2.13;4.0.0 in central
[2026-04-11T16:16:38.207+0000] {subprocess.py:106} INFO - 	found org.apache.kafka#kafka-clients;3.9.0 in central
[2026-04-11T16:16:38.240+0000] {subprocess.py:106} INFO - 	found org.lz4#lz4-java;1.8.0 in central
[2026-04-11T16:16:38.271+0000] {subprocess.py:106} INFO - 	found org.xerial.snappy#snappy-java;1.1.10.7 in central
[2026-04-11T16:16:38.301+0000] {subprocess.py:106} INFO - 	found org.slf4j#slf4j-api;2.0.16 in central
[2026-04-11T16:16:38.332+0000] {subprocess.py:106} INFO - 	found org.apache.hadoop#hadoop-client-runtime;3.4.1 in central
[2026-04-11T16:16:38.373+0000] {subprocess.py:106} INFO - 	found org.apache.hadoop#hadoop-client-api;3.4.1 in central
[2026-04-11T16:16:38.407+0000] {subprocess.py:106} INFO - 	found com.google.code.findbugs#jsr305;3.0.0 in central
[2026-04-11T16:16:38.426+0000] {subprocess.py:106} INFO - 	found org.scala-lang.modules#scala-parallel-collections_2.13;1.2.0 in central
[2026-04-11T16:16:38.450+0000] {subprocess.py:106} INFO - 	found org.apache.commons#commons-pool2;2.12.0 in central
[2026-04-11T16:16:38.466+0000] {subprocess.py:106} INFO - 	found org.apache.iceberg#iceberg-spark-runtime-4.0_2.13;1.10.1 in spark-list
[2026-04-11T16:16:38.505+0000] {subprocess.py:106} INFO - :: resolution report :: resolve 622ms :: artifacts dl 23ms
[2026-04-11T16:16:38.506+0000] {subprocess.py:106} INFO - 	:: modules in use:
[2026-04-11T16:16:38.507+0000] {subprocess.py:106} INFO - 	com.google.code.findbugs#jsr305;3.0.0 from central in [default]
[2026-04-11T16:16:38.507+0000] {subprocess.py:106} INFO - 	org.apache.commons#commons-pool2;2.12.0 from central in [default]
[2026-04-11T16:16:38.508+0000] {subprocess.py:106} INFO - 	org.apache.hadoop#hadoop-client-api;3.4.1 from central in [default]
[2026-04-11T16:16:38.508+0000] {subprocess.py:106} INFO - 	org.apache.hadoop#hadoop-client-runtime;3.4.1 from central in [default]
[2026-04-11T16:16:38.509+0000] {subprocess.py:106} INFO - 	org.apache.iceberg#iceberg-spark-runtime-4.0_2.13;1.10.1 from spark-list in [default]
[2026-04-11T16:16:38.509+0000] {subprocess.py:106} INFO - 	org.apache.kafka#kafka-clients;3.9.0 from central in [default]
[2026-04-11T16:16:38.510+0000] {subprocess.py:106} INFO - 	org.apache.spark#spark-sql-kafka-0-10_2.13;4.0.0 from central in [default]
[2026-04-11T16:16:38.512+0000] {subprocess.py:106} INFO - 	org.apache.spark#spark-token-provider-kafka-0-10_2.13;4.0.0 from central in [default]
[2026-04-11T16:16:38.512+0000] {subprocess.py:106} INFO - 	org.lz4#lz4-java;1.8.0 from central in [default]
[2026-04-11T16:16:38.513+0000] {subprocess.py:106} INFO - 	org.scala-lang.modules#scala-parallel-collections_2.13;1.2.0 from central in [default]
[2026-04-11T16:16:38.514+0000] {subprocess.py:106} INFO - 	org.slf4j#slf4j-api;2.0.16 from central in [default]
[2026-04-11T16:16:38.514+0000] {subprocess.py:106} INFO - 	org.xerial.snappy#snappy-java;1.1.10.7 from central in [default]
[2026-04-11T16:16:38.515+0000] {subprocess.py:106} INFO - 	---------------------------------------------------------------------
[2026-04-11T16:16:38.515+0000] {subprocess.py:106} INFO - 	|                  |            modules            ||   artifacts   |
[2026-04-11T16:16:38.516+0000] {subprocess.py:106} INFO - 	|       conf       | number| search|dwnlded|evicted|| number|dwnlded|
[2026-04-11T16:16:38.516+0000] {subprocess.py:106} INFO - 	---------------------------------------------------------------------
[2026-04-11T16:16:38.517+0000] {subprocess.py:106} INFO - 	|      default     |   12  |   0   |   0   |   0   ||   12  |   0   |
[2026-04-11T16:16:38.517+0000] {subprocess.py:106} INFO - 	---------------------------------------------------------------------
[2026-04-11T16:16:38.518+0000] {subprocess.py:106} INFO - :: retrieving :: org.apache.spark#spark-submit-parent-49264307-9c36-43d3-b57a-cc6ac4b1210b
[2026-04-11T16:16:38.519+0000] {subprocess.py:106} INFO - 	confs: [default]
[2026-04-11T16:16:38.530+0000] {subprocess.py:106} INFO - 	0 artifacts copied, 12 already retrieved (0kB/12ms)
[2026-04-11T16:16:38.818+0000] {subprocess.py:106} INFO - 26/04/11 16:16:38 WARN NativeCodeLoader: Unable to load native-hadoop library for your platform... using builtin-java classes where applicable
[2026-04-11T16:16:40.062+0000] {subprocess.py:106} INFO - Using Spark's default log4j profile: org/apache/spark/log4j2-defaults.properties
[2026-04-11T16:16:40.073+0000] {subprocess.py:106} INFO - 26/04/11 16:16:40 INFO SparkContext: Running Spark version 4.0.2
[2026-04-11T16:16:40.076+0000] {subprocess.py:106} INFO - 26/04/11 16:16:40 INFO SparkContext: OS info Linux, 6.6.87.2-microsoft-standard-WSL2, amd64
[2026-04-11T16:16:40.077+0000] {subprocess.py:106} INFO - 26/04/11 16:16:40 INFO SparkContext: Java version 21.0.10
[2026-04-11T16:16:40.111+0000] {subprocess.py:106} INFO - 26/04/11 16:16:40 INFO ResourceUtils: ==============================================================
[2026-04-11T16:16:40.111+0000] {subprocess.py:106} INFO - 26/04/11 16:16:40 INFO ResourceUtils: No custom resources configured for spark.driver.
[2026-04-11T16:16:40.112+0000] {subprocess.py:106} INFO - 26/04/11 16:16:40 INFO ResourceUtils: ==============================================================
[2026-04-11T16:16:40.113+0000] {subprocess.py:106} INFO - 26/04/11 16:16:40 INFO SparkContext: Submitted application: Weather_Kafka_to_Iceberg
[2026-04-11T16:16:40.154+0000] {subprocess.py:106} INFO - 26/04/11 16:16:40 INFO ResourceProfile: Default ResourceProfile created, executor resources: Map(cores -> name: cores, amount: 2, script: , vendor: , memory -> name: memory, amount: 2048, script: , vendor: , offHeap -> name: offHeap, amount: 0, script: , vendor: ), task resources: Map(cpus -> name: cpus, amount: 1.0)
[2026-04-11T16:16:40.163+0000] {subprocess.py:106} INFO - 26/04/11 16:16:40 INFO ResourceProfile: Limiting resource is cpus at 2 tasks per executor
[2026-04-11T16:16:40.166+0000] {subprocess.py:106} INFO - 26/04/11 16:16:40 INFO ResourceProfileManager: Added ResourceProfile id: 0
[2026-04-11T16:16:40.228+0000] {subprocess.py:106} INFO - 26/04/11 16:16:40 INFO SecurityManager: Changing view acls to: spark
[2026-04-11T16:16:40.230+0000] {subprocess.py:106} INFO - 26/04/11 16:16:40 INFO SecurityManager: Changing modify acls to: spark
[2026-04-11T16:16:40.231+0000] {subprocess.py:106} INFO - 26/04/11 16:16:40 INFO SecurityManager: Changing view acls groups to: spark
[2026-04-11T16:16:40.231+0000] {subprocess.py:106} INFO - 26/04/11 16:16:40 INFO SecurityManager: Changing modify acls groups to: spark
[2026-04-11T16:16:40.237+0000] {subprocess.py:106} INFO - 26/04/11 16:16:40 INFO SecurityManager: SecurityManager: authentication disabled; ui acls disabled; users with view permissions: spark groups with view permissions: EMPTY; users with modify permissions: spark; groups with modify permissions: EMPTY; RPC SSL disabled
[2026-04-11T16:16:40.543+0000] {subprocess.py:106} INFO - 26/04/11 16:16:40 INFO Utils: Successfully started service 'sparkDriver' on port 39325.
[2026-04-11T16:16:40.582+0000] {subprocess.py:106} INFO - 26/04/11 16:16:40 INFO SparkEnv: Registering MapOutputTracker
[2026-04-11T16:16:40.595+0000] {subprocess.py:106} INFO - 26/04/11 16:16:40 INFO SparkEnv: Registering BlockManagerMaster
[2026-04-11T16:16:40.614+0000] {subprocess.py:106} INFO - 26/04/11 16:16:40 INFO BlockManagerMasterEndpoint: Using org.apache.spark.storage.DefaultTopologyMapper for getting topology information
[2026-04-11T16:16:40.614+0000] {subprocess.py:106} INFO - 26/04/11 16:16:40 INFO BlockManagerMasterEndpoint: BlockManagerMasterEndpoint up
[2026-04-11T16:16:40.618+0000] {subprocess.py:106} INFO - 26/04/11 16:16:40 INFO SparkEnv: Registering BlockManagerMasterHeartbeat
[2026-04-11T16:16:40.645+0000] {subprocess.py:106} INFO - 26/04/11 16:16:40 INFO DiskBlockManager: Created local directory at /tmp/blockmgr-18d399f5-23da-455b-9364-e9ebf14b8733
[2026-04-11T16:16:40.673+0000] {subprocess.py:106} INFO - 26/04/11 16:16:40 INFO SparkEnv: Registering OutputCommitCoordinator
[2026-04-11T16:16:40.822+0000] {subprocess.py:106} INFO - 26/04/11 16:16:40 INFO JettyUtils: Start Jetty 0.0.0.0:4040 for SparkUI
[2026-04-11T16:16:40.909+0000] {subprocess.py:106} INFO - 26/04/11 16:16:40 INFO Utils: Successfully started service 'SparkUI' on port 4040.
[2026-04-11T16:16:40.961+0000] {subprocess.py:106} INFO - 26/04/11 16:16:40 INFO SparkContext: Added JAR file:///home/spark/.ivy2.5.2/jars/org.apache.spark_spark-sql-kafka-0-10_2.13-4.0.0.jar at spark://spark-master:39325/jars/org.apache.spark_spark-sql-kafka-0-10_2.13-4.0.0.jar with timestamp 1775924200051
[2026-04-11T16:16:40.962+0000] {subprocess.py:106} INFO - 26/04/11 16:16:40 INFO SparkContext: Added JAR file:///home/spark/.ivy2.5.2/jars/org.apache.iceberg_iceberg-spark-runtime-4.0_2.13-1.10.1.jar at spark://spark-master:39325/jars/org.apache.iceberg_iceberg-spark-runtime-4.0_2.13-1.10.1.jar with timestamp 1775924200051
[2026-04-11T16:16:40.963+0000] {subprocess.py:106} INFO - 26/04/11 16:16:40 INFO SparkContext: Added JAR file:///home/spark/.ivy2.5.2/jars/org.apache.spark_spark-token-provider-kafka-0-10_2.13-4.0.0.jar at spark://spark-master:39325/jars/org.apache.spark_spark-token-provider-kafka-0-10_2.13-4.0.0.jar with timestamp 1775924200051
[2026-04-11T16:16:40.963+0000] {subprocess.py:106} INFO - 26/04/11 16:16:40 INFO SparkContext: Added JAR file:///home/spark/.ivy2.5.2/jars/org.scala-lang.modules_scala-parallel-collections_2.13-1.2.0.jar at spark://spark-master:39325/jars/org.scala-lang.modules_scala-parallel-collections_2.13-1.2.0.jar with timestamp 1775924200051
[2026-04-11T16:16:40.964+0000] {subprocess.py:106} INFO - 26/04/11 16:16:40 INFO SparkContext: Added JAR file:///home/spark/.ivy2.5.2/jars/org.apache.kafka_kafka-clients-3.9.0.jar at spark://spark-master:39325/jars/org.apache.kafka_kafka-clients-3.9.0.jar with timestamp 1775924200051
[2026-04-11T16:16:40.964+0000] {subprocess.py:106} INFO - 26/04/11 16:16:40 INFO SparkContext: Added JAR file:///home/spark/.ivy2.5.2/jars/com.google.code.findbugs_jsr305-3.0.0.jar at spark://spark-master:39325/jars/com.google.code.findbugs_jsr305-3.0.0.jar with timestamp 1775924200051
[2026-04-11T16:16:40.965+0000] {subprocess.py:106} INFO - 26/04/11 16:16:40 INFO SparkContext: Added JAR file:///home/spark/.ivy2.5.2/jars/org.apache.commons_commons-pool2-2.12.0.jar at spark://spark-master:39325/jars/org.apache.commons_commons-pool2-2.12.0.jar with timestamp 1775924200051
[2026-04-11T16:16:40.965+0000] {subprocess.py:106} INFO - 26/04/11 16:16:40 INFO SparkContext: Added JAR file:///home/spark/.ivy2.5.2/jars/org.apache.hadoop_hadoop-client-runtime-3.4.1.jar at spark://spark-master:39325/jars/org.apache.hadoop_hadoop-client-runtime-3.4.1.jar with timestamp 1775924200051
[2026-04-11T16:16:40.966+0000] {subprocess.py:106} INFO - 26/04/11 16:16:40 INFO SparkContext: Added JAR file:///home/spark/.ivy2.5.2/jars/org.lz4_lz4-java-1.8.0.jar at spark://spark-master:39325/jars/org.lz4_lz4-java-1.8.0.jar with timestamp 1775924200051
[2026-04-11T16:16:40.966+0000] {subprocess.py:106} INFO - 26/04/11 16:16:40 INFO SparkContext: Added JAR file:///home/spark/.ivy2.5.2/jars/org.xerial.snappy_snappy-java-1.1.10.7.jar at spark://spark-master:39325/jars/org.xerial.snappy_snappy-java-1.1.10.7.jar with timestamp 1775924200051
[2026-04-11T16:16:40.967+0000] {subprocess.py:106} INFO - 26/04/11 16:16:40 INFO SparkContext: Added JAR file:///home/spark/.ivy2.5.2/jars/org.slf4j_slf4j-api-2.0.16.jar at spark://spark-master:39325/jars/org.slf4j_slf4j-api-2.0.16.jar with timestamp 1775924200051
[2026-04-11T16:16:40.967+0000] {subprocess.py:106} INFO - 26/04/11 16:16:40 INFO SparkContext: Added JAR file:///home/spark/.ivy2.5.2/jars/org.apache.hadoop_hadoop-client-api-3.4.1.jar at spark://spark-master:39325/jars/org.apache.hadoop_hadoop-client-api-3.4.1.jar with timestamp 1775924200051
[2026-04-11T16:16:40.973+0000] {subprocess.py:106} INFO - 26/04/11 16:16:40 INFO SparkContext: Added file file:///home/spark/.ivy2.5.2/jars/org.apache.spark_spark-sql-kafka-0-10_2.13-4.0.0.jar at file:///home/spark/.ivy2.5.2/jars/org.apache.spark_spark-sql-kafka-0-10_2.13-4.0.0.jar with timestamp 1775924200051
[2026-04-11T16:16:40.976+0000] {subprocess.py:106} INFO - 26/04/11 16:16:40 INFO Utils: Copying /home/spark/.ivy2.5.2/jars/org.apache.spark_spark-sql-kafka-0-10_2.13-4.0.0.jar to /tmp/spark-81e74045-13f2-4ac6-b42c-bef43726f700/userFiles-195ac1e2-c4d9-4853-937c-3d265933ad67/org.apache.spark_spark-sql-kafka-0-10_2.13-4.0.0.jar
[2026-04-11T16:16:40.988+0000] {subprocess.py:106} INFO - 26/04/11 16:16:40 INFO SparkContext: Added file file:///home/spark/.ivy2.5.2/jars/org.apache.iceberg_iceberg-spark-runtime-4.0_2.13-1.10.1.jar at file:///home/spark/.ivy2.5.2/jars/org.apache.iceberg_iceberg-spark-runtime-4.0_2.13-1.10.1.jar with timestamp 1775924200051
[2026-04-11T16:16:40.988+0000] {subprocess.py:106} INFO - 26/04/11 16:16:40 INFO Utils: Copying /home/spark/.ivy2.5.2/jars/org.apache.iceberg_iceberg-spark-runtime-4.0_2.13-1.10.1.jar to /tmp/spark-81e74045-13f2-4ac6-b42c-bef43726f700/userFiles-195ac1e2-c4d9-4853-937c-3d265933ad67/org.apache.iceberg_iceberg-spark-runtime-4.0_2.13-1.10.1.jar
[2026-04-11T16:16:41.025+0000] {subprocess.py:106} INFO - 26/04/11 16:16:41 INFO SparkContext: Added file file:///home/spark/.ivy2.5.2/jars/org.apache.spark_spark-token-provider-kafka-0-10_2.13-4.0.0.jar at file:///home/spark/.ivy2.5.2/jars/org.apache.spark_spark-token-provider-kafka-0-10_2.13-4.0.0.jar with timestamp 1775924200051
[2026-04-11T16:16:41.026+0000] {subprocess.py:106} INFO - 26/04/11 16:16:41 INFO Utils: Copying /home/spark/.ivy2.5.2/jars/org.apache.spark_spark-token-provider-kafka-0-10_2.13-4.0.0.jar to /tmp/spark-81e74045-13f2-4ac6-b42c-bef43726f700/userFiles-195ac1e2-c4d9-4853-937c-3d265933ad67/org.apache.spark_spark-token-provider-kafka-0-10_2.13-4.0.0.jar
[2026-04-11T16:16:41.030+0000] {subprocess.py:106} INFO - 26/04/11 16:16:41 INFO SparkContext: Added file file:///home/spark/.ivy2.5.2/jars/org.scala-lang.modules_scala-parallel-collections_2.13-1.2.0.jar at file:///home/spark/.ivy2.5.2/jars/org.scala-lang.modules_scala-parallel-collections_2.13-1.2.0.jar with timestamp 1775924200051
[2026-04-11T16:16:41.031+0000] {subprocess.py:106} INFO - 26/04/11 16:16:41 INFO Utils: Copying /home/spark/.ivy2.5.2/jars/org.scala-lang.modules_scala-parallel-collections_2.13-1.2.0.jar to /tmp/spark-81e74045-13f2-4ac6-b42c-bef43726f700/userFiles-195ac1e2-c4d9-4853-937c-3d265933ad67/org.scala-lang.modules_scala-parallel-collections_2.13-1.2.0.jar
[2026-04-11T16:16:41.036+0000] {subprocess.py:106} INFO - 26/04/11 16:16:41 INFO SparkContext: Added file file:///home/spark/.ivy2.5.2/jars/org.apache.kafka_kafka-clients-3.9.0.jar at file:///home/spark/.ivy2.5.2/jars/org.apache.kafka_kafka-clients-3.9.0.jar with timestamp 1775924200051
[2026-04-11T16:16:41.036+0000] {subprocess.py:106} INFO - 26/04/11 16:16:41 INFO Utils: Copying /home/spark/.ivy2.5.2/jars/org.apache.kafka_kafka-clients-3.9.0.jar to /tmp/spark-81e74045-13f2-4ac6-b42c-bef43726f700/userFiles-195ac1e2-c4d9-4853-937c-3d265933ad67/org.apache.kafka_kafka-clients-3.9.0.jar
[2026-04-11T16:16:41.045+0000] {subprocess.py:106} INFO - 26/04/11 16:16:41 INFO SparkContext: Added file file:///home/spark/.ivy2.5.2/jars/com.google.code.findbugs_jsr305-3.0.0.jar at file:///home/spark/.ivy2.5.2/jars/com.google.code.findbugs_jsr305-3.0.0.jar with timestamp 1775924200051
[2026-04-11T16:16:41.046+0000] {subprocess.py:106} INFO - 26/04/11 16:16:41 INFO Utils: Copying /home/spark/.ivy2.5.2/jars/com.google.code.findbugs_jsr305-3.0.0.jar to /tmp/spark-81e74045-13f2-4ac6-b42c-bef43726f700/userFiles-195ac1e2-c4d9-4853-937c-3d265933ad67/com.google.code.findbugs_jsr305-3.0.0.jar
[2026-04-11T16:16:41.049+0000] {subprocess.py:106} INFO - 26/04/11 16:16:41 INFO SparkContext: Added file file:///home/spark/.ivy2.5.2/jars/org.apache.commons_commons-pool2-2.12.0.jar at file:///home/spark/.ivy2.5.2/jars/org.apache.commons_commons-pool2-2.12.0.jar with timestamp 1775924200051
[2026-04-11T16:16:41.050+0000] {subprocess.py:106} INFO - 26/04/11 16:16:41 INFO Utils: Copying /home/spark/.ivy2.5.2/jars/org.apache.commons_commons-pool2-2.12.0.jar to /tmp/spark-81e74045-13f2-4ac6-b42c-bef43726f700/userFiles-195ac1e2-c4d9-4853-937c-3d265933ad67/org.apache.commons_commons-pool2-2.12.0.jar
[2026-04-11T16:16:41.053+0000] {subprocess.py:106} INFO - 26/04/11 16:16:41 INFO SparkContext: Added file file:///home/spark/.ivy2.5.2/jars/org.apache.hadoop_hadoop-client-runtime-3.4.1.jar at file:///home/spark/.ivy2.5.2/jars/org.apache.hadoop_hadoop-client-runtime-3.4.1.jar with timestamp 1775924200051
[2026-04-11T16:16:41.054+0000] {subprocess.py:106} INFO - 26/04/11 16:16:41 INFO Utils: Copying /home/spark/.ivy2.5.2/jars/org.apache.hadoop_hadoop-client-runtime-3.4.1.jar to /tmp/spark-81e74045-13f2-4ac6-b42c-bef43726f700/userFiles-195ac1e2-c4d9-4853-937c-3d265933ad67/org.apache.hadoop_hadoop-client-runtime-3.4.1.jar
[2026-04-11T16:16:41.074+0000] {subprocess.py:106} INFO - 26/04/11 16:16:41 INFO SparkContext: Added file file:///home/spark/.ivy2.5.2/jars/org.lz4_lz4-java-1.8.0.jar at file:///home/spark/.ivy2.5.2/jars/org.lz4_lz4-java-1.8.0.jar with timestamp 1775924200051
[2026-04-11T16:16:41.074+0000] {subprocess.py:106} INFO - 26/04/11 16:16:41 INFO Utils: Copying /home/spark/.ivy2.5.2/jars/org.lz4_lz4-java-1.8.0.jar to /tmp/spark-81e74045-13f2-4ac6-b42c-bef43726f700/userFiles-195ac1e2-c4d9-4853-937c-3d265933ad67/org.lz4_lz4-java-1.8.0.jar
[2026-04-11T16:16:41.078+0000] {subprocess.py:106} INFO - 26/04/11 16:16:41 INFO SparkContext: Added file file:///home/spark/.ivy2.5.2/jars/org.xerial.snappy_snappy-java-1.1.10.7.jar at file:///home/spark/.ivy2.5.2/jars/org.xerial.snappy_snappy-java-1.1.10.7.jar with timestamp 1775924200051
[2026-04-11T16:16:41.079+0000] {subprocess.py:106} INFO - 26/04/11 16:16:41 INFO Utils: Copying /home/spark/.ivy2.5.2/jars/org.xerial.snappy_snappy-java-1.1.10.7.jar to /tmp/spark-81e74045-13f2-4ac6-b42c-bef43726f700/userFiles-195ac1e2-c4d9-4853-937c-3d265933ad67/org.xerial.snappy_snappy-java-1.1.10.7.jar
[2026-04-11T16:16:41.083+0000] {subprocess.py:106} INFO - 26/04/11 16:16:41 INFO SparkContext: Added file file:///home/spark/.ivy2.5.2/jars/org.slf4j_slf4j-api-2.0.16.jar at file:///home/spark/.ivy2.5.2/jars/org.slf4j_slf4j-api-2.0.16.jar with timestamp 1775924200051
[2026-04-11T16:16:41.084+0000] {subprocess.py:106} INFO - 26/04/11 16:16:41 INFO Utils: Copying /home/spark/.ivy2.5.2/jars/org.slf4j_slf4j-api-2.0.16.jar to /tmp/spark-81e74045-13f2-4ac6-b42c-bef43726f700/userFiles-195ac1e2-c4d9-4853-937c-3d265933ad67/org.slf4j_slf4j-api-2.0.16.jar
[2026-04-11T16:16:41.087+0000] {subprocess.py:106} INFO - 26/04/11 16:16:41 INFO SparkContext: Added file file:///home/spark/.ivy2.5.2/jars/org.apache.hadoop_hadoop-client-api-3.4.1.jar at file:///home/spark/.ivy2.5.2/jars/org.apache.hadoop_hadoop-client-api-3.4.1.jar with timestamp 1775924200051
[2026-04-11T16:16:41.088+0000] {subprocess.py:106} INFO - 26/04/11 16:16:41 INFO Utils: Copying /home/spark/.ivy2.5.2/jars/org.apache.hadoop_hadoop-client-api-3.4.1.jar to /tmp/spark-81e74045-13f2-4ac6-b42c-bef43726f700/userFiles-195ac1e2-c4d9-4853-937c-3d265933ad67/org.apache.hadoop_hadoop-client-api-3.4.1.jar
[2026-04-11T16:16:41.126+0000] {subprocess.py:106} INFO - 26/04/11 16:16:41 INFO SecurityManager: Changing view acls to: spark
[2026-04-11T16:16:41.126+0000] {subprocess.py:106} INFO - 26/04/11 16:16:41 INFO SecurityManager: Changing modify acls to: spark
[2026-04-11T16:16:41.127+0000] {subprocess.py:106} INFO - 26/04/11 16:16:41 INFO SecurityManager: Changing view acls groups to: spark
[2026-04-11T16:16:41.127+0000] {subprocess.py:106} INFO - 26/04/11 16:16:41 INFO SecurityManager: Changing modify acls groups to: spark
[2026-04-11T16:16:41.128+0000] {subprocess.py:106} INFO - 26/04/11 16:16:41 INFO SecurityManager: SecurityManager: authentication disabled; ui acls disabled; users with view permissions: spark groups with view permissions: EMPTY; users with modify permissions: spark; groups with modify permissions: EMPTY; RPC SSL disabled
[2026-04-11T16:16:41.315+0000] {subprocess.py:106} INFO - 26/04/11 16:16:41 INFO Executor: Starting executor ID driver on host spark-master
[2026-04-11T16:16:41.316+0000] {subprocess.py:106} INFO - 26/04/11 16:16:41 INFO Executor: OS info Linux, 6.6.87.2-microsoft-standard-WSL2, amd64
[2026-04-11T16:16:41.316+0000] {subprocess.py:106} INFO - 26/04/11 16:16:41 INFO Executor: Java version 21.0.10
[2026-04-11T16:16:41.330+0000] {subprocess.py:106} INFO - 26/04/11 16:16:41 INFO Executor: Starting executor with user classpath (userClassPathFirst = false): ''
[2026-04-11T16:16:41.331+0000] {subprocess.py:106} INFO - 26/04/11 16:16:41 INFO Executor: Created or updated repl class loader org.apache.spark.util.MutableURLClassLoader@15de3591 for default.
[2026-04-11T16:16:41.345+0000] {subprocess.py:106} INFO - 26/04/11 16:16:41 INFO Executor: Fetching file:///home/spark/.ivy2.5.2/jars/org.lz4_lz4-java-1.8.0.jar with timestamp 1775924200051
[2026-04-11T16:16:41.363+0000] {subprocess.py:106} INFO - 26/04/11 16:16:41 INFO Utils: /home/spark/.ivy2.5.2/jars/org.lz4_lz4-java-1.8.0.jar has been previously copied to /tmp/spark-81e74045-13f2-4ac6-b42c-bef43726f700/userFiles-195ac1e2-c4d9-4853-937c-3d265933ad67/org.lz4_lz4-java-1.8.0.jar
[2026-04-11T16:16:41.366+0000] {subprocess.py:106} INFO - 26/04/11 16:16:41 INFO Executor: Fetching file:///home/spark/.ivy2.5.2/jars/org.scala-lang.modules_scala-parallel-collections_2.13-1.2.0.jar with timestamp 1775924200051
[2026-04-11T16:16:41.367+0000] {subprocess.py:106} INFO - 26/04/11 16:16:41 INFO Utils: /home/spark/.ivy2.5.2/jars/org.scala-lang.modules_scala-parallel-collections_2.13-1.2.0.jar has been previously copied to /tmp/spark-81e74045-13f2-4ac6-b42c-bef43726f700/userFiles-195ac1e2-c4d9-4853-937c-3d265933ad67/org.scala-lang.modules_scala-parallel-collections_2.13-1.2.0.jar
[2026-04-11T16:16:41.370+0000] {subprocess.py:106} INFO - 26/04/11 16:16:41 INFO Executor: Fetching file:///home/spark/.ivy2.5.2/jars/org.apache.kafka_kafka-clients-3.9.0.jar with timestamp 1775924200051
[2026-04-11T16:16:41.375+0000] {subprocess.py:106} INFO - 26/04/11 16:16:41 INFO Utils: /home/spark/.ivy2.5.2/jars/org.apache.kafka_kafka-clients-3.9.0.jar has been previously copied to /tmp/spark-81e74045-13f2-4ac6-b42c-bef43726f700/userFiles-195ac1e2-c4d9-4853-937c-3d265933ad67/org.apache.kafka_kafka-clients-3.9.0.jar
[2026-04-11T16:16:41.378+0000] {subprocess.py:106} INFO - 26/04/11 16:16:41 INFO Executor: Fetching file:///home/spark/.ivy2.5.2/jars/org.apache.spark_spark-sql-kafka-0-10_2.13-4.0.0.jar with timestamp 1775924200051
[2026-04-11T16:16:41.379+0000] {subprocess.py:106} INFO - 26/04/11 16:16:41 INFO Utils: /home/spark/.ivy2.5.2/jars/org.apache.spark_spark-sql-kafka-0-10_2.13-4.0.0.jar has been previously copied to /tmp/spark-81e74045-13f2-4ac6-b42c-bef43726f700/userFiles-195ac1e2-c4d9-4853-937c-3d265933ad67/org.apache.spark_spark-sql-kafka-0-10_2.13-4.0.0.jar
[2026-04-11T16:16:41.383+0000] {subprocess.py:106} INFO - 26/04/11 16:16:41 INFO Executor: Fetching file:///home/spark/.ivy2.5.2/jars/org.apache.hadoop_hadoop-client-api-3.4.1.jar with timestamp 1775924200051
[2026-04-11T16:16:41.393+0000] {subprocess.py:106} INFO - 26/04/11 16:16:41 INFO Utils: /home/spark/.ivy2.5.2/jars/org.apache.hadoop_hadoop-client-api-3.4.1.jar has been previously copied to /tmp/spark-81e74045-13f2-4ac6-b42c-bef43726f700/userFiles-195ac1e2-c4d9-4853-937c-3d265933ad67/org.apache.hadoop_hadoop-client-api-3.4.1.jar
[2026-04-11T16:16:41.397+0000] {subprocess.py:106} INFO - 26/04/11 16:16:41 INFO Executor: Fetching file:///home/spark/.ivy2.5.2/jars/org.apache.commons_commons-pool2-2.12.0.jar with timestamp 1775924200051
[2026-04-11T16:16:41.397+0000] {subprocess.py:106} INFO - 26/04/11 16:16:41 INFO Utils: /home/spark/.ivy2.5.2/jars/org.apache.commons_commons-pool2-2.12.0.jar has been previously copied to /tmp/spark-81e74045-13f2-4ac6-b42c-bef43726f700/userFiles-195ac1e2-c4d9-4853-937c-3d265933ad67/org.apache.commons_commons-pool2-2.12.0.jar
[2026-04-11T16:16:41.401+0000] {subprocess.py:106} INFO - 26/04/11 16:16:41 INFO Executor: Fetching file:///home/spark/.ivy2.5.2/jars/org.slf4j_slf4j-api-2.0.16.jar with timestamp 1775924200051
[2026-04-11T16:16:41.402+0000] {subprocess.py:106} INFO - 26/04/11 16:16:41 INFO Utils: /home/spark/.ivy2.5.2/jars/org.slf4j_slf4j-api-2.0.16.jar has been previously copied to /tmp/spark-81e74045-13f2-4ac6-b42c-bef43726f700/userFiles-195ac1e2-c4d9-4853-937c-3d265933ad67/org.slf4j_slf4j-api-2.0.16.jar
[2026-04-11T16:16:41.406+0000] {subprocess.py:106} INFO - 26/04/11 16:16:41 INFO Executor: Fetching file:///home/spark/.ivy2.5.2/jars/org.apache.iceberg_iceberg-spark-runtime-4.0_2.13-1.10.1.jar with timestamp 1775924200051
[2026-04-11T16:16:41.429+0000] {subprocess.py:106} INFO - 26/04/11 16:16:41 INFO Utils: /home/spark/.ivy2.5.2/jars/org.apache.iceberg_iceberg-spark-runtime-4.0_2.13-1.10.1.jar has been previously copied to /tmp/spark-81e74045-13f2-4ac6-b42c-bef43726f700/userFiles-195ac1e2-c4d9-4853-937c-3d265933ad67/org.apache.iceberg_iceberg-spark-runtime-4.0_2.13-1.10.1.jar
[2026-04-11T16:16:41.433+0000] {subprocess.py:106} INFO - 26/04/11 16:16:41 INFO Executor: Fetching file:///home/spark/.ivy2.5.2/jars/org.apache.hadoop_hadoop-client-runtime-3.4.1.jar with timestamp 1775924200051
[2026-04-11T16:16:41.447+0000] {subprocess.py:106} INFO - 26/04/11 16:16:41 INFO Utils: /home/spark/.ivy2.5.2/jars/org.apache.hadoop_hadoop-client-runtime-3.4.1.jar has been previously copied to /tmp/spark-81e74045-13f2-4ac6-b42c-bef43726f700/userFiles-195ac1e2-c4d9-4853-937c-3d265933ad67/org.apache.hadoop_hadoop-client-runtime-3.4.1.jar
[2026-04-11T16:16:41.451+0000] {subprocess.py:106} INFO - 26/04/11 16:16:41 INFO Executor: Fetching file:///home/spark/.ivy2.5.2/jars/org.apache.spark_spark-token-provider-kafka-0-10_2.13-4.0.0.jar with timestamp 1775924200051
[2026-04-11T16:16:41.452+0000] {subprocess.py:106} INFO - 26/04/11 16:16:41 INFO Utils: /home/spark/.ivy2.5.2/jars/org.apache.spark_spark-token-provider-kafka-0-10_2.13-4.0.0.jar has been previously copied to /tmp/spark-81e74045-13f2-4ac6-b42c-bef43726f700/userFiles-195ac1e2-c4d9-4853-937c-3d265933ad67/org.apache.spark_spark-token-provider-kafka-0-10_2.13-4.0.0.jar
[2026-04-11T16:16:41.456+0000] {subprocess.py:106} INFO - 26/04/11 16:16:41 INFO Executor: Fetching file:///home/spark/.ivy2.5.2/jars/com.google.code.findbugs_jsr305-3.0.0.jar with timestamp 1775924200051
[2026-04-11T16:16:41.456+0000] {subprocess.py:106} INFO - 26/04/11 16:16:41 INFO Utils: /home/spark/.ivy2.5.2/jars/com.google.code.findbugs_jsr305-3.0.0.jar has been previously copied to /tmp/spark-81e74045-13f2-4ac6-b42c-bef43726f700/userFiles-195ac1e2-c4d9-4853-937c-3d265933ad67/com.google.code.findbugs_jsr305-3.0.0.jar
[2026-04-11T16:16:41.459+0000] {subprocess.py:106} INFO - 26/04/11 16:16:41 INFO Executor: Fetching file:///home/spark/.ivy2.5.2/jars/org.xerial.snappy_snappy-java-1.1.10.7.jar with timestamp 1775924200051
[2026-04-11T16:16:41.461+0000] {subprocess.py:106} INFO - 26/04/11 16:16:41 INFO Utils: /home/spark/.ivy2.5.2/jars/org.xerial.snappy_snappy-java-1.1.10.7.jar has been previously copied to /tmp/spark-81e74045-13f2-4ac6-b42c-bef43726f700/userFiles-195ac1e2-c4d9-4853-937c-3d265933ad67/org.xerial.snappy_snappy-java-1.1.10.7.jar
[2026-04-11T16:16:41.467+0000] {subprocess.py:106} INFO - 26/04/11 16:16:41 INFO Executor: Fetching spark://spark-master:39325/jars/org.apache.iceberg_iceberg-spark-runtime-4.0_2.13-1.10.1.jar with timestamp 1775924200051
[2026-04-11T16:16:41.507+0000] {subprocess.py:106} INFO - 26/04/11 16:16:41 INFO TransportClientFactory: Successfully created connection to spark-master/172.20.0.5:39325 after 27 ms (0 ms spent in bootstraps)
[2026-04-11T16:16:41.513+0000] {subprocess.py:106} INFO - 26/04/11 16:16:41 INFO Utils: Fetching spark://spark-master:39325/jars/org.apache.iceberg_iceberg-spark-runtime-4.0_2.13-1.10.1.jar to /tmp/spark-81e74045-13f2-4ac6-b42c-bef43726f700/userFiles-195ac1e2-c4d9-4853-937c-3d265933ad67/fetchFileTemp11822656230542554630.tmp
[2026-04-11T16:16:41.756+0000] {subprocess.py:106} INFO - 26/04/11 16:16:41 INFO Utils: /tmp/spark-81e74045-13f2-4ac6-b42c-bef43726f700/userFiles-195ac1e2-c4d9-4853-937c-3d265933ad67/fetchFileTemp11822656230542554630.tmp has been previously copied to /tmp/spark-81e74045-13f2-4ac6-b42c-bef43726f700/userFiles-195ac1e2-c4d9-4853-937c-3d265933ad67/org.apache.iceberg_iceberg-spark-runtime-4.0_2.13-1.10.1.jar
[2026-04-11T16:16:42.120+0000] {subprocess.py:106} INFO - 26/04/11 16:16:42 INFO Executor: Adding file:/tmp/spark-81e74045-13f2-4ac6-b42c-bef43726f700/userFiles-195ac1e2-c4d9-4853-937c-3d265933ad67/org.apache.iceberg_iceberg-spark-runtime-4.0_2.13-1.10.1.jar to class loader default
[2026-04-11T16:16:42.121+0000] {subprocess.py:106} INFO - 26/04/11 16:16:42 INFO Executor: Fetching spark://spark-master:39325/jars/org.apache.spark_spark-sql-kafka-0-10_2.13-4.0.0.jar with timestamp 1775924200051
[2026-04-11T16:16:42.122+0000] {subprocess.py:106} INFO - 26/04/11 16:16:42 INFO Utils: Fetching spark://spark-master:39325/jars/org.apache.spark_spark-sql-kafka-0-10_2.13-4.0.0.jar to /tmp/spark-81e74045-13f2-4ac6-b42c-bef43726f700/userFiles-195ac1e2-c4d9-4853-937c-3d265933ad67/fetchFileTemp11087367802741673269.tmp
[2026-04-11T16:16:42.125+0000] {subprocess.py:106} INFO - 26/04/11 16:16:42 INFO Utils: /tmp/spark-81e74045-13f2-4ac6-b42c-bef43726f700/userFiles-195ac1e2-c4d9-4853-937c-3d265933ad67/fetchFileTemp11087367802741673269.tmp has been previously copied to /tmp/spark-81e74045-13f2-4ac6-b42c-bef43726f700/userFiles-195ac1e2-c4d9-4853-937c-3d265933ad67/org.apache.spark_spark-sql-kafka-0-10_2.13-4.0.0.jar
[2026-04-11T16:16:42.133+0000] {subprocess.py:106} INFO - 26/04/11 16:16:42 INFO Executor: Adding file:/tmp/spark-81e74045-13f2-4ac6-b42c-bef43726f700/userFiles-195ac1e2-c4d9-4853-937c-3d265933ad67/org.apache.spark_spark-sql-kafka-0-10_2.13-4.0.0.jar to class loader default
[2026-04-11T16:16:42.134+0000] {subprocess.py:106} INFO - 26/04/11 16:16:42 INFO Executor: Fetching spark://spark-master:39325/jars/org.apache.hadoop_hadoop-client-runtime-3.4.1.jar with timestamp 1775924200051
[2026-04-11T16:16:42.134+0000] {subprocess.py:106} INFO - 26/04/11 16:16:42 INFO Utils: Fetching spark://spark-master:39325/jars/org.apache.hadoop_hadoop-client-runtime-3.4.1.jar to /tmp/spark-81e74045-13f2-4ac6-b42c-bef43726f700/userFiles-195ac1e2-c4d9-4853-937c-3d265933ad67/fetchFileTemp16702254618840575342.tmp
[2026-04-11T16:16:42.249+0000] {subprocess.py:106} INFO - 26/04/11 16:16:42 INFO Utils: /tmp/spark-81e74045-13f2-4ac6-b42c-bef43726f700/userFiles-195ac1e2-c4d9-4853-937c-3d265933ad67/fetchFileTemp16702254618840575342.tmp has been previously copied to /tmp/spark-81e74045-13f2-4ac6-b42c-bef43726f700/userFiles-195ac1e2-c4d9-4853-937c-3d265933ad67/org.apache.hadoop_hadoop-client-runtime-3.4.1.jar
[2026-04-11T16:16:42.498+0000] {subprocess.py:106} INFO - 26/04/11 16:16:42 INFO Executor: Adding file:/tmp/spark-81e74045-13f2-4ac6-b42c-bef43726f700/userFiles-195ac1e2-c4d9-4853-937c-3d265933ad67/org.apache.hadoop_hadoop-client-runtime-3.4.1.jar to class loader default
[2026-04-11T16:16:42.499+0000] {subprocess.py:106} INFO - 26/04/11 16:16:42 INFO Executor: Fetching spark://spark-master:39325/jars/org.lz4_lz4-java-1.8.0.jar with timestamp 1775924200051
[2026-04-11T16:16:42.500+0000] {subprocess.py:106} INFO - 26/04/11 16:16:42 INFO Utils: Fetching spark://spark-master:39325/jars/org.lz4_lz4-java-1.8.0.jar to /tmp/spark-81e74045-13f2-4ac6-b42c-bef43726f700/userFiles-195ac1e2-c4d9-4853-937c-3d265933ad67/fetchFileTemp10969106564040765095.tmp
[2026-04-11T16:16:42.506+0000] {subprocess.py:106} INFO - 26/04/11 16:16:42 INFO Utils: /tmp/spark-81e74045-13f2-4ac6-b42c-bef43726f700/userFiles-195ac1e2-c4d9-4853-937c-3d265933ad67/fetchFileTemp10969106564040765095.tmp has been previously copied to /tmp/spark-81e74045-13f2-4ac6-b42c-bef43726f700/userFiles-195ac1e2-c4d9-4853-937c-3d265933ad67/org.lz4_lz4-java-1.8.0.jar
[2026-04-11T16:16:42.513+0000] {subprocess.py:106} INFO - 26/04/11 16:16:42 INFO Executor: Adding file:/tmp/spark-81e74045-13f2-4ac6-b42c-bef43726f700/userFiles-195ac1e2-c4d9-4853-937c-3d265933ad67/org.lz4_lz4-java-1.8.0.jar to class loader default
[2026-04-11T16:16:42.514+0000] {subprocess.py:106} INFO - 26/04/11 16:16:42 INFO Executor: Fetching spark://spark-master:39325/jars/org.scala-lang.modules_scala-parallel-collections_2.13-1.2.0.jar with timestamp 1775924200051
[2026-04-11T16:16:42.514+0000] {subprocess.py:106} INFO - 26/04/11 16:16:42 INFO Utils: Fetching spark://spark-master:39325/jars/org.scala-lang.modules_scala-parallel-collections_2.13-1.2.0.jar to /tmp/spark-81e74045-13f2-4ac6-b42c-bef43726f700/userFiles-195ac1e2-c4d9-4853-937c-3d265933ad67/fetchFileTemp2773205191789196594.tmp
[2026-04-11T16:16:42.519+0000] {subprocess.py:106} INFO - 26/04/11 16:16:42 INFO Utils: /tmp/spark-81e74045-13f2-4ac6-b42c-bef43726f700/userFiles-195ac1e2-c4d9-4853-937c-3d265933ad67/fetchFileTemp2773205191789196594.tmp has been previously copied to /tmp/spark-81e74045-13f2-4ac6-b42c-bef43726f700/userFiles-195ac1e2-c4d9-4853-937c-3d265933ad67/org.scala-lang.modules_scala-parallel-collections_2.13-1.2.0.jar
[2026-04-11T16:16:42.554+0000] {subprocess.py:106} INFO - 26/04/11 16:16:42 INFO Executor: Adding file:/tmp/spark-81e74045-13f2-4ac6-b42c-bef43726f700/userFiles-195ac1e2-c4d9-4853-937c-3d265933ad67/org.scala-lang.modules_scala-parallel-collections_2.13-1.2.0.jar to class loader default
[2026-04-11T16:16:42.555+0000] {subprocess.py:106} INFO - 26/04/11 16:16:42 INFO Executor: Fetching spark://spark-master:39325/jars/com.google.code.findbugs_jsr305-3.0.0.jar with timestamp 1775924200051
[2026-04-11T16:16:42.555+0000] {subprocess.py:106} INFO - 26/04/11 16:16:42 INFO Utils: Fetching spark://spark-master:39325/jars/com.google.code.findbugs_jsr305-3.0.0.jar to /tmp/spark-81e74045-13f2-4ac6-b42c-bef43726f700/userFiles-195ac1e2-c4d9-4853-937c-3d265933ad67/fetchFileTemp3674099554095765627.tmp
[2026-04-11T16:16:42.556+0000] {subprocess.py:106} INFO - 26/04/11 16:16:42 INFO Utils: /tmp/spark-81e74045-13f2-4ac6-b42c-bef43726f700/userFiles-195ac1e2-c4d9-4853-937c-3d265933ad67/fetchFileTemp3674099554095765627.tmp has been previously copied to /tmp/spark-81e74045-13f2-4ac6-b42c-bef43726f700/userFiles-195ac1e2-c4d9-4853-937c-3d265933ad67/com.google.code.findbugs_jsr305-3.0.0.jar
[2026-04-11T16:16:42.564+0000] {subprocess.py:106} INFO - 26/04/11 16:16:42 INFO Executor: Adding file:/tmp/spark-81e74045-13f2-4ac6-b42c-bef43726f700/userFiles-195ac1e2-c4d9-4853-937c-3d265933ad67/com.google.code.findbugs_jsr305-3.0.0.jar to class loader default
[2026-04-11T16:16:42.565+0000] {subprocess.py:106} INFO - 26/04/11 16:16:42 INFO Executor: Fetching spark://spark-master:39325/jars/org.apache.hadoop_hadoop-client-api-3.4.1.jar with timestamp 1775924200051
[2026-04-11T16:16:42.565+0000] {subprocess.py:106} INFO - 26/04/11 16:16:42 INFO Utils: Fetching spark://spark-master:39325/jars/org.apache.hadoop_hadoop-client-api-3.4.1.jar to /tmp/spark-81e74045-13f2-4ac6-b42c-bef43726f700/userFiles-195ac1e2-c4d9-4853-937c-3d265933ad67/fetchFileTemp9937236297270649088.tmp
[2026-04-11T16:16:42.617+0000] {subprocess.py:106} INFO - 26/04/11 16:16:42 INFO Utils: /tmp/spark-81e74045-13f2-4ac6-b42c-bef43726f700/userFiles-195ac1e2-c4d9-4853-937c-3d265933ad67/fetchFileTemp9937236297270649088.tmp has been previously copied to /tmp/spark-81e74045-13f2-4ac6-b42c-bef43726f700/userFiles-195ac1e2-c4d9-4853-937c-3d265933ad67/org.apache.hadoop_hadoop-client-api-3.4.1.jar
[2026-04-11T16:16:42.774+0000] {subprocess.py:106} INFO - 26/04/11 16:16:42 INFO Executor: Adding file:/tmp/spark-81e74045-13f2-4ac6-b42c-bef43726f700/userFiles-195ac1e2-c4d9-4853-937c-3d265933ad67/org.apache.hadoop_hadoop-client-api-3.4.1.jar to class loader default
[2026-04-11T16:16:42.775+0000] {subprocess.py:106} INFO - 26/04/11 16:16:42 INFO Executor: Fetching spark://spark-master:39325/jars/org.xerial.snappy_snappy-java-1.1.10.7.jar with timestamp 1775924200051
[2026-04-11T16:16:42.775+0000] {subprocess.py:106} INFO - 26/04/11 16:16:42 INFO Utils: Fetching spark://spark-master:39325/jars/org.xerial.snappy_snappy-java-1.1.10.7.jar to /tmp/spark-81e74045-13f2-4ac6-b42c-bef43726f700/userFiles-195ac1e2-c4d9-4853-937c-3d265933ad67/fetchFileTemp9246128100765727658.tmp
[2026-04-11T16:16:42.782+0000] {subprocess.py:106} INFO - 26/04/11 16:16:42 INFO Utils: /tmp/spark-81e74045-13f2-4ac6-b42c-bef43726f700/userFiles-195ac1e2-c4d9-4853-937c-3d265933ad67/fetchFileTemp9246128100765727658.tmp has been previously copied to /tmp/spark-81e74045-13f2-4ac6-b42c-bef43726f700/userFiles-195ac1e2-c4d9-4853-937c-3d265933ad67/org.xerial.snappy_snappy-java-1.1.10.7.jar
[2026-04-11T16:16:42.813+0000] {subprocess.py:106} INFO - 26/04/11 16:16:42 INFO Executor: Adding file:/tmp/spark-81e74045-13f2-4ac6-b42c-bef43726f700/userFiles-195ac1e2-c4d9-4853-937c-3d265933ad67/org.xerial.snappy_snappy-java-1.1.10.7.jar to class loader default
[2026-04-11T16:16:42.813+0000] {subprocess.py:106} INFO - 26/04/11 16:16:42 INFO Executor: Fetching spark://spark-master:39325/jars/org.apache.commons_commons-pool2-2.12.0.jar with timestamp 1775924200051
[2026-04-11T16:16:42.814+0000] {subprocess.py:106} INFO - 26/04/11 16:16:42 INFO Utils: Fetching spark://spark-master:39325/jars/org.apache.commons_commons-pool2-2.12.0.jar to /tmp/spark-81e74045-13f2-4ac6-b42c-bef43726f700/userFiles-195ac1e2-c4d9-4853-937c-3d265933ad67/fetchFileTemp15872277230654259601.tmp
[2026-04-11T16:16:42.815+0000] {subprocess.py:106} INFO - 26/04/11 16:16:42 INFO Utils: /tmp/spark-81e74045-13f2-4ac6-b42c-bef43726f700/userFiles-195ac1e2-c4d9-4853-937c-3d265933ad67/fetchFileTemp15872277230654259601.tmp has been previously copied to /tmp/spark-81e74045-13f2-4ac6-b42c-bef43726f700/userFiles-195ac1e2-c4d9-4853-937c-3d265933ad67/org.apache.commons_commons-pool2-2.12.0.jar
[2026-04-11T16:16:42.820+0000] {subprocess.py:106} INFO - 26/04/11 16:16:42 INFO Executor: Adding file:/tmp/spark-81e74045-13f2-4ac6-b42c-bef43726f700/userFiles-195ac1e2-c4d9-4853-937c-3d265933ad67/org.apache.commons_commons-pool2-2.12.0.jar to class loader default
[2026-04-11T16:16:42.821+0000] {subprocess.py:106} INFO - 26/04/11 16:16:42 INFO Executor: Fetching spark://spark-master:39325/jars/org.apache.kafka_kafka-clients-3.9.0.jar with timestamp 1775924200051
[2026-04-11T16:16:42.821+0000] {subprocess.py:106} INFO - 26/04/11 16:16:42 INFO Utils: Fetching spark://spark-master:39325/jars/org.apache.kafka_kafka-clients-3.9.0.jar to /tmp/spark-81e74045-13f2-4ac6-b42c-bef43726f700/userFiles-195ac1e2-c4d9-4853-937c-3d265933ad67/fetchFileTemp16620809509356418408.tmp
[2026-04-11T16:16:42.849+0000] {subprocess.py:106} INFO - 26/04/11 16:16:42 INFO Utils: /tmp/spark-81e74045-13f2-4ac6-b42c-bef43726f700/userFiles-195ac1e2-c4d9-4853-937c-3d265933ad67/fetchFileTemp16620809509356418408.tmp has been previously copied to /tmp/spark-81e74045-13f2-4ac6-b42c-bef43726f700/userFiles-195ac1e2-c4d9-4853-937c-3d265933ad67/org.apache.kafka_kafka-clients-3.9.0.jar
[2026-04-11T16:16:42.958+0000] {subprocess.py:106} INFO - 26/04/11 16:16:42 INFO Executor: Adding file:/tmp/spark-81e74045-13f2-4ac6-b42c-bef43726f700/userFiles-195ac1e2-c4d9-4853-937c-3d265933ad67/org.apache.kafka_kafka-clients-3.9.0.jar to class loader default
[2026-04-11T16:16:42.958+0000] {subprocess.py:106} INFO - 26/04/11 16:16:42 INFO Executor: Fetching spark://spark-master:39325/jars/org.apache.spark_spark-token-provider-kafka-0-10_2.13-4.0.0.jar with timestamp 1775924200051
[2026-04-11T16:16:42.959+0000] {subprocess.py:106} INFO - 26/04/11 16:16:42 INFO Utils: Fetching spark://spark-master:39325/jars/org.apache.spark_spark-token-provider-kafka-0-10_2.13-4.0.0.jar to /tmp/spark-81e74045-13f2-4ac6-b42c-bef43726f700/userFiles-195ac1e2-c4d9-4853-937c-3d265933ad67/fetchFileTemp10923205796842681306.tmp
[2026-04-11T16:16:42.960+0000] {subprocess.py:106} INFO - 26/04/11 16:16:42 INFO Utils: /tmp/spark-81e74045-13f2-4ac6-b42c-bef43726f700/userFiles-195ac1e2-c4d9-4853-937c-3d265933ad67/fetchFileTemp10923205796842681306.tmp has been previously copied to /tmp/spark-81e74045-13f2-4ac6-b42c-bef43726f700/userFiles-195ac1e2-c4d9-4853-937c-3d265933ad67/org.apache.spark_spark-token-provider-kafka-0-10_2.13-4.0.0.jar
[2026-04-11T16:16:42.973+0000] {subprocess.py:106} INFO - 26/04/11 16:16:42 INFO Executor: Adding file:/tmp/spark-81e74045-13f2-4ac6-b42c-bef43726f700/userFiles-195ac1e2-c4d9-4853-937c-3d265933ad67/org.apache.spark_spark-token-provider-kafka-0-10_2.13-4.0.0.jar to class loader default
[2026-04-11T16:16:42.973+0000] {subprocess.py:106} INFO - 26/04/11 16:16:42 INFO Executor: Fetching spark://spark-master:39325/jars/org.slf4j_slf4j-api-2.0.16.jar with timestamp 1775924200051
[2026-04-11T16:16:42.974+0000] {subprocess.py:106} INFO - 26/04/11 16:16:42 INFO Utils: Fetching spark://spark-master:39325/jars/org.slf4j_slf4j-api-2.0.16.jar to /tmp/spark-81e74045-13f2-4ac6-b42c-bef43726f700/userFiles-195ac1e2-c4d9-4853-937c-3d265933ad67/fetchFileTemp17726221751464904350.tmp
[2026-04-11T16:16:42.975+0000] {subprocess.py:106} INFO - 26/04/11 16:16:42 INFO Utils: /tmp/spark-81e74045-13f2-4ac6-b42c-bef43726f700/userFiles-195ac1e2-c4d9-4853-937c-3d265933ad67/fetchFileTemp17726221751464904350.tmp has been previously copied to /tmp/spark-81e74045-13f2-4ac6-b42c-bef43726f700/userFiles-195ac1e2-c4d9-4853-937c-3d265933ad67/org.slf4j_slf4j-api-2.0.16.jar
[2026-04-11T16:16:42.979+0000] {subprocess.py:106} INFO - 26/04/11 16:16:42 INFO Executor: Adding file:/tmp/spark-81e74045-13f2-4ac6-b42c-bef43726f700/userFiles-195ac1e2-c4d9-4853-937c-3d265933ad67/org.slf4j_slf4j-api-2.0.16.jar to class loader default
[2026-04-11T16:16:42.989+0000] {subprocess.py:106} INFO - 26/04/11 16:16:42 INFO Utils: Successfully started service 'org.apache.spark.network.netty.NettyBlockTransferService' on port 32787.
[2026-04-11T16:16:42.989+0000] {subprocess.py:106} INFO - 26/04/11 16:16:42 INFO NettyBlockTransferService: Server created on spark-master:32787
[2026-04-11T16:16:42.991+0000] {subprocess.py:106} INFO - 26/04/11 16:16:42 INFO BlockManager: Using org.apache.spark.storage.RandomBlockReplicationPolicy for block replication policy
[2026-04-11T16:16:43.006+0000] {subprocess.py:106} INFO - 26/04/11 16:16:43 INFO BlockManagerMaster: Registering BlockManager BlockManagerId(driver, spark-master, 32787, None)
[2026-04-11T16:16:43.012+0000] {subprocess.py:106} INFO - 26/04/11 16:16:43 INFO BlockManagerMasterEndpoint: Registering block manager spark-master:32787 with 1048.8 MiB RAM, BlockManagerId(driver, spark-master, 32787, None)
[2026-04-11T16:16:43.015+0000] {subprocess.py:106} INFO - 26/04/11 16:16:43 INFO BlockManagerMaster: Registered BlockManager BlockManagerId(driver, spark-master, 32787, None)
[2026-04-11T16:16:43.016+0000] {subprocess.py:106} INFO - 26/04/11 16:16:43 INFO BlockManager: Initialized BlockManager: BlockManagerId(driver, spark-master, 32787, None)
[2026-04-11T16:16:45.532+0000] {subprocess.py:106} INFO - Spark + Iceberg ready!
[2026-04-11T16:16:45.552+0000] {subprocess.py:106} INFO - 26/04/11 16:16:45 INFO SharedState: spark.sql.warehouse.dir is not set, but hive.metastore.warehouse.dir is set. Setting spark.sql.warehouse.dir to the value of hive.metastore.warehouse.dir.
[2026-04-11T16:16:45.880+0000] {subprocess.py:106} INFO - 26/04/11 16:16:45 INFO SharedState: Warehouse path is 'hdfs://23133083thuyvan-master:9000/user/hive/warehouse'.
[2026-04-11T16:16:46.858+0000] {subprocess.py:106} INFO - 26/04/11 16:16:46 INFO CatalogUtil: Loading custom FileIO implementation: org.apache.iceberg.hadoop.HadoopFileIO
[2026-04-11T16:16:47.610+0000] {subprocess.py:106} INFO - 26/04/11 16:16:47 INFO HiveConf: Found configuration file file:/home/spark/spark/conf/hive-site.xml
[2026-04-11T16:16:47.808+0000] {subprocess.py:106} INFO - 26/04/11 16:16:47 INFO metastore: Trying to connect to metastore with URI thrift://23133083thuyvan-master:9083
[2026-04-11T16:16:47.828+0000] {subprocess.py:106} INFO - 26/04/11 16:16:47 INFO metastore: Opened a connection to metastore, current connections: 1
[2026-04-11T16:16:47.856+0000] {subprocess.py:106} INFO - 26/04/11 16:16:47 INFO metastore: Connected to metastore.
[2026-04-11T16:16:48.265+0000] {subprocess.py:106} INFO - 26/04/11 16:16:48 INFO BaseMetastoreTableOperations: Refreshing table metadata from new version: hdfs://23133083thuyvan-master:9000/user/hive/lakehouse/test1_db.db/weather_real_time/metadata/00007-3829dda7-ac2d-4c63-938c-40b198c017c3.metadata.json
[2026-04-11T16:16:48.714+0000] {subprocess.py:106} INFO - 26/04/11 16:16:48 INFO BaseMetastoreCatalog: Table loaded by catalog: iceberg.test1_db.weather_real_time
[2026-04-11T16:16:48.721+0000] {subprocess.py:106} INFO - Iceberg table 'weather_real_time' ready!
[2026-04-11T16:16:49.657+0000] {subprocess.py:106} INFO - 26/04/11 16:16:49 INFO StateStoreCoordinatorRef: Registered StateStoreCoordinator endpoint
[2026-04-11T16:16:49.721+0000] {subprocess.py:106} INFO - 26/04/11 16:16:49 INFO ResolveWriteToStream: Checkpoint root hdfs://23133083thuyvan-master:9000/user/hive/checkpoints/weather_real_time resolved to hdfs://23133083thuyvan-master:9000/user/hive/checkpoints/weather_real_time.
[2026-04-11T16:16:49.721+0000] {subprocess.py:106} INFO - 26/04/11 16:16:49 WARN ResolveWriteToStream: spark.sql.adaptive.enabled is not supported in streaming DataFrames/Datasets and will be disabled.
[2026-04-11T16:16:49.913+0000] {subprocess.py:106} INFO - 26/04/11 16:16:49 INFO MicroBatchExecution: Starting [id = 86592a85-8761-4cc9-a3b1-f4466c23cb1d, runId = 821380dc-621c-4186-9995-05bab4017d70]. Use hdfs://23133083thuyvan-master:9000/user/hive/checkpoints/weather_real_time to store the query checkpoint.
[2026-04-11T16:16:49.921+0000] {subprocess.py:106} INFO - Streaming job started! Listening to 'weather-topic'...
[2026-04-11T16:16:49.927+0000] {subprocess.py:106} INFO - 26/04/11 16:16:49 INFO MicroBatchExecution: Reading table [org.apache.spark.sql.kafka010.KafkaSourceProvider$KafkaTable@3b27dcbd] from DataSourceV2 named 'kafka' [org.apache.spark.sql.kafka010.KafkaSourceProvider@6af6737a]
[2026-04-11T16:16:49.988+0000] {subprocess.py:106} INFO - 26/04/11 16:16:49 INFO MicroBatchExecution: Finish initializing with logical plan:
[2026-04-11T16:16:49.989+0000] {subprocess.py:106} INFO - ~WriteToMicroBatchDataSourceV1 ForeachBatchSink, 86592a85-8761-4cc9-a3b1-f4466c23cb1d, [checkpointLocation=hdfs://23133083thuyvan-master:9000/user/hive/checkpoints/weather_real_time], Append
[2026-04-11T16:16:49.990+0000] {subprocess.py:106} INFO - +- ~Project [timestamp#39, location#17, latitude#18, longitude#19, temperature_2m#20, relative_humidity_2m#21, apparent_temperature#22, precipitation#23, cloud_cover#24, wind_speed_10m#25, wind_direction_10m#26, wind_gusts_10m#27, uv_index#28, weather_code#29, european_aqi#30, us_aqi#31, pm10#32, pm2_5#33, carbon_monoxide#34, nitrogen_dioxide#35, sulphur_dioxide#36, ozone#37, processing_time#38, open-meteo AS data_source#40]
[2026-04-11T16:16:49.990+0000] {subprocess.py:106} INFO -    +- ~Project [to_timestamp(timestamp#16, None, TimestampType, Some(GMT), true) AS timestamp#39, location#17, latitude#18, longitude#19, temperature_2m#20, relative_humidity_2m#21, apparent_temperature#22, precipitation#23, cloud_cover#24, wind_speed_10m#25, wind_direction_10m#26, wind_gusts_10m#27, uv_index#28, weather_code#29, european_aqi#30, us_aqi#31, pm10#32, pm2_5#33, carbon_monoxide#34, nitrogen_dioxide#35, sulphur_dioxide#36, ozone#37, processing_time#38]
[2026-04-11T16:16:49.991+0000] {subprocess.py:106} INFO -       +- ~Project [timestamp#16, location#17, latitude#18, longitude#19, temperature_2m#20, relative_humidity_2m#21, apparent_temperature#22, precipitation#23, cloud_cover#24, wind_speed_10m#25, wind_direction_10m#26, wind_gusts_10m#27, uv_index#28, weather_code#29, european_aqi#30, us_aqi#31, pm10#32, pm2_5#33, carbon_monoxide#34, nitrogen_dioxide#35, sulphur_dioxide#36, ozone#37, current_timestamp() AS processing_time#38]
[2026-04-11T16:16:49.991+0000] {subprocess.py:106} INFO -          +- ~Project [data#15.timestamp AS timestamp#16, data#15.location AS location#17, data#15.latitude AS latitude#18, data#15.longitude AS longitude#19, data#15.temperature_2m AS temperature_2m#20, data#15.relative_humidity_2m AS relative_humidity_2m#21, data#15.apparent_temperature AS apparent_temperature#22, data#15.precipitation AS precipitation#23, data#15.cloud_cover AS cloud_cover#24, data#15.wind_speed_10m AS wind_speed_10m#25, data#15.wind_direction_10m AS wind_direction_10m#26, data#15.wind_gusts_10m AS wind_gusts_10m#27, data#15.uv_index AS uv_index#28, data#15.weather_code AS weather_code#29, data#15.european_aqi AS european_aqi#30, data#15.us_aqi AS us_aqi#31, data#15.pm10 AS pm10#32, data#15.pm2_5 AS pm2_5#33, data#15.carbon_monoxide AS carbon_monoxide#34, data#15.nitrogen_dioxide AS nitrogen_dioxide#35, data#15.sulphur_dioxide AS sulphur_dioxide#36, data#15.ozone AS ozone#37]
[2026-04-11T16:16:49.992+0000] {subprocess.py:106} INFO -             +- ~Project [from_json(StructField(timestamp,StringType,true), StructField(location,StringType,true), StructField(latitude,DoubleType,true), StructField(longitude,DoubleType,true), StructField(temperature_2m,DoubleType,true), StructField(relative_humidity_2m,DoubleType,true), StructField(apparent_temperature,DoubleType,true), StructField(precipitation,DoubleType,true), StructField(cloud_cover,DoubleType,true), StructField(wind_speed_10m,DoubleType,true), StructField(wind_direction_10m,DoubleType,true), StructField(wind_gusts_10m,DoubleType,true), StructField(uv_index,DoubleType,true), StructField(weather_code,IntegerType,true), StructField(european_aqi,IntegerType,true), StructField(us_aqi,IntegerType,true), StructField(pm10,DoubleType,true), StructField(pm2_5,DoubleType,true), StructField(carbon_monoxide,DoubleType,true), StructField(nitrogen_dioxide,DoubleType,true), StructField(sulphur_dioxide,DoubleType,true), StructField(ozone,DoubleType,true), json#14, Some(GMT), false) AS data#15]
[2026-04-11T16:16:49.992+0000] {subprocess.py:106} INFO -                +- ~Project [cast(value#8 as string) AS json#14]
[2026-04-11T16:16:49.993+0000] {subprocess.py:106} INFO -                   +- ~StreamingDataSourceV2ScanRelation[key#7, value#8, topic#9, partition#10, offset#11L, timestamp#12, timestampType#13] KafkaTable
[2026-04-11T16:16:49.993+0000] {subprocess.py:106} INFO - 
[2026-04-11T16:16:50.003+0000] {subprocess.py:106} INFO - 26/04/11 16:16:50 INFO OffsetSeqLog: BatchIds found from listing: 0, 1, 2, 3, 4, 5, 6, 7
[2026-04-11T16:16:50.019+0000] {subprocess.py:106} INFO - 26/04/11 16:16:50 INFO OffsetSeqLog: Getting latest batch 7
[2026-04-11T16:16:50.054+0000] {subprocess.py:106} INFO - 26/04/11 16:16:50 INFO OffsetSeqLog: BatchIds found from listing: 0, 1, 2, 3, 4, 5, 6, 7
[2026-04-11T16:16:50.056+0000] {subprocess.py:106} INFO - 26/04/11 16:16:50 INFO OffsetSeqLog: Getting latest batch 7
[2026-04-11T16:16:50.076+0000] {subprocess.py:106} INFO - 26/04/11 16:16:50 INFO CommitLog: BatchIds found from listing: 0, 1, 2, 3, 4, 5, 6
[2026-04-11T16:16:50.077+0000] {subprocess.py:106} INFO - 26/04/11 16:16:50 INFO CommitLog: Getting latest batch 6
[2026-04-11T16:16:50.236+0000] {subprocess.py:106} INFO - 26/04/11 16:16:50 INFO MicroBatchExecution: Resuming at batch 7 with committed offsets {KafkaV2[Subscribe[weather-topic]]: {"weather-topic":{"0":2,"1":4,"2":0}}} and available offsets {KafkaV2[Subscribe[weather-topic]]: {"weather-topic":{"0":5,"1":6,"2":6}}}
[2026-04-11T16:16:50.237+0000] {subprocess.py:106} INFO - 26/04/11 16:16:50 INFO MicroBatchExecution: Stream started from {KafkaV2[Subscribe[weather-topic]]: {"weather-topic":{"0":2,"1":4,"2":0}}}
[2026-04-11T16:16:50.355+0000] {subprocess.py:106} INFO - 26/04/11 16:16:50 INFO IncrementalExecution: Current batch timestamp = 1775921716753
[2026-04-11T16:16:50.509+0000] {subprocess.py:106} INFO - 26/04/11 16:16:50 INFO IncrementalExecution: Current batch timestamp = 1775921716753
[2026-04-11T16:16:51.025+0000] {subprocess.py:106} INFO - 26/04/11 16:16:51 INFO CodeGenerator: Code generated in 303.952204 ms
[2026-04-11T16:16:51.028+0000] {subprocess.py:106} INFO - 26/04/11 16:16:51 INFO KafkaOffsetReaderAdmin: Partitions added: Map()
[2026-04-11T16:16:51.282+0000] {subprocess.py:106} INFO - 26/04/11 16:16:51 INFO CodeGenerator: Code generated in 13.820926 ms
[2026-04-11T16:16:51.303+0000] {subprocess.py:106} INFO - 26/04/11 16:16:51 INFO CodeGenerator: Code generated in 11.098558 ms
[2026-04-11T16:16:51.382+0000] {subprocess.py:106} INFO - 26/04/11 16:16:51 INFO SparkContext: Starting job: start at NativeMethodAccessorImpl.java:0
[2026-04-11T16:16:51.399+0000] {subprocess.py:106} INFO - 26/04/11 16:16:51 INFO DAGScheduler: Registering RDD 6 (start at NativeMethodAccessorImpl.java:0) as input to shuffle 0
[2026-04-11T16:16:51.405+0000] {subprocess.py:106} INFO - 26/04/11 16:16:51 INFO DAGScheduler: Got job 0 (start at NativeMethodAccessorImpl.java:0) with 1 output partitions
[2026-04-11T16:16:51.407+0000] {subprocess.py:106} INFO - 26/04/11 16:16:51 INFO DAGScheduler: Final stage: ResultStage 1 (start at NativeMethodAccessorImpl.java:0)
[2026-04-11T16:16:51.408+0000] {subprocess.py:106} INFO - 26/04/11 16:16:51 INFO DAGScheduler: Parents of final stage: List(ShuffleMapStage 0)
[2026-04-11T16:16:51.411+0000] {subprocess.py:106} INFO - 26/04/11 16:16:51 INFO DAGScheduler: Missing parents: List(ShuffleMapStage 0)
[2026-04-11T16:16:51.414+0000] {subprocess.py:106} INFO - 26/04/11 16:16:51 INFO DAGScheduler: Submitting ShuffleMapStage 0 (MapPartitionsRDD[6] at start at NativeMethodAccessorImpl.java:0), which has no missing parents
[2026-04-11T16:16:51.480+0000] {subprocess.py:106} INFO - 26/04/11 16:16:51 INFO MemoryStore: MemoryStore started with capacity 1048.8 MiB
[2026-04-11T16:16:51.507+0000] {subprocess.py:106} INFO - 26/04/11 16:16:51 INFO MemoryStore: Block broadcast_0 stored as values in memory (estimated size 42.5 KiB, free 1048.8 MiB)
[2026-04-11T16:16:51.530+0000] {subprocess.py:106} INFO - 26/04/11 16:16:51 INFO MemoryStore: Block broadcast_0_piece0 stored as bytes in memory (estimated size 16.3 KiB, free 1048.7 MiB)
[2026-04-11T16:16:51.536+0000] {subprocess.py:106} INFO - 26/04/11 16:16:51 INFO SparkContext: Created broadcast 0 from broadcast at DAGScheduler.scala:1676
[2026-04-11T16:16:51.552+0000] {subprocess.py:106} INFO - 26/04/11 16:16:51 INFO DAGScheduler: Submitting 3 missing tasks from ShuffleMapStage 0 (MapPartitionsRDD[6] at start at NativeMethodAccessorImpl.java:0) (first 15 tasks are for partitions Vector(0, 1, 2))
[2026-04-11T16:16:51.555+0000] {subprocess.py:106} INFO - 26/04/11 16:16:51 INFO TaskSchedulerImpl: Adding task set 0.0 with 3 tasks resource profile 0
[2026-04-11T16:16:51.580+0000] {subprocess.py:106} INFO - 26/04/11 16:16:51 INFO TaskSetManager: Starting task 0.0 in stage 0.0 (TID 0) (spark-master,executor driver, partition 0, PROCESS_LOCAL, 13491 bytes)
[2026-04-11T16:16:51.583+0000] {subprocess.py:106} INFO - 26/04/11 16:16:51 INFO TaskSetManager: Starting task 1.0 in stage 0.0 (TID 1) (spark-master,executor driver, partition 1, PROCESS_LOCAL, 13491 bytes)
[2026-04-11T16:16:51.584+0000] {subprocess.py:106} INFO - 26/04/11 16:16:51 INFO TaskSetManager: Starting task 2.0 in stage 0.0 (TID 2) (spark-master,executor driver, partition 2, PROCESS_LOCAL, 13491 bytes)
[2026-04-11T16:16:51.593+0000] {subprocess.py:106} INFO - 26/04/11 16:16:51 INFO Executor: Running task 2.0 in stage 0.0 (TID 2)
[2026-04-11T16:16:51.594+0000] {subprocess.py:106} INFO - 26/04/11 16:16:51 INFO Executor: Running task 0.0 in stage 0.0 (TID 0)
[2026-04-11T16:16:51.594+0000] {subprocess.py:106} INFO - 26/04/11 16:16:51 INFO Executor: Running task 1.0 in stage 0.0 (TID 1)
[2026-04-11T16:16:51.763+0000] {subprocess.py:106} INFO - 26/04/11 16:16:51 INFO CodeGenerator: Code generated in 58.416731 ms
[2026-04-11T16:16:51.799+0000] {subprocess.py:106} INFO - 26/04/11 16:16:51 INFO CodeGenerator: Code generated in 33.979767 ms
[2026-04-11T16:16:51.816+0000] {subprocess.py:106} INFO - 26/04/11 16:16:51 INFO CodeGenerator: Code generated in 12.925848 ms
[2026-04-11T16:16:51.828+0000] {subprocess.py:106} INFO - 26/04/11 16:16:51 INFO SecurityManager: Changing view acls to: spark
[2026-04-11T16:16:51.828+0000] {subprocess.py:106} INFO - 26/04/11 16:16:51 INFO SecurityManager: Changing modify acls to: spark
[2026-04-11T16:16:51.829+0000] {subprocess.py:106} INFO - 26/04/11 16:16:51 INFO SecurityManager: Changing view acls groups to: spark
[2026-04-11T16:16:51.830+0000] {subprocess.py:106} INFO - 26/04/11 16:16:51 INFO SecurityManager: Changing modify acls groups to: spark
[2026-04-11T16:16:51.830+0000] {subprocess.py:106} INFO - 26/04/11 16:16:51 INFO SecurityManager: SecurityManager: authentication disabled; ui acls disabled; users with view permissions: spark groups with view permissions: EMPTY; users with modify permissions: spark; groups with modify permissions: EMPTY; RPC SSL disabled
[2026-04-11T16:16:51.854+0000] {subprocess.py:106} INFO - 26/04/11 16:16:51 INFO KafkaBatchReaderFactory: Creating Kafka reader topicPartition=weather-topic-0 fromOffset=2} untilOffset=5, for query queryId=86592a85-8761-4cc9-a3b1-f4466c23cb1d batchId=7 taskId=0 partitionId=0
[2026-04-11T16:16:51.855+0000] {subprocess.py:106} INFO - 26/04/11 16:16:51 INFO KafkaBatchReaderFactory: Creating Kafka reader topicPartition=weather-topic-1 fromOffset=4} untilOffset=6, for query queryId=86592a85-8761-4cc9-a3b1-f4466c23cb1d batchId=7 taskId=1 partitionId=1
[2026-04-11T16:16:51.855+0000] {subprocess.py:106} INFO - 26/04/11 16:16:51 INFO KafkaBatchReaderFactory: Creating Kafka reader topicPartition=weather-topic-2 fromOffset=0} untilOffset=6, for query queryId=86592a85-8761-4cc9-a3b1-f4466c23cb1d batchId=7 taskId=2 partitionId=2
[2026-04-11T16:16:51.899+0000] {subprocess.py:106} INFO - 26/04/11 16:16:51 INFO CodeGenerator: Code generated in 10.186663 ms
[2026-04-11T16:16:51.931+0000] {subprocess.py:106} INFO - 26/04/11 16:16:51 INFO CodeGenerator: Code generated in 13.602736 ms
[2026-04-11T16:16:51.989+0000] {subprocess.py:106} INFO - 26/04/11 16:16:51 INFO ConsumerConfig: ConsumerConfig values:
[2026-04-11T16:16:51.989+0000] {subprocess.py:106} INFO - 	allow.auto.create.topics = true
[2026-04-11T16:16:51.990+0000] {subprocess.py:106} INFO - 	auto.commit.interval.ms = 5000
[2026-04-11T16:16:51.990+0000] {subprocess.py:106} INFO - 	auto.include.jmx.reporter = true
[2026-04-11T16:16:51.991+0000] {subprocess.py:106} INFO - 	auto.offset.reset = none
[2026-04-11T16:16:51.991+0000] {subprocess.py:106} INFO - 	bootstrap.servers = [kafka:9092]
[2026-04-11T16:16:51.991+0000] {subprocess.py:106} INFO - 	check.crcs = true
[2026-04-11T16:16:51.992+0000] {subprocess.py:106} INFO - 	client.dns.lookup = use_all_dns_ips
[2026-04-11T16:16:51.992+0000] {subprocess.py:106} INFO - 	client.id = consumer-spark-kafka-source-48f3c853-50bf-439b-8a2e-4da358878f40-851835776-executor-3
[2026-04-11T16:16:51.992+0000] {subprocess.py:106} INFO - 	client.rack =
[2026-04-11T16:16:51.993+0000] {subprocess.py:106} INFO - 	connections.max.idle.ms = 540000
[2026-04-11T16:16:51.993+0000] {subprocess.py:106} INFO - 	default.api.timeout.ms = 60000
[2026-04-11T16:16:51.993+0000] {subprocess.py:106} INFO - 	enable.auto.commit = false
[2026-04-11T16:16:51.993+0000] {subprocess.py:106} INFO - 	enable.metrics.push = true
[2026-04-11T16:16:51.994+0000] {subprocess.py:106} INFO - 	exclude.internal.topics = true
[2026-04-11T16:16:51.994+0000] {subprocess.py:106} INFO - 	fetch.max.bytes = 52428800
[2026-04-11T16:16:51.994+0000] {subprocess.py:106} INFO - 	fetch.max.wait.ms = 500
[2026-04-11T16:16:51.994+0000] {subprocess.py:106} INFO - 	fetch.min.bytes = 1
[2026-04-11T16:16:51.995+0000] {subprocess.py:106} INFO - 	group.id = spark-kafka-source-48f3c853-50bf-439b-8a2e-4da358878f40-851835776-executor
[2026-04-11T16:16:51.995+0000] {subprocess.py:106} INFO - 	group.instance.id = null
[2026-04-11T16:16:51.995+0000] {subprocess.py:106} INFO - 	group.protocol = classic
[2026-04-11T16:16:51.996+0000] {subprocess.py:106} INFO - 	group.remote.assignor = null
[2026-04-11T16:16:51.996+0000] {subprocess.py:106} INFO - 	heartbeat.interval.ms = 3000
[2026-04-11T16:16:51.996+0000] {subprocess.py:106} INFO - 	interceptor.classes = []
[2026-04-11T16:16:51.997+0000] {subprocess.py:106} INFO - 	internal.leave.group.on.close = true
[2026-04-11T16:16:51.997+0000] {subprocess.py:106} INFO - 	internal.throw.on.fetch.stable.offset.unsupported = false
[2026-04-11T16:16:51.999+0000] {subprocess.py:106} INFO - 	isolation.level = read_uncommitted
[2026-04-11T16:16:52.000+0000] {subprocess.py:106} INFO - 	key.deserializer = class org.apache.kafka.common.serialization.ByteArrayDeserializer
[2026-04-11T16:16:52.000+0000] {subprocess.py:106} INFO - 	max.partition.fetch.bytes = 1048576
[2026-04-11T16:16:52.000+0000] {subprocess.py:106} INFO - 	max.poll.interval.ms = 300000
[2026-04-11T16:16:52.001+0000] {subprocess.py:106} INFO - 	max.poll.records = 500
[2026-04-11T16:16:52.001+0000] {subprocess.py:106} INFO - 	metadata.max.age.ms = 300000
[2026-04-11T16:16:52.001+0000] {subprocess.py:106} INFO - 	metadata.recovery.strategy = none
[2026-04-11T16:16:52.001+0000] {subprocess.py:106} INFO - 	metric.reporters = []
[2026-04-11T16:16:52.002+0000] {subprocess.py:106} INFO - 	metrics.num.samples = 2
[2026-04-11T16:16:52.002+0000] {subprocess.py:106} INFO - 	metrics.recording.level = INFO
[2026-04-11T16:16:52.002+0000] {subprocess.py:106} INFO - 	metrics.sample.window.ms = 30000
[2026-04-11T16:16:52.002+0000] {subprocess.py:106} INFO - 	partition.assignment.strategy = [class org.apache.kafka.clients.consumer.RangeAssignor, class org.apache.kafka.clients.consumer.CooperativeStickyAssignor]
[2026-04-11T16:16:52.003+0000] {subprocess.py:106} INFO - 	receive.buffer.bytes = 65536
[2026-04-11T16:16:52.003+0000] {subprocess.py:106} INFO - 	reconnect.backoff.max.ms = 1000
[2026-04-11T16:16:52.003+0000] {subprocess.py:106} INFO - 	reconnect.backoff.ms = 50
[2026-04-11T16:16:52.004+0000] {subprocess.py:106} INFO - 	request.timeout.ms = 30000
[2026-04-11T16:16:52.004+0000] {subprocess.py:106} INFO - 	retry.backoff.max.ms = 1000
[2026-04-11T16:16:52.004+0000] {subprocess.py:106} INFO - 	retry.backoff.ms = 100
[2026-04-11T16:16:52.005+0000] {subprocess.py:106} INFO - 	sasl.client.callback.handler.class = null
[2026-04-11T16:16:52.005+0000] {subprocess.py:106} INFO - 	sasl.jaas.config = null
[2026-04-11T16:16:52.005+0000] {subprocess.py:106} INFO - 	sasl.kerberos.kinit.cmd = /usr/bin/kinit
[2026-04-11T16:16:52.006+0000] {subprocess.py:106} INFO - 	sasl.kerberos.min.time.before.relogin = 60000
[2026-04-11T16:16:52.006+0000] {subprocess.py:106} INFO - 	sasl.kerberos.service.name = null
[2026-04-11T16:16:52.006+0000] {subprocess.py:106} INFO - 	sasl.kerberos.ticket.renew.jitter = 0.05
[2026-04-11T16:16:52.007+0000] {subprocess.py:106} INFO - 	sasl.kerberos.ticket.renew.window.factor = 0.8
[2026-04-11T16:16:52.007+0000] {subprocess.py:106} INFO - 	sasl.login.callback.handler.class = null
[2026-04-11T16:16:52.007+0000] {subprocess.py:106} INFO - 	sasl.login.class = null
[2026-04-11T16:16:52.008+0000] {subprocess.py:106} INFO - 	sasl.login.connect.timeout.ms = null
[2026-04-11T16:16:52.008+0000] {subprocess.py:106} INFO - 	sasl.login.read.timeout.ms = null
[2026-04-11T16:16:52.008+0000] {subprocess.py:106} INFO - 	sasl.login.refresh.buffer.seconds = 300
[2026-04-11T16:16:52.009+0000] {subprocess.py:106} INFO - 	sasl.login.refresh.min.period.seconds = 60
[2026-04-11T16:16:52.009+0000] {subprocess.py:106} INFO - 	sasl.login.refresh.window.factor = 0.8
[2026-04-11T16:16:52.009+0000] {subprocess.py:106} INFO - 	sasl.login.refresh.window.jitter = 0.05
[2026-04-11T16:16:52.009+0000] {subprocess.py:106} INFO - 	sasl.login.retry.backoff.max.ms = 10000
[2026-04-11T16:16:52.010+0000] {subprocess.py:106} INFO - 	sasl.login.retry.backoff.ms = 100
[2026-04-11T16:16:52.010+0000] {subprocess.py:106} INFO - 	sasl.mechanism = GSSAPI
[2026-04-11T16:16:52.010+0000] {subprocess.py:106} INFO - 	sasl.oauthbearer.clock.skew.seconds = 30
[2026-04-11T16:16:52.011+0000] {subprocess.py:106} INFO - 	sasl.oauthbearer.expected.audience = null
[2026-04-11T16:16:52.011+0000] {subprocess.py:106} INFO - 	sasl.oauthbearer.expected.issuer = null
[2026-04-11T16:16:52.011+0000] {subprocess.py:106} INFO - 	sasl.oauthbearer.header.urlencode = false
[2026-04-11T16:16:52.012+0000] {subprocess.py:106} INFO - 	sasl.oauthbearer.jwks.endpoint.refresh.ms = 3600000
[2026-04-11T16:16:52.012+0000] {subprocess.py:106} INFO - 	sasl.oauthbearer.jwks.endpoint.retry.backoff.max.ms = 10000
[2026-04-11T16:16:52.012+0000] {subprocess.py:106} INFO - 	sasl.oauthbearer.jwks.endpoint.retry.backoff.ms = 100
[2026-04-11T16:16:52.013+0000] {subprocess.py:106} INFO - 	sasl.oauthbearer.jwks.endpoint.url = null
[2026-04-11T16:16:52.013+0000] {subprocess.py:106} INFO - 	sasl.oauthbearer.scope.claim.name = scope
[2026-04-11T16:16:52.013+0000] {subprocess.py:106} INFO - 	sasl.oauthbearer.sub.claim.name = sub
[2026-04-11T16:16:52.014+0000] {subprocess.py:106} INFO - 	sasl.oauthbearer.token.endpoint.url = null
[2026-04-11T16:16:52.014+0000] {subprocess.py:106} INFO - 	security.protocol = PLAINTEXT
[2026-04-11T16:16:52.014+0000] {subprocess.py:106} INFO - 	security.providers = null
[2026-04-11T16:16:52.015+0000] {subprocess.py:106} INFO - 	send.buffer.bytes = 131072
[2026-04-11T16:16:52.015+0000] {subprocess.py:106} INFO - 	session.timeout.ms = 45000
[2026-04-11T16:16:52.015+0000] {subprocess.py:106} INFO - 	socket.connection.setup.timeout.max.ms = 30000
[2026-04-11T16:16:52.016+0000] {subprocess.py:106} INFO - 	socket.connection.setup.timeout.ms = 10000
[2026-04-11T16:16:52.016+0000] {subprocess.py:106} INFO - 	ssl.cipher.suites = null
[2026-04-11T16:16:52.016+0000] {subprocess.py:106} INFO - 	ssl.enabled.protocols = [TLSv1.2, TLSv1.3]
[2026-04-11T16:16:52.017+0000] {subprocess.py:106} INFO - 	ssl.endpoint.identification.algorithm = https
[2026-04-11T16:16:52.017+0000] {subprocess.py:106} INFO - 	ssl.engine.factory.class = null
[2026-04-11T16:16:52.018+0000] {subprocess.py:106} INFO - 	ssl.key.password = null
[2026-04-11T16:16:52.018+0000] {subprocess.py:106} INFO - 	ssl.keymanager.algorithm = SunX509
[2026-04-11T16:16:52.018+0000] {subprocess.py:106} INFO - 	ssl.keystore.certificate.chain = null
[2026-04-11T16:16:52.019+0000] {subprocess.py:106} INFO - 	ssl.keystore.key = null
[2026-04-11T16:16:52.019+0000] {subprocess.py:106} INFO - 	ssl.keystore.location = null
[2026-04-11T16:16:52.019+0000] {subprocess.py:106} INFO - 	ssl.keystore.password = null
[2026-04-11T16:16:52.020+0000] {subprocess.py:106} INFO - 	ssl.keystore.type = JKS
[2026-04-11T16:16:52.020+0000] {subprocess.py:106} INFO - 	ssl.protocol = TLSv1.3
[2026-04-11T16:16:52.020+0000] {subprocess.py:106} INFO - 	ssl.provider = null
[2026-04-11T16:16:52.021+0000] {subprocess.py:106} INFO - 	ssl.secure.random.implementation = null
[2026-04-11T16:16:52.021+0000] {subprocess.py:106} INFO - 	ssl.trustmanager.algorithm = PKIX
[2026-04-11T16:16:52.021+0000] {subprocess.py:106} INFO - 	ssl.truststore.certificates = null
[2026-04-11T16:16:52.022+0000] {subprocess.py:106} INFO - 	ssl.truststore.location = null
[2026-04-11T16:16:52.022+0000] {subprocess.py:106} INFO - 	ssl.truststore.password = null
[2026-04-11T16:16:52.022+0000] {subprocess.py:106} INFO - 	ssl.truststore.type = JKS
[2026-04-11T16:16:52.023+0000] {subprocess.py:106} INFO - 	value.deserializer = class org.apache.kafka.common.serialization.ByteArrayDeserializer
[2026-04-11T16:16:52.023+0000] {subprocess.py:106} INFO - 
[2026-04-11T16:16:52.023+0000] {subprocess.py:106} INFO - 26/04/11 16:16:51 INFO ConsumerConfig: ConsumerConfig values:
[2026-04-11T16:16:52.024+0000] {subprocess.py:106} INFO - 	allow.auto.create.topics = true
[2026-04-11T16:16:52.024+0000] {subprocess.py:106} INFO - 	auto.commit.interval.ms = 5000
[2026-04-11T16:16:52.024+0000] {subprocess.py:106} INFO - 	auto.include.jmx.reporter = true
[2026-04-11T16:16:52.025+0000] {subprocess.py:106} INFO - 	auto.offset.reset = none
[2026-04-11T16:16:52.025+0000] {subprocess.py:106} INFO - 	bootstrap.servers = [kafka:9092]
[2026-04-11T16:16:52.025+0000] {subprocess.py:106} INFO - 	check.crcs = true
[2026-04-11T16:16:52.025+0000] {subprocess.py:106} INFO - 	client.dns.lookup = use_all_dns_ips
[2026-04-11T16:16:52.026+0000] {subprocess.py:106} INFO - 	client.id = consumer-spark-kafka-source-48f3c853-50bf-439b-8a2e-4da358878f40-851835776-executor-1
[2026-04-11T16:16:52.026+0000] {subprocess.py:106} INFO - 	client.rack =
[2026-04-11T16:16:52.026+0000] {subprocess.py:106} INFO - 	connections.max.idle.ms = 540000
[2026-04-11T16:16:52.027+0000] {subprocess.py:106} INFO - 	default.api.timeout.ms = 60000
[2026-04-11T16:16:52.027+0000] {subprocess.py:106} INFO - 	enable.auto.commit = false
[2026-04-11T16:16:52.028+0000] {subprocess.py:106} INFO - 	enable.metrics.push = true
[2026-04-11T16:16:52.028+0000] {subprocess.py:106} INFO - 	exclude.internal.topics = true
[2026-04-11T16:16:52.028+0000] {subprocess.py:106} INFO - 	fetch.max.bytes = 52428800
[2026-04-11T16:16:52.029+0000] {subprocess.py:106} INFO - 	fetch.max.wait.ms = 500
[2026-04-11T16:16:52.029+0000] {subprocess.py:106} INFO - 	fetch.min.bytes = 1
[2026-04-11T16:16:52.029+0000] {subprocess.py:106} INFO - 	group.id = spark-kafka-source-48f3c853-50bf-439b-8a2e-4da358878f40-851835776-executor
[2026-04-11T16:16:52.029+0000] {subprocess.py:106} INFO - 	group.instance.id = null
[2026-04-11T16:16:52.030+0000] {subprocess.py:106} INFO - 	group.protocol = classic
[2026-04-11T16:16:52.030+0000] {subprocess.py:106} INFO - 	group.remote.assignor = null
[2026-04-11T16:16:52.031+0000] {subprocess.py:106} INFO - 	heartbeat.interval.ms = 3000
[2026-04-11T16:16:52.031+0000] {subprocess.py:106} INFO - 	interceptor.classes = []
[2026-04-11T16:16:52.032+0000] {subprocess.py:106} INFO - 	internal.leave.group.on.close = true
[2026-04-11T16:16:52.032+0000] {subprocess.py:106} INFO - 	internal.throw.on.fetch.stable.offset.unsupported = false
[2026-04-11T16:16:52.032+0000] {subprocess.py:106} INFO - 	isolation.level = read_uncommitted
[2026-04-11T16:16:52.033+0000] {subprocess.py:106} INFO - 	key.deserializer = class org.apache.kafka.common.serialization.ByteArrayDeserializer
[2026-04-11T16:16:52.033+0000] {subprocess.py:106} INFO - 	max.partition.fetch.bytes = 1048576
[2026-04-11T16:16:52.033+0000] {subprocess.py:106} INFO - 	max.poll.interval.ms = 300000
[2026-04-11T16:16:52.033+0000] {subprocess.py:106} INFO - 	max.poll.records = 500
[2026-04-11T16:16:52.034+0000] {subprocess.py:106} INFO - 	metadata.max.age.ms = 300000
[2026-04-11T16:16:52.034+0000] {subprocess.py:106} INFO - 	metadata.recovery.strategy = none
[2026-04-11T16:16:52.034+0000] {subprocess.py:106} INFO - 	metric.reporters = []
[2026-04-11T16:16:52.035+0000] {subprocess.py:106} INFO - 	metrics.num.samples = 2
[2026-04-11T16:16:52.035+0000] {subprocess.py:106} INFO - 	metrics.recording.level = INFO
[2026-04-11T16:16:52.036+0000] {subprocess.py:106} INFO - 	metrics.sample.window.ms = 30000
[2026-04-11T16:16:52.036+0000] {subprocess.py:106} INFO - 	partition.assignment.strategy = [class org.apache.kafka.clients.consumer.RangeAssignor, class org.apache.kafka.clients.consumer.CooperativeStickyAssignor]
[2026-04-11T16:16:52.037+0000] {subprocess.py:106} INFO - 	receive.buffer.bytes = 65536
[2026-04-11T16:16:52.037+0000] {subprocess.py:106} INFO - 	reconnect.backoff.max.ms = 1000
[2026-04-11T16:16:52.038+0000] {subprocess.py:106} INFO - 	reconnect.backoff.ms = 50
[2026-04-11T16:16:52.038+0000] {subprocess.py:106} INFO - 	request.timeout.ms = 30000
[2026-04-11T16:16:52.038+0000] {subprocess.py:106} INFO - 	retry.backoff.max.ms = 1000
[2026-04-11T16:16:52.039+0000] {subprocess.py:106} INFO - 	retry.backoff.ms = 100
[2026-04-11T16:16:52.039+0000] {subprocess.py:106} INFO - 	sasl.client.callback.handler.class = null
[2026-04-11T16:16:52.039+0000] {subprocess.py:106} INFO - 	sasl.jaas.config = null
[2026-04-11T16:16:52.039+0000] {subprocess.py:106} INFO - 	sasl.kerberos.kinit.cmd = /usr/bin/kinit
[2026-04-11T16:16:52.040+0000] {subprocess.py:106} INFO - 	sasl.kerberos.min.time.before.relogin = 60000
[2026-04-11T16:16:52.040+0000] {subprocess.py:106} INFO - 	sasl.kerberos.service.name = null
[2026-04-11T16:16:52.040+0000] {subprocess.py:106} INFO - 	sasl.kerberos.ticket.renew.jitter = 0.05
[2026-04-11T16:16:52.041+0000] {subprocess.py:106} INFO - 	sasl.kerberos.ticket.renew.window.factor = 0.8
[2026-04-11T16:16:52.041+0000] {subprocess.py:106} INFO - 	sasl.login.callback.handler.class = null
[2026-04-11T16:16:52.041+0000] {subprocess.py:106} INFO - 	sasl.login.class = null
[2026-04-11T16:16:52.042+0000] {subprocess.py:106} INFO - 	sasl.login.connect.timeout.ms = null
[2026-04-11T16:16:52.042+0000] {subprocess.py:106} INFO - 	sasl.login.read.timeout.ms = null
[2026-04-11T16:16:52.042+0000] {subprocess.py:106} INFO - 	sasl.login.refresh.buffer.seconds = 300
[2026-04-11T16:16:52.043+0000] {subprocess.py:106} INFO - 	sasl.login.refresh.min.period.seconds = 60
[2026-04-11T16:16:52.043+0000] {subprocess.py:106} INFO - 	sasl.login.refresh.window.factor = 0.8
[2026-04-11T16:16:52.043+0000] {subprocess.py:106} INFO - 	sasl.login.refresh.window.jitter = 0.05
[2026-04-11T16:16:52.044+0000] {subprocess.py:106} INFO - 	sasl.login.retry.backoff.max.ms = 10000
[2026-04-11T16:16:52.044+0000] {subprocess.py:106} INFO - 	sasl.login.retry.backoff.ms = 100
[2026-04-11T16:16:52.045+0000] {subprocess.py:106} INFO - 	sasl.mechanism = GSSAPI
[2026-04-11T16:16:52.045+0000] {subprocess.py:106} INFO - 	sasl.oauthbearer.clock.skew.seconds = 30
[2026-04-11T16:16:52.045+0000] {subprocess.py:106} INFO - 	sasl.oauthbearer.expected.audience = null
[2026-04-11T16:16:52.046+0000] {subprocess.py:106} INFO - 	sasl.oauthbearer.expected.issuer = null
[2026-04-11T16:16:52.046+0000] {subprocess.py:106} INFO - 	sasl.oauthbearer.header.urlencode = false
[2026-04-11T16:16:52.047+0000] {subprocess.py:106} INFO - 	sasl.oauthbearer.jwks.endpoint.refresh.ms = 3600000
[2026-04-11T16:16:52.048+0000] {subprocess.py:106} INFO - 	sasl.oauthbearer.jwks.endpoint.retry.backoff.max.ms = 10000
[2026-04-11T16:16:52.048+0000] {subprocess.py:106} INFO - 	sasl.oauthbearer.jwks.endpoint.retry.backoff.ms = 100
[2026-04-11T16:16:52.048+0000] {subprocess.py:106} INFO - 	sasl.oauthbearer.jwks.endpoint.url = null
[2026-04-11T16:16:52.049+0000] {subprocess.py:106} INFO - 	sasl.oauthbearer.scope.claim.name = scope
[2026-04-11T16:16:52.049+0000] {subprocess.py:106} INFO - 	sasl.oauthbearer.sub.claim.name = sub
[2026-04-11T16:16:52.050+0000] {subprocess.py:106} INFO - 	sasl.oauthbearer.token.endpoint.url = null
[2026-04-11T16:16:52.050+0000] {subprocess.py:106} INFO - 	security.protocol = PLAINTEXT
[2026-04-11T16:16:52.050+0000] {subprocess.py:106} INFO - 	security.providers = null
[2026-04-11T16:16:52.051+0000] {subprocess.py:106} INFO - 	send.buffer.bytes = 131072
[2026-04-11T16:16:52.051+0000] {subprocess.py:106} INFO - 	session.timeout.ms = 45000
[2026-04-11T16:16:52.051+0000] {subprocess.py:106} INFO - 	socket.connection.setup.timeout.max.ms = 30000
[2026-04-11T16:16:52.052+0000] {subprocess.py:106} INFO - 	socket.connection.setup.timeout.ms = 10000
[2026-04-11T16:16:52.052+0000] {subprocess.py:106} INFO - 	ssl.cipher.suites = null
[2026-04-11T16:16:52.052+0000] {subprocess.py:106} INFO - 	ssl.enabled.protocols = [TLSv1.2, TLSv1.3]
[2026-04-11T16:16:52.053+0000] {subprocess.py:106} INFO - 	ssl.endpoint.identification.algorithm = https
[2026-04-11T16:16:52.053+0000] {subprocess.py:106} INFO - 	ssl.engine.factory.class = null
[2026-04-11T16:16:52.053+0000] {subprocess.py:106} INFO - 	ssl.key.password = null
[2026-04-11T16:16:52.054+0000] {subprocess.py:106} INFO - 	ssl.keymanager.algorithm = SunX509
[2026-04-11T16:16:52.054+0000] {subprocess.py:106} INFO - 	ssl.keystore.certificate.chain = null
[2026-04-11T16:16:52.054+0000] {subprocess.py:106} INFO - 	ssl.keystore.key = null
[2026-04-11T16:16:52.055+0000] {subprocess.py:106} INFO - 	ssl.keystore.location = null
[2026-04-11T16:16:52.055+0000] {subprocess.py:106} INFO - 	ssl.keystore.password = null
[2026-04-11T16:16:52.055+0000] {subprocess.py:106} INFO - 	ssl.keystore.type = JKS
[2026-04-11T16:16:52.056+0000] {subprocess.py:106} INFO - 	ssl.protocol = TLSv1.3
[2026-04-11T16:16:52.056+0000] {subprocess.py:106} INFO - 	ssl.provider = null
[2026-04-11T16:16:52.056+0000] {subprocess.py:106} INFO - 	ssl.secure.random.implementation = null
[2026-04-11T16:16:52.057+0000] {subprocess.py:106} INFO - 	ssl.trustmanager.algorithm = PKIX
[2026-04-11T16:16:52.057+0000] {subprocess.py:106} INFO - 	ssl.truststore.certificates = null
[2026-04-11T16:16:52.058+0000] {subprocess.py:106} INFO - 	ssl.truststore.location = null
[2026-04-11T16:16:52.058+0000] {subprocess.py:106} INFO - 	ssl.truststore.password = null
[2026-04-11T16:16:52.058+0000] {subprocess.py:106} INFO - 	ssl.truststore.type = JKS
[2026-04-11T16:16:52.059+0000] {subprocess.py:106} INFO - 	value.deserializer = class org.apache.kafka.common.serialization.ByteArrayDeserializer
[2026-04-11T16:16:52.059+0000] {subprocess.py:106} INFO - 
[2026-04-11T16:16:52.059+0000] {subprocess.py:106} INFO - 26/04/11 16:16:51 INFO ConsumerConfig: ConsumerConfig values:
[2026-04-11T16:16:52.060+0000] {subprocess.py:106} INFO - 	allow.auto.create.topics = true
[2026-04-11T16:16:52.060+0000] {subprocess.py:106} INFO - 	auto.commit.interval.ms = 5000
[2026-04-11T16:16:52.060+0000] {subprocess.py:106} INFO - 	auto.include.jmx.reporter = true
[2026-04-11T16:16:52.061+0000] {subprocess.py:106} INFO - 	auto.offset.reset = none
[2026-04-11T16:16:52.061+0000] {subprocess.py:106} INFO - 	bootstrap.servers = [kafka:9092]
[2026-04-11T16:16:52.061+0000] {subprocess.py:106} INFO - 	check.crcs = true
[2026-04-11T16:16:52.062+0000] {subprocess.py:106} INFO - 	client.dns.lookup = use_all_dns_ips
[2026-04-11T16:16:52.062+0000] {subprocess.py:106} INFO - 	client.id = consumer-spark-kafka-source-48f3c853-50bf-439b-8a2e-4da358878f40-851835776-executor-2
[2026-04-11T16:16:52.062+0000] {subprocess.py:106} INFO - 	client.rack =
[2026-04-11T16:16:52.063+0000] {subprocess.py:106} INFO - 	connections.max.idle.ms = 540000
[2026-04-11T16:16:52.063+0000] {subprocess.py:106} INFO - 	default.api.timeout.ms = 60000
[2026-04-11T16:16:52.063+0000] {subprocess.py:106} INFO - 	enable.auto.commit = false
[2026-04-11T16:16:52.064+0000] {subprocess.py:106} INFO - 	enable.metrics.push = true
[2026-04-11T16:16:52.064+0000] {subprocess.py:106} INFO - 	exclude.internal.topics = true
[2026-04-11T16:16:52.065+0000] {subprocess.py:106} INFO - 	fetch.max.bytes = 52428800
[2026-04-11T16:16:52.065+0000] {subprocess.py:106} INFO - 	fetch.max.wait.ms = 500
[2026-04-11T16:16:52.065+0000] {subprocess.py:106} INFO - 	fetch.min.bytes = 1
[2026-04-11T16:16:52.066+0000] {subprocess.py:106} INFO - 	group.id = spark-kafka-source-48f3c853-50bf-439b-8a2e-4da358878f40-851835776-executor
[2026-04-11T16:16:52.066+0000] {subprocess.py:106} INFO - 	group.instance.id = null
[2026-04-11T16:16:52.066+0000] {subprocess.py:106} INFO - 	group.protocol = classic
[2026-04-11T16:16:52.067+0000] {subprocess.py:106} INFO - 	group.remote.assignor = null
[2026-04-11T16:16:52.067+0000] {subprocess.py:106} INFO - 	heartbeat.interval.ms = 3000
[2026-04-11T16:16:52.068+0000] {subprocess.py:106} INFO - 	interceptor.classes = []
[2026-04-11T16:16:52.068+0000] {subprocess.py:106} INFO - 	internal.leave.group.on.close = true
[2026-04-11T16:16:52.068+0000] {subprocess.py:106} INFO - 	internal.throw.on.fetch.stable.offset.unsupported = false
[2026-04-11T16:16:52.069+0000] {subprocess.py:106} INFO - 	isolation.level = read_uncommitted
[2026-04-11T16:16:52.069+0000] {subprocess.py:106} INFO - 	key.deserializer = class org.apache.kafka.common.serialization.ByteArrayDeserializer
[2026-04-11T16:16:52.069+0000] {subprocess.py:106} INFO - 	max.partition.fetch.bytes = 1048576
[2026-04-11T16:16:52.070+0000] {subprocess.py:106} INFO - 	max.poll.interval.ms = 300000
[2026-04-11T16:16:52.070+0000] {subprocess.py:106} INFO - 	max.poll.records = 500
[2026-04-11T16:16:52.070+0000] {subprocess.py:106} INFO - 	metadata.max.age.ms = 300000
[2026-04-11T16:16:52.071+0000] {subprocess.py:106} INFO - 	metadata.recovery.strategy = none
[2026-04-11T16:16:52.071+0000] {subprocess.py:106} INFO - 	metric.reporters = []
[2026-04-11T16:16:52.071+0000] {subprocess.py:106} INFO - 	metrics.num.samples = 2
[2026-04-11T16:16:52.072+0000] {subprocess.py:106} INFO - 	metrics.recording.level = INFO
[2026-04-11T16:16:52.072+0000] {subprocess.py:106} INFO - 	metrics.sample.window.ms = 30000
[2026-04-11T16:16:52.072+0000] {subprocess.py:106} INFO - 	partition.assignment.strategy = [class org.apache.kafka.clients.consumer.RangeAssignor, class org.apache.kafka.clients.consumer.CooperativeStickyAssignor]
[2026-04-11T16:16:52.073+0000] {subprocess.py:106} INFO - 	receive.buffer.bytes = 65536
[2026-04-11T16:16:52.073+0000] {subprocess.py:106} INFO - 	reconnect.backoff.max.ms = 1000
[2026-04-11T16:16:52.073+0000] {subprocess.py:106} INFO - 	reconnect.backoff.ms = 50
[2026-04-11T16:16:52.074+0000] {subprocess.py:106} INFO - 	request.timeout.ms = 30000
[2026-04-11T16:16:52.074+0000] {subprocess.py:106} INFO - 	retry.backoff.max.ms = 1000
[2026-04-11T16:16:52.074+0000] {subprocess.py:106} INFO - 	retry.backoff.ms = 100
[2026-04-11T16:16:52.074+0000] {subprocess.py:106} INFO - 	sasl.client.callback.handler.class = null
[2026-04-11T16:16:52.075+0000] {subprocess.py:106} INFO - 	sasl.jaas.config = null
[2026-04-11T16:16:52.075+0000] {subprocess.py:106} INFO - 	sasl.kerberos.kinit.cmd = /usr/bin/kinit
[2026-04-11T16:16:52.076+0000] {subprocess.py:106} INFO - 	sasl.kerberos.min.time.before.relogin = 60000
[2026-04-11T16:16:52.076+0000] {subprocess.py:106} INFO - 	sasl.kerberos.service.name = null
[2026-04-11T16:16:52.077+0000] {subprocess.py:106} INFO - 	sasl.kerberos.ticket.renew.jitter = 0.05
[2026-04-11T16:16:52.077+0000] {subprocess.py:106} INFO - 	sasl.kerberos.ticket.renew.window.factor = 0.8
[2026-04-11T16:16:52.077+0000] {subprocess.py:106} INFO - 	sasl.login.callback.handler.class = null
[2026-04-11T16:16:52.078+0000] {subprocess.py:106} INFO - 	sasl.login.class = null
[2026-04-11T16:16:52.078+0000] {subprocess.py:106} INFO - 	sasl.login.connect.timeout.ms = null
[2026-04-11T16:16:52.079+0000] {subprocess.py:106} INFO - 	sasl.login.read.timeout.ms = null
[2026-04-11T16:16:52.079+0000] {subprocess.py:106} INFO - 	sasl.login.refresh.buffer.seconds = 300
[2026-04-11T16:16:52.080+0000] {subprocess.py:106} INFO - 	sasl.login.refresh.min.period.seconds = 60
[2026-04-11T16:16:52.080+0000] {subprocess.py:106} INFO - 	sasl.login.refresh.window.factor = 0.8
[2026-04-11T16:16:52.080+0000] {subprocess.py:106} INFO - 	sasl.login.refresh.window.jitter = 0.05
[2026-04-11T16:16:52.081+0000] {subprocess.py:106} INFO - 	sasl.login.retry.backoff.max.ms = 10000
[2026-04-11T16:16:52.081+0000] {subprocess.py:106} INFO - 	sasl.login.retry.backoff.ms = 100
[2026-04-11T16:16:52.081+0000] {subprocess.py:106} INFO - 	sasl.mechanism = GSSAPI
[2026-04-11T16:16:52.082+0000] {subprocess.py:106} INFO - 	sasl.oauthbearer.clock.skew.seconds = 30
[2026-04-11T16:16:52.082+0000] {subprocess.py:106} INFO - 	sasl.oauthbearer.expected.audience = null
[2026-04-11T16:16:52.083+0000] {subprocess.py:106} INFO - 	sasl.oauthbearer.expected.issuer = null
[2026-04-11T16:16:52.083+0000] {subprocess.py:106} INFO - 	sasl.oauthbearer.header.urlencode = false
[2026-04-11T16:16:52.084+0000] {subprocess.py:106} INFO - 	sasl.oauthbearer.jwks.endpoint.refresh.ms = 3600000
[2026-04-11T16:16:52.084+0000] {subprocess.py:106} INFO - 	sasl.oauthbearer.jwks.endpoint.retry.backoff.max.ms = 10000
[2026-04-11T16:16:52.084+0000] {subprocess.py:106} INFO - 	sasl.oauthbearer.jwks.endpoint.retry.backoff.ms = 100
[2026-04-11T16:16:52.085+0000] {subprocess.py:106} INFO - 	sasl.oauthbearer.jwks.endpoint.url = null
[2026-04-11T16:16:52.085+0000] {subprocess.py:106} INFO - 	sasl.oauthbearer.scope.claim.name = scope
[2026-04-11T16:16:52.086+0000] {subprocess.py:106} INFO - 	sasl.oauthbearer.sub.claim.name = sub
[2026-04-11T16:16:52.086+0000] {subprocess.py:106} INFO - 	sasl.oauthbearer.token.endpoint.url = null
[2026-04-11T16:16:52.087+0000] {subprocess.py:106} INFO - 	security.protocol = PLAINTEXT
[2026-04-11T16:16:52.087+0000] {subprocess.py:106} INFO - 	security.providers = null
[2026-04-11T16:16:52.087+0000] {subprocess.py:106} INFO - 	send.buffer.bytes = 131072
[2026-04-11T16:16:52.088+0000] {subprocess.py:106} INFO - 	session.timeout.ms = 45000
[2026-04-11T16:16:52.088+0000] {subprocess.py:106} INFO - 	socket.connection.setup.timeout.max.ms = 30000
[2026-04-11T16:16:52.089+0000] {subprocess.py:106} INFO - 	socket.connection.setup.timeout.ms = 10000
[2026-04-11T16:16:52.089+0000] {subprocess.py:106} INFO - 	ssl.cipher.suites = null
[2026-04-11T16:16:52.090+0000] {subprocess.py:106} INFO - 	ssl.enabled.protocols = [TLSv1.2, TLSv1.3]
[2026-04-11T16:16:52.090+0000] {subprocess.py:106} INFO - 	ssl.endpoint.identification.algorithm = https
[2026-04-11T16:16:52.091+0000] {subprocess.py:106} INFO - 	ssl.engine.factory.class = null
[2026-04-11T16:16:52.091+0000] {subprocess.py:106} INFO - 	ssl.key.password = null
[2026-04-11T16:16:52.091+0000] {subprocess.py:106} INFO - 	ssl.keymanager.algorithm = SunX509
[2026-04-11T16:16:52.092+0000] {subprocess.py:106} INFO - 	ssl.keystore.certificate.chain = null
[2026-04-11T16:16:52.092+0000] {subprocess.py:106} INFO - 	ssl.keystore.key = null
[2026-04-11T16:16:52.092+0000] {subprocess.py:106} INFO - 	ssl.keystore.location = null
[2026-04-11T16:16:52.093+0000] {subprocess.py:106} INFO - 	ssl.keystore.password = null
[2026-04-11T16:16:52.093+0000] {subprocess.py:106} INFO - 	ssl.keystore.type = JKS
[2026-04-11T16:16:52.094+0000] {subprocess.py:106} INFO - 	ssl.protocol = TLSv1.3
[2026-04-11T16:16:52.094+0000] {subprocess.py:106} INFO - 	ssl.provider = null
[2026-04-11T16:16:52.094+0000] {subprocess.py:106} INFO - 	ssl.secure.random.implementation = null
[2026-04-11T16:16:52.095+0000] {subprocess.py:106} INFO - 	ssl.trustmanager.algorithm = PKIX
[2026-04-11T16:16:52.095+0000] {subprocess.py:106} INFO - 	ssl.truststore.certificates = null
[2026-04-11T16:16:52.095+0000] {subprocess.py:106} INFO - 	ssl.truststore.location = null
[2026-04-11T16:16:52.096+0000] {subprocess.py:106} INFO - 	ssl.truststore.password = null
[2026-04-11T16:16:52.096+0000] {subprocess.py:106} INFO - 	ssl.truststore.type = JKS
[2026-04-11T16:16:52.097+0000] {subprocess.py:106} INFO - 	value.deserializer = class org.apache.kafka.common.serialization.ByteArrayDeserializer
[2026-04-11T16:16:52.097+0000] {subprocess.py:106} INFO - 
[2026-04-11T16:16:52.097+0000] {subprocess.py:106} INFO - 26/04/11 16:16:52 INFO KafkaMetricsCollector: initializing Kafka metrics collector
[2026-04-11T16:16:52.098+0000] {subprocess.py:106} INFO - 26/04/11 16:16:52 INFO KafkaMetricsCollector: initializing Kafka metrics collector
[2026-04-11T16:16:52.098+0000] {subprocess.py:106} INFO - 26/04/11 16:16:52 INFO KafkaMetricsCollector: initializing Kafka metrics collector
[2026-04-11T16:16:52.215+0000] {subprocess.py:106} INFO - 26/04/11 16:16:52 INFO AppInfoParser: Kafka version: 3.9.0
[2026-04-11T16:16:52.221+0000] {subprocess.py:106} INFO - 26/04/11 16:16:52 INFO AppInfoParser: Kafka commitId: 84caaa6e9da06435
[2026-04-11T16:16:52.221+0000] {subprocess.py:106} INFO - 26/04/11 16:16:52 INFO AppInfoParser: Kafka startTimeMs: 1775924212211
[2026-04-11T16:16:52.222+0000] {subprocess.py:106} INFO - 26/04/11 16:16:52 INFO AppInfoParser: Kafka version: 3.9.0
[2026-04-11T16:16:52.222+0000] {subprocess.py:106} INFO - 26/04/11 16:16:52 INFO AppInfoParser: Kafka commitId: 84caaa6e9da06435
[2026-04-11T16:16:52.223+0000] {subprocess.py:106} INFO - 26/04/11 16:16:52 INFO AppInfoParser: Kafka startTimeMs: 1775924212211
[2026-04-11T16:16:52.223+0000] {subprocess.py:106} INFO - 26/04/11 16:16:52 INFO AppInfoParser: Kafka version: 3.9.0
[2026-04-11T16:16:52.223+0000] {subprocess.py:106} INFO - 26/04/11 16:16:52 INFO AppInfoParser: Kafka commitId: 84caaa6e9da06435
[2026-04-11T16:16:52.224+0000] {subprocess.py:106} INFO - 26/04/11 16:16:52 INFO AppInfoParser: Kafka startTimeMs: 1775924212211
[2026-04-11T16:16:52.224+0000] {subprocess.py:106} INFO - 26/04/11 16:16:52 INFO ClassicKafkaConsumer: [Consumer clientId=consumer-spark-kafka-source-48f3c853-50bf-439b-8a2e-4da358878f40-851835776-executor-1, groupId=spark-kafka-source-48f3c853-50bf-439b-8a2e-4da358878f40-851835776-executor] Assigned to partition(s): weather-topic-0
[2026-04-11T16:16:52.224+0000] {subprocess.py:106} INFO - 26/04/11 16:16:52 INFO ClassicKafkaConsumer: [Consumer clientId=consumer-spark-kafka-source-48f3c853-50bf-439b-8a2e-4da358878f40-851835776-executor-2, groupId=spark-kafka-source-48f3c853-50bf-439b-8a2e-4da358878f40-851835776-executor] Assigned to partition(s): weather-topic-2
[2026-04-11T16:16:52.225+0000] {subprocess.py:106} INFO - 26/04/11 16:16:52 INFO ClassicKafkaConsumer: [Consumer clientId=consumer-spark-kafka-source-48f3c853-50bf-439b-8a2e-4da358878f40-851835776-executor-3, groupId=spark-kafka-source-48f3c853-50bf-439b-8a2e-4da358878f40-851835776-executor] Assigned to partition(s): weather-topic-1
[2026-04-11T16:16:52.235+0000] {subprocess.py:106} INFO - 26/04/11 16:16:52 INFO ClassicKafkaConsumer: [Consumer clientId=consumer-spark-kafka-source-48f3c853-50bf-439b-8a2e-4da358878f40-851835776-executor-2, groupId=spark-kafka-source-48f3c853-50bf-439b-8a2e-4da358878f40-851835776-executor] Seeking to offset 0 for partition weather-topic-2
[2026-04-11T16:16:52.235+0000] {subprocess.py:106} INFO - 26/04/11 16:16:52 INFO ClassicKafkaConsumer: [Consumer clientId=consumer-spark-kafka-source-48f3c853-50bf-439b-8a2e-4da358878f40-851835776-executor-1, groupId=spark-kafka-source-48f3c853-50bf-439b-8a2e-4da358878f40-851835776-executor] Seeking to offset 2 for partition weather-topic-0
[2026-04-11T16:16:52.236+0000] {subprocess.py:106} INFO - 26/04/11 16:16:52 INFO ClassicKafkaConsumer: [Consumer clientId=consumer-spark-kafka-source-48f3c853-50bf-439b-8a2e-4da358878f40-851835776-executor-3, groupId=spark-kafka-source-48f3c853-50bf-439b-8a2e-4da358878f40-851835776-executor] Seeking to offset 4 for partition weather-topic-1
[2026-04-11T16:16:52.641+0000] {subprocess.py:106} INFO - 26/04/11 16:16:52 INFO Metadata: [Consumer clientId=consumer-spark-kafka-source-48f3c853-50bf-439b-8a2e-4da358878f40-851835776-executor-3, groupId=spark-kafka-source-48f3c853-50bf-439b-8a2e-4da358878f40-851835776-executor] Cluster ID: kkX-ljWLTPS7MNugi1CRGg
[2026-04-11T16:16:52.641+0000] {subprocess.py:106} INFO - 26/04/11 16:16:52 INFO Metadata: [Consumer clientId=consumer-spark-kafka-source-48f3c853-50bf-439b-8a2e-4da358878f40-851835776-executor-2, groupId=spark-kafka-source-48f3c853-50bf-439b-8a2e-4da358878f40-851835776-executor] Cluster ID: kkX-ljWLTPS7MNugi1CRGg
[2026-04-11T16:16:52.642+0000] {subprocess.py:106} INFO - 26/04/11 16:16:52 INFO Metadata: [Consumer clientId=consumer-spark-kafka-source-48f3c853-50bf-439b-8a2e-4da358878f40-851835776-executor-1, groupId=spark-kafka-source-48f3c853-50bf-439b-8a2e-4da358878f40-851835776-executor] Cluster ID: kkX-ljWLTPS7MNugi1CRGg
[2026-04-11T16:16:52.702+0000] {subprocess.py:106} INFO - 26/04/11 16:16:52 INFO SubscriptionState: [Consumer clientId=consumer-spark-kafka-source-48f3c853-50bf-439b-8a2e-4da358878f40-851835776-executor-1, groupId=spark-kafka-source-48f3c853-50bf-439b-8a2e-4da358878f40-851835776-executor] Seeking to earliest offset of partition weather-topic-0
[2026-04-11T16:16:52.703+0000] {subprocess.py:106} INFO - 26/04/11 16:16:52 INFO SubscriptionState: [Consumer clientId=consumer-spark-kafka-source-48f3c853-50bf-439b-8a2e-4da358878f40-851835776-executor-2, groupId=spark-kafka-source-48f3c853-50bf-439b-8a2e-4da358878f40-851835776-executor] Seeking to earliest offset of partition weather-topic-2
[2026-04-11T16:16:52.704+0000] {subprocess.py:106} INFO - 26/04/11 16:16:52 INFO SubscriptionState: [Consumer clientId=consumer-spark-kafka-source-48f3c853-50bf-439b-8a2e-4da358878f40-851835776-executor-3, groupId=spark-kafka-source-48f3c853-50bf-439b-8a2e-4da358878f40-851835776-executor] Seeking to earliest offset of partition weather-topic-1
[2026-04-11T16:16:53.204+0000] {subprocess.py:106} INFO - 26/04/11 16:16:53 INFO SubscriptionState: [Consumer clientId=consumer-spark-kafka-source-48f3c853-50bf-439b-8a2e-4da358878f40-851835776-executor-1, groupId=spark-kafka-source-48f3c853-50bf-439b-8a2e-4da358878f40-851835776-executor] Resetting offset for partition weather-topic-0 to position FetchPosition{offset=0, offsetEpoch=Optional.empty, currentLeader=LeaderAndEpoch{leader=Optional[kafka:9092 (id: 1 rack: null)], epoch=0}}.
[2026-04-11T16:16:53.205+0000] {subprocess.py:106} INFO - 26/04/11 16:16:53 INFO SubscriptionState: [Consumer clientId=consumer-spark-kafka-source-48f3c853-50bf-439b-8a2e-4da358878f40-851835776-executor-2, groupId=spark-kafka-source-48f3c853-50bf-439b-8a2e-4da358878f40-851835776-executor] Resetting offset for partition weather-topic-2 to position FetchPosition{offset=0, offsetEpoch=Optional.empty, currentLeader=LeaderAndEpoch{leader=Optional[kafka:9092 (id: 1 rack: null)], epoch=0}}.
[2026-04-11T16:16:53.206+0000] {subprocess.py:106} INFO - 26/04/11 16:16:53 INFO SubscriptionState: [Consumer clientId=consumer-spark-kafka-source-48f3c853-50bf-439b-8a2e-4da358878f40-851835776-executor-3, groupId=spark-kafka-source-48f3c853-50bf-439b-8a2e-4da358878f40-851835776-executor] Resetting offset for partition weather-topic-1 to position FetchPosition{offset=0, offsetEpoch=Optional.empty, currentLeader=LeaderAndEpoch{leader=Optional[kafka:9092 (id: 1 rack: null)], epoch=0}}.
[2026-04-11T16:16:53.207+0000] {subprocess.py:106} INFO - 26/04/11 16:16:53 INFO SubscriptionState: [Consumer clientId=consumer-spark-kafka-source-48f3c853-50bf-439b-8a2e-4da358878f40-851835776-executor-3, groupId=spark-kafka-source-48f3c853-50bf-439b-8a2e-4da358878f40-851835776-executor] Seeking to latest offset of partition weather-topic-1
[2026-04-11T16:16:53.207+0000] {subprocess.py:106} INFO - 26/04/11 16:16:53 INFO SubscriptionState: [Consumer clientId=consumer-spark-kafka-source-48f3c853-50bf-439b-8a2e-4da358878f40-851835776-executor-1, groupId=spark-kafka-source-48f3c853-50bf-439b-8a2e-4da358878f40-851835776-executor] Seeking to latest offset of partition weather-topic-0
[2026-04-11T16:16:53.208+0000] {subprocess.py:106} INFO - 26/04/11 16:16:53 INFO SubscriptionState: [Consumer clientId=consumer-spark-kafka-source-48f3c853-50bf-439b-8a2e-4da358878f40-851835776-executor-2, groupId=spark-kafka-source-48f3c853-50bf-439b-8a2e-4da358878f40-851835776-executor] Seeking to latest offset of partition weather-topic-2
[2026-04-11T16:16:53.208+0000] {subprocess.py:106} INFO - 26/04/11 16:16:53 INFO SubscriptionState: [Consumer clientId=consumer-spark-kafka-source-48f3c853-50bf-439b-8a2e-4da358878f40-851835776-executor-3, groupId=spark-kafka-source-48f3c853-50bf-439b-8a2e-4da358878f40-851835776-executor] Resetting offset for partition weather-topic-1 to position FetchPosition{offset=16, offsetEpoch=Optional.empty, currentLeader=LeaderAndEpoch{leader=Optional[kafka:9092 (id: 1 rack: null)], epoch=0}}.
[2026-04-11T16:16:53.209+0000] {subprocess.py:106} INFO - 26/04/11 16:16:53 INFO SubscriptionState: [Consumer clientId=consumer-spark-kafka-source-48f3c853-50bf-439b-8a2e-4da358878f40-851835776-executor-1, groupId=spark-kafka-source-48f3c853-50bf-439b-8a2e-4da358878f40-851835776-executor] Resetting offset for partition weather-topic-0 to position FetchPosition{offset=10, offsetEpoch=Optional.empty, currentLeader=LeaderAndEpoch{leader=Optional[kafka:9092 (id: 1 rack: null)], epoch=0}}.
[2026-04-11T16:16:53.209+0000] {subprocess.py:106} INFO - 26/04/11 16:16:53 INFO SubscriptionState: [Consumer clientId=consumer-spark-kafka-source-48f3c853-50bf-439b-8a2e-4da358878f40-851835776-executor-2, groupId=spark-kafka-source-48f3c853-50bf-439b-8a2e-4da358878f40-851835776-executor] Resetting offset for partition weather-topic-2 to position FetchPosition{offset=12, offsetEpoch=Optional.empty, currentLeader=LeaderAndEpoch{leader=Optional[kafka:9092 (id: 1 rack: null)], epoch=0}}.
[2026-04-11T16:16:53.402+0000] {subprocess.py:106} INFO - 26/04/11 16:16:53 INFO KafkaDataConsumer: From Kafka topicPartition=weather-topic-2 groupId=spark-kafka-source-48f3c853-50bf-439b-8a2e-4da358878f40-851835776-executor read 6 records through 1 polls (polled out 12 records), taking 972.381443 ms, during time span of 1167.689442 ms.
[2026-04-11T16:16:53.404+0000] {subprocess.py:106} INFO - 26/04/11 16:16:53 INFO KafkaDataConsumer: From Kafka topicPartition=weather-topic-0 groupId=spark-kafka-source-48f3c853-50bf-439b-8a2e-4da358878f40-851835776-executor read 3 records through 1 polls (polled out 8 records), taking 972.186277 ms, during time span of 1167.718888 ms.
[2026-04-11T16:16:53.406+0000] {subprocess.py:106} INFO - 26/04/11 16:16:53 INFO KafkaDataConsumer: From Kafka topicPartition=weather-topic-1 groupId=spark-kafka-source-48f3c853-50bf-439b-8a2e-4da358878f40-851835776-executor read 2 records through 1 polls (polled out 12 records), taking 972.304723 ms, during time span of 1167.691145 ms.
[2026-04-11T16:16:53.439+0000] {subprocess.py:106} INFO - 26/04/11 16:16:53 INFO Executor: Finished task 1.0 in stage 0.0 (TID 1). 2382 bytes result sent to driver
[2026-04-11T16:16:53.439+0000] {subprocess.py:106} INFO - 26/04/11 16:16:53 INFO Executor: Finished task 0.0 in stage 0.0 (TID 0). 2382 bytes result sent to driver
[2026-04-11T16:16:53.440+0000] {subprocess.py:106} INFO - 26/04/11 16:16:53 INFO Executor: Finished task 2.0 in stage 0.0 (TID 2). 2382 bytes result sent to driver
[2026-04-11T16:16:53.453+0000] {subprocess.py:106} INFO - 26/04/11 16:16:53 INFO TaskSetManager: Finished task 0.0 in stage 0.0 (TID 0) in 1883 ms on spark-master (executor driver) (1/3)
[2026-04-11T16:16:53.456+0000] {subprocess.py:106} INFO - 26/04/11 16:16:53 INFO TaskSetManager: Finished task 2.0 in stage 0.0 (TID 2) in 1871 ms on spark-master (executor driver) (2/3)
[2026-04-11T16:16:53.456+0000] {subprocess.py:106} INFO - 26/04/11 16:16:53 INFO TaskSetManager: Finished task 1.0 in stage 0.0 (TID 1) in 1873 ms on spark-master (executor driver) (3/3)
[2026-04-11T16:16:53.459+0000] {subprocess.py:106} INFO - 26/04/11 16:16:53 INFO TaskSchedulerImpl: Removed TaskSet 0.0 whose tasks have all completed, from pool
[2026-04-11T16:16:53.469+0000] {subprocess.py:106} INFO - 26/04/11 16:16:53 INFO DAGScheduler: ShuffleMapStage 0 (start at NativeMethodAccessorImpl.java:0) finished in 2040 ms
[2026-04-11T16:16:53.469+0000] {subprocess.py:106} INFO - 26/04/11 16:16:53 INFO DAGScheduler: looking for newly runnable stages
[2026-04-11T16:16:53.470+0000] {subprocess.py:106} INFO - 26/04/11 16:16:53 INFO DAGScheduler: running: HashSet()
[2026-04-11T16:16:53.471+0000] {subprocess.py:106} INFO - 26/04/11 16:16:53 INFO DAGScheduler: waiting: HashSet(ResultStage 1)
[2026-04-11T16:16:53.472+0000] {subprocess.py:106} INFO - 26/04/11 16:16:53 INFO DAGScheduler: failed: HashSet()
[2026-04-11T16:16:53.476+0000] {subprocess.py:106} INFO - 26/04/11 16:16:53 INFO DAGScheduler: Submitting ResultStage 1 (MapPartitionsRDD[9] at start at NativeMethodAccessorImpl.java:0), which has no missing parents
[2026-04-11T16:16:53.484+0000] {subprocess.py:106} INFO - 26/04/11 16:16:53 INFO MemoryStore: Block broadcast_1 stored as values in memory (estimated size 13.6 KiB, free 1048.7 MiB)
[2026-04-11T16:16:53.487+0000] {subprocess.py:106} INFO - 26/04/11 16:16:53 INFO MemoryStore: Block broadcast_1_piece0 stored as bytes in memory (estimated size 6.5 KiB, free 1048.7 MiB)
[2026-04-11T16:16:53.488+0000] {subprocess.py:106} INFO - 26/04/11 16:16:53 INFO SparkContext: Created broadcast 1 from broadcast at DAGScheduler.scala:1676
[2026-04-11T16:16:53.491+0000] {subprocess.py:106} INFO - 26/04/11 16:16:53 INFO DAGScheduler: Submitting 1 missing tasks from ResultStage 1 (MapPartitionsRDD[9] at start at NativeMethodAccessorImpl.java:0) (first 15 tasks are for partitions Vector(0))
[2026-04-11T16:16:53.492+0000] {subprocess.py:106} INFO - 26/04/11 16:16:53 INFO TaskSchedulerImpl: Adding task set 1.0 with 1 tasks resource profile 0
[2026-04-11T16:16:53.499+0000] {subprocess.py:106} INFO - 26/04/11 16:16:53 INFO TaskSetManager: Starting task 0.0 in stage 1.0 (TID 3) (spark-master,executor driver, partition 0, NODE_LOCAL, 12446 bytes)
[2026-04-11T16:16:53.500+0000] {subprocess.py:106} INFO - 26/04/11 16:16:53 INFO Executor: Running task 0.0 in stage 1.0 (TID 3)
[2026-04-11T16:16:53.617+0000] {subprocess.py:106} INFO - 26/04/11 16:16:53 INFO ShuffleBlockFetcherIterator: Getting 3 (180.0 B) non-empty blocks including 3 (180.0 B) local and 0 (0.0 B) host-local and 0 (0.0 B) push-merged-local and 0 (0.0 B) remote blocks
[2026-04-11T16:16:53.620+0000] {subprocess.py:106} INFO - 26/04/11 16:16:53 INFO ShuffleBlockFetcherIterator: Started 0 remote fetches in 41 ms
[2026-04-11T16:16:53.651+0000] {subprocess.py:106} INFO - 26/04/11 16:16:53 INFO CodeGenerator: Code generated in 31.652496 ms
[2026-04-11T16:16:53.678+0000] {subprocess.py:106} INFO - 26/04/11 16:16:53 INFO Executor: Finished task 0.0 in stage 1.0 (TID 3). 3938 bytes result sent to driver
[2026-04-11T16:16:53.687+0000] {subprocess.py:106} INFO - 26/04/11 16:16:53 INFO TaskSetManager: Finished task 0.0 in stage 1.0 (TID 3) in 186 ms on spark-master (executor driver) (1/1)
[2026-04-11T16:16:53.693+0000] {subprocess.py:106} INFO - 26/04/11 16:16:53 INFO TaskSchedulerImpl: Removed TaskSet 1.0 whose tasks have all completed, from pool
[2026-04-11T16:16:53.702+0000] {subprocess.py:106} INFO - 26/04/11 16:16:53 INFO DAGScheduler: ResultStage 1 (start at NativeMethodAccessorImpl.java:0) finished in 201 ms
[2026-04-11T16:16:53.704+0000] {subprocess.py:106} INFO - 26/04/11 16:16:53 INFO DAGScheduler: Job 0 is finished. Cancelling potential speculative or zombie tasks for this job
[2026-04-11T16:16:53.704+0000] {subprocess.py:106} INFO - 26/04/11 16:16:53 INFO TaskSchedulerImpl: Canceling stage 1
[2026-04-11T16:16:53.705+0000] {subprocess.py:106} INFO - 26/04/11 16:16:53 INFO TaskSchedulerImpl: Killing all running tasks in stage 1: Stage finished
[2026-04-11T16:16:53.725+0000] {subprocess.py:106} INFO - 26/04/11 16:16:53 INFO DAGScheduler: Job 0 finished: start at NativeMethodAccessorImpl.java:0, took 2342.147069 ms
[2026-04-11T16:16:53.953+0000] {subprocess.py:106} INFO - 26/04/11 16:16:53 INFO ParquetUtils: Using default output committer for Parquet: org.apache.parquet.hadoop.ParquetOutputCommitter
[2026-04-11T16:16:53.985+0000] {subprocess.py:106} INFO - 26/04/11 16:16:53 INFO FileOutputCommitter: File Output Committer Algorithm version is 1
[2026-04-11T16:16:53.986+0000] {subprocess.py:106} INFO - 26/04/11 16:16:53 INFO FileOutputCommitter: FileOutputCommitter skip cleanup _temporary folders under output directory:false, ignore cleanup failures: false
[2026-04-11T16:16:53.987+0000] {subprocess.py:106} INFO - 26/04/11 16:16:53 INFO SQLHadoopMapReduceCommitProtocol: Using user defined output committer class org.apache.parquet.hadoop.ParquetOutputCommitter
[2026-04-11T16:16:53.988+0000] {subprocess.py:106} INFO - 26/04/11 16:16:53 INFO FileOutputCommitter: File Output Committer Algorithm version is 1
[2026-04-11T16:16:53.988+0000] {subprocess.py:106} INFO - 26/04/11 16:16:53 INFO FileOutputCommitter: FileOutputCommitter skip cleanup _temporary folders under output directory:false, ignore cleanup failures: false
[2026-04-11T16:16:53.989+0000] {subprocess.py:106} INFO - 26/04/11 16:16:53 INFO SQLHadoopMapReduceCommitProtocol: Using output committer class org.apache.parquet.hadoop.ParquetOutputCommitter
[2026-04-11T16:16:54.025+0000] {subprocess.py:106} INFO - 26/04/11 16:16:54 INFO CodeGenerator: Code generated in 22.393404 ms
[2026-04-11T16:16:54.051+0000] {subprocess.py:106} INFO - 26/04/11 16:16:54 INFO SparkContext: Starting job: start at NativeMethodAccessorImpl.java:0
[2026-04-11T16:16:54.052+0000] {subprocess.py:106} INFO - 26/04/11 16:16:54 INFO DAGScheduler: Got job 1 (start at NativeMethodAccessorImpl.java:0) with 3 output partitions
[2026-04-11T16:16:54.053+0000] {subprocess.py:106} INFO - 26/04/11 16:16:54 INFO DAGScheduler: Final stage: ResultStage 2 (start at NativeMethodAccessorImpl.java:0)
[2026-04-11T16:16:54.054+0000] {subprocess.py:106} INFO - 26/04/11 16:16:54 INFO DAGScheduler: Parents of final stage: List()
[2026-04-11T16:16:54.059+0000] {subprocess.py:106} INFO - 26/04/11 16:16:54 INFO DAGScheduler: Missing parents: List()
[2026-04-11T16:16:54.059+0000] {subprocess.py:106} INFO - 26/04/11 16:16:54 INFO DAGScheduler: Submitting ResultStage 2 (MapPartitionsRDD[16] at start at NativeMethodAccessorImpl.java:0), which has no missing parents
[2026-04-11T16:16:54.130+0000] {subprocess.py:106} INFO - 26/04/11 16:16:54 INFO MemoryStore: Block broadcast_2 stored as values in memory (estimated size 297.9 KiB, free 1048.4 MiB)
[2026-04-11T16:16:54.133+0000] {subprocess.py:106} INFO - 26/04/11 16:16:54 INFO MemoryStore: Block broadcast_2_piece0 stored as bytes in memory (estimated size 105.6 KiB, free 1048.3 MiB)
[2026-04-11T16:16:54.136+0000] {subprocess.py:106} INFO - 26/04/11 16:16:54 INFO SparkContext: Created broadcast 2 from broadcast at DAGScheduler.scala:1676
[2026-04-11T16:16:54.137+0000] {subprocess.py:106} INFO - 26/04/11 16:16:54 INFO DAGScheduler: Submitting 3 missing tasks from ResultStage 2 (MapPartitionsRDD[16] at start at NativeMethodAccessorImpl.java:0) (first 15 tasks are for partitions Vector(0, 1, 2))
[2026-04-11T16:16:54.138+0000] {subprocess.py:106} INFO - 26/04/11 16:16:54 INFO TaskSchedulerImpl: Adding task set 2.0 with 3 tasks resource profile 0
[2026-04-11T16:16:54.140+0000] {subprocess.py:106} INFO - 26/04/11 16:16:54 INFO TaskSetManager: Starting task 0.0 in stage 2.0 (TID 4) (spark-master,executor driver, partition 0, PROCESS_LOCAL, 13502 bytes)
[2026-04-11T16:16:54.141+0000] {subprocess.py:106} INFO - 26/04/11 16:16:54 INFO TaskSetManager: Starting task 1.0 in stage 2.0 (TID 5) (spark-master,executor driver, partition 1, PROCESS_LOCAL, 13502 bytes)
[2026-04-11T16:16:54.143+0000] {subprocess.py:106} INFO - 26/04/11 16:16:54 INFO TaskSetManager: Starting task 2.0 in stage 2.0 (TID 6) (spark-master,executor driver, partition 2, PROCESS_LOCAL, 13502 bytes)
[2026-04-11T16:16:54.145+0000] {subprocess.py:106} INFO - 26/04/11 16:16:54 INFO Executor: Running task 0.0 in stage 2.0 (TID 4)
[2026-04-11T16:16:54.146+0000] {subprocess.py:106} INFO - 26/04/11 16:16:54 INFO Executor: Running task 1.0 in stage 2.0 (TID 5)
[2026-04-11T16:16:54.146+0000] {subprocess.py:106} INFO - 26/04/11 16:16:54 INFO Executor: Running task 2.0 in stage 2.0 (TID 6)
[2026-04-11T16:16:54.362+0000] {subprocess.py:106} INFO - 26/04/11 16:16:54 INFO CodeGenerator: Code generated in 27.40168 ms
[2026-04-11T16:16:54.371+0000] {subprocess.py:106} INFO - 26/04/11 16:16:54 INFO KafkaBatchReaderFactory: Creating Kafka reader topicPartition=weather-topic-1 fromOffset=4} untilOffset=6, for query queryId=86592a85-8761-4cc9-a3b1-f4466c23cb1d batchId=7 taskId=5 partitionId=1
[2026-04-11T16:16:54.372+0000] {subprocess.py:106} INFO - 26/04/11 16:16:54 INFO KafkaBatchReaderFactory: Creating Kafka reader topicPartition=weather-topic-0 fromOffset=2} untilOffset=5, for query queryId=86592a85-8761-4cc9-a3b1-f4466c23cb1d batchId=7 taskId=4 partitionId=0
[2026-04-11T16:16:54.372+0000] {subprocess.py:106} INFO - 26/04/11 16:16:54 INFO KafkaBatchReaderFactory: Creating Kafka reader topicPartition=weather-topic-2 fromOffset=0} untilOffset=6, for query queryId=86592a85-8761-4cc9-a3b1-f4466c23cb1d batchId=7 taskId=6 partitionId=2
[2026-04-11T16:16:54.382+0000] {subprocess.py:106} INFO - 26/04/11 16:16:54 INFO ClassicKafkaConsumer: [Consumer clientId=consumer-spark-kafka-source-48f3c853-50bf-439b-8a2e-4da358878f40-851835776-executor-3, groupId=spark-kafka-source-48f3c853-50bf-439b-8a2e-4da358878f40-851835776-executor] Seeking to offset 4 for partition weather-topic-1
[2026-04-11T16:16:54.383+0000] {subprocess.py:106} INFO - 26/04/11 16:16:54 INFO ClassicKafkaConsumer: [Consumer clientId=consumer-spark-kafka-source-48f3c853-50bf-439b-8a2e-4da358878f40-851835776-executor-2, groupId=spark-kafka-source-48f3c853-50bf-439b-8a2e-4da358878f40-851835776-executor] Seeking to offset 0 for partition weather-topic-2
[2026-04-11T16:16:54.384+0000] {subprocess.py:106} INFO - 26/04/11 16:16:54 INFO ClassicKafkaConsumer: [Consumer clientId=consumer-spark-kafka-source-48f3c853-50bf-439b-8a2e-4da358878f40-851835776-executor-1, groupId=spark-kafka-source-48f3c853-50bf-439b-8a2e-4da358878f40-851835776-executor] Seeking to offset 2 for partition weather-topic-0
[2026-04-11T16:16:54.387+0000] {subprocess.py:106} INFO - 26/04/11 16:16:54 INFO SubscriptionState: [Consumer clientId=consumer-spark-kafka-source-48f3c853-50bf-439b-8a2e-4da358878f40-851835776-executor-3, groupId=spark-kafka-source-48f3c853-50bf-439b-8a2e-4da358878f40-851835776-executor] Seeking to earliest offset of partition weather-topic-1
[2026-04-11T16:16:54.388+0000] {subprocess.py:106} INFO - 26/04/11 16:16:54 INFO SubscriptionState: [Consumer clientId=consumer-spark-kafka-source-48f3c853-50bf-439b-8a2e-4da358878f40-851835776-executor-2, groupId=spark-kafka-source-48f3c853-50bf-439b-8a2e-4da358878f40-851835776-executor] Seeking to earliest offset of partition weather-topic-2
[2026-04-11T16:16:54.388+0000] {subprocess.py:106} INFO - 26/04/11 16:16:54 INFO SubscriptionState: [Consumer clientId=consumer-spark-kafka-source-48f3c853-50bf-439b-8a2e-4da358878f40-851835776-executor-1, groupId=spark-kafka-source-48f3c853-50bf-439b-8a2e-4da358878f40-851835776-executor] Seeking to earliest offset of partition weather-topic-0
[2026-04-11T16:16:54.891+0000] {subprocess.py:106} INFO - 26/04/11 16:16:54 INFO SubscriptionState: [Consumer clientId=consumer-spark-kafka-source-48f3c853-50bf-439b-8a2e-4da358878f40-851835776-executor-3, groupId=spark-kafka-source-48f3c853-50bf-439b-8a2e-4da358878f40-851835776-executor] Resetting offset for partition weather-topic-1 to position FetchPosition{offset=0, offsetEpoch=Optional.empty, currentLeader=LeaderAndEpoch{leader=Optional[kafka:9092 (id: 1 rack: null)], epoch=0}}.
[2026-04-11T16:16:54.892+0000] {subprocess.py:106} INFO - 26/04/11 16:16:54 INFO SubscriptionState: [Consumer clientId=consumer-spark-kafka-source-48f3c853-50bf-439b-8a2e-4da358878f40-851835776-executor-1, groupId=spark-kafka-source-48f3c853-50bf-439b-8a2e-4da358878f40-851835776-executor] Resetting offset for partition weather-topic-0 to position FetchPosition{offset=0, offsetEpoch=Optional.empty, currentLeader=LeaderAndEpoch{leader=Optional[kafka:9092 (id: 1 rack: null)], epoch=0}}.
[2026-04-11T16:16:54.894+0000] {subprocess.py:106} INFO - 26/04/11 16:16:54 INFO SubscriptionState: [Consumer clientId=consumer-spark-kafka-source-48f3c853-50bf-439b-8a2e-4da358878f40-851835776-executor-3, groupId=spark-kafka-source-48f3c853-50bf-439b-8a2e-4da358878f40-851835776-executor] Seeking to latest offset of partition weather-topic-1
[2026-04-11T16:16:54.896+0000] {subprocess.py:106} INFO - 26/04/11 16:16:54 INFO SubscriptionState: [Consumer clientId=consumer-spark-kafka-source-48f3c853-50bf-439b-8a2e-4da358878f40-851835776-executor-1, groupId=spark-kafka-source-48f3c853-50bf-439b-8a2e-4da358878f40-851835776-executor] Seeking to latest offset of partition weather-topic-0
[2026-04-11T16:16:54.897+0000] {subprocess.py:106} INFO - 26/04/11 16:16:54 INFO SubscriptionState: [Consumer clientId=consumer-spark-kafka-source-48f3c853-50bf-439b-8a2e-4da358878f40-851835776-executor-2, groupId=spark-kafka-source-48f3c853-50bf-439b-8a2e-4da358878f40-851835776-executor] Resetting offset for partition weather-topic-2 to position FetchPosition{offset=0, offsetEpoch=Optional.empty, currentLeader=LeaderAndEpoch{leader=Optional[kafka:9092 (id: 1 rack: null)], epoch=0}}.
[2026-04-11T16:16:54.898+0000] {subprocess.py:106} INFO - 26/04/11 16:16:54 INFO SubscriptionState: [Consumer clientId=consumer-spark-kafka-source-48f3c853-50bf-439b-8a2e-4da358878f40-851835776-executor-2, groupId=spark-kafka-source-48f3c853-50bf-439b-8a2e-4da358878f40-851835776-executor] Seeking to latest offset of partition weather-topic-2
[2026-04-11T16:16:54.898+0000] {subprocess.py:106} INFO - 26/04/11 16:16:54 INFO SubscriptionState: [Consumer clientId=consumer-spark-kafka-source-48f3c853-50bf-439b-8a2e-4da358878f40-851835776-executor-1, groupId=spark-kafka-source-48f3c853-50bf-439b-8a2e-4da358878f40-851835776-executor] Resetting offset for partition weather-topic-0 to position FetchPosition{offset=10, offsetEpoch=Optional.empty, currentLeader=LeaderAndEpoch{leader=Optional[kafka:9092 (id: 1 rack: null)], epoch=0}}.
[2026-04-11T16:16:54.899+0000] {subprocess.py:106} INFO - 26/04/11 16:16:54 INFO SubscriptionState: [Consumer clientId=consumer-spark-kafka-source-48f3c853-50bf-439b-8a2e-4da358878f40-851835776-executor-3, groupId=spark-kafka-source-48f3c853-50bf-439b-8a2e-4da358878f40-851835776-executor] Resetting offset for partition weather-topic-1 to position FetchPosition{offset=16, offsetEpoch=Optional.empty, currentLeader=LeaderAndEpoch{leader=Optional[kafka:9092 (id: 1 rack: null)], epoch=0}}.
[2026-04-11T16:16:54.899+0000] {subprocess.py:106} INFO - 26/04/11 16:16:54 INFO SubscriptionState: [Consumer clientId=consumer-spark-kafka-source-48f3c853-50bf-439b-8a2e-4da358878f40-851835776-executor-2, groupId=spark-kafka-source-48f3c853-50bf-439b-8a2e-4da358878f40-851835776-executor] Resetting offset for partition weather-topic-2 to position FetchPosition{offset=12, offsetEpoch=Optional.empty, currentLeader=LeaderAndEpoch{leader=Optional[kafka:9092 (id: 1 rack: null)], epoch=0}}.
[2026-04-11T16:16:54.952+0000] {subprocess.py:106} INFO - 26/04/11 16:16:54 INFO MemoryStore: Block rdd_12_1 stored as values in memory (estimated size 3.1 KiB, free 1048.3 MiB)
[2026-04-11T16:16:54.953+0000] {subprocess.py:106} INFO - 26/04/11 16:16:54 INFO MemoryStore: Block rdd_12_0 stored as values in memory (estimated size 3.2 KiB, free 1048.3 MiB)
[2026-04-11T16:16:54.954+0000] {subprocess.py:106} INFO - 26/04/11 16:16:54 INFO MemoryStore: Block rdd_12_2 stored as values in memory (estimated size 3.7 KiB, free 1048.3 MiB)
[2026-04-11T16:16:54.972+0000] {subprocess.py:106} INFO - 26/04/11 16:16:54 INFO CodeGenerator: Code generated in 5.68878 ms
[2026-04-11T16:16:55.031+0000] {subprocess.py:106} INFO - 26/04/11 16:16:55 INFO CodeGenerator: Code generated in 37.958397 ms
[2026-04-11T16:16:55.035+0000] {subprocess.py:106} INFO - 26/04/11 16:16:55 INFO FileOutputCommitter: File Output Committer Algorithm version is 1
[2026-04-11T16:16:55.036+0000] {subprocess.py:106} INFO - 26/04/11 16:16:55 INFO FileOutputCommitter: File Output Committer Algorithm version is 1
[2026-04-11T16:16:55.037+0000] {subprocess.py:106} INFO - 26/04/11 16:16:55 INFO FileOutputCommitter: File Output Committer Algorithm version is 1
[2026-04-11T16:16:55.037+0000] {subprocess.py:106} INFO - 26/04/11 16:16:55 INFO FileOutputCommitter: FileOutputCommitter skip cleanup _temporary folders under output directory:false, ignore cleanup failures: false
[2026-04-11T16:16:55.038+0000] {subprocess.py:106} INFO - 26/04/11 16:16:55 INFO FileOutputCommitter: FileOutputCommitter skip cleanup _temporary folders under output directory:false, ignore cleanup failures: false
[2026-04-11T16:16:55.039+0000] {subprocess.py:106} INFO - 26/04/11 16:16:55 INFO FileOutputCommitter: FileOutputCommitter skip cleanup _temporary folders under output directory:false, ignore cleanup failures: false
[2026-04-11T16:16:55.039+0000] {subprocess.py:106} INFO - 26/04/11 16:16:55 INFO SQLHadoopMapReduceCommitProtocol: Using user defined output committer class org.apache.parquet.hadoop.ParquetOutputCommitter
[2026-04-11T16:16:55.040+0000] {subprocess.py:106} INFO - 26/04/11 16:16:55 INFO SQLHadoopMapReduceCommitProtocol: Using user defined output committer class org.apache.parquet.hadoop.ParquetOutputCommitter
[2026-04-11T16:16:55.040+0000] {subprocess.py:106} INFO - 26/04/11 16:16:55 INFO SQLHadoopMapReduceCommitProtocol: Using user defined output committer class org.apache.parquet.hadoop.ParquetOutputCommitter
[2026-04-11T16:16:55.041+0000] {subprocess.py:106} INFO - 26/04/11 16:16:55 INFO FileOutputCommitter: File Output Committer Algorithm version is 1
[2026-04-11T16:16:55.041+0000] {subprocess.py:106} INFO - 26/04/11 16:16:55 INFO FileOutputCommitter: File Output Committer Algorithm version is 1
[2026-04-11T16:16:55.042+0000] {subprocess.py:106} INFO - 26/04/11 16:16:55 INFO FileOutputCommitter: FileOutputCommitter skip cleanup _temporary folders under output directory:false, ignore cleanup failures: false
[2026-04-11T16:16:55.043+0000] {subprocess.py:106} INFO - 26/04/11 16:16:55 INFO FileOutputCommitter: File Output Committer Algorithm version is 1
[2026-04-11T16:16:55.043+0000] {subprocess.py:106} INFO - 26/04/11 16:16:55 INFO FileOutputCommitter: FileOutputCommitter skip cleanup _temporary folders under output directory:false, ignore cleanup failures: false
[2026-04-11T16:16:55.044+0000] {subprocess.py:106} INFO - 26/04/11 16:16:55 INFO FileOutputCommitter: FileOutputCommitter skip cleanup _temporary folders under output directory:false, ignore cleanup failures: false
[2026-04-11T16:16:55.044+0000] {subprocess.py:106} INFO - 26/04/11 16:16:55 INFO SQLHadoopMapReduceCommitProtocol: Using output committer class org.apache.parquet.hadoop.ParquetOutputCommitter
[2026-04-11T16:16:55.045+0000] {subprocess.py:106} INFO - 26/04/11 16:16:55 INFO SQLHadoopMapReduceCommitProtocol: Using output committer class org.apache.parquet.hadoop.ParquetOutputCommitter
[2026-04-11T16:16:55.045+0000] {subprocess.py:106} INFO - 26/04/11 16:16:55 INFO SQLHadoopMapReduceCommitProtocol: Using output committer class org.apache.parquet.hadoop.ParquetOutputCommitter
[2026-04-11T16:16:55.046+0000] {subprocess.py:106} INFO - 26/04/11 16:16:55 INFO CodecConfig: Compression: SNAPPY
[2026-04-11T16:16:55.046+0000] {subprocess.py:106} INFO - 26/04/11 16:16:55 INFO CodecConfig: Compression: SNAPPY
[2026-04-11T16:16:55.047+0000] {subprocess.py:106} INFO - 26/04/11 16:16:55 INFO CodecConfig: Compression: SNAPPY
[2026-04-11T16:16:55.051+0000] {subprocess.py:106} INFO - 26/04/11 16:16:55 INFO CodecConfig: Compression: SNAPPY
[2026-04-11T16:16:55.051+0000] {subprocess.py:106} INFO - 26/04/11 16:16:55 INFO CodecConfig: Compression: SNAPPY
[2026-04-11T16:16:55.052+0000] {subprocess.py:106} INFO - 26/04/11 16:16:55 INFO CodecConfig: Compression: SNAPPY
[2026-04-11T16:16:55.082+0000] {subprocess.py:106} INFO - 26/04/11 16:16:55 INFO ParquetOutputFormat: ParquetRecordWriter [block size: 134217728b, row group padding size: 8388608b, validating: false]
[2026-04-11T16:16:55.086+0000] {subprocess.py:106} INFO - 26/04/11 16:16:55 INFO ParquetOutputFormat: ParquetRecordWriter [block size: 134217728b, row group padding size: 8388608b, validating: false]
[2026-04-11T16:16:55.087+0000] {subprocess.py:106} INFO - 26/04/11 16:16:55 INFO ParquetOutputFormat: ParquetRecordWriter [block size: 134217728b, row group padding size: 8388608b, validating: false]
[2026-04-11T16:16:55.223+0000] {subprocess.py:106} INFO - 26/04/11 16:16:55 INFO CodecPool: Got brand-new compressor [.snappy]
[2026-04-11T16:16:55.224+0000] {subprocess.py:106} INFO - 26/04/11 16:16:55 INFO CodecPool: Got brand-new compressor [.snappy]
[2026-04-11T16:16:55.228+0000] {subprocess.py:106} INFO - 26/04/11 16:16:55 INFO CodecPool: Got brand-new compressor [.snappy]
[2026-04-11T16:16:56.053+0000] {subprocess.py:106} INFO - 26/04/11 16:16:56 INFO FileOutputCommitter: Saved output of task 'attempt_202604111616549130797494300489057_0002_m_000002_6' to hdfs://23133083thuyvan-master:9000/user/hive/lakehouse/bronze/raw_api/_temporary/0/task_202604111616549130797494300489057_0002_m_000002
[2026-04-11T16:16:56.054+0000] {subprocess.py:106} INFO - 26/04/11 16:16:56 INFO SparkHadoopMapRedUtil: attempt_202604111616549130797494300489057_0002_m_000002_6: Committed. Elapsed time: 15 ms.
[2026-04-11T16:16:56.057+0000] {subprocess.py:106} INFO - 26/04/11 16:16:56 INFO KafkaDataConsumer: From Kafka topicPartition=weather-topic-2 groupId=spark-kafka-source-48f3c853-50bf-439b-8a2e-4da358878f40-851835776-executor read 6 records through 1 polls (polled out 12 records), taking 512.368899 ms, during time span of 1675.3567 ms.
[2026-04-11T16:16:56.075+0000] {subprocess.py:106} INFO - 26/04/11 16:16:56 INFO Executor: Finished task 2.0 in stage 2.0 (TID 6). 3367 bytes result sent to driver
[2026-04-11T16:16:56.081+0000] {subprocess.py:106} INFO - 26/04/11 16:16:56 INFO TaskSetManager: Finished task 2.0 in stage 2.0 (TID 6) in 1936 ms on spark-master (executor driver) (1/3)
[2026-04-11T16:16:56.430+0000] {subprocess.py:106} INFO - 26/04/11 16:16:56 INFO FileOutputCommitter: Saved output of task 'attempt_202604111616549130797494300489057_0002_m_000000_4' to hdfs://23133083thuyvan-master:9000/user/hive/lakehouse/bronze/raw_api/_temporary/0/task_202604111616549130797494300489057_0002_m_000000
[2026-04-11T16:16:56.431+0000] {subprocess.py:106} INFO - 26/04/11 16:16:56 INFO SparkHadoopMapRedUtil: attempt_202604111616549130797494300489057_0002_m_000000_4: Committed. Elapsed time: 6 ms.
[2026-04-11T16:16:56.435+0000] {subprocess.py:106} INFO - 26/04/11 16:16:56 INFO KafkaDataConsumer: From Kafka topicPartition=weather-topic-0 groupId=spark-kafka-source-48f3c853-50bf-439b-8a2e-4da358878f40-851835776-executor read 3 records through 1 polls (polled out 8 records), taking 510.843689 ms, during time span of 2049.662499 ms.
[2026-04-11T16:16:56.435+0000] {subprocess.py:106} INFO - 26/04/11 16:16:56 INFO FileOutputCommitter: Saved output of task 'attempt_202604111616549130797494300489057_0002_m_000001_5' to hdfs://23133083thuyvan-master:9000/user/hive/lakehouse/bronze/raw_api/_temporary/0/task_202604111616549130797494300489057_0002_m_000001
[2026-04-11T16:16:56.436+0000] {subprocess.py:106} INFO - 26/04/11 16:16:56 INFO SparkHadoopMapRedUtil: attempt_202604111616549130797494300489057_0002_m_000001_5: Committed. Elapsed time: 7 ms.
[2026-04-11T16:16:56.436+0000] {subprocess.py:106} INFO - 26/04/11 16:16:56 INFO Executor: Finished task 0.0 in stage 2.0 (TID 4). 3324 bytes result sent to driver
[2026-04-11T16:16:56.437+0000] {subprocess.py:106} INFO - 26/04/11 16:16:56 INFO KafkaDataConsumer: From Kafka topicPartition=weather-topic-1 groupId=spark-kafka-source-48f3c853-50bf-439b-8a2e-4da358878f40-851835776-executor read 2 records through 1 polls (polled out 12 records), taking 511.106974 ms, during time span of 2051.668411 ms.
[2026-04-11T16:16:56.437+0000] {subprocess.py:106} INFO - 26/04/11 16:16:56 INFO TaskSetManager: Finished task 0.0 in stage 2.0 (TID 4) in 2296 ms on spark-master (executor driver) (2/3)
[2026-04-11T16:16:56.438+0000] {subprocess.py:106} INFO - 26/04/11 16:16:56 INFO Executor: Finished task 1.0 in stage 2.0 (TID 5). 3324 bytes result sent to driver
[2026-04-11T16:16:56.438+0000] {subprocess.py:106} INFO - 26/04/11 16:16:56 INFO TaskSetManager: Finished task 1.0 in stage 2.0 (TID 5) in 2296 ms on spark-master (executor driver) (3/3)
[2026-04-11T16:16:56.439+0000] {subprocess.py:106} INFO - 26/04/11 16:16:56 INFO TaskSchedulerImpl: Removed TaskSet 2.0 whose tasks have all completed, from pool
[2026-04-11T16:16:56.439+0000] {subprocess.py:106} INFO - 26/04/11 16:16:56 INFO DAGScheduler: ResultStage 2 (start at NativeMethodAccessorImpl.java:0) finished in 2378 ms
[2026-04-11T16:16:56.440+0000] {subprocess.py:106} INFO - 26/04/11 16:16:56 INFO DAGScheduler: Job 1 is finished. Cancelling potential speculative or zombie tasks for this job
[2026-04-11T16:16:56.440+0000] {subprocess.py:106} INFO - 26/04/11 16:16:56 INFO TaskSchedulerImpl: Canceling stage 2
[2026-04-11T16:16:56.441+0000] {subprocess.py:106} INFO - 26/04/11 16:16:56 INFO TaskSchedulerImpl: Killing all running tasks in stage 2: Stage finished
[2026-04-11T16:16:56.441+0000] {subprocess.py:106} INFO - 26/04/11 16:16:56 INFO DAGScheduler: Job 1 finished: start at NativeMethodAccessorImpl.java:0, took 2386.487607 ms
[2026-04-11T16:16:56.442+0000] {subprocess.py:106} INFO - 26/04/11 16:16:56 INFO FileFormatWriter: Start to commit write Job fd66d6cd-63bb-4136-ac5e-c9a364ac72d2.
[2026-04-11T16:16:56.484+0000] {subprocess.py:106} INFO - 26/04/11 16:16:56 INFO FileFormatWriter: Write Job fd66d6cd-63bb-4136-ac5e-c9a364ac72d2 committed. Elapsed time: 43 ms.
[2026-04-11T16:16:56.487+0000] {subprocess.py:106} INFO - 26/04/11 16:16:56 INFO FileFormatWriter: Finished processing stats for write job fd66d6cd-63bb-4136-ac5e-c9a364ac72d2.
[2026-04-11T16:16:56.502+0000] {subprocess.py:106} INFO - 26/04/11 16:16:56 INFO CatalogUtil: Loading custom FileIO implementation: org.apache.iceberg.hadoop.HadoopFileIO
[2026-04-11T16:16:56.535+0000] {subprocess.py:106} INFO - 26/04/11 16:16:56 INFO BaseMetastoreTableOperations: Refreshing table metadata from new version: hdfs://23133083thuyvan-master:9000/user/hive/lakehouse/test1_db.db/weather_real_time/metadata/00007-3829dda7-ac2d-4c63-938c-40b198c017c3.metadata.json
[2026-04-11T16:16:56.546+0000] {subprocess.py:106} INFO - 26/04/11 16:16:56 INFO BaseMetastoreCatalog: Table loaded by catalog: iceberg.test1_db.weather_real_time
[2026-04-11T16:16:56.669+0000] {subprocess.py:106} INFO - 26/04/11 16:16:56 ERROR MicroBatchExecution: Query [id = 86592a85-8761-4cc9-a3b1-f4466c23cb1d, runId = 821380dc-621c-4186-9995-05bab4017d70] terminated with error
[2026-04-11T16:16:56.670+0000] {subprocess.py:106} INFO - org.apache.spark.sql.execution.streaming.sources.ForeachBatchUserFuncException: [FOREACH_BATCH_USER_FUNCTION_ERROR] An error occurred in the user provided function in foreach batch sink. Reason: An exception was raised by the Python Proxy. Return Message: Traceback (most recent call last):
[2026-04-11T16:16:56.670+0000] {subprocess.py:106} INFO -   File "/home/spark/spark/python/lib/py4j-0.10.9.9-src.zip/py4j/clientserver.py", line 644, in _call_proxy
[2026-04-11T16:16:56.671+0000] {subprocess.py:106} INFO -     return_value = getattr(self.pool[obj_id], method)(*params)
[2026-04-11T16:16:56.671+0000] {subprocess.py:106} INFO -   File "/home/spark/spark/python/lib/pyspark.zip/pyspark/sql/utils.py", line 165, in call
[2026-04-11T16:16:56.672+0000] {subprocess.py:106} INFO -     raise e
[2026-04-11T16:16:56.672+0000] {subprocess.py:106} INFO -   File "/home/spark/spark/python/lib/pyspark.zip/pyspark/sql/utils.py", line 162, in call
[2026-04-11T16:16:56.673+0000] {subprocess.py:106} INFO -     self.func(DataFrame(jdf, wrapped_session_jdf), batch_id)
[2026-04-11T16:16:56.673+0000] {subprocess.py:106} INFO -   File "/home/spark/spark/spark_jobs/weather_streaming.py", line 111, in write_to_bronze_and_silver
[2026-04-11T16:16:56.674+0000] {subprocess.py:106} INFO -     .save("iceberg.test1_db.weather_real_time")
[2026-04-11T16:16:56.674+0000] {subprocess.py:106} INFO -   File "/home/spark/spark/python/lib/pyspark.zip/pyspark/sql/readwriter.py", line 1745, in save
[2026-04-11T16:16:56.675+0000] {subprocess.py:106} INFO -     self._jwrite.save(path)
[2026-04-11T16:16:56.676+0000] {subprocess.py:106} INFO -   File "/home/spark/spark/python/lib/py4j-0.10.9.9-src.zip/py4j/java_gateway.py", line 1362, in __call__
[2026-04-11T16:16:56.676+0000] {subprocess.py:106} INFO -     return_value = get_return_value(
[2026-04-11T16:16:56.677+0000] {subprocess.py:106} INFO -   File "/home/spark/spark/python/lib/pyspark.zip/pyspark/errors/exceptions/captured.py", line 288, in deco
[2026-04-11T16:16:56.677+0000] {subprocess.py:106} INFO -     raise converted from None
[2026-04-11T16:16:56.678+0000] {subprocess.py:106} INFO - pyspark.errors.exceptions.captured.AnalysisException: [INSERT_COLUMN_ARITY_MISMATCH.TOO_MANY_DATA_COLUMNS] Cannot write to `iceberg`.`test1_db`.`weather_real_time`, the reason is too many data columns:
[2026-04-11T16:16:56.678+0000] {subprocess.py:106} INFO - Table columns: `timestamp`, `location`, `latitude`, `longitude`, `temperature_2m`, `relative_humidity_2m`, `apparent_temperature`, `precipitation`, `cloud_cover`, `wind_speed_10m`, `wind_direction_10m`, `wind_gusts_10m`, `uv_index`, `weather_code`, `european_aqi`, `us_aqi`, `pm10`, `pm2_5`, `carbon_monoxide`, `nitrogen_dioxide`, `sulphur_dioxide`, `ozone`, `processing_time`.
[2026-04-11T16:16:56.679+0000] {subprocess.py:106} INFO - Data columns: `timestamp`, `location`, `latitude`, `longitude`, `temperature_2m`, `relative_humidity_2m`, `apparent_temperature`, `precipitation`, `cloud_cover`, `wind_speed_10m`, `wind_direction_10m`, `wind_gusts_10m`, `uv_index`, `weather_code`, `european_aqi`, `us_aqi`, `pm10`, `pm2_5`, `carbon_monoxide`, `nitrogen_dioxide`, `sulphur_dioxide`, `ozone`, `processing_time`, `data_source`. SQLSTATE: 21S01
[2026-04-11T16:16:56.679+0000] {subprocess.py:106} INFO -  SQLSTATE: 39000
[2026-04-11T16:16:56.680+0000] {subprocess.py:106} INFO - 	at org.apache.spark.sql.execution.streaming.sources.ForeachBatchSink.callBatchWriter(ForeachBatchSink.scala:60)
[2026-04-11T16:16:56.680+0000] {subprocess.py:106} INFO - 	at org.apache.spark.sql.execution.streaming.sources.ForeachBatchSink.addBatch(ForeachBatchSink.scala:49)
[2026-04-11T16:16:56.681+0000] {subprocess.py:106} INFO - 	at org.apache.spark.sql.execution.streaming.MicroBatchExecution.$anonfun$runBatch$17(MicroBatchExecution.scala:889)
[2026-04-11T16:16:56.681+0000] {subprocess.py:106} INFO - 	at org.apache.spark.sql.execution.SQLExecution$.$anonfun$withNewExecutionId0$8(SQLExecution.scala:163)
[2026-04-11T16:16:56.682+0000] {subprocess.py:106} INFO - 	at org.apache.spark.sql.execution.SQLExecution$.withSessionTagsApplied(SQLExecution.scala:272)
[2026-04-11T16:16:56.683+0000] {subprocess.py:106} INFO - 	at org.apache.spark.sql.execution.SQLExecution$.$anonfun$withNewExecutionId0$7(SQLExecution.scala:125)
[2026-04-11T16:16:56.683+0000] {subprocess.py:106} INFO - 	at org.apache.spark.JobArtifactSet$.withActiveJobArtifactState(JobArtifactSet.scala:94)
[2026-04-11T16:16:56.684+0000] {subprocess.py:106} INFO - 	at org.apache.spark.sql.artifact.ArtifactManager.$anonfun$withResources$1(ArtifactManager.scala:112)
[2026-04-11T16:16:56.684+0000] {subprocess.py:106} INFO - 	at org.apache.spark.sql.artifact.ArtifactManager.withClassLoaderIfNeeded(ArtifactManager.scala:106)
[2026-04-11T16:16:56.685+0000] {subprocess.py:106} INFO - 	at org.apache.spark.sql.artifact.ArtifactManager.withResources(ArtifactManager.scala:111)
[2026-04-11T16:16:56.686+0000] {subprocess.py:106} INFO - 	at org.apache.spark.sql.execution.SQLExecution$.$anonfun$withNewExecutionId0$6(SQLExecution.scala:125)
[2026-04-11T16:16:56.686+0000] {subprocess.py:106} INFO - 	at org.apache.spark.sql.execution.SQLExecution$.withSQLConfPropagated(SQLExecution.scala:295)
[2026-04-11T16:16:56.687+0000] {subprocess.py:106} INFO - 	at org.apache.spark.sql.execution.SQLExecution$.$anonfun$withNewExecutionId0$1(SQLExecution.scala:124)
[2026-04-11T16:16:56.687+0000] {subprocess.py:106} INFO - 	at org.apache.spark.sql.SparkSession.withActive(SparkSession.scala:804)
[2026-04-11T16:16:56.688+0000] {subprocess.py:106} INFO - 	at org.apache.spark.sql.execution.SQLExecution$.withNewExecutionId0(SQLExecution.scala:78)
[2026-04-11T16:16:56.688+0000] {subprocess.py:106} INFO - 	at org.apache.spark.sql.execution.SQLExecution$.withNewExecutionId(SQLExecution.scala:237)
[2026-04-11T16:16:56.689+0000] {subprocess.py:106} INFO - 	at org.apache.spark.sql.execution.streaming.MicroBatchExecution.$anonfun$runBatch$16(MicroBatchExecution.scala:886)
[2026-04-11T16:16:56.689+0000] {subprocess.py:106} INFO - 	at org.apache.spark.sql.execution.streaming.ProgressContext.reportTimeTaken(ProgressReporter.scala:186)
[2026-04-11T16:16:56.690+0000] {subprocess.py:106} INFO - 	at org.apache.spark.sql.execution.streaming.MicroBatchExecution.runBatch(MicroBatchExecution.scala:886)
[2026-04-11T16:16:56.690+0000] {subprocess.py:106} INFO - 	at org.apache.spark.sql.execution.streaming.MicroBatchExecution.$anonfun$executeOneBatch$2(MicroBatchExecution.scala:394)
[2026-04-11T16:16:56.691+0000] {subprocess.py:106} INFO - 	at scala.runtime.java8.JFunction0$mcV$sp.apply(JFunction0$mcV$sp.scala:18)
[2026-04-11T16:16:56.691+0000] {subprocess.py:106} INFO - 	at org.apache.spark.sql.execution.streaming.ProgressContext.reportTimeTaken(ProgressReporter.scala:186)
[2026-04-11T16:16:56.692+0000] {subprocess.py:106} INFO - 	at org.apache.spark.sql.execution.streaming.MicroBatchExecution.executeOneBatch(MicroBatchExecution.scala:364)
[2026-04-11T16:16:56.692+0000] {subprocess.py:106} INFO - 	at org.apache.spark.sql.execution.streaming.MicroBatchExecution.$anonfun$runActivatedStream$1(MicroBatchExecution.scala:344)
[2026-04-11T16:16:56.693+0000] {subprocess.py:106} INFO - 	at org.apache.spark.sql.execution.streaming.MicroBatchExecution.$anonfun$runActivatedStream$1$adapted(MicroBatchExecution.scala:344)
[2026-04-11T16:16:56.693+0000] {subprocess.py:106} INFO - 	at org.apache.spark.sql.execution.streaming.TriggerExecutor.runOneBatch(TriggerExecutor.scala:39)
[2026-04-11T16:16:56.694+0000] {subprocess.py:106} INFO - 	at org.apache.spark.sql.execution.streaming.TriggerExecutor.runOneBatch$(TriggerExecutor.scala:37)
[2026-04-11T16:16:56.694+0000] {subprocess.py:106} INFO - 	at org.apache.spark.sql.execution.streaming.ProcessingTimeExecutor.runOneBatch(TriggerExecutor.scala:70)
[2026-04-11T16:16:56.695+0000] {subprocess.py:106} INFO - 	at org.apache.spark.sql.execution.streaming.ProcessingTimeExecutor.execute(TriggerExecutor.scala:82)
[2026-04-11T16:16:56.695+0000] {subprocess.py:106} INFO - 	at org.apache.spark.sql.execution.streaming.MicroBatchExecution.runActivatedStream(MicroBatchExecution.scala:344)
[2026-04-11T16:16:56.696+0000] {subprocess.py:106} INFO - 	at org.apache.spark.sql.execution.streaming.StreamExecution.$anonfun$runStream$1(StreamExecution.scala:337)
[2026-04-11T16:16:56.696+0000] {subprocess.py:106} INFO - 	at scala.runtime.java8.JFunction0$mcV$sp.apply(JFunction0$mcV$sp.scala:18)
[2026-04-11T16:16:56.697+0000] {subprocess.py:106} INFO - 	at org.apache.spark.sql.SparkSession.withActive(SparkSession.scala:804)
[2026-04-11T16:16:56.697+0000] {subprocess.py:106} INFO - 	at org.apache.spark.sql.execution.streaming.StreamExecution.org$apache$spark$sql$execution$streaming$StreamExecution$$runStream(StreamExecution.scala:311)
[2026-04-11T16:16:56.698+0000] {subprocess.py:106} INFO - 	at org.apache.spark.sql.execution.streaming.StreamExecution$$anon$1.run(StreamExecution.scala:226)
[2026-04-11T16:16:56.698+0000] {subprocess.py:106} INFO - Caused by: py4j.Py4JException: An exception was raised by the Python Proxy. Return Message: Traceback (most recent call last):
[2026-04-11T16:16:56.698+0000] {subprocess.py:106} INFO -   File "/home/spark/spark/python/lib/py4j-0.10.9.9-src.zip/py4j/clientserver.py", line 644, in _call_proxy
[2026-04-11T16:16:56.699+0000] {subprocess.py:106} INFO -     return_value = getattr(self.pool[obj_id], method)(*params)
[2026-04-11T16:16:56.699+0000] {subprocess.py:106} INFO -   File "/home/spark/spark/python/lib/pyspark.zip/pyspark/sql/utils.py", line 165, in call
[2026-04-11T16:16:56.700+0000] {subprocess.py:106} INFO -     raise e
[2026-04-11T16:16:56.700+0000] {subprocess.py:106} INFO -   File "/home/spark/spark/python/lib/pyspark.zip/pyspark/sql/utils.py", line 162, in call
[2026-04-11T16:16:56.700+0000] {subprocess.py:106} INFO -     self.func(DataFrame(jdf, wrapped_session_jdf), batch_id)
[2026-04-11T16:16:56.701+0000] {subprocess.py:106} INFO -   File "/home/spark/spark/spark_jobs/weather_streaming.py", line 111, in write_to_bronze_and_silver
[2026-04-11T16:16:56.701+0000] {subprocess.py:106} INFO -     .save("iceberg.test1_db.weather_real_time")
[2026-04-11T16:16:56.702+0000] {subprocess.py:106} INFO -   File "/home/spark/spark/python/lib/pyspark.zip/pyspark/sql/readwriter.py", line 1745, in save
[2026-04-11T16:16:56.702+0000] {subprocess.py:106} INFO -     self._jwrite.save(path)
[2026-04-11T16:16:56.703+0000] {subprocess.py:106} INFO -   File "/home/spark/spark/python/lib/py4j-0.10.9.9-src.zip/py4j/java_gateway.py", line 1362, in __call__
[2026-04-11T16:16:56.704+0000] {subprocess.py:106} INFO -     return_value = get_return_value(
[2026-04-11T16:16:56.704+0000] {subprocess.py:106} INFO -   File "/home/spark/spark/python/lib/pyspark.zip/pyspark/errors/exceptions/captured.py", line 288, in deco
[2026-04-11T16:16:56.705+0000] {subprocess.py:106} INFO -     raise converted from None
[2026-04-11T16:16:56.706+0000] {subprocess.py:106} INFO - pyspark.errors.exceptions.captured.AnalysisException: [INSERT_COLUMN_ARITY_MISMATCH.TOO_MANY_DATA_COLUMNS] Cannot write to `iceberg`.`test1_db`.`weather_real_time`, the reason is too many data columns:
[2026-04-11T16:16:56.706+0000] {subprocess.py:106} INFO - Table columns: `timestamp`, `location`, `latitude`, `longitude`, `temperature_2m`, `relative_humidity_2m`, `apparent_temperature`, `precipitation`, `cloud_cover`, `wind_speed_10m`, `wind_direction_10m`, `wind_gusts_10m`, `uv_index`, `weather_code`, `european_aqi`, `us_aqi`, `pm10`, `pm2_5`, `carbon_monoxide`, `nitrogen_dioxide`, `sulphur_dioxide`, `ozone`, `processing_time`.
[2026-04-11T16:16:56.707+0000] {subprocess.py:106} INFO - Data columns: `timestamp`, `location`, `latitude`, `longitude`, `temperature_2m`, `relative_humidity_2m`, `apparent_temperature`, `precipitation`, `cloud_cover`, `wind_speed_10m`, `wind_direction_10m`, `wind_gusts_10m`, `uv_index`, `weather_code`, `european_aqi`, `us_aqi`, `pm10`, `pm2_5`, `carbon_monoxide`, `nitrogen_dioxide`, `sulphur_dioxide`, `ozone`, `processing_time`, `data_source`. SQLSTATE: 21S01
[2026-04-11T16:16:56.707+0000] {subprocess.py:106} INFO - 
[2026-04-11T16:16:56.707+0000] {subprocess.py:106} INFO - 	at py4j.Protocol.getReturnValue(Protocol.java:476)
[2026-04-11T16:16:56.708+0000] {subprocess.py:106} INFO - 	at py4j.reflection.PythonProxyHandler.invoke(PythonProxyHandler.java:108)
[2026-04-11T16:16:56.708+0000] {subprocess.py:106} INFO - 	at jdk.proxy3/jdk.proxy3.$Proxy49.call(Unknown Source)
[2026-04-11T16:16:56.708+0000] {subprocess.py:106} INFO - 	at org.apache.spark.sql.execution.streaming.sources.PythonForeachBatchHelper$.$anonfun$callForeachBatch$1(ForeachBatchSink.scala:87)
[2026-04-11T16:16:56.709+0000] {subprocess.py:106} INFO - 	at org.apache.spark.sql.execution.streaming.sources.PythonForeachBatchHelper$.$anonfun$callForeachBatch$1$adapted(ForeachBatchSink.scala:87)
[2026-04-11T16:16:56.709+0000] {subprocess.py:106} INFO - 	at org.apache.spark.sql.execution.streaming.sources.ForeachBatchSink.callBatchWriter(ForeachBatchSink.scala:56)
[2026-04-11T16:16:56.710+0000] {subprocess.py:106} INFO - 	... 34 more
[2026-04-11T16:16:56.710+0000] {subprocess.py:106} INFO - 26/04/11 16:16:56 INFO MicroBatchExecution: Async log purge executor pool for query [id = 86592a85-8761-4cc9-a3b1-f4466c23cb1d, runId = 821380dc-621c-4186-9995-05bab4017d70] has been shutdown
[2026-04-11T16:16:56.783+0000] {subprocess.py:106} INFO - Traceback (most recent call last):
[2026-04-11T16:16:56.783+0000] {subprocess.py:106} INFO -   File "/home/spark/spark/spark_jobs/weather_streaming.py", line 123, in <module>
[2026-04-11T16:16:56.785+0000] {subprocess.py:106} INFO -     query.awaitTermination()
[2026-04-11T16:16:56.786+0000] {subprocess.py:106} INFO -   File "/home/spark/spark/python/lib/pyspark.zip/pyspark/sql/streaming/query.py", line 225, in awaitTermination
[2026-04-11T16:16:56.786+0000] {subprocess.py:106} INFO -   File "/home/spark/spark/python/lib/py4j-0.10.9.9-src.zip/py4j/java_gateway.py", line 1362, in __call__
[2026-04-11T16:16:56.787+0000] {subprocess.py:106} INFO -   File "/home/spark/spark/python/lib/pyspark.zip/pyspark/errors/exceptions/captured.py", line 288, in deco
[2026-04-11T16:16:56.789+0000] {subprocess.py:106} INFO - pyspark.errors.exceptions.captured.StreamingQueryException: [STREAM_FAILED] Query [id = 86592a85-8761-4cc9-a3b1-f4466c23cb1d, runId = 821380dc-621c-4186-9995-05bab4017d70] terminated with exception: [FOREACH_BATCH_USER_FUNCTION_ERROR] An error occurred in the user provided function in foreach batch sink. Reason: An exception was raised by the Python Proxy. Return Message: Traceback (most recent call last):
[2026-04-11T16:16:56.789+0000] {subprocess.py:106} INFO -   File "/home/spark/spark/python/lib/py4j-0.10.9.9-src.zip/py4j/clientserver.py", line 644, in _call_proxy
[2026-04-11T16:16:56.790+0000] {subprocess.py:106} INFO -     return_value = getattr(self.pool[obj_id], method)(*params)
[2026-04-11T16:16:56.790+0000] {subprocess.py:106} INFO -   File "/home/spark/spark/python/lib/pyspark.zip/pyspark/sql/utils.py", line 165, in call
[2026-04-11T16:16:56.790+0000] {subprocess.py:106} INFO -     raise e
[2026-04-11T16:16:56.791+0000] {subprocess.py:106} INFO -   File "/home/spark/spark/python/lib/pyspark.zip/pyspark/sql/utils.py", line 162, in call
[2026-04-11T16:16:56.791+0000] {subprocess.py:106} INFO -     self.func(DataFrame(jdf, wrapped_session_jdf), batch_id)
[2026-04-11T16:16:56.792+0000] {subprocess.py:106} INFO -   File "/home/spark/spark/spark_jobs/weather_streaming.py", line 111, in write_to_bronze_and_silver
[2026-04-11T16:16:56.792+0000] {subprocess.py:106} INFO -     .save("iceberg.test1_db.weather_real_time")
[2026-04-11T16:16:56.792+0000] {subprocess.py:106} INFO -   File "/home/spark/spark/python/lib/pyspark.zip/pyspark/sql/readwriter.py", line 1745, in save
[2026-04-11T16:16:56.792+0000] {subprocess.py:106} INFO -     self._jwrite.save(path)
[2026-04-11T16:16:56.793+0000] {subprocess.py:106} INFO -   File "/home/spark/spark/python/lib/py4j-0.10.9.9-src.zip/py4j/java_gateway.py", line 1362, in __call__
[2026-04-11T16:16:56.793+0000] {subprocess.py:106} INFO -     return_value = get_return_value(
[2026-04-11T16:16:56.793+0000] {subprocess.py:106} INFO -   File "/home/spark/spark/python/lib/pyspark.zip/pyspark/errors/exceptions/captured.py", line 288, in deco
[2026-04-11T16:16:56.794+0000] {subprocess.py:106} INFO -     raise converted from None
[2026-04-11T16:16:56.794+0000] {subprocess.py:106} INFO - pyspark.errors.exceptions.captured.AnalysisException: [INSERT_COLUMN_ARITY_MISMATCH.TOO_MANY_DATA_COLUMNS] Cannot write to `iceberg`.`test1_db`.`weather_real_time`, the reason is too many data columns:
[2026-04-11T16:16:56.794+0000] {subprocess.py:106} INFO - Table columns: `timestamp`, `location`, `latitude`, `longitude`, `temperature_2m`, `relative_humidity_2m`, `apparent_temperature`, `precipitation`, `cloud_cover`, `wind_speed_10m`, `wind_direction_10m`, `wind_gusts_10m`, `uv_index`, `weather_code`, `european_aqi`, `us_aqi`, `pm10`, `pm2_5`, `carbon_monoxide`, `nitrogen_dioxide`, `sulphur_dioxide`, `ozone`, `processing_time`.
[2026-04-11T16:16:56.795+0000] {subprocess.py:106} INFO - Data columns: `timestamp`, `location`, `latitude`, `longitude`, `temperature_2m`, `relative_humidity_2m`, `apparent_temperature`, `precipitation`, `cloud_cover`, `wind_speed_10m`, `wind_direction_10m`, `wind_gusts_10m`, `uv_index`, `weather_code`, `european_aqi`, `us_aqi`, `pm10`, `pm2_5`, `carbon_monoxide`, `nitrogen_dioxide`, `sulphur_dioxide`, `ozone`, `processing_time`, `data_source`. SQLSTATE: 21S01
[2026-04-11T16:16:56.795+0000] {subprocess.py:106} INFO -  SQLSTATE: 39000 SQLSTATE: XXKST
[2026-04-11T16:16:56.795+0000] {subprocess.py:106} INFO - === Streaming Query ===
[2026-04-11T16:16:56.796+0000] {subprocess.py:106} INFO - Identifier: [id = 86592a85-8761-4cc9-a3b1-f4466c23cb1d, runId = 821380dc-621c-4186-9995-05bab4017d70]
[2026-04-11T16:16:56.796+0000] {subprocess.py:106} INFO - Current Committed Offsets: {KafkaV2[Subscribe[weather-topic]]: {"weather-topic":{"0":2,"1":4,"2":0}}}
[2026-04-11T16:16:56.796+0000] {subprocess.py:106} INFO - Current Available Offsets: {KafkaV2[Subscribe[weather-topic]]: {"weather-topic":{"0":5,"1":6,"2":6}}}
[2026-04-11T16:16:56.797+0000] {subprocess.py:106} INFO - 
[2026-04-11T16:16:56.797+0000] {subprocess.py:106} INFO - Current State: ACTIVE
[2026-04-11T16:16:56.797+0000] {subprocess.py:106} INFO - Thread State: RUNNABLE
[2026-04-11T16:16:56.798+0000] {subprocess.py:106} INFO - 
[2026-04-11T16:16:56.798+0000] {subprocess.py:106} INFO - Logical Plan:
[2026-04-11T16:16:56.798+0000] {subprocess.py:106} INFO - ~WriteToMicroBatchDataSourceV1 ForeachBatchSink, 86592a85-8761-4cc9-a3b1-f4466c23cb1d, [checkpointLocation=hdfs://23133083thuyvan-master:9000/user/hive/checkpoints/weather_real_time], Append
[2026-04-11T16:16:56.799+0000] {subprocess.py:106} INFO - +- ~Project [timestamp#39, location#17, latitude#18, longitude#19, temperature_2m#20, relative_humidity_2m#21, apparent_temperature#22, precipitation#23, cloud_cover#24, wind_speed_10m#25, wind_direction_10m#26, wind_gusts_10m#27, uv_index#28, weather_code#29, european_aqi#30, us_aqi#31, pm10#32, pm2_5#33, carbon_monoxide#34, nitrogen_dioxide#35, sulphur_dioxide#36, ozone#37, processing_time#38, open-meteo AS data_source#40]
[2026-04-11T16:16:56.799+0000] {subprocess.py:106} INFO -    +- ~Project [to_timestamp(timestamp#16, None, TimestampType, Some(GMT), true) AS timestamp#39, location#17, latitude#18, longitude#19, temperature_2m#20, relative_humidity_2m#21, apparent_temperature#22, precipitation#23, cloud_cover#24, wind_speed_10m#25, wind_direction_10m#26, wind_gusts_10m#27, uv_index#28, weather_code#29, european_aqi#30, us_aqi#31, pm10#32, pm2_5#33, carbon_monoxide#34, nitrogen_dioxide#35, sulphur_dioxide#36, ozone#37, processing_time#38]
[2026-04-11T16:16:56.799+0000] {subprocess.py:106} INFO -       +- ~Project [timestamp#16, location#17, latitude#18, longitude#19, temperature_2m#20, relative_humidity_2m#21, apparent_temperature#22, precipitation#23, cloud_cover#24, wind_speed_10m#25, wind_direction_10m#26, wind_gusts_10m#27, uv_index#28, weather_code#29, european_aqi#30, us_aqi#31, pm10#32, pm2_5#33, carbon_monoxide#34, nitrogen_dioxide#35, sulphur_dioxide#36, ozone#37, current_timestamp() AS processing_time#38]
[2026-04-11T16:16:56.800+0000] {subprocess.py:106} INFO -          +- ~Project [data#15.timestamp AS timestamp#16, data#15.location AS location#17, data#15.latitude AS latitude#18, data#15.longitude AS longitude#19, data#15.temperature_2m AS temperature_2m#20, data#15.relative_humidity_2m AS relative_humidity_2m#21, data#15.apparent_temperature AS apparent_temperature#22, data#15.precipitation AS precipitation#23, data#15.cloud_cover AS cloud_cover#24, data#15.wind_speed_10m AS wind_speed_10m#25, data#15.wind_direction_10m AS wind_direction_10m#26, data#15.wind_gusts_10m AS wind_gusts_10m#27, data#15.uv_index AS uv_index#28, data#15.weather_code AS weather_code#29, data#15.european_aqi AS european_aqi#30, data#15.us_aqi AS us_aqi#31, data#15.pm10 AS pm10#32, data#15.pm2_5 AS pm2_5#33, data#15.carbon_monoxide AS carbon_monoxide#34, data#15.nitrogen_dioxide AS nitrogen_dioxide#35, data#15.sulphur_dioxide AS sulphur_dioxide#36, data#15.ozone AS ozone#37]
[2026-04-11T16:16:56.800+0000] {subprocess.py:106} INFO -             +- ~Project [from_json(StructField(timestamp,StringType,true), StructField(location,StringType,true), StructField(latitude,DoubleType,true), StructField(longitude,DoubleType,true), StructField(temperature_2m,DoubleType,true), StructField(relative_humidity_2m,DoubleType,true), StructField(apparent_temperature,DoubleType,true), StructField(precipitation,DoubleType,true), StructField(cloud_cover,DoubleType,true), StructField(wind_speed_10m,DoubleType,true), StructField(wind_direction_10m,DoubleType,true), StructField(wind_gusts_10m,DoubleType,true), StructField(uv_index,DoubleType,true), StructField(weather_code,IntegerType,true), StructField(european_aqi,IntegerType,true), StructField(us_aqi,IntegerType,true), StructField(pm10,DoubleType,true), StructField(pm2_5,DoubleType,true), StructField(carbon_monoxide,DoubleType,true), StructField(nitrogen_dioxide,DoubleType,true), StructField(sulphur_dioxide,DoubleType,true), StructField(ozone,DoubleType,true), json#14, Some(GMT), false) AS data#15]
[2026-04-11T16:16:56.801+0000] {subprocess.py:106} INFO -                +- ~Project [cast(value#8 as string) AS json#14]
[2026-04-11T16:16:56.801+0000] {subprocess.py:106} INFO -                   +- ~StreamingDataSourceV2ScanRelation[key#7, value#8, topic#9, partition#10, offset#11L, timestamp#12, timestampType#13] KafkaTable
[2026-04-11T16:16:56.801+0000] {subprocess.py:106} INFO - 
[2026-04-11T16:16:56.846+0000] {subprocess.py:106} INFO - 26/04/11 16:16:56 INFO ConsumerCoordinator: [Consumer clientId=consumer-spark-kafka-source-48f3c853-50bf-439b-8a2e-4da358878f40-851835776-executor-1, groupId=spark-kafka-source-48f3c853-50bf-439b-8a2e-4da358878f40-851835776-executor] Resetting generation and member id due to: consumer pro-actively leaving the group
[2026-04-11T16:16:56.847+0000] {subprocess.py:106} INFO - 26/04/11 16:16:56 INFO ConsumerCoordinator: [Consumer clientId=consumer-spark-kafka-source-48f3c853-50bf-439b-8a2e-4da358878f40-851835776-executor-1, groupId=spark-kafka-source-48f3c853-50bf-439b-8a2e-4da358878f40-851835776-executor] Request joining group due to: consumer pro-actively leaving the group
[2026-04-11T16:16:56.852+0000] {subprocess.py:106} INFO - 26/04/11 16:16:56 INFO Metrics: Metrics scheduler closed
[2026-04-11T16:16:56.852+0000] {subprocess.py:106} INFO - 26/04/11 16:16:56 INFO Metrics: Closing reporter org.apache.kafka.common.metrics.JmxReporter
[2026-04-11T16:16:56.853+0000] {subprocess.py:106} INFO - 26/04/11 16:16:56 INFO Metrics: Closing reporter org.apache.kafka.common.telemetry.internals.ClientTelemetryReporter
[2026-04-11T16:16:56.853+0000] {subprocess.py:106} INFO - 26/04/11 16:16:56 INFO Metrics: Metrics reporters closed
[2026-04-11T16:16:56.863+0000] {subprocess.py:106} INFO - 26/04/11 16:16:56 INFO AppInfoParser: App info kafka.consumer for consumer-spark-kafka-source-48f3c853-50bf-439b-8a2e-4da358878f40-851835776-executor-1 unregistered
[2026-04-11T16:16:56.863+0000] {subprocess.py:106} INFO - 26/04/11 16:16:56 INFO ConsumerCoordinator: [Consumer clientId=consumer-spark-kafka-source-48f3c853-50bf-439b-8a2e-4da358878f40-851835776-executor-3, groupId=spark-kafka-source-48f3c853-50bf-439b-8a2e-4da358878f40-851835776-executor] Resetting generation and member id due to: consumer pro-actively leaving the group
[2026-04-11T16:16:56.864+0000] {subprocess.py:106} INFO - 26/04/11 16:16:56 INFO ConsumerCoordinator: [Consumer clientId=consumer-spark-kafka-source-48f3c853-50bf-439b-8a2e-4da358878f40-851835776-executor-3, groupId=spark-kafka-source-48f3c853-50bf-439b-8a2e-4da358878f40-851835776-executor] Request joining group due to: consumer pro-actively leaving the group
[2026-04-11T16:16:56.866+0000] {subprocess.py:106} INFO - 26/04/11 16:16:56 INFO Metrics: Metrics scheduler closed
[2026-04-11T16:16:56.867+0000] {subprocess.py:106} INFO - 26/04/11 16:16:56 INFO Metrics: Closing reporter org.apache.kafka.common.metrics.JmxReporter
[2026-04-11T16:16:56.867+0000] {subprocess.py:106} INFO - 26/04/11 16:16:56 INFO Metrics: Closing reporter org.apache.kafka.common.telemetry.internals.ClientTelemetryReporter
[2026-04-11T16:16:56.868+0000] {subprocess.py:106} INFO - 26/04/11 16:16:56 INFO Metrics: Metrics reporters closed
[2026-04-11T16:16:56.872+0000] {subprocess.py:106} INFO - 26/04/11 16:16:56 INFO AppInfoParser: App info kafka.consumer for consumer-spark-kafka-source-48f3c853-50bf-439b-8a2e-4da358878f40-851835776-executor-3 unregistered
[2026-04-11T16:16:56.873+0000] {subprocess.py:106} INFO - 26/04/11 16:16:56 INFO ConsumerCoordinator: [Consumer clientId=consumer-spark-kafka-source-48f3c853-50bf-439b-8a2e-4da358878f40-851835776-executor-2, groupId=spark-kafka-source-48f3c853-50bf-439b-8a2e-4da358878f40-851835776-executor] Resetting generation and member id due to: consumer pro-actively leaving the group
[2026-04-11T16:16:56.873+0000] {subprocess.py:106} INFO - 26/04/11 16:16:56 INFO ConsumerCoordinator: [Consumer clientId=consumer-spark-kafka-source-48f3c853-50bf-439b-8a2e-4da358878f40-851835776-executor-2, groupId=spark-kafka-source-48f3c853-50bf-439b-8a2e-4da358878f40-851835776-executor] Request joining group due to: consumer pro-actively leaving the group
[2026-04-11T16:16:56.877+0000] {subprocess.py:106} INFO - 26/04/11 16:16:56 INFO Metrics: Metrics scheduler closed
[2026-04-11T16:16:56.878+0000] {subprocess.py:106} INFO - 26/04/11 16:16:56 INFO Metrics: Closing reporter org.apache.kafka.common.metrics.JmxReporter
[2026-04-11T16:16:56.878+0000] {subprocess.py:106} INFO - 26/04/11 16:16:56 INFO Metrics: Closing reporter org.apache.kafka.common.telemetry.internals.ClientTelemetryReporter
[2026-04-11T16:16:56.879+0000] {subprocess.py:106} INFO - 26/04/11 16:16:56 INFO Metrics: Metrics reporters closed
[2026-04-11T16:16:56.884+0000] {subprocess.py:106} INFO - 26/04/11 16:16:56 INFO AppInfoParser: App info kafka.consumer for consumer-spark-kafka-source-48f3c853-50bf-439b-8a2e-4da358878f40-851835776-executor-2 unregistered
[2026-04-11T16:16:56.884+0000] {subprocess.py:106} INFO - 26/04/11 16:16:56 INFO SparkContext: Invoking stop() from shutdown hook
[2026-04-11T16:16:56.887+0000] {subprocess.py:106} INFO - 26/04/11 16:16:56 INFO SparkContext: SparkContext is stopping with exitCode 0 from run at Executors.java:572.
[2026-04-11T16:16:56.904+0000] {subprocess.py:106} INFO - 26/04/11 16:16:56 INFO SparkUI: Stopped Spark web UI at http://spark-master:4040
[2026-04-11T16:16:56.921+0000] {subprocess.py:106} INFO - 26/04/11 16:16:56 INFO MapOutputTrackerMasterEndpoint: MapOutputTrackerMasterEndpoint stopped!
[2026-04-11T16:16:56.938+0000] {subprocess.py:106} INFO - 26/04/11 16:16:56 INFO MemoryStore: MemoryStore cleared
[2026-04-11T16:16:56.938+0000] {subprocess.py:106} INFO - 26/04/11 16:16:56 INFO BlockManager: BlockManager stopped
[2026-04-11T16:16:56.942+0000] {subprocess.py:106} INFO - 26/04/11 16:16:56 INFO BlockManagerMaster: BlockManagerMaster stopped
[2026-04-11T16:16:56.946+0000] {subprocess.py:106} INFO - 26/04/11 16:16:56 INFO OutputCommitCoordinator$OutputCommitCoordinatorEndpoint: OutputCommitCoordinator stopped!
[2026-04-11T16:16:56.958+0000] {subprocess.py:106} INFO - 26/04/11 16:16:56 INFO SparkContext: Successfully stopped SparkContext
[2026-04-11T16:16:56.958+0000] {subprocess.py:106} INFO - 26/04/11 16:16:56 INFO ShutdownHookManager: Shutdown hook called
[2026-04-11T16:16:56.959+0000] {subprocess.py:106} INFO - 26/04/11 16:16:56 INFO ShutdownHookManager: Deleting directory /tmp/spark-81e74045-13f2-4ac6-b42c-bef43726f700/pyspark-70083120-048b-4140-935c-93b9e3c7cf53
[2026-04-11T16:16:56.963+0000] {subprocess.py:106} INFO - 26/04/11 16:16:56 INFO ShutdownHookManager: Deleting directory /tmp/artifacts-52fd5c16-4532-4b68-9a04-7685435b934c
[2026-04-11T16:16:56.967+0000] {subprocess.py:106} INFO - 26/04/11 16:16:56 INFO ShutdownHookManager: Deleting directory /tmp/spark-81e74045-13f2-4ac6-b42c-bef43726f700
[2026-04-11T16:16:56.971+0000] {subprocess.py:106} INFO - 26/04/11 16:16:56 INFO ShutdownHookManager: Deleting directory /tmp/spark-e8fd5748-e9dd-4ee0-8c63-048168757cd3
[2026-04-11T16:16:57.072+0000] {subprocess.py:110} INFO - Command exited with return code 1
[2026-04-11T16:16:57.090+0000] {taskinstance.py:3311} ERROR - Task failed with exception
Traceback (most recent call last):
  File "/home/airflow/airflow/venv/lib/python3.12/site-packages/airflow/models/taskinstance.py", line 767, in _execute_task
    result = _execute_callable(context=context, **execute_callable_kwargs)
             ^^^^^^^^^^^^^^^^^^^^^^^^^^^^^^^^^^^^^^^^^^^^^^^^^^^^^^^^^^^^^
  File "/home/airflow/airflow/venv/lib/python3.12/site-packages/airflow/models/taskinstance.py", line 733, in _execute_callable
    return ExecutionCallableRunner(
           ^^^^^^^^^^^^^^^^^^^^^^^^
  File "/home/airflow/airflow/venv/lib/python3.12/site-packages/airflow/utils/operator_helpers.py", line 252, in run
    return self.func(*args, **kwargs)
           ^^^^^^^^^^^^^^^^^^^^^^^^^^
  File "/home/airflow/airflow/venv/lib/python3.12/site-packages/airflow/models/baseoperator.py", line 422, in wrapper
    return func(self, *args, **kwargs)
           ^^^^^^^^^^^^^^^^^^^^^^^^^^^
  File "/home/airflow/airflow/venv/lib/python3.12/site-packages/airflow/operators/bash.py", line 276, in execute
    raise AirflowException(
airflow.exceptions.AirflowException: Bash command failed. The command returned a non-zero exit code 1.
[2026-04-11T16:16:57.098+0000] {taskinstance.py:1225} INFO - Marking task as FAILED. dag_id=weather_real_time_pipeline_v2, task_id=start_spark_streaming_job, run_id=scheduled__2026-04-11T16:10:00+00:00, execution_date=20260411T161000, start_date=20260411T161635, end_date=20260411T161657
[2026-04-11T16:16:57.119+0000] {taskinstance.py:340} INFO - ::group::Post task execution logs
[2026-04-11T16:16:57.120+0000] {standard_task_runner.py:124} ERROR - Failed to execute job 222 for task start_spark_streaming_job (Bash command failed. The command returned a non-zero exit code 1.; 142007)
Traceback (most recent call last):
  File "/home/airflow/airflow/venv/lib/python3.12/site-packages/airflow/task/task_runner/standard_task_runner.py", line 117, in _start_by_fork
    ret = args.func(args, dag=self.dag)
          ^^^^^^^^^^^^^^^^^^^^^^^^^^^^^
  File "/home/airflow/airflow/venv/lib/python3.12/site-packages/airflow/cli/cli_config.py", line 49, in command
    return func(*args, **kwargs)
           ^^^^^^^^^^^^^^^^^^^^^
  File "/home/airflow/airflow/venv/lib/python3.12/site-packages/airflow/utils/cli.py", line 116, in wrapper
    return f(*args, **kwargs)
           ^^^^^^^^^^^^^^^^^^
  File "/home/airflow/airflow/venv/lib/python3.12/site-packages/airflow/cli/commands/task_command.py", line 483, in task_run
    task_return_code = _run_task_by_selected_method(args, _dag, ti)
                       ^^^^^^^^^^^^^^^^^^^^^^^^^^^^^^^^^^^^^^^^^^^^
  File "/home/airflow/airflow/venv/lib/python3.12/site-packages/airflow/cli/commands/task_command.py", line 256, in _run_task_by_selected_method
    return _run_raw_task(args, ti)
           ^^^^^^^^^^^^^^^^^^^^^^^
  File "/home/airflow/airflow/venv/lib/python3.12/site-packages/airflow/cli/commands/task_command.py", line 341, in _run_raw_task
    return ti._run_raw_task(
           ^^^^^^^^^^^^^^^^^
  File "/home/airflow/airflow/venv/lib/python3.12/site-packages/airflow/utils/session.py", line 97, in wrapper
    return func(*args, session=session, **kwargs)
           ^^^^^^^^^^^^^^^^^^^^^^^^^^^^^^^^^^^^^^
  File "/home/airflow/airflow/venv/lib/python3.12/site-packages/airflow/models/taskinstance.py", line 3005, in _run_raw_task
    return _run_raw_task(
           ^^^^^^^^^^^^^^
  File "/home/airflow/airflow/venv/lib/python3.12/site-packages/airflow/models/taskinstance.py", line 273, in _run_raw_task
    TaskInstance._execute_task_with_callbacks(
  File "/home/airflow/airflow/venv/lib/python3.12/site-packages/airflow/models/taskinstance.py", line 3159, in _execute_task_with_callbacks
    result = self._execute_task(context, task_orig)
             ^^^^^^^^^^^^^^^^^^^^^^^^^^^^^^^^^^^^^^
  File "/home/airflow/airflow/venv/lib/python3.12/site-packages/airflow/models/taskinstance.py", line 3183, in _execute_task
    return _execute_task(self, context, task_orig)
           ^^^^^^^^^^^^^^^^^^^^^^^^^^^^^^^^^^^^^^^
  File "/home/airflow/airflow/venv/lib/python3.12/site-packages/airflow/models/taskinstance.py", line 767, in _execute_task
    result = _execute_callable(context=context, **execute_callable_kwargs)
             ^^^^^^^^^^^^^^^^^^^^^^^^^^^^^^^^^^^^^^^^^^^^^^^^^^^^^^^^^^^^^
  File "/home/airflow/airflow/venv/lib/python3.12/site-packages/airflow/models/taskinstance.py", line 733, in _execute_callable
    return ExecutionCallableRunner(
           ^^^^^^^^^^^^^^^^^^^^^^^^
  File "/home/airflow/airflow/venv/lib/python3.12/site-packages/airflow/utils/operator_helpers.py", line 252, in run
    return self.func(*args, **kwargs)
           ^^^^^^^^^^^^^^^^^^^^^^^^^^
  File "/home/airflow/airflow/venv/lib/python3.12/site-packages/airflow/models/baseoperator.py", line 422, in wrapper
    return func(self, *args, **kwargs)
           ^^^^^^^^^^^^^^^^^^^^^^^^^^^
  File "/home/airflow/airflow/venv/lib/python3.12/site-packages/airflow/operators/bash.py", line 276, in execute
    raise AirflowException(
airflow.exceptions.AirflowException: Bash command failed. The command returned a non-zero exit code 1.
[2026-04-11T16:16:57.130+0000] {local_task_job_runner.py:266} INFO - Task exited with return code 1
[2026-04-11T16:16:57.153+0000] {taskinstance.py:3895} INFO - 0 downstream tasks scheduled from follow-on schedule check
[2026-04-11T16:16:57.156+0000] {local_task_job_runner.py:245} INFO - ::endgroup::
[2026-04-12T04:25:09.284+0000] {local_task_job_runner.py:123} INFO - ::group::Pre task execution logs
[2026-04-12T04:25:09.317+0000] {taskinstance.py:2613} INFO - Dependencies all met for dep_context=non-requeueable deps ti=<TaskInstance: weather_real_time_pipeline_v2.start_spark_streaming_job scheduled__2026-04-11T16:10:00+00:00 [queued]>
[2026-04-12T04:25:09.329+0000] {taskinstance.py:2613} INFO - Dependencies all met for dep_context=requeueable deps ti=<TaskInstance: weather_real_time_pipeline_v2.start_spark_streaming_job scheduled__2026-04-11T16:10:00+00:00 [queued]>
[2026-04-12T04:25:09.329+0000] {taskinstance.py:2866} INFO - Starting attempt 2 of 2
[2026-04-12T04:25:09.344+0000] {taskinstance.py:2889} INFO - Executing <Task(BashOperator): start_spark_streaming_job> on 2026-04-11 16:10:00+00:00
[2026-04-12T04:25:09.356+0000] {standard_task_runner.py:104} INFO - Running: ['airflow', 'tasks', 'run', 'weather_real_time_pipeline_v2', 'start_spark_streaming_job', 'scheduled__2026-04-11T16:10:00+00:00', '--job-id', '230', '--raw', '--subdir', 'DAGS_FOLDER/weather_pipeline_dag.py', '--cfg-path', '/tmp/tmpdtnsq5sb']
[2026-04-12T04:25:09.357+0000] {logging_mixin.py:190} WARNING - /home/airflow/airflow/venv/lib/python3.12/site-packages/airflow/task/task_runner/standard_task_runner.py:70 DeprecationWarning: This process (pid=11051) is multi-threaded, use of fork() may lead to deadlocks in the child.
[2026-04-12T04:25:09.359+0000] {standard_task_runner.py:105} INFO - Job 230: Subtask start_spark_streaming_job
[2026-04-12T04:25:09.359+0000] {standard_task_runner.py:72} INFO - Started process 11080 to run task
[2026-04-12T04:25:09.505+0000] {task_command.py:467} INFO - Running <TaskInstance: weather_real_time_pipeline_v2.start_spark_streaming_job scheduled__2026-04-11T16:10:00+00:00 [running]> on host airflow
[2026-04-12T04:25:09.623+0000] {taskinstance.py:3132} INFO - Exporting env vars: AIRFLOW_CTX_DAG_OWNER='airflow' AIRFLOW_CTX_DAG_ID='weather_real_time_pipeline_v2' AIRFLOW_CTX_TASK_ID='start_spark_streaming_job' AIRFLOW_CTX_EXECUTION_DATE='2026-04-11T16:10:00+00:00' AIRFLOW_CTX_TRY_NUMBER='2' AIRFLOW_CTX_DAG_RUN_ID='scheduled__2026-04-11T16:10:00+00:00'
[2026-04-12T04:25:09.625+0000] {taskinstance.py:731} INFO - ::endgroup::
[2026-04-12T04:25:09.644+0000] {subprocess.py:78} INFO - Tmp dir root location: /tmp
[2026-04-12T04:25:09.647+0000] {subprocess.py:88} INFO - Running command: ['/usr/bin/bash', '-c', 'docker exec spark-master spark-submit                 --packages org.apache.spark:spark-sql-kafka-0-10_2.13:4.0.0,org.apache.iceberg:iceberg-spark-runtime-4.0_2.13:1.10.1                 /home/spark/spark/spark_jobs/weather_streaming.py']
[2026-04-12T04:25:09.657+0000] {subprocess.py:99} INFO - Output:
[2026-04-12T04:25:10.256+0000] {subprocess.py:106} INFO - WARNING: Using incubator modules: jdk.incubator.vector
[2026-04-12T04:25:11.778+0000] {subprocess.py:106} INFO - :: loading settings :: url = jar:file:/home/spark/spark/jars/ivy-2.5.3.jar!/org/apache/ivy/core/settings/ivysettings.xml
[2026-04-12T04:25:11.896+0000] {subprocess.py:106} INFO - Ivy Default Cache set to: /home/spark/.ivy2.5.2/cache
[2026-04-12T04:25:11.897+0000] {subprocess.py:106} INFO - The jars for the packages stored in: /home/spark/.ivy2.5.2/jars
[2026-04-12T04:25:11.901+0000] {subprocess.py:106} INFO - org.apache.spark#spark-sql-kafka-0-10_2.13 added as a dependency
[2026-04-12T04:25:11.902+0000] {subprocess.py:106} INFO - org.apache.iceberg#iceberg-spark-runtime-4.0_2.13 added as a dependency
[2026-04-12T04:25:11.902+0000] {subprocess.py:106} INFO - :: resolving dependencies :: org.apache.spark#spark-submit-parent-74db266d-7799-42b1-8963-d6979e1af8ae;1.0
[2026-04-12T04:25:11.903+0000] {subprocess.py:106} INFO - 	confs: [default]
[2026-04-12T04:25:15.002+0000] {subprocess.py:106} INFO - 	found org.apache.spark#spark-sql-kafka-0-10_2.13;4.0.0 in central
[2026-04-12T04:25:15.498+0000] {subprocess.py:106} INFO - 	found org.apache.spark#spark-token-provider-kafka-0-10_2.13;4.0.0 in central
[2026-04-12T04:25:15.677+0000] {subprocess.py:106} INFO - 	found org.apache.kafka#kafka-clients;3.9.0 in central
[2026-04-12T04:25:15.818+0000] {subprocess.py:106} INFO - 	found org.lz4#lz4-java;1.8.0 in central
[2026-04-12T04:25:15.960+0000] {subprocess.py:106} INFO - 	found org.xerial.snappy#snappy-java;1.1.10.7 in central
[2026-04-12T04:25:17.757+0000] {subprocess.py:106} INFO - 	found org.slf4j#slf4j-api;2.0.16 in central
[2026-04-12T04:25:19.509+0000] {subprocess.py:106} INFO - 	found org.apache.hadoop#hadoop-client-runtime;3.4.1 in central
[2026-04-12T04:25:19.683+0000] {subprocess.py:106} INFO - 	found org.apache.hadoop#hadoop-client-api;3.4.1 in central
[2026-04-12T04:25:19.826+0000] {subprocess.py:106} INFO - 	found com.google.code.findbugs#jsr305;3.0.0 in central
[2026-04-12T04:25:19.962+0000] {subprocess.py:106} INFO - 	found org.scala-lang.modules#scala-parallel-collections_2.13;1.2.0 in central
[2026-04-12T04:25:22.492+0000] {subprocess.py:106} INFO - 	found org.apache.commons#commons-pool2;2.12.0 in central
[2026-04-12T04:25:22.621+0000] {subprocess.py:106} INFO - 	found org.apache.iceberg#iceberg-spark-runtime-4.0_2.13;1.10.1 in central
[2026-04-12T04:25:22.697+0000] {subprocess.py:106} INFO - downloading https://repo1.maven.org/maven2/org/apache/spark/spark-sql-kafka-0-10_2.13/4.0.0/spark-sql-kafka-0-10_2.13-4.0.0.jar ...
[2026-04-12T04:25:22.876+0000] {subprocess.py:106} INFO - 	[SUCCESSFUL ] org.apache.spark#spark-sql-kafka-0-10_2.13;4.0.0!spark-sql-kafka-0-10_2.13.jar (245ms)
[2026-04-12T04:25:22.928+0000] {subprocess.py:106} INFO - downloading https://repo1.maven.org/maven2/org/apache/iceberg/iceberg-spark-runtime-4.0_2.13/1.10.1/iceberg-spark-runtime-4.0_2.13-1.10.1.jar ...
[2026-04-12T04:25:26.298+0000] {subprocess.py:106} INFO - 	[SUCCESSFUL ] org.apache.iceberg#iceberg-spark-runtime-4.0_2.13;1.10.1!iceberg-spark-runtime-4.0_2.13.jar (3420ms)
[2026-04-12T04:25:26.355+0000] {subprocess.py:106} INFO - downloading https://repo1.maven.org/maven2/org/apache/spark/spark-token-provider-kafka-0-10_2.13/4.0.0/spark-token-provider-kafka-0-10_2.13-4.0.0.jar ...
[2026-04-12T04:25:26.417+0000] {subprocess.py:106} INFO - 	[SUCCESSFUL ] org.apache.spark#spark-token-provider-kafka-0-10_2.13;4.0.0!spark-token-provider-kafka-0-10_2.13.jar (118ms)
[2026-04-12T04:25:26.476+0000] {subprocess.py:106} INFO - downloading https://repo1.maven.org/maven2/org/scala-lang/modules/scala-parallel-collections_2.13/1.2.0/scala-parallel-collections_2.13-1.2.0.jar ...
[2026-04-12T04:25:27.570+0000] {subprocess.py:106} INFO - 	[SUCCESSFUL ] org.scala-lang.modules#scala-parallel-collections_2.13;1.2.0!scala-parallel-collections_2.13.jar (1151ms)
[2026-04-12T04:25:27.626+0000] {subprocess.py:106} INFO - downloading https://repo1.maven.org/maven2/org/apache/kafka/kafka-clients/3.9.0/kafka-clients-3.9.0.jar ...
[2026-04-12T04:25:28.326+0000] {subprocess.py:106} INFO - 	[SUCCESSFUL ] org.apache.kafka#kafka-clients;3.9.0!kafka-clients.jar (755ms)
[2026-04-12T04:25:28.381+0000] {subprocess.py:106} INFO - downloading https://repo1.maven.org/maven2/com/google/code/findbugs/jsr305/3.0.0/jsr305-3.0.0.jar ...
[2026-04-12T04:25:28.440+0000] {subprocess.py:106} INFO - 	[SUCCESSFUL ] com.google.code.findbugs#jsr305;3.0.0!jsr305.jar (114ms)
[2026-04-12T04:25:28.496+0000] {subprocess.py:106} INFO - downloading https://repo1.maven.org/maven2/org/apache/commons/commons-pool2/2.12.0/commons-pool2-2.12.0.jar ...
[2026-04-12T04:25:28.566+0000] {subprocess.py:106} INFO - 	[SUCCESSFUL ] org.apache.commons#commons-pool2;2.12.0!commons-pool2.jar (124ms)
[2026-04-12T04:25:28.622+0000] {subprocess.py:106} INFO - downloading https://repo1.maven.org/maven2/org/apache/hadoop/hadoop-client-runtime/3.4.1/hadoop-client-runtime-3.4.1.jar ...
[2026-04-12T04:25:30.290+0000] {subprocess.py:106} INFO - 	[SUCCESSFUL ] org.apache.hadoop#hadoop-client-runtime;3.4.1!hadoop-client-runtime.jar (1723ms)
[2026-04-12T04:25:30.342+0000] {subprocess.py:106} INFO - downloading https://repo1.maven.org/maven2/org/lz4/lz4-java/1.8.0/lz4-java-1.8.0.jar ...
[2026-04-12T04:25:30.556+0000] {subprocess.py:106} INFO - 	[SUCCESSFUL ] org.lz4#lz4-java;1.8.0!lz4-java.jar (263ms)
[2026-04-12T04:25:30.609+0000] {subprocess.py:106} INFO - downloading https://repo1.maven.org/maven2/org/xerial/snappy/snappy-java/1.1.10.7/snappy-java-1.1.10.7.jar ...
[2026-04-12T04:25:31.033+0000] {subprocess.py:106} INFO - 	[SUCCESSFUL ] org.xerial.snappy#snappy-java;1.1.10.7!snappy-java.jar(bundle) (476ms)
[2026-04-12T04:25:31.085+0000] {subprocess.py:106} INFO - downloading https://repo1.maven.org/maven2/org/slf4j/slf4j-api/2.0.16/slf4j-api-2.0.16.jar ...
[2026-04-12T04:25:31.145+0000] {subprocess.py:106} INFO - 	[SUCCESSFUL ] org.slf4j#slf4j-api;2.0.16!slf4j-api.jar (110ms)
[2026-04-12T04:25:31.198+0000] {subprocess.py:106} INFO - downloading https://repo1.maven.org/maven2/org/apache/hadoop/hadoop-client-api/3.4.1/hadoop-client-api-3.4.1.jar ...
[2026-04-12T04:25:32.493+0000] {subprocess.py:106} INFO - 	[SUCCESSFUL ] org.apache.hadoop#hadoop-client-api;3.4.1!hadoop-client-api.jar (1347ms)
[2026-04-12T04:25:32.494+0000] {subprocess.py:106} INFO - :: resolution report :: resolve 10727ms :: artifacts dl 9864ms
[2026-04-12T04:25:32.494+0000] {subprocess.py:106} INFO - 	:: modules in use:
[2026-04-12T04:25:32.495+0000] {subprocess.py:106} INFO - 	com.google.code.findbugs#jsr305;3.0.0 from central in [default]
[2026-04-12T04:25:32.496+0000] {subprocess.py:106} INFO - 	org.apache.commons#commons-pool2;2.12.0 from central in [default]
[2026-04-12T04:25:32.496+0000] {subprocess.py:106} INFO - 	org.apache.hadoop#hadoop-client-api;3.4.1 from central in [default]
[2026-04-12T04:25:32.497+0000] {subprocess.py:106} INFO - 	org.apache.hadoop#hadoop-client-runtime;3.4.1 from central in [default]
[2026-04-12T04:25:32.497+0000] {subprocess.py:106} INFO - 	org.apache.iceberg#iceberg-spark-runtime-4.0_2.13;1.10.1 from central in [default]
[2026-04-12T04:25:32.498+0000] {subprocess.py:106} INFO - 	org.apache.kafka#kafka-clients;3.9.0 from central in [default]
[2026-04-12T04:25:32.499+0000] {subprocess.py:106} INFO - 	org.apache.spark#spark-sql-kafka-0-10_2.13;4.0.0 from central in [default]
[2026-04-12T04:25:32.499+0000] {subprocess.py:106} INFO - 	org.apache.spark#spark-token-provider-kafka-0-10_2.13;4.0.0 from central in [default]
[2026-04-12T04:25:32.499+0000] {subprocess.py:106} INFO - 	org.lz4#lz4-java;1.8.0 from central in [default]
[2026-04-12T04:25:32.500+0000] {subprocess.py:106} INFO - 	org.scala-lang.modules#scala-parallel-collections_2.13;1.2.0 from central in [default]
[2026-04-12T04:25:32.500+0000] {subprocess.py:106} INFO - 	org.slf4j#slf4j-api;2.0.16 from central in [default]
[2026-04-12T04:25:32.501+0000] {subprocess.py:106} INFO - 	org.xerial.snappy#snappy-java;1.1.10.7 from central in [default]
[2026-04-12T04:25:32.501+0000] {subprocess.py:106} INFO - 	---------------------------------------------------------------------
[2026-04-12T04:25:32.501+0000] {subprocess.py:106} INFO - 	|                  |            modules            ||   artifacts   |
[2026-04-12T04:25:32.502+0000] {subprocess.py:106} INFO - 	|       conf       | number| search|dwnlded|evicted|| number|dwnlded|
[2026-04-12T04:25:32.502+0000] {subprocess.py:106} INFO - 	---------------------------------------------------------------------
[2026-04-12T04:25:32.503+0000] {subprocess.py:106} INFO - 	|      default     |   12  |   12  |   12  |   0   ||   12  |   12  |
[2026-04-12T04:25:32.504+0000] {subprocess.py:106} INFO - 	---------------------------------------------------------------------
[2026-04-12T04:25:32.504+0000] {subprocess.py:106} INFO - :: retrieving :: org.apache.spark#spark-submit-parent-74db266d-7799-42b1-8963-d6979e1af8ae
[2026-04-12T04:25:32.505+0000] {subprocess.py:106} INFO - 	confs: [default]
[2026-04-12T04:25:32.723+0000] {subprocess.py:106} INFO - 	12 artifacts copied, 0 already retrieved (108653kB/219ms)
[2026-04-12T04:25:33.057+0000] {subprocess.py:106} INFO - 26/04/12 04:25:33 WARN NativeCodeLoader: Unable to load native-hadoop library for your platform... using builtin-java classes where applicable
[2026-04-12T04:25:34.957+0000] {subprocess.py:106} INFO - Using Spark's default log4j profile: org/apache/spark/log4j2-defaults.properties
[2026-04-12T04:25:34.965+0000] {subprocess.py:106} INFO - 26/04/12 04:25:34 INFO SparkContext: Running Spark version 4.0.2
[2026-04-12T04:25:34.969+0000] {subprocess.py:106} INFO - 26/04/12 04:25:34 INFO SparkContext: OS info Linux, 6.6.87.2-microsoft-standard-WSL2, amd64
[2026-04-12T04:25:34.970+0000] {subprocess.py:106} INFO - 26/04/12 04:25:34 INFO SparkContext: Java version 21.0.10
[2026-04-12T04:25:35.006+0000] {subprocess.py:106} INFO - 26/04/12 04:25:35 INFO ResourceUtils: ==============================================================
[2026-04-12T04:25:35.006+0000] {subprocess.py:106} INFO - 26/04/12 04:25:35 INFO ResourceUtils: No custom resources configured for spark.driver.
[2026-04-12T04:25:35.007+0000] {subprocess.py:106} INFO - 26/04/12 04:25:35 INFO ResourceUtils: ==============================================================
[2026-04-12T04:25:35.008+0000] {subprocess.py:106} INFO - 26/04/12 04:25:35 INFO SparkContext: Submitted application: Weather_Kafka_to_Iceberg
[2026-04-12T04:25:35.056+0000] {subprocess.py:106} INFO - 26/04/12 04:25:35 INFO ResourceProfile: Default ResourceProfile created, executor resources: Map(cores -> name: cores, amount: 2, script: , vendor: , memory -> name: memory, amount: 2048, script: , vendor: , offHeap -> name: offHeap, amount: 0, script: , vendor: ), task resources: Map(cpus -> name: cpus, amount: 1.0)
[2026-04-12T04:25:35.065+0000] {subprocess.py:106} INFO - 26/04/12 04:25:35 INFO ResourceProfile: Limiting resource is cpus at 2 tasks per executor
[2026-04-12T04:25:35.068+0000] {subprocess.py:106} INFO - 26/04/12 04:25:35 INFO ResourceProfileManager: Added ResourceProfile id: 0
[2026-04-12T04:25:35.146+0000] {subprocess.py:106} INFO - 26/04/12 04:25:35 INFO SecurityManager: Changing view acls to: spark
[2026-04-12T04:25:35.147+0000] {subprocess.py:106} INFO - 26/04/12 04:25:35 INFO SecurityManager: Changing modify acls to: spark
[2026-04-12T04:25:35.148+0000] {subprocess.py:106} INFO - 26/04/12 04:25:35 INFO SecurityManager: Changing view acls groups to: spark
[2026-04-12T04:25:35.148+0000] {subprocess.py:106} INFO - 26/04/12 04:25:35 INFO SecurityManager: Changing modify acls groups to: spark
[2026-04-12T04:25:35.152+0000] {subprocess.py:106} INFO - 26/04/12 04:25:35 INFO SecurityManager: SecurityManager: authentication disabled; ui acls disabled; users with view permissions: spark groups with view permissions: EMPTY; users with modify permissions: spark; groups with modify permissions: EMPTY; RPC SSL disabled
[2026-04-12T04:25:35.455+0000] {subprocess.py:106} INFO - 26/04/12 04:25:35 INFO Utils: Successfully started service 'sparkDriver' on port 42453.
[2026-04-12T04:25:35.521+0000] {subprocess.py:106} INFO - 26/04/12 04:25:35 INFO SparkEnv: Registering MapOutputTracker
[2026-04-12T04:25:35.544+0000] {subprocess.py:106} INFO - 26/04/12 04:25:35 INFO SparkEnv: Registering BlockManagerMaster
[2026-04-12T04:25:35.570+0000] {subprocess.py:106} INFO - 26/04/12 04:25:35 INFO BlockManagerMasterEndpoint: Using org.apache.spark.storage.DefaultTopologyMapper for getting topology information
[2026-04-12T04:25:35.570+0000] {subprocess.py:106} INFO - 26/04/12 04:25:35 INFO BlockManagerMasterEndpoint: BlockManagerMasterEndpoint up
[2026-04-12T04:25:35.576+0000] {subprocess.py:106} INFO - 26/04/12 04:25:35 INFO SparkEnv: Registering BlockManagerMasterHeartbeat
[2026-04-12T04:25:35.623+0000] {subprocess.py:106} INFO - 26/04/12 04:25:35 INFO DiskBlockManager: Created local directory at /tmp/blockmgr-197b06de-b3f8-4198-979c-8aa087f3e094
[2026-04-12T04:25:35.662+0000] {subprocess.py:106} INFO - 26/04/12 04:25:35 INFO SparkEnv: Registering OutputCommitCoordinator
[2026-04-12T04:25:35.864+0000] {subprocess.py:106} INFO - 26/04/12 04:25:35 INFO JettyUtils: Start Jetty 0.0.0.0:4040 for SparkUI
[2026-04-12T04:25:35.980+0000] {subprocess.py:106} INFO - 26/04/12 04:25:35 INFO Utils: Successfully started service 'SparkUI' on port 4040.
[2026-04-12T04:25:36.042+0000] {subprocess.py:106} INFO - 26/04/12 04:25:36 INFO SparkContext: Added JAR file:///home/spark/.ivy2.5.2/jars/org.apache.spark_spark-sql-kafka-0-10_2.13-4.0.0.jar at spark://spark-master:42453/jars/org.apache.spark_spark-sql-kafka-0-10_2.13-4.0.0.jar with timestamp 1775967934945
[2026-04-12T04:25:36.046+0000] {subprocess.py:106} INFO - 26/04/12 04:25:36 INFO SparkContext: Added JAR file:///home/spark/.ivy2.5.2/jars/org.apache.iceberg_iceberg-spark-runtime-4.0_2.13-1.10.1.jar at spark://spark-master:42453/jars/org.apache.iceberg_iceberg-spark-runtime-4.0_2.13-1.10.1.jar with timestamp 1775967934945
[2026-04-12T04:25:36.046+0000] {subprocess.py:106} INFO - 26/04/12 04:25:36 INFO SparkContext: Added JAR file:///home/spark/.ivy2.5.2/jars/org.apache.spark_spark-token-provider-kafka-0-10_2.13-4.0.0.jar at spark://spark-master:42453/jars/org.apache.spark_spark-token-provider-kafka-0-10_2.13-4.0.0.jar with timestamp 1775967934945
[2026-04-12T04:25:36.047+0000] {subprocess.py:106} INFO - 26/04/12 04:25:36 INFO SparkContext: Added JAR file:///home/spark/.ivy2.5.2/jars/org.scala-lang.modules_scala-parallel-collections_2.13-1.2.0.jar at spark://spark-master:42453/jars/org.scala-lang.modules_scala-parallel-collections_2.13-1.2.0.jar with timestamp 1775967934945
[2026-04-12T04:25:36.048+0000] {subprocess.py:106} INFO - 26/04/12 04:25:36 INFO SparkContext: Added JAR file:///home/spark/.ivy2.5.2/jars/org.apache.kafka_kafka-clients-3.9.0.jar at spark://spark-master:42453/jars/org.apache.kafka_kafka-clients-3.9.0.jar with timestamp 1775967934945
[2026-04-12T04:25:36.048+0000] {subprocess.py:106} INFO - 26/04/12 04:25:36 INFO SparkContext: Added JAR file:///home/spark/.ivy2.5.2/jars/com.google.code.findbugs_jsr305-3.0.0.jar at spark://spark-master:42453/jars/com.google.code.findbugs_jsr305-3.0.0.jar with timestamp 1775967934945
[2026-04-12T04:25:36.049+0000] {subprocess.py:106} INFO - 26/04/12 04:25:36 INFO SparkContext: Added JAR file:///home/spark/.ivy2.5.2/jars/org.apache.commons_commons-pool2-2.12.0.jar at spark://spark-master:42453/jars/org.apache.commons_commons-pool2-2.12.0.jar with timestamp 1775967934945
[2026-04-12T04:25:36.049+0000] {subprocess.py:106} INFO - 26/04/12 04:25:36 INFO SparkContext: Added JAR file:///home/spark/.ivy2.5.2/jars/org.apache.hadoop_hadoop-client-runtime-3.4.1.jar at spark://spark-master:42453/jars/org.apache.hadoop_hadoop-client-runtime-3.4.1.jar with timestamp 1775967934945
[2026-04-12T04:25:36.050+0000] {subprocess.py:106} INFO - 26/04/12 04:25:36 INFO SparkContext: Added JAR file:///home/spark/.ivy2.5.2/jars/org.lz4_lz4-java-1.8.0.jar at spark://spark-master:42453/jars/org.lz4_lz4-java-1.8.0.jar with timestamp 1775967934945
[2026-04-12T04:25:36.050+0000] {subprocess.py:106} INFO - 26/04/12 04:25:36 INFO SparkContext: Added JAR file:///home/spark/.ivy2.5.2/jars/org.xerial.snappy_snappy-java-1.1.10.7.jar at spark://spark-master:42453/jars/org.xerial.snappy_snappy-java-1.1.10.7.jar with timestamp 1775967934945
[2026-04-12T04:25:36.051+0000] {subprocess.py:106} INFO - 26/04/12 04:25:36 INFO SparkContext: Added JAR file:///home/spark/.ivy2.5.2/jars/org.slf4j_slf4j-api-2.0.16.jar at spark://spark-master:42453/jars/org.slf4j_slf4j-api-2.0.16.jar with timestamp 1775967934945
[2026-04-12T04:25:36.051+0000] {subprocess.py:106} INFO - 26/04/12 04:25:36 INFO SparkContext: Added JAR file:///home/spark/.ivy2.5.2/jars/org.apache.hadoop_hadoop-client-api-3.4.1.jar at spark://spark-master:42453/jars/org.apache.hadoop_hadoop-client-api-3.4.1.jar with timestamp 1775967934945
[2026-04-12T04:25:36.055+0000] {subprocess.py:106} INFO - 26/04/12 04:25:36 INFO SparkContext: Added file file:///home/spark/.ivy2.5.2/jars/org.apache.spark_spark-sql-kafka-0-10_2.13-4.0.0.jar at file:///home/spark/.ivy2.5.2/jars/org.apache.spark_spark-sql-kafka-0-10_2.13-4.0.0.jar with timestamp 1775967934945
[2026-04-12T04:25:36.059+0000] {subprocess.py:106} INFO - 26/04/12 04:25:36 INFO Utils: Copying /home/spark/.ivy2.5.2/jars/org.apache.spark_spark-sql-kafka-0-10_2.13-4.0.0.jar to /tmp/spark-0e7494f2-3dca-4c72-ad84-7621c39dc137/userFiles-0c6829ba-75de-41c7-9948-85a0b3d4483b/org.apache.spark_spark-sql-kafka-0-10_2.13-4.0.0.jar
[2026-04-12T04:25:36.077+0000] {subprocess.py:106} INFO - 26/04/12 04:25:36 INFO SparkContext: Added file file:///home/spark/.ivy2.5.2/jars/org.apache.iceberg_iceberg-spark-runtime-4.0_2.13-1.10.1.jar at file:///home/spark/.ivy2.5.2/jars/org.apache.iceberg_iceberg-spark-runtime-4.0_2.13-1.10.1.jar with timestamp 1775967934945
[2026-04-12T04:25:36.082+0000] {subprocess.py:106} INFO - 26/04/12 04:25:36 INFO Utils: Copying /home/spark/.ivy2.5.2/jars/org.apache.iceberg_iceberg-spark-runtime-4.0_2.13-1.10.1.jar to /tmp/spark-0e7494f2-3dca-4c72-ad84-7621c39dc137/userFiles-0c6829ba-75de-41c7-9948-85a0b3d4483b/org.apache.iceberg_iceberg-spark-runtime-4.0_2.13-1.10.1.jar
[2026-04-12T04:25:36.142+0000] {subprocess.py:106} INFO - 26/04/12 04:25:36 INFO SparkContext: Added file file:///home/spark/.ivy2.5.2/jars/org.apache.spark_spark-token-provider-kafka-0-10_2.13-4.0.0.jar at file:///home/spark/.ivy2.5.2/jars/org.apache.spark_spark-token-provider-kafka-0-10_2.13-4.0.0.jar with timestamp 1775967934945
[2026-04-12T04:25:36.143+0000] {subprocess.py:106} INFO - 26/04/12 04:25:36 INFO Utils: Copying /home/spark/.ivy2.5.2/jars/org.apache.spark_spark-token-provider-kafka-0-10_2.13-4.0.0.jar to /tmp/spark-0e7494f2-3dca-4c72-ad84-7621c39dc137/userFiles-0c6829ba-75de-41c7-9948-85a0b3d4483b/org.apache.spark_spark-token-provider-kafka-0-10_2.13-4.0.0.jar
[2026-04-12T04:25:36.149+0000] {subprocess.py:106} INFO - 26/04/12 04:25:36 INFO SparkContext: Added file file:///home/spark/.ivy2.5.2/jars/org.scala-lang.modules_scala-parallel-collections_2.13-1.2.0.jar at file:///home/spark/.ivy2.5.2/jars/org.scala-lang.modules_scala-parallel-collections_2.13-1.2.0.jar with timestamp 1775967934945
[2026-04-12T04:25:36.150+0000] {subprocess.py:106} INFO - 26/04/12 04:25:36 INFO Utils: Copying /home/spark/.ivy2.5.2/jars/org.scala-lang.modules_scala-parallel-collections_2.13-1.2.0.jar to /tmp/spark-0e7494f2-3dca-4c72-ad84-7621c39dc137/userFiles-0c6829ba-75de-41c7-9948-85a0b3d4483b/org.scala-lang.modules_scala-parallel-collections_2.13-1.2.0.jar
[2026-04-12T04:25:36.158+0000] {subprocess.py:106} INFO - 26/04/12 04:25:36 INFO SparkContext: Added file file:///home/spark/.ivy2.5.2/jars/org.apache.kafka_kafka-clients-3.9.0.jar at file:///home/spark/.ivy2.5.2/jars/org.apache.kafka_kafka-clients-3.9.0.jar with timestamp 1775967934945
[2026-04-12T04:25:36.159+0000] {subprocess.py:106} INFO - 26/04/12 04:25:36 INFO Utils: Copying /home/spark/.ivy2.5.2/jars/org.apache.kafka_kafka-clients-3.9.0.jar to /tmp/spark-0e7494f2-3dca-4c72-ad84-7621c39dc137/userFiles-0c6829ba-75de-41c7-9948-85a0b3d4483b/org.apache.kafka_kafka-clients-3.9.0.jar
[2026-04-12T04:25:36.185+0000] {subprocess.py:106} INFO - 26/04/12 04:25:36 INFO SparkContext: Added file file:///home/spark/.ivy2.5.2/jars/com.google.code.findbugs_jsr305-3.0.0.jar at file:///home/spark/.ivy2.5.2/jars/com.google.code.findbugs_jsr305-3.0.0.jar with timestamp 1775967934945
[2026-04-12T04:25:36.185+0000] {subprocess.py:106} INFO - 26/04/12 04:25:36 INFO Utils: Copying /home/spark/.ivy2.5.2/jars/com.google.code.findbugs_jsr305-3.0.0.jar to /tmp/spark-0e7494f2-3dca-4c72-ad84-7621c39dc137/userFiles-0c6829ba-75de-41c7-9948-85a0b3d4483b/com.google.code.findbugs_jsr305-3.0.0.jar
[2026-04-12T04:25:36.191+0000] {subprocess.py:106} INFO - 26/04/12 04:25:36 INFO SparkContext: Added file file:///home/spark/.ivy2.5.2/jars/org.apache.commons_commons-pool2-2.12.0.jar at file:///home/spark/.ivy2.5.2/jars/org.apache.commons_commons-pool2-2.12.0.jar with timestamp 1775967934945
[2026-04-12T04:25:36.191+0000] {subprocess.py:106} INFO - 26/04/12 04:25:36 INFO Utils: Copying /home/spark/.ivy2.5.2/jars/org.apache.commons_commons-pool2-2.12.0.jar to /tmp/spark-0e7494f2-3dca-4c72-ad84-7621c39dc137/userFiles-0c6829ba-75de-41c7-9948-85a0b3d4483b/org.apache.commons_commons-pool2-2.12.0.jar
[2026-04-12T04:25:36.196+0000] {subprocess.py:106} INFO - 26/04/12 04:25:36 INFO SparkContext: Added file file:///home/spark/.ivy2.5.2/jars/org.apache.hadoop_hadoop-client-runtime-3.4.1.jar at file:///home/spark/.ivy2.5.2/jars/org.apache.hadoop_hadoop-client-runtime-3.4.1.jar with timestamp 1775967934945
[2026-04-12T04:25:36.196+0000] {subprocess.py:106} INFO - 26/04/12 04:25:36 INFO Utils: Copying /home/spark/.ivy2.5.2/jars/org.apache.hadoop_hadoop-client-runtime-3.4.1.jar to /tmp/spark-0e7494f2-3dca-4c72-ad84-7621c39dc137/userFiles-0c6829ba-75de-41c7-9948-85a0b3d4483b/org.apache.hadoop_hadoop-client-runtime-3.4.1.jar
[2026-04-12T04:25:36.252+0000] {subprocess.py:106} INFO - 26/04/12 04:25:36 INFO SparkContext: Added file file:///home/spark/.ivy2.5.2/jars/org.lz4_lz4-java-1.8.0.jar at file:///home/spark/.ivy2.5.2/jars/org.lz4_lz4-java-1.8.0.jar with timestamp 1775967934945
[2026-04-12T04:25:36.255+0000] {subprocess.py:106} INFO - 26/04/12 04:25:36 INFO Utils: Copying /home/spark/.ivy2.5.2/jars/org.lz4_lz4-java-1.8.0.jar to /tmp/spark-0e7494f2-3dca-4c72-ad84-7621c39dc137/userFiles-0c6829ba-75de-41c7-9948-85a0b3d4483b/org.lz4_lz4-java-1.8.0.jar
[2026-04-12T04:25:36.258+0000] {subprocess.py:106} INFO - 26/04/12 04:25:36 INFO SparkContext: Added file file:///home/spark/.ivy2.5.2/jars/org.xerial.snappy_snappy-java-1.1.10.7.jar at file:///home/spark/.ivy2.5.2/jars/org.xerial.snappy_snappy-java-1.1.10.7.jar with timestamp 1775967934945
[2026-04-12T04:25:36.258+0000] {subprocess.py:106} INFO - 26/04/12 04:25:36 INFO Utils: Copying /home/spark/.ivy2.5.2/jars/org.xerial.snappy_snappy-java-1.1.10.7.jar to /tmp/spark-0e7494f2-3dca-4c72-ad84-7621c39dc137/userFiles-0c6829ba-75de-41c7-9948-85a0b3d4483b/org.xerial.snappy_snappy-java-1.1.10.7.jar
[2026-04-12T04:25:36.265+0000] {subprocess.py:106} INFO - 26/04/12 04:25:36 INFO SparkContext: Added file file:///home/spark/.ivy2.5.2/jars/org.slf4j_slf4j-api-2.0.16.jar at file:///home/spark/.ivy2.5.2/jars/org.slf4j_slf4j-api-2.0.16.jar with timestamp 1775967934945
[2026-04-12T04:25:36.265+0000] {subprocess.py:106} INFO - 26/04/12 04:25:36 INFO Utils: Copying /home/spark/.ivy2.5.2/jars/org.slf4j_slf4j-api-2.0.16.jar to /tmp/spark-0e7494f2-3dca-4c72-ad84-7621c39dc137/userFiles-0c6829ba-75de-41c7-9948-85a0b3d4483b/org.slf4j_slf4j-api-2.0.16.jar
[2026-04-12T04:25:36.270+0000] {subprocess.py:106} INFO - 26/04/12 04:25:36 INFO SparkContext: Added file file:///home/spark/.ivy2.5.2/jars/org.apache.hadoop_hadoop-client-api-3.4.1.jar at file:///home/spark/.ivy2.5.2/jars/org.apache.hadoop_hadoop-client-api-3.4.1.jar with timestamp 1775967934945
[2026-04-12T04:25:36.271+0000] {subprocess.py:106} INFO - 26/04/12 04:25:36 INFO Utils: Copying /home/spark/.ivy2.5.2/jars/org.apache.hadoop_hadoop-client-api-3.4.1.jar to /tmp/spark-0e7494f2-3dca-4c72-ad84-7621c39dc137/userFiles-0c6829ba-75de-41c7-9948-85a0b3d4483b/org.apache.hadoop_hadoop-client-api-3.4.1.jar
[2026-04-12T04:25:36.316+0000] {subprocess.py:106} INFO - 26/04/12 04:25:36 INFO SecurityManager: Changing view acls to: spark
[2026-04-12T04:25:36.317+0000] {subprocess.py:106} INFO - 26/04/12 04:25:36 INFO SecurityManager: Changing modify acls to: spark
[2026-04-12T04:25:36.317+0000] {subprocess.py:106} INFO - 26/04/12 04:25:36 INFO SecurityManager: Changing view acls groups to: spark
[2026-04-12T04:25:36.318+0000] {subprocess.py:106} INFO - 26/04/12 04:25:36 INFO SecurityManager: Changing modify acls groups to: spark
[2026-04-12T04:25:36.318+0000] {subprocess.py:106} INFO - 26/04/12 04:25:36 INFO SecurityManager: SecurityManager: authentication disabled; ui acls disabled; users with view permissions: spark groups with view permissions: EMPTY; users with modify permissions: spark; groups with modify permissions: EMPTY; RPC SSL disabled
[2026-04-12T04:25:36.589+0000] {subprocess.py:106} INFO - 26/04/12 04:25:36 INFO Executor: Starting executor ID driver on host spark-master
[2026-04-12T04:25:36.590+0000] {subprocess.py:106} INFO - 26/04/12 04:25:36 INFO Executor: OS info Linux, 6.6.87.2-microsoft-standard-WSL2, amd64
[2026-04-12T04:25:36.591+0000] {subprocess.py:106} INFO - 26/04/12 04:25:36 INFO Executor: Java version 21.0.10
[2026-04-12T04:25:36.613+0000] {subprocess.py:106} INFO - 26/04/12 04:25:36 INFO Executor: Starting executor with user classpath (userClassPathFirst = false): ''
[2026-04-12T04:25:36.616+0000] {subprocess.py:106} INFO - 26/04/12 04:25:36 INFO Executor: Created or updated repl class loader org.apache.spark.util.MutableURLClassLoader@50c10998 for default.
[2026-04-12T04:25:36.632+0000] {subprocess.py:106} INFO - 26/04/12 04:25:36 INFO Executor: Fetching file:///home/spark/.ivy2.5.2/jars/org.lz4_lz4-java-1.8.0.jar with timestamp 1775967934945
[2026-04-12T04:25:36.662+0000] {subprocess.py:106} INFO - 26/04/12 04:25:36 INFO Utils: /home/spark/.ivy2.5.2/jars/org.lz4_lz4-java-1.8.0.jar has been previously copied to /tmp/spark-0e7494f2-3dca-4c72-ad84-7621c39dc137/userFiles-0c6829ba-75de-41c7-9948-85a0b3d4483b/org.lz4_lz4-java-1.8.0.jar
[2026-04-12T04:25:36.668+0000] {subprocess.py:106} INFO - 26/04/12 04:25:36 INFO Executor: Fetching file:///home/spark/.ivy2.5.2/jars/org.scala-lang.modules_scala-parallel-collections_2.13-1.2.0.jar with timestamp 1775967934945
[2026-04-12T04:25:36.669+0000] {subprocess.py:106} INFO - 26/04/12 04:25:36 INFO Utils: /home/spark/.ivy2.5.2/jars/org.scala-lang.modules_scala-parallel-collections_2.13-1.2.0.jar has been previously copied to /tmp/spark-0e7494f2-3dca-4c72-ad84-7621c39dc137/userFiles-0c6829ba-75de-41c7-9948-85a0b3d4483b/org.scala-lang.modules_scala-parallel-collections_2.13-1.2.0.jar
[2026-04-12T04:25:36.674+0000] {subprocess.py:106} INFO - 26/04/12 04:25:36 INFO Executor: Fetching file:///home/spark/.ivy2.5.2/jars/org.apache.kafka_kafka-clients-3.9.0.jar with timestamp 1775967934945
[2026-04-12T04:25:36.682+0000] {subprocess.py:106} INFO - 26/04/12 04:25:36 INFO Utils: /home/spark/.ivy2.5.2/jars/org.apache.kafka_kafka-clients-3.9.0.jar has been previously copied to /tmp/spark-0e7494f2-3dca-4c72-ad84-7621c39dc137/userFiles-0c6829ba-75de-41c7-9948-85a0b3d4483b/org.apache.kafka_kafka-clients-3.9.0.jar
[2026-04-12T04:25:36.686+0000] {subprocess.py:106} INFO - 26/04/12 04:25:36 INFO Executor: Fetching file:///home/spark/.ivy2.5.2/jars/org.apache.spark_spark-sql-kafka-0-10_2.13-4.0.0.jar with timestamp 1775967934945
[2026-04-12T04:25:36.686+0000] {subprocess.py:106} INFO - 26/04/12 04:25:36 INFO Utils: /home/spark/.ivy2.5.2/jars/org.apache.spark_spark-sql-kafka-0-10_2.13-4.0.0.jar has been previously copied to /tmp/spark-0e7494f2-3dca-4c72-ad84-7621c39dc137/userFiles-0c6829ba-75de-41c7-9948-85a0b3d4483b/org.apache.spark_spark-sql-kafka-0-10_2.13-4.0.0.jar
[2026-04-12T04:25:36.692+0000] {subprocess.py:106} INFO - 26/04/12 04:25:36 INFO Executor: Fetching file:///home/spark/.ivy2.5.2/jars/org.apache.hadoop_hadoop-client-api-3.4.1.jar with timestamp 1775967934945
[2026-04-12T04:25:36.706+0000] {subprocess.py:106} INFO - 26/04/12 04:25:36 INFO Utils: /home/spark/.ivy2.5.2/jars/org.apache.hadoop_hadoop-client-api-3.4.1.jar has been previously copied to /tmp/spark-0e7494f2-3dca-4c72-ad84-7621c39dc137/userFiles-0c6829ba-75de-41c7-9948-85a0b3d4483b/org.apache.hadoop_hadoop-client-api-3.4.1.jar
[2026-04-12T04:25:36.711+0000] {subprocess.py:106} INFO - 26/04/12 04:25:36 INFO Executor: Fetching file:///home/spark/.ivy2.5.2/jars/org.apache.commons_commons-pool2-2.12.0.jar with timestamp 1775967934945
[2026-04-12T04:25:36.711+0000] {subprocess.py:106} INFO - 26/04/12 04:25:36 INFO Utils: /home/spark/.ivy2.5.2/jars/org.apache.commons_commons-pool2-2.12.0.jar has been previously copied to /tmp/spark-0e7494f2-3dca-4c72-ad84-7621c39dc137/userFiles-0c6829ba-75de-41c7-9948-85a0b3d4483b/org.apache.commons_commons-pool2-2.12.0.jar
[2026-04-12T04:25:36.715+0000] {subprocess.py:106} INFO - 26/04/12 04:25:36 INFO Executor: Fetching file:///home/spark/.ivy2.5.2/jars/org.slf4j_slf4j-api-2.0.16.jar with timestamp 1775967934945
[2026-04-12T04:25:36.716+0000] {subprocess.py:106} INFO - 26/04/12 04:25:36 INFO Utils: /home/spark/.ivy2.5.2/jars/org.slf4j_slf4j-api-2.0.16.jar has been previously copied to /tmp/spark-0e7494f2-3dca-4c72-ad84-7621c39dc137/userFiles-0c6829ba-75de-41c7-9948-85a0b3d4483b/org.slf4j_slf4j-api-2.0.16.jar
[2026-04-12T04:25:36.721+0000] {subprocess.py:106} INFO - 26/04/12 04:25:36 INFO Executor: Fetching file:///home/spark/.ivy2.5.2/jars/org.apache.iceberg_iceberg-spark-runtime-4.0_2.13-1.10.1.jar with timestamp 1775967934945
[2026-04-12T04:25:36.751+0000] {subprocess.py:106} INFO - 26/04/12 04:25:36 INFO Utils: /home/spark/.ivy2.5.2/jars/org.apache.iceberg_iceberg-spark-runtime-4.0_2.13-1.10.1.jar has been previously copied to /tmp/spark-0e7494f2-3dca-4c72-ad84-7621c39dc137/userFiles-0c6829ba-75de-41c7-9948-85a0b3d4483b/org.apache.iceberg_iceberg-spark-runtime-4.0_2.13-1.10.1.jar
[2026-04-12T04:25:36.756+0000] {subprocess.py:106} INFO - 26/04/12 04:25:36 INFO Executor: Fetching file:///home/spark/.ivy2.5.2/jars/org.apache.hadoop_hadoop-client-runtime-3.4.1.jar with timestamp 1775967934945
[2026-04-12T04:25:36.777+0000] {subprocess.py:106} INFO - 26/04/12 04:25:36 INFO Utils: /home/spark/.ivy2.5.2/jars/org.apache.hadoop_hadoop-client-runtime-3.4.1.jar has been previously copied to /tmp/spark-0e7494f2-3dca-4c72-ad84-7621c39dc137/userFiles-0c6829ba-75de-41c7-9948-85a0b3d4483b/org.apache.hadoop_hadoop-client-runtime-3.4.1.jar
[2026-04-12T04:25:36.782+0000] {subprocess.py:106} INFO - 26/04/12 04:25:36 INFO Executor: Fetching file:///home/spark/.ivy2.5.2/jars/org.apache.spark_spark-token-provider-kafka-0-10_2.13-4.0.0.jar with timestamp 1775967934945
[2026-04-12T04:25:36.782+0000] {subprocess.py:106} INFO - 26/04/12 04:25:36 INFO Utils: /home/spark/.ivy2.5.2/jars/org.apache.spark_spark-token-provider-kafka-0-10_2.13-4.0.0.jar has been previously copied to /tmp/spark-0e7494f2-3dca-4c72-ad84-7621c39dc137/userFiles-0c6829ba-75de-41c7-9948-85a0b3d4483b/org.apache.spark_spark-token-provider-kafka-0-10_2.13-4.0.0.jar
[2026-04-12T04:25:36.787+0000] {subprocess.py:106} INFO - 26/04/12 04:25:36 INFO Executor: Fetching file:///home/spark/.ivy2.5.2/jars/com.google.code.findbugs_jsr305-3.0.0.jar with timestamp 1775967934945
[2026-04-12T04:25:36.787+0000] {subprocess.py:106} INFO - 26/04/12 04:25:36 INFO Utils: /home/spark/.ivy2.5.2/jars/com.google.code.findbugs_jsr305-3.0.0.jar has been previously copied to /tmp/spark-0e7494f2-3dca-4c72-ad84-7621c39dc137/userFiles-0c6829ba-75de-41c7-9948-85a0b3d4483b/com.google.code.findbugs_jsr305-3.0.0.jar
[2026-04-12T04:25:36.792+0000] {subprocess.py:106} INFO - 26/04/12 04:25:36 INFO Executor: Fetching file:///home/spark/.ivy2.5.2/jars/org.xerial.snappy_snappy-java-1.1.10.7.jar with timestamp 1775967934945
[2026-04-12T04:25:36.794+0000] {subprocess.py:106} INFO - 26/04/12 04:25:36 INFO Utils: /home/spark/.ivy2.5.2/jars/org.xerial.snappy_snappy-java-1.1.10.7.jar has been previously copied to /tmp/spark-0e7494f2-3dca-4c72-ad84-7621c39dc137/userFiles-0c6829ba-75de-41c7-9948-85a0b3d4483b/org.xerial.snappy_snappy-java-1.1.10.7.jar
[2026-04-12T04:25:36.802+0000] {subprocess.py:106} INFO - 26/04/12 04:25:36 INFO Executor: Fetching spark://spark-master:42453/jars/org.lz4_lz4-java-1.8.0.jar with timestamp 1775967934945
[2026-04-12T04:25:36.859+0000] {subprocess.py:106} INFO - 26/04/12 04:25:36 INFO TransportClientFactory: Successfully created connection to spark-master/172.20.0.5:42453 after 36 ms (0 ms spent in bootstraps)
[2026-04-12T04:25:36.867+0000] {subprocess.py:106} INFO - 26/04/12 04:25:36 INFO Utils: Fetching spark://spark-master:42453/jars/org.lz4_lz4-java-1.8.0.jar to /tmp/spark-0e7494f2-3dca-4c72-ad84-7621c39dc137/userFiles-0c6829ba-75de-41c7-9948-85a0b3d4483b/fetchFileTemp10614931646817539337.tmp
[2026-04-12T04:25:36.889+0000] {subprocess.py:106} INFO - 26/04/12 04:25:36 INFO Utils: /tmp/spark-0e7494f2-3dca-4c72-ad84-7621c39dc137/userFiles-0c6829ba-75de-41c7-9948-85a0b3d4483b/fetchFileTemp10614931646817539337.tmp has been previously copied to /tmp/spark-0e7494f2-3dca-4c72-ad84-7621c39dc137/userFiles-0c6829ba-75de-41c7-9948-85a0b3d4483b/org.lz4_lz4-java-1.8.0.jar
[2026-04-12T04:25:36.894+0000] {subprocess.py:106} INFO - 26/04/12 04:25:36 INFO Executor: Adding file:/tmp/spark-0e7494f2-3dca-4c72-ad84-7621c39dc137/userFiles-0c6829ba-75de-41c7-9948-85a0b3d4483b/org.lz4_lz4-java-1.8.0.jar to class loader default
[2026-04-12T04:25:36.895+0000] {subprocess.py:106} INFO - 26/04/12 04:25:36 INFO Executor: Fetching spark://spark-master:42453/jars/org.apache.iceberg_iceberg-spark-runtime-4.0_2.13-1.10.1.jar with timestamp 1775967934945
[2026-04-12T04:25:36.896+0000] {subprocess.py:106} INFO - 26/04/12 04:25:36 INFO Utils: Fetching spark://spark-master:42453/jars/org.apache.iceberg_iceberg-spark-runtime-4.0_2.13-1.10.1.jar to /tmp/spark-0e7494f2-3dca-4c72-ad84-7621c39dc137/userFiles-0c6829ba-75de-41c7-9948-85a0b3d4483b/fetchFileTemp1247687271550406696.tmp
[2026-04-12T04:25:37.136+0000] {subprocess.py:106} INFO - 26/04/12 04:25:37 INFO Utils: /tmp/spark-0e7494f2-3dca-4c72-ad84-7621c39dc137/userFiles-0c6829ba-75de-41c7-9948-85a0b3d4483b/fetchFileTemp1247687271550406696.tmp has been previously copied to /tmp/spark-0e7494f2-3dca-4c72-ad84-7621c39dc137/userFiles-0c6829ba-75de-41c7-9948-85a0b3d4483b/org.apache.iceberg_iceberg-spark-runtime-4.0_2.13-1.10.1.jar
[2026-04-12T04:25:37.152+0000] {subprocess.py:106} INFO - 26/04/12 04:25:37 INFO Executor: Adding file:/tmp/spark-0e7494f2-3dca-4c72-ad84-7621c39dc137/userFiles-0c6829ba-75de-41c7-9948-85a0b3d4483b/org.apache.iceberg_iceberg-spark-runtime-4.0_2.13-1.10.1.jar to class loader default
[2026-04-12T04:25:37.153+0000] {subprocess.py:106} INFO - 26/04/12 04:25:37 INFO Executor: Fetching spark://spark-master:42453/jars/org.apache.commons_commons-pool2-2.12.0.jar with timestamp 1775967934945
[2026-04-12T04:25:37.153+0000] {subprocess.py:106} INFO - 26/04/12 04:25:37 INFO Utils: Fetching spark://spark-master:42453/jars/org.apache.commons_commons-pool2-2.12.0.jar to /tmp/spark-0e7494f2-3dca-4c72-ad84-7621c39dc137/userFiles-0c6829ba-75de-41c7-9948-85a0b3d4483b/fetchFileTemp10917633735818538637.tmp
[2026-04-12T04:25:37.156+0000] {subprocess.py:106} INFO - 26/04/12 04:25:37 INFO Utils: /tmp/spark-0e7494f2-3dca-4c72-ad84-7621c39dc137/userFiles-0c6829ba-75de-41c7-9948-85a0b3d4483b/fetchFileTemp10917633735818538637.tmp has been previously copied to /tmp/spark-0e7494f2-3dca-4c72-ad84-7621c39dc137/userFiles-0c6829ba-75de-41c7-9948-85a0b3d4483b/org.apache.commons_commons-pool2-2.12.0.jar
[2026-04-12T04:25:37.160+0000] {subprocess.py:106} INFO - 26/04/12 04:25:37 INFO Executor: Adding file:/tmp/spark-0e7494f2-3dca-4c72-ad84-7621c39dc137/userFiles-0c6829ba-75de-41c7-9948-85a0b3d4483b/org.apache.commons_commons-pool2-2.12.0.jar to class loader default
[2026-04-12T04:25:37.161+0000] {subprocess.py:106} INFO - 26/04/12 04:25:37 INFO Executor: Fetching spark://spark-master:42453/jars/org.apache.spark_spark-sql-kafka-0-10_2.13-4.0.0.jar with timestamp 1775967934945
[2026-04-12T04:25:37.162+0000] {subprocess.py:106} INFO - 26/04/12 04:25:37 INFO Utils: Fetching spark://spark-master:42453/jars/org.apache.spark_spark-sql-kafka-0-10_2.13-4.0.0.jar to /tmp/spark-0e7494f2-3dca-4c72-ad84-7621c39dc137/userFiles-0c6829ba-75de-41c7-9948-85a0b3d4483b/fetchFileTemp8650693998210505179.tmp
[2026-04-12T04:25:37.165+0000] {subprocess.py:106} INFO - 26/04/12 04:25:37 INFO Utils: /tmp/spark-0e7494f2-3dca-4c72-ad84-7621c39dc137/userFiles-0c6829ba-75de-41c7-9948-85a0b3d4483b/fetchFileTemp8650693998210505179.tmp has been previously copied to /tmp/spark-0e7494f2-3dca-4c72-ad84-7621c39dc137/userFiles-0c6829ba-75de-41c7-9948-85a0b3d4483b/org.apache.spark_spark-sql-kafka-0-10_2.13-4.0.0.jar
[2026-04-12T04:25:37.169+0000] {subprocess.py:106} INFO - 26/04/12 04:25:37 INFO Executor: Adding file:/tmp/spark-0e7494f2-3dca-4c72-ad84-7621c39dc137/userFiles-0c6829ba-75de-41c7-9948-85a0b3d4483b/org.apache.spark_spark-sql-kafka-0-10_2.13-4.0.0.jar to class loader default
[2026-04-12T04:25:37.170+0000] {subprocess.py:106} INFO - 26/04/12 04:25:37 INFO Executor: Fetching spark://spark-master:42453/jars/org.apache.kafka_kafka-clients-3.9.0.jar with timestamp 1775967934945
[2026-04-12T04:25:37.170+0000] {subprocess.py:106} INFO - 26/04/12 04:25:37 INFO Utils: Fetching spark://spark-master:42453/jars/org.apache.kafka_kafka-clients-3.9.0.jar to /tmp/spark-0e7494f2-3dca-4c72-ad84-7621c39dc137/userFiles-0c6829ba-75de-41c7-9948-85a0b3d4483b/fetchFileTemp14438424025362672544.tmp
[2026-04-12T04:25:37.220+0000] {subprocess.py:106} INFO - 26/04/12 04:25:37 INFO Utils: /tmp/spark-0e7494f2-3dca-4c72-ad84-7621c39dc137/userFiles-0c6829ba-75de-41c7-9948-85a0b3d4483b/fetchFileTemp14438424025362672544.tmp has been previously copied to /tmp/spark-0e7494f2-3dca-4c72-ad84-7621c39dc137/userFiles-0c6829ba-75de-41c7-9948-85a0b3d4483b/org.apache.kafka_kafka-clients-3.9.0.jar
[2026-04-12T04:25:37.229+0000] {subprocess.py:106} INFO - 26/04/12 04:25:37 INFO Executor: Adding file:/tmp/spark-0e7494f2-3dca-4c72-ad84-7621c39dc137/userFiles-0c6829ba-75de-41c7-9948-85a0b3d4483b/org.apache.kafka_kafka-clients-3.9.0.jar to class loader default
[2026-04-12T04:25:37.230+0000] {subprocess.py:106} INFO - 26/04/12 04:25:37 INFO Executor: Fetching spark://spark-master:42453/jars/org.apache.hadoop_hadoop-client-api-3.4.1.jar with timestamp 1775967934945
[2026-04-12T04:25:37.231+0000] {subprocess.py:106} INFO - 26/04/12 04:25:37 INFO Utils: Fetching spark://spark-master:42453/jars/org.apache.hadoop_hadoop-client-api-3.4.1.jar to /tmp/spark-0e7494f2-3dca-4c72-ad84-7621c39dc137/userFiles-0c6829ba-75de-41c7-9948-85a0b3d4483b/fetchFileTemp7322077888969418449.tmp
[2026-04-12T04:25:37.332+0000] {subprocess.py:106} INFO - 26/04/12 04:25:37 INFO Utils: /tmp/spark-0e7494f2-3dca-4c72-ad84-7621c39dc137/userFiles-0c6829ba-75de-41c7-9948-85a0b3d4483b/fetchFileTemp7322077888969418449.tmp has been previously copied to /tmp/spark-0e7494f2-3dca-4c72-ad84-7621c39dc137/userFiles-0c6829ba-75de-41c7-9948-85a0b3d4483b/org.apache.hadoop_hadoop-client-api-3.4.1.jar
[2026-04-12T04:25:37.341+0000] {subprocess.py:106} INFO - 26/04/12 04:25:37 INFO Executor: Adding file:/tmp/spark-0e7494f2-3dca-4c72-ad84-7621c39dc137/userFiles-0c6829ba-75de-41c7-9948-85a0b3d4483b/org.apache.hadoop_hadoop-client-api-3.4.1.jar to class loader default
[2026-04-12T04:25:37.342+0000] {subprocess.py:106} INFO - 26/04/12 04:25:37 INFO Executor: Fetching spark://spark-master:42453/jars/org.xerial.snappy_snappy-java-1.1.10.7.jar with timestamp 1775967934945
[2026-04-12T04:25:37.342+0000] {subprocess.py:106} INFO - 26/04/12 04:25:37 INFO Utils: Fetching spark://spark-master:42453/jars/org.xerial.snappy_snappy-java-1.1.10.7.jar to /tmp/spark-0e7494f2-3dca-4c72-ad84-7621c39dc137/userFiles-0c6829ba-75de-41c7-9948-85a0b3d4483b/fetchFileTemp13889007727577891639.tmp
[2026-04-12T04:25:37.354+0000] {subprocess.py:106} INFO - 26/04/12 04:25:37 INFO Utils: /tmp/spark-0e7494f2-3dca-4c72-ad84-7621c39dc137/userFiles-0c6829ba-75de-41c7-9948-85a0b3d4483b/fetchFileTemp13889007727577891639.tmp has been previously copied to /tmp/spark-0e7494f2-3dca-4c72-ad84-7621c39dc137/userFiles-0c6829ba-75de-41c7-9948-85a0b3d4483b/org.xerial.snappy_snappy-java-1.1.10.7.jar
[2026-04-12T04:25:37.360+0000] {subprocess.py:106} INFO - 26/04/12 04:25:37 INFO Executor: Adding file:/tmp/spark-0e7494f2-3dca-4c72-ad84-7621c39dc137/userFiles-0c6829ba-75de-41c7-9948-85a0b3d4483b/org.xerial.snappy_snappy-java-1.1.10.7.jar to class loader default
[2026-04-12T04:25:37.361+0000] {subprocess.py:106} INFO - 26/04/12 04:25:37 INFO Executor: Fetching spark://spark-master:42453/jars/org.slf4j_slf4j-api-2.0.16.jar with timestamp 1775967934945
[2026-04-12T04:25:37.362+0000] {subprocess.py:106} INFO - 26/04/12 04:25:37 INFO Utils: Fetching spark://spark-master:42453/jars/org.slf4j_slf4j-api-2.0.16.jar to /tmp/spark-0e7494f2-3dca-4c72-ad84-7621c39dc137/userFiles-0c6829ba-75de-41c7-9948-85a0b3d4483b/fetchFileTemp9393240561921034717.tmp
[2026-04-12T04:25:37.364+0000] {subprocess.py:106} INFO - 26/04/12 04:25:37 INFO Utils: /tmp/spark-0e7494f2-3dca-4c72-ad84-7621c39dc137/userFiles-0c6829ba-75de-41c7-9948-85a0b3d4483b/fetchFileTemp9393240561921034717.tmp has been previously copied to /tmp/spark-0e7494f2-3dca-4c72-ad84-7621c39dc137/userFiles-0c6829ba-75de-41c7-9948-85a0b3d4483b/org.slf4j_slf4j-api-2.0.16.jar
[2026-04-12T04:25:37.375+0000] {subprocess.py:106} INFO - 26/04/12 04:25:37 INFO Executor: Adding file:/tmp/spark-0e7494f2-3dca-4c72-ad84-7621c39dc137/userFiles-0c6829ba-75de-41c7-9948-85a0b3d4483b/org.slf4j_slf4j-api-2.0.16.jar to class loader default
[2026-04-12T04:25:37.376+0000] {subprocess.py:106} INFO - 26/04/12 04:25:37 INFO Executor: Fetching spark://spark-master:42453/jars/org.apache.hadoop_hadoop-client-runtime-3.4.1.jar with timestamp 1775967934945
[2026-04-12T04:25:37.377+0000] {subprocess.py:106} INFO - 26/04/12 04:25:37 INFO Utils: Fetching spark://spark-master:42453/jars/org.apache.hadoop_hadoop-client-runtime-3.4.1.jar to /tmp/spark-0e7494f2-3dca-4c72-ad84-7621c39dc137/userFiles-0c6829ba-75de-41c7-9948-85a0b3d4483b/fetchFileTemp17357568979295206620.tmp
[2026-04-12T04:25:37.480+0000] {subprocess.py:106} INFO - 26/04/12 04:25:37 INFO Utils: /tmp/spark-0e7494f2-3dca-4c72-ad84-7621c39dc137/userFiles-0c6829ba-75de-41c7-9948-85a0b3d4483b/fetchFileTemp17357568979295206620.tmp has been previously copied to /tmp/spark-0e7494f2-3dca-4c72-ad84-7621c39dc137/userFiles-0c6829ba-75de-41c7-9948-85a0b3d4483b/org.apache.hadoop_hadoop-client-runtime-3.4.1.jar
[2026-04-12T04:25:37.491+0000] {subprocess.py:106} INFO - 26/04/12 04:25:37 INFO Executor: Adding file:/tmp/spark-0e7494f2-3dca-4c72-ad84-7621c39dc137/userFiles-0c6829ba-75de-41c7-9948-85a0b3d4483b/org.apache.hadoop_hadoop-client-runtime-3.4.1.jar to class loader default
[2026-04-12T04:25:37.492+0000] {subprocess.py:106} INFO - 26/04/12 04:25:37 INFO Executor: Fetching spark://spark-master:42453/jars/com.google.code.findbugs_jsr305-3.0.0.jar with timestamp 1775967934945
[2026-04-12T04:25:37.492+0000] {subprocess.py:106} INFO - 26/04/12 04:25:37 INFO Utils: Fetching spark://spark-master:42453/jars/com.google.code.findbugs_jsr305-3.0.0.jar to /tmp/spark-0e7494f2-3dca-4c72-ad84-7621c39dc137/userFiles-0c6829ba-75de-41c7-9948-85a0b3d4483b/fetchFileTemp15396655806508314079.tmp
[2026-04-12T04:25:37.493+0000] {subprocess.py:106} INFO - 26/04/12 04:25:37 INFO Utils: /tmp/spark-0e7494f2-3dca-4c72-ad84-7621c39dc137/userFiles-0c6829ba-75de-41c7-9948-85a0b3d4483b/fetchFileTemp15396655806508314079.tmp has been previously copied to /tmp/spark-0e7494f2-3dca-4c72-ad84-7621c39dc137/userFiles-0c6829ba-75de-41c7-9948-85a0b3d4483b/com.google.code.findbugs_jsr305-3.0.0.jar
[2026-04-12T04:25:37.497+0000] {subprocess.py:106} INFO - 26/04/12 04:25:37 INFO Executor: Adding file:/tmp/spark-0e7494f2-3dca-4c72-ad84-7621c39dc137/userFiles-0c6829ba-75de-41c7-9948-85a0b3d4483b/com.google.code.findbugs_jsr305-3.0.0.jar to class loader default
[2026-04-12T04:25:37.497+0000] {subprocess.py:106} INFO - 26/04/12 04:25:37 INFO Executor: Fetching spark://spark-master:42453/jars/org.scala-lang.modules_scala-parallel-collections_2.13-1.2.0.jar with timestamp 1775967934945
[2026-04-12T04:25:37.498+0000] {subprocess.py:106} INFO - 26/04/12 04:25:37 INFO Utils: Fetching spark://spark-master:42453/jars/org.scala-lang.modules_scala-parallel-collections_2.13-1.2.0.jar to /tmp/spark-0e7494f2-3dca-4c72-ad84-7621c39dc137/userFiles-0c6829ba-75de-41c7-9948-85a0b3d4483b/fetchFileTemp908159245380542735.tmp
[2026-04-12T04:25:37.503+0000] {subprocess.py:106} INFO - 26/04/12 04:25:37 INFO Utils: /tmp/spark-0e7494f2-3dca-4c72-ad84-7621c39dc137/userFiles-0c6829ba-75de-41c7-9948-85a0b3d4483b/fetchFileTemp908159245380542735.tmp has been previously copied to /tmp/spark-0e7494f2-3dca-4c72-ad84-7621c39dc137/userFiles-0c6829ba-75de-41c7-9948-85a0b3d4483b/org.scala-lang.modules_scala-parallel-collections_2.13-1.2.0.jar
[2026-04-12T04:25:37.506+0000] {subprocess.py:106} INFO - 26/04/12 04:25:37 INFO Executor: Adding file:/tmp/spark-0e7494f2-3dca-4c72-ad84-7621c39dc137/userFiles-0c6829ba-75de-41c7-9948-85a0b3d4483b/org.scala-lang.modules_scala-parallel-collections_2.13-1.2.0.jar to class loader default
[2026-04-12T04:25:37.507+0000] {subprocess.py:106} INFO - 26/04/12 04:25:37 INFO Executor: Fetching spark://spark-master:42453/jars/org.apache.spark_spark-token-provider-kafka-0-10_2.13-4.0.0.jar with timestamp 1775967934945
[2026-04-12T04:25:37.507+0000] {subprocess.py:106} INFO - 26/04/12 04:25:37 INFO Utils: Fetching spark://spark-master:42453/jars/org.apache.spark_spark-token-provider-kafka-0-10_2.13-4.0.0.jar to /tmp/spark-0e7494f2-3dca-4c72-ad84-7621c39dc137/userFiles-0c6829ba-75de-41c7-9948-85a0b3d4483b/fetchFileTemp14151651953065942372.tmp
[2026-04-12T04:25:37.508+0000] {subprocess.py:106} INFO - 26/04/12 04:25:37 INFO Utils: /tmp/spark-0e7494f2-3dca-4c72-ad84-7621c39dc137/userFiles-0c6829ba-75de-41c7-9948-85a0b3d4483b/fetchFileTemp14151651953065942372.tmp has been previously copied to /tmp/spark-0e7494f2-3dca-4c72-ad84-7621c39dc137/userFiles-0c6829ba-75de-41c7-9948-85a0b3d4483b/org.apache.spark_spark-token-provider-kafka-0-10_2.13-4.0.0.jar
[2026-04-12T04:25:37.511+0000] {subprocess.py:106} INFO - 26/04/12 04:25:37 INFO Executor: Adding file:/tmp/spark-0e7494f2-3dca-4c72-ad84-7621c39dc137/userFiles-0c6829ba-75de-41c7-9948-85a0b3d4483b/org.apache.spark_spark-token-provider-kafka-0-10_2.13-4.0.0.jar to class loader default
[2026-04-12T04:25:37.524+0000] {subprocess.py:106} INFO - 26/04/12 04:25:37 INFO Utils: Successfully started service 'org.apache.spark.network.netty.NettyBlockTransferService' on port 42821.
[2026-04-12T04:25:37.525+0000] {subprocess.py:106} INFO - 26/04/12 04:25:37 INFO NettyBlockTransferService: Server created on spark-master:42821
[2026-04-12T04:25:37.527+0000] {subprocess.py:106} INFO - 26/04/12 04:25:37 INFO BlockManager: Using org.apache.spark.storage.RandomBlockReplicationPolicy for block replication policy
[2026-04-12T04:25:37.550+0000] {subprocess.py:106} INFO - 26/04/12 04:25:37 INFO BlockManagerMaster: Registering BlockManager BlockManagerId(driver, spark-master, 42821, None)
[2026-04-12T04:25:37.556+0000] {subprocess.py:106} INFO - 26/04/12 04:25:37 INFO BlockManagerMasterEndpoint: Registering block manager spark-master:42821 with 1048.8 MiB RAM, BlockManagerId(driver, spark-master, 42821, None)
[2026-04-12T04:25:37.559+0000] {subprocess.py:106} INFO - 26/04/12 04:25:37 INFO BlockManagerMaster: Registered BlockManager BlockManagerId(driver, spark-master, 42821, None)
[2026-04-12T04:25:37.561+0000] {subprocess.py:106} INFO - 26/04/12 04:25:37 INFO BlockManager: Initialized BlockManager: BlockManagerId(driver, spark-master, 42821, None)
[2026-04-12T04:25:40.997+0000] {subprocess.py:106} INFO - Spark + Iceberg ready!
[2026-04-12T04:25:41.022+0000] {subprocess.py:106} INFO - 26/04/12 04:25:41 INFO SharedState: spark.sql.warehouse.dir is not set, but hive.metastore.warehouse.dir is set. Setting spark.sql.warehouse.dir to the value of hive.metastore.warehouse.dir.
[2026-04-12T04:25:41.611+0000] {subprocess.py:106} INFO - 26/04/12 04:25:41 INFO SharedState: Warehouse path is 'hdfs://23133083thuyvan-master:9000/user/hive/warehouse'.
[2026-04-12T04:25:41.238+0000] {subprocess.py:106} INFO - 26/04/12 04:25:41 INFO CatalogUtil: Loading custom FileIO implementation: org.apache.iceberg.hadoop.HadoopFileIO
[2026-04-12T04:25:42.085+0000] {subprocess.py:106} INFO - 26/04/12 04:25:42 INFO HiveConf: Found configuration file file:/home/spark/spark/conf/hive-site.xml
[2026-04-12T04:25:42.271+0000] {subprocess.py:106} INFO - 26/04/12 04:25:42 INFO metastore: Trying to connect to metastore with URI thrift://23133083thuyvan-master:9083
[2026-04-12T04:25:42.301+0000] {subprocess.py:106} INFO - 26/04/12 04:25:42 INFO metastore: Opened a connection to metastore, current connections: 1
[2026-04-12T04:25:42.356+0000] {subprocess.py:106} INFO - 26/04/12 04:25:42 INFO metastore: Connected to metastore.
[2026-04-12T04:25:44.267+0000] {subprocess.py:106} INFO - 26/04/12 04:25:44 INFO HiveCatalog: Created namespace: air_quality_db
[2026-04-12T04:25:44.624+0000] {subprocess.py:106} INFO - 26/04/12 04:25:44 WARN SparkStringUtils: Truncated the string representation of a plan since it was too large. This behavior can be adjusted by setting 'spark.sql.debug.maxToStringFields'.
[2026-04-12T04:25:44.979+0000] {subprocess.py:106} INFO - 26/04/12 04:25:44 INFO BaseMetastoreCatalog: Table properties set at catalog level through catalog properties: {}
[2026-04-12T04:25:45.037+0000] {subprocess.py:106} INFO - 26/04/12 04:25:45 INFO BaseMetastoreCatalog: Table properties enforced at catalog level through catalog properties: {}
[2026-04-12T04:25:46.637+0000] {subprocess.py:106} INFO - 26/04/12 04:25:46 INFO HiveTableOperations: Committed to table iceberg.air_quality_db.air_quality_silver with the new metadata location hdfs://23133083thuyvan-master:9000/user/hive/lakehouse/air_quality_db.db/air_quality_silver/metadata/00000-bd5a2971-fd67-45ed-b96f-546c2d057b23.metadata.json
[2026-04-12T04:25:46.638+0000] {subprocess.py:106} INFO - 26/04/12 04:25:46 INFO BaseMetastoreTableOperations: Successfully committed to table iceberg.air_quality_db.air_quality_silver in 1568 ms
[2026-04-12T04:25:46.705+0000] {subprocess.py:106} INFO - 26/04/12 04:25:46 INFO BaseMetastoreTableOperations: Refreshing table metadata from new version: hdfs://23133083thuyvan-master:9000/user/hive/lakehouse/air_quality_db.db/air_quality_silver/metadata/00000-bd5a2971-fd67-45ed-b96f-546c2d057b23.metadata.json
[2026-04-12T04:25:46.802+0000] {subprocess.py:106} INFO - Iceberg table 'weather_real_time' ready!
[2026-04-12T04:25:47.889+0000] {subprocess.py:106} INFO - 26/04/12 04:25:47 INFO StateStoreCoordinatorRef: Registered StateStoreCoordinator endpoint
[2026-04-12T04:25:47.970+0000] {subprocess.py:106} INFO - 26/04/12 04:25:47 INFO ResolveWriteToStream: Checkpoint root hdfs://23133083thuyvan-master:9000/user/hive/checkpoints/air_quality_realtime resolved to hdfs://23133083thuyvan-master:9000/user/hive/checkpoints/air_quality_realtime.
[2026-04-12T04:25:47.970+0000] {subprocess.py:106} INFO - 26/04/12 04:25:47 WARN ResolveWriteToStream: spark.sql.adaptive.enabled is not supported in streaming DataFrames/Datasets and will be disabled.
[2026-04-12T04:25:48.037+0000] {subprocess.py:106} INFO - 26/04/12 04:25:48 INFO CheckpointFileManager: Writing atomically to hdfs://23133083thuyvan-master:9000/user/hive/checkpoints/air_quality_realtime/metadata using temp file hdfs://23133083thuyvan-master:9000/user/hive/checkpoints/air_quality_realtime/.metadata.1c00a818-1cba-44be-a1fd-1e0ddcc1556f.tmp
[2026-04-12T04:25:48.538+0000] {subprocess.py:106} INFO - 26/04/12 04:25:48 INFO CheckpointFileManager: Renamed temp file hdfs://23133083thuyvan-master:9000/user/hive/checkpoints/air_quality_realtime/.metadata.1c00a818-1cba-44be-a1fd-1e0ddcc1556f.tmp to hdfs://23133083thuyvan-master:9000/user/hive/checkpoints/air_quality_realtime/metadata
[2026-04-12T04:25:48.609+0000] {subprocess.py:106} INFO - 26/04/12 04:25:48 INFO MicroBatchExecution: Starting [id = 46e5ad83-a953-440f-bb1b-14366f27bcb7, runId = 6694a792-bf23-4e70-a065-b001b7140820]. Use hdfs://23133083thuyvan-master:9000/user/hive/checkpoints/air_quality_realtime to store the query checkpoint.
[2026-04-12T04:25:48.620+0000] {subprocess.py:106} INFO - Streaming job started! Listening to 'weather-topic'...
[2026-04-12T04:25:48.628+0000] {subprocess.py:106} INFO - 26/04/12 04:25:48 INFO MicroBatchExecution: Reading table [org.apache.spark.sql.kafka010.KafkaSourceProvider$KafkaTable@40c9e7e7] from DataSourceV2 named 'kafka' [org.apache.spark.sql.kafka010.KafkaSourceProvider@7f1716dc]
[2026-04-12T04:25:48.686+0000] {subprocess.py:106} INFO - 26/04/12 04:25:48 INFO MicroBatchExecution: Finish initializing with logical plan:
[2026-04-12T04:25:48.686+0000] {subprocess.py:106} INFO - ~WriteToMicroBatchDataSourceV1 ForeachBatchSink, 46e5ad83-a953-440f-bb1b-14366f27bcb7, [checkpointLocation=hdfs://23133083thuyvan-master:9000/user/hive/checkpoints/air_quality_realtime], Append
[2026-04-12T04:25:48.687+0000] {subprocess.py:106} INFO - +- ~Project [timestamp#40, location#17, latitude#18, longitude#19, timezone#20, temperature_2m#21, relative_humidity_2m#22, apparent_temperature#23, precipitation#24, cloud_cover#25, wind_speed_10m#26, wind_direction_10m#27, wind_gusts_10m#28, uv_index#29, weather_code#30, european_aqi#31, us_aqi#32, pm10#33, pm2_5#34, carbon_monoxide#35, nitrogen_dioxide#36, sulphur_dioxide#37, ozone#38, processing_time#39, open-meteo AS data_source#41]
[2026-04-12T04:25:48.687+0000] {subprocess.py:106} INFO -    +- ~Project [to_timestamp(timestamp#16, None, TimestampType, Some(GMT), true) AS timestamp#40, location#17, latitude#18, longitude#19, timezone#20, temperature_2m#21, relative_humidity_2m#22, apparent_temperature#23, precipitation#24, cloud_cover#25, wind_speed_10m#26, wind_direction_10m#27, wind_gusts_10m#28, uv_index#29, weather_code#30, european_aqi#31, us_aqi#32, pm10#33, pm2_5#34, carbon_monoxide#35, nitrogen_dioxide#36, sulphur_dioxide#37, ozone#38, processing_time#39]
[2026-04-12T04:25:48.688+0000] {subprocess.py:106} INFO -       +- ~Project [timestamp#16, location#17, latitude#18, longitude#19, timezone#20, temperature_2m#21, relative_humidity_2m#22, apparent_temperature#23, precipitation#24, cloud_cover#25, wind_speed_10m#26, wind_direction_10m#27, wind_gusts_10m#28, uv_index#29, weather_code#30, european_aqi#31, us_aqi#32, pm10#33, pm2_5#34, carbon_monoxide#35, nitrogen_dioxide#36, sulphur_dioxide#37, ozone#38, current_timestamp() AS processing_time#39]
[2026-04-12T04:25:48.688+0000] {subprocess.py:106} INFO -          +- ~Project [data#15.timestamp AS timestamp#16, data#15.location AS location#17, data#15.latitude AS latitude#18, data#15.longitude AS longitude#19, data#15.timezone AS timezone#20, data#15.temperature_2m AS temperature_2m#21, data#15.relative_humidity_2m AS relative_humidity_2m#22, data#15.apparent_temperature AS apparent_temperature#23, data#15.precipitation AS precipitation#24, data#15.cloud_cover AS cloud_cover#25, data#15.wind_speed_10m AS wind_speed_10m#26, data#15.wind_direction_10m AS wind_direction_10m#27, data#15.wind_gusts_10m AS wind_gusts_10m#28, data#15.uv_index AS uv_index#29, data#15.weather_code AS weather_code#30, data#15.european_aqi AS european_aqi#31, data#15.us_aqi AS us_aqi#32, data#15.pm10 AS pm10#33, data#15.pm2_5 AS pm2_5#34, data#15.carbon_monoxide AS carbon_monoxide#35, data#15.nitrogen_dioxide AS nitrogen_dioxide#36, data#15.sulphur_dioxide AS sulphur_dioxide#37, data#15.ozone AS ozone#38]
[2026-04-12T04:25:48.689+0000] {subprocess.py:106} INFO -             +- ~Project [from_json(StructField(timestamp,StringType,true), StructField(location,StringType,true), StructField(latitude,DoubleType,true), StructField(longitude,DoubleType,true), StructField(timezone,StringType,true), StructField(temperature_2m,DoubleType,true), StructField(relative_humidity_2m,DoubleType,true), StructField(apparent_temperature,DoubleType,true), StructField(precipitation,DoubleType,true), StructField(cloud_cover,DoubleType,true), StructField(wind_speed_10m,DoubleType,true), StructField(wind_direction_10m,DoubleType,true), StructField(wind_gusts_10m,DoubleType,true), StructField(uv_index,DoubleType,true), StructField(weather_code,IntegerType,true), StructField(european_aqi,IntegerType,true), StructField(us_aqi,IntegerType,true), StructField(pm10,DoubleType,true), StructField(pm2_5,DoubleType,true), StructField(carbon_monoxide,DoubleType,true), StructField(nitrogen_dioxide,DoubleType,true), StructField(sulphur_dioxide,DoubleType,true), StructField(ozone,DoubleType,true), json#14, Some(GMT), ... 1 more fields) AS data#15]
[2026-04-12T04:25:48.689+0000] {subprocess.py:106} INFO -                +- ~Project [cast(value#8 as string) AS json#14]
[2026-04-12T04:25:48.690+0000] {subprocess.py:106} INFO -                   +- ~StreamingDataSourceV2ScanRelation[key#7, value#8, topic#9, partition#10, offset#11L, timestamp#12, timestampType#13] KafkaTable
[2026-04-12T04:25:48.690+0000] {subprocess.py:106} INFO - 
[2026-04-12T04:25:48.706+0000] {subprocess.py:106} INFO - 26/04/12 04:25:48 INFO OffsetSeqLog: BatchIds found from listing:
[2026-04-12T04:25:48.710+0000] {subprocess.py:106} INFO - 26/04/12 04:25:48 INFO OffsetSeqLog: BatchIds found from listing:
[2026-04-12T04:25:48.710+0000] {subprocess.py:106} INFO - 26/04/12 04:25:48 INFO MicroBatchExecution: Starting new streaming query.
[2026-04-12T04:25:48.717+0000] {subprocess.py:106} INFO - 26/04/12 04:25:48 INFO MicroBatchExecution: Stream started from {}
[2026-04-12T04:25:48.778+0000] {subprocess.py:106} INFO - 26/04/12 04:25:48 INFO AdminClientConfig: AdminClientConfig values:
[2026-04-12T04:25:48.778+0000] {subprocess.py:106} INFO - 	auto.include.jmx.reporter = true
[2026-04-12T04:25:48.779+0000] {subprocess.py:106} INFO - 	bootstrap.controllers = []
[2026-04-12T04:25:48.779+0000] {subprocess.py:106} INFO - 	bootstrap.servers = [kafka:9092]
[2026-04-12T04:25:48.779+0000] {subprocess.py:106} INFO - 	client.dns.lookup = use_all_dns_ips
[2026-04-12T04:25:48.780+0000] {subprocess.py:106} INFO - 	client.id =
[2026-04-12T04:25:48.780+0000] {subprocess.py:106} INFO - 	connections.max.idle.ms = 300000
[2026-04-12T04:25:48.781+0000] {subprocess.py:106} INFO - 	default.api.timeout.ms = 60000
[2026-04-12T04:25:48.781+0000] {subprocess.py:106} INFO - 	enable.metrics.push = true
[2026-04-12T04:25:48.782+0000] {subprocess.py:106} INFO - 	metadata.max.age.ms = 300000
[2026-04-12T04:25:48.782+0000] {subprocess.py:106} INFO - 	metadata.recovery.strategy = none
[2026-04-12T04:25:48.783+0000] {subprocess.py:106} INFO - 	metric.reporters = []
[2026-04-12T04:25:48.783+0000] {subprocess.py:106} INFO - 	metrics.num.samples = 2
[2026-04-12T04:25:48.783+0000] {subprocess.py:106} INFO - 	metrics.recording.level = INFO
[2026-04-12T04:25:48.784+0000] {subprocess.py:106} INFO - 	metrics.sample.window.ms = 30000
[2026-04-12T04:25:48.784+0000] {subprocess.py:106} INFO - 	receive.buffer.bytes = 65536
[2026-04-12T04:25:48.784+0000] {subprocess.py:106} INFO - 	reconnect.backoff.max.ms = 1000
[2026-04-12T04:25:48.785+0000] {subprocess.py:106} INFO - 	reconnect.backoff.ms = 50
[2026-04-12T04:25:48.785+0000] {subprocess.py:106} INFO - 	request.timeout.ms = 30000
[2026-04-12T04:25:48.786+0000] {subprocess.py:106} INFO - 	retries = 2147483647
[2026-04-12T04:25:48.786+0000] {subprocess.py:106} INFO - 	retry.backoff.max.ms = 1000
[2026-04-12T04:25:48.786+0000] {subprocess.py:106} INFO - 	retry.backoff.ms = 100
[2026-04-12T04:25:48.787+0000] {subprocess.py:106} INFO - 	sasl.client.callback.handler.class = null
[2026-04-12T04:25:48.787+0000] {subprocess.py:106} INFO - 	sasl.jaas.config = null
[2026-04-12T04:25:48.788+0000] {subprocess.py:106} INFO - 	sasl.kerberos.kinit.cmd = /usr/bin/kinit
[2026-04-12T04:25:48.788+0000] {subprocess.py:106} INFO - 	sasl.kerberos.min.time.before.relogin = 60000
[2026-04-12T04:25:48.789+0000] {subprocess.py:106} INFO - 	sasl.kerberos.service.name = null
[2026-04-12T04:25:48.789+0000] {subprocess.py:106} INFO - 	sasl.kerberos.ticket.renew.jitter = 0.05
[2026-04-12T04:25:48.790+0000] {subprocess.py:106} INFO - 	sasl.kerberos.ticket.renew.window.factor = 0.8
[2026-04-12T04:25:48.790+0000] {subprocess.py:106} INFO - 	sasl.login.callback.handler.class = null
[2026-04-12T04:25:48.791+0000] {subprocess.py:106} INFO - 	sasl.login.class = null
[2026-04-12T04:25:48.791+0000] {subprocess.py:106} INFO - 	sasl.login.connect.timeout.ms = null
[2026-04-12T04:25:48.791+0000] {subprocess.py:106} INFO - 	sasl.login.read.timeout.ms = null
[2026-04-12T04:25:48.792+0000] {subprocess.py:106} INFO - 	sasl.login.refresh.buffer.seconds = 300
[2026-04-12T04:25:48.792+0000] {subprocess.py:106} INFO - 	sasl.login.refresh.min.period.seconds = 60
[2026-04-12T04:25:48.792+0000] {subprocess.py:106} INFO - 	sasl.login.refresh.window.factor = 0.8
[2026-04-12T04:25:48.793+0000] {subprocess.py:106} INFO - 	sasl.login.refresh.window.jitter = 0.05
[2026-04-12T04:25:48.793+0000] {subprocess.py:106} INFO - 	sasl.login.retry.backoff.max.ms = 10000
[2026-04-12T04:25:48.793+0000] {subprocess.py:106} INFO - 	sasl.login.retry.backoff.ms = 100
[2026-04-12T04:25:48.794+0000] {subprocess.py:106} INFO - 	sasl.mechanism = GSSAPI
[2026-04-12T04:25:48.794+0000] {subprocess.py:106} INFO - 	sasl.oauthbearer.clock.skew.seconds = 30
[2026-04-12T04:25:48.794+0000] {subprocess.py:106} INFO - 	sasl.oauthbearer.expected.audience = null
[2026-04-12T04:25:48.795+0000] {subprocess.py:106} INFO - 	sasl.oauthbearer.expected.issuer = null
[2026-04-12T04:25:48.795+0000] {subprocess.py:106} INFO - 	sasl.oauthbearer.header.urlencode = false
[2026-04-12T04:25:48.796+0000] {subprocess.py:106} INFO - 	sasl.oauthbearer.jwks.endpoint.refresh.ms = 3600000
[2026-04-12T04:25:48.796+0000] {subprocess.py:106} INFO - 	sasl.oauthbearer.jwks.endpoint.retry.backoff.max.ms = 10000
[2026-04-12T04:25:48.796+0000] {subprocess.py:106} INFO - 	sasl.oauthbearer.jwks.endpoint.retry.backoff.ms = 100
[2026-04-12T04:25:48.797+0000] {subprocess.py:106} INFO - 	sasl.oauthbearer.jwks.endpoint.url = null
[2026-04-12T04:25:48.797+0000] {subprocess.py:106} INFO - 	sasl.oauthbearer.scope.claim.name = scope
[2026-04-12T04:25:48.798+0000] {subprocess.py:106} INFO - 	sasl.oauthbearer.sub.claim.name = sub
[2026-04-12T04:25:48.798+0000] {subprocess.py:106} INFO - 	sasl.oauthbearer.token.endpoint.url = null
[2026-04-12T04:25:48.798+0000] {subprocess.py:106} INFO - 	security.protocol = PLAINTEXT
[2026-04-12T04:25:48.798+0000] {subprocess.py:106} INFO - 	security.providers = null
[2026-04-12T04:25:48.799+0000] {subprocess.py:106} INFO - 	send.buffer.bytes = 131072
[2026-04-12T04:25:48.799+0000] {subprocess.py:106} INFO - 	socket.connection.setup.timeout.max.ms = 30000
[2026-04-12T04:25:48.799+0000] {subprocess.py:106} INFO - 	socket.connection.setup.timeout.ms = 10000
[2026-04-12T04:25:48.800+0000] {subprocess.py:106} INFO - 	ssl.cipher.suites = null
[2026-04-12T04:25:48.800+0000] {subprocess.py:106} INFO - 	ssl.enabled.protocols = [TLSv1.2, TLSv1.3]
[2026-04-12T04:25:48.800+0000] {subprocess.py:106} INFO - 	ssl.endpoint.identification.algorithm = https
[2026-04-12T04:25:48.801+0000] {subprocess.py:106} INFO - 	ssl.engine.factory.class = null
[2026-04-12T04:25:48.801+0000] {subprocess.py:106} INFO - 	ssl.key.password = null
[2026-04-12T04:25:48.802+0000] {subprocess.py:106} INFO - 	ssl.keymanager.algorithm = SunX509
[2026-04-12T04:25:48.802+0000] {subprocess.py:106} INFO - 	ssl.keystore.certificate.chain = null
[2026-04-12T04:25:48.802+0000] {subprocess.py:106} INFO - 	ssl.keystore.key = null
[2026-04-12T04:25:48.803+0000] {subprocess.py:106} INFO - 	ssl.keystore.location = null
[2026-04-12T04:25:48.803+0000] {subprocess.py:106} INFO - 	ssl.keystore.password = null
[2026-04-12T04:25:48.804+0000] {subprocess.py:106} INFO - 	ssl.keystore.type = JKS
[2026-04-12T04:25:48.804+0000] {subprocess.py:106} INFO - 	ssl.protocol = TLSv1.3
[2026-04-12T04:25:48.805+0000] {subprocess.py:106} INFO - 	ssl.provider = null
[2026-04-12T04:25:48.805+0000] {subprocess.py:106} INFO - 	ssl.secure.random.implementation = null
[2026-04-12T04:25:48.805+0000] {subprocess.py:106} INFO - 	ssl.trustmanager.algorithm = PKIX
[2026-04-12T04:25:48.806+0000] {subprocess.py:106} INFO - 	ssl.truststore.certificates = null
[2026-04-12T04:25:48.806+0000] {subprocess.py:106} INFO - 	ssl.truststore.location = null
[2026-04-12T04:25:48.807+0000] {subprocess.py:106} INFO - 	ssl.truststore.password = null
[2026-04-12T04:25:48.807+0000] {subprocess.py:106} INFO - 	ssl.truststore.type = JKS
[2026-04-12T04:25:48.807+0000] {subprocess.py:106} INFO - 
[2026-04-12T04:25:48.874+0000] {subprocess.py:106} INFO - 26/04/12 04:25:48 INFO AdminClientConfig: These configurations '[key.deserializer, value.deserializer, enable.auto.commit, max.poll.records, auto.offset.reset]' were supplied but are not used yet.
[2026-04-12T04:25:48.877+0000] {subprocess.py:106} INFO - 26/04/12 04:25:48 INFO AppInfoParser: Kafka version: 3.9.0
[2026-04-12T04:25:48.878+0000] {subprocess.py:106} INFO - 26/04/12 04:25:48 INFO AppInfoParser: Kafka commitId: 84caaa6e9da06435
[2026-04-12T04:25:48.878+0000] {subprocess.py:106} INFO - 26/04/12 04:25:48 INFO AppInfoParser: Kafka startTimeMs: 1775967948872
[2026-04-12T04:25:49.538+0000] {subprocess.py:106} INFO - 26/04/12 04:25:49 INFO CheckpointFileManager: Writing atomically to hdfs://23133083thuyvan-master:9000/user/hive/checkpoints/air_quality_realtime/sources/0/0 using temp file hdfs://23133083thuyvan-master:9000/user/hive/checkpoints/air_quality_realtime/sources/0/.0.4dcdaf97-c887-4a80-b5cc-bec2676a1152.tmp
[2026-04-12T04:25:49.968+0000] {subprocess.py:106} INFO - 26/04/12 04:25:49 INFO CheckpointFileManager: Renamed temp file hdfs://23133083thuyvan-master:9000/user/hive/checkpoints/air_quality_realtime/sources/0/.0.4dcdaf97-c887-4a80-b5cc-bec2676a1152.tmp to hdfs://23133083thuyvan-master:9000/user/hive/checkpoints/air_quality_realtime/sources/0/0
[2026-04-12T04:25:49.969+0000] {subprocess.py:106} INFO - 26/04/12 04:25:49 INFO KafkaMicroBatchStream: Initial offsets: {"weather-topic":{"0":11,"1":16,"2":13}}
[2026-04-12T04:25:49.999+0000] {subprocess.py:106} INFO - 26/04/12 04:25:49 INFO CheckpointFileManager: Writing atomically to hdfs://23133083thuyvan-master:9000/user/hive/checkpoints/air_quality_realtime/offsets/0 using temp file hdfs://23133083thuyvan-master:9000/user/hive/checkpoints/air_quality_realtime/offsets/.0.ce12ee94-0d53-4df7-9ca2-1a91b9447f10.tmp
[2026-04-12T04:25:50.441+0000] {subprocess.py:106} INFO - 26/04/12 04:25:50 INFO CheckpointFileManager: Renamed temp file hdfs://23133083thuyvan-master:9000/user/hive/checkpoints/air_quality_realtime/offsets/.0.ce12ee94-0d53-4df7-9ca2-1a91b9447f10.tmp to hdfs://23133083thuyvan-master:9000/user/hive/checkpoints/air_quality_realtime/offsets/0
[2026-04-12T04:25:50.444+0000] {subprocess.py:106} INFO - 26/04/12 04:25:50 INFO MicroBatchExecution: Committed offsets for batch 0. Metadata OffsetSeqMetadata(0,1775967949987,HashMap(spark.sql.streaming.stateStore.providerClass -> org.apache.spark.sql.execution.streaming.state.HDFSBackedStateStoreProvider, spark.sql.streaming.stateStore.rocksdb.formatVersion -> 5, spark.sql.streaming.stateStore.encodingFormat -> unsaferow, spark.sql.streaming.statefulOperator.useStrictDistribution -> true, spark.sql.streaming.flatMapGroupsWithState.stateFormatVersion -> 2, spark.sql.streaming.multipleWatermarkPolicy -> min, spark.sql.streaming.aggregation.stateFormatVersion -> 2, spark.sql.shuffle.partitions -> 50, spark.sql.streaming.join.stateFormatVersion -> 2, spark.sql.streaming.stateStore.compression.codec -> lz4, spark.sql.optimizer.pruneFiltersCanPruneStreamingSubplan -> false))
[2026-04-12T04:25:50.571+0000] {subprocess.py:106} INFO - 26/04/12 04:25:50 INFO IncrementalExecution: Current batch timestamp = 1775967949987
[2026-04-12T04:25:50.727+0000] {subprocess.py:106} INFO - 26/04/12 04:25:50 INFO IncrementalExecution: Current batch timestamp = 1775967949987
[2026-04-12T04:25:51.278+0000] {subprocess.py:106} INFO - 26/04/12 04:25:51 INFO CodeGenerator: Code generated in 354.422031 ms
[2026-04-12T04:25:51.283+0000] {subprocess.py:106} INFO - 26/04/12 04:25:51 INFO KafkaOffsetReaderAdmin: Partitions added: Map()
[2026-04-12T04:25:51.666+0000] {subprocess.py:106} INFO - 26/04/12 04:25:51 INFO CodeGenerator: Code generated in 20.407778 ms
[2026-04-12T04:25:51.705+0000] {subprocess.py:106} INFO - 26/04/12 04:25:51 INFO CodeGenerator: Code generated in 26.314949 ms
[2026-04-12T04:25:51.816+0000] {subprocess.py:106} INFO - 26/04/12 04:25:51 INFO SparkContext: Starting job: start at NativeMethodAccessorImpl.java:0
[2026-04-12T04:25:51.833+0000] {subprocess.py:106} INFO - 26/04/12 04:25:51 INFO DAGScheduler: Registering RDD 6 (start at NativeMethodAccessorImpl.java:0) as input to shuffle 0
[2026-04-12T04:25:51.842+0000] {subprocess.py:106} INFO - 26/04/12 04:25:51 INFO DAGScheduler: Got job 0 (start at NativeMethodAccessorImpl.java:0) with 1 output partitions
[2026-04-12T04:25:51.844+0000] {subprocess.py:106} INFO - 26/04/12 04:25:51 INFO DAGScheduler: Final stage: ResultStage 1 (start at NativeMethodAccessorImpl.java:0)
[2026-04-12T04:25:51.846+0000] {subprocess.py:106} INFO - 26/04/12 04:25:51 INFO DAGScheduler: Parents of final stage: List(ShuffleMapStage 0)
[2026-04-12T04:25:51.849+0000] {subprocess.py:106} INFO - 26/04/12 04:25:51 INFO DAGScheduler: Missing parents: List()
[2026-04-12T04:25:51.851+0000] {subprocess.py:106} INFO - 26/04/12 04:25:51 INFO DAGScheduler: Submitting ResultStage 1 (MapPartitionsRDD[9] at start at NativeMethodAccessorImpl.java:0), which has no missing parents
[2026-04-12T04:25:51.890+0000] {subprocess.py:106} INFO - 26/04/12 04:25:51 INFO MemoryStore: MemoryStore started with capacity 1048.8 MiB
[2026-04-12T04:25:51.922+0000] {subprocess.py:106} INFO - 26/04/12 04:25:51 INFO MemoryStore: Block broadcast_0 stored as values in memory (estimated size 13.6 KiB, free 1048.8 MiB)
[2026-04-12T04:25:51.972+0000] {subprocess.py:106} INFO - 26/04/12 04:25:51 INFO MemoryStore: Block broadcast_0_piece0 stored as bytes in memory (estimated size 6.5 KiB, free 1048.8 MiB)
[2026-04-12T04:25:51.991+0000] {subprocess.py:106} INFO - 26/04/12 04:25:51 INFO SparkContext: Created broadcast 0 from broadcast at DAGScheduler.scala:1676
[2026-04-12T04:25:52.019+0000] {subprocess.py:106} INFO - 26/04/12 04:25:52 INFO DAGScheduler: Submitting 1 missing tasks from ResultStage 1 (MapPartitionsRDD[9] at start at NativeMethodAccessorImpl.java:0) (first 15 tasks are for partitions Vector(0))
[2026-04-12T04:25:52.023+0000] {subprocess.py:106} INFO - 26/04/12 04:25:52 INFO TaskSchedulerImpl: Adding task set 1.0 with 1 tasks resource profile 0
[2026-04-12T04:25:52.067+0000] {subprocess.py:106} INFO - 26/04/12 04:25:52 INFO TaskSetManager: Starting task 0.0 in stage 1.0 (TID 0) (spark-master,executor driver, partition 0, PROCESS_LOCAL, 12446 bytes)
[2026-04-12T04:25:52.085+0000] {subprocess.py:106} INFO - 26/04/12 04:25:52 INFO Executor: Running task 0.0 in stage 1.0 (TID 0)
[2026-04-12T04:25:52.204+0000] {subprocess.py:106} INFO - 26/04/12 04:25:52 INFO ShuffleBlockFetcherIterator: Getting 0 (0.0 B) non-empty blocks including 0 (0.0 B) local and 0 (0.0 B) host-local and 0 (0.0 B) push-merged-local and 0 (0.0 B) remote blocks
[2026-04-12T04:25:52.209+0000] {subprocess.py:106} INFO - 26/04/12 04:25:52 INFO ShuffleBlockFetcherIterator: Started 0 remote fetches in 21 ms
[2026-04-12T04:25:52.248+0000] {subprocess.py:106} INFO - 26/04/12 04:25:52 INFO CodeGenerator: Code generated in 31.483367 ms
[2026-04-12T04:25:52.284+0000] {subprocess.py:106} INFO - 26/04/12 04:25:52 INFO Executor: Finished task 0.0 in stage 1.0 (TID 0). 3931 bytes result sent to driver
[2026-04-12T04:25:52.301+0000] {subprocess.py:106} INFO - 26/04/12 04:25:52 INFO TaskSetManager: Finished task 0.0 in stage 1.0 (TID 0) in 250 ms on spark-master (executor driver) (1/1)
[2026-04-12T04:25:52.304+0000] {subprocess.py:106} INFO - 26/04/12 04:25:52 INFO TaskSchedulerImpl: Removed TaskSet 1.0 whose tasks have all completed, from pool
[2026-04-12T04:25:52.311+0000] {subprocess.py:106} INFO - 26/04/12 04:25:52 INFO DAGScheduler: ResultStage 1 (start at NativeMethodAccessorImpl.java:0) finished in 444 ms
[2026-04-12T04:25:52.315+0000] {subprocess.py:106} INFO - 26/04/12 04:25:52 INFO DAGScheduler: Job 0 is finished. Cancelling potential speculative or zombie tasks for this job
[2026-04-12T04:25:52.315+0000] {subprocess.py:106} INFO - 26/04/12 04:25:52 INFO TaskSchedulerImpl: Canceling stage 1
[2026-04-12T04:25:52.317+0000] {subprocess.py:106} INFO - 26/04/12 04:25:52 INFO TaskSchedulerImpl: Killing all running tasks in stage 1: Stage finished
[2026-04-12T04:25:52.322+0000] {subprocess.py:106} INFO - 26/04/12 04:25:52 INFO DAGScheduler: Job 0 finished: start at NativeMethodAccessorImpl.java:0, took 505.908168 ms
[2026-04-12T04:25:52.347+0000] {subprocess.py:106} INFO - 26/04/12 04:25:52 INFO CheckpointFileManager: Writing atomically to hdfs://23133083thuyvan-master:9000/user/hive/checkpoints/air_quality_realtime/commits/0 using temp file hdfs://23133083thuyvan-master:9000/user/hive/checkpoints/air_quality_realtime/commits/.0.2172ee4b-0d9b-4d67-bd4c-810ed68296fa.tmp
[2026-04-12T04:25:52.939+0000] {subprocess.py:106} INFO - 26/04/12 04:25:52 INFO CheckpointFileManager: Renamed temp file hdfs://23133083thuyvan-master:9000/user/hive/checkpoints/air_quality_realtime/commits/.0.2172ee4b-0d9b-4d67-bd4c-810ed68296fa.tmp to hdfs://23133083thuyvan-master:9000/user/hive/checkpoints/air_quality_realtime/commits/0
[2026-04-12T04:25:52.956+0000] {subprocess.py:106} INFO - 26/04/12 04:25:52 INFO MicroBatchExecutionContext: Extracting source progress metrics for source=KafkaV2[Subscribe[weather-topic]] took duration_ms=3
[2026-04-12T04:25:52.958+0000] {subprocess.py:106} INFO - 26/04/12 04:25:52 INFO MicroBatchExecutionContext: Extracting sink progress metrics for sink=ForeachBatchSink took duration_ms=0
[2026-04-12T04:25:52.976+0000] {subprocess.py:106} INFO - 26/04/12 04:25:52 INFO ProgressReporter: Streaming query made progress: {
[2026-04-12T04:25:52.977+0000] {subprocess.py:106} INFO -   "id" : "46e5ad83-a953-440f-bb1b-14366f27bcb7",
[2026-04-12T04:25:52.977+0000] {subprocess.py:106} INFO -   "runId" : "6694a792-bf23-4e70-a065-b001b7140820",
[2026-04-12T04:25:52.978+0000] {subprocess.py:106} INFO -   "name" : null,
[2026-04-12T04:25:52.978+0000] {subprocess.py:106} INFO -   "timestamp" : "2026-04-12T04:25:48.717Z",
[2026-04-12T04:25:52.978+0000] {subprocess.py:106} INFO -   "batchId" : 0,
[2026-04-12T04:25:52.978+0000] {subprocess.py:106} INFO -   "batchDuration" : 4224,
[2026-04-12T04:25:52.979+0000] {subprocess.py:106} INFO -   "numInputRows" : 0,
[2026-04-12T04:25:52.979+0000] {subprocess.py:106} INFO -   "inputRowsPerSecond" : 0.0,
[2026-04-12T04:25:52.979+0000] {subprocess.py:106} INFO -   "processedRowsPerSecond" : 0.0,
[2026-04-12T04:25:52.980+0000] {subprocess.py:106} INFO -   "durationMs" : {
[2026-04-12T04:25:52.980+0000] {subprocess.py:106} INFO -     "addBatch" : 1628,
[2026-04-12T04:25:52.980+0000] {subprocess.py:106} INFO -     "commitOffsets" : 604,
[2026-04-12T04:25:52.981+0000] {subprocess.py:106} INFO -     "getBatch" : 39,
[2026-04-12T04:25:52.981+0000] {subprocess.py:106} INFO -     "latestOffset" : 1262,
[2026-04-12T04:25:52.981+0000] {subprocess.py:106} INFO -     "queryPlanning" : 204,
[2026-04-12T04:25:52.981+0000] {subprocess.py:106} INFO -     "triggerExecution" : 4219,
[2026-04-12T04:25:52.982+0000] {subprocess.py:106} INFO -     "walCommit" : 452
[2026-04-12T04:25:52.982+0000] {subprocess.py:106} INFO -   },
[2026-04-12T04:25:52.982+0000] {subprocess.py:106} INFO -   "stateOperators" : [ ],
[2026-04-12T04:25:52.983+0000] {subprocess.py:106} INFO -   "sources" : [ {
[2026-04-12T04:25:52.983+0000] {subprocess.py:106} INFO -     "description" : "KafkaV2[Subscribe[weather-topic]]",
[2026-04-12T04:25:52.983+0000] {subprocess.py:106} INFO -     "startOffset" : null,
[2026-04-12T04:25:52.984+0000] {subprocess.py:106} INFO -     "endOffset" : {
[2026-04-12T04:25:52.984+0000] {subprocess.py:106} INFO -       "weather-topic" : {
[2026-04-12T04:25:52.985+0000] {subprocess.py:106} INFO -         "0" : 11,
[2026-04-12T04:25:52.985+0000] {subprocess.py:106} INFO -         "1" : 16,
[2026-04-12T04:25:52.985+0000] {subprocess.py:106} INFO -         "2" : 13
[2026-04-12T04:25:52.986+0000] {subprocess.py:106} INFO -       }
[2026-04-12T04:25:52.986+0000] {subprocess.py:106} INFO -     },
[2026-04-12T04:25:52.987+0000] {subprocess.py:106} INFO -     "latestOffset" : {
[2026-04-12T04:25:52.987+0000] {subprocess.py:106} INFO -       "weather-topic" : {
[2026-04-12T04:25:52.987+0000] {subprocess.py:106} INFO -         "0" : 11,
[2026-04-12T04:25:52.988+0000] {subprocess.py:106} INFO -         "1" : 16,
[2026-04-12T04:25:52.988+0000] {subprocess.py:106} INFO -         "2" : 13
[2026-04-12T04:25:52.988+0000] {subprocess.py:106} INFO -       }
[2026-04-12T04:25:52.989+0000] {subprocess.py:106} INFO -     },
[2026-04-12T04:25:52.989+0000] {subprocess.py:106} INFO -     "numInputRows" : 0,
[2026-04-12T04:25:52.989+0000] {subprocess.py:106} INFO -     "inputRowsPerSecond" : 0.0,
[2026-04-12T04:25:52.990+0000] {subprocess.py:106} INFO -     "processedRowsPerSecond" : 0.0,
[2026-04-12T04:25:52.990+0000] {subprocess.py:106} INFO -     "metrics" : {
[2026-04-12T04:25:52.990+0000] {subprocess.py:106} INFO -       "avgOffsetsBehindLatest" : "0.0",
[2026-04-12T04:25:52.991+0000] {subprocess.py:106} INFO -       "maxOffsetsBehindLatest" : "0",
[2026-04-12T04:25:52.991+0000] {subprocess.py:106} INFO -       "minOffsetsBehindLatest" : "0"
[2026-04-12T04:25:52.991+0000] {subprocess.py:106} INFO -     }
[2026-04-12T04:25:52.992+0000] {subprocess.py:106} INFO -   } ],
[2026-04-12T04:25:52.992+0000] {subprocess.py:106} INFO -   "sink" : {
[2026-04-12T04:25:52.992+0000] {subprocess.py:106} INFO -     "description" : "ForeachBatchSink",
[2026-04-12T04:25:52.992+0000] {subprocess.py:106} INFO -     "numOutputRows" : -1
[2026-04-12T04:25:52.993+0000] {subprocess.py:106} INFO -   }
[2026-04-12T04:25:52.993+0000] {subprocess.py:106} INFO - }
[2026-04-12T04:26:00.025+0000] {subprocess.py:106} INFO - 26/04/12 04:26:00 INFO MicroBatchExecutionContext: Extracting source progress metrics for source=KafkaV2[Subscribe[weather-topic]] took duration_ms=0
[2026-04-12T04:26:00.026+0000] {subprocess.py:106} INFO - 26/04/12 04:26:00 INFO MicroBatchExecutionContext: Extracting sink progress metrics for sink=ForeachBatchSink took duration_ms=0
[2026-04-12T04:26:30.020+0000] {subprocess.py:106} INFO - 26/04/12 04:26:30 INFO MicroBatchExecutionContext: Extracting source progress metrics for source=KafkaV2[Subscribe[weather-topic]] took duration_ms=0
[2026-04-12T04:26:30.021+0000] {subprocess.py:106} INFO - 26/04/12 04:26:30 INFO MicroBatchExecutionContext: Extracting sink progress metrics for sink=ForeachBatchSink took duration_ms=0
[2026-04-12T04:26:30.023+0000] {subprocess.py:106} INFO - 26/04/12 04:26:30 INFO ProgressReporter: Streaming query has been idle and waiting for new data more than 10000 ms.
[2026-04-12T04:27:00.013+0000] {subprocess.py:106} INFO - 26/04/12 04:27:00 INFO MicroBatchExecutionContext: Extracting source progress metrics for source=KafkaV2[Subscribe[weather-topic]] took duration_ms=0
[2026-04-12T04:27:00.014+0000] {subprocess.py:106} INFO - 26/04/12 04:27:00 INFO MicroBatchExecutionContext: Extracting sink progress metrics for sink=ForeachBatchSink took duration_ms=0
[2026-04-12T04:27:00.014+0000] {subprocess.py:106} INFO - 26/04/12 04:27:00 INFO ProgressReporter: Streaming query has been idle and waiting for new data more than 10000 ms.
[2026-04-12T04:27:24.035+0000] {local_task_job_runner.py:346} WARNING - State of this instance has been externally set to None. Terminating instance.
[2026-04-12T04:27:24.036+0000] {local_task_job_runner.py:245} INFO - ::endgroup::
[2026-04-12T04:27:24.038+0000] {process_utils.py:132} INFO - Sending 15 to group 11080. PIDs of all processes in the group: [11093, 11080]
[2026-04-12T04:27:24.038+0000] {process_utils.py:87} INFO - Sending the signal 15 to group 11080
[2026-04-12T04:27:24.039+0000] {taskinstance.py:3093} ERROR - Received SIGTERM. Terminating subprocesses.
[2026-04-12T04:27:24.040+0000] {subprocess.py:117} INFO - Sending SIGTERM signal to process group
[2026-04-12T04:27:24.063+0000] {taskinstance.py:3311} ERROR - Task failed with exception
Traceback (most recent call last):
  File "/home/airflow/airflow/venv/lib/python3.12/site-packages/airflow/models/taskinstance.py", line 767, in _execute_task
    result = _execute_callable(context=context, **execute_callable_kwargs)
             ^^^^^^^^^^^^^^^^^^^^^^^^^^^^^^^^^^^^^^^^^^^^^^^^^^^^^^^^^^^^^
  File "/home/airflow/airflow/venv/lib/python3.12/site-packages/airflow/models/taskinstance.py", line 733, in _execute_callable
    return ExecutionCallableRunner(
           ^^^^^^^^^^^^^^^^^^^^^^^^
  File "/home/airflow/airflow/venv/lib/python3.12/site-packages/airflow/utils/operator_helpers.py", line 252, in run
    return self.func(*args, **kwargs)
           ^^^^^^^^^^^^^^^^^^^^^^^^^^
  File "/home/airflow/airflow/venv/lib/python3.12/site-packages/airflow/models/baseoperator.py", line 422, in wrapper
    return func(self, *args, **kwargs)
           ^^^^^^^^^^^^^^^^^^^^^^^^^^^
  File "/home/airflow/airflow/venv/lib/python3.12/site-packages/airflow/operators/bash.py", line 257, in execute
    result = self._run_inline_command(bash_path=bash_path, env=env)
             ^^^^^^^^^^^^^^^^^^^^^^^^^^^^^^^^^^^^^^^^^^^^^^^^^^^^^^
  File "/home/airflow/airflow/venv/lib/python3.12/site-packages/airflow/operators/bash.py", line 284, in _run_inline_command
    return self.subprocess_hook.run_command(
           ^^^^^^^^^^^^^^^^^^^^^^^^^^^^^^^^^
  File "/home/airflow/airflow/venv/lib/python3.12/site-packages/airflow/hooks/subprocess.py", line 104, in run_command
    for raw_line in iter(self.sub_process.stdout.readline, b""):
                    ^^^^^^^^^^^^^^^^^^^^^^^^^^^^^^^^^^^^^^^^^^^
  File "/home/airflow/airflow/venv/lib/python3.12/site-packages/airflow/models/taskinstance.py", line 3095, in signal_handler
    raise AirflowTaskTerminated("Task received SIGTERM signal")
airflow.exceptions.AirflowTaskTerminated: Task received SIGTERM signal
[2026-04-12T04:27:24.079+0000] {taskinstance.py:1225} INFO - Marking task as FAILED. dag_id=weather_real_time_pipeline_v2, task_id=start_spark_streaming_job, run_id=scheduled__2026-04-11T16:10:00+00:00, execution_date=20260411T161000, start_date=20260412T042509, end_date=20260412T042724
[2026-04-12T04:27:24.106+0000] {taskinstance.py:340} INFO - ::group::Post task execution logs
[2026-04-12T04:27:24.108+0000] {standard_task_runner.py:124} ERROR - Failed to execute job 230 for task start_spark_streaming_job ((psycopg2.errors.ForeignKeyViolation) insert or update on table "task_fail" violates foreign key constraint "task_fail_ti_fkey"
DETAIL:  Key (dag_id, task_id, run_id, map_index)=(weather_real_time_pipeline_v2, start_spark_streaming_job, scheduled__2026-04-11T16:10:00+00:00, -1) is not present in table "task_instance".

[SQL: INSERT INTO task_fail (task_id, dag_id, run_id, map_index, start_date, end_date, duration) VALUES (%(task_id)s, %(dag_id)s, %(run_id)s, %(map_index)s, %(start_date)s, %(end_date)s, %(duration)s) RETURNING task_fail.id]
[parameters: {'task_id': 'start_spark_streaming_job', 'dag_id': 'weather_real_time_pipeline_v2', 'run_id': 'scheduled__2026-04-11T16:10:00+00:00', 'map_index': -1, 'start_date': datetime.datetime(2026, 4, 12, 4, 25, 9, 317663, tzinfo=Timezone('UTC')), 'end_date': datetime.datetime(2026, 4, 12, 4, 27, 24, 77994, tzinfo=Timezone('UTC')), 'duration': 134}]
(Background on this error at: https://sqlalche.me/e/14/gkpj); 11080)
Traceback (most recent call last):
  File "/home/airflow/airflow/venv/lib/python3.12/site-packages/airflow/models/taskinstance.py", line 273, in _run_raw_task
    TaskInstance._execute_task_with_callbacks(
  File "/home/airflow/airflow/venv/lib/python3.12/site-packages/airflow/models/taskinstance.py", line 3159, in _execute_task_with_callbacks
    result = self._execute_task(context, task_orig)
             ^^^^^^^^^^^^^^^^^^^^^^^^^^^^^^^^^^^^^^
  File "/home/airflow/airflow/venv/lib/python3.12/site-packages/airflow/models/taskinstance.py", line 3183, in _execute_task
    return _execute_task(self, context, task_orig)
           ^^^^^^^^^^^^^^^^^^^^^^^^^^^^^^^^^^^^^^^
  File "/home/airflow/airflow/venv/lib/python3.12/site-packages/airflow/models/taskinstance.py", line 767, in _execute_task
    result = _execute_callable(context=context, **execute_callable_kwargs)
             ^^^^^^^^^^^^^^^^^^^^^^^^^^^^^^^^^^^^^^^^^^^^^^^^^^^^^^^^^^^^^
  File "/home/airflow/airflow/venv/lib/python3.12/site-packages/airflow/models/taskinstance.py", line 733, in _execute_callable
    return ExecutionCallableRunner(
           ^^^^^^^^^^^^^^^^^^^^^^^^
  File "/home/airflow/airflow/venv/lib/python3.12/site-packages/airflow/utils/operator_helpers.py", line 252, in run
    return self.func(*args, **kwargs)
           ^^^^^^^^^^^^^^^^^^^^^^^^^^
  File "/home/airflow/airflow/venv/lib/python3.12/site-packages/airflow/models/baseoperator.py", line 422, in wrapper
    return func(self, *args, **kwargs)
           ^^^^^^^^^^^^^^^^^^^^^^^^^^^
  File "/home/airflow/airflow/venv/lib/python3.12/site-packages/airflow/operators/bash.py", line 257, in execute
    result = self._run_inline_command(bash_path=bash_path, env=env)
             ^^^^^^^^^^^^^^^^^^^^^^^^^^^^^^^^^^^^^^^^^^^^^^^^^^^^^^
  File "/home/airflow/airflow/venv/lib/python3.12/site-packages/airflow/operators/bash.py", line 284, in _run_inline_command
    return self.subprocess_hook.run_command(
           ^^^^^^^^^^^^^^^^^^^^^^^^^^^^^^^^^
  File "/home/airflow/airflow/venv/lib/python3.12/site-packages/airflow/hooks/subprocess.py", line 104, in run_command
    for raw_line in iter(self.sub_process.stdout.readline, b""):
                    ^^^^^^^^^^^^^^^^^^^^^^^^^^^^^^^^^^^^^^^^^^^
  File "/home/airflow/airflow/venv/lib/python3.12/site-packages/airflow/models/taskinstance.py", line 3095, in signal_handler
    raise AirflowTaskTerminated("Task received SIGTERM signal")
airflow.exceptions.AirflowTaskTerminated: Task received SIGTERM signal

During handling of the above exception, another exception occurred:

Traceback (most recent call last):
  File "/home/airflow/airflow/venv/lib/python3.12/site-packages/sqlalchemy/engine/base.py", line 1910, in _execute_context
    self.dialect.do_execute(
  File "/home/airflow/airflow/venv/lib/python3.12/site-packages/sqlalchemy/engine/default.py", line 736, in do_execute
    cursor.execute(statement, parameters)
psycopg2.errors.ForeignKeyViolation: insert or update on table "task_fail" violates foreign key constraint "task_fail_ti_fkey"
DETAIL:  Key (dag_id, task_id, run_id, map_index)=(weather_real_time_pipeline_v2, start_spark_streaming_job, scheduled__2026-04-11T16:10:00+00:00, -1) is not present in table "task_instance".


The above exception was the direct cause of the following exception:

Traceback (most recent call last):
  File "/home/airflow/airflow/venv/lib/python3.12/site-packages/airflow/task/task_runner/standard_task_runner.py", line 117, in _start_by_fork
    ret = args.func(args, dag=self.dag)
          ^^^^^^^^^^^^^^^^^^^^^^^^^^^^^
  File "/home/airflow/airflow/venv/lib/python3.12/site-packages/airflow/cli/cli_config.py", line 49, in command
    return func(*args, **kwargs)
           ^^^^^^^^^^^^^^^^^^^^^
  File "/home/airflow/airflow/venv/lib/python3.12/site-packages/airflow/utils/cli.py", line 116, in wrapper
    return f(*args, **kwargs)
           ^^^^^^^^^^^^^^^^^^
  File "/home/airflow/airflow/venv/lib/python3.12/site-packages/airflow/cli/commands/task_command.py", line 483, in task_run
    task_return_code = _run_task_by_selected_method(args, _dag, ti)
                       ^^^^^^^^^^^^^^^^^^^^^^^^^^^^^^^^^^^^^^^^^^^^
  File "/home/airflow/airflow/venv/lib/python3.12/site-packages/airflow/cli/commands/task_command.py", line 256, in _run_task_by_selected_method
    return _run_raw_task(args, ti)
           ^^^^^^^^^^^^^^^^^^^^^^^
  File "/home/airflow/airflow/venv/lib/python3.12/site-packages/airflow/cli/commands/task_command.py", line 341, in _run_raw_task
    return ti._run_raw_task(
           ^^^^^^^^^^^^^^^^^
  File "/home/airflow/airflow/venv/lib/python3.12/site-packages/airflow/utils/session.py", line 97, in wrapper
    return func(*args, session=session, **kwargs)
           ^^^^^^^^^^^^^^^^^^^^^^^^^^^^^^^^^^^^^^
  File "/home/airflow/airflow/venv/lib/python3.12/site-packages/airflow/models/taskinstance.py", line 3005, in _run_raw_task
    return _run_raw_task(
           ^^^^^^^^^^^^^^
  File "/home/airflow/airflow/venv/lib/python3.12/site-packages/airflow/models/taskinstance.py", line 327, in _run_raw_task
    ti.handle_failure(e, test_mode, context, session=session)
  File "/home/airflow/airflow/venv/lib/python3.12/site-packages/airflow/utils/session.py", line 94, in wrapper
    return func(*args, **kwargs)
           ^^^^^^^^^^^^^^^^^^^^^
  File "/home/airflow/airflow/venv/lib/python3.12/site-packages/airflow/models/taskinstance.py", line 3428, in handle_failure
    _handle_failure(
  File "/home/airflow/airflow/venv/lib/python3.12/site-packages/airflow/utils/session.py", line 94, in wrapper
    return func(*args, **kwargs)
           ^^^^^^^^^^^^^^^^^^^^^
  File "/home/airflow/airflow/venv/lib/python3.12/site-packages/airflow/api_internal/internal_api_call.py", line 166, in wrapper
    return func(*args, **kwargs)
           ^^^^^^^^^^^^^^^^^^^^^
  File "/home/airflow/airflow/venv/lib/python3.12/site-packages/airflow/models/taskinstance.py", line 1243, in _handle_failure
    TaskInstance.save_to_db(failure_context["ti"], session)
  File "/home/airflow/airflow/venv/lib/python3.12/site-packages/airflow/api_internal/internal_api_call.py", line 166, in wrapper
    return func(*args, **kwargs)
           ^^^^^^^^^^^^^^^^^^^^^
  File "/home/airflow/airflow/venv/lib/python3.12/site-packages/airflow/utils/session.py", line 94, in wrapper
    return func(*args, **kwargs)
           ^^^^^^^^^^^^^^^^^^^^^
  File "/home/airflow/airflow/venv/lib/python3.12/site-packages/airflow/models/taskinstance.py", line 3400, in save_to_db
    session.flush()
  File "/home/airflow/airflow/venv/lib/python3.12/site-packages/sqlalchemy/orm/session.py", line 3449, in flush
    self._flush(objects)
  File "/home/airflow/airflow/venv/lib/python3.12/site-packages/sqlalchemy/orm/session.py", line 3588, in _flush
    with util.safe_reraise():
         ^^^^^^^^^^^^^^^^^^^
  File "/home/airflow/airflow/venv/lib/python3.12/site-packages/sqlalchemy/util/langhelpers.py", line 70, in __exit__
    compat.raise_(
  File "/home/airflow/airflow/venv/lib/python3.12/site-packages/sqlalchemy/util/compat.py", line 211, in raise_
    raise exception
  File "/home/airflow/airflow/venv/lib/python3.12/site-packages/sqlalchemy/orm/session.py", line 3549, in _flush
    flush_context.execute()
  File "/home/airflow/airflow/venv/lib/python3.12/site-packages/sqlalchemy/orm/unitofwork.py", line 456, in execute
    rec.execute(self)
  File "/home/airflow/airflow/venv/lib/python3.12/site-packages/sqlalchemy/orm/unitofwork.py", line 630, in execute
    util.preloaded.orm_persistence.save_obj(
  File "/home/airflow/airflow/venv/lib/python3.12/site-packages/sqlalchemy/orm/persistence.py", line 245, in save_obj
    _emit_insert_statements(
  File "/home/airflow/airflow/venv/lib/python3.12/site-packages/sqlalchemy/orm/persistence.py", line 1238, in _emit_insert_statements
    result = connection._execute_20(
             ^^^^^^^^^^^^^^^^^^^^^^^
  File "/home/airflow/airflow/venv/lib/python3.12/site-packages/sqlalchemy/engine/base.py", line 1710, in _execute_20
    return meth(self, args_10style, kwargs_10style, execution_options)
           ^^^^^^^^^^^^^^^^^^^^^^^^^^^^^^^^^^^^^^^^^^^^^^^^^^^^^^^^^^^
  File "/home/airflow/airflow/venv/lib/python3.12/site-packages/sqlalchemy/sql/elements.py", line 334, in _execute_on_connection
    return connection._execute_clauseelement(
           ^^^^^^^^^^^^^^^^^^^^^^^^^^^^^^^^^^
  File "/home/airflow/airflow/venv/lib/python3.12/site-packages/sqlalchemy/engine/base.py", line 1577, in _execute_clauseelement
    ret = self._execute_context(
          ^^^^^^^^^^^^^^^^^^^^^^
  File "/home/airflow/airflow/venv/lib/python3.12/site-packages/sqlalchemy/engine/base.py", line 1953, in _execute_context
    self._handle_dbapi_exception(
  File "/home/airflow/airflow/venv/lib/python3.12/site-packages/sqlalchemy/engine/base.py", line 2134, in _handle_dbapi_exception
    util.raise_(
  File "/home/airflow/airflow/venv/lib/python3.12/site-packages/sqlalchemy/util/compat.py", line 211, in raise_
    raise exception
  File "/home/airflow/airflow/venv/lib/python3.12/site-packages/sqlalchemy/engine/base.py", line 1910, in _execute_context
    self.dialect.do_execute(
  File "/home/airflow/airflow/venv/lib/python3.12/site-packages/sqlalchemy/engine/default.py", line 736, in do_execute
    cursor.execute(statement, parameters)
sqlalchemy.exc.IntegrityError: (psycopg2.errors.ForeignKeyViolation) insert or update on table "task_fail" violates foreign key constraint "task_fail_ti_fkey"
DETAIL:  Key (dag_id, task_id, run_id, map_index)=(weather_real_time_pipeline_v2, start_spark_streaming_job, scheduled__2026-04-11T16:10:00+00:00, -1) is not present in table "task_instance".

[SQL: INSERT INTO task_fail (task_id, dag_id, run_id, map_index, start_date, end_date, duration) VALUES (%(task_id)s, %(dag_id)s, %(run_id)s, %(map_index)s, %(start_date)s, %(end_date)s, %(duration)s) RETURNING task_fail.id]
[parameters: {'task_id': 'start_spark_streaming_job', 'dag_id': 'weather_real_time_pipeline_v2', 'run_id': 'scheduled__2026-04-11T16:10:00+00:00', 'map_index': -1, 'start_date': datetime.datetime(2026, 4, 12, 4, 25, 9, 317663, tzinfo=Timezone('UTC')), 'end_date': datetime.datetime(2026, 4, 12, 4, 27, 24, 77994, tzinfo=Timezone('UTC')), 'duration': 134}]
(Background on this error at: https://sqlalche.me/e/14/gkpj)
[2026-04-12T04:27:24.581+0000] {process_utils.py:80} INFO - Process psutil.Process(pid=11080, status='terminated', exitcode=1) (11080) terminated with exit code 1
[2026-04-12T04:27:26.056+0000] {standard_task_runner.py:217} INFO - Process not found (most likely exited), stop collecting metrics
[2026-04-12T04:28:20.716+0000] {process_utils.py:150} WARNING - process psutil.Process(pid=11093, name='docker', status='zombie', started='04:25:00') did not respond to SIGTERM. Trying SIGKILL
[2026-04-12T04:28:20.718+0000] {process_utils.py:87} INFO - Sending the signal 9 to group 11080
[2026-04-12T04:28:20.718+0000] {process_utils.py:101} INFO - Sending the signal 9 to process 11080 as process group is missing.
[2026-04-12T04:29:17.412+0000] {process_utils.py:161} ERROR - Process psutil.Process(pid=11093, name='docker', status='zombie', started='04:25:00') (11093) could not be killed. Giving up.
