[2026-04-12T06:16:49.578+0000] {local_task_job_runner.py:123} INFO - ::group::Pre task execution logs
[2026-04-12T06:16:49.622+0000] {taskinstance.py:2613} INFO - Dependencies all met for dep_context=non-requeueable deps ti=<TaskInstance: weather_real_time_pipeline_v2.start_spark_streaming_job scheduled__2026-04-12T06:12:00+00:00 [queued]>
[2026-04-12T06:16:49.637+0000] {taskinstance.py:2613} INFO - Dependencies all met for dep_context=requeueable deps ti=<TaskInstance: weather_real_time_pipeline_v2.start_spark_streaming_job scheduled__2026-04-12T06:12:00+00:00 [queued]>
[2026-04-12T06:16:49.638+0000] {taskinstance.py:2866} INFO - Starting attempt 3 of 4
[2026-04-12T06:16:49.658+0000] {taskinstance.py:2889} INFO - Executing <Task(BashOperator): start_spark_streaming_job> on 2026-04-12 06:12:00+00:00
[2026-04-12T06:16:49.667+0000] {standard_task_runner.py:104} INFO - Running: ['airflow', 'tasks', 'run', 'weather_real_time_pipeline_v2', 'start_spark_streaming_job', 'scheduled__2026-04-12T06:12:00+00:00', '--job-id', '279', '--raw', '--subdir', 'DAGS_FOLDER/weather_pipeline_dag.py', '--cfg-path', '/tmp/tmpzhzq3u5g']
[2026-04-12T06:16:49.668+0000] {standard_task_runner.py:105} INFO - Job 279: Subtask start_spark_streaming_job
[2026-04-12T06:16:49.673+0000] {logging_mixin.py:190} WARNING - /home/airflow/airflow/venv/lib/python3.12/site-packages/airflow/task/task_runner/standard_task_runner.py:70 DeprecationWarning: This process (pid=8186) is multi-threaded, use of fork() may lead to deadlocks in the child.
[2026-04-12T06:16:49.674+0000] {standard_task_runner.py:72} INFO - Started process 8200 to run task
[2026-04-12T06:16:49.770+0000] {task_command.py:467} INFO - Running <TaskInstance: weather_real_time_pipeline_v2.start_spark_streaming_job scheduled__2026-04-12T06:12:00+00:00 [running]> on host airflow
[2026-04-12T06:16:49.890+0000] {taskinstance.py:3132} INFO - Exporting env vars: AIRFLOW_CTX_DAG_OWNER='airflow' AIRFLOW_CTX_DAG_ID='weather_real_time_pipeline_v2' AIRFLOW_CTX_TASK_ID='start_spark_streaming_job' AIRFLOW_CTX_EXECUTION_DATE='2026-04-12T06:12:00+00:00' AIRFLOW_CTX_TRY_NUMBER='3' AIRFLOW_CTX_DAG_RUN_ID='scheduled__2026-04-12T06:12:00+00:00'
[2026-04-12T06:16:49.891+0000] {taskinstance.py:731} INFO - ::endgroup::
[2026-04-12T06:16:49.908+0000] {subprocess.py:78} INFO - Tmp dir root location: /tmp
[2026-04-12T06:16:49.909+0000] {subprocess.py:88} INFO - Running command: ['/usr/bin/bash', '-c', 'docker exec spark-master spark-submit                 --packages org.apache.spark:spark-sql-kafka-0-10_2.13:4.0.0,org.apache.iceberg:iceberg-spark-runtime-4.0_2.13:1.10.1                 /home/spark/spark/spark_jobs/weather_streaming.py']
[2026-04-12T06:16:49.919+0000] {subprocess.py:99} INFO - Output:
[2026-04-12T06:16:50.375+0000] {subprocess.py:106} INFO - WARNING: Using incubator modules: jdk.incubator.vector
[2026-04-12T06:16:51.895+0000] {subprocess.py:106} INFO - :: loading settings :: url = jar:file:/home/spark/spark/jars/ivy-2.5.3.jar!/org/apache/ivy/core/settings/ivysettings.xml
[2026-04-12T06:16:51.974+0000] {subprocess.py:106} INFO - Ivy Default Cache set to: /home/spark/.ivy2.5.2/cache
[2026-04-12T06:16:51.974+0000] {subprocess.py:106} INFO - The jars for the packages stored in: /home/spark/.ivy2.5.2/jars
[2026-04-12T06:16:51.979+0000] {subprocess.py:106} INFO - org.apache.spark#spark-sql-kafka-0-10_2.13 added as a dependency
[2026-04-12T06:16:51.980+0000] {subprocess.py:106} INFO - org.apache.iceberg#iceberg-spark-runtime-4.0_2.13 added as a dependency
[2026-04-12T06:16:51.989+0000] {subprocess.py:106} INFO - :: resolving dependencies :: org.apache.spark#spark-submit-parent-408a0acc-e14d-4f26-8589-1eaa01a41ede;1.0
[2026-04-12T06:16:51.990+0000] {subprocess.py:106} INFO - 	confs: [default]
[2026-04-12T06:16:52.186+0000] {subprocess.py:106} INFO - 	found org.apache.spark#spark-sql-kafka-0-10_2.13;4.0.0 in central
[2026-04-12T06:16:52.277+0000] {subprocess.py:106} INFO - 	found org.apache.spark#spark-token-provider-kafka-0-10_2.13;4.0.0 in central
[2026-04-12T06:16:52.316+0000] {subprocess.py:106} INFO - 	found org.apache.kafka#kafka-clients;3.9.0 in central
[2026-04-12T06:16:52.359+0000] {subprocess.py:106} INFO - 	found org.lz4#lz4-java;1.8.0 in central
[2026-04-12T06:16:52.393+0000] {subprocess.py:106} INFO - 	found org.xerial.snappy#snappy-java;1.1.10.7 in central
[2026-04-12T06:16:52.423+0000] {subprocess.py:106} INFO - 	found org.slf4j#slf4j-api;2.0.16 in central
[2026-04-12T06:16:52.452+0000] {subprocess.py:106} INFO - 	found org.apache.hadoop#hadoop-client-runtime;3.4.1 in central
[2026-04-12T06:16:52.491+0000] {subprocess.py:106} INFO - 	found org.apache.hadoop#hadoop-client-api;3.4.1 in central
[2026-04-12T06:16:52.521+0000] {subprocess.py:106} INFO - 	found com.google.code.findbugs#jsr305;3.0.0 in central
[2026-04-12T06:16:52.534+0000] {subprocess.py:106} INFO - 	found org.scala-lang.modules#scala-parallel-collections_2.13;1.2.0 in central
[2026-04-12T06:16:52.552+0000] {subprocess.py:106} INFO - 	found org.apache.commons#commons-pool2;2.12.0 in central
[2026-04-12T06:16:52.567+0000] {subprocess.py:106} INFO - 	found org.apache.iceberg#iceberg-spark-runtime-4.0_2.13;1.10.1 in central
[2026-04-12T06:16:52.604+0000] {subprocess.py:106} INFO - :: resolution report :: resolve 591ms :: artifacts dl 22ms
[2026-04-12T06:16:52.604+0000] {subprocess.py:106} INFO - 	:: modules in use:
[2026-04-12T06:16:52.605+0000] {subprocess.py:106} INFO - 	com.google.code.findbugs#jsr305;3.0.0 from central in [default]
[2026-04-12T06:16:52.606+0000] {subprocess.py:106} INFO - 	org.apache.commons#commons-pool2;2.12.0 from central in [default]
[2026-04-12T06:16:52.606+0000] {subprocess.py:106} INFO - 	org.apache.hadoop#hadoop-client-api;3.4.1 from central in [default]
[2026-04-12T06:16:52.606+0000] {subprocess.py:106} INFO - 	org.apache.hadoop#hadoop-client-runtime;3.4.1 from central in [default]
[2026-04-12T06:16:52.607+0000] {subprocess.py:106} INFO - 	org.apache.iceberg#iceberg-spark-runtime-4.0_2.13;1.10.1 from central in [default]
[2026-04-12T06:16:52.607+0000] {subprocess.py:106} INFO - 	org.apache.kafka#kafka-clients;3.9.0 from central in [default]
[2026-04-12T06:16:52.608+0000] {subprocess.py:106} INFO - 	org.apache.spark#spark-sql-kafka-0-10_2.13;4.0.0 from central in [default]
[2026-04-12T06:16:52.609+0000] {subprocess.py:106} INFO - 	org.apache.spark#spark-token-provider-kafka-0-10_2.13;4.0.0 from central in [default]
[2026-04-12T06:16:52.609+0000] {subprocess.py:106} INFO - 	org.lz4#lz4-java;1.8.0 from central in [default]
[2026-04-12T06:16:52.610+0000] {subprocess.py:106} INFO - 	org.scala-lang.modules#scala-parallel-collections_2.13;1.2.0 from central in [default]
[2026-04-12T06:16:52.610+0000] {subprocess.py:106} INFO - 	org.slf4j#slf4j-api;2.0.16 from central in [default]
[2026-04-12T06:16:52.611+0000] {subprocess.py:106} INFO - 	org.xerial.snappy#snappy-java;1.1.10.7 from central in [default]
[2026-04-12T06:16:52.611+0000] {subprocess.py:106} INFO - 	---------------------------------------------------------------------
[2026-04-12T06:16:52.612+0000] {subprocess.py:106} INFO - 	|                  |            modules            ||   artifacts   |
[2026-04-12T06:16:52.613+0000] {subprocess.py:106} INFO - 	|       conf       | number| search|dwnlded|evicted|| number|dwnlded|
[2026-04-12T06:16:52.613+0000] {subprocess.py:106} INFO - 	---------------------------------------------------------------------
[2026-04-12T06:16:52.614+0000] {subprocess.py:106} INFO - 	|      default     |   12  |   0   |   0   |   0   ||   12  |   0   |
[2026-04-12T06:16:52.615+0000] {subprocess.py:106} INFO - 	---------------------------------------------------------------------
[2026-04-12T06:16:52.616+0000] {subprocess.py:106} INFO - :: retrieving :: org.apache.spark#spark-submit-parent-408a0acc-e14d-4f26-8589-1eaa01a41ede
[2026-04-12T06:16:52.617+0000] {subprocess.py:106} INFO - 	confs: [default]
[2026-04-12T06:16:52.628+0000] {subprocess.py:106} INFO - 	0 artifacts copied, 12 already retrieved (0kB/11ms)
[2026-04-12T06:16:52.995+0000] {subprocess.py:106} INFO - 26/04/12 06:16:52 WARN NativeCodeLoader: Unable to load native-hadoop library for your platform... using builtin-java classes where applicable
[2026-04-12T06:16:54.543+0000] {subprocess.py:106} INFO - Using Spark's default log4j profile: org/apache/spark/log4j2-defaults.properties
[2026-04-12T06:16:54.552+0000] {subprocess.py:106} INFO - 26/04/12 06:16:54 INFO SparkContext: Running Spark version 4.0.2
[2026-04-12T06:16:54.554+0000] {subprocess.py:106} INFO - 26/04/12 06:16:54 INFO SparkContext: OS info Linux, 6.6.87.2-microsoft-standard-WSL2, amd64
[2026-04-12T06:16:54.555+0000] {subprocess.py:106} INFO - 26/04/12 06:16:54 INFO SparkContext: Java version 21.0.10
[2026-04-12T06:16:54.585+0000] {subprocess.py:106} INFO - 26/04/12 06:16:54 INFO ResourceUtils: ==============================================================
[2026-04-12T06:16:54.586+0000] {subprocess.py:106} INFO - 26/04/12 06:16:54 INFO ResourceUtils: No custom resources configured for spark.driver.
[2026-04-12T06:16:54.586+0000] {subprocess.py:106} INFO - 26/04/12 06:16:54 INFO ResourceUtils: ==============================================================
[2026-04-12T06:16:54.588+0000] {subprocess.py:106} INFO - 26/04/12 06:16:54 INFO SparkContext: Submitted application: Weather_Kafka_to_Iceberg
[2026-04-12T06:16:54.624+0000] {subprocess.py:106} INFO - 26/04/12 06:16:54 INFO ResourceProfile: Default ResourceProfile created, executor resources: Map(cores -> name: cores, amount: 2, script: , vendor: , memory -> name: memory, amount: 2048, script: , vendor: , offHeap -> name: offHeap, amount: 0, script: , vendor: ), task resources: Map(cpus -> name: cpus, amount: 1.0)
[2026-04-12T06:16:54.632+0000] {subprocess.py:106} INFO - 26/04/12 06:16:54 INFO ResourceProfile: Limiting resource is cpus at 2 tasks per executor
[2026-04-12T06:16:54.635+0000] {subprocess.py:106} INFO - 26/04/12 06:16:54 INFO ResourceProfileManager: Added ResourceProfile id: 0
[2026-04-12T06:16:54.694+0000] {subprocess.py:106} INFO - 26/04/12 06:16:54 INFO SecurityManager: Changing view acls to: spark
[2026-04-12T06:16:54.696+0000] {subprocess.py:106} INFO - 26/04/12 06:16:54 INFO SecurityManager: Changing modify acls to: spark
[2026-04-12T06:16:54.697+0000] {subprocess.py:106} INFO - 26/04/12 06:16:54 INFO SecurityManager: Changing view acls groups to: spark
[2026-04-12T06:16:54.698+0000] {subprocess.py:106} INFO - 26/04/12 06:16:54 INFO SecurityManager: Changing modify acls groups to: spark
[2026-04-12T06:16:54.704+0000] {subprocess.py:106} INFO - 26/04/12 06:16:54 INFO SecurityManager: SecurityManager: authentication disabled; ui acls disabled; users with view permissions: spark groups with view permissions: EMPTY; users with modify permissions: spark; groups with modify permissions: EMPTY; RPC SSL disabled
[2026-04-12T06:16:55.020+0000] {subprocess.py:106} INFO - 26/04/12 06:16:55 INFO Utils: Successfully started service 'sparkDriver' on port 39651.
[2026-04-12T06:16:55.067+0000] {subprocess.py:106} INFO - 26/04/12 06:16:55 INFO SparkEnv: Registering MapOutputTracker
[2026-04-12T06:16:55.091+0000] {subprocess.py:106} INFO - 26/04/12 06:16:55 INFO SparkEnv: Registering BlockManagerMaster
[2026-04-12T06:16:55.125+0000] {subprocess.py:106} INFO - 26/04/12 06:16:55 INFO BlockManagerMasterEndpoint: Using org.apache.spark.storage.DefaultTopologyMapper for getting topology information
[2026-04-12T06:16:55.127+0000] {subprocess.py:106} INFO - 26/04/12 06:16:55 INFO BlockManagerMasterEndpoint: BlockManagerMasterEndpoint up
[2026-04-12T06:16:55.131+0000] {subprocess.py:106} INFO - 26/04/12 06:16:55 INFO SparkEnv: Registering BlockManagerMasterHeartbeat
[2026-04-12T06:16:55.187+0000] {subprocess.py:106} INFO - 26/04/12 06:16:55 INFO DiskBlockManager: Created local directory at /tmp/blockmgr-4f325896-1a9d-4e24-b5c5-8bcbb528ef62
[2026-04-12T06:16:55.253+0000] {subprocess.py:106} INFO - 26/04/12 06:16:55 INFO SparkEnv: Registering OutputCommitCoordinator
[2026-04-12T06:16:55.493+0000] {subprocess.py:106} INFO - 26/04/12 06:16:55 INFO JettyUtils: Start Jetty 0.0.0.0:4040 for SparkUI
[2026-04-12T06:16:55.583+0000] {subprocess.py:106} INFO - 26/04/12 06:16:55 WARN Utils: Service 'SparkUI' could not bind on port 4040. Attempting port 4041.
[2026-04-12T06:16:55.597+0000] {subprocess.py:106} INFO - 26/04/12 06:16:55 INFO Utils: Successfully started service 'SparkUI' on port 4041.
[2026-04-12T06:16:55.663+0000] {subprocess.py:106} INFO - 26/04/12 06:16:55 INFO SparkContext: Added JAR file:///home/spark/.ivy2.5.2/jars/org.apache.spark_spark-sql-kafka-0-10_2.13-4.0.0.jar at spark://spark-master:39651/jars/org.apache.spark_spark-sql-kafka-0-10_2.13-4.0.0.jar with timestamp 1775974614532
[2026-04-12T06:16:55.665+0000] {subprocess.py:106} INFO - 26/04/12 06:16:55 INFO SparkContext: Added JAR file:///home/spark/.ivy2.5.2/jars/org.apache.iceberg_iceberg-spark-runtime-4.0_2.13-1.10.1.jar at spark://spark-master:39651/jars/org.apache.iceberg_iceberg-spark-runtime-4.0_2.13-1.10.1.jar with timestamp 1775974614532
[2026-04-12T06:16:55.665+0000] {subprocess.py:106} INFO - 26/04/12 06:16:55 INFO SparkContext: Added JAR file:///home/spark/.ivy2.5.2/jars/org.apache.spark_spark-token-provider-kafka-0-10_2.13-4.0.0.jar at spark://spark-master:39651/jars/org.apache.spark_spark-token-provider-kafka-0-10_2.13-4.0.0.jar with timestamp 1775974614532
[2026-04-12T06:16:55.666+0000] {subprocess.py:106} INFO - 26/04/12 06:16:55 INFO SparkContext: Added JAR file:///home/spark/.ivy2.5.2/jars/org.scala-lang.modules_scala-parallel-collections_2.13-1.2.0.jar at spark://spark-master:39651/jars/org.scala-lang.modules_scala-parallel-collections_2.13-1.2.0.jar with timestamp 1775974614532
[2026-04-12T06:16:55.667+0000] {subprocess.py:106} INFO - 26/04/12 06:16:55 INFO SparkContext: Added JAR file:///home/spark/.ivy2.5.2/jars/org.apache.kafka_kafka-clients-3.9.0.jar at spark://spark-master:39651/jars/org.apache.kafka_kafka-clients-3.9.0.jar with timestamp 1775974614532
[2026-04-12T06:16:55.668+0000] {subprocess.py:106} INFO - 26/04/12 06:16:55 INFO SparkContext: Added JAR file:///home/spark/.ivy2.5.2/jars/com.google.code.findbugs_jsr305-3.0.0.jar at spark://spark-master:39651/jars/com.google.code.findbugs_jsr305-3.0.0.jar with timestamp 1775974614532
[2026-04-12T06:16:55.668+0000] {subprocess.py:106} INFO - 26/04/12 06:16:55 INFO SparkContext: Added JAR file:///home/spark/.ivy2.5.2/jars/org.apache.commons_commons-pool2-2.12.0.jar at spark://spark-master:39651/jars/org.apache.commons_commons-pool2-2.12.0.jar with timestamp 1775974614532
[2026-04-12T06:16:55.669+0000] {subprocess.py:106} INFO - 26/04/12 06:16:55 INFO SparkContext: Added JAR file:///home/spark/.ivy2.5.2/jars/org.apache.hadoop_hadoop-client-runtime-3.4.1.jar at spark://spark-master:39651/jars/org.apache.hadoop_hadoop-client-runtime-3.4.1.jar with timestamp 1775974614532
[2026-04-12T06:16:55.669+0000] {subprocess.py:106} INFO - 26/04/12 06:16:55 INFO SparkContext: Added JAR file:///home/spark/.ivy2.5.2/jars/org.lz4_lz4-java-1.8.0.jar at spark://spark-master:39651/jars/org.lz4_lz4-java-1.8.0.jar with timestamp 1775974614532
[2026-04-12T06:16:55.670+0000] {subprocess.py:106} INFO - 26/04/12 06:16:55 INFO SparkContext: Added JAR file:///home/spark/.ivy2.5.2/jars/org.xerial.snappy_snappy-java-1.1.10.7.jar at spark://spark-master:39651/jars/org.xerial.snappy_snappy-java-1.1.10.7.jar with timestamp 1775974614532
[2026-04-12T06:16:55.670+0000] {subprocess.py:106} INFO - 26/04/12 06:16:55 INFO SparkContext: Added JAR file:///home/spark/.ivy2.5.2/jars/org.slf4j_slf4j-api-2.0.16.jar at spark://spark-master:39651/jars/org.slf4j_slf4j-api-2.0.16.jar with timestamp 1775974614532
[2026-04-12T06:16:55.671+0000] {subprocess.py:106} INFO - 26/04/12 06:16:55 INFO SparkContext: Added JAR file:///home/spark/.ivy2.5.2/jars/org.apache.hadoop_hadoop-client-api-3.4.1.jar at spark://spark-master:39651/jars/org.apache.hadoop_hadoop-client-api-3.4.1.jar with timestamp 1775974614532
[2026-04-12T06:16:55.677+0000] {subprocess.py:106} INFO - 26/04/12 06:16:55 INFO SparkContext: Added file file:///home/spark/.ivy2.5.2/jars/org.apache.spark_spark-sql-kafka-0-10_2.13-4.0.0.jar at file:///home/spark/.ivy2.5.2/jars/org.apache.spark_spark-sql-kafka-0-10_2.13-4.0.0.jar with timestamp 1775974614532
[2026-04-12T06:16:55.680+0000] {subprocess.py:106} INFO - 26/04/12 06:16:55 INFO Utils: Copying /home/spark/.ivy2.5.2/jars/org.apache.spark_spark-sql-kafka-0-10_2.13-4.0.0.jar to /tmp/spark-87f27976-cfed-4249-962e-3100d00a9b31/userFiles-ff2937aa-044d-4d5f-841e-d87f6536d4d5/org.apache.spark_spark-sql-kafka-0-10_2.13-4.0.0.jar
[2026-04-12T06:16:55.694+0000] {subprocess.py:106} INFO - 26/04/12 06:16:55 INFO SparkContext: Added file file:///home/spark/.ivy2.5.2/jars/org.apache.iceberg_iceberg-spark-runtime-4.0_2.13-1.10.1.jar at file:///home/spark/.ivy2.5.2/jars/org.apache.iceberg_iceberg-spark-runtime-4.0_2.13-1.10.1.jar with timestamp 1775974614532
[2026-04-12T06:16:55.694+0000] {subprocess.py:106} INFO - 26/04/12 06:16:55 INFO Utils: Copying /home/spark/.ivy2.5.2/jars/org.apache.iceberg_iceberg-spark-runtime-4.0_2.13-1.10.1.jar to /tmp/spark-87f27976-cfed-4249-962e-3100d00a9b31/userFiles-ff2937aa-044d-4d5f-841e-d87f6536d4d5/org.apache.iceberg_iceberg-spark-runtime-4.0_2.13-1.10.1.jar
[2026-04-12T06:16:55.751+0000] {subprocess.py:106} INFO - 26/04/12 06:16:55 INFO SparkContext: Added file file:///home/spark/.ivy2.5.2/jars/org.apache.spark_spark-token-provider-kafka-0-10_2.13-4.0.0.jar at file:///home/spark/.ivy2.5.2/jars/org.apache.spark_spark-token-provider-kafka-0-10_2.13-4.0.0.jar with timestamp 1775974614532
[2026-04-12T06:16:55.752+0000] {subprocess.py:106} INFO - 26/04/12 06:16:55 INFO Utils: Copying /home/spark/.ivy2.5.2/jars/org.apache.spark_spark-token-provider-kafka-0-10_2.13-4.0.0.jar to /tmp/spark-87f27976-cfed-4249-962e-3100d00a9b31/userFiles-ff2937aa-044d-4d5f-841e-d87f6536d4d5/org.apache.spark_spark-token-provider-kafka-0-10_2.13-4.0.0.jar
[2026-04-12T06:16:55.757+0000] {subprocess.py:106} INFO - 26/04/12 06:16:55 INFO SparkContext: Added file file:///home/spark/.ivy2.5.2/jars/org.scala-lang.modules_scala-parallel-collections_2.13-1.2.0.jar at file:///home/spark/.ivy2.5.2/jars/org.scala-lang.modules_scala-parallel-collections_2.13-1.2.0.jar with timestamp 1775974614532
[2026-04-12T06:16:55.758+0000] {subprocess.py:106} INFO - 26/04/12 06:16:55 INFO Utils: Copying /home/spark/.ivy2.5.2/jars/org.scala-lang.modules_scala-parallel-collections_2.13-1.2.0.jar to /tmp/spark-87f27976-cfed-4249-962e-3100d00a9b31/userFiles-ff2937aa-044d-4d5f-841e-d87f6536d4d5/org.scala-lang.modules_scala-parallel-collections_2.13-1.2.0.jar
[2026-04-12T06:16:55.765+0000] {subprocess.py:106} INFO - 26/04/12 06:16:55 INFO SparkContext: Added file file:///home/spark/.ivy2.5.2/jars/org.apache.kafka_kafka-clients-3.9.0.jar at file:///home/spark/.ivy2.5.2/jars/org.apache.kafka_kafka-clients-3.9.0.jar with timestamp 1775974614532
[2026-04-12T06:16:55.765+0000] {subprocess.py:106} INFO - 26/04/12 06:16:55 INFO Utils: Copying /home/spark/.ivy2.5.2/jars/org.apache.kafka_kafka-clients-3.9.0.jar to /tmp/spark-87f27976-cfed-4249-962e-3100d00a9b31/userFiles-ff2937aa-044d-4d5f-841e-d87f6536d4d5/org.apache.kafka_kafka-clients-3.9.0.jar
[2026-04-12T06:16:55.786+0000] {subprocess.py:106} INFO - 26/04/12 06:16:55 INFO SparkContext: Added file file:///home/spark/.ivy2.5.2/jars/com.google.code.findbugs_jsr305-3.0.0.jar at file:///home/spark/.ivy2.5.2/jars/com.google.code.findbugs_jsr305-3.0.0.jar with timestamp 1775974614532
[2026-04-12T06:16:55.786+0000] {subprocess.py:106} INFO - 26/04/12 06:16:55 INFO Utils: Copying /home/spark/.ivy2.5.2/jars/com.google.code.findbugs_jsr305-3.0.0.jar to /tmp/spark-87f27976-cfed-4249-962e-3100d00a9b31/userFiles-ff2937aa-044d-4d5f-841e-d87f6536d4d5/com.google.code.findbugs_jsr305-3.0.0.jar
[2026-04-12T06:16:55.791+0000] {subprocess.py:106} INFO - 26/04/12 06:16:55 INFO SparkContext: Added file file:///home/spark/.ivy2.5.2/jars/org.apache.commons_commons-pool2-2.12.0.jar at file:///home/spark/.ivy2.5.2/jars/org.apache.commons_commons-pool2-2.12.0.jar with timestamp 1775974614532
[2026-04-12T06:16:55.791+0000] {subprocess.py:106} INFO - 26/04/12 06:16:55 INFO Utils: Copying /home/spark/.ivy2.5.2/jars/org.apache.commons_commons-pool2-2.12.0.jar to /tmp/spark-87f27976-cfed-4249-962e-3100d00a9b31/userFiles-ff2937aa-044d-4d5f-841e-d87f6536d4d5/org.apache.commons_commons-pool2-2.12.0.jar
[2026-04-12T06:16:55.796+0000] {subprocess.py:106} INFO - 26/04/12 06:16:55 INFO SparkContext: Added file file:///home/spark/.ivy2.5.2/jars/org.apache.hadoop_hadoop-client-runtime-3.4.1.jar at file:///home/spark/.ivy2.5.2/jars/org.apache.hadoop_hadoop-client-runtime-3.4.1.jar with timestamp 1775974614532
[2026-04-12T06:16:55.796+0000] {subprocess.py:106} INFO - 26/04/12 06:16:55 INFO Utils: Copying /home/spark/.ivy2.5.2/jars/org.apache.hadoop_hadoop-client-runtime-3.4.1.jar to /tmp/spark-87f27976-cfed-4249-962e-3100d00a9b31/userFiles-ff2937aa-044d-4d5f-841e-d87f6536d4d5/org.apache.hadoop_hadoop-client-runtime-3.4.1.jar
[2026-04-12T06:16:55.843+0000] {subprocess.py:106} INFO - 26/04/12 06:16:55 INFO SparkContext: Added file file:///home/spark/.ivy2.5.2/jars/org.lz4_lz4-java-1.8.0.jar at file:///home/spark/.ivy2.5.2/jars/org.lz4_lz4-java-1.8.0.jar with timestamp 1775974614532
[2026-04-12T06:16:55.843+0000] {subprocess.py:106} INFO - 26/04/12 06:16:55 INFO Utils: Copying /home/spark/.ivy2.5.2/jars/org.lz4_lz4-java-1.8.0.jar to /tmp/spark-87f27976-cfed-4249-962e-3100d00a9b31/userFiles-ff2937aa-044d-4d5f-841e-d87f6536d4d5/org.lz4_lz4-java-1.8.0.jar
[2026-04-12T06:16:55.849+0000] {subprocess.py:106} INFO - 26/04/12 06:16:55 INFO SparkContext: Added file file:///home/spark/.ivy2.5.2/jars/org.xerial.snappy_snappy-java-1.1.10.7.jar at file:///home/spark/.ivy2.5.2/jars/org.xerial.snappy_snappy-java-1.1.10.7.jar with timestamp 1775974614532
[2026-04-12T06:16:55.849+0000] {subprocess.py:106} INFO - 26/04/12 06:16:55 INFO Utils: Copying /home/spark/.ivy2.5.2/jars/org.xerial.snappy_snappy-java-1.1.10.7.jar to /tmp/spark-87f27976-cfed-4249-962e-3100d00a9b31/userFiles-ff2937aa-044d-4d5f-841e-d87f6536d4d5/org.xerial.snappy_snappy-java-1.1.10.7.jar
[2026-04-12T06:16:55.857+0000] {subprocess.py:106} INFO - 26/04/12 06:16:55 INFO SparkContext: Added file file:///home/spark/.ivy2.5.2/jars/org.slf4j_slf4j-api-2.0.16.jar at file:///home/spark/.ivy2.5.2/jars/org.slf4j_slf4j-api-2.0.16.jar with timestamp 1775974614532
[2026-04-12T06:16:55.858+0000] {subprocess.py:106} INFO - 26/04/12 06:16:55 INFO Utils: Copying /home/spark/.ivy2.5.2/jars/org.slf4j_slf4j-api-2.0.16.jar to /tmp/spark-87f27976-cfed-4249-962e-3100d00a9b31/userFiles-ff2937aa-044d-4d5f-841e-d87f6536d4d5/org.slf4j_slf4j-api-2.0.16.jar
[2026-04-12T06:16:55.863+0000] {subprocess.py:106} INFO - 26/04/12 06:16:55 INFO SparkContext: Added file file:///home/spark/.ivy2.5.2/jars/org.apache.hadoop_hadoop-client-api-3.4.1.jar at file:///home/spark/.ivy2.5.2/jars/org.apache.hadoop_hadoop-client-api-3.4.1.jar with timestamp 1775974614532
[2026-04-12T06:16:55.863+0000] {subprocess.py:106} INFO - 26/04/12 06:16:55 INFO Utils: Copying /home/spark/.ivy2.5.2/jars/org.apache.hadoop_hadoop-client-api-3.4.1.jar to /tmp/spark-87f27976-cfed-4249-962e-3100d00a9b31/userFiles-ff2937aa-044d-4d5f-841e-d87f6536d4d5/org.apache.hadoop_hadoop-client-api-3.4.1.jar
[2026-04-12T06:16:55.921+0000] {subprocess.py:106} INFO - 26/04/12 06:16:55 INFO SecurityManager: Changing view acls to: spark
[2026-04-12T06:16:55.921+0000] {subprocess.py:106} INFO - 26/04/12 06:16:55 INFO SecurityManager: Changing modify acls to: spark
[2026-04-12T06:16:55.922+0000] {subprocess.py:106} INFO - 26/04/12 06:16:55 INFO SecurityManager: Changing view acls groups to: spark
[2026-04-12T06:16:55.922+0000] {subprocess.py:106} INFO - 26/04/12 06:16:55 INFO SecurityManager: Changing modify acls groups to: spark
[2026-04-12T06:16:55.922+0000] {subprocess.py:106} INFO - 26/04/12 06:16:55 INFO SecurityManager: SecurityManager: authentication disabled; ui acls disabled; users with view permissions: spark groups with view permissions: EMPTY; users with modify permissions: spark; groups with modify permissions: EMPTY; RPC SSL disabled
[2026-04-12T06:16:56.114+0000] {subprocess.py:106} INFO - 26/04/12 06:16:56 INFO Executor: Starting executor ID driver on host spark-master
[2026-04-12T06:16:56.115+0000] {subprocess.py:106} INFO - 26/04/12 06:16:56 INFO Executor: OS info Linux, 6.6.87.2-microsoft-standard-WSL2, amd64
[2026-04-12T06:16:56.115+0000] {subprocess.py:106} INFO - 26/04/12 06:16:56 INFO Executor: Java version 21.0.10
[2026-04-12T06:16:56.135+0000] {subprocess.py:106} INFO - 26/04/12 06:16:56 INFO Executor: Starting executor with user classpath (userClassPathFirst = false): ''
[2026-04-12T06:16:56.139+0000] {subprocess.py:106} INFO - 26/04/12 06:16:56 INFO Executor: Created or updated repl class loader org.apache.spark.util.MutableURLClassLoader@417f7ee7 for default.
[2026-04-12T06:16:56.158+0000] {subprocess.py:106} INFO - 26/04/12 06:16:56 INFO Executor: Fetching file:///home/spark/.ivy2.5.2/jars/org.lz4_lz4-java-1.8.0.jar with timestamp 1775974614532
[2026-04-12T06:16:56.183+0000] {subprocess.py:106} INFO - 26/04/12 06:16:56 INFO Utils: /home/spark/.ivy2.5.2/jars/org.lz4_lz4-java-1.8.0.jar has been previously copied to /tmp/spark-87f27976-cfed-4249-962e-3100d00a9b31/userFiles-ff2937aa-044d-4d5f-841e-d87f6536d4d5/org.lz4_lz4-java-1.8.0.jar
[2026-04-12T06:16:56.187+0000] {subprocess.py:106} INFO - 26/04/12 06:16:56 INFO Executor: Fetching file:///home/spark/.ivy2.5.2/jars/org.scala-lang.modules_scala-parallel-collections_2.13-1.2.0.jar with timestamp 1775974614532
[2026-04-12T06:16:56.189+0000] {subprocess.py:106} INFO - 26/04/12 06:16:56 INFO Utils: /home/spark/.ivy2.5.2/jars/org.scala-lang.modules_scala-parallel-collections_2.13-1.2.0.jar has been previously copied to /tmp/spark-87f27976-cfed-4249-962e-3100d00a9b31/userFiles-ff2937aa-044d-4d5f-841e-d87f6536d4d5/org.scala-lang.modules_scala-parallel-collections_2.13-1.2.0.jar
[2026-04-12T06:16:56.194+0000] {subprocess.py:106} INFO - 26/04/12 06:16:56 INFO Executor: Fetching file:///home/spark/.ivy2.5.2/jars/org.apache.kafka_kafka-clients-3.9.0.jar with timestamp 1775974614532
[2026-04-12T06:16:56.199+0000] {subprocess.py:106} INFO - 26/04/12 06:16:56 INFO Utils: /home/spark/.ivy2.5.2/jars/org.apache.kafka_kafka-clients-3.9.0.jar has been previously copied to /tmp/spark-87f27976-cfed-4249-962e-3100d00a9b31/userFiles-ff2937aa-044d-4d5f-841e-d87f6536d4d5/org.apache.kafka_kafka-clients-3.9.0.jar
[2026-04-12T06:16:56.204+0000] {subprocess.py:106} INFO - 26/04/12 06:16:56 INFO Executor: Fetching file:///home/spark/.ivy2.5.2/jars/org.apache.spark_spark-sql-kafka-0-10_2.13-4.0.0.jar with timestamp 1775974614532
[2026-04-12T06:16:56.204+0000] {subprocess.py:106} INFO - 26/04/12 06:16:56 INFO Utils: /home/spark/.ivy2.5.2/jars/org.apache.spark_spark-sql-kafka-0-10_2.13-4.0.0.jar has been previously copied to /tmp/spark-87f27976-cfed-4249-962e-3100d00a9b31/userFiles-ff2937aa-044d-4d5f-841e-d87f6536d4d5/org.apache.spark_spark-sql-kafka-0-10_2.13-4.0.0.jar
[2026-04-12T06:16:56.209+0000] {subprocess.py:106} INFO - 26/04/12 06:16:56 INFO Executor: Fetching file:///home/spark/.ivy2.5.2/jars/org.apache.hadoop_hadoop-client-api-3.4.1.jar with timestamp 1775974614532
[2026-04-12T06:16:56.226+0000] {subprocess.py:106} INFO - 26/04/12 06:16:56 INFO Utils: /home/spark/.ivy2.5.2/jars/org.apache.hadoop_hadoop-client-api-3.4.1.jar has been previously copied to /tmp/spark-87f27976-cfed-4249-962e-3100d00a9b31/userFiles-ff2937aa-044d-4d5f-841e-d87f6536d4d5/org.apache.hadoop_hadoop-client-api-3.4.1.jar
[2026-04-12T06:16:56.231+0000] {subprocess.py:106} INFO - 26/04/12 06:16:56 INFO Executor: Fetching file:///home/spark/.ivy2.5.2/jars/org.apache.commons_commons-pool2-2.12.0.jar with timestamp 1775974614532
[2026-04-12T06:16:56.231+0000] {subprocess.py:106} INFO - 26/04/12 06:16:56 INFO Utils: /home/spark/.ivy2.5.2/jars/org.apache.commons_commons-pool2-2.12.0.jar has been previously copied to /tmp/spark-87f27976-cfed-4249-962e-3100d00a9b31/userFiles-ff2937aa-044d-4d5f-841e-d87f6536d4d5/org.apache.commons_commons-pool2-2.12.0.jar
[2026-04-12T06:16:56.236+0000] {subprocess.py:106} INFO - 26/04/12 06:16:56 INFO Executor: Fetching file:///home/spark/.ivy2.5.2/jars/org.slf4j_slf4j-api-2.0.16.jar with timestamp 1775974614532
[2026-04-12T06:16:56.237+0000] {subprocess.py:106} INFO - 26/04/12 06:16:56 INFO Utils: /home/spark/.ivy2.5.2/jars/org.slf4j_slf4j-api-2.0.16.jar has been previously copied to /tmp/spark-87f27976-cfed-4249-962e-3100d00a9b31/userFiles-ff2937aa-044d-4d5f-841e-d87f6536d4d5/org.slf4j_slf4j-api-2.0.16.jar
[2026-04-12T06:16:56.242+0000] {subprocess.py:106} INFO - 26/04/12 06:16:56 INFO Executor: Fetching file:///home/spark/.ivy2.5.2/jars/org.apache.iceberg_iceberg-spark-runtime-4.0_2.13-1.10.1.jar with timestamp 1775974614532
[2026-04-12T06:16:56.266+0000] {subprocess.py:106} INFO - 26/04/12 06:16:56 INFO Utils: /home/spark/.ivy2.5.2/jars/org.apache.iceberg_iceberg-spark-runtime-4.0_2.13-1.10.1.jar has been previously copied to /tmp/spark-87f27976-cfed-4249-962e-3100d00a9b31/userFiles-ff2937aa-044d-4d5f-841e-d87f6536d4d5/org.apache.iceberg_iceberg-spark-runtime-4.0_2.13-1.10.1.jar
[2026-04-12T06:16:56.270+0000] {subprocess.py:106} INFO - 26/04/12 06:16:56 INFO Executor: Fetching file:///home/spark/.ivy2.5.2/jars/org.apache.hadoop_hadoop-client-runtime-3.4.1.jar with timestamp 1775974614532
[2026-04-12T06:16:56.283+0000] {subprocess.py:106} INFO - 26/04/12 06:16:56 INFO Utils: /home/spark/.ivy2.5.2/jars/org.apache.hadoop_hadoop-client-runtime-3.4.1.jar has been previously copied to /tmp/spark-87f27976-cfed-4249-962e-3100d00a9b31/userFiles-ff2937aa-044d-4d5f-841e-d87f6536d4d5/org.apache.hadoop_hadoop-client-runtime-3.4.1.jar
[2026-04-12T06:16:56.287+0000] {subprocess.py:106} INFO - 26/04/12 06:16:56 INFO Executor: Fetching file:///home/spark/.ivy2.5.2/jars/org.apache.spark_spark-token-provider-kafka-0-10_2.13-4.0.0.jar with timestamp 1775974614532
[2026-04-12T06:16:56.287+0000] {subprocess.py:106} INFO - 26/04/12 06:16:56 INFO Utils: /home/spark/.ivy2.5.2/jars/org.apache.spark_spark-token-provider-kafka-0-10_2.13-4.0.0.jar has been previously copied to /tmp/spark-87f27976-cfed-4249-962e-3100d00a9b31/userFiles-ff2937aa-044d-4d5f-841e-d87f6536d4d5/org.apache.spark_spark-token-provider-kafka-0-10_2.13-4.0.0.jar
[2026-04-12T06:16:56.291+0000] {subprocess.py:106} INFO - 26/04/12 06:16:56 INFO Executor: Fetching file:///home/spark/.ivy2.5.2/jars/com.google.code.findbugs_jsr305-3.0.0.jar with timestamp 1775974614532
[2026-04-12T06:16:56.293+0000] {subprocess.py:106} INFO - 26/04/12 06:16:56 INFO Utils: /home/spark/.ivy2.5.2/jars/com.google.code.findbugs_jsr305-3.0.0.jar has been previously copied to /tmp/spark-87f27976-cfed-4249-962e-3100d00a9b31/userFiles-ff2937aa-044d-4d5f-841e-d87f6536d4d5/com.google.code.findbugs_jsr305-3.0.0.jar
[2026-04-12T06:16:56.295+0000] {subprocess.py:106} INFO - 26/04/12 06:16:56 INFO Executor: Fetching file:///home/spark/.ivy2.5.2/jars/org.xerial.snappy_snappy-java-1.1.10.7.jar with timestamp 1775974614532
[2026-04-12T06:16:56.297+0000] {subprocess.py:106} INFO - 26/04/12 06:16:56 INFO Utils: /home/spark/.ivy2.5.2/jars/org.xerial.snappy_snappy-java-1.1.10.7.jar has been previously copied to /tmp/spark-87f27976-cfed-4249-962e-3100d00a9b31/userFiles-ff2937aa-044d-4d5f-841e-d87f6536d4d5/org.xerial.snappy_snappy-java-1.1.10.7.jar
[2026-04-12T06:16:56.303+0000] {subprocess.py:106} INFO - 26/04/12 06:16:56 INFO Executor: Fetching spark://spark-master:39651/jars/org.scala-lang.modules_scala-parallel-collections_2.13-1.2.0.jar with timestamp 1775974614532
[2026-04-12T06:16:56.447+0000] {subprocess.py:106} INFO - 26/04/12 06:16:56 INFO TransportClientFactory: Successfully created connection to spark-master/172.20.0.5:39651 after 33 ms (0 ms spent in bootstraps)
[2026-04-12T06:16:56.447+0000] {subprocess.py:106} INFO - 26/04/12 06:16:56 INFO Utils: Fetching spark://spark-master:39651/jars/org.scala-lang.modules_scala-parallel-collections_2.13-1.2.0.jar to /tmp/spark-87f27976-cfed-4249-962e-3100d00a9b31/userFiles-ff2937aa-044d-4d5f-841e-d87f6536d4d5/fetchFileTemp10453100011706184935.tmp
[2026-04-12T06:16:56.458+0000] {subprocess.py:106} INFO - 26/04/12 06:16:56 INFO Utils: /tmp/spark-87f27976-cfed-4249-962e-3100d00a9b31/userFiles-ff2937aa-044d-4d5f-841e-d87f6536d4d5/fetchFileTemp10453100011706184935.tmp has been previously copied to /tmp/spark-87f27976-cfed-4249-962e-3100d00a9b31/userFiles-ff2937aa-044d-4d5f-841e-d87f6536d4d5/org.scala-lang.modules_scala-parallel-collections_2.13-1.2.0.jar
[2026-04-12T06:16:56.729+0000] {subprocess.py:106} INFO - 26/04/12 06:16:56 INFO Executor: Adding file:/tmp/spark-87f27976-cfed-4249-962e-3100d00a9b31/userFiles-ff2937aa-044d-4d5f-841e-d87f6536d4d5/org.scala-lang.modules_scala-parallel-collections_2.13-1.2.0.jar to class loader default
[2026-04-12T06:16:56.730+0000] {subprocess.py:106} INFO - 26/04/12 06:16:56 INFO Executor: Fetching spark://spark-master:39651/jars/org.apache.iceberg_iceberg-spark-runtime-4.0_2.13-1.10.1.jar with timestamp 1775974614532
[2026-04-12T06:16:56.731+0000] {subprocess.py:106} INFO - 26/04/12 06:16:56 INFO Utils: Fetching spark://spark-master:39651/jars/org.apache.iceberg_iceberg-spark-runtime-4.0_2.13-1.10.1.jar to /tmp/spark-87f27976-cfed-4249-962e-3100d00a9b31/userFiles-ff2937aa-044d-4d5f-841e-d87f6536d4d5/fetchFileTemp4687600293419791583.tmp
[2026-04-12T06:16:56.938+0000] {subprocess.py:106} INFO - 26/04/12 06:16:56 INFO Utils: /tmp/spark-87f27976-cfed-4249-962e-3100d00a9b31/userFiles-ff2937aa-044d-4d5f-841e-d87f6536d4d5/fetchFileTemp4687600293419791583.tmp has been previously copied to /tmp/spark-87f27976-cfed-4249-962e-3100d00a9b31/userFiles-ff2937aa-044d-4d5f-841e-d87f6536d4d5/org.apache.iceberg_iceberg-spark-runtime-4.0_2.13-1.10.1.jar
[2026-04-12T06:16:58.238+0000] {subprocess.py:106} INFO - 26/04/12 06:16:58 INFO Executor: Adding file:/tmp/spark-87f27976-cfed-4249-962e-3100d00a9b31/userFiles-ff2937aa-044d-4d5f-841e-d87f6536d4d5/org.apache.iceberg_iceberg-spark-runtime-4.0_2.13-1.10.1.jar to class loader default
[2026-04-12T06:16:58.239+0000] {subprocess.py:106} INFO - 26/04/12 06:16:58 INFO Executor: Fetching spark://spark-master:39651/jars/org.apache.hadoop_hadoop-client-runtime-3.4.1.jar with timestamp 1775974614532
[2026-04-12T06:16:58.240+0000] {subprocess.py:106} INFO - 26/04/12 06:16:58 INFO Utils: Fetching spark://spark-master:39651/jars/org.apache.hadoop_hadoop-client-runtime-3.4.1.jar to /tmp/spark-87f27976-cfed-4249-962e-3100d00a9b31/userFiles-ff2937aa-044d-4d5f-841e-d87f6536d4d5/fetchFileTemp17600082166499272048.tmp
[2026-04-12T06:16:58.420+0000] {subprocess.py:106} INFO - 26/04/12 06:16:58 INFO Utils: /tmp/spark-87f27976-cfed-4249-962e-3100d00a9b31/userFiles-ff2937aa-044d-4d5f-841e-d87f6536d4d5/fetchFileTemp17600082166499272048.tmp has been previously copied to /tmp/spark-87f27976-cfed-4249-962e-3100d00a9b31/userFiles-ff2937aa-044d-4d5f-841e-d87f6536d4d5/org.apache.hadoop_hadoop-client-runtime-3.4.1.jar
[2026-04-12T06:16:58.652+0000] {subprocess.py:106} INFO - 26/04/12 06:16:58 INFO Executor: Adding file:/tmp/spark-87f27976-cfed-4249-962e-3100d00a9b31/userFiles-ff2937aa-044d-4d5f-841e-d87f6536d4d5/org.apache.hadoop_hadoop-client-runtime-3.4.1.jar to class loader default
[2026-04-12T06:16:58.653+0000] {subprocess.py:106} INFO - 26/04/12 06:16:58 INFO Executor: Fetching spark://spark-master:39651/jars/org.slf4j_slf4j-api-2.0.16.jar with timestamp 1775974614532
[2026-04-12T06:16:58.656+0000] {subprocess.py:106} INFO - 26/04/12 06:16:58 INFO Utils: Fetching spark://spark-master:39651/jars/org.slf4j_slf4j-api-2.0.16.jar to /tmp/spark-87f27976-cfed-4249-962e-3100d00a9b31/userFiles-ff2937aa-044d-4d5f-841e-d87f6536d4d5/fetchFileTemp9198726395351029303.tmp
[2026-04-12T06:16:58.657+0000] {subprocess.py:106} INFO - 26/04/12 06:16:58 INFO Utils: /tmp/spark-87f27976-cfed-4249-962e-3100d00a9b31/userFiles-ff2937aa-044d-4d5f-841e-d87f6536d4d5/fetchFileTemp9198726395351029303.tmp has been previously copied to /tmp/spark-87f27976-cfed-4249-962e-3100d00a9b31/userFiles-ff2937aa-044d-4d5f-841e-d87f6536d4d5/org.slf4j_slf4j-api-2.0.16.jar
[2026-04-12T06:16:58.661+0000] {subprocess.py:106} INFO - 26/04/12 06:16:58 INFO Executor: Adding file:/tmp/spark-87f27976-cfed-4249-962e-3100d00a9b31/userFiles-ff2937aa-044d-4d5f-841e-d87f6536d4d5/org.slf4j_slf4j-api-2.0.16.jar to class loader default
[2026-04-12T06:16:58.662+0000] {subprocess.py:106} INFO - 26/04/12 06:16:58 INFO Executor: Fetching spark://spark-master:39651/jars/org.apache.spark_spark-sql-kafka-0-10_2.13-4.0.0.jar with timestamp 1775974614532
[2026-04-12T06:16:58.662+0000] {subprocess.py:106} INFO - 26/04/12 06:16:58 INFO Utils: Fetching spark://spark-master:39651/jars/org.apache.spark_spark-sql-kafka-0-10_2.13-4.0.0.jar to /tmp/spark-87f27976-cfed-4249-962e-3100d00a9b31/userFiles-ff2937aa-044d-4d5f-841e-d87f6536d4d5/fetchFileTemp18299967518238032962.tmp
[2026-04-12T06:16:58.667+0000] {subprocess.py:106} INFO - 26/04/12 06:16:58 INFO Utils: /tmp/spark-87f27976-cfed-4249-962e-3100d00a9b31/userFiles-ff2937aa-044d-4d5f-841e-d87f6536d4d5/fetchFileTemp18299967518238032962.tmp has been previously copied to /tmp/spark-87f27976-cfed-4249-962e-3100d00a9b31/userFiles-ff2937aa-044d-4d5f-841e-d87f6536d4d5/org.apache.spark_spark-sql-kafka-0-10_2.13-4.0.0.jar
[2026-04-12T06:16:58.689+0000] {subprocess.py:106} INFO - 26/04/12 06:16:58 INFO Executor: Adding file:/tmp/spark-87f27976-cfed-4249-962e-3100d00a9b31/userFiles-ff2937aa-044d-4d5f-841e-d87f6536d4d5/org.apache.spark_spark-sql-kafka-0-10_2.13-4.0.0.jar to class loader default
[2026-04-12T06:16:58.690+0000] {subprocess.py:106} INFO - 26/04/12 06:16:58 INFO Executor: Fetching spark://spark-master:39651/jars/org.apache.spark_spark-token-provider-kafka-0-10_2.13-4.0.0.jar with timestamp 1775974614532
[2026-04-12T06:16:58.690+0000] {subprocess.py:106} INFO - 26/04/12 06:16:58 INFO Utils: Fetching spark://spark-master:39651/jars/org.apache.spark_spark-token-provider-kafka-0-10_2.13-4.0.0.jar to /tmp/spark-87f27976-cfed-4249-962e-3100d00a9b31/userFiles-ff2937aa-044d-4d5f-841e-d87f6536d4d5/fetchFileTemp2507224281357742367.tmp
[2026-04-12T06:16:58.693+0000] {subprocess.py:106} INFO - 26/04/12 06:16:58 INFO Utils: /tmp/spark-87f27976-cfed-4249-962e-3100d00a9b31/userFiles-ff2937aa-044d-4d5f-841e-d87f6536d4d5/fetchFileTemp2507224281357742367.tmp has been previously copied to /tmp/spark-87f27976-cfed-4249-962e-3100d00a9b31/userFiles-ff2937aa-044d-4d5f-841e-d87f6536d4d5/org.apache.spark_spark-token-provider-kafka-0-10_2.13-4.0.0.jar
[2026-04-12T06:16:58.704+0000] {subprocess.py:106} INFO - 26/04/12 06:16:58 INFO Executor: Adding file:/tmp/spark-87f27976-cfed-4249-962e-3100d00a9b31/userFiles-ff2937aa-044d-4d5f-841e-d87f6536d4d5/org.apache.spark_spark-token-provider-kafka-0-10_2.13-4.0.0.jar to class loader default
[2026-04-12T06:16:58.706+0000] {subprocess.py:106} INFO - 26/04/12 06:16:58 INFO Executor: Fetching spark://spark-master:39651/jars/org.xerial.snappy_snappy-java-1.1.10.7.jar with timestamp 1775974614532
[2026-04-12T06:16:58.707+0000] {subprocess.py:106} INFO - 26/04/12 06:16:58 INFO Utils: Fetching spark://spark-master:39651/jars/org.xerial.snappy_snappy-java-1.1.10.7.jar to /tmp/spark-87f27976-cfed-4249-962e-3100d00a9b31/userFiles-ff2937aa-044d-4d5f-841e-d87f6536d4d5/fetchFileTemp11245788586738232252.tmp
[2026-04-12T06:16:58.725+0000] {subprocess.py:106} INFO - 26/04/12 06:16:58 INFO Utils: /tmp/spark-87f27976-cfed-4249-962e-3100d00a9b31/userFiles-ff2937aa-044d-4d5f-841e-d87f6536d4d5/fetchFileTemp11245788586738232252.tmp has been previously copied to /tmp/spark-87f27976-cfed-4249-962e-3100d00a9b31/userFiles-ff2937aa-044d-4d5f-841e-d87f6536d4d5/org.xerial.snappy_snappy-java-1.1.10.7.jar
[2026-04-12T06:16:58.748+0000] {subprocess.py:106} INFO - 26/04/12 06:16:58 INFO Executor: Adding file:/tmp/spark-87f27976-cfed-4249-962e-3100d00a9b31/userFiles-ff2937aa-044d-4d5f-841e-d87f6536d4d5/org.xerial.snappy_snappy-java-1.1.10.7.jar to class loader default
[2026-04-12T06:16:58.749+0000] {subprocess.py:106} INFO - 26/04/12 06:16:58 INFO Executor: Fetching spark://spark-master:39651/jars/org.apache.hadoop_hadoop-client-api-3.4.1.jar with timestamp 1775974614532
[2026-04-12T06:16:58.750+0000] {subprocess.py:106} INFO - 26/04/12 06:16:58 INFO Utils: Fetching spark://spark-master:39651/jars/org.apache.hadoop_hadoop-client-api-3.4.1.jar to /tmp/spark-87f27976-cfed-4249-962e-3100d00a9b31/userFiles-ff2937aa-044d-4d5f-841e-d87f6536d4d5/fetchFileTemp2703538741990781297.tmp
[2026-04-12T06:16:58.831+0000] {subprocess.py:106} INFO - 26/04/12 06:16:58 INFO Utils: /tmp/spark-87f27976-cfed-4249-962e-3100d00a9b31/userFiles-ff2937aa-044d-4d5f-841e-d87f6536d4d5/fetchFileTemp2703538741990781297.tmp has been previously copied to /tmp/spark-87f27976-cfed-4249-962e-3100d00a9b31/userFiles-ff2937aa-044d-4d5f-841e-d87f6536d4d5/org.apache.hadoop_hadoop-client-api-3.4.1.jar
[2026-04-12T06:16:58.995+0000] {subprocess.py:106} INFO - 26/04/12 06:16:58 INFO Executor: Adding file:/tmp/spark-87f27976-cfed-4249-962e-3100d00a9b31/userFiles-ff2937aa-044d-4d5f-841e-d87f6536d4d5/org.apache.hadoop_hadoop-client-api-3.4.1.jar to class loader default
[2026-04-12T06:16:58.996+0000] {subprocess.py:106} INFO - 26/04/12 06:16:58 INFO Executor: Fetching spark://spark-master:39651/jars/org.apache.kafka_kafka-clients-3.9.0.jar with timestamp 1775974614532
[2026-04-12T06:16:58.997+0000] {subprocess.py:106} INFO - 26/04/12 06:16:58 INFO Utils: Fetching spark://spark-master:39651/jars/org.apache.kafka_kafka-clients-3.9.0.jar to /tmp/spark-87f27976-cfed-4249-962e-3100d00a9b31/userFiles-ff2937aa-044d-4d5f-841e-d87f6536d4d5/fetchFileTemp12158909397247145199.tmp
[2026-04-12T06:16:59.039+0000] {subprocess.py:106} INFO - 26/04/12 06:16:59 INFO Utils: /tmp/spark-87f27976-cfed-4249-962e-3100d00a9b31/userFiles-ff2937aa-044d-4d5f-841e-d87f6536d4d5/fetchFileTemp12158909397247145199.tmp has been previously copied to /tmp/spark-87f27976-cfed-4249-962e-3100d00a9b31/userFiles-ff2937aa-044d-4d5f-841e-d87f6536d4d5/org.apache.kafka_kafka-clients-3.9.0.jar
[2026-04-12T06:16:59.108+0000] {subprocess.py:106} INFO - 26/04/12 06:16:59 INFO Executor: Adding file:/tmp/spark-87f27976-cfed-4249-962e-3100d00a9b31/userFiles-ff2937aa-044d-4d5f-841e-d87f6536d4d5/org.apache.kafka_kafka-clients-3.9.0.jar to class loader default
[2026-04-12T06:16:59.109+0000] {subprocess.py:106} INFO - 26/04/12 06:16:59 INFO Executor: Fetching spark://spark-master:39651/jars/org.apache.commons_commons-pool2-2.12.0.jar with timestamp 1775974614532
[2026-04-12T06:16:59.110+0000] {subprocess.py:106} INFO - 26/04/12 06:16:59 INFO Utils: Fetching spark://spark-master:39651/jars/org.apache.commons_commons-pool2-2.12.0.jar to /tmp/spark-87f27976-cfed-4249-962e-3100d00a9b31/userFiles-ff2937aa-044d-4d5f-841e-d87f6536d4d5/fetchFileTemp14999011011319604612.tmp
[2026-04-12T06:16:59.111+0000] {subprocess.py:106} INFO - 26/04/12 06:16:59 INFO Utils: /tmp/spark-87f27976-cfed-4249-962e-3100d00a9b31/userFiles-ff2937aa-044d-4d5f-841e-d87f6536d4d5/fetchFileTemp14999011011319604612.tmp has been previously copied to /tmp/spark-87f27976-cfed-4249-962e-3100d00a9b31/userFiles-ff2937aa-044d-4d5f-841e-d87f6536d4d5/org.apache.commons_commons-pool2-2.12.0.jar
[2026-04-12T06:16:59.117+0000] {subprocess.py:106} INFO - 26/04/12 06:16:59 INFO Executor: Adding file:/tmp/spark-87f27976-cfed-4249-962e-3100d00a9b31/userFiles-ff2937aa-044d-4d5f-841e-d87f6536d4d5/org.apache.commons_commons-pool2-2.12.0.jar to class loader default
[2026-04-12T06:16:59.117+0000] {subprocess.py:106} INFO - 26/04/12 06:16:59 INFO Executor: Fetching spark://spark-master:39651/jars/org.lz4_lz4-java-1.8.0.jar with timestamp 1775974614532
[2026-04-12T06:16:59.119+0000] {subprocess.py:106} INFO - 26/04/12 06:16:59 INFO Utils: Fetching spark://spark-master:39651/jars/org.lz4_lz4-java-1.8.0.jar to /tmp/spark-87f27976-cfed-4249-962e-3100d00a9b31/userFiles-ff2937aa-044d-4d5f-841e-d87f6536d4d5/fetchFileTemp3447067724485585937.tmp
[2026-04-12T06:16:59.123+0000] {subprocess.py:106} INFO - 26/04/12 06:16:59 INFO Utils: /tmp/spark-87f27976-cfed-4249-962e-3100d00a9b31/userFiles-ff2937aa-044d-4d5f-841e-d87f6536d4d5/fetchFileTemp3447067724485585937.tmp has been previously copied to /tmp/spark-87f27976-cfed-4249-962e-3100d00a9b31/userFiles-ff2937aa-044d-4d5f-841e-d87f6536d4d5/org.lz4_lz4-java-1.8.0.jar
[2026-04-12T06:16:59.133+0000] {subprocess.py:106} INFO - 26/04/12 06:16:59 INFO Executor: Adding file:/tmp/spark-87f27976-cfed-4249-962e-3100d00a9b31/userFiles-ff2937aa-044d-4d5f-841e-d87f6536d4d5/org.lz4_lz4-java-1.8.0.jar to class loader default
[2026-04-12T06:16:59.133+0000] {subprocess.py:106} INFO - 26/04/12 06:16:59 INFO Executor: Fetching spark://spark-master:39651/jars/com.google.code.findbugs_jsr305-3.0.0.jar with timestamp 1775974614532
[2026-04-12T06:16:59.134+0000] {subprocess.py:106} INFO - 26/04/12 06:16:59 INFO Utils: Fetching spark://spark-master:39651/jars/com.google.code.findbugs_jsr305-3.0.0.jar to /tmp/spark-87f27976-cfed-4249-962e-3100d00a9b31/userFiles-ff2937aa-044d-4d5f-841e-d87f6536d4d5/fetchFileTemp495160877354945412.tmp
[2026-04-12T06:16:59.136+0000] {subprocess.py:106} INFO - 26/04/12 06:16:59 INFO Utils: /tmp/spark-87f27976-cfed-4249-962e-3100d00a9b31/userFiles-ff2937aa-044d-4d5f-841e-d87f6536d4d5/fetchFileTemp495160877354945412.tmp has been previously copied to /tmp/spark-87f27976-cfed-4249-962e-3100d00a9b31/userFiles-ff2937aa-044d-4d5f-841e-d87f6536d4d5/com.google.code.findbugs_jsr305-3.0.0.jar
[2026-04-12T06:16:59.140+0000] {subprocess.py:106} INFO - 26/04/12 06:16:59 INFO Executor: Adding file:/tmp/spark-87f27976-cfed-4249-962e-3100d00a9b31/userFiles-ff2937aa-044d-4d5f-841e-d87f6536d4d5/com.google.code.findbugs_jsr305-3.0.0.jar to class loader default
[2026-04-12T06:16:59.158+0000] {subprocess.py:106} INFO - 26/04/12 06:16:59 INFO Utils: Successfully started service 'org.apache.spark.network.netty.NettyBlockTransferService' on port 42623.
[2026-04-12T06:16:59.158+0000] {subprocess.py:106} INFO - 26/04/12 06:16:59 INFO NettyBlockTransferService: Server created on spark-master:42623
[2026-04-12T06:16:59.160+0000] {subprocess.py:106} INFO - 26/04/12 06:16:59 INFO BlockManager: Using org.apache.spark.storage.RandomBlockReplicationPolicy for block replication policy
[2026-04-12T06:16:59.185+0000] {subprocess.py:106} INFO - 26/04/12 06:16:59 INFO BlockManagerMaster: Registering BlockManager BlockManagerId(driver, spark-master, 42623, None)
[2026-04-12T06:16:59.192+0000] {subprocess.py:106} INFO - 26/04/12 06:16:59 INFO BlockManagerMasterEndpoint: Registering block manager spark-master:42623 with 1048.8 MiB RAM, BlockManagerId(driver, spark-master, 42623, None)
[2026-04-12T06:16:59.197+0000] {subprocess.py:106} INFO - 26/04/12 06:16:59 INFO BlockManagerMaster: Registered BlockManager BlockManagerId(driver, spark-master, 42623, None)
[2026-04-12T06:16:59.200+0000] {subprocess.py:106} INFO - 26/04/12 06:16:59 INFO BlockManager: Initialized BlockManager: BlockManagerId(driver, spark-master, 42623, None)
[2026-04-12T06:17:03.034+0000] {subprocess.py:106} INFO - Spark + Iceberg ready!
[2026-04-12T06:17:03.055+0000] {subprocess.py:106} INFO - 26/04/12 06:17:03 INFO SharedState: spark.sql.warehouse.dir is not set, but hive.metastore.warehouse.dir is set. Setting spark.sql.warehouse.dir to the value of hive.metastore.warehouse.dir.
[2026-04-12T06:17:03.813+0000] {subprocess.py:106} INFO - 26/04/12 06:17:03 INFO SharedState: Warehouse path is 'hdfs://23133083thuyvan-master:9000/user/hive/warehouse'.
[2026-04-12T06:17:05.108+0000] {subprocess.py:106} INFO - 26/04/12 06:17:05 INFO CatalogUtil: Loading custom FileIO implementation: org.apache.iceberg.hadoop.HadoopFileIO
[2026-04-12T06:17:05.944+0000] {subprocess.py:106} INFO - 26/04/12 06:17:05 INFO HiveConf: Found configuration file file:/home/spark/spark/conf/hive-site.xml
[2026-04-12T06:17:06.121+0000] {subprocess.py:106} INFO - 26/04/12 06:17:06 INFO metastore: Trying to connect to metastore with URI thrift://23133083thuyvan-master:9083
[2026-04-12T06:17:06.143+0000] {subprocess.py:106} INFO - 26/04/12 06:17:06 INFO metastore: Opened a connection to metastore, current connections: 1
[2026-04-12T06:17:06.181+0000] {subprocess.py:106} INFO - 26/04/12 06:17:06 INFO metastore: Connected to metastore.
[2026-04-12T06:17:06.499+0000] {subprocess.py:106} INFO - 26/04/12 06:17:06 WARN SparkStringUtils: Truncated the string representation of a plan since it was too large. This behavior can be adjusted by setting 'spark.sql.debug.maxToStringFields'.
[2026-04-12T06:17:06.577+0000] {subprocess.py:106} INFO - 26/04/12 06:17:06 INFO BaseMetastoreTableOperations: Refreshing table metadata from new version: hdfs://23133083thuyvan-master:9000/user/hive/lakehouse/air_quality_db.db/air_quality_silver/metadata/00007-e592c5dc-5e06-45d0-97bc-e48d9b0da961.metadata.json
[2026-04-12T06:17:07.239+0000] {subprocess.py:106} INFO - 26/04/12 06:17:07 INFO BaseMetastoreCatalog: Table loaded by catalog: iceberg.air_quality_db.air_quality_silver
[2026-04-12T06:17:07.248+0000] {subprocess.py:106} INFO - Iceberg table 'weather_real_time' ready!
[2026-04-12T06:17:08.174+0000] {subprocess.py:106} INFO - 26/04/12 06:17:08 INFO StateStoreCoordinatorRef: Registered StateStoreCoordinator endpoint
[2026-04-12T06:17:08.254+0000] {subprocess.py:106} INFO - 26/04/12 06:17:08 INFO ResolveWriteToStream: Checkpoint root hdfs://23133083thuyvan-master:9000/user/hive/checkpoints/air_quality_realtime resolved to hdfs://23133083thuyvan-master:9000/user/hive/checkpoints/air_quality_realtime.
[2026-04-12T06:17:08.255+0000] {subprocess.py:106} INFO - 26/04/12 06:17:08 WARN ResolveWriteToStream: spark.sql.adaptive.enabled is not supported in streaming DataFrames/Datasets and will be disabled.
[2026-04-12T06:17:08.443+0000] {subprocess.py:106} INFO - 26/04/12 06:17:08 INFO MicroBatchExecution: Starting [id = 97df26eb-363e-4a9d-81a0-5bee41c3e2e1, runId = 9f842493-b2e6-4e61-95fb-875cb8e3c3cf]. Use hdfs://23133083thuyvan-master:9000/user/hive/checkpoints/air_quality_realtime to store the query checkpoint.
[2026-04-12T06:17:08.452+0000] {subprocess.py:106} INFO - Streaming job started! Listening to 'weather-topic'...
[2026-04-12T06:17:08.459+0000] {subprocess.py:106} INFO - 26/04/12 06:17:08 INFO MicroBatchExecution: Reading table [org.apache.spark.sql.kafka010.KafkaSourceProvider$KafkaTable@7c4d47bb] from DataSourceV2 named 'kafka' [org.apache.spark.sql.kafka010.KafkaSourceProvider@2f1bb4ac]
[2026-04-12T06:17:08.507+0000] {subprocess.py:106} INFO - 26/04/12 06:17:08 INFO MicroBatchExecution: Finish initializing with logical plan:
[2026-04-12T06:17:08.508+0000] {subprocess.py:106} INFO - ~WriteToMicroBatchDataSourceV1 ForeachBatchSink, 97df26eb-363e-4a9d-81a0-5bee41c3e2e1, [checkpointLocation=hdfs://23133083thuyvan-master:9000/user/hive/checkpoints/air_quality_realtime], Append
[2026-04-12T06:17:08.511+0000] {subprocess.py:106} INFO - +- ~Project [timestamp#40, location#17, latitude#18, longitude#19, timezone#20, temperature_2m#21, relative_humidity_2m#22, apparent_temperature#23, precipitation#24, cloud_cover#25, wind_speed_10m#26, wind_direction_10m#27, wind_gusts_10m#28, uv_index#29, weather_code#30, european_aqi#31, us_aqi#32, pm10#33, pm2_5#34, carbon_monoxide#35, nitrogen_dioxide#36, sulphur_dioxide#37, ozone#38, processing_time#39, open-meteo AS data_source#41]
[2026-04-12T06:17:08.516+0000] {subprocess.py:106} INFO -    +- ~Project [to_timestamp(timestamp#16, None, TimestampType, Some(GMT), true) AS timestamp#40, location#17, latitude#18, longitude#19, timezone#20, temperature_2m#21, relative_humidity_2m#22, apparent_temperature#23, precipitation#24, cloud_cover#25, wind_speed_10m#26, wind_direction_10m#27, wind_gusts_10m#28, uv_index#29, weather_code#30, european_aqi#31, us_aqi#32, pm10#33, pm2_5#34, carbon_monoxide#35, nitrogen_dioxide#36, sulphur_dioxide#37, ozone#38, processing_time#39]
[2026-04-12T06:17:08.517+0000] {subprocess.py:106} INFO -       +- ~Project [timestamp#16, location#17, latitude#18, longitude#19, timezone#20, temperature_2m#21, relative_humidity_2m#22, apparent_temperature#23, precipitation#24, cloud_cover#25, wind_speed_10m#26, wind_direction_10m#27, wind_gusts_10m#28, uv_index#29, weather_code#30, european_aqi#31, us_aqi#32, pm10#33, pm2_5#34, carbon_monoxide#35, nitrogen_dioxide#36, sulphur_dioxide#37, ozone#38, current_timestamp() AS processing_time#39]
[2026-04-12T06:17:08.517+0000] {subprocess.py:106} INFO -          +- ~Project [data#15.timestamp AS timestamp#16, data#15.location AS location#17, data#15.latitude AS latitude#18, data#15.longitude AS longitude#19, data#15.timezone AS timezone#20, data#15.temperature_2m AS temperature_2m#21, data#15.relative_humidity_2m AS relative_humidity_2m#22, data#15.apparent_temperature AS apparent_temperature#23, data#15.precipitation AS precipitation#24, data#15.cloud_cover AS cloud_cover#25, data#15.wind_speed_10m AS wind_speed_10m#26, data#15.wind_direction_10m AS wind_direction_10m#27, data#15.wind_gusts_10m AS wind_gusts_10m#28, data#15.uv_index AS uv_index#29, data#15.weather_code AS weather_code#30, data#15.european_aqi AS european_aqi#31, data#15.us_aqi AS us_aqi#32, data#15.pm10 AS pm10#33, data#15.pm2_5 AS pm2_5#34, data#15.carbon_monoxide AS carbon_monoxide#35, data#15.nitrogen_dioxide AS nitrogen_dioxide#36, data#15.sulphur_dioxide AS sulphur_dioxide#37, data#15.ozone AS ozone#38]
[2026-04-12T06:17:08.518+0000] {subprocess.py:106} INFO -             +- ~Project [from_json(StructField(timestamp,StringType,true), StructField(location,StringType,true), StructField(latitude,DoubleType,true), StructField(longitude,DoubleType,true), StructField(timezone,StringType,true), StructField(temperature_2m,DoubleType,true), StructField(relative_humidity_2m,DoubleType,true), StructField(apparent_temperature,DoubleType,true), StructField(precipitation,DoubleType,true), StructField(cloud_cover,DoubleType,true), StructField(wind_speed_10m,DoubleType,true), StructField(wind_direction_10m,DoubleType,true), StructField(wind_gusts_10m,DoubleType,true), StructField(uv_index,DoubleType,true), StructField(weather_code,IntegerType,true), StructField(european_aqi,IntegerType,true), StructField(us_aqi,IntegerType,true), StructField(pm10,DoubleType,true), StructField(pm2_5,DoubleType,true), StructField(carbon_monoxide,DoubleType,true), StructField(nitrogen_dioxide,DoubleType,true), StructField(sulphur_dioxide,DoubleType,true), StructField(ozone,DoubleType,true), json#14, Some(GMT), ... 1 more fields) AS data#15]
[2026-04-12T06:17:08.518+0000] {subprocess.py:106} INFO -                +- ~Project [cast(value#8 as string) AS json#14]
[2026-04-12T06:17:08.519+0000] {subprocess.py:106} INFO -                   +- ~StreamingDataSourceV2ScanRelation[key#7, value#8, topic#9, partition#10, offset#11L, timestamp#12, timestampType#13] KafkaTable
[2026-04-12T06:17:08.519+0000] {subprocess.py:106} INFO - 
[2026-04-12T06:17:08.530+0000] {subprocess.py:106} INFO - 26/04/12 06:17:08 INFO OffsetSeqLog: BatchIds found from listing: 0, 1, 2, 3, 4, 5
[2026-04-12T06:17:08.545+0000] {subprocess.py:106} INFO - 26/04/12 06:17:08 INFO OffsetSeqLog: Getting latest batch 5
[2026-04-12T06:17:08.590+0000] {subprocess.py:106} INFO - 26/04/12 06:17:08 INFO OffsetSeqLog: BatchIds found from listing: 0, 1, 2, 3, 4, 5
[2026-04-12T06:17:08.590+0000] {subprocess.py:106} INFO - 26/04/12 06:17:08 INFO OffsetSeqLog: Getting latest batch 5
[2026-04-12T06:17:08.616+0000] {subprocess.py:106} INFO - 26/04/12 06:17:08 INFO CommitLog: BatchIds found from listing: 0, 1, 2, 3, 4
[2026-04-12T06:17:08.617+0000] {subprocess.py:106} INFO - 26/04/12 06:17:08 INFO CommitLog: Getting latest batch 4
[2026-04-12T06:17:08.798+0000] {subprocess.py:106} INFO - 26/04/12 06:17:08 INFO MicroBatchExecution: Resuming at batch 5 with committed offsets {KafkaV2[Subscribe[weather-topic]]: {"weather-topic":{"0":79,"1":97,"2":84}}} and available offsets {KafkaV2[Subscribe[weather-topic]]: {"weather-topic":{"0":99,"1":120,"2":101}}}
[2026-04-12T06:17:08.799+0000] {subprocess.py:106} INFO - 26/04/12 06:17:08 INFO MicroBatchExecution: Stream started from {KafkaV2[Subscribe[weather-topic]]: {"weather-topic":{"0":79,"1":97,"2":84}}}
[2026-04-12T06:17:08.912+0000] {subprocess.py:106} INFO - 26/04/12 06:17:08 INFO IncrementalExecution: Current batch timestamp = 1775974523540
[2026-04-12T06:17:09.049+0000] {subprocess.py:106} INFO - 26/04/12 06:17:09 INFO IncrementalExecution: Current batch timestamp = 1775974523540
[2026-04-12T06:17:09.511+0000] {subprocess.py:106} INFO - 26/04/12 06:17:09 INFO CodeGenerator: Code generated in 258.61308 ms
[2026-04-12T06:17:09.516+0000] {subprocess.py:106} INFO - 26/04/12 06:17:09 INFO KafkaOffsetReaderAdmin: Partitions added: Map()
[2026-04-12T06:17:09.838+0000] {subprocess.py:106} INFO - 26/04/12 06:17:09 INFO CodeGenerator: Code generated in 17.575208 ms
[2026-04-12T06:17:09.870+0000] {subprocess.py:106} INFO - 26/04/12 06:17:09 INFO CodeGenerator: Code generated in 19.624881 ms
[2026-04-12T06:17:10.001+0000] {subprocess.py:106} INFO - 26/04/12 06:17:09 INFO SparkContext: Starting job: start at NativeMethodAccessorImpl.java:0
[2026-04-12T06:17:10.019+0000] {subprocess.py:106} INFO - 26/04/12 06:17:10 INFO DAGScheduler: Registering RDD 6 (start at NativeMethodAccessorImpl.java:0) as input to shuffle 0
[2026-04-12T06:17:10.028+0000] {subprocess.py:106} INFO - 26/04/12 06:17:10 INFO DAGScheduler: Got job 0 (start at NativeMethodAccessorImpl.java:0) with 1 output partitions
[2026-04-12T06:17:10.030+0000] {subprocess.py:106} INFO - 26/04/12 06:17:10 INFO DAGScheduler: Final stage: ResultStage 1 (start at NativeMethodAccessorImpl.java:0)
[2026-04-12T06:17:10.031+0000] {subprocess.py:106} INFO - 26/04/12 06:17:10 INFO DAGScheduler: Parents of final stage: List(ShuffleMapStage 0)
[2026-04-12T06:17:10.035+0000] {subprocess.py:106} INFO - 26/04/12 06:17:10 INFO DAGScheduler: Missing parents: List(ShuffleMapStage 0)
[2026-04-12T06:17:10.040+0000] {subprocess.py:106} INFO - 26/04/12 06:17:10 INFO DAGScheduler: Submitting ShuffleMapStage 0 (MapPartitionsRDD[6] at start at NativeMethodAccessorImpl.java:0), which has no missing parents
[2026-04-12T06:17:10.124+0000] {subprocess.py:106} INFO - 26/04/12 06:17:10 INFO MemoryStore: MemoryStore started with capacity 1048.8 MiB
[2026-04-12T06:17:10.159+0000] {subprocess.py:106} INFO - 26/04/12 06:17:10 INFO MemoryStore: Block broadcast_0 stored as values in memory (estimated size 43.0 KiB, free 1048.8 MiB)
[2026-04-12T06:17:10.195+0000] {subprocess.py:106} INFO - 26/04/12 06:17:10 INFO MemoryStore: Block broadcast_0_piece0 stored as bytes in memory (estimated size 16.4 KiB, free 1048.7 MiB)
[2026-04-12T06:17:10.204+0000] {subprocess.py:106} INFO - 26/04/12 06:17:10 INFO SparkContext: Created broadcast 0 from broadcast at DAGScheduler.scala:1676
[2026-04-12T06:17:10.229+0000] {subprocess.py:106} INFO - 26/04/12 06:17:10 INFO DAGScheduler: Submitting 3 missing tasks from ShuffleMapStage 0 (MapPartitionsRDD[6] at start at NativeMethodAccessorImpl.java:0) (first 15 tasks are for partitions Vector(0, 1, 2))
[2026-04-12T06:17:10.235+0000] {subprocess.py:106} INFO - 26/04/12 06:17:10 INFO TaskSchedulerImpl: Adding task set 0.0 with 3 tasks resource profile 0
[2026-04-12T06:17:10.276+0000] {subprocess.py:106} INFO - 26/04/12 06:17:10 INFO TaskSetManager: Starting task 0.0 in stage 0.0 (TID 0) (spark-master,executor driver, partition 0, PROCESS_LOCAL, 13492 bytes)
[2026-04-12T06:17:10.281+0000] {subprocess.py:106} INFO - 26/04/12 06:17:10 INFO TaskSetManager: Starting task 1.0 in stage 0.0 (TID 1) (spark-master,executor driver, partition 1, PROCESS_LOCAL, 13492 bytes)
[2026-04-12T06:17:10.283+0000] {subprocess.py:106} INFO - 26/04/12 06:17:10 INFO TaskSetManager: Starting task 2.0 in stage 0.0 (TID 2) (spark-master,executor driver, partition 2, PROCESS_LOCAL, 13492 bytes)
[2026-04-12T06:17:10.294+0000] {subprocess.py:106} INFO - 26/04/12 06:17:10 INFO Executor: Running task 0.0 in stage 0.0 (TID 0)
[2026-04-12T06:17:10.295+0000] {subprocess.py:106} INFO - 26/04/12 06:17:10 INFO Executor: Running task 2.0 in stage 0.0 (TID 2)
[2026-04-12T06:17:10.295+0000] {subprocess.py:106} INFO - 26/04/12 06:17:10 INFO Executor: Running task 1.0 in stage 0.0 (TID 1)
[2026-04-12T06:17:10.489+0000] {subprocess.py:106} INFO - 26/04/12 06:17:10 INFO CodeGenerator: Code generated in 51.804504 ms
[2026-04-12T06:17:10.532+0000] {subprocess.py:106} INFO - 26/04/12 06:17:10 INFO CodeGenerator: Code generated in 39.42084 ms
[2026-04-12T06:17:10.551+0000] {subprocess.py:106} INFO - 26/04/12 06:17:10 INFO CodeGenerator: Code generated in 14.157063 ms
[2026-04-12T06:17:10.568+0000] {subprocess.py:106} INFO - 26/04/12 06:17:10 INFO SecurityManager: Changing view acls to: spark
[2026-04-12T06:17:10.568+0000] {subprocess.py:106} INFO - 26/04/12 06:17:10 INFO SecurityManager: Changing modify acls to: spark
[2026-04-12T06:17:10.569+0000] {subprocess.py:106} INFO - 26/04/12 06:17:10 INFO SecurityManager: Changing view acls groups to: spark
[2026-04-12T06:17:10.570+0000] {subprocess.py:106} INFO - 26/04/12 06:17:10 INFO SecurityManager: Changing modify acls groups to: spark
[2026-04-12T06:17:10.570+0000] {subprocess.py:106} INFO - 26/04/12 06:17:10 INFO SecurityManager: SecurityManager: authentication disabled; ui acls disabled; users with view permissions: spark groups with view permissions: EMPTY; users with modify permissions: spark; groups with modify permissions: EMPTY; RPC SSL disabled
[2026-04-12T06:17:10.602+0000] {subprocess.py:106} INFO - 26/04/12 06:17:10 INFO KafkaBatchReaderFactory: Creating Kafka reader topicPartition=weather-topic-2 fromOffset=84} untilOffset=101, for query queryId=97df26eb-363e-4a9d-81a0-5bee41c3e2e1 batchId=5 taskId=2 partitionId=2
[2026-04-12T06:17:10.604+0000] {subprocess.py:106} INFO - 26/04/12 06:17:10 INFO KafkaBatchReaderFactory: Creating Kafka reader topicPartition=weather-topic-1 fromOffset=97} untilOffset=120, for query queryId=97df26eb-363e-4a9d-81a0-5bee41c3e2e1 batchId=5 taskId=1 partitionId=1
[2026-04-12T06:17:10.605+0000] {subprocess.py:106} INFO - 26/04/12 06:17:10 INFO KafkaBatchReaderFactory: Creating Kafka reader topicPartition=weather-topic-0 fromOffset=79} untilOffset=99, for query queryId=97df26eb-363e-4a9d-81a0-5bee41c3e2e1 batchId=5 taskId=0 partitionId=0
[2026-04-12T06:17:10.659+0000] {subprocess.py:106} INFO - 26/04/12 06:17:10 INFO CodeGenerator: Code generated in 16.477855 ms
[2026-04-12T06:17:10.702+0000] {subprocess.py:106} INFO - 26/04/12 06:17:10 INFO CodeGenerator: Code generated in 19.289991 ms
[2026-04-12T06:17:10.767+0000] {subprocess.py:106} INFO - 26/04/12 06:17:10 INFO ConsumerConfig: ConsumerConfig values:
[2026-04-12T06:17:10.767+0000] {subprocess.py:106} INFO - 	allow.auto.create.topics = true
[2026-04-12T06:17:10.767+0000] {subprocess.py:106} INFO - 	auto.commit.interval.ms = 5000
[2026-04-12T06:17:10.768+0000] {subprocess.py:106} INFO - 	auto.include.jmx.reporter = true
[2026-04-12T06:17:10.769+0000] {subprocess.py:106} INFO - 	auto.offset.reset = none
[2026-04-12T06:17:10.769+0000] {subprocess.py:106} INFO - 	bootstrap.servers = [kafka:9092]
[2026-04-12T06:17:10.769+0000] {subprocess.py:106} INFO - 	check.crcs = true
[2026-04-12T06:17:10.770+0000] {subprocess.py:106} INFO - 	client.dns.lookup = use_all_dns_ips
[2026-04-12T06:17:10.770+0000] {subprocess.py:106} INFO - 	client.id = consumer-spark-kafka-source-fac3f392-df7c-4a7d-b45a-fd2c6194fa07--983882313-executor-3
[2026-04-12T06:17:10.770+0000] {subprocess.py:106} INFO - 	client.rack =
[2026-04-12T06:17:10.771+0000] {subprocess.py:106} INFO - 	connections.max.idle.ms = 540000
[2026-04-12T06:17:10.771+0000] {subprocess.py:106} INFO - 	default.api.timeout.ms = 60000
[2026-04-12T06:17:10.771+0000] {subprocess.py:106} INFO - 	enable.auto.commit = false
[2026-04-12T06:17:10.772+0000] {subprocess.py:106} INFO - 	enable.metrics.push = true
[2026-04-12T06:17:10.772+0000] {subprocess.py:106} INFO - 	exclude.internal.topics = true
[2026-04-12T06:17:10.773+0000] {subprocess.py:106} INFO - 	fetch.max.bytes = 52428800
[2026-04-12T06:17:10.773+0000] {subprocess.py:106} INFO - 	fetch.max.wait.ms = 500
[2026-04-12T06:17:10.773+0000] {subprocess.py:106} INFO - 	fetch.min.bytes = 1
[2026-04-12T06:17:10.774+0000] {subprocess.py:106} INFO - 	group.id = spark-kafka-source-fac3f392-df7c-4a7d-b45a-fd2c6194fa07--983882313-executor
[2026-04-12T06:17:10.774+0000] {subprocess.py:106} INFO - 	group.instance.id = null
[2026-04-12T06:17:10.774+0000] {subprocess.py:106} INFO - 	group.protocol = classic
[2026-04-12T06:17:10.774+0000] {subprocess.py:106} INFO - 	group.remote.assignor = null
[2026-04-12T06:17:10.775+0000] {subprocess.py:106} INFO - 	heartbeat.interval.ms = 3000
[2026-04-12T06:17:10.775+0000] {subprocess.py:106} INFO - 	interceptor.classes = []
[2026-04-12T06:17:10.775+0000] {subprocess.py:106} INFO - 	internal.leave.group.on.close = true
[2026-04-12T06:17:10.776+0000] {subprocess.py:106} INFO - 	internal.throw.on.fetch.stable.offset.unsupported = false
[2026-04-12T06:17:10.776+0000] {subprocess.py:106} INFO - 	isolation.level = read_uncommitted
[2026-04-12T06:17:10.776+0000] {subprocess.py:106} INFO - 	key.deserializer = class org.apache.kafka.common.serialization.ByteArrayDeserializer
[2026-04-12T06:17:10.777+0000] {subprocess.py:106} INFO - 	max.partition.fetch.bytes = 1048576
[2026-04-12T06:17:10.777+0000] {subprocess.py:106} INFO - 	max.poll.interval.ms = 300000
[2026-04-12T06:17:10.778+0000] {subprocess.py:106} INFO - 	max.poll.records = 500
[2026-04-12T06:17:10.778+0000] {subprocess.py:106} INFO - 	metadata.max.age.ms = 300000
[2026-04-12T06:17:10.778+0000] {subprocess.py:106} INFO - 	metadata.recovery.strategy = none
[2026-04-12T06:17:10.778+0000] {subprocess.py:106} INFO - 	metric.reporters = []
[2026-04-12T06:17:10.779+0000] {subprocess.py:106} INFO - 	metrics.num.samples = 2
[2026-04-12T06:17:10.779+0000] {subprocess.py:106} INFO - 	metrics.recording.level = INFO
[2026-04-12T06:17:10.779+0000] {subprocess.py:106} INFO - 	metrics.sample.window.ms = 30000
[2026-04-12T06:17:10.780+0000] {subprocess.py:106} INFO - 	partition.assignment.strategy = [class org.apache.kafka.clients.consumer.RangeAssignor, class org.apache.kafka.clients.consumer.CooperativeStickyAssignor]
[2026-04-12T06:17:10.780+0000] {subprocess.py:106} INFO - 	receive.buffer.bytes = 65536
[2026-04-12T06:17:10.781+0000] {subprocess.py:106} INFO - 	reconnect.backoff.max.ms = 1000
[2026-04-12T06:17:10.781+0000] {subprocess.py:106} INFO - 	reconnect.backoff.ms = 50
[2026-04-12T06:17:10.781+0000] {subprocess.py:106} INFO - 	request.timeout.ms = 30000
[2026-04-12T06:17:10.781+0000] {subprocess.py:106} INFO - 	retry.backoff.max.ms = 1000
[2026-04-12T06:17:10.782+0000] {subprocess.py:106} INFO - 	retry.backoff.ms = 100
[2026-04-12T06:17:10.782+0000] {subprocess.py:106} INFO - 	sasl.client.callback.handler.class = null
[2026-04-12T06:17:10.783+0000] {subprocess.py:106} INFO - 	sasl.jaas.config = null
[2026-04-12T06:17:10.783+0000] {subprocess.py:106} INFO - 	sasl.kerberos.kinit.cmd = /usr/bin/kinit
[2026-04-12T06:17:10.783+0000] {subprocess.py:106} INFO - 	sasl.kerberos.min.time.before.relogin = 60000
[2026-04-12T06:17:10.784+0000] {subprocess.py:106} INFO - 	sasl.kerberos.service.name = null
[2026-04-12T06:17:10.784+0000] {subprocess.py:106} INFO - 	sasl.kerberos.ticket.renew.jitter = 0.05
[2026-04-12T06:17:10.784+0000] {subprocess.py:106} INFO - 	sasl.kerberos.ticket.renew.window.factor = 0.8
[2026-04-12T06:17:10.785+0000] {subprocess.py:106} INFO - 	sasl.login.callback.handler.class = null
[2026-04-12T06:17:10.785+0000] {subprocess.py:106} INFO - 	sasl.login.class = null
[2026-04-12T06:17:10.785+0000] {subprocess.py:106} INFO - 	sasl.login.connect.timeout.ms = null
[2026-04-12T06:17:10.786+0000] {subprocess.py:106} INFO - 	sasl.login.read.timeout.ms = null
[2026-04-12T06:17:10.786+0000] {subprocess.py:106} INFO - 	sasl.login.refresh.buffer.seconds = 300
[2026-04-12T06:17:10.786+0000] {subprocess.py:106} INFO - 	sasl.login.refresh.min.period.seconds = 60
[2026-04-12T06:17:10.786+0000] {subprocess.py:106} INFO - 	sasl.login.refresh.window.factor = 0.8
[2026-04-12T06:17:10.787+0000] {subprocess.py:106} INFO - 	sasl.login.refresh.window.jitter = 0.05
[2026-04-12T06:17:10.787+0000] {subprocess.py:106} INFO - 	sasl.login.retry.backoff.max.ms = 10000
[2026-04-12T06:17:10.787+0000] {subprocess.py:106} INFO - 	sasl.login.retry.backoff.ms = 100
[2026-04-12T06:17:10.787+0000] {subprocess.py:106} INFO - 	sasl.mechanism = GSSAPI
[2026-04-12T06:17:10.788+0000] {subprocess.py:106} INFO - 	sasl.oauthbearer.clock.skew.seconds = 30
[2026-04-12T06:17:10.788+0000] {subprocess.py:106} INFO - 	sasl.oauthbearer.expected.audience = null
[2026-04-12T06:17:10.789+0000] {subprocess.py:106} INFO - 	sasl.oauthbearer.expected.issuer = null
[2026-04-12T06:17:10.789+0000] {subprocess.py:106} INFO - 	sasl.oauthbearer.header.urlencode = false
[2026-04-12T06:17:10.789+0000] {subprocess.py:106} INFO - 	sasl.oauthbearer.jwks.endpoint.refresh.ms = 3600000
[2026-04-12T06:17:10.789+0000] {subprocess.py:106} INFO - 	sasl.oauthbearer.jwks.endpoint.retry.backoff.max.ms = 10000
[2026-04-12T06:17:10.790+0000] {subprocess.py:106} INFO - 	sasl.oauthbearer.jwks.endpoint.retry.backoff.ms = 100
[2026-04-12T06:17:10.790+0000] {subprocess.py:106} INFO - 	sasl.oauthbearer.jwks.endpoint.url = null
[2026-04-12T06:17:10.790+0000] {subprocess.py:106} INFO - 	sasl.oauthbearer.scope.claim.name = scope
[2026-04-12T06:17:10.790+0000] {subprocess.py:106} INFO - 	sasl.oauthbearer.sub.claim.name = sub
[2026-04-12T06:17:10.791+0000] {subprocess.py:106} INFO - 	sasl.oauthbearer.token.endpoint.url = null
[2026-04-12T06:17:10.791+0000] {subprocess.py:106} INFO - 	security.protocol = PLAINTEXT
[2026-04-12T06:17:10.791+0000] {subprocess.py:106} INFO - 	security.providers = null
[2026-04-12T06:17:10.791+0000] {subprocess.py:106} INFO - 	send.buffer.bytes = 131072
[2026-04-12T06:17:10.792+0000] {subprocess.py:106} INFO - 	session.timeout.ms = 45000
[2026-04-12T06:17:10.792+0000] {subprocess.py:106} INFO - 	socket.connection.setup.timeout.max.ms = 30000
[2026-04-12T06:17:10.792+0000] {subprocess.py:106} INFO - 	socket.connection.setup.timeout.ms = 10000
[2026-04-12T06:17:10.793+0000] {subprocess.py:106} INFO - 	ssl.cipher.suites = null
[2026-04-12T06:17:10.793+0000] {subprocess.py:106} INFO - 	ssl.enabled.protocols = [TLSv1.2, TLSv1.3]
[2026-04-12T06:17:10.793+0000] {subprocess.py:106} INFO - 	ssl.endpoint.identification.algorithm = https
[2026-04-12T06:17:10.794+0000] {subprocess.py:106} INFO - 	ssl.engine.factory.class = null
[2026-04-12T06:17:10.794+0000] {subprocess.py:106} INFO - 	ssl.key.password = null
[2026-04-12T06:17:10.794+0000] {subprocess.py:106} INFO - 	ssl.keymanager.algorithm = SunX509
[2026-04-12T06:17:10.795+0000] {subprocess.py:106} INFO - 	ssl.keystore.certificate.chain = null
[2026-04-12T06:17:10.795+0000] {subprocess.py:106} INFO - 	ssl.keystore.key = null
[2026-04-12T06:17:10.795+0000] {subprocess.py:106} INFO - 	ssl.keystore.location = null
[2026-04-12T06:17:10.796+0000] {subprocess.py:106} INFO - 	ssl.keystore.password = null
[2026-04-12T06:17:10.796+0000] {subprocess.py:106} INFO - 	ssl.keystore.type = JKS
[2026-04-12T06:17:10.797+0000] {subprocess.py:106} INFO - 	ssl.protocol = TLSv1.3
[2026-04-12T06:17:10.797+0000] {subprocess.py:106} INFO - 	ssl.provider = null
[2026-04-12T06:17:10.797+0000] {subprocess.py:106} INFO - 	ssl.secure.random.implementation = null
[2026-04-12T06:17:10.798+0000] {subprocess.py:106} INFO - 	ssl.trustmanager.algorithm = PKIX
[2026-04-12T06:17:10.798+0000] {subprocess.py:106} INFO - 	ssl.truststore.certificates = null
[2026-04-12T06:17:10.798+0000] {subprocess.py:106} INFO - 	ssl.truststore.location = null
[2026-04-12T06:17:10.799+0000] {subprocess.py:106} INFO - 	ssl.truststore.password = null
[2026-04-12T06:17:10.799+0000] {subprocess.py:106} INFO - 	ssl.truststore.type = JKS
[2026-04-12T06:17:10.799+0000] {subprocess.py:106} INFO - 	value.deserializer = class org.apache.kafka.common.serialization.ByteArrayDeserializer
[2026-04-12T06:17:10.800+0000] {subprocess.py:106} INFO - 
[2026-04-12T06:17:10.800+0000] {subprocess.py:106} INFO - 26/04/12 06:17:10 INFO ConsumerConfig: ConsumerConfig values:
[2026-04-12T06:17:10.800+0000] {subprocess.py:106} INFO - 	allow.auto.create.topics = true
[2026-04-12T06:17:10.801+0000] {subprocess.py:106} INFO - 	auto.commit.interval.ms = 5000
[2026-04-12T06:17:10.801+0000] {subprocess.py:106} INFO - 	auto.include.jmx.reporter = true
[2026-04-12T06:17:10.801+0000] {subprocess.py:106} INFO - 	auto.offset.reset = none
[2026-04-12T06:17:10.802+0000] {subprocess.py:106} INFO - 	bootstrap.servers = [kafka:9092]
[2026-04-12T06:17:10.802+0000] {subprocess.py:106} INFO - 	check.crcs = true
[2026-04-12T06:17:10.802+0000] {subprocess.py:106} INFO - 	client.dns.lookup = use_all_dns_ips
[2026-04-12T06:17:10.803+0000] {subprocess.py:106} INFO - 	client.id = consumer-spark-kafka-source-fac3f392-df7c-4a7d-b45a-fd2c6194fa07--983882313-executor-1
[2026-04-12T06:17:10.803+0000] {subprocess.py:106} INFO - 	client.rack =
[2026-04-12T06:17:10.803+0000] {subprocess.py:106} INFO - 	connections.max.idle.ms = 540000
[2026-04-12T06:17:10.804+0000] {subprocess.py:106} INFO - 	default.api.timeout.ms = 60000
[2026-04-12T06:17:10.804+0000] {subprocess.py:106} INFO - 	enable.auto.commit = false
[2026-04-12T06:17:10.805+0000] {subprocess.py:106} INFO - 	enable.metrics.push = true
[2026-04-12T06:17:10.805+0000] {subprocess.py:106} INFO - 	exclude.internal.topics = true
[2026-04-12T06:17:10.805+0000] {subprocess.py:106} INFO - 	fetch.max.bytes = 52428800
[2026-04-12T06:17:10.805+0000] {subprocess.py:106} INFO - 	fetch.max.wait.ms = 500
[2026-04-12T06:17:10.806+0000] {subprocess.py:106} INFO - 	fetch.min.bytes = 1
[2026-04-12T06:17:10.806+0000] {subprocess.py:106} INFO - 	group.id = spark-kafka-source-fac3f392-df7c-4a7d-b45a-fd2c6194fa07--983882313-executor
[2026-04-12T06:17:10.806+0000] {subprocess.py:106} INFO - 	group.instance.id = null
[2026-04-12T06:17:10.807+0000] {subprocess.py:106} INFO - 	group.protocol = classic
[2026-04-12T06:17:10.807+0000] {subprocess.py:106} INFO - 	group.remote.assignor = null
[2026-04-12T06:17:10.807+0000] {subprocess.py:106} INFO - 	heartbeat.interval.ms = 3000
[2026-04-12T06:17:10.808+0000] {subprocess.py:106} INFO - 	interceptor.classes = []
[2026-04-12T06:17:10.808+0000] {subprocess.py:106} INFO - 	internal.leave.group.on.close = true
[2026-04-12T06:17:10.808+0000] {subprocess.py:106} INFO - 	internal.throw.on.fetch.stable.offset.unsupported = false
[2026-04-12T06:17:10.809+0000] {subprocess.py:106} INFO - 	isolation.level = read_uncommitted
[2026-04-12T06:17:10.809+0000] {subprocess.py:106} INFO - 	key.deserializer = class org.apache.kafka.common.serialization.ByteArrayDeserializer
[2026-04-12T06:17:10.809+0000] {subprocess.py:106} INFO - 	max.partition.fetch.bytes = 1048576
[2026-04-12T06:17:10.810+0000] {subprocess.py:106} INFO - 	max.poll.interval.ms = 300000
[2026-04-12T06:17:10.810+0000] {subprocess.py:106} INFO - 	max.poll.records = 500
[2026-04-12T06:17:10.811+0000] {subprocess.py:106} INFO - 	metadata.max.age.ms = 300000
[2026-04-12T06:17:10.811+0000] {subprocess.py:106} INFO - 	metadata.recovery.strategy = none
[2026-04-12T06:17:10.811+0000] {subprocess.py:106} INFO - 	metric.reporters = []
[2026-04-12T06:17:10.812+0000] {subprocess.py:106} INFO - 	metrics.num.samples = 2
[2026-04-12T06:17:10.812+0000] {subprocess.py:106} INFO - 	metrics.recording.level = INFO
[2026-04-12T06:17:10.812+0000] {subprocess.py:106} INFO - 	metrics.sample.window.ms = 30000
[2026-04-12T06:17:10.813+0000] {subprocess.py:106} INFO - 	partition.assignment.strategy = [class org.apache.kafka.clients.consumer.RangeAssignor, class org.apache.kafka.clients.consumer.CooperativeStickyAssignor]
[2026-04-12T06:17:10.813+0000] {subprocess.py:106} INFO - 	receive.buffer.bytes = 65536
[2026-04-12T06:17:10.813+0000] {subprocess.py:106} INFO - 	reconnect.backoff.max.ms = 1000
[2026-04-12T06:17:10.814+0000] {subprocess.py:106} INFO - 	reconnect.backoff.ms = 50
[2026-04-12T06:17:10.814+0000] {subprocess.py:106} INFO - 	request.timeout.ms = 30000
[2026-04-12T06:17:10.814+0000] {subprocess.py:106} INFO - 	retry.backoff.max.ms = 1000
[2026-04-12T06:17:10.815+0000] {subprocess.py:106} INFO - 	retry.backoff.ms = 100
[2026-04-12T06:17:10.815+0000] {subprocess.py:106} INFO - 	sasl.client.callback.handler.class = null
[2026-04-12T06:17:10.815+0000] {subprocess.py:106} INFO - 	sasl.jaas.config = null
[2026-04-12T06:17:10.816+0000] {subprocess.py:106} INFO - 	sasl.kerberos.kinit.cmd = /usr/bin/kinit
[2026-04-12T06:17:10.816+0000] {subprocess.py:106} INFO - 	sasl.kerberos.min.time.before.relogin = 60000
[2026-04-12T06:17:10.817+0000] {subprocess.py:106} INFO - 	sasl.kerberos.service.name = null
[2026-04-12T06:17:10.817+0000] {subprocess.py:106} INFO - 	sasl.kerberos.ticket.renew.jitter = 0.05
[2026-04-12T06:17:10.818+0000] {subprocess.py:106} INFO - 	sasl.kerberos.ticket.renew.window.factor = 0.8
[2026-04-12T06:17:10.818+0000] {subprocess.py:106} INFO - 	sasl.login.callback.handler.class = null
[2026-04-12T06:17:10.818+0000] {subprocess.py:106} INFO - 	sasl.login.class = null
[2026-04-12T06:17:10.819+0000] {subprocess.py:106} INFO - 	sasl.login.connect.timeout.ms = null
[2026-04-12T06:17:10.819+0000] {subprocess.py:106} INFO - 	sasl.login.read.timeout.ms = null
[2026-04-12T06:17:10.819+0000] {subprocess.py:106} INFO - 	sasl.login.refresh.buffer.seconds = 300
[2026-04-12T06:17:10.820+0000] {subprocess.py:106} INFO - 	sasl.login.refresh.min.period.seconds = 60
[2026-04-12T06:17:10.820+0000] {subprocess.py:106} INFO - 	sasl.login.refresh.window.factor = 0.8
[2026-04-12T06:17:10.820+0000] {subprocess.py:106} INFO - 	sasl.login.refresh.window.jitter = 0.05
[2026-04-12T06:17:10.821+0000] {subprocess.py:106} INFO - 	sasl.login.retry.backoff.max.ms = 10000
[2026-04-12T06:17:10.821+0000] {subprocess.py:106} INFO - 	sasl.login.retry.backoff.ms = 100
[2026-04-12T06:17:10.821+0000] {subprocess.py:106} INFO - 	sasl.mechanism = GSSAPI
[2026-04-12T06:17:10.822+0000] {subprocess.py:106} INFO - 	sasl.oauthbearer.clock.skew.seconds = 30
[2026-04-12T06:17:10.822+0000] {subprocess.py:106} INFO - 	sasl.oauthbearer.expected.audience = null
[2026-04-12T06:17:10.822+0000] {subprocess.py:106} INFO - 	sasl.oauthbearer.expected.issuer = null
[2026-04-12T06:17:10.823+0000] {subprocess.py:106} INFO - 	sasl.oauthbearer.header.urlencode = false
[2026-04-12T06:17:10.823+0000] {subprocess.py:106} INFO - 	sasl.oauthbearer.jwks.endpoint.refresh.ms = 3600000
[2026-04-12T06:17:10.824+0000] {subprocess.py:106} INFO - 	sasl.oauthbearer.jwks.endpoint.retry.backoff.max.ms = 10000
[2026-04-12T06:17:10.824+0000] {subprocess.py:106} INFO - 	sasl.oauthbearer.jwks.endpoint.retry.backoff.ms = 100
[2026-04-12T06:17:10.824+0000] {subprocess.py:106} INFO - 	sasl.oauthbearer.jwks.endpoint.url = null
[2026-04-12T06:17:10.825+0000] {subprocess.py:106} INFO - 	sasl.oauthbearer.scope.claim.name = scope
[2026-04-12T06:17:10.825+0000] {subprocess.py:106} INFO - 	sasl.oauthbearer.sub.claim.name = sub
[2026-04-12T06:17:10.825+0000] {subprocess.py:106} INFO - 	sasl.oauthbearer.token.endpoint.url = null
[2026-04-12T06:17:10.826+0000] {subprocess.py:106} INFO - 	security.protocol = PLAINTEXT
[2026-04-12T06:17:10.826+0000] {subprocess.py:106} INFO - 	security.providers = null
[2026-04-12T06:17:10.826+0000] {subprocess.py:106} INFO - 	send.buffer.bytes = 131072
[2026-04-12T06:17:10.827+0000] {subprocess.py:106} INFO - 	session.timeout.ms = 45000
[2026-04-12T06:17:10.827+0000] {subprocess.py:106} INFO - 	socket.connection.setup.timeout.max.ms = 30000
[2026-04-12T06:17:10.828+0000] {subprocess.py:106} INFO - 	socket.connection.setup.timeout.ms = 10000
[2026-04-12T06:17:10.828+0000] {subprocess.py:106} INFO - 	ssl.cipher.suites = null
[2026-04-12T06:17:10.828+0000] {subprocess.py:106} INFO - 	ssl.enabled.protocols = [TLSv1.2, TLSv1.3]
[2026-04-12T06:17:10.829+0000] {subprocess.py:106} INFO - 	ssl.endpoint.identification.algorithm = https
[2026-04-12T06:17:10.829+0000] {subprocess.py:106} INFO - 	ssl.engine.factory.class = null
[2026-04-12T06:17:10.830+0000] {subprocess.py:106} INFO - 	ssl.key.password = null
[2026-04-12T06:17:10.830+0000] {subprocess.py:106} INFO - 	ssl.keymanager.algorithm = SunX509
[2026-04-12T06:17:10.830+0000] {subprocess.py:106} INFO - 	ssl.keystore.certificate.chain = null
[2026-04-12T06:17:10.831+0000] {subprocess.py:106} INFO - 	ssl.keystore.key = null
[2026-04-12T06:17:10.831+0000] {subprocess.py:106} INFO - 	ssl.keystore.location = null
[2026-04-12T06:17:10.832+0000] {subprocess.py:106} INFO - 	ssl.keystore.password = null
[2026-04-12T06:17:10.832+0000] {subprocess.py:106} INFO - 	ssl.keystore.type = JKS
[2026-04-12T06:17:10.833+0000] {subprocess.py:106} INFO - 	ssl.protocol = TLSv1.3
[2026-04-12T06:17:10.833+0000] {subprocess.py:106} INFO - 	ssl.provider = null
[2026-04-12T06:17:10.833+0000] {subprocess.py:106} INFO - 	ssl.secure.random.implementation = null
[2026-04-12T06:17:10.834+0000] {subprocess.py:106} INFO - 	ssl.trustmanager.algorithm = PKIX
[2026-04-12T06:17:10.834+0000] {subprocess.py:106} INFO - 	ssl.truststore.certificates = null
[2026-04-12T06:17:10.835+0000] {subprocess.py:106} INFO - 	ssl.truststore.location = null
[2026-04-12T06:17:10.835+0000] {subprocess.py:106} INFO - 	ssl.truststore.password = null
[2026-04-12T06:17:10.835+0000] {subprocess.py:106} INFO - 	ssl.truststore.type = JKS
[2026-04-12T06:17:10.836+0000] {subprocess.py:106} INFO - 	value.deserializer = class org.apache.kafka.common.serialization.ByteArrayDeserializer
[2026-04-12T06:17:10.836+0000] {subprocess.py:106} INFO - 
[2026-04-12T06:17:10.836+0000] {subprocess.py:106} INFO - 26/04/12 06:17:10 INFO ConsumerConfig: ConsumerConfig values:
[2026-04-12T06:17:10.837+0000] {subprocess.py:106} INFO - 	allow.auto.create.topics = true
[2026-04-12T06:17:10.837+0000] {subprocess.py:106} INFO - 	auto.commit.interval.ms = 5000
[2026-04-12T06:17:10.837+0000] {subprocess.py:106} INFO - 	auto.include.jmx.reporter = true
[2026-04-12T06:17:10.838+0000] {subprocess.py:106} INFO - 	auto.offset.reset = none
[2026-04-12T06:17:10.838+0000] {subprocess.py:106} INFO - 	bootstrap.servers = [kafka:9092]
[2026-04-12T06:17:10.838+0000] {subprocess.py:106} INFO - 	check.crcs = true
[2026-04-12T06:17:10.839+0000] {subprocess.py:106} INFO - 	client.dns.lookup = use_all_dns_ips
[2026-04-12T06:17:10.839+0000] {subprocess.py:106} INFO - 	client.id = consumer-spark-kafka-source-fac3f392-df7c-4a7d-b45a-fd2c6194fa07--983882313-executor-2
[2026-04-12T06:17:10.840+0000] {subprocess.py:106} INFO - 	client.rack =
[2026-04-12T06:17:10.840+0000] {subprocess.py:106} INFO - 	connections.max.idle.ms = 540000
[2026-04-12T06:17:10.840+0000] {subprocess.py:106} INFO - 	default.api.timeout.ms = 60000
[2026-04-12T06:17:10.841+0000] {subprocess.py:106} INFO - 	enable.auto.commit = false
[2026-04-12T06:17:10.841+0000] {subprocess.py:106} INFO - 	enable.metrics.push = true
[2026-04-12T06:17:10.841+0000] {subprocess.py:106} INFO - 	exclude.internal.topics = true
[2026-04-12T06:17:10.842+0000] {subprocess.py:106} INFO - 	fetch.max.bytes = 52428800
[2026-04-12T06:17:10.842+0000] {subprocess.py:106} INFO - 	fetch.max.wait.ms = 500
[2026-04-12T06:17:10.843+0000] {subprocess.py:106} INFO - 	fetch.min.bytes = 1
[2026-04-12T06:17:10.843+0000] {subprocess.py:106} INFO - 	group.id = spark-kafka-source-fac3f392-df7c-4a7d-b45a-fd2c6194fa07--983882313-executor
[2026-04-12T06:17:10.843+0000] {subprocess.py:106} INFO - 	group.instance.id = null
[2026-04-12T06:17:10.844+0000] {subprocess.py:106} INFO - 	group.protocol = classic
[2026-04-12T06:17:10.844+0000] {subprocess.py:106} INFO - 	group.remote.assignor = null
[2026-04-12T06:17:10.845+0000] {subprocess.py:106} INFO - 	heartbeat.interval.ms = 3000
[2026-04-12T06:17:10.845+0000] {subprocess.py:106} INFO - 	interceptor.classes = []
[2026-04-12T06:17:10.846+0000] {subprocess.py:106} INFO - 	internal.leave.group.on.close = true
[2026-04-12T06:17:10.846+0000] {subprocess.py:106} INFO - 	internal.throw.on.fetch.stable.offset.unsupported = false
[2026-04-12T06:17:10.846+0000] {subprocess.py:106} INFO - 	isolation.level = read_uncommitted
[2026-04-12T06:17:10.847+0000] {subprocess.py:106} INFO - 	key.deserializer = class org.apache.kafka.common.serialization.ByteArrayDeserializer
[2026-04-12T06:17:10.847+0000] {subprocess.py:106} INFO - 	max.partition.fetch.bytes = 1048576
[2026-04-12T06:17:10.848+0000] {subprocess.py:106} INFO - 	max.poll.interval.ms = 300000
[2026-04-12T06:17:10.848+0000] {subprocess.py:106} INFO - 	max.poll.records = 500
[2026-04-12T06:17:10.849+0000] {subprocess.py:106} INFO - 	metadata.max.age.ms = 300000
[2026-04-12T06:17:10.849+0000] {subprocess.py:106} INFO - 	metadata.recovery.strategy = none
[2026-04-12T06:17:10.849+0000] {subprocess.py:106} INFO - 	metric.reporters = []
[2026-04-12T06:17:10.850+0000] {subprocess.py:106} INFO - 	metrics.num.samples = 2
[2026-04-12T06:17:10.850+0000] {subprocess.py:106} INFO - 	metrics.recording.level = INFO
[2026-04-12T06:17:10.851+0000] {subprocess.py:106} INFO - 	metrics.sample.window.ms = 30000
[2026-04-12T06:17:10.851+0000] {subprocess.py:106} INFO - 	partition.assignment.strategy = [class org.apache.kafka.clients.consumer.RangeAssignor, class org.apache.kafka.clients.consumer.CooperativeStickyAssignor]
[2026-04-12T06:17:10.852+0000] {subprocess.py:106} INFO - 	receive.buffer.bytes = 65536
[2026-04-12T06:17:10.852+0000] {subprocess.py:106} INFO - 	reconnect.backoff.max.ms = 1000
[2026-04-12T06:17:10.852+0000] {subprocess.py:106} INFO - 	reconnect.backoff.ms = 50
[2026-04-12T06:17:10.853+0000] {subprocess.py:106} INFO - 	request.timeout.ms = 30000
[2026-04-12T06:17:10.853+0000] {subprocess.py:106} INFO - 	retry.backoff.max.ms = 1000
[2026-04-12T06:17:10.854+0000] {subprocess.py:106} INFO - 	retry.backoff.ms = 100
[2026-04-12T06:17:10.854+0000] {subprocess.py:106} INFO - 	sasl.client.callback.handler.class = null
[2026-04-12T06:17:10.854+0000] {subprocess.py:106} INFO - 	sasl.jaas.config = null
[2026-04-12T06:17:10.855+0000] {subprocess.py:106} INFO - 	sasl.kerberos.kinit.cmd = /usr/bin/kinit
[2026-04-12T06:17:10.855+0000] {subprocess.py:106} INFO - 	sasl.kerberos.min.time.before.relogin = 60000
[2026-04-12T06:17:10.856+0000] {subprocess.py:106} INFO - 	sasl.kerberos.service.name = null
[2026-04-12T06:17:10.856+0000] {subprocess.py:106} INFO - 	sasl.kerberos.ticket.renew.jitter = 0.05
[2026-04-12T06:17:10.857+0000] {subprocess.py:106} INFO - 	sasl.kerberos.ticket.renew.window.factor = 0.8
[2026-04-12T06:17:10.857+0000] {subprocess.py:106} INFO - 	sasl.login.callback.handler.class = null
[2026-04-12T06:17:10.857+0000] {subprocess.py:106} INFO - 	sasl.login.class = null
[2026-04-12T06:17:10.858+0000] {subprocess.py:106} INFO - 	sasl.login.connect.timeout.ms = null
[2026-04-12T06:17:10.858+0000] {subprocess.py:106} INFO - 	sasl.login.read.timeout.ms = null
[2026-04-12T06:17:10.859+0000] {subprocess.py:106} INFO - 	sasl.login.refresh.buffer.seconds = 300
[2026-04-12T06:17:10.859+0000] {subprocess.py:106} INFO - 	sasl.login.refresh.min.period.seconds = 60
[2026-04-12T06:17:10.860+0000] {subprocess.py:106} INFO - 	sasl.login.refresh.window.factor = 0.8
[2026-04-12T06:17:10.860+0000] {subprocess.py:106} INFO - 	sasl.login.refresh.window.jitter = 0.05
[2026-04-12T06:17:10.860+0000] {subprocess.py:106} INFO - 	sasl.login.retry.backoff.max.ms = 10000
[2026-04-12T06:17:10.861+0000] {subprocess.py:106} INFO - 	sasl.login.retry.backoff.ms = 100
[2026-04-12T06:17:10.861+0000] {subprocess.py:106} INFO - 	sasl.mechanism = GSSAPI
[2026-04-12T06:17:10.861+0000] {subprocess.py:106} INFO - 	sasl.oauthbearer.clock.skew.seconds = 30
[2026-04-12T06:17:10.862+0000] {subprocess.py:106} INFO - 	sasl.oauthbearer.expected.audience = null
[2026-04-12T06:17:10.862+0000] {subprocess.py:106} INFO - 	sasl.oauthbearer.expected.issuer = null
[2026-04-12T06:17:10.862+0000] {subprocess.py:106} INFO - 	sasl.oauthbearer.header.urlencode = false
[2026-04-12T06:17:10.863+0000] {subprocess.py:106} INFO - 	sasl.oauthbearer.jwks.endpoint.refresh.ms = 3600000
[2026-04-12T06:17:10.863+0000] {subprocess.py:106} INFO - 	sasl.oauthbearer.jwks.endpoint.retry.backoff.max.ms = 10000
[2026-04-12T06:17:10.864+0000] {subprocess.py:106} INFO - 	sasl.oauthbearer.jwks.endpoint.retry.backoff.ms = 100
[2026-04-12T06:17:10.864+0000] {subprocess.py:106} INFO - 	sasl.oauthbearer.jwks.endpoint.url = null
[2026-04-12T06:17:10.865+0000] {subprocess.py:106} INFO - 	sasl.oauthbearer.scope.claim.name = scope
[2026-04-12T06:17:10.865+0000] {subprocess.py:106} INFO - 	sasl.oauthbearer.sub.claim.name = sub
[2026-04-12T06:17:10.865+0000] {subprocess.py:106} INFO - 	sasl.oauthbearer.token.endpoint.url = null
[2026-04-12T06:17:10.866+0000] {subprocess.py:106} INFO - 	security.protocol = PLAINTEXT
[2026-04-12T06:17:10.866+0000] {subprocess.py:106} INFO - 	security.providers = null
[2026-04-12T06:17:10.866+0000] {subprocess.py:106} INFO - 	send.buffer.bytes = 131072
[2026-04-12T06:17:10.867+0000] {subprocess.py:106} INFO - 	session.timeout.ms = 45000
[2026-04-12T06:17:10.867+0000] {subprocess.py:106} INFO - 	socket.connection.setup.timeout.max.ms = 30000
[2026-04-12T06:17:10.867+0000] {subprocess.py:106} INFO - 	socket.connection.setup.timeout.ms = 10000
[2026-04-12T06:17:10.868+0000] {subprocess.py:106} INFO - 	ssl.cipher.suites = null
[2026-04-12T06:17:10.868+0000] {subprocess.py:106} INFO - 	ssl.enabled.protocols = [TLSv1.2, TLSv1.3]
[2026-04-12T06:17:10.868+0000] {subprocess.py:106} INFO - 	ssl.endpoint.identification.algorithm = https
[2026-04-12T06:17:10.869+0000] {subprocess.py:106} INFO - 	ssl.engine.factory.class = null
[2026-04-12T06:17:10.869+0000] {subprocess.py:106} INFO - 	ssl.key.password = null
[2026-04-12T06:17:10.869+0000] {subprocess.py:106} INFO - 	ssl.keymanager.algorithm = SunX509
[2026-04-12T06:17:10.870+0000] {subprocess.py:106} INFO - 	ssl.keystore.certificate.chain = null
[2026-04-12T06:17:10.870+0000] {subprocess.py:106} INFO - 	ssl.keystore.key = null
[2026-04-12T06:17:10.870+0000] {subprocess.py:106} INFO - 	ssl.keystore.location = null
[2026-04-12T06:17:10.871+0000] {subprocess.py:106} INFO - 	ssl.keystore.password = null
[2026-04-12T06:17:10.871+0000] {subprocess.py:106} INFO - 	ssl.keystore.type = JKS
[2026-04-12T06:17:10.871+0000] {subprocess.py:106} INFO - 	ssl.protocol = TLSv1.3
[2026-04-12T06:17:10.871+0000] {subprocess.py:106} INFO - 	ssl.provider = null
[2026-04-12T06:17:10.872+0000] {subprocess.py:106} INFO - 	ssl.secure.random.implementation = null
[2026-04-12T06:17:10.872+0000] {subprocess.py:106} INFO - 	ssl.trustmanager.algorithm = PKIX
[2026-04-12T06:17:10.872+0000] {subprocess.py:106} INFO - 	ssl.truststore.certificates = null
[2026-04-12T06:17:10.873+0000] {subprocess.py:106} INFO - 	ssl.truststore.location = null
[2026-04-12T06:17:10.874+0000] {subprocess.py:106} INFO - 	ssl.truststore.password = null
[2026-04-12T06:17:10.874+0000] {subprocess.py:106} INFO - 	ssl.truststore.type = JKS
[2026-04-12T06:17:10.874+0000] {subprocess.py:106} INFO - 	value.deserializer = class org.apache.kafka.common.serialization.ByteArrayDeserializer
[2026-04-12T06:17:10.874+0000] {subprocess.py:106} INFO - 
[2026-04-12T06:17:10.875+0000] {subprocess.py:106} INFO - 26/04/12 06:17:10 INFO KafkaMetricsCollector: initializing Kafka metrics collector
[2026-04-12T06:17:10.875+0000] {subprocess.py:106} INFO - 26/04/12 06:17:10 INFO KafkaMetricsCollector: initializing Kafka metrics collector
[2026-04-12T06:17:10.876+0000] {subprocess.py:106} INFO - 26/04/12 06:17:10 INFO KafkaMetricsCollector: initializing Kafka metrics collector
[2026-04-12T06:17:10.992+0000] {subprocess.py:106} INFO - 26/04/12 06:17:10 INFO AppInfoParser: Kafka version: 3.9.0
[2026-04-12T06:17:10.993+0000] {subprocess.py:106} INFO - 26/04/12 06:17:10 INFO AppInfoParser: Kafka commitId: 84caaa6e9da06435
[2026-04-12T06:17:10.993+0000] {subprocess.py:106} INFO - 26/04/12 06:17:10 INFO AppInfoParser: Kafka startTimeMs: 1775974630988
[2026-04-12T06:17:10.995+0000] {subprocess.py:106} INFO - 26/04/12 06:17:10 INFO AppInfoParser: Kafka version: 3.9.0
[2026-04-12T06:17:10.996+0000] {subprocess.py:106} INFO - 26/04/12 06:17:10 INFO AppInfoParser: Kafka commitId: 84caaa6e9da06435
[2026-04-12T06:17:10.996+0000] {subprocess.py:106} INFO - 26/04/12 06:17:10 INFO AppInfoParser: Kafka startTimeMs: 1775974630989
[2026-04-12T06:17:10.997+0000] {subprocess.py:106} INFO - 26/04/12 06:17:10 INFO AppInfoParser: Kafka version: 3.9.0
[2026-04-12T06:17:10.997+0000] {subprocess.py:106} INFO - 26/04/12 06:17:10 INFO AppInfoParser: Kafka commitId: 84caaa6e9da06435
[2026-04-12T06:17:10.998+0000] {subprocess.py:106} INFO - 26/04/12 06:17:10 INFO AppInfoParser: Kafka startTimeMs: 1775974630988
[2026-04-12T06:17:10.999+0000] {subprocess.py:106} INFO - 26/04/12 06:17:10 INFO ClassicKafkaConsumer: [Consumer clientId=consumer-spark-kafka-source-fac3f392-df7c-4a7d-b45a-fd2c6194fa07--983882313-executor-3, groupId=spark-kafka-source-fac3f392-df7c-4a7d-b45a-fd2c6194fa07--983882313-executor] Assigned to partition(s): weather-topic-0
[2026-04-12T06:17:10.999+0000] {subprocess.py:106} INFO - 26/04/12 06:17:10 INFO ClassicKafkaConsumer: [Consumer clientId=consumer-spark-kafka-source-fac3f392-df7c-4a7d-b45a-fd2c6194fa07--983882313-executor-1, groupId=spark-kafka-source-fac3f392-df7c-4a7d-b45a-fd2c6194fa07--983882313-executor] Assigned to partition(s): weather-topic-2
[2026-04-12T06:17:11.000+0000] {subprocess.py:106} INFO - 26/04/12 06:17:10 INFO ClassicKafkaConsumer: [Consumer clientId=consumer-spark-kafka-source-fac3f392-df7c-4a7d-b45a-fd2c6194fa07--983882313-executor-2, groupId=spark-kafka-source-fac3f392-df7c-4a7d-b45a-fd2c6194fa07--983882313-executor] Assigned to partition(s): weather-topic-1
[2026-04-12T06:17:11.013+0000] {subprocess.py:106} INFO - 26/04/12 06:17:11 INFO ClassicKafkaConsumer: [Consumer clientId=consumer-spark-kafka-source-fac3f392-df7c-4a7d-b45a-fd2c6194fa07--983882313-executor-2, groupId=spark-kafka-source-fac3f392-df7c-4a7d-b45a-fd2c6194fa07--983882313-executor] Seeking to offset 97 for partition weather-topic-1
[2026-04-12T06:17:11.014+0000] {subprocess.py:106} INFO - 26/04/12 06:17:11 INFO ClassicKafkaConsumer: [Consumer clientId=consumer-spark-kafka-source-fac3f392-df7c-4a7d-b45a-fd2c6194fa07--983882313-executor-1, groupId=spark-kafka-source-fac3f392-df7c-4a7d-b45a-fd2c6194fa07--983882313-executor] Seeking to offset 84 for partition weather-topic-2
[2026-04-12T06:17:11.014+0000] {subprocess.py:106} INFO - 26/04/12 06:17:11 INFO ClassicKafkaConsumer: [Consumer clientId=consumer-spark-kafka-source-fac3f392-df7c-4a7d-b45a-fd2c6194fa07--983882313-executor-3, groupId=spark-kafka-source-fac3f392-df7c-4a7d-b45a-fd2c6194fa07--983882313-executor] Seeking to offset 79 for partition weather-topic-0
[2026-04-12T06:17:11.561+0000] {subprocess.py:106} INFO - 26/04/12 06:17:11 INFO Metadata: [Consumer clientId=consumer-spark-kafka-source-fac3f392-df7c-4a7d-b45a-fd2c6194fa07--983882313-executor-2, groupId=spark-kafka-source-fac3f392-df7c-4a7d-b45a-fd2c6194fa07--983882313-executor] Cluster ID: kkX-ljWLTPS7MNugi1CRGg
[2026-04-12T06:17:11.562+0000] {subprocess.py:106} INFO - 26/04/12 06:17:11 INFO Metadata: [Consumer clientId=consumer-spark-kafka-source-fac3f392-df7c-4a7d-b45a-fd2c6194fa07--983882313-executor-3, groupId=spark-kafka-source-fac3f392-df7c-4a7d-b45a-fd2c6194fa07--983882313-executor] Cluster ID: kkX-ljWLTPS7MNugi1CRGg
[2026-04-12T06:17:11.562+0000] {subprocess.py:106} INFO - 26/04/12 06:17:11 INFO Metadata: [Consumer clientId=consumer-spark-kafka-source-fac3f392-df7c-4a7d-b45a-fd2c6194fa07--983882313-executor-1, groupId=spark-kafka-source-fac3f392-df7c-4a7d-b45a-fd2c6194fa07--983882313-executor] Cluster ID: kkX-ljWLTPS7MNugi1CRGg
[2026-04-12T06:17:11.653+0000] {subprocess.py:106} INFO - 26/04/12 06:17:11 INFO SubscriptionState: [Consumer clientId=consumer-spark-kafka-source-fac3f392-df7c-4a7d-b45a-fd2c6194fa07--983882313-executor-1, groupId=spark-kafka-source-fac3f392-df7c-4a7d-b45a-fd2c6194fa07--983882313-executor] Seeking to earliest offset of partition weather-topic-2
[2026-04-12T06:17:11.654+0000] {subprocess.py:106} INFO - 26/04/12 06:17:11 INFO SubscriptionState: [Consumer clientId=consumer-spark-kafka-source-fac3f392-df7c-4a7d-b45a-fd2c6194fa07--983882313-executor-3, groupId=spark-kafka-source-fac3f392-df7c-4a7d-b45a-fd2c6194fa07--983882313-executor] Seeking to earliest offset of partition weather-topic-0
[2026-04-12T06:17:11.655+0000] {subprocess.py:106} INFO - 26/04/12 06:17:11 INFO SubscriptionState: [Consumer clientId=consumer-spark-kafka-source-fac3f392-df7c-4a7d-b45a-fd2c6194fa07--983882313-executor-2, groupId=spark-kafka-source-fac3f392-df7c-4a7d-b45a-fd2c6194fa07--983882313-executor] Seeking to earliest offset of partition weather-topic-1
[2026-04-12T06:17:12.154+0000] {subprocess.py:106} INFO - 26/04/12 06:17:12 INFO SubscriptionState: [Consumer clientId=consumer-spark-kafka-source-fac3f392-df7c-4a7d-b45a-fd2c6194fa07--983882313-executor-2, groupId=spark-kafka-source-fac3f392-df7c-4a7d-b45a-fd2c6194fa07--983882313-executor] Resetting offset for partition weather-topic-1 to position FetchPosition{offset=0, offsetEpoch=Optional.empty, currentLeader=LeaderAndEpoch{leader=Optional[kafka:9092 (id: 1 rack: null)], epoch=0}}.
[2026-04-12T06:17:12.154+0000] {subprocess.py:106} INFO - 26/04/12 06:17:12 INFO SubscriptionState: [Consumer clientId=consumer-spark-kafka-source-fac3f392-df7c-4a7d-b45a-fd2c6194fa07--983882313-executor-1, groupId=spark-kafka-source-fac3f392-df7c-4a7d-b45a-fd2c6194fa07--983882313-executor] Resetting offset for partition weather-topic-2 to position FetchPosition{offset=0, offsetEpoch=Optional.empty, currentLeader=LeaderAndEpoch{leader=Optional[kafka:9092 (id: 1 rack: null)], epoch=0}}.
[2026-04-12T06:17:12.155+0000] {subprocess.py:106} INFO - 26/04/12 06:17:12 INFO SubscriptionState: [Consumer clientId=consumer-spark-kafka-source-fac3f392-df7c-4a7d-b45a-fd2c6194fa07--983882313-executor-3, groupId=spark-kafka-source-fac3f392-df7c-4a7d-b45a-fd2c6194fa07--983882313-executor] Resetting offset for partition weather-topic-0 to position FetchPosition{offset=0, offsetEpoch=Optional.empty, currentLeader=LeaderAndEpoch{leader=Optional[kafka:9092 (id: 1 rack: null)], epoch=0}}.
[2026-04-12T06:17:12.156+0000] {subprocess.py:106} INFO - 26/04/12 06:17:12 INFO SubscriptionState: [Consumer clientId=consumer-spark-kafka-source-fac3f392-df7c-4a7d-b45a-fd2c6194fa07--983882313-executor-1, groupId=spark-kafka-source-fac3f392-df7c-4a7d-b45a-fd2c6194fa07--983882313-executor] Seeking to latest offset of partition weather-topic-2
[2026-04-12T06:17:12.156+0000] {subprocess.py:106} INFO - 26/04/12 06:17:12 INFO SubscriptionState: [Consumer clientId=consumer-spark-kafka-source-fac3f392-df7c-4a7d-b45a-fd2c6194fa07--983882313-executor-2, groupId=spark-kafka-source-fac3f392-df7c-4a7d-b45a-fd2c6194fa07--983882313-executor] Seeking to latest offset of partition weather-topic-1
[2026-04-12T06:17:12.157+0000] {subprocess.py:106} INFO - 26/04/12 06:17:12 INFO SubscriptionState: [Consumer clientId=consumer-spark-kafka-source-fac3f392-df7c-4a7d-b45a-fd2c6194fa07--983882313-executor-3, groupId=spark-kafka-source-fac3f392-df7c-4a7d-b45a-fd2c6194fa07--983882313-executor] Seeking to latest offset of partition weather-topic-0
[2026-04-12T06:17:12.157+0000] {subprocess.py:106} INFO - 26/04/12 06:17:12 INFO SubscriptionState: [Consumer clientId=consumer-spark-kafka-source-fac3f392-df7c-4a7d-b45a-fd2c6194fa07--983882313-executor-1, groupId=spark-kafka-source-fac3f392-df7c-4a7d-b45a-fd2c6194fa07--983882313-executor] Resetting offset for partition weather-topic-2 to position FetchPosition{offset=107, offsetEpoch=Optional.empty, currentLeader=LeaderAndEpoch{leader=Optional[kafka:9092 (id: 1 rack: null)], epoch=0}}.
[2026-04-12T06:17:12.158+0000] {subprocess.py:106} INFO - 26/04/12 06:17:12 INFO SubscriptionState: [Consumer clientId=consumer-spark-kafka-source-fac3f392-df7c-4a7d-b45a-fd2c6194fa07--983882313-executor-3, groupId=spark-kafka-source-fac3f392-df7c-4a7d-b45a-fd2c6194fa07--983882313-executor] Resetting offset for partition weather-topic-0 to position FetchPosition{offset=110, offsetEpoch=Optional.empty, currentLeader=LeaderAndEpoch{leader=Optional[kafka:9092 (id: 1 rack: null)], epoch=0}}.
[2026-04-12T06:17:12.158+0000] {subprocess.py:106} INFO - 26/04/12 06:17:12 INFO SubscriptionState: [Consumer clientId=consumer-spark-kafka-source-fac3f392-df7c-4a7d-b45a-fd2c6194fa07--983882313-executor-2, groupId=spark-kafka-source-fac3f392-df7c-4a7d-b45a-fd2c6194fa07--983882313-executor] Resetting offset for partition weather-topic-1 to position FetchPosition{offset=123, offsetEpoch=Optional.empty, currentLeader=LeaderAndEpoch{leader=Optional[kafka:9092 (id: 1 rack: null)], epoch=0}}.
[2026-04-12T06:17:12.331+0000] {subprocess.py:106} INFO - 26/04/12 06:17:12 INFO KafkaDataConsumer: From Kafka topicPartition=weather-topic-0 groupId=spark-kafka-source-fac3f392-df7c-4a7d-b45a-fd2c6194fa07--983882313-executor read 20 records through 1 polls (polled out 31 records), taking 1144.137954 ms, during time span of 1322.028018 ms.
[2026-04-12T06:17:12.331+0000] {subprocess.py:106} INFO - 26/04/12 06:17:12 INFO KafkaDataConsumer: From Kafka topicPartition=weather-topic-1 groupId=spark-kafka-source-fac3f392-df7c-4a7d-b45a-fd2c6194fa07--983882313-executor read 23 records through 1 polls (polled out 26 records), taking 1144.119936 ms, during time span of 1322.023614 ms.
[2026-04-12T06:17:12.332+0000] {subprocess.py:106} INFO - 26/04/12 06:17:12 INFO KafkaDataConsumer: From Kafka topicPartition=weather-topic-2 groupId=spark-kafka-source-fac3f392-df7c-4a7d-b45a-fd2c6194fa07--983882313-executor read 17 records through 1 polls (polled out 23 records), taking 1144.091206 ms, during time span of 1322.007098 ms.
[2026-04-12T06:17:12.363+0000] {subprocess.py:106} INFO - 26/04/12 06:17:12 INFO Executor: Finished task 1.0 in stage 0.0 (TID 1). 2382 bytes result sent to driver
[2026-04-12T06:17:12.364+0000] {subprocess.py:106} INFO - 26/04/12 06:17:12 INFO Executor: Finished task 0.0 in stage 0.0 (TID 0). 2382 bytes result sent to driver
[2026-04-12T06:17:12.364+0000] {subprocess.py:106} INFO - 26/04/12 06:17:12 INFO Executor: Finished task 2.0 in stage 0.0 (TID 2). 2382 bytes result sent to driver
[2026-04-12T06:17:12.379+0000] {subprocess.py:106} INFO - 26/04/12 06:17:12 INFO TaskSetManager: Finished task 1.0 in stage 0.0 (TID 1) in 2096 ms on spark-master (executor driver) (1/3)
[2026-04-12T06:17:12.382+0000] {subprocess.py:106} INFO - 26/04/12 06:17:12 INFO TaskSetManager: Finished task 0.0 in stage 0.0 (TID 0) in 2129 ms on spark-master (executor driver) (2/3)
[2026-04-12T06:17:12.382+0000] {subprocess.py:106} INFO - 26/04/12 06:17:12 INFO TaskSetManager: Finished task 2.0 in stage 0.0 (TID 2) in 2101 ms on spark-master (executor driver) (3/3)
[2026-04-12T06:17:12.393+0000] {subprocess.py:106} INFO - 26/04/12 06:17:12 INFO TaskSchedulerImpl: Removed TaskSet 0.0 whose tasks have all completed, from pool
[2026-04-12T06:17:12.403+0000] {subprocess.py:106} INFO - 26/04/12 06:17:12 INFO DAGScheduler: ShuffleMapStage 0 (start at NativeMethodAccessorImpl.java:0) finished in 2345 ms
[2026-04-12T06:17:12.404+0000] {subprocess.py:106} INFO - 26/04/12 06:17:12 INFO DAGScheduler: looking for newly runnable stages
[2026-04-12T06:17:12.405+0000] {subprocess.py:106} INFO - 26/04/12 06:17:12 INFO DAGScheduler: running: HashSet()
[2026-04-12T06:17:12.406+0000] {subprocess.py:106} INFO - 26/04/12 06:17:12 INFO DAGScheduler: waiting: HashSet(ResultStage 1)
[2026-04-12T06:17:12.407+0000] {subprocess.py:106} INFO - 26/04/12 06:17:12 INFO DAGScheduler: failed: HashSet()
[2026-04-12T06:17:12.412+0000] {subprocess.py:106} INFO - 26/04/12 06:17:12 INFO DAGScheduler: Submitting ResultStage 1 (MapPartitionsRDD[9] at start at NativeMethodAccessorImpl.java:0), which has no missing parents
[2026-04-12T06:17:12.422+0000] {subprocess.py:106} INFO - 26/04/12 06:17:12 INFO MemoryStore: Block broadcast_1 stored as values in memory (estimated size 13.6 KiB, free 1048.7 MiB)
[2026-04-12T06:17:12.425+0000] {subprocess.py:106} INFO - 26/04/12 06:17:12 INFO MemoryStore: Block broadcast_1_piece0 stored as bytes in memory (estimated size 6.5 KiB, free 1048.7 MiB)
[2026-04-12T06:17:12.426+0000] {subprocess.py:106} INFO - 26/04/12 06:17:12 INFO SparkContext: Created broadcast 1 from broadcast at DAGScheduler.scala:1676
[2026-04-12T06:17:12.428+0000] {subprocess.py:106} INFO - 26/04/12 06:17:12 INFO DAGScheduler: Submitting 1 missing tasks from ResultStage 1 (MapPartitionsRDD[9] at start at NativeMethodAccessorImpl.java:0) (first 15 tasks are for partitions Vector(0))
[2026-04-12T06:17:12.429+0000] {subprocess.py:106} INFO - 26/04/12 06:17:12 INFO TaskSchedulerImpl: Adding task set 1.0 with 1 tasks resource profile 0
[2026-04-12T06:17:12.435+0000] {subprocess.py:106} INFO - 26/04/12 06:17:12 INFO TaskSetManager: Starting task 0.0 in stage 1.0 (TID 3) (spark-master,executor driver, partition 0, NODE_LOCAL, 12446 bytes)
[2026-04-12T06:17:12.437+0000] {subprocess.py:106} INFO - 26/04/12 06:17:12 INFO Executor: Running task 0.0 in stage 1.0 (TID 3)
[2026-04-12T06:17:12.492+0000] {subprocess.py:106} INFO - 26/04/12 06:17:12 INFO ShuffleBlockFetcherIterator: Getting 3 (180.0 B) non-empty blocks including 3 (180.0 B) local and 0 (0.0 B) host-local and 0 (0.0 B) push-merged-local and 0 (0.0 B) remote blocks
[2026-04-12T06:17:12.494+0000] {subprocess.py:106} INFO - 26/04/12 06:17:12 INFO ShuffleBlockFetcherIterator: Started 0 remote fetches in 13 ms
[2026-04-12T06:17:12.511+0000] {subprocess.py:106} INFO - 26/04/12 06:17:12 INFO CodeGenerator: Code generated in 13.451326 ms
[2026-04-12T06:17:12.524+0000] {subprocess.py:106} INFO - 26/04/12 06:17:12 INFO Executor: Finished task 0.0 in stage 1.0 (TID 3). 3938 bytes result sent to driver
[2026-04-12T06:17:12.527+0000] {subprocess.py:106} INFO - 26/04/12 06:17:12 INFO TaskSetManager: Finished task 0.0 in stage 1.0 (TID 3) in 94 ms on spark-master (executor driver) (1/1)
[2026-04-12T06:17:12.528+0000] {subprocess.py:106} INFO - 26/04/12 06:17:12 INFO TaskSchedulerImpl: Removed TaskSet 1.0 whose tasks have all completed, from pool
[2026-04-12T06:17:12.528+0000] {subprocess.py:106} INFO - 26/04/12 06:17:12 INFO DAGScheduler: ResultStage 1 (start at NativeMethodAccessorImpl.java:0) finished in 108 ms
[2026-04-12T06:17:12.532+0000] {subprocess.py:106} INFO - 26/04/12 06:17:12 INFO DAGScheduler: Job 0 is finished. Cancelling potential speculative or zombie tasks for this job
[2026-04-12T06:17:12.533+0000] {subprocess.py:106} INFO - 26/04/12 06:17:12 INFO TaskSchedulerImpl: Canceling stage 1
[2026-04-12T06:17:12.534+0000] {subprocess.py:106} INFO - 26/04/12 06:17:12 INFO TaskSchedulerImpl: Killing all running tasks in stage 1: Stage finished
[2026-04-12T06:17:12.537+0000] {subprocess.py:106} INFO - 26/04/12 06:17:12 INFO DAGScheduler: Job 0 finished: start at NativeMethodAccessorImpl.java:0, took 2536.029687 ms
[2026-04-12T06:17:12.673+0000] {subprocess.py:106} INFO - 26/04/12 06:17:12 INFO ParquetUtils: Using default output committer for Parquet: org.apache.parquet.hadoop.ParquetOutputCommitter
[2026-04-12T06:17:12.701+0000] {subprocess.py:106} INFO - 26/04/12 06:17:12 INFO FileOutputCommitter: File Output Committer Algorithm version is 1
[2026-04-12T06:17:12.701+0000] {subprocess.py:106} INFO - 26/04/12 06:17:12 INFO FileOutputCommitter: FileOutputCommitter skip cleanup _temporary folders under output directory:false, ignore cleanup failures: false
[2026-04-12T06:17:12.702+0000] {subprocess.py:106} INFO - 26/04/12 06:17:12 INFO SQLHadoopMapReduceCommitProtocol: Using user defined output committer class org.apache.parquet.hadoop.ParquetOutputCommitter
[2026-04-12T06:17:12.703+0000] {subprocess.py:106} INFO - 26/04/12 06:17:12 INFO FileOutputCommitter: File Output Committer Algorithm version is 1
[2026-04-12T06:17:12.703+0000] {subprocess.py:106} INFO - 26/04/12 06:17:12 INFO FileOutputCommitter: FileOutputCommitter skip cleanup _temporary folders under output directory:false, ignore cleanup failures: false
[2026-04-12T06:17:12.705+0000] {subprocess.py:106} INFO - 26/04/12 06:17:12 INFO SQLHadoopMapReduceCommitProtocol: Using output committer class org.apache.parquet.hadoop.ParquetOutputCommitter
[2026-04-12T06:17:12.745+0000] {subprocess.py:106} INFO - 26/04/12 06:17:12 INFO CodeGenerator: Code generated in 22.926833 ms
[2026-04-12T06:17:12.763+0000] {subprocess.py:106} INFO - 26/04/12 06:17:12 INFO SparkContext: Starting job: start at NativeMethodAccessorImpl.java:0
[2026-04-12T06:17:12.764+0000] {subprocess.py:106} INFO - 26/04/12 06:17:12 INFO DAGScheduler: Got job 1 (start at NativeMethodAccessorImpl.java:0) with 3 output partitions
[2026-04-12T06:17:12.765+0000] {subprocess.py:106} INFO - 26/04/12 06:17:12 INFO DAGScheduler: Final stage: ResultStage 2 (start at NativeMethodAccessorImpl.java:0)
[2026-04-12T06:17:12.766+0000] {subprocess.py:106} INFO - 26/04/12 06:17:12 INFO DAGScheduler: Parents of final stage: List()
[2026-04-12T06:17:12.767+0000] {subprocess.py:106} INFO - 26/04/12 06:17:12 INFO DAGScheduler: Missing parents: List()
[2026-04-12T06:17:12.768+0000] {subprocess.py:106} INFO - 26/04/12 06:17:12 INFO DAGScheduler: Submitting ResultStage 2 (MapPartitionsRDD[16] at start at NativeMethodAccessorImpl.java:0), which has no missing parents
[2026-04-12T06:17:12.823+0000] {subprocess.py:106} INFO - 26/04/12 06:17:12 INFO MemoryStore: Block broadcast_2 stored as values in memory (estimated size 298.8 KiB, free 1048.4 MiB)
[2026-04-12T06:17:12.827+0000] {subprocess.py:106} INFO - 26/04/12 06:17:12 INFO MemoryStore: Block broadcast_2_piece0 stored as bytes in memory (estimated size 105.7 KiB, free 1048.3 MiB)
[2026-04-12T06:17:12.830+0000] {subprocess.py:106} INFO - 26/04/12 06:17:12 INFO SparkContext: Created broadcast 2 from broadcast at DAGScheduler.scala:1676
[2026-04-12T06:17:12.831+0000] {subprocess.py:106} INFO - 26/04/12 06:17:12 INFO DAGScheduler: Submitting 3 missing tasks from ResultStage 2 (MapPartitionsRDD[16] at start at NativeMethodAccessorImpl.java:0) (first 15 tasks are for partitions Vector(0, 1, 2))
[2026-04-12T06:17:12.831+0000] {subprocess.py:106} INFO - 26/04/12 06:17:12 INFO TaskSchedulerImpl: Adding task set 2.0 with 3 tasks resource profile 0
[2026-04-12T06:17:12.833+0000] {subprocess.py:106} INFO - 26/04/12 06:17:12 INFO TaskSetManager: Starting task 0.0 in stage 2.0 (TID 4) (spark-master,executor driver, partition 0, PROCESS_LOCAL, 13503 bytes)
[2026-04-12T06:17:12.834+0000] {subprocess.py:106} INFO - 26/04/12 06:17:12 INFO TaskSetManager: Starting task 1.0 in stage 2.0 (TID 5) (spark-master,executor driver, partition 1, PROCESS_LOCAL, 13503 bytes)
[2026-04-12T06:17:12.835+0000] {subprocess.py:106} INFO - 26/04/12 06:17:12 INFO TaskSetManager: Starting task 2.0 in stage 2.0 (TID 6) (spark-master,executor driver, partition 2, PROCESS_LOCAL, 13503 bytes)
[2026-04-12T06:17:12.837+0000] {subprocess.py:106} INFO - 26/04/12 06:17:12 INFO Executor: Running task 0.0 in stage 2.0 (TID 4)
[2026-04-12T06:17:12.837+0000] {subprocess.py:106} INFO - 26/04/12 06:17:12 INFO Executor: Running task 2.0 in stage 2.0 (TID 6)
[2026-04-12T06:17:12.838+0000] {subprocess.py:106} INFO - 26/04/12 06:17:12 INFO Executor: Running task 1.0 in stage 2.0 (TID 5)
[2026-04-12T06:17:12.976+0000] {subprocess.py:106} INFO - 26/04/12 06:17:12 INFO CodeGenerator: Code generated in 19.559396 ms
[2026-04-12T06:17:12.985+0000] {subprocess.py:106} INFO - 26/04/12 06:17:12 INFO KafkaBatchReaderFactory: Creating Kafka reader topicPartition=weather-topic-1 fromOffset=97} untilOffset=120, for query queryId=97df26eb-363e-4a9d-81a0-5bee41c3e2e1 batchId=5 taskId=5 partitionId=1
[2026-04-12T06:17:12.986+0000] {subprocess.py:106} INFO - 26/04/12 06:17:12 INFO KafkaBatchReaderFactory: Creating Kafka reader topicPartition=weather-topic-2 fromOffset=84} untilOffset=101, for query queryId=97df26eb-363e-4a9d-81a0-5bee41c3e2e1 batchId=5 taskId=6 partitionId=2
[2026-04-12T06:17:12.986+0000] {subprocess.py:106} INFO - 26/04/12 06:17:12 INFO KafkaBatchReaderFactory: Creating Kafka reader topicPartition=weather-topic-0 fromOffset=79} untilOffset=99, for query queryId=97df26eb-363e-4a9d-81a0-5bee41c3e2e1 batchId=5 taskId=4 partitionId=0
[2026-04-12T06:17:12.996+0000] {subprocess.py:106} INFO - 26/04/12 06:17:12 INFO ClassicKafkaConsumer: [Consumer clientId=consumer-spark-kafka-source-fac3f392-df7c-4a7d-b45a-fd2c6194fa07--983882313-executor-1, groupId=spark-kafka-source-fac3f392-df7c-4a7d-b45a-fd2c6194fa07--983882313-executor] Seeking to offset 84 for partition weather-topic-2
[2026-04-12T06:17:12.996+0000] {subprocess.py:106} INFO - 26/04/12 06:17:12 INFO ClassicKafkaConsumer: [Consumer clientId=consumer-spark-kafka-source-fac3f392-df7c-4a7d-b45a-fd2c6194fa07--983882313-executor-2, groupId=spark-kafka-source-fac3f392-df7c-4a7d-b45a-fd2c6194fa07--983882313-executor] Seeking to offset 97 for partition weather-topic-1
[2026-04-12T06:17:12.997+0000] {subprocess.py:106} INFO - 26/04/12 06:17:12 INFO ClassicKafkaConsumer: [Consumer clientId=consumer-spark-kafka-source-fac3f392-df7c-4a7d-b45a-fd2c6194fa07--983882313-executor-3, groupId=spark-kafka-source-fac3f392-df7c-4a7d-b45a-fd2c6194fa07--983882313-executor] Seeking to offset 79 for partition weather-topic-0
[2026-04-12T06:17:13.001+0000] {subprocess.py:106} INFO - 26/04/12 06:17:12 INFO SubscriptionState: [Consumer clientId=consumer-spark-kafka-source-fac3f392-df7c-4a7d-b45a-fd2c6194fa07--983882313-executor-3, groupId=spark-kafka-source-fac3f392-df7c-4a7d-b45a-fd2c6194fa07--983882313-executor] Seeking to earliest offset of partition weather-topic-0
[2026-04-12T06:17:13.001+0000] {subprocess.py:106} INFO - 26/04/12 06:17:12 INFO SubscriptionState: [Consumer clientId=consumer-spark-kafka-source-fac3f392-df7c-4a7d-b45a-fd2c6194fa07--983882313-executor-1, groupId=spark-kafka-source-fac3f392-df7c-4a7d-b45a-fd2c6194fa07--983882313-executor] Seeking to earliest offset of partition weather-topic-2
[2026-04-12T06:17:13.002+0000] {subprocess.py:106} INFO - 26/04/12 06:17:12 INFO SubscriptionState: [Consumer clientId=consumer-spark-kafka-source-fac3f392-df7c-4a7d-b45a-fd2c6194fa07--983882313-executor-2, groupId=spark-kafka-source-fac3f392-df7c-4a7d-b45a-fd2c6194fa07--983882313-executor] Seeking to earliest offset of partition weather-topic-1
[2026-04-12T06:17:13.507+0000] {subprocess.py:106} INFO - 26/04/12 06:17:13 INFO SubscriptionState: [Consumer clientId=consumer-spark-kafka-source-fac3f392-df7c-4a7d-b45a-fd2c6194fa07--983882313-executor-2, groupId=spark-kafka-source-fac3f392-df7c-4a7d-b45a-fd2c6194fa07--983882313-executor] Resetting offset for partition weather-topic-1 to position FetchPosition{offset=0, offsetEpoch=Optional.empty, currentLeader=LeaderAndEpoch{leader=Optional[kafka:9092 (id: 1 rack: null)], epoch=0}}.
[2026-04-12T06:17:13.507+0000] {subprocess.py:106} INFO - 26/04/12 06:17:13 INFO SubscriptionState: [Consumer clientId=consumer-spark-kafka-source-fac3f392-df7c-4a7d-b45a-fd2c6194fa07--983882313-executor-2, groupId=spark-kafka-source-fac3f392-df7c-4a7d-b45a-fd2c6194fa07--983882313-executor] Seeking to latest offset of partition weather-topic-1
[2026-04-12T06:17:13.508+0000] {subprocess.py:106} INFO - 26/04/12 06:17:13 INFO SubscriptionState: [Consumer clientId=consumer-spark-kafka-source-fac3f392-df7c-4a7d-b45a-fd2c6194fa07--983882313-executor-3, groupId=spark-kafka-source-fac3f392-df7c-4a7d-b45a-fd2c6194fa07--983882313-executor] Resetting offset for partition weather-topic-0 to position FetchPosition{offset=0, offsetEpoch=Optional.empty, currentLeader=LeaderAndEpoch{leader=Optional[kafka:9092 (id: 1 rack: null)], epoch=0}}.
[2026-04-12T06:17:13.509+0000] {subprocess.py:106} INFO - 26/04/12 06:17:13 INFO SubscriptionState: [Consumer clientId=consumer-spark-kafka-source-fac3f392-df7c-4a7d-b45a-fd2c6194fa07--983882313-executor-1, groupId=spark-kafka-source-fac3f392-df7c-4a7d-b45a-fd2c6194fa07--983882313-executor] Resetting offset for partition weather-topic-2 to position FetchPosition{offset=0, offsetEpoch=Optional.empty, currentLeader=LeaderAndEpoch{leader=Optional[kafka:9092 (id: 1 rack: null)], epoch=0}}.
[2026-04-12T06:17:13.509+0000] {subprocess.py:106} INFO - 26/04/12 06:17:13 INFO SubscriptionState: [Consumer clientId=consumer-spark-kafka-source-fac3f392-df7c-4a7d-b45a-fd2c6194fa07--983882313-executor-3, groupId=spark-kafka-source-fac3f392-df7c-4a7d-b45a-fd2c6194fa07--983882313-executor] Seeking to latest offset of partition weather-topic-0
[2026-04-12T06:17:13.510+0000] {subprocess.py:106} INFO - 26/04/12 06:17:13 INFO SubscriptionState: [Consumer clientId=consumer-spark-kafka-source-fac3f392-df7c-4a7d-b45a-fd2c6194fa07--983882313-executor-1, groupId=spark-kafka-source-fac3f392-df7c-4a7d-b45a-fd2c6194fa07--983882313-executor] Seeking to latest offset of partition weather-topic-2
[2026-04-12T06:17:13.510+0000] {subprocess.py:106} INFO - 26/04/12 06:17:13 INFO SubscriptionState: [Consumer clientId=consumer-spark-kafka-source-fac3f392-df7c-4a7d-b45a-fd2c6194fa07--983882313-executor-2, groupId=spark-kafka-source-fac3f392-df7c-4a7d-b45a-fd2c6194fa07--983882313-executor] Resetting offset for partition weather-topic-1 to position FetchPosition{offset=123, offsetEpoch=Optional.empty, currentLeader=LeaderAndEpoch{leader=Optional[kafka:9092 (id: 1 rack: null)], epoch=0}}.
[2026-04-12T06:17:13.511+0000] {subprocess.py:106} INFO - 26/04/12 06:17:13 INFO SubscriptionState: [Consumer clientId=consumer-spark-kafka-source-fac3f392-df7c-4a7d-b45a-fd2c6194fa07--983882313-executor-1, groupId=spark-kafka-source-fac3f392-df7c-4a7d-b45a-fd2c6194fa07--983882313-executor] Resetting offset for partition weather-topic-2 to position FetchPosition{offset=107, offsetEpoch=Optional.empty, currentLeader=LeaderAndEpoch{leader=Optional[kafka:9092 (id: 1 rack: null)], epoch=0}}.
[2026-04-12T06:17:13.511+0000] {subprocess.py:106} INFO - 26/04/12 06:17:13 INFO SubscriptionState: [Consumer clientId=consumer-spark-kafka-source-fac3f392-df7c-4a7d-b45a-fd2c6194fa07--983882313-executor-3, groupId=spark-kafka-source-fac3f392-df7c-4a7d-b45a-fd2c6194fa07--983882313-executor] Resetting offset for partition weather-topic-0 to position FetchPosition{offset=110, offsetEpoch=Optional.empty, currentLeader=LeaderAndEpoch{leader=Optional[kafka:9092 (id: 1 rack: null)], epoch=0}}.
[2026-04-12T06:17:13.560+0000] {subprocess.py:106} INFO - 26/04/12 06:17:13 INFO MemoryStore: Block rdd_12_2 stored as values in memory (estimated size 6.0 KiB, free 1048.3 MiB)
[2026-04-12T06:17:13.560+0000] {subprocess.py:106} INFO - 26/04/12 06:17:13 INFO MemoryStore: Block rdd_12_1 stored as values in memory (estimated size 6.9 KiB, free 1048.3 MiB)
[2026-04-12T06:17:13.564+0000] {subprocess.py:106} INFO - 26/04/12 06:17:13 INFO MemoryStore: Block rdd_12_0 stored as values in memory (estimated size 6.4 KiB, free 1048.3 MiB)
[2026-04-12T06:17:13.574+0000] {subprocess.py:106} INFO - 26/04/12 06:17:13 INFO CodeGenerator: Code generated in 4.047088 ms
[2026-04-12T06:17:13.629+0000] {subprocess.py:106} INFO - 26/04/12 06:17:13 INFO CodeGenerator: Code generated in 37.849392 ms
[2026-04-12T06:17:13.633+0000] {subprocess.py:106} INFO - 26/04/12 06:17:13 INFO FileOutputCommitter: File Output Committer Algorithm version is 1
[2026-04-12T06:17:13.634+0000] {subprocess.py:106} INFO - 26/04/12 06:17:13 INFO FileOutputCommitter: File Output Committer Algorithm version is 1
[2026-04-12T06:17:13.635+0000] {subprocess.py:106} INFO - 26/04/12 06:17:13 INFO FileOutputCommitter: FileOutputCommitter skip cleanup _temporary folders under output directory:false, ignore cleanup failures: false
[2026-04-12T06:17:13.635+0000] {subprocess.py:106} INFO - 26/04/12 06:17:13 INFO FileOutputCommitter: FileOutputCommitter skip cleanup _temporary folders under output directory:false, ignore cleanup failures: false
[2026-04-12T06:17:13.635+0000] {subprocess.py:106} INFO - 26/04/12 06:17:13 INFO FileOutputCommitter: File Output Committer Algorithm version is 1
[2026-04-12T06:17:13.636+0000] {subprocess.py:106} INFO - 26/04/12 06:17:13 INFO FileOutputCommitter: FileOutputCommitter skip cleanup _temporary folders under output directory:false, ignore cleanup failures: false
[2026-04-12T06:17:13.636+0000] {subprocess.py:106} INFO - 26/04/12 06:17:13 INFO SQLHadoopMapReduceCommitProtocol: Using user defined output committer class org.apache.parquet.hadoop.ParquetOutputCommitter
[2026-04-12T06:17:13.637+0000] {subprocess.py:106} INFO - 26/04/12 06:17:13 INFO SQLHadoopMapReduceCommitProtocol: Using user defined output committer class org.apache.parquet.hadoop.ParquetOutputCommitter
[2026-04-12T06:17:13.637+0000] {subprocess.py:106} INFO - 26/04/12 06:17:13 INFO FileOutputCommitter: File Output Committer Algorithm version is 1
[2026-04-12T06:17:13.637+0000] {subprocess.py:106} INFO - 26/04/12 06:17:13 INFO SQLHadoopMapReduceCommitProtocol: Using user defined output committer class org.apache.parquet.hadoop.ParquetOutputCommitter
[2026-04-12T06:17:13.638+0000] {subprocess.py:106} INFO - 26/04/12 06:17:13 INFO FileOutputCommitter: File Output Committer Algorithm version is 1
[2026-04-12T06:17:13.638+0000] {subprocess.py:106} INFO - 26/04/12 06:17:13 INFO FileOutputCommitter: FileOutputCommitter skip cleanup _temporary folders under output directory:false, ignore cleanup failures: false
[2026-04-12T06:17:13.638+0000] {subprocess.py:106} INFO - 26/04/12 06:17:13 INFO FileOutputCommitter: File Output Committer Algorithm version is 1
[2026-04-12T06:17:13.639+0000] {subprocess.py:106} INFO - 26/04/12 06:17:13 INFO FileOutputCommitter: FileOutputCommitter skip cleanup _temporary folders under output directory:false, ignore cleanup failures: false
[2026-04-12T06:17:13.639+0000] {subprocess.py:106} INFO - 26/04/12 06:17:13 INFO FileOutputCommitter: FileOutputCommitter skip cleanup _temporary folders under output directory:false, ignore cleanup failures: false
[2026-04-12T06:17:13.640+0000] {subprocess.py:106} INFO - 26/04/12 06:17:13 INFO SQLHadoopMapReduceCommitProtocol: Using output committer class org.apache.parquet.hadoop.ParquetOutputCommitter
[2026-04-12T06:17:13.640+0000] {subprocess.py:106} INFO - 26/04/12 06:17:13 INFO SQLHadoopMapReduceCommitProtocol: Using output committer class org.apache.parquet.hadoop.ParquetOutputCommitter
[2026-04-12T06:17:13.641+0000] {subprocess.py:106} INFO - 26/04/12 06:17:13 INFO SQLHadoopMapReduceCommitProtocol: Using output committer class org.apache.parquet.hadoop.ParquetOutputCommitter
[2026-04-12T06:17:13.643+0000] {subprocess.py:106} INFO - 26/04/12 06:17:13 INFO CodecConfig: Compression: SNAPPY
[2026-04-12T06:17:13.643+0000] {subprocess.py:106} INFO - 26/04/12 06:17:13 INFO CodecConfig: Compression: SNAPPY
[2026-04-12T06:17:13.644+0000] {subprocess.py:106} INFO - 26/04/12 06:17:13 INFO CodecConfig: Compression: SNAPPY
[2026-04-12T06:17:13.646+0000] {subprocess.py:106} INFO - 26/04/12 06:17:13 INFO CodecConfig: Compression: SNAPPY
[2026-04-12T06:17:13.646+0000] {subprocess.py:106} INFO - 26/04/12 06:17:13 INFO CodecConfig: Compression: SNAPPY
[2026-04-12T06:17:13.647+0000] {subprocess.py:106} INFO - 26/04/12 06:17:13 INFO CodecConfig: Compression: SNAPPY
[2026-04-12T06:17:13.671+0000] {subprocess.py:106} INFO - 26/04/12 06:17:13 INFO ParquetOutputFormat: ParquetRecordWriter [block size: 134217728b, row group padding size: 8388608b, validating: false]
[2026-04-12T06:17:13.672+0000] {subprocess.py:106} INFO - 26/04/12 06:17:13 INFO ParquetOutputFormat: ParquetRecordWriter [block size: 134217728b, row group padding size: 8388608b, validating: false]
[2026-04-12T06:17:13.672+0000] {subprocess.py:106} INFO - 26/04/12 06:17:13 INFO ParquetOutputFormat: ParquetRecordWriter [block size: 134217728b, row group padding size: 8388608b, validating: false]
[2026-04-12T06:17:13.761+0000] {subprocess.py:106} INFO - 26/04/12 06:17:13 INFO CodecPool: Got brand-new compressor [.snappy]
[2026-04-12T06:17:13.764+0000] {subprocess.py:106} INFO - 26/04/12 06:17:13 INFO CodecPool: Got brand-new compressor [.snappy]
[2026-04-12T06:17:13.764+0000] {subprocess.py:106} INFO - 26/04/12 06:17:13 INFO CodecPool: Got brand-new compressor [.snappy]
[2026-04-12T06:17:14.375+0000] {subprocess.py:106} INFO - 26/04/12 06:17:14 INFO FileOutputCommitter: Saved output of task 'attempt_202604120617122985611262510724722_0002_m_000002_6' to hdfs://23133083thuyvan-master:9000/user/hive/lakehouse/bronze/raw_api/_temporary/0/task_202604120617122985611262510724722_0002_m_000002
[2026-04-12T06:17:14.375+0000] {subprocess.py:106} INFO - 26/04/12 06:17:14 INFO FileOutputCommitter: Saved output of task 'attempt_202604120617122985611262510724722_0002_m_000001_5' to hdfs://23133083thuyvan-master:9000/user/hive/lakehouse/bronze/raw_api/_temporary/0/task_202604120617122985611262510724722_0002_m_000001
[2026-04-12T06:17:14.376+0000] {subprocess.py:106} INFO - 26/04/12 06:17:14 INFO FileOutputCommitter: Saved output of task 'attempt_202604120617122985611262510724722_0002_m_000000_4' to hdfs://23133083thuyvan-master:9000/user/hive/lakehouse/bronze/raw_api/_temporary/0/task_202604120617122985611262510724722_0002_m_000000
[2026-04-12T06:17:14.377+0000] {subprocess.py:106} INFO - 26/04/12 06:17:14 INFO SparkHadoopMapRedUtil: attempt_202604120617122985611262510724722_0002_m_000000_4: Committed. Elapsed time: 13 ms.
[2026-04-12T06:17:14.377+0000] {subprocess.py:106} INFO - 26/04/12 06:17:14 INFO SparkHadoopMapRedUtil: attempt_202604120617122985611262510724722_0002_m_000001_5: Committed. Elapsed time: 13 ms.
[2026-04-12T06:17:14.378+0000] {subprocess.py:106} INFO - 26/04/12 06:17:14 INFO SparkHadoopMapRedUtil: attempt_202604120617122985611262510724722_0002_m_000002_6: Committed. Elapsed time: 13 ms.
[2026-04-12T06:17:14.380+0000] {subprocess.py:106} INFO - 26/04/12 06:17:14 INFO KafkaDataConsumer: From Kafka topicPartition=weather-topic-2 groupId=spark-kafka-source-fac3f392-df7c-4a7d-b45a-fd2c6194fa07--983882313-executor read 17 records through 1 polls (polled out 23 records), taking 512.281485 ms, during time span of 1384.161451 ms.
[2026-04-12T06:17:14.380+0000] {subprocess.py:106} INFO - 26/04/12 06:17:14 INFO KafkaDataConsumer: From Kafka topicPartition=weather-topic-1 groupId=spark-kafka-source-fac3f392-df7c-4a7d-b45a-fd2c6194fa07--983882313-executor read 23 records through 1 polls (polled out 26 records), taking 510.403935 ms, during time span of 1384.102691 ms.
[2026-04-12T06:17:14.383+0000] {subprocess.py:106} INFO - 26/04/12 06:17:14 INFO KafkaDataConsumer: From Kafka topicPartition=weather-topic-0 groupId=spark-kafka-source-fac3f392-df7c-4a7d-b45a-fd2c6194fa07--983882313-executor read 20 records through 1 polls (polled out 31 records), taking 512.174285 ms, during time span of 1383.842443 ms.
[2026-04-12T06:17:14.395+0000] {subprocess.py:106} INFO - 26/04/12 06:17:14 INFO Executor: Finished task 1.0 in stage 2.0 (TID 5). 3367 bytes result sent to driver
[2026-04-12T06:17:14.398+0000] {subprocess.py:106} INFO - 26/04/12 06:17:14 INFO Executor: Finished task 2.0 in stage 2.0 (TID 6). 3367 bytes result sent to driver
[2026-04-12T06:17:14.399+0000] {subprocess.py:106} INFO - 26/04/12 06:17:14 INFO Executor: Finished task 0.0 in stage 2.0 (TID 4). 3367 bytes result sent to driver
[2026-04-12T06:17:14.400+0000] {subprocess.py:106} INFO - 26/04/12 06:17:14 INFO TaskSetManager: Finished task 0.0 in stage 2.0 (TID 4) in 1567 ms on spark-master (executor driver) (1/3)
[2026-04-12T06:17:14.401+0000] {subprocess.py:106} INFO - 26/04/12 06:17:14 INFO TaskSetManager: Finished task 2.0 in stage 2.0 (TID 6) in 1565 ms on spark-master (executor driver) (2/3)
[2026-04-12T06:17:14.402+0000] {subprocess.py:106} INFO - 26/04/12 06:17:14 INFO TaskSetManager: Finished task 1.0 in stage 2.0 (TID 5) in 1567 ms on spark-master (executor driver) (3/3)
[2026-04-12T06:17:14.403+0000] {subprocess.py:106} INFO - 26/04/12 06:17:14 INFO TaskSchedulerImpl: Removed TaskSet 2.0 whose tasks have all completed, from pool
[2026-04-12T06:17:14.406+0000] {subprocess.py:106} INFO - 26/04/12 06:17:14 INFO DAGScheduler: ResultStage 2 (start at NativeMethodAccessorImpl.java:0) finished in 1635 ms
[2026-04-12T06:17:14.406+0000] {subprocess.py:106} INFO - 26/04/12 06:17:14 INFO DAGScheduler: Job 1 is finished. Cancelling potential speculative or zombie tasks for this job
[2026-04-12T06:17:14.407+0000] {subprocess.py:106} INFO - 26/04/12 06:17:14 INFO TaskSchedulerImpl: Canceling stage 2
[2026-04-12T06:17:14.412+0000] {subprocess.py:106} INFO - 26/04/12 06:17:14 INFO TaskSchedulerImpl: Killing all running tasks in stage 2: Stage finished
[2026-04-12T06:17:14.412+0000] {subprocess.py:106} INFO - 26/04/12 06:17:14 INFO DAGScheduler: Job 1 finished: start at NativeMethodAccessorImpl.java:0, took 1646.587904 ms
[2026-04-12T06:17:14.413+0000] {subprocess.py:106} INFO - 26/04/12 06:17:14 INFO FileFormatWriter: Start to commit write Job f5efe1dd-3478-4471-a5f9-72a9f0c1f34c.
[2026-04-12T06:17:14.489+0000] {subprocess.py:106} INFO - 26/04/12 06:17:14 INFO FileFormatWriter: Write Job f5efe1dd-3478-4471-a5f9-72a9f0c1f34c committed. Elapsed time: 73 ms.
[2026-04-12T06:17:14.492+0000] {subprocess.py:106} INFO - 26/04/12 06:17:14 INFO FileFormatWriter: Finished processing stats for write job f5efe1dd-3478-4471-a5f9-72a9f0c1f34c.
[2026-04-12T06:17:14.895+0000] {subprocess.py:106} INFO - {"ts": "2026-04-12 06:17:14.849", "level": "ERROR", "logger": "SQLQueryContextLogger", "msg": "[TABLE_OR_VIEW_NOT_FOUND] The table or view `current_batch` cannot be found. Verify the spelling and correctness of the schema and catalog.\nIf you did not qualify the name with a schema, verify the current_schema() output, or qualify the name with the correct schema and catalog.\nTo tolerate the error on drop use DROP VIEW IF EXISTS or DROP TABLE IF EXISTS. SQLSTATE: 42P01", "context": {"errorClass": "TABLE_OR_VIEW_NOT_FOUND"}, "exception": {"class": "Py4JJavaError", "msg": "An error occurred while calling o52.sql.\n: org.apache.spark.sql.AnalysisException: [TABLE_OR_VIEW_NOT_FOUND] The table or view `current_batch` cannot be found. Verify the spelling and correctness of the schema and catalog.\nIf you did not qualify the name with a schema, verify the current_schema() output, or qualify the name with the correct schema and catalog.\nTo tolerate the error on drop use DROP VIEW IF EXISTS or DROP TABLE IF EXISTS. SQLSTATE: 42P01; line 3 pos 18;\n'MergeIntoTable (('a.location = 's.location) AND ('a.timestamp = 's.timestamp)), [insertstaraction(None)], false\n:- SubqueryAlias a\n:  +- SubqueryAlias iceberg.air_quality_db.air_quality_silver\n:     +- RelationV2[timestamp#748, location#749, latitude#750, longitude#751, timezone#752, temperature_2m#753, relative_humidity_2m#754, apparent_temperature#755, precipitation#756, cloud_cover#757, wind_speed_10m#758, wind_direction_10m#759, wind_gusts_10m#760, uv_index#761, weather_code#762, european_aqi#763, us_aqi#764, us_aqi_index#765, aqi_label#766, pm10#767, pm2_5#768, carbon_monoxide#769, nitrogen_dioxide#770, sulphur_dioxide#771, ozone#772, ... 2 more fields] iceberg.air_quality_db.air_quality_silver iceberg.air_quality_db.air_quality_silver\n+- 'SubqueryAlias s\n   +- 'UnresolvedRelation [current_batch], [], false\n\n\tat org.apache.spark.sql.catalyst.analysis.package$AnalysisErrorAt.tableNotFound(package.scala:91)\n\tat org.apache.spark.sql.catalyst.analysis.CheckAnalysis.$anonfun$checkAnalysis0$2(CheckAnalysis.scala:306)\n\tat org.apache.spark.sql.catalyst.analysis.CheckAnalysis.$anonfun$checkAnalysis0$2$adapted(CheckAnalysis.scala:284)\n\tat org.apache.spark.sql.catalyst.trees.TreeNode.foreachUp(TreeNode.scala:252)\n\tat org.apache.spark.sql.catalyst.trees.TreeNode.$anonfun$foreachUp$1(TreeNode.scala:251)\n\tat org.apache.spark.sql.catalyst.trees.TreeNode.$anonfun$foreachUp$1$adapted(TreeNode.scala:251)\n\tat scala.collection.immutable.Vector.foreach(Vector.scala:2125)\n\tat org.apache.spark.sql.catalyst.trees.TreeNode.foreachUp(TreeNode.scala:251)\n\tat org.apache.spark.sql.catalyst.trees.TreeNode.$anonfun$foreachUp$1(TreeNode.scala:251)\n\tat org.apache.spark.sql.catalyst.trees.TreeNode.$anonfun$foreachUp$1$adapted(TreeNode.scala:251)\n\tat scala.collection.immutable.Vector.foreach(Vector.scala:2125)\n\tat org.apache.spark.sql.catalyst.trees.TreeNode.foreachUp(TreeNode.scala:251)\n\tat org.apache.spark.sql.catalyst.analysis.CheckAnalysis.checkAnalysis0(CheckAnalysis.scala:284)\n\tat org.apache.spark.sql.catalyst.analysis.CheckAnalysis.checkAnalysis0$(CheckAnalysis.scala:255)\n\tat org.apache.spark.sql.catalyst.analysis.Analyzer.checkAnalysis0(Analyzer.scala:299)\n\tat org.apache.spark.sql.catalyst.analysis.CheckAnalysis.checkAnalysis(CheckAnalysis.scala:244)\n\tat org.apache.spark.sql.catalyst.analysis.CheckAnalysis.checkAnalysis$(CheckAnalysis.scala:231)\n\tat org.apache.spark.sql.catalyst.analysis.Analyzer.checkAnalysis(Analyzer.scala:299)\n\tat org.apache.spark.sql.catalyst.analysis.resolver.HybridAnalyzer.$anonfun$resolveInFixedPoint$1(HybridAnalyzer.scala:192)\n\tat scala.runtime.java8.JFunction0$mcV$sp.apply(JFunction0$mcV$sp.scala:18)\n\tat org.apache.spark.sql.catalyst.QueryPlanningTracker$.withTracker(QueryPlanningTracker.scala:89)\n\tat org.apache.spark.sql.catalyst.analysis.resolver.HybridAnalyzer.resolveInFixedPoint(HybridAnalyzer.scala:192)\n\tat org.apache.spark.sql.catalyst.analysis.resolver.HybridAnalyzer.$anonfun$apply$1(HybridAnalyzer.scala:76)\n\tat org.apache.spark.sql.catalyst.analysis.resolver.HybridAnalyzer.withTrackedAnalyzerBridgeState(HybridAnalyzer.scala:111)\n\tat org.apache.spark.sql.catalyst.analysis.resolver.HybridAnalyzer.apply(HybridAnalyzer.scala:71)\n\tat org.apache.spark.sql.catalyst.analysis.Analyzer.$anonfun$executeAndCheck$1(Analyzer.scala:330)\n\tat org.apache.spark.sql.catalyst.plans.logical.AnalysisHelper$.markInAnalyzer(AnalysisHelper.scala:423)\n\tat org.apache.spark.sql.catalyst.analysis.Analyzer.executeAndCheck(Analyzer.scala:330)\n\tat org.apache.spark.sql.execution.QueryExecution.$anonfun$lazyAnalyzed$2(QueryExecution.scala:110)\n\tat org.apache.spark.sql.catalyst.QueryPlanningTracker.measurePhase(QueryPlanningTracker.scala:148)\n\tat org.apache.spark.sql.execution.QueryExecution.$anonfun$executePhase$2(QueryExecution.scala:278)\n\tat org.apache.spark.sql.execution.QueryExecution$.withInternalError(QueryExecution.scala:654)\n\tat org.apache.spark.sql.execution.QueryExecution.$anonfun$executePhase$1(QueryExecution.scala:278)\n\tat org.apache.spark.sql.SparkSession.withActive(SparkSession.scala:804)\n\tat org.apache.spark.sql.execution.QueryExecution.executePhase(QueryExecution.scala:277)\n\tat org.apache.spark.sql.execution.QueryExecution.$anonfun$lazyAnalyzed$1(QueryExecution.scala:110)\n\tat scala.util.Try$.apply(Try.scala:217)\n\tat org.apache.spark.util.Utils$.doTryWithCallerStacktrace(Utils.scala:1378)\n\tat org.apache.spark.util.Utils$.getTryWithCallerStacktrace(Utils.scala:1439)\n\tat org.apache.spark.util.LazyTry.get(LazyTry.scala:58)\n\tat org.apache.spark.sql.execution.QueryExecution.analyzed(QueryExecution.scala:121)\n\tat org.apache.spark.sql.execution.QueryExecution.assertAnalyzed(QueryExecution.scala:80)\n\tat org.apache.spark.sql.classic.Dataset$.$anonfun$ofRows$5(Dataset.scala:139)\n\tat org.apache.spark.sql.SparkSession.withActive(SparkSession.scala:804)\n\tat org.apache.spark.sql.classic.Dataset$.ofRows(Dataset.scala:136)\n\tat org.apache.spark.sql.classic.SparkSession.$anonfun$sql$1(SparkSession.scala:462)\n\tat org.apache.spark.sql.SparkSession.withActive(SparkSession.scala:804)\n\tat org.apache.spark.sql.classic.SparkSession.sql(SparkSession.scala:449)\n\tat org.apache.spark.sql.classic.SparkSession.sql(SparkSession.scala:467)\n\tat org.apache.spark.sql.classic.SparkSession.sql(SparkSession.scala:91)\n\tat java.base/jdk.internal.reflect.NativeMethodAccessorImpl.invoke0(Native Method)\n\tat java.base/jdk.internal.reflect.NativeMethodAccessorImpl.invoke(NativeMethodAccessorImpl.java:75)\n\tat java.base/jdk.internal.reflect.DelegatingMethodAccessorImpl.invoke(DelegatingMethodAccessorImpl.java:52)\n\tat java.base/java.lang.reflect.Method.invoke(Method.java:580)\n\tat py4j.reflection.MethodInvoker.invoke(MethodInvoker.java:244)\n\tat py4j.reflection.ReflectionEngine.invoke(ReflectionEngine.java:374)\n\tat py4j.Gateway.invoke(Gateway.java:282)\n\tat py4j.commands.AbstractCommand.invokeMethod(AbstractCommand.java:132)\n\tat py4j.commands.CallCommand.execute(CallCommand.java:79)\n\tat py4j.ClientServerConnection.sendCommand(ClientServerConnection.java:246)\n\tat py4j.CallbackClient.sendCommand(CallbackClient.java:384)\n\tat py4j.CallbackClient.sendCommand(CallbackClient.java:356)\n\tat py4j.reflection.PythonProxyHandler.invoke(PythonProxyHandler.java:106)\n\tat jdk.proxy3/jdk.proxy3.$Proxy49.call(Unknown Source)\n\tat org.apache.spark.sql.execution.streaming.sources.PythonForeachBatchHelper$.$anonfun$callForeachBatch$1(ForeachBatchSink.scala:87)\n\tat org.apache.spark.sql.execution.streaming.sources.PythonForeachBatchHelper$.$anonfun$callForeachBatch$1$adapted(ForeachBatchSink.scala:87)\n\tat org.apache.spark.sql.execution.streaming.sources.ForeachBatchSink.callBatchWriter(ForeachBatchSink.scala:56)\n\tat org.apache.spark.sql.execution.streaming.sources.ForeachBatchSink.addBatch(ForeachBatchSink.scala:49)\n\tat org.apache.spark.sql.execution.streaming.MicroBatchExecution.$anonfun$runBatch$17(MicroBatchExecution.scala:889)\n\tat org.apache.spark.sql.execution.SQLExecution$.$anonfun$withNewExecutionId0$8(SQLExecution.scala:163)\n\tat org.apache.spark.sql.execution.SQLExecution$.withSessionTagsApplied(SQLExecution.scala:272)\n\tat org.apache.spark.sql.execution.SQLExecution$.$anonfun$withNewExecutionId0$7(SQLExecution.scala:125)\n\tat org.apache.spark.JobArtifactSet$.withActiveJobArtifactState(JobArtifactSet.scala:94)\n\tat org.apache.spark.sql.artifact.ArtifactManager.$anonfun$withResources$1(ArtifactManager.scala:112)\n\tat org.apache.spark.sql.artifact.ArtifactManager.withClassLoaderIfNeeded(ArtifactManager.scala:106)\n\tat org.apache.spark.sql.artifact.ArtifactManager.withResources(ArtifactManager.scala:111)\n\tat org.apache.spark.sql.execution.SQLExecution$.$anonfun$withNewExecutionId0$6(SQLExecution.scala:125)\n\tat org.apache.spark.sql.execution.SQLExecution$.withSQLConfPropagated(SQLExecution.scala:295)\n\tat org.apache.spark.sql.execution.SQLExecution$.$anonfun$withNewExecutionId0$1(SQLExecution.scala:124)\n\tat org.apache.spark.sql.SparkSession.withActive(SparkSession.scala:804)\n\tat org.apache.spark.sql.execution.SQLExecution$.withNewExecutionId0(SQLExecution.scala:78)\n\tat org.apache.spark.sql.execution.SQLExecution$.withNewExecutionId(SQLExecution.scala:237)\n\tat org.apache.spark.sql.execution.streaming.MicroBatchExecution.$anonfun$runBatch$16(MicroBatchExecution.scala:886)\n\tat org.apache.spark.sql.execution.streaming.ProgressContext.reportTimeTaken(ProgressReporter.scala:186)\n\tat org.apache.spark.sql.execution.streaming.MicroBatchExecution.runBatch(MicroBatchExecution.scala:886)\n\tat org.apache.spark.sql.execution.streaming.MicroBatchExecution.$anonfun$executeOneBatch$2(MicroBatchExecution.scala:394)\n\tat scala.runtime.java8.JFunction0$mcV$sp.apply(JFunction0$mcV$sp.scala:18)\n\tat org.apache.spark.sql.execution.streaming.ProgressContext.reportTimeTaken(ProgressReporter.scala:186)\n\tat org.apache.spark.sql.execution.streaming.MicroBatchExecution.executeOneBatch(MicroBatchExecution.scala:364)\n\tat org.apache.spark.sql.execution.streaming.MicroBatchExecution.$anonfun$runActivatedStream$1(MicroBatchExecution.scala:344)\n\tat org.apache.spark.sql.execution.streaming.MicroBatchExecution.$anonfun$runActivatedStream$1$adapted(MicroBatchExecution.scala:344)\n\tat org.apache.spark.sql.execution.streaming.TriggerExecutor.runOneBatch(TriggerExecutor.scala:39)\n\tat org.apache.spark.sql.execution.streaming.TriggerExecutor.runOneBatch$(TriggerExecutor.scala:37)\n\tat org.apache.spark.sql.execution.streaming.ProcessingTimeExecutor.runOneBatch(TriggerExecutor.scala:70)\n\tat org.apache.spark.sql.execution.streaming.ProcessingTimeExecutor.execute(TriggerExecutor.scala:82)\n\tat org.apache.spark.sql.execution.streaming.MicroBatchExecution.runActivatedStream(MicroBatchExecution.scala:344)\n\tat org.apache.spark.sql.execution.streaming.StreamExecution.$anonfun$runStream$1(StreamExecution.scala:337)\n\tat scala.runtime.java8.JFunction0$mcV$sp.apply(JFunction0$mcV$sp.scala:18)\n\tat org.apache.spark.sql.SparkSession.withActive(SparkSession.scala:804)\n\tat org.apache.spark.sql.execution.streaming.StreamExecution.org$apache$spark$sql$execution$streaming$StreamExecution$$runStream(StreamExecution.scala:311)\n\tat org.apache.spark.sql.execution.streaming.StreamExecution$$anon$1.run(StreamExecution.scala:226)\n\tSuppressed: org.apache.spark.util.Utils$OriginalTryStackTraceException: Full stacktrace of original doTryWithCallerStacktrace caller\n\t\tat org.apache.spark.sql.catalyst.analysis.package$AnalysisErrorAt.tableNotFound(package.scala:91)\n\t\tat org.apache.spark.sql.catalyst.analysis.CheckAnalysis.$anonfun$checkAnalysis0$2(CheckAnalysis.scala:306)\n\t\tat org.apache.spark.sql.catalyst.analysis.CheckAnalysis.$anonfun$checkAnalysis0$2$adapted(CheckAnalysis.scala:284)\n\t\tat org.apache.spark.sql.catalyst.trees.TreeNode.foreachUp(TreeNode.scala:252)\n\t\tat org.apache.spark.sql.catalyst.trees.TreeNode.$anonfun$foreachUp$1(TreeNode.scala:251)\n\t\tat org.apache.spark.sql.catalyst.trees.TreeNode.$anonfun$foreachUp$1$adapted(TreeNode.scala:251)\n\t\tat scala.collection.immutable.Vector.foreach(Vector.scala:2125)\n\t\tat org.apache.spark.sql.catalyst.trees.TreeNode.foreachUp(TreeNode.scala:251)\n\t\tat org.apache.spark.sql.catalyst.trees.TreeNode.$anonfun$foreachUp$1(TreeNode.scala:251)\n\t\tat org.apache.spark.sql.catalyst.trees.TreeNode.$anonfun$foreachUp$1$adapted(TreeNode.scala:251)\n\t\tat scala.collection.immutable.Vector.foreach(Vector.scala:2125)\n\t\tat org.apache.spark.sql.catalyst.trees.TreeNode.foreachUp(TreeNode.scala:251)\n\t\tat org.apache.spark.sql.catalyst.analysis.CheckAnalysis.checkAnalysis0(CheckAnalysis.scala:284)\n\t\tat org.apache.spark.sql.catalyst.analysis.CheckAnalysis.checkAnalysis0$(CheckAnalysis.scala:255)\n\t\tat org.apache.spark.sql.catalyst.analysis.Analyzer.checkAnalysis0(Analyzer.scala:299)\n\t\tat org.apache.spark.sql.catalyst.analysis.CheckAnalysis.checkAnalysis(CheckAnalysis.scala:244)\n\t\tat org.apache.spark.sql.catalyst.analysis.CheckAnalysis.checkAnalysis$(CheckAnalysis.scala:231)\n\t\tat org.apache.spark.sql.catalyst.analysis.Analyzer.checkAnalysis(Analyzer.scala:299)\n\t\tat org.apache.spark.sql.catalyst.analysis.resolver.HybridAnalyzer.$anonfun$resolveInFixedPoint$1(HybridAnalyzer.scala:192)\n\t\tat scala.runtime.java8.JFunction0$mcV$sp.apply(JFunction0$mcV$sp.scala:18)\n\t\tat org.apache.spark.sql.catalyst.QueryPlanningTracker$.withTracker(QueryPlanningTracker.scala:89)\n\t\tat org.apache.spark.sql.catalyst.analysis.resolver.HybridAnalyzer.resolveInFixedPoint(HybridAnalyzer.scala:192)\n\t\tat org.apache.spark.sql.catalyst.analysis.resolver.HybridAnalyzer.$anonfun$apply$1(HybridAnalyzer.scala:76)\n\t\tat org.apache.spark.sql.catalyst.analysis.resolver.HybridAnalyzer.withTrackedAnalyzerBridgeState(HybridAnalyzer.scala:111)\n\t\tat org.apache.spark.sql.catalyst.analysis.resolver.HybridAnalyzer.apply(HybridAnalyzer.scala:71)\n\t\tat org.apache.spark.sql.catalyst.analysis.Analyzer.$anonfun$executeAndCheck$1(Analyzer.scala:330)\n\t\tat org.apache.spark.sql.catalyst.plans.logical.AnalysisHelper$.markInAnalyzer(AnalysisHelper.scala:423)\n\t\tat org.apache.spark.sql.catalyst.analysis.Analyzer.executeAndCheck(Analyzer.scala:330)\n\t\tat org.apache.spark.sql.execution.QueryExecution.$anonfun$lazyAnalyzed$2(QueryExecution.scala:110)\n\t\tat org.apache.spark.sql.catalyst.QueryPlanningTracker.measurePhase(QueryPlanningTracker.scala:148)\n\t\tat org.apache.spark.sql.execution.QueryExecution.$anonfun$executePhase$2(QueryExecution.scala:278)\n\t\tat org.apache.spark.sql.execution.QueryExecution$.withInternalError(QueryExecution.scala:654)\n\t\tat org.apache.spark.sql.execution.QueryExecution.$anonfun$executePhase$1(QueryExecution.scala:278)\n\t\tat org.apache.spark.sql.SparkSession.withActive(SparkSession.scala:804)\n\t\tat org.apache.spark.sql.execution.QueryExecution.executePhase(QueryExecution.scala:277)\n\t\tat org.apache.spark.sql.execution.QueryExecution.$anonfun$lazyAnalyzed$1(QueryExecution.scala:110)\n\t\tat scala.util.Try$.apply(Try.scala:217)\n\t\tat org.apache.spark.util.Utils$.doTryWithCallerStacktrace(Utils.scala:1378)\n\t\tat org.apache.spark.util.LazyTry.tryT$lzycompute(LazyTry.scala:46)\n\t\tat org.apache.spark.util.LazyTry.tryT(LazyTry.scala:46)\n\t\t... 62 more\n", "stacktrace": [{"class": null, "method": "deco", "file": "/home/spark/spark/python/lib/pyspark.zip/pyspark/errors/exceptions/captured.py", "line": "282"}, {"class": null, "method": "get_return_value", "file": "/home/spark/spark/python/lib/py4j-0.10.9.9-src.zip/py4j/protocol.py", "line": "327"}]}}
[2026-04-12T06:17:14.912+0000] {subprocess.py:106} INFO - 26/04/12 06:17:14 ERROR MicroBatchExecution: Query [id = 97df26eb-363e-4a9d-81a0-5bee41c3e2e1, runId = 9f842493-b2e6-4e61-95fb-875cb8e3c3cf] terminated with error
[2026-04-12T06:17:14.913+0000] {subprocess.py:106} INFO - org.apache.spark.sql.execution.streaming.sources.ForeachBatchUserFuncException: [FOREACH_BATCH_USER_FUNCTION_ERROR] An error occurred in the user provided function in foreach batch sink. Reason: An exception was raised by the Python Proxy. Return Message: Traceback (most recent call last):
[2026-04-12T06:17:14.913+0000] {subprocess.py:106} INFO -   File "/home/spark/spark/python/lib/py4j-0.10.9.9-src.zip/py4j/clientserver.py", line 644, in _call_proxy
[2026-04-12T06:17:14.914+0000] {subprocess.py:106} INFO -     return_value = getattr(self.pool[obj_id], method)(*params)
[2026-04-12T06:17:14.915+0000] {subprocess.py:106} INFO -   File "/home/spark/spark/python/lib/pyspark.zip/pyspark/sql/utils.py", line 165, in call
[2026-04-12T06:17:14.916+0000] {subprocess.py:106} INFO -     raise e
[2026-04-12T06:17:14.916+0000] {subprocess.py:106} INFO -   File "/home/spark/spark/python/lib/pyspark.zip/pyspark/sql/utils.py", line 162, in call
[2026-04-12T06:17:14.917+0000] {subprocess.py:106} INFO -     self.func(DataFrame(jdf, wrapped_session_jdf), batch_id)
[2026-04-12T06:17:14.917+0000] {subprocess.py:106} INFO -   File "/home/spark/spark/spark_jobs/weather_streaming.py", line 137, in write_to_bronze_and_silver
[2026-04-12T06:17:14.918+0000] {subprocess.py:106} INFO -     spark.sql("""
[2026-04-12T06:17:14.918+0000] {subprocess.py:106} INFO -   File "/home/spark/spark/python/lib/pyspark.zip/pyspark/sql/session.py", line 1810, in sql
[2026-04-12T06:17:14.919+0000] {subprocess.py:106} INFO -     return DataFrame(self._jsparkSession.sql(sqlQuery, litArgs), self)
[2026-04-12T06:17:14.919+0000] {subprocess.py:106} INFO -   File "/home/spark/spark/python/lib/py4j-0.10.9.9-src.zip/py4j/java_gateway.py", line 1362, in __call__
[2026-04-12T06:17:14.920+0000] {subprocess.py:106} INFO -     return_value = get_return_value(
[2026-04-12T06:17:14.920+0000] {subprocess.py:106} INFO -   File "/home/spark/spark/python/lib/pyspark.zip/pyspark/errors/exceptions/captured.py", line 288, in deco
[2026-04-12T06:17:14.921+0000] {subprocess.py:106} INFO -     raise converted from None
[2026-04-12T06:17:14.922+0000] {subprocess.py:106} INFO - pyspark.errors.exceptions.captured.AnalysisException: [TABLE_OR_VIEW_NOT_FOUND] The table or view `current_batch` cannot be found. Verify the spelling and correctness of the schema and catalog.
[2026-04-12T06:17:14.922+0000] {subprocess.py:106} INFO - If you did not qualify the name with a schema, verify the current_schema() output, or qualify the name with the correct schema and catalog.
[2026-04-12T06:17:14.922+0000] {subprocess.py:106} INFO - To tolerate the error on drop use DROP VIEW IF EXISTS or DROP TABLE IF EXISTS. SQLSTATE: 42P01; line 3 pos 18;
[2026-04-12T06:17:14.923+0000] {subprocess.py:106} INFO - 'MergeIntoTable (('a.location = 's.location) AND ('a.timestamp = 's.timestamp)), [insertstaraction(None)], false
[2026-04-12T06:17:14.923+0000] {subprocess.py:106} INFO - :- SubqueryAlias a
[2026-04-12T06:17:14.924+0000] {subprocess.py:106} INFO - :  +- SubqueryAlias iceberg.air_quality_db.air_quality_silver
[2026-04-12T06:17:14.925+0000] {subprocess.py:106} INFO - :     +- RelationV2[timestamp#748, location#749, latitude#750, longitude#751, timezone#752, temperature_2m#753, relative_humidity_2m#754, apparent_temperature#755, precipitation#756, cloud_cover#757, wind_speed_10m#758, wind_direction_10m#759, wind_gusts_10m#760, uv_index#761, weather_code#762, european_aqi#763, us_aqi#764, us_aqi_index#765, aqi_label#766, pm10#767, pm2_5#768, carbon_monoxide#769, nitrogen_dioxide#770, sulphur_dioxide#771, ozone#772, ... 2 more fields] iceberg.air_quality_db.air_quality_silver iceberg.air_quality_db.air_quality_silver
[2026-04-12T06:17:14.925+0000] {subprocess.py:106} INFO - +- 'SubqueryAlias s
[2026-04-12T06:17:14.927+0000] {subprocess.py:106} INFO -    +- 'UnresolvedRelation [current_batch], [], false
[2026-04-12T06:17:14.927+0000] {subprocess.py:106} INFO - 
[2026-04-12T06:17:14.928+0000] {subprocess.py:106} INFO -  SQLSTATE: 39000
[2026-04-12T06:17:14.929+0000] {subprocess.py:106} INFO - 	at org.apache.spark.sql.execution.streaming.sources.ForeachBatchSink.callBatchWriter(ForeachBatchSink.scala:60)
[2026-04-12T06:17:14.929+0000] {subprocess.py:106} INFO - 	at org.apache.spark.sql.execution.streaming.sources.ForeachBatchSink.addBatch(ForeachBatchSink.scala:49)
[2026-04-12T06:17:14.930+0000] {subprocess.py:106} INFO - 	at org.apache.spark.sql.execution.streaming.MicroBatchExecution.$anonfun$runBatch$17(MicroBatchExecution.scala:889)
[2026-04-12T06:17:14.930+0000] {subprocess.py:106} INFO - 	at org.apache.spark.sql.execution.SQLExecution$.$anonfun$withNewExecutionId0$8(SQLExecution.scala:163)
[2026-04-12T06:17:14.931+0000] {subprocess.py:106} INFO - 	at org.apache.spark.sql.execution.SQLExecution$.withSessionTagsApplied(SQLExecution.scala:272)
[2026-04-12T06:17:14.931+0000] {subprocess.py:106} INFO - 	at org.apache.spark.sql.execution.SQLExecution$.$anonfun$withNewExecutionId0$7(SQLExecution.scala:125)
[2026-04-12T06:17:14.932+0000] {subprocess.py:106} INFO - 	at org.apache.spark.JobArtifactSet$.withActiveJobArtifactState(JobArtifactSet.scala:94)
[2026-04-12T06:17:14.932+0000] {subprocess.py:106} INFO - 	at org.apache.spark.sql.artifact.ArtifactManager.$anonfun$withResources$1(ArtifactManager.scala:112)
[2026-04-12T06:17:14.933+0000] {subprocess.py:106} INFO - 	at org.apache.spark.sql.artifact.ArtifactManager.withClassLoaderIfNeeded(ArtifactManager.scala:106)
[2026-04-12T06:17:14.933+0000] {subprocess.py:106} INFO - 	at org.apache.spark.sql.artifact.ArtifactManager.withResources(ArtifactManager.scala:111)
[2026-04-12T06:17:14.934+0000] {subprocess.py:106} INFO - 	at org.apache.spark.sql.execution.SQLExecution$.$anonfun$withNewExecutionId0$6(SQLExecution.scala:125)
[2026-04-12T06:17:14.934+0000] {subprocess.py:106} INFO - 	at org.apache.spark.sql.execution.SQLExecution$.withSQLConfPropagated(SQLExecution.scala:295)
[2026-04-12T06:17:14.935+0000] {subprocess.py:106} INFO - 	at org.apache.spark.sql.execution.SQLExecution$.$anonfun$withNewExecutionId0$1(SQLExecution.scala:124)
[2026-04-12T06:17:14.938+0000] {subprocess.py:106} INFO - 	at org.apache.spark.sql.SparkSession.withActive(SparkSession.scala:804)
[2026-04-12T06:17:14.939+0000] {subprocess.py:106} INFO - 	at org.apache.spark.sql.execution.SQLExecution$.withNewExecutionId0(SQLExecution.scala:78)
[2026-04-12T06:17:14.939+0000] {subprocess.py:106} INFO - 	at org.apache.spark.sql.execution.SQLExecution$.withNewExecutionId(SQLExecution.scala:237)
[2026-04-12T06:17:14.940+0000] {subprocess.py:106} INFO - 	at org.apache.spark.sql.execution.streaming.MicroBatchExecution.$anonfun$runBatch$16(MicroBatchExecution.scala:886)
[2026-04-12T06:17:14.940+0000] {subprocess.py:106} INFO - 	at org.apache.spark.sql.execution.streaming.ProgressContext.reportTimeTaken(ProgressReporter.scala:186)
[2026-04-12T06:17:14.944+0000] {subprocess.py:106} INFO - 	at org.apache.spark.sql.execution.streaming.MicroBatchExecution.runBatch(MicroBatchExecution.scala:886)
[2026-04-12T06:17:14.945+0000] {subprocess.py:106} INFO - 	at org.apache.spark.sql.execution.streaming.MicroBatchExecution.$anonfun$executeOneBatch$2(MicroBatchExecution.scala:394)
[2026-04-12T06:17:14.946+0000] {subprocess.py:106} INFO - 	at scala.runtime.java8.JFunction0$mcV$sp.apply(JFunction0$mcV$sp.scala:18)
[2026-04-12T06:17:14.946+0000] {subprocess.py:106} INFO - 	at org.apache.spark.sql.execution.streaming.ProgressContext.reportTimeTaken(ProgressReporter.scala:186)
[2026-04-12T06:17:14.947+0000] {subprocess.py:106} INFO - 	at org.apache.spark.sql.execution.streaming.MicroBatchExecution.executeOneBatch(MicroBatchExecution.scala:364)
[2026-04-12T06:17:14.947+0000] {subprocess.py:106} INFO - 	at org.apache.spark.sql.execution.streaming.MicroBatchExecution.$anonfun$runActivatedStream$1(MicroBatchExecution.scala:344)
[2026-04-12T06:17:14.948+0000] {subprocess.py:106} INFO - 	at org.apache.spark.sql.execution.streaming.MicroBatchExecution.$anonfun$runActivatedStream$1$adapted(MicroBatchExecution.scala:344)
[2026-04-12T06:17:14.948+0000] {subprocess.py:106} INFO - 	at org.apache.spark.sql.execution.streaming.TriggerExecutor.runOneBatch(TriggerExecutor.scala:39)
[2026-04-12T06:17:14.949+0000] {subprocess.py:106} INFO - 	at org.apache.spark.sql.execution.streaming.TriggerExecutor.runOneBatch$(TriggerExecutor.scala:37)
[2026-04-12T06:17:14.949+0000] {subprocess.py:106} INFO - 	at org.apache.spark.sql.execution.streaming.ProcessingTimeExecutor.runOneBatch(TriggerExecutor.scala:70)
[2026-04-12T06:17:14.950+0000] {subprocess.py:106} INFO - 	at org.apache.spark.sql.execution.streaming.ProcessingTimeExecutor.execute(TriggerExecutor.scala:82)
[2026-04-12T06:17:14.950+0000] {subprocess.py:106} INFO - 	at org.apache.spark.sql.execution.streaming.MicroBatchExecution.runActivatedStream(MicroBatchExecution.scala:344)
[2026-04-12T06:17:14.951+0000] {subprocess.py:106} INFO - 	at org.apache.spark.sql.execution.streaming.StreamExecution.$anonfun$runStream$1(StreamExecution.scala:337)
[2026-04-12T06:17:14.951+0000] {subprocess.py:106} INFO - 	at scala.runtime.java8.JFunction0$mcV$sp.apply(JFunction0$mcV$sp.scala:18)
[2026-04-12T06:17:14.952+0000] {subprocess.py:106} INFO - 	at org.apache.spark.sql.SparkSession.withActive(SparkSession.scala:804)
[2026-04-12T06:17:14.952+0000] {subprocess.py:106} INFO - 	at org.apache.spark.sql.execution.streaming.StreamExecution.org$apache$spark$sql$execution$streaming$StreamExecution$$runStream(StreamExecution.scala:311)
[2026-04-12T06:17:14.953+0000] {subprocess.py:106} INFO - 	at org.apache.spark.sql.execution.streaming.StreamExecution$$anon$1.run(StreamExecution.scala:226)
[2026-04-12T06:17:14.953+0000] {subprocess.py:106} INFO - Caused by: py4j.Py4JException: An exception was raised by the Python Proxy. Return Message: Traceback (most recent call last):
[2026-04-12T06:17:14.954+0000] {subprocess.py:106} INFO -   File "/home/spark/spark/python/lib/py4j-0.10.9.9-src.zip/py4j/clientserver.py", line 644, in _call_proxy
[2026-04-12T06:17:14.954+0000] {subprocess.py:106} INFO -     return_value = getattr(self.pool[obj_id], method)(*params)
[2026-04-12T06:17:14.955+0000] {subprocess.py:106} INFO -   File "/home/spark/spark/python/lib/pyspark.zip/pyspark/sql/utils.py", line 165, in call
[2026-04-12T06:17:14.955+0000] {subprocess.py:106} INFO -     raise e
[2026-04-12T06:17:14.955+0000] {subprocess.py:106} INFO -   File "/home/spark/spark/python/lib/pyspark.zip/pyspark/sql/utils.py", line 162, in call
[2026-04-12T06:17:14.956+0000] {subprocess.py:106} INFO -     self.func(DataFrame(jdf, wrapped_session_jdf), batch_id)
[2026-04-12T06:17:14.956+0000] {subprocess.py:106} INFO -   File "/home/spark/spark/spark_jobs/weather_streaming.py", line 137, in write_to_bronze_and_silver
[2026-04-12T06:17:14.957+0000] {subprocess.py:106} INFO -     spark.sql("""
[2026-04-12T06:17:14.957+0000] {subprocess.py:106} INFO -   File "/home/spark/spark/python/lib/pyspark.zip/pyspark/sql/session.py", line 1810, in sql
[2026-04-12T06:17:14.957+0000] {subprocess.py:106} INFO -     return DataFrame(self._jsparkSession.sql(sqlQuery, litArgs), self)
[2026-04-12T06:17:14.958+0000] {subprocess.py:106} INFO -   File "/home/spark/spark/python/lib/py4j-0.10.9.9-src.zip/py4j/java_gateway.py", line 1362, in __call__
[2026-04-12T06:17:14.958+0000] {subprocess.py:106} INFO -     return_value = get_return_value(
[2026-04-12T06:17:14.958+0000] {subprocess.py:106} INFO -   File "/home/spark/spark/python/lib/pyspark.zip/pyspark/errors/exceptions/captured.py", line 288, in deco
[2026-04-12T06:17:14.959+0000] {subprocess.py:106} INFO -     raise converted from None
[2026-04-12T06:17:14.959+0000] {subprocess.py:106} INFO - pyspark.errors.exceptions.captured.AnalysisException: [TABLE_OR_VIEW_NOT_FOUND] The table or view `current_batch` cannot be found. Verify the spelling and correctness of the schema and catalog.
[2026-04-12T06:17:14.960+0000] {subprocess.py:106} INFO - If you did not qualify the name with a schema, verify the current_schema() output, or qualify the name with the correct schema and catalog.
[2026-04-12T06:17:14.960+0000] {subprocess.py:106} INFO - To tolerate the error on drop use DROP VIEW IF EXISTS or DROP TABLE IF EXISTS. SQLSTATE: 42P01; line 3 pos 18;
[2026-04-12T06:17:14.961+0000] {subprocess.py:106} INFO - 'MergeIntoTable (('a.location = 's.location) AND ('a.timestamp = 's.timestamp)), [insertstaraction(None)], false
[2026-04-12T06:17:14.961+0000] {subprocess.py:106} INFO - :- SubqueryAlias a
[2026-04-12T06:17:14.961+0000] {subprocess.py:106} INFO - :  +- SubqueryAlias iceberg.air_quality_db.air_quality_silver
[2026-04-12T06:17:14.962+0000] {subprocess.py:106} INFO - :     +- RelationV2[timestamp#748, location#749, latitude#750, longitude#751, timezone#752, temperature_2m#753, relative_humidity_2m#754, apparent_temperature#755, precipitation#756, cloud_cover#757, wind_speed_10m#758, wind_direction_10m#759, wind_gusts_10m#760, uv_index#761, weather_code#762, european_aqi#763, us_aqi#764, us_aqi_index#765, aqi_label#766, pm10#767, pm2_5#768, carbon_monoxide#769, nitrogen_dioxide#770, sulphur_dioxide#771, ozone#772, ... 2 more fields] iceberg.air_quality_db.air_quality_silver iceberg.air_quality_db.air_quality_silver
[2026-04-12T06:17:14.962+0000] {subprocess.py:106} INFO - +- 'SubqueryAlias s
[2026-04-12T06:17:14.963+0000] {subprocess.py:106} INFO -    +- 'UnresolvedRelation [current_batch], [], false
[2026-04-12T06:17:14.963+0000] {subprocess.py:106} INFO - 
[2026-04-12T06:17:14.963+0000] {subprocess.py:106} INFO - 
[2026-04-12T06:17:14.964+0000] {subprocess.py:106} INFO - 	at py4j.Protocol.getReturnValue(Protocol.java:476)
[2026-04-12T06:17:14.964+0000] {subprocess.py:106} INFO - 	at py4j.reflection.PythonProxyHandler.invoke(PythonProxyHandler.java:108)
[2026-04-12T06:17:14.965+0000] {subprocess.py:106} INFO - 	at jdk.proxy3/jdk.proxy3.$Proxy49.call(Unknown Source)
[2026-04-12T06:17:14.965+0000] {subprocess.py:106} INFO - 	at org.apache.spark.sql.execution.streaming.sources.PythonForeachBatchHelper$.$anonfun$callForeachBatch$1(ForeachBatchSink.scala:87)
[2026-04-12T06:17:14.965+0000] {subprocess.py:106} INFO - 	at org.apache.spark.sql.execution.streaming.sources.PythonForeachBatchHelper$.$anonfun$callForeachBatch$1$adapted(ForeachBatchSink.scala:87)
[2026-04-12T06:17:14.966+0000] {subprocess.py:106} INFO - 	at org.apache.spark.sql.execution.streaming.sources.ForeachBatchSink.callBatchWriter(ForeachBatchSink.scala:56)
[2026-04-12T06:17:14.966+0000] {subprocess.py:106} INFO - 	... 34 more
[2026-04-12T06:17:14.966+0000] {subprocess.py:106} INFO - 26/04/12 06:17:14 INFO MicroBatchExecution: Async log purge executor pool for query [id = 97df26eb-363e-4a9d-81a0-5bee41c3e2e1, runId = 9f842493-b2e6-4e61-95fb-875cb8e3c3cf] has been shutdown
[2026-04-12T06:17:15.026+0000] {subprocess.py:106} INFO - Traceback (most recent call last):
[2026-04-12T06:17:15.026+0000] {subprocess.py:106} INFO -   File "/home/spark/spark/spark_jobs/weather_streaming.py", line 154, in <module>
[2026-04-12T06:17:15.031+0000] {subprocess.py:106} INFO -     query.awaitTermination()
[2026-04-12T06:17:15.031+0000] {subprocess.py:106} INFO -   File "/home/spark/spark/python/lib/pyspark.zip/pyspark/sql/streaming/query.py", line 225, in awaitTermination
[2026-04-12T06:17:15.032+0000] {subprocess.py:106} INFO -   File "/home/spark/spark/python/lib/py4j-0.10.9.9-src.zip/py4j/java_gateway.py", line 1362, in __call__
[2026-04-12T06:17:15.032+0000] {subprocess.py:106} INFO -   File "/home/spark/spark/python/lib/pyspark.zip/pyspark/errors/exceptions/captured.py", line 288, in deco
[2026-04-12T06:17:15.036+0000] {subprocess.py:106} INFO - pyspark.errors.exceptions.captured.StreamingQueryException: [STREAM_FAILED] Query [id = 97df26eb-363e-4a9d-81a0-5bee41c3e2e1, runId = 9f842493-b2e6-4e61-95fb-875cb8e3c3cf] terminated with exception: [FOREACH_BATCH_USER_FUNCTION_ERROR] An error occurred in the user provided function in foreach batch sink. Reason: An exception was raised by the Python Proxy. Return Message: Traceback (most recent call last):
[2026-04-12T06:17:15.037+0000] {subprocess.py:106} INFO -   File "/home/spark/spark/python/lib/py4j-0.10.9.9-src.zip/py4j/clientserver.py", line 644, in _call_proxy
[2026-04-12T06:17:15.038+0000] {subprocess.py:106} INFO -     return_value = getattr(self.pool[obj_id], method)(*params)
[2026-04-12T06:17:15.038+0000] {subprocess.py:106} INFO -   File "/home/spark/spark/python/lib/pyspark.zip/pyspark/sql/utils.py", line 165, in call
[2026-04-12T06:17:15.039+0000] {subprocess.py:106} INFO -     raise e
[2026-04-12T06:17:15.039+0000] {subprocess.py:106} INFO -   File "/home/spark/spark/python/lib/pyspark.zip/pyspark/sql/utils.py", line 162, in call
[2026-04-12T06:17:15.040+0000] {subprocess.py:106} INFO -     self.func(DataFrame(jdf, wrapped_session_jdf), batch_id)
[2026-04-12T06:17:15.042+0000] {subprocess.py:106} INFO -   File "/home/spark/spark/spark_jobs/weather_streaming.py", line 137, in write_to_bronze_and_silver
[2026-04-12T06:17:15.042+0000] {subprocess.py:106} INFO -     spark.sql("""
[2026-04-12T06:17:15.044+0000] {subprocess.py:106} INFO -   File "/home/spark/spark/python/lib/pyspark.zip/pyspark/sql/session.py", line 1810, in sql
[2026-04-12T06:17:15.045+0000] {subprocess.py:106} INFO -     return DataFrame(self._jsparkSession.sql(sqlQuery, litArgs), self)
[2026-04-12T06:17:15.045+0000] {subprocess.py:106} INFO -   File "/home/spark/spark/python/lib/py4j-0.10.9.9-src.zip/py4j/java_gateway.py", line 1362, in __call__
[2026-04-12T06:17:15.046+0000] {subprocess.py:106} INFO -     return_value = get_return_value(
[2026-04-12T06:17:15.047+0000] {subprocess.py:106} INFO -   File "/home/spark/spark/python/lib/pyspark.zip/pyspark/errors/exceptions/captured.py", line 288, in deco
[2026-04-12T06:17:15.047+0000] {subprocess.py:106} INFO -     raise converted from None
[2026-04-12T06:17:15.047+0000] {subprocess.py:106} INFO - pyspark.errors.exceptions.captured.AnalysisException: [TABLE_OR_VIEW_NOT_FOUND] The table or view `current_batch` cannot be found. Verify the spelling and correctness of the schema and catalog.
[2026-04-12T06:17:15.048+0000] {subprocess.py:106} INFO - If you did not qualify the name with a schema, verify the current_schema() output, or qualify the name with the correct schema and catalog.
[2026-04-12T06:17:15.048+0000] {subprocess.py:106} INFO - To tolerate the error on drop use DROP VIEW IF EXISTS or DROP TABLE IF EXISTS. SQLSTATE: 42P01; line 3 pos 18;
[2026-04-12T06:17:15.049+0000] {subprocess.py:106} INFO - 'MergeIntoTable (('a.location = 's.location) AND ('a.timestamp = 's.timestamp)), [insertstaraction(None)], false
[2026-04-12T06:17:15.049+0000] {subprocess.py:106} INFO - :- SubqueryAlias a
[2026-04-12T06:17:15.050+0000] {subprocess.py:106} INFO - :  +- SubqueryAlias iceberg.air_quality_db.air_quality_silver
[2026-04-12T06:17:15.050+0000] {subprocess.py:106} INFO - :     +- RelationV2[timestamp#748, location#749, latitude#750, longitude#751, timezone#752, temperature_2m#753, relative_humidity_2m#754, apparent_temperature#755, precipitation#756, cloud_cover#757, wind_speed_10m#758, wind_direction_10m#759, wind_gusts_10m#760, uv_index#761, weather_code#762, european_aqi#763, us_aqi#764, us_aqi_index#765, aqi_label#766, pm10#767, pm2_5#768, carbon_monoxide#769, nitrogen_dioxide#770, sulphur_dioxide#771, ozone#772, ... 2 more fields] iceberg.air_quality_db.air_quality_silver iceberg.air_quality_db.air_quality_silver
[2026-04-12T06:17:15.052+0000] {subprocess.py:106} INFO - +- 'SubqueryAlias s
[2026-04-12T06:17:15.053+0000] {subprocess.py:106} INFO -    +- 'UnresolvedRelation [current_batch], [], false
[2026-04-12T06:17:15.053+0000] {subprocess.py:106} INFO - 
[2026-04-12T06:17:15.053+0000] {subprocess.py:106} INFO -  SQLSTATE: 39000 SQLSTATE: XXKST
[2026-04-12T06:17:15.054+0000] {subprocess.py:106} INFO - === Streaming Query ===
[2026-04-12T06:17:15.054+0000] {subprocess.py:106} INFO - Identifier: [id = 97df26eb-363e-4a9d-81a0-5bee41c3e2e1, runId = 9f842493-b2e6-4e61-95fb-875cb8e3c3cf]
[2026-04-12T06:17:15.055+0000] {subprocess.py:106} INFO - Current Committed Offsets: {KafkaV2[Subscribe[weather-topic]]: {"weather-topic":{"0":79,"1":97,"2":84}}}
[2026-04-12T06:17:15.055+0000] {subprocess.py:106} INFO - Current Available Offsets: {KafkaV2[Subscribe[weather-topic]]: {"weather-topic":{"0":99,"1":120,"2":101}}}
[2026-04-12T06:17:15.055+0000] {subprocess.py:106} INFO - 
[2026-04-12T06:17:15.056+0000] {subprocess.py:106} INFO - Current State: ACTIVE
[2026-04-12T06:17:15.056+0000] {subprocess.py:106} INFO - Thread State: RUNNABLE
[2026-04-12T06:17:15.056+0000] {subprocess.py:106} INFO - 
[2026-04-12T06:17:15.057+0000] {subprocess.py:106} INFO - Logical Plan:
[2026-04-12T06:17:15.057+0000] {subprocess.py:106} INFO - ~WriteToMicroBatchDataSourceV1 ForeachBatchSink, 97df26eb-363e-4a9d-81a0-5bee41c3e2e1, [checkpointLocation=hdfs://23133083thuyvan-master:9000/user/hive/checkpoints/air_quality_realtime], Append
[2026-04-12T06:17:15.058+0000] {subprocess.py:106} INFO - +- ~Project [timestamp#40, location#17, latitude#18, longitude#19, timezone#20, temperature_2m#21, relative_humidity_2m#22, apparent_temperature#23, precipitation#24, cloud_cover#25, wind_speed_10m#26, wind_direction_10m#27, wind_gusts_10m#28, uv_index#29, weather_code#30, european_aqi#31, us_aqi#32, pm10#33, pm2_5#34, carbon_monoxide#35, nitrogen_dioxide#36, sulphur_dioxide#37, ozone#38, processing_time#39, open-meteo AS data_source#41]
[2026-04-12T06:17:15.058+0000] {subprocess.py:106} INFO -    +- ~Project [to_timestamp(timestamp#16, None, TimestampType, Some(GMT), true) AS timestamp#40, location#17, latitude#18, longitude#19, timezone#20, temperature_2m#21, relative_humidity_2m#22, apparent_temperature#23, precipitation#24, cloud_cover#25, wind_speed_10m#26, wind_direction_10m#27, wind_gusts_10m#28, uv_index#29, weather_code#30, european_aqi#31, us_aqi#32, pm10#33, pm2_5#34, carbon_monoxide#35, nitrogen_dioxide#36, sulphur_dioxide#37, ozone#38, processing_time#39]
[2026-04-12T06:17:15.059+0000] {subprocess.py:106} INFO -       +- ~Project [timestamp#16, location#17, latitude#18, longitude#19, timezone#20, temperature_2m#21, relative_humidity_2m#22, apparent_temperature#23, precipitation#24, cloud_cover#25, wind_speed_10m#26, wind_direction_10m#27, wind_gusts_10m#28, uv_index#29, weather_code#30, european_aqi#31, us_aqi#32, pm10#33, pm2_5#34, carbon_monoxide#35, nitrogen_dioxide#36, sulphur_dioxide#37, ozone#38, current_timestamp() AS processing_time#39]
[2026-04-12T06:17:15.059+0000] {subprocess.py:106} INFO -          +- ~Project [data#15.timestamp AS timestamp#16, data#15.location AS location#17, data#15.latitude AS latitude#18, data#15.longitude AS longitude#19, data#15.timezone AS timezone#20, data#15.temperature_2m AS temperature_2m#21, data#15.relative_humidity_2m AS relative_humidity_2m#22, data#15.apparent_temperature AS apparent_temperature#23, data#15.precipitation AS precipitation#24, data#15.cloud_cover AS cloud_cover#25, data#15.wind_speed_10m AS wind_speed_10m#26, data#15.wind_direction_10m AS wind_direction_10m#27, data#15.wind_gusts_10m AS wind_gusts_10m#28, data#15.uv_index AS uv_index#29, data#15.weather_code AS weather_code#30, data#15.european_aqi AS european_aqi#31, data#15.us_aqi AS us_aqi#32, data#15.pm10 AS pm10#33, data#15.pm2_5 AS pm2_5#34, data#15.carbon_monoxide AS carbon_monoxide#35, data#15.nitrogen_dioxide AS nitrogen_dioxide#36, data#15.sulphur_dioxide AS sulphur_dioxide#37, data#15.ozone AS ozone#38]
[2026-04-12T06:17:15.059+0000] {subprocess.py:106} INFO -             +- ~Project [from_json(StructField(timestamp,StringType,true), StructField(location,StringType,true), StructField(latitude,DoubleType,true), StructField(longitude,DoubleType,true), StructField(timezone,StringType,true), StructField(temperature_2m,DoubleType,true), StructField(relative_humidity_2m,DoubleType,true), StructField(apparent_temperature,DoubleType,true), StructField(precipitation,DoubleType,true), StructField(cloud_cover,DoubleType,true), StructField(wind_speed_10m,DoubleType,true), StructField(wind_direction_10m,DoubleType,true), StructField(wind_gusts_10m,DoubleType,true), StructField(uv_index,DoubleType,true), StructField(weather_code,IntegerType,true), StructField(european_aqi,IntegerType,true), StructField(us_aqi,IntegerType,true), StructField(pm10,DoubleType,true), StructField(pm2_5,DoubleType,true), StructField(carbon_monoxide,DoubleType,true), StructField(nitrogen_dioxide,DoubleType,true), StructField(sulphur_dioxide,DoubleType,true), StructField(ozone,DoubleType,true), json#14, Some(GMT), ... 1 more fields) AS data#15]
[2026-04-12T06:17:15.060+0000] {subprocess.py:106} INFO -                +- ~Project [cast(value#8 as string) AS json#14]
[2026-04-12T06:17:15.060+0000] {subprocess.py:106} INFO -                   +- ~StreamingDataSourceV2ScanRelation[key#7, value#8, topic#9, partition#10, offset#11L, timestamp#12, timestampType#13] KafkaTable
[2026-04-12T06:17:15.061+0000] {subprocess.py:106} INFO - 
[2026-04-12T06:17:15.114+0000] {subprocess.py:106} INFO - 26/04/12 06:17:15 INFO ConsumerCoordinator: [Consumer clientId=consumer-spark-kafka-source-fac3f392-df7c-4a7d-b45a-fd2c6194fa07--983882313-executor-3, groupId=spark-kafka-source-fac3f392-df7c-4a7d-b45a-fd2c6194fa07--983882313-executor] Resetting generation and member id due to: consumer pro-actively leaving the group
[2026-04-12T06:17:15.118+0000] {subprocess.py:106} INFO - 26/04/12 06:17:15 INFO ConsumerCoordinator: [Consumer clientId=consumer-spark-kafka-source-fac3f392-df7c-4a7d-b45a-fd2c6194fa07--983882313-executor-3, groupId=spark-kafka-source-fac3f392-df7c-4a7d-b45a-fd2c6194fa07--983882313-executor] Request joining group due to: consumer pro-actively leaving the group
[2026-04-12T06:17:15.123+0000] {subprocess.py:106} INFO - 26/04/12 06:17:15 INFO Metrics: Metrics scheduler closed
[2026-04-12T06:17:15.124+0000] {subprocess.py:106} INFO - 26/04/12 06:17:15 INFO Metrics: Closing reporter org.apache.kafka.common.metrics.JmxReporter
[2026-04-12T06:17:15.125+0000] {subprocess.py:106} INFO - 26/04/12 06:17:15 INFO Metrics: Closing reporter org.apache.kafka.common.telemetry.internals.ClientTelemetryReporter
[2026-04-12T06:17:15.125+0000] {subprocess.py:106} INFO - 26/04/12 06:17:15 INFO Metrics: Metrics reporters closed
[2026-04-12T06:17:15.133+0000] {subprocess.py:106} INFO - 26/04/12 06:17:15 INFO AppInfoParser: App info kafka.consumer for consumer-spark-kafka-source-fac3f392-df7c-4a7d-b45a-fd2c6194fa07--983882313-executor-3 unregistered
[2026-04-12T06:17:15.134+0000] {subprocess.py:106} INFO - 26/04/12 06:17:15 INFO ConsumerCoordinator: [Consumer clientId=consumer-spark-kafka-source-fac3f392-df7c-4a7d-b45a-fd2c6194fa07--983882313-executor-2, groupId=spark-kafka-source-fac3f392-df7c-4a7d-b45a-fd2c6194fa07--983882313-executor] Resetting generation and member id due to: consumer pro-actively leaving the group
[2026-04-12T06:17:15.134+0000] {subprocess.py:106} INFO - 26/04/12 06:17:15 INFO ConsumerCoordinator: [Consumer clientId=consumer-spark-kafka-source-fac3f392-df7c-4a7d-b45a-fd2c6194fa07--983882313-executor-2, groupId=spark-kafka-source-fac3f392-df7c-4a7d-b45a-fd2c6194fa07--983882313-executor] Request joining group due to: consumer pro-actively leaving the group
[2026-04-12T06:17:15.135+0000] {subprocess.py:106} INFO - 26/04/12 06:17:15 INFO Metrics: Metrics scheduler closed
[2026-04-12T06:17:15.136+0000] {subprocess.py:106} INFO - 26/04/12 06:17:15 INFO Metrics: Closing reporter org.apache.kafka.common.metrics.JmxReporter
[2026-04-12T06:17:15.137+0000] {subprocess.py:106} INFO - 26/04/12 06:17:15 INFO Metrics: Closing reporter org.apache.kafka.common.telemetry.internals.ClientTelemetryReporter
[2026-04-12T06:17:15.139+0000] {subprocess.py:106} INFO - 26/04/12 06:17:15 INFO Metrics: Metrics reporters closed
[2026-04-12T06:17:15.144+0000] {subprocess.py:106} INFO - 26/04/12 06:17:15 INFO AppInfoParser: App info kafka.consumer for consumer-spark-kafka-source-fac3f392-df7c-4a7d-b45a-fd2c6194fa07--983882313-executor-2 unregistered
[2026-04-12T06:17:15.145+0000] {subprocess.py:106} INFO - 26/04/12 06:17:15 INFO ConsumerCoordinator: [Consumer clientId=consumer-spark-kafka-source-fac3f392-df7c-4a7d-b45a-fd2c6194fa07--983882313-executor-1, groupId=spark-kafka-source-fac3f392-df7c-4a7d-b45a-fd2c6194fa07--983882313-executor] Resetting generation and member id due to: consumer pro-actively leaving the group
[2026-04-12T06:17:15.145+0000] {subprocess.py:106} INFO - 26/04/12 06:17:15 INFO ConsumerCoordinator: [Consumer clientId=consumer-spark-kafka-source-fac3f392-df7c-4a7d-b45a-fd2c6194fa07--983882313-executor-1, groupId=spark-kafka-source-fac3f392-df7c-4a7d-b45a-fd2c6194fa07--983882313-executor] Request joining group due to: consumer pro-actively leaving the group
[2026-04-12T06:17:15.148+0000] {subprocess.py:106} INFO - 26/04/12 06:17:15 INFO Metrics: Metrics scheduler closed
[2026-04-12T06:17:15.149+0000] {subprocess.py:106} INFO - 26/04/12 06:17:15 INFO Metrics: Closing reporter org.apache.kafka.common.metrics.JmxReporter
[2026-04-12T06:17:15.150+0000] {subprocess.py:106} INFO - 26/04/12 06:17:15 INFO Metrics: Closing reporter org.apache.kafka.common.telemetry.internals.ClientTelemetryReporter
[2026-04-12T06:17:15.151+0000] {subprocess.py:106} INFO - 26/04/12 06:17:15 INFO Metrics: Metrics reporters closed
[2026-04-12T06:17:15.153+0000] {subprocess.py:106} INFO - 26/04/12 06:17:15 INFO AppInfoParser: App info kafka.consumer for consumer-spark-kafka-source-fac3f392-df7c-4a7d-b45a-fd2c6194fa07--983882313-executor-1 unregistered
[2026-04-12T06:17:15.155+0000] {subprocess.py:106} INFO - 26/04/12 06:17:15 INFO SparkContext: Invoking stop() from shutdown hook
[2026-04-12T06:17:15.157+0000] {subprocess.py:106} INFO - 26/04/12 06:17:15 INFO SparkContext: SparkContext is stopping with exitCode 0 from run at Executors.java:572.
[2026-04-12T06:17:15.173+0000] {subprocess.py:106} INFO - 26/04/12 06:17:15 INFO SparkUI: Stopped Spark web UI at http://spark-master:4041
[2026-04-12T06:17:15.189+0000] {subprocess.py:106} INFO - 26/04/12 06:17:15 INFO MapOutputTrackerMasterEndpoint: MapOutputTrackerMasterEndpoint stopped!
[2026-04-12T06:17:15.206+0000] {subprocess.py:106} INFO - 26/04/12 06:17:15 INFO MemoryStore: MemoryStore cleared
[2026-04-12T06:17:15.207+0000] {subprocess.py:106} INFO - 26/04/12 06:17:15 INFO BlockManager: BlockManager stopped
[2026-04-12T06:17:15.210+0000] {subprocess.py:106} INFO - 26/04/12 06:17:15 INFO BlockManagerMaster: BlockManagerMaster stopped
[2026-04-12T06:17:15.212+0000] {subprocess.py:106} INFO - 26/04/12 06:17:15 INFO OutputCommitCoordinator$OutputCommitCoordinatorEndpoint: OutputCommitCoordinator stopped!
[2026-04-12T06:17:15.223+0000] {subprocess.py:106} INFO - 26/04/12 06:17:15 INFO SparkContext: Successfully stopped SparkContext
[2026-04-12T06:17:15.223+0000] {subprocess.py:106} INFO - 26/04/12 06:17:15 INFO ShutdownHookManager: Shutdown hook called
[2026-04-12T06:17:15.224+0000] {subprocess.py:106} INFO - 26/04/12 06:17:15 INFO ShutdownHookManager: Deleting directory /tmp/spark-87f27976-cfed-4249-962e-3100d00a9b31
[2026-04-12T06:17:15.227+0000] {subprocess.py:106} INFO - 26/04/12 06:17:15 INFO ShutdownHookManager: Deleting directory /tmp/spark-87f27976-cfed-4249-962e-3100d00a9b31/pyspark-b37c98e2-0360-4d3d-8da3-09f7b8aa2528
[2026-04-12T06:17:15.231+0000] {subprocess.py:106} INFO - 26/04/12 06:17:15 INFO ShutdownHookManager: Deleting directory /tmp/artifacts-532e61b5-6a79-438d-88c8-5b020057c80f
[2026-04-12T06:17:15.234+0000] {subprocess.py:106} INFO - 26/04/12 06:17:15 INFO ShutdownHookManager: Deleting directory /tmp/spark-f16b6f9e-abb8-4001-94e3-7d625829c671
[2026-04-12T06:17:15.339+0000] {subprocess.py:110} INFO - Command exited with return code 1
[2026-04-12T06:17:15.357+0000] {taskinstance.py:3311} ERROR - Task failed with exception
Traceback (most recent call last):
  File "/home/airflow/airflow/venv/lib/python3.12/site-packages/airflow/models/taskinstance.py", line 767, in _execute_task
    result = _execute_callable(context=context, **execute_callable_kwargs)
             ^^^^^^^^^^^^^^^^^^^^^^^^^^^^^^^^^^^^^^^^^^^^^^^^^^^^^^^^^^^^^
  File "/home/airflow/airflow/venv/lib/python3.12/site-packages/airflow/models/taskinstance.py", line 733, in _execute_callable
    return ExecutionCallableRunner(
           ^^^^^^^^^^^^^^^^^^^^^^^^
  File "/home/airflow/airflow/venv/lib/python3.12/site-packages/airflow/utils/operator_helpers.py", line 252, in run
    return self.func(*args, **kwargs)
           ^^^^^^^^^^^^^^^^^^^^^^^^^^
  File "/home/airflow/airflow/venv/lib/python3.12/site-packages/airflow/models/baseoperator.py", line 422, in wrapper
    return func(self, *args, **kwargs)
           ^^^^^^^^^^^^^^^^^^^^^^^^^^^
  File "/home/airflow/airflow/venv/lib/python3.12/site-packages/airflow/operators/bash.py", line 276, in execute
    raise AirflowException(
airflow.exceptions.AirflowException: Bash command failed. The command returned a non-zero exit code 1.
[2026-04-12T06:17:15.370+0000] {taskinstance.py:1225} INFO - Marking task as UP_FOR_RETRY. dag_id=weather_real_time_pipeline_v2, task_id=start_spark_streaming_job, run_id=scheduled__2026-04-12T06:12:00+00:00, execution_date=20260412T061200, start_date=20260412T061649, end_date=20260412T061715
[2026-04-12T06:17:15.388+0000] {taskinstance.py:340} INFO - ::group::Post task execution logs
[2026-04-12T06:17:15.389+0000] {standard_task_runner.py:124} ERROR - Failed to execute job 279 for task start_spark_streaming_job (Bash command failed. The command returned a non-zero exit code 1.; 8200)
Traceback (most recent call last):
  File "/home/airflow/airflow/venv/lib/python3.12/site-packages/airflow/task/task_runner/standard_task_runner.py", line 117, in _start_by_fork
    ret = args.func(args, dag=self.dag)
          ^^^^^^^^^^^^^^^^^^^^^^^^^^^^^
  File "/home/airflow/airflow/venv/lib/python3.12/site-packages/airflow/cli/cli_config.py", line 49, in command
    return func(*args, **kwargs)
           ^^^^^^^^^^^^^^^^^^^^^
  File "/home/airflow/airflow/venv/lib/python3.12/site-packages/airflow/utils/cli.py", line 116, in wrapper
    return f(*args, **kwargs)
           ^^^^^^^^^^^^^^^^^^
  File "/home/airflow/airflow/venv/lib/python3.12/site-packages/airflow/cli/commands/task_command.py", line 483, in task_run
    task_return_code = _run_task_by_selected_method(args, _dag, ti)
                       ^^^^^^^^^^^^^^^^^^^^^^^^^^^^^^^^^^^^^^^^^^^^
  File "/home/airflow/airflow/venv/lib/python3.12/site-packages/airflow/cli/commands/task_command.py", line 256, in _run_task_by_selected_method
    return _run_raw_task(args, ti)
           ^^^^^^^^^^^^^^^^^^^^^^^
  File "/home/airflow/airflow/venv/lib/python3.12/site-packages/airflow/cli/commands/task_command.py", line 341, in _run_raw_task
    return ti._run_raw_task(
           ^^^^^^^^^^^^^^^^^
  File "/home/airflow/airflow/venv/lib/python3.12/site-packages/airflow/utils/session.py", line 97, in wrapper
    return func(*args, session=session, **kwargs)
           ^^^^^^^^^^^^^^^^^^^^^^^^^^^^^^^^^^^^^^
  File "/home/airflow/airflow/venv/lib/python3.12/site-packages/airflow/models/taskinstance.py", line 3005, in _run_raw_task
    return _run_raw_task(
           ^^^^^^^^^^^^^^
  File "/home/airflow/airflow/venv/lib/python3.12/site-packages/airflow/models/taskinstance.py", line 273, in _run_raw_task
    TaskInstance._execute_task_with_callbacks(
  File "/home/airflow/airflow/venv/lib/python3.12/site-packages/airflow/models/taskinstance.py", line 3159, in _execute_task_with_callbacks
    result = self._execute_task(context, task_orig)
             ^^^^^^^^^^^^^^^^^^^^^^^^^^^^^^^^^^^^^^
  File "/home/airflow/airflow/venv/lib/python3.12/site-packages/airflow/models/taskinstance.py", line 3183, in _execute_task
    return _execute_task(self, context, task_orig)
           ^^^^^^^^^^^^^^^^^^^^^^^^^^^^^^^^^^^^^^^
  File "/home/airflow/airflow/venv/lib/python3.12/site-packages/airflow/models/taskinstance.py", line 767, in _execute_task
    result = _execute_callable(context=context, **execute_callable_kwargs)
             ^^^^^^^^^^^^^^^^^^^^^^^^^^^^^^^^^^^^^^^^^^^^^^^^^^^^^^^^^^^^^
  File "/home/airflow/airflow/venv/lib/python3.12/site-packages/airflow/models/taskinstance.py", line 733, in _execute_callable
    return ExecutionCallableRunner(
           ^^^^^^^^^^^^^^^^^^^^^^^^
  File "/home/airflow/airflow/venv/lib/python3.12/site-packages/airflow/utils/operator_helpers.py", line 252, in run
    return self.func(*args, **kwargs)
           ^^^^^^^^^^^^^^^^^^^^^^^^^^
  File "/home/airflow/airflow/venv/lib/python3.12/site-packages/airflow/models/baseoperator.py", line 422, in wrapper
    return func(self, *args, **kwargs)
           ^^^^^^^^^^^^^^^^^^^^^^^^^^^
  File "/home/airflow/airflow/venv/lib/python3.12/site-packages/airflow/operators/bash.py", line 276, in execute
    raise AirflowException(
airflow.exceptions.AirflowException: Bash command failed. The command returned a non-zero exit code 1.
[2026-04-12T06:17:15.397+0000] {local_task_job_runner.py:266} INFO - Task exited with return code 1
[2026-04-12T06:17:15.434+0000] {taskinstance.py:3895} INFO - 0 downstream tasks scheduled from follow-on schedule check
[2026-04-12T06:17:15.437+0000] {local_task_job_runner.py:245} INFO - ::endgroup::
