[2026-04-12T09:20:46.455+0000] {local_task_job_runner.py:123} INFO - ::group::Pre task execution logs
[2026-04-12T09:20:46.484+0000] {taskinstance.py:2613} INFO - Dependencies all met for dep_context=non-requeueable deps ti=<TaskInstance: weather_real_time_pipeline_v2.start_spark_streaming_job scheduled__2026-04-12T09:18:00+00:00 [queued]>
[2026-04-12T09:20:46.497+0000] {taskinstance.py:2613} INFO - Dependencies all met for dep_context=requeueable deps ti=<TaskInstance: weather_real_time_pipeline_v2.start_spark_streaming_job scheduled__2026-04-12T09:18:00+00:00 [queued]>
[2026-04-12T09:20:46.498+0000] {taskinstance.py:2866} INFO - Starting attempt 1 of 4
[2026-04-12T09:20:46.513+0000] {taskinstance.py:2889} INFO - Executing <Task(BashOperator): start_spark_streaming_job> on 2026-04-12 09:18:00+00:00
[2026-04-12T09:20:46.521+0000] {standard_task_runner.py:104} INFO - Running: ['airflow', 'tasks', 'run', 'weather_real_time_pipeline_v2', 'start_spark_streaming_job', 'scheduled__2026-04-12T09:18:00+00:00', '--job-id', '389', '--raw', '--subdir', 'DAGS_FOLDER/weather_pipeline_dag.py', '--cfg-path', '/tmp/tmpgbwkvbir']
[2026-04-12T09:20:46.523+0000] {standard_task_runner.py:105} INFO - Job 389: Subtask start_spark_streaming_job
[2026-04-12T09:20:46.524+0000] {logging_mixin.py:190} WARNING - /home/airflow/airflow/venv/lib/python3.12/site-packages/airflow/task/task_runner/standard_task_runner.py:70 DeprecationWarning: This process (pid=15576) is multi-threaded, use of fork() may lead to deadlocks in the child.
[2026-04-12T09:20:46.524+0000] {standard_task_runner.py:72} INFO - Started process 15600 to run task
[2026-04-12T09:20:46.609+0000] {task_command.py:467} INFO - Running <TaskInstance: weather_real_time_pipeline_v2.start_spark_streaming_job scheduled__2026-04-12T09:18:00+00:00 [running]> on host airflow
[2026-04-12T09:20:46.720+0000] {taskinstance.py:3132} INFO - Exporting env vars: AIRFLOW_CTX_DAG_OWNER='airflow' AIRFLOW_CTX_DAG_ID='weather_real_time_pipeline_v2' AIRFLOW_CTX_TASK_ID='start_spark_streaming_job' AIRFLOW_CTX_EXECUTION_DATE='2026-04-12T09:18:00+00:00' AIRFLOW_CTX_TRY_NUMBER='1' AIRFLOW_CTX_DAG_RUN_ID='scheduled__2026-04-12T09:18:00+00:00'
[2026-04-12T09:20:46.721+0000] {taskinstance.py:731} INFO - ::endgroup::
[2026-04-12T09:20:46.738+0000] {subprocess.py:78} INFO - Tmp dir root location: /tmp
[2026-04-12T09:20:46.740+0000] {subprocess.py:88} INFO - Running command: ['/usr/bin/bash', '-c', 'docker exec spark-master spark-submit                 --packages org.apache.spark:spark-sql-kafka-0-10_2.13:4.0.0,org.apache.iceberg:iceberg-spark-runtime-4.0_2.13:1.10.1                 /home/spark/spark/spark_jobs/weather_streaming.py']
[2026-04-12T09:20:46.759+0000] {subprocess.py:99} INFO - Output:
[2026-04-12T09:20:47.549+0000] {subprocess.py:106} INFO - WARNING: Using incubator modules: jdk.incubator.vector
[2026-04-12T09:20:49.266+0000] {subprocess.py:106} INFO - :: loading settings :: url = jar:file:/home/spark/spark/jars/ivy-2.5.3.jar!/org/apache/ivy/core/settings/ivysettings.xml
[2026-04-12T09:20:49.409+0000] {subprocess.py:106} INFO - Ivy Default Cache set to: /home/spark/.ivy2.5.2/cache
[2026-04-12T09:20:49.409+0000] {subprocess.py:106} INFO - The jars for the packages stored in: /home/spark/.ivy2.5.2/jars
[2026-04-12T09:20:49.419+0000] {subprocess.py:106} INFO - org.apache.spark#spark-sql-kafka-0-10_2.13 added as a dependency
[2026-04-12T09:20:49.429+0000] {subprocess.py:106} INFO - org.apache.iceberg#iceberg-spark-runtime-4.0_2.13 added as a dependency
[2026-04-12T09:20:49.432+0000] {subprocess.py:106} INFO - :: resolving dependencies :: org.apache.spark#spark-submit-parent-7455f731-ae05-4307-b30a-e565ece6e57d;1.0
[2026-04-12T09:20:49.433+0000] {subprocess.py:106} INFO - 	confs: [default]
[2026-04-12T09:20:53.844+0000] {subprocess.py:106} INFO - 	found org.apache.spark#spark-sql-kafka-0-10_2.13;4.0.0 in central
[2026-04-12T09:20:54.557+0000] {subprocess.py:106} INFO - 	found org.apache.spark#spark-token-provider-kafka-0-10_2.13;4.0.0 in central
[2026-04-12T09:20:54.743+0000] {subprocess.py:106} INFO - 	found org.apache.kafka#kafka-clients;3.9.0 in central
[2026-04-12T09:20:54.900+0000] {subprocess.py:106} INFO - 	found org.lz4#lz4-java;1.8.0 in central
[2026-04-12T09:20:55.057+0000] {subprocess.py:106} INFO - 	found org.xerial.snappy#snappy-java;1.1.10.7 in central
[2026-04-12T09:20:56.507+0000] {subprocess.py:106} INFO - 	found org.slf4j#slf4j-api;2.0.16 in central
[2026-04-12T09:20:58.289+0000] {subprocess.py:106} INFO - 	found org.apache.hadoop#hadoop-client-runtime;3.4.1 in central
[2026-04-12T09:20:58.529+0000] {subprocess.py:106} INFO - 	found org.apache.hadoop#hadoop-client-api;3.4.1 in central
[2026-04-12T09:20:58.685+0000] {subprocess.py:106} INFO - 	found com.google.code.findbugs#jsr305;3.0.0 in central
[2026-04-12T09:20:58.839+0000] {subprocess.py:106} INFO - 	found org.scala-lang.modules#scala-parallel-collections_2.13;1.2.0 in central
[2026-04-12T09:21:00.351+0000] {subprocess.py:106} INFO - 	found org.apache.commons#commons-pool2;2.12.0 in central
[2026-04-12T09:21:00.514+0000] {subprocess.py:106} INFO - 	found org.apache.iceberg#iceberg-spark-runtime-4.0_2.13;1.10.1 in central
[2026-04-12T09:21:00.584+0000] {subprocess.py:106} INFO - downloading https://repo1.maven.org/maven2/org/apache/spark/spark-sql-kafka-0-10_2.13/4.0.0/spark-sql-kafka-0-10_2.13-4.0.0.jar ...
[2026-04-12T09:21:00.956+0000] {subprocess.py:106} INFO - 	[SUCCESSFUL ] org.apache.spark#spark-sql-kafka-0-10_2.13;4.0.0!spark-sql-kafka-0-10_2.13.jar (434ms)
[2026-04-12T09:21:01.016+0000] {subprocess.py:106} INFO - downloading https://repo1.maven.org/maven2/org/apache/iceberg/iceberg-spark-runtime-4.0_2.13/1.10.1/iceberg-spark-runtime-4.0_2.13-1.10.1.jar ...
[2026-04-12T09:21:05.309+0000] {subprocess.py:106} INFO - 	[SUCCESSFUL ] org.apache.iceberg#iceberg-spark-runtime-4.0_2.13;1.10.1!iceberg-spark-runtime-4.0_2.13.jar (4352ms)
[2026-04-12T09:21:05.366+0000] {subprocess.py:106} INFO - downloading https://repo1.maven.org/maven2/org/apache/spark/spark-token-provider-kafka-0-10_2.13/4.0.0/spark-token-provider-kafka-0-10_2.13-4.0.0.jar ...
[2026-04-12T09:21:05.428+0000] {subprocess.py:106} INFO - 	[SUCCESSFUL ] org.apache.spark#spark-token-provider-kafka-0-10_2.13;4.0.0!spark-token-provider-kafka-0-10_2.13.jar (118ms)
[2026-04-12T09:21:05.486+0000] {subprocess.py:106} INFO - downloading https://repo1.maven.org/maven2/org/scala-lang/modules/scala-parallel-collections_2.13/1.2.0/scala-parallel-collections_2.13-1.2.0.jar ...
[2026-04-12T09:21:05.613+0000] {subprocess.py:106} INFO - 	[SUCCESSFUL ] org.scala-lang.modules#scala-parallel-collections_2.13;1.2.0!scala-parallel-collections_2.13.jar (180ms)
[2026-04-12T09:21:05.673+0000] {subprocess.py:106} INFO - downloading https://repo1.maven.org/maven2/org/apache/kafka/kafka-clients/3.9.0/kafka-clients-3.9.0.jar ...
[2026-04-12T09:21:06.422+0000] {subprocess.py:106} INFO - 	[SUCCESSFUL ] org.apache.kafka#kafka-clients;3.9.0!kafka-clients.jar (805ms)
[2026-04-12T09:21:06.478+0000] {subprocess.py:106} INFO - downloading https://repo1.maven.org/maven2/com/google/code/findbugs/jsr305/3.0.0/jsr305-3.0.0.jar ...
[2026-04-12T09:21:06.550+0000] {subprocess.py:106} INFO - 	[SUCCESSFUL ] com.google.code.findbugs#jsr305;3.0.0!jsr305.jar (127ms)
[2026-04-12T09:21:06.604+0000] {subprocess.py:106} INFO - downloading https://repo1.maven.org/maven2/org/apache/commons/commons-pool2/2.12.0/commons-pool2-2.12.0.jar ...
[2026-04-12T09:21:06.668+0000] {subprocess.py:106} INFO - 	[SUCCESSFUL ] org.apache.commons#commons-pool2;2.12.0!commons-pool2.jar (116ms)
[2026-04-12T09:21:06.725+0000] {subprocess.py:106} INFO - downloading https://repo1.maven.org/maven2/org/apache/hadoop/hadoop-client-runtime/3.4.1/hadoop-client-runtime-3.4.1.jar ...
[2026-04-12T09:21:09.407+0000] {subprocess.py:106} INFO - 	[SUCCESSFUL ] org.apache.hadoop#hadoop-client-runtime;3.4.1!hadoop-client-runtime.jar (2737ms)
[2026-04-12T09:21:09.466+0000] {subprocess.py:106} INFO - downloading https://repo1.maven.org/maven2/org/lz4/lz4-java/1.8.0/lz4-java-1.8.0.jar ...
[2026-04-12T09:21:09.561+0000] {subprocess.py:106} INFO - 	[SUCCESSFUL ] org.lz4#lz4-java;1.8.0!lz4-java.jar (154ms)
[2026-04-12T09:21:09.620+0000] {subprocess.py:106} INFO - downloading https://repo1.maven.org/maven2/org/xerial/snappy/snappy-java/1.1.10.7/snappy-java-1.1.10.7.jar ...
[2026-04-12T09:21:09.885+0000] {subprocess.py:106} INFO - 	[SUCCESSFUL ] org.xerial.snappy#snappy-java;1.1.10.7!snappy-java.jar(bundle) (322ms)
[2026-04-12T09:21:09.944+0000] {subprocess.py:106} INFO - downloading https://repo1.maven.org/maven2/org/slf4j/slf4j-api/2.0.16/slf4j-api-2.0.16.jar ...
[2026-04-12T09:21:10.011+0000] {subprocess.py:106} INFO - 	[SUCCESSFUL ] org.slf4j#slf4j-api;2.0.16!slf4j-api.jar (124ms)
[2026-04-12T09:21:10.072+0000] {subprocess.py:106} INFO - downloading https://repo1.maven.org/maven2/org/apache/hadoop/hadoop-client-api/3.4.1/hadoop-client-api-3.4.1.jar ...
[2026-04-12T09:21:11.671+0000] {subprocess.py:106} INFO - 	[SUCCESSFUL ] org.apache.hadoop#hadoop-client-api;3.4.1!hadoop-client-api.jar (1658ms)
[2026-04-12T09:21:11.675+0000] {subprocess.py:106} INFO - :: resolution report :: resolve 11091ms :: artifacts dl 11149ms
[2026-04-12T09:21:11.676+0000] {subprocess.py:106} INFO - 	:: modules in use:
[2026-04-12T09:21:11.676+0000] {subprocess.py:106} INFO - 	com.google.code.findbugs#jsr305;3.0.0 from central in [default]
[2026-04-12T09:21:11.677+0000] {subprocess.py:106} INFO - 	org.apache.commons#commons-pool2;2.12.0 from central in [default]
[2026-04-12T09:21:11.678+0000] {subprocess.py:106} INFO - 	org.apache.hadoop#hadoop-client-api;3.4.1 from central in [default]
[2026-04-12T09:21:11.678+0000] {subprocess.py:106} INFO - 	org.apache.hadoop#hadoop-client-runtime;3.4.1 from central in [default]
[2026-04-12T09:21:11.680+0000] {subprocess.py:106} INFO - 	org.apache.iceberg#iceberg-spark-runtime-4.0_2.13;1.10.1 from central in [default]
[2026-04-12T09:21:11.684+0000] {subprocess.py:106} INFO - 	org.apache.kafka#kafka-clients;3.9.0 from central in [default]
[2026-04-12T09:21:11.686+0000] {subprocess.py:106} INFO - 	org.apache.spark#spark-sql-kafka-0-10_2.13;4.0.0 from central in [default]
[2026-04-12T09:21:11.687+0000] {subprocess.py:106} INFO - 	org.apache.spark#spark-token-provider-kafka-0-10_2.13;4.0.0 from central in [default]
[2026-04-12T09:21:11.688+0000] {subprocess.py:106} INFO - 	org.lz4#lz4-java;1.8.0 from central in [default]
[2026-04-12T09:21:11.689+0000] {subprocess.py:106} INFO - 	org.scala-lang.modules#scala-parallel-collections_2.13;1.2.0 from central in [default]
[2026-04-12T09:21:11.690+0000] {subprocess.py:106} INFO - 	org.slf4j#slf4j-api;2.0.16 from central in [default]
[2026-04-12T09:21:11.690+0000] {subprocess.py:106} INFO - 	org.xerial.snappy#snappy-java;1.1.10.7 from central in [default]
[2026-04-12T09:21:11.691+0000] {subprocess.py:106} INFO - 	---------------------------------------------------------------------
[2026-04-12T09:21:11.691+0000] {subprocess.py:106} INFO - 	|                  |            modules            ||   artifacts   |
[2026-04-12T09:21:11.692+0000] {subprocess.py:106} INFO - 	|       conf       | number| search|dwnlded|evicted|| number|dwnlded|
[2026-04-12T09:21:11.693+0000] {subprocess.py:106} INFO - 	---------------------------------------------------------------------
[2026-04-12T09:21:11.693+0000] {subprocess.py:106} INFO - 	|      default     |   12  |   12  |   12  |   0   ||   12  |   12  |
[2026-04-12T09:21:11.694+0000] {subprocess.py:106} INFO - 	---------------------------------------------------------------------
[2026-04-12T09:21:11.695+0000] {subprocess.py:106} INFO - :: retrieving :: org.apache.spark#spark-submit-parent-7455f731-ae05-4307-b30a-e565ece6e57d
[2026-04-12T09:21:11.696+0000] {subprocess.py:106} INFO - 	confs: [default]
[2026-04-12T09:21:12.112+0000] {subprocess.py:106} INFO - 	12 artifacts copied, 0 already retrieved (108653kB/419ms)
[2026-04-12T09:21:12.978+0000] {subprocess.py:106} INFO - 26/04/12 09:21:12 WARN NativeCodeLoader: Unable to load native-hadoop library for your platform... using builtin-java classes where applicable
[2026-04-12T09:21:15.020+0000] {subprocess.py:106} INFO - Using Spark's default log4j profile: org/apache/spark/log4j2-defaults.properties
[2026-04-12T09:21:15.030+0000] {subprocess.py:106} INFO - 26/04/12 09:21:15 INFO SparkContext: Running Spark version 4.0.2
[2026-04-12T09:21:15.034+0000] {subprocess.py:106} INFO - 26/04/12 09:21:15 INFO SparkContext: OS info Linux, 6.6.87.2-microsoft-standard-WSL2, amd64
[2026-04-12T09:21:15.036+0000] {subprocess.py:106} INFO - 26/04/12 09:21:15 INFO SparkContext: Java version 21.0.10
[2026-04-12T09:21:15.071+0000] {subprocess.py:106} INFO - 26/04/12 09:21:15 INFO ResourceUtils: ==============================================================
[2026-04-12T09:21:15.072+0000] {subprocess.py:106} INFO - 26/04/12 09:21:15 INFO ResourceUtils: No custom resources configured for spark.driver.
[2026-04-12T09:21:15.073+0000] {subprocess.py:106} INFO - 26/04/12 09:21:15 INFO ResourceUtils: ==============================================================
[2026-04-12T09:21:15.074+0000] {subprocess.py:106} INFO - 26/04/12 09:21:15 INFO SparkContext: Submitted application: Weather_Kafka_to_Iceberg
[2026-04-12T09:21:15.115+0000] {subprocess.py:106} INFO - 26/04/12 09:21:15 INFO ResourceProfile: Default ResourceProfile created, executor resources: Map(cores -> name: cores, amount: 2, script: , vendor: , memory -> name: memory, amount: 2048, script: , vendor: , offHeap -> name: offHeap, amount: 0, script: , vendor: ), task resources: Map(cpus -> name: cpus, amount: 1.0)
[2026-04-12T09:21:15.123+0000] {subprocess.py:106} INFO - 26/04/12 09:21:15 INFO ResourceProfile: Limiting resource is cpus at 2 tasks per executor
[2026-04-12T09:21:15.126+0000] {subprocess.py:106} INFO - 26/04/12 09:21:15 INFO ResourceProfileManager: Added ResourceProfile id: 0
[2026-04-12T09:21:15.224+0000] {subprocess.py:106} INFO - 26/04/12 09:21:15 INFO SecurityManager: Changing view acls to: spark
[2026-04-12T09:21:15.226+0000] {subprocess.py:106} INFO - 26/04/12 09:21:15 INFO SecurityManager: Changing modify acls to: spark
[2026-04-12T09:21:15.228+0000] {subprocess.py:106} INFO - 26/04/12 09:21:15 INFO SecurityManager: Changing view acls groups to: spark
[2026-04-12T09:21:15.229+0000] {subprocess.py:106} INFO - 26/04/12 09:21:15 INFO SecurityManager: Changing modify acls groups to: spark
[2026-04-12T09:21:15.233+0000] {subprocess.py:106} INFO - 26/04/12 09:21:15 INFO SecurityManager: SecurityManager: authentication disabled; ui acls disabled; users with view permissions: spark groups with view permissions: EMPTY; users with modify permissions: spark; groups with modify permissions: EMPTY; RPC SSL disabled
[2026-04-12T09:21:15.616+0000] {subprocess.py:106} INFO - 26/04/12 09:21:15 INFO Utils: Successfully started service 'sparkDriver' on port 44635.
[2026-04-12T09:21:15.673+0000] {subprocess.py:106} INFO - 26/04/12 09:21:15 INFO SparkEnv: Registering MapOutputTracker
[2026-04-12T09:21:15.691+0000] {subprocess.py:106} INFO - 26/04/12 09:21:15 INFO SparkEnv: Registering BlockManagerMaster
[2026-04-12T09:21:15.718+0000] {subprocess.py:106} INFO - 26/04/12 09:21:15 INFO BlockManagerMasterEndpoint: Using org.apache.spark.storage.DefaultTopologyMapper for getting topology information
[2026-04-12T09:21:15.719+0000] {subprocess.py:106} INFO - 26/04/12 09:21:15 INFO BlockManagerMasterEndpoint: BlockManagerMasterEndpoint up
[2026-04-12T09:21:15.730+0000] {subprocess.py:106} INFO - 26/04/12 09:21:15 INFO SparkEnv: Registering BlockManagerMasterHeartbeat
[2026-04-12T09:21:15.787+0000] {subprocess.py:106} INFO - 26/04/12 09:21:15 INFO DiskBlockManager: Created local directory at /tmp/blockmgr-4bec2792-ceae-4b2d-9eef-93397180b683
[2026-04-12T09:21:16.270+0000] {subprocess.py:106} INFO - 26/04/12 09:21:16 INFO SparkEnv: Registering OutputCommitCoordinator
[2026-04-12T09:21:16.519+0000] {subprocess.py:106} INFO - 26/04/12 09:21:16 INFO JettyUtils: Start Jetty 0.0.0.0:4040 for SparkUI
[2026-04-12T09:21:16.699+0000] {subprocess.py:106} INFO - 26/04/12 09:21:16 INFO Utils: Successfully started service 'SparkUI' on port 4040.
[2026-04-12T09:21:16.775+0000] {subprocess.py:106} INFO - 26/04/12 09:21:16 INFO SparkContext: Added JAR file:///home/spark/.ivy2.5.2/jars/org.apache.spark_spark-sql-kafka-0-10_2.13-4.0.0.jar at spark://spark-master:44635/jars/org.apache.spark_spark-sql-kafka-0-10_2.13-4.0.0.jar with timestamp 1775985675010
[2026-04-12T09:21:16.779+0000] {subprocess.py:106} INFO - 26/04/12 09:21:16 INFO SparkContext: Added JAR file:///home/spark/.ivy2.5.2/jars/org.apache.iceberg_iceberg-spark-runtime-4.0_2.13-1.10.1.jar at spark://spark-master:44635/jars/org.apache.iceberg_iceberg-spark-runtime-4.0_2.13-1.10.1.jar with timestamp 1775985675010
[2026-04-12T09:21:16.780+0000] {subprocess.py:106} INFO - 26/04/12 09:21:16 INFO SparkContext: Added JAR file:///home/spark/.ivy2.5.2/jars/org.apache.spark_spark-token-provider-kafka-0-10_2.13-4.0.0.jar at spark://spark-master:44635/jars/org.apache.spark_spark-token-provider-kafka-0-10_2.13-4.0.0.jar with timestamp 1775985675010
[2026-04-12T09:21:16.780+0000] {subprocess.py:106} INFO - 26/04/12 09:21:16 INFO SparkContext: Added JAR file:///home/spark/.ivy2.5.2/jars/org.scala-lang.modules_scala-parallel-collections_2.13-1.2.0.jar at spark://spark-master:44635/jars/org.scala-lang.modules_scala-parallel-collections_2.13-1.2.0.jar with timestamp 1775985675010
[2026-04-12T09:21:16.781+0000] {subprocess.py:106} INFO - 26/04/12 09:21:16 INFO SparkContext: Added JAR file:///home/spark/.ivy2.5.2/jars/org.apache.kafka_kafka-clients-3.9.0.jar at spark://spark-master:44635/jars/org.apache.kafka_kafka-clients-3.9.0.jar with timestamp 1775985675010
[2026-04-12T09:21:16.782+0000] {subprocess.py:106} INFO - 26/04/12 09:21:16 INFO SparkContext: Added JAR file:///home/spark/.ivy2.5.2/jars/com.google.code.findbugs_jsr305-3.0.0.jar at spark://spark-master:44635/jars/com.google.code.findbugs_jsr305-3.0.0.jar with timestamp 1775985675010
[2026-04-12T09:21:16.782+0000] {subprocess.py:106} INFO - 26/04/12 09:21:16 INFO SparkContext: Added JAR file:///home/spark/.ivy2.5.2/jars/org.apache.commons_commons-pool2-2.12.0.jar at spark://spark-master:44635/jars/org.apache.commons_commons-pool2-2.12.0.jar with timestamp 1775985675010
[2026-04-12T09:21:16.783+0000] {subprocess.py:106} INFO - 26/04/12 09:21:16 INFO SparkContext: Added JAR file:///home/spark/.ivy2.5.2/jars/org.apache.hadoop_hadoop-client-runtime-3.4.1.jar at spark://spark-master:44635/jars/org.apache.hadoop_hadoop-client-runtime-3.4.1.jar with timestamp 1775985675010
[2026-04-12T09:21:16.783+0000] {subprocess.py:106} INFO - 26/04/12 09:21:16 INFO SparkContext: Added JAR file:///home/spark/.ivy2.5.2/jars/org.lz4_lz4-java-1.8.0.jar at spark://spark-master:44635/jars/org.lz4_lz4-java-1.8.0.jar with timestamp 1775985675010
[2026-04-12T09:21:16.784+0000] {subprocess.py:106} INFO - 26/04/12 09:21:16 INFO SparkContext: Added JAR file:///home/spark/.ivy2.5.2/jars/org.xerial.snappy_snappy-java-1.1.10.7.jar at spark://spark-master:44635/jars/org.xerial.snappy_snappy-java-1.1.10.7.jar with timestamp 1775985675010
[2026-04-12T09:21:16.784+0000] {subprocess.py:106} INFO - 26/04/12 09:21:16 INFO SparkContext: Added JAR file:///home/spark/.ivy2.5.2/jars/org.slf4j_slf4j-api-2.0.16.jar at spark://spark-master:44635/jars/org.slf4j_slf4j-api-2.0.16.jar with timestamp 1775985675010
[2026-04-12T09:21:16.785+0000] {subprocess.py:106} INFO - 26/04/12 09:21:16 INFO SparkContext: Added JAR file:///home/spark/.ivy2.5.2/jars/org.apache.hadoop_hadoop-client-api-3.4.1.jar at spark://spark-master:44635/jars/org.apache.hadoop_hadoop-client-api-3.4.1.jar with timestamp 1775985675010
[2026-04-12T09:21:16.790+0000] {subprocess.py:106} INFO - 26/04/12 09:21:16 INFO SparkContext: Added file file:///home/spark/.ivy2.5.2/jars/org.apache.spark_spark-sql-kafka-0-10_2.13-4.0.0.jar at file:///home/spark/.ivy2.5.2/jars/org.apache.spark_spark-sql-kafka-0-10_2.13-4.0.0.jar with timestamp 1775985675010
[2026-04-12T09:21:16.796+0000] {subprocess.py:106} INFO - 26/04/12 09:21:16 INFO Utils: Copying /home/spark/.ivy2.5.2/jars/org.apache.spark_spark-sql-kafka-0-10_2.13-4.0.0.jar to /tmp/spark-9b1ff9d1-4d53-483c-9e78-446e63a3deda/userFiles-249b80ca-dcd6-49b4-979b-b568643224fe/org.apache.spark_spark-sql-kafka-0-10_2.13-4.0.0.jar
[2026-04-12T09:21:16.826+0000] {subprocess.py:106} INFO - 26/04/12 09:21:16 INFO SparkContext: Added file file:///home/spark/.ivy2.5.2/jars/org.apache.iceberg_iceberg-spark-runtime-4.0_2.13-1.10.1.jar at file:///home/spark/.ivy2.5.2/jars/org.apache.iceberg_iceberg-spark-runtime-4.0_2.13-1.10.1.jar with timestamp 1775985675010
[2026-04-12T09:21:16.827+0000] {subprocess.py:106} INFO - 26/04/12 09:21:16 INFO Utils: Copying /home/spark/.ivy2.5.2/jars/org.apache.iceberg_iceberg-spark-runtime-4.0_2.13-1.10.1.jar to /tmp/spark-9b1ff9d1-4d53-483c-9e78-446e63a3deda/userFiles-249b80ca-dcd6-49b4-979b-b568643224fe/org.apache.iceberg_iceberg-spark-runtime-4.0_2.13-1.10.1.jar
[2026-04-12T09:21:16.949+0000] {subprocess.py:106} INFO - 26/04/12 09:21:16 INFO SparkContext: Added file file:///home/spark/.ivy2.5.2/jars/org.apache.spark_spark-token-provider-kafka-0-10_2.13-4.0.0.jar at file:///home/spark/.ivy2.5.2/jars/org.apache.spark_spark-token-provider-kafka-0-10_2.13-4.0.0.jar with timestamp 1775985675010
[2026-04-12T09:21:16.950+0000] {subprocess.py:106} INFO - 26/04/12 09:21:16 INFO Utils: Copying /home/spark/.ivy2.5.2/jars/org.apache.spark_spark-token-provider-kafka-0-10_2.13-4.0.0.jar to /tmp/spark-9b1ff9d1-4d53-483c-9e78-446e63a3deda/userFiles-249b80ca-dcd6-49b4-979b-b568643224fe/org.apache.spark_spark-token-provider-kafka-0-10_2.13-4.0.0.jar
[2026-04-12T09:21:16.966+0000] {subprocess.py:106} INFO - 26/04/12 09:21:16 INFO SparkContext: Added file file:///home/spark/.ivy2.5.2/jars/org.scala-lang.modules_scala-parallel-collections_2.13-1.2.0.jar at file:///home/spark/.ivy2.5.2/jars/org.scala-lang.modules_scala-parallel-collections_2.13-1.2.0.jar with timestamp 1775985675010
[2026-04-12T09:21:16.972+0000] {subprocess.py:106} INFO - 26/04/12 09:21:16 INFO Utils: Copying /home/spark/.ivy2.5.2/jars/org.scala-lang.modules_scala-parallel-collections_2.13-1.2.0.jar to /tmp/spark-9b1ff9d1-4d53-483c-9e78-446e63a3deda/userFiles-249b80ca-dcd6-49b4-979b-b568643224fe/org.scala-lang.modules_scala-parallel-collections_2.13-1.2.0.jar
[2026-04-12T09:21:16.997+0000] {subprocess.py:106} INFO - 26/04/12 09:21:16 INFO SparkContext: Added file file:///home/spark/.ivy2.5.2/jars/org.apache.kafka_kafka-clients-3.9.0.jar at file:///home/spark/.ivy2.5.2/jars/org.apache.kafka_kafka-clients-3.9.0.jar with timestamp 1775985675010
[2026-04-12T09:21:16.997+0000] {subprocess.py:106} INFO - 26/04/12 09:21:16 INFO Utils: Copying /home/spark/.ivy2.5.2/jars/org.apache.kafka_kafka-clients-3.9.0.jar to /tmp/spark-9b1ff9d1-4d53-483c-9e78-446e63a3deda/userFiles-249b80ca-dcd6-49b4-979b-b568643224fe/org.apache.kafka_kafka-clients-3.9.0.jar
[2026-04-12T09:21:17.063+0000] {subprocess.py:106} INFO - 26/04/12 09:21:17 INFO SparkContext: Added file file:///home/spark/.ivy2.5.2/jars/com.google.code.findbugs_jsr305-3.0.0.jar at file:///home/spark/.ivy2.5.2/jars/com.google.code.findbugs_jsr305-3.0.0.jar with timestamp 1775985675010
[2026-04-12T09:21:17.063+0000] {subprocess.py:106} INFO - 26/04/12 09:21:17 INFO Utils: Copying /home/spark/.ivy2.5.2/jars/com.google.code.findbugs_jsr305-3.0.0.jar to /tmp/spark-9b1ff9d1-4d53-483c-9e78-446e63a3deda/userFiles-249b80ca-dcd6-49b4-979b-b568643224fe/com.google.code.findbugs_jsr305-3.0.0.jar
[2026-04-12T09:21:17.073+0000] {subprocess.py:106} INFO - 26/04/12 09:21:17 INFO SparkContext: Added file file:///home/spark/.ivy2.5.2/jars/org.apache.commons_commons-pool2-2.12.0.jar at file:///home/spark/.ivy2.5.2/jars/org.apache.commons_commons-pool2-2.12.0.jar with timestamp 1775985675010
[2026-04-12T09:21:17.074+0000] {subprocess.py:106} INFO - 26/04/12 09:21:17 INFO Utils: Copying /home/spark/.ivy2.5.2/jars/org.apache.commons_commons-pool2-2.12.0.jar to /tmp/spark-9b1ff9d1-4d53-483c-9e78-446e63a3deda/userFiles-249b80ca-dcd6-49b4-979b-b568643224fe/org.apache.commons_commons-pool2-2.12.0.jar
[2026-04-12T09:21:17.090+0000] {subprocess.py:106} INFO - 26/04/12 09:21:17 INFO SparkContext: Added file file:///home/spark/.ivy2.5.2/jars/org.apache.hadoop_hadoop-client-runtime-3.4.1.jar at file:///home/spark/.ivy2.5.2/jars/org.apache.hadoop_hadoop-client-runtime-3.4.1.jar with timestamp 1775985675010
[2026-04-12T09:21:17.090+0000] {subprocess.py:106} INFO - 26/04/12 09:21:17 INFO Utils: Copying /home/spark/.ivy2.5.2/jars/org.apache.hadoop_hadoop-client-runtime-3.4.1.jar to /tmp/spark-9b1ff9d1-4d53-483c-9e78-446e63a3deda/userFiles-249b80ca-dcd6-49b4-979b-b568643224fe/org.apache.hadoop_hadoop-client-runtime-3.4.1.jar
[2026-04-12T09:21:17.334+0000] {subprocess.py:106} INFO - 26/04/12 09:21:17 INFO SparkContext: Added file file:///home/spark/.ivy2.5.2/jars/org.lz4_lz4-java-1.8.0.jar at file:///home/spark/.ivy2.5.2/jars/org.lz4_lz4-java-1.8.0.jar with timestamp 1775985675010
[2026-04-12T09:21:17.334+0000] {subprocess.py:106} INFO - 26/04/12 09:21:17 INFO Utils: Copying /home/spark/.ivy2.5.2/jars/org.lz4_lz4-java-1.8.0.jar to /tmp/spark-9b1ff9d1-4d53-483c-9e78-446e63a3deda/userFiles-249b80ca-dcd6-49b4-979b-b568643224fe/org.lz4_lz4-java-1.8.0.jar
[2026-04-12T09:21:17.349+0000] {subprocess.py:106} INFO - 26/04/12 09:21:17 INFO SparkContext: Added file file:///home/spark/.ivy2.5.2/jars/org.xerial.snappy_snappy-java-1.1.10.7.jar at file:///home/spark/.ivy2.5.2/jars/org.xerial.snappy_snappy-java-1.1.10.7.jar with timestamp 1775985675010
[2026-04-12T09:21:17.351+0000] {subprocess.py:106} INFO - 26/04/12 09:21:17 INFO Utils: Copying /home/spark/.ivy2.5.2/jars/org.xerial.snappy_snappy-java-1.1.10.7.jar to /tmp/spark-9b1ff9d1-4d53-483c-9e78-446e63a3deda/userFiles-249b80ca-dcd6-49b4-979b-b568643224fe/org.xerial.snappy_snappy-java-1.1.10.7.jar
[2026-04-12T09:21:17.374+0000] {subprocess.py:106} INFO - 26/04/12 09:21:17 INFO SparkContext: Added file file:///home/spark/.ivy2.5.2/jars/org.slf4j_slf4j-api-2.0.16.jar at file:///home/spark/.ivy2.5.2/jars/org.slf4j_slf4j-api-2.0.16.jar with timestamp 1775985675010
[2026-04-12T09:21:17.374+0000] {subprocess.py:106} INFO - 26/04/12 09:21:17 INFO Utils: Copying /home/spark/.ivy2.5.2/jars/org.slf4j_slf4j-api-2.0.16.jar to /tmp/spark-9b1ff9d1-4d53-483c-9e78-446e63a3deda/userFiles-249b80ca-dcd6-49b4-979b-b568643224fe/org.slf4j_slf4j-api-2.0.16.jar
[2026-04-12T09:21:17.383+0000] {subprocess.py:106} INFO - 26/04/12 09:21:17 INFO SparkContext: Added file file:///home/spark/.ivy2.5.2/jars/org.apache.hadoop_hadoop-client-api-3.4.1.jar at file:///home/spark/.ivy2.5.2/jars/org.apache.hadoop_hadoop-client-api-3.4.1.jar with timestamp 1775985675010
[2026-04-12T09:21:17.384+0000] {subprocess.py:106} INFO - 26/04/12 09:21:17 INFO Utils: Copying /home/spark/.ivy2.5.2/jars/org.apache.hadoop_hadoop-client-api-3.4.1.jar to /tmp/spark-9b1ff9d1-4d53-483c-9e78-446e63a3deda/userFiles-249b80ca-dcd6-49b4-979b-b568643224fe/org.apache.hadoop_hadoop-client-api-3.4.1.jar
[2026-04-12T09:21:17.592+0000] {subprocess.py:106} INFO - 26/04/12 09:21:17 INFO SecurityManager: Changing view acls to: spark
[2026-04-12T09:21:17.593+0000] {subprocess.py:106} INFO - 26/04/12 09:21:17 INFO SecurityManager: Changing modify acls to: spark
[2026-04-12T09:21:17.593+0000] {subprocess.py:106} INFO - 26/04/12 09:21:17 INFO SecurityManager: Changing view acls groups to: spark
[2026-04-12T09:21:17.594+0000] {subprocess.py:106} INFO - 26/04/12 09:21:17 INFO SecurityManager: Changing modify acls groups to: spark
[2026-04-12T09:21:17.594+0000] {subprocess.py:106} INFO - 26/04/12 09:21:17 INFO SecurityManager: SecurityManager: authentication disabled; ui acls disabled; users with view permissions: spark groups with view permissions: EMPTY; users with modify permissions: spark; groups with modify permissions: EMPTY; RPC SSL disabled
[2026-04-12T09:21:17.978+0000] {subprocess.py:106} INFO - 26/04/12 09:21:17 INFO Executor: Starting executor ID driver on host spark-master
[2026-04-12T09:21:17.979+0000] {subprocess.py:106} INFO - 26/04/12 09:21:17 INFO Executor: OS info Linux, 6.6.87.2-microsoft-standard-WSL2, amd64
[2026-04-12T09:21:17.982+0000] {subprocess.py:106} INFO - 26/04/12 09:21:17 INFO Executor: Java version 21.0.10
[2026-04-12T09:21:18.012+0000] {subprocess.py:106} INFO - 26/04/12 09:21:18 INFO Executor: Starting executor with user classpath (userClassPathFirst = false): ''
[2026-04-12T09:21:18.016+0000] {subprocess.py:106} INFO - 26/04/12 09:21:18 INFO Executor: Created or updated repl class loader org.apache.spark.util.MutableURLClassLoader@311c5161 for default.
[2026-04-12T09:21:18.033+0000] {subprocess.py:106} INFO - 26/04/12 09:21:18 INFO Executor: Fetching file:///home/spark/.ivy2.5.2/jars/org.lz4_lz4-java-1.8.0.jar with timestamp 1775985675010
[2026-04-12T09:21:18.083+0000] {subprocess.py:106} INFO - 26/04/12 09:21:18 INFO Utils: /home/spark/.ivy2.5.2/jars/org.lz4_lz4-java-1.8.0.jar has been previously copied to /tmp/spark-9b1ff9d1-4d53-483c-9e78-446e63a3deda/userFiles-249b80ca-dcd6-49b4-979b-b568643224fe/org.lz4_lz4-java-1.8.0.jar
[2026-04-12T09:21:18.099+0000] {subprocess.py:106} INFO - 26/04/12 09:21:18 INFO Executor: Fetching file:///home/spark/.ivy2.5.2/jars/org.scala-lang.modules_scala-parallel-collections_2.13-1.2.0.jar with timestamp 1775985675010
[2026-04-12T09:21:18.100+0000] {subprocess.py:106} INFO - 26/04/12 09:21:18 INFO Utils: /home/spark/.ivy2.5.2/jars/org.scala-lang.modules_scala-parallel-collections_2.13-1.2.0.jar has been previously copied to /tmp/spark-9b1ff9d1-4d53-483c-9e78-446e63a3deda/userFiles-249b80ca-dcd6-49b4-979b-b568643224fe/org.scala-lang.modules_scala-parallel-collections_2.13-1.2.0.jar
[2026-04-12T09:21:18.108+0000] {subprocess.py:106} INFO - 26/04/12 09:21:18 INFO Executor: Fetching file:///home/spark/.ivy2.5.2/jars/org.apache.kafka_kafka-clients-3.9.0.jar with timestamp 1775985675010
[2026-04-12T09:21:18.119+0000] {subprocess.py:106} INFO - 26/04/12 09:21:18 INFO Utils: /home/spark/.ivy2.5.2/jars/org.apache.kafka_kafka-clients-3.9.0.jar has been previously copied to /tmp/spark-9b1ff9d1-4d53-483c-9e78-446e63a3deda/userFiles-249b80ca-dcd6-49b4-979b-b568643224fe/org.apache.kafka_kafka-clients-3.9.0.jar
[2026-04-12T09:21:18.128+0000] {subprocess.py:106} INFO - 26/04/12 09:21:18 INFO Executor: Fetching file:///home/spark/.ivy2.5.2/jars/org.apache.spark_spark-sql-kafka-0-10_2.13-4.0.0.jar with timestamp 1775985675010
[2026-04-12T09:21:18.129+0000] {subprocess.py:106} INFO - 26/04/12 09:21:18 INFO Utils: /home/spark/.ivy2.5.2/jars/org.apache.spark_spark-sql-kafka-0-10_2.13-4.0.0.jar has been previously copied to /tmp/spark-9b1ff9d1-4d53-483c-9e78-446e63a3deda/userFiles-249b80ca-dcd6-49b4-979b-b568643224fe/org.apache.spark_spark-sql-kafka-0-10_2.13-4.0.0.jar
[2026-04-12T09:21:18.139+0000] {subprocess.py:106} INFO - 26/04/12 09:21:18 INFO Executor: Fetching file:///home/spark/.ivy2.5.2/jars/org.apache.hadoop_hadoop-client-api-3.4.1.jar with timestamp 1775985675010
[2026-04-12T09:21:18.162+0000] {subprocess.py:106} INFO - 26/04/12 09:21:18 INFO Utils: /home/spark/.ivy2.5.2/jars/org.apache.hadoop_hadoop-client-api-3.4.1.jar has been previously copied to /tmp/spark-9b1ff9d1-4d53-483c-9e78-446e63a3deda/userFiles-249b80ca-dcd6-49b4-979b-b568643224fe/org.apache.hadoop_hadoop-client-api-3.4.1.jar
[2026-04-12T09:21:18.170+0000] {subprocess.py:106} INFO - 26/04/12 09:21:18 INFO Executor: Fetching file:///home/spark/.ivy2.5.2/jars/org.apache.commons_commons-pool2-2.12.0.jar with timestamp 1775985675010
[2026-04-12T09:21:18.171+0000] {subprocess.py:106} INFO - 26/04/12 09:21:18 INFO Utils: /home/spark/.ivy2.5.2/jars/org.apache.commons_commons-pool2-2.12.0.jar has been previously copied to /tmp/spark-9b1ff9d1-4d53-483c-9e78-446e63a3deda/userFiles-249b80ca-dcd6-49b4-979b-b568643224fe/org.apache.commons_commons-pool2-2.12.0.jar
[2026-04-12T09:21:18.178+0000] {subprocess.py:106} INFO - 26/04/12 09:21:18 INFO Executor: Fetching file:///home/spark/.ivy2.5.2/jars/org.slf4j_slf4j-api-2.0.16.jar with timestamp 1775985675010
[2026-04-12T09:21:18.178+0000] {subprocess.py:106} INFO - 26/04/12 09:21:18 INFO Utils: /home/spark/.ivy2.5.2/jars/org.slf4j_slf4j-api-2.0.16.jar has been previously copied to /tmp/spark-9b1ff9d1-4d53-483c-9e78-446e63a3deda/userFiles-249b80ca-dcd6-49b4-979b-b568643224fe/org.slf4j_slf4j-api-2.0.16.jar
[2026-04-12T09:21:18.186+0000] {subprocess.py:106} INFO - 26/04/12 09:21:18 INFO Executor: Fetching file:///home/spark/.ivy2.5.2/jars/org.apache.iceberg_iceberg-spark-runtime-4.0_2.13-1.10.1.jar with timestamp 1775985675010
[2026-04-12T09:21:18.227+0000] {subprocess.py:106} INFO - 26/04/12 09:21:18 INFO Utils: /home/spark/.ivy2.5.2/jars/org.apache.iceberg_iceberg-spark-runtime-4.0_2.13-1.10.1.jar has been previously copied to /tmp/spark-9b1ff9d1-4d53-483c-9e78-446e63a3deda/userFiles-249b80ca-dcd6-49b4-979b-b568643224fe/org.apache.iceberg_iceberg-spark-runtime-4.0_2.13-1.10.1.jar
[2026-04-12T09:21:18.233+0000] {subprocess.py:106} INFO - 26/04/12 09:21:18 INFO Executor: Fetching file:///home/spark/.ivy2.5.2/jars/org.apache.hadoop_hadoop-client-runtime-3.4.1.jar with timestamp 1775985675010
[2026-04-12T09:21:18.264+0000] {subprocess.py:106} INFO - 26/04/12 09:21:18 INFO Utils: /home/spark/.ivy2.5.2/jars/org.apache.hadoop_hadoop-client-runtime-3.4.1.jar has been previously copied to /tmp/spark-9b1ff9d1-4d53-483c-9e78-446e63a3deda/userFiles-249b80ca-dcd6-49b4-979b-b568643224fe/org.apache.hadoop_hadoop-client-runtime-3.4.1.jar
[2026-04-12T09:21:18.270+0000] {subprocess.py:106} INFO - 26/04/12 09:21:18 INFO Executor: Fetching file:///home/spark/.ivy2.5.2/jars/org.apache.spark_spark-token-provider-kafka-0-10_2.13-4.0.0.jar with timestamp 1775985675010
[2026-04-12T09:21:18.271+0000] {subprocess.py:106} INFO - 26/04/12 09:21:18 INFO Utils: /home/spark/.ivy2.5.2/jars/org.apache.spark_spark-token-provider-kafka-0-10_2.13-4.0.0.jar has been previously copied to /tmp/spark-9b1ff9d1-4d53-483c-9e78-446e63a3deda/userFiles-249b80ca-dcd6-49b4-979b-b568643224fe/org.apache.spark_spark-token-provider-kafka-0-10_2.13-4.0.0.jar
[2026-04-12T09:21:18.276+0000] {subprocess.py:106} INFO - 26/04/12 09:21:18 INFO Executor: Fetching file:///home/spark/.ivy2.5.2/jars/com.google.code.findbugs_jsr305-3.0.0.jar with timestamp 1775985675010
[2026-04-12T09:21:18.277+0000] {subprocess.py:106} INFO - 26/04/12 09:21:18 INFO Utils: /home/spark/.ivy2.5.2/jars/com.google.code.findbugs_jsr305-3.0.0.jar has been previously copied to /tmp/spark-9b1ff9d1-4d53-483c-9e78-446e63a3deda/userFiles-249b80ca-dcd6-49b4-979b-b568643224fe/com.google.code.findbugs_jsr305-3.0.0.jar
[2026-04-12T09:21:18.287+0000] {subprocess.py:106} INFO - 26/04/12 09:21:18 INFO Executor: Fetching file:///home/spark/.ivy2.5.2/jars/org.xerial.snappy_snappy-java-1.1.10.7.jar with timestamp 1775985675010
[2026-04-12T09:21:18.289+0000] {subprocess.py:106} INFO - 26/04/12 09:21:18 INFO Utils: /home/spark/.ivy2.5.2/jars/org.xerial.snappy_snappy-java-1.1.10.7.jar has been previously copied to /tmp/spark-9b1ff9d1-4d53-483c-9e78-446e63a3deda/userFiles-249b80ca-dcd6-49b4-979b-b568643224fe/org.xerial.snappy_snappy-java-1.1.10.7.jar
[2026-04-12T09:21:18.299+0000] {subprocess.py:106} INFO - 26/04/12 09:21:18 INFO Executor: Fetching spark://spark-master:44635/jars/org.scala-lang.modules_scala-parallel-collections_2.13-1.2.0.jar with timestamp 1775985675010
[2026-04-12T09:21:18.390+0000] {subprocess.py:106} INFO - 26/04/12 09:21:18 INFO TransportClientFactory: Successfully created connection to spark-master/172.20.0.5:44635 after 50 ms (0 ms spent in bootstraps)
[2026-04-12T09:21:18.408+0000] {subprocess.py:106} INFO - 26/04/12 09:21:18 INFO Utils: Fetching spark://spark-master:44635/jars/org.scala-lang.modules_scala-parallel-collections_2.13-1.2.0.jar to /tmp/spark-9b1ff9d1-4d53-483c-9e78-446e63a3deda/userFiles-249b80ca-dcd6-49b4-979b-b568643224fe/fetchFileTemp5401907838561773706.tmp
[2026-04-12T09:21:18.451+0000] {subprocess.py:106} INFO - 26/04/12 09:21:18 INFO Utils: /tmp/spark-9b1ff9d1-4d53-483c-9e78-446e63a3deda/userFiles-249b80ca-dcd6-49b4-979b-b568643224fe/fetchFileTemp5401907838561773706.tmp has been previously copied to /tmp/spark-9b1ff9d1-4d53-483c-9e78-446e63a3deda/userFiles-249b80ca-dcd6-49b4-979b-b568643224fe/org.scala-lang.modules_scala-parallel-collections_2.13-1.2.0.jar
[2026-04-12T09:21:18.465+0000] {subprocess.py:106} INFO - 26/04/12 09:21:18 INFO Executor: Adding file:/tmp/spark-9b1ff9d1-4d53-483c-9e78-446e63a3deda/userFiles-249b80ca-dcd6-49b4-979b-b568643224fe/org.scala-lang.modules_scala-parallel-collections_2.13-1.2.0.jar to class loader default
[2026-04-12T09:21:18.467+0000] {subprocess.py:106} INFO - 26/04/12 09:21:18 INFO Executor: Fetching spark://spark-master:44635/jars/org.apache.hadoop_hadoop-client-runtime-3.4.1.jar with timestamp 1775985675010
[2026-04-12T09:21:18.468+0000] {subprocess.py:106} INFO - 26/04/12 09:21:18 INFO Utils: Fetching spark://spark-master:44635/jars/org.apache.hadoop_hadoop-client-runtime-3.4.1.jar to /tmp/spark-9b1ff9d1-4d53-483c-9e78-446e63a3deda/userFiles-249b80ca-dcd6-49b4-979b-b568643224fe/fetchFileTemp13405897627892840923.tmp
[2026-04-12T09:21:18.695+0000] {subprocess.py:106} INFO - 26/04/12 09:21:18 INFO Utils: /tmp/spark-9b1ff9d1-4d53-483c-9e78-446e63a3deda/userFiles-249b80ca-dcd6-49b4-979b-b568643224fe/fetchFileTemp13405897627892840923.tmp has been previously copied to /tmp/spark-9b1ff9d1-4d53-483c-9e78-446e63a3deda/userFiles-249b80ca-dcd6-49b4-979b-b568643224fe/org.apache.hadoop_hadoop-client-runtime-3.4.1.jar
[2026-04-12T09:21:18.910+0000] {subprocess.py:106} INFO - 26/04/12 09:21:18 INFO Executor: Adding file:/tmp/spark-9b1ff9d1-4d53-483c-9e78-446e63a3deda/userFiles-249b80ca-dcd6-49b4-979b-b568643224fe/org.apache.hadoop_hadoop-client-runtime-3.4.1.jar to class loader default
[2026-04-12T09:21:18.911+0000] {subprocess.py:106} INFO - 26/04/12 09:21:18 INFO Executor: Fetching spark://spark-master:44635/jars/org.slf4j_slf4j-api-2.0.16.jar with timestamp 1775985675010
[2026-04-12T09:21:18.912+0000] {subprocess.py:106} INFO - 26/04/12 09:21:18 INFO Utils: Fetching spark://spark-master:44635/jars/org.slf4j_slf4j-api-2.0.16.jar to /tmp/spark-9b1ff9d1-4d53-483c-9e78-446e63a3deda/userFiles-249b80ca-dcd6-49b4-979b-b568643224fe/fetchFileTemp14078550563458759413.tmp
[2026-04-12T09:21:18.915+0000] {subprocess.py:106} INFO - 26/04/12 09:21:18 INFO Utils: /tmp/spark-9b1ff9d1-4d53-483c-9e78-446e63a3deda/userFiles-249b80ca-dcd6-49b4-979b-b568643224fe/fetchFileTemp14078550563458759413.tmp has been previously copied to /tmp/spark-9b1ff9d1-4d53-483c-9e78-446e63a3deda/userFiles-249b80ca-dcd6-49b4-979b-b568643224fe/org.slf4j_slf4j-api-2.0.16.jar
[2026-04-12T09:21:18.924+0000] {subprocess.py:106} INFO - 26/04/12 09:21:18 INFO Executor: Adding file:/tmp/spark-9b1ff9d1-4d53-483c-9e78-446e63a3deda/userFiles-249b80ca-dcd6-49b4-979b-b568643224fe/org.slf4j_slf4j-api-2.0.16.jar to class loader default
[2026-04-12T09:21:18.925+0000] {subprocess.py:106} INFO - 26/04/12 09:21:18 INFO Executor: Fetching spark://spark-master:44635/jars/org.lz4_lz4-java-1.8.0.jar with timestamp 1775985675010
[2026-04-12T09:21:18.927+0000] {subprocess.py:106} INFO - 26/04/12 09:21:18 INFO Utils: Fetching spark://spark-master:44635/jars/org.lz4_lz4-java-1.8.0.jar to /tmp/spark-9b1ff9d1-4d53-483c-9e78-446e63a3deda/userFiles-249b80ca-dcd6-49b4-979b-b568643224fe/fetchFileTemp11720536207680363920.tmp
[2026-04-12T09:21:18.941+0000] {subprocess.py:106} INFO - 26/04/12 09:21:18 INFO Utils: /tmp/spark-9b1ff9d1-4d53-483c-9e78-446e63a3deda/userFiles-249b80ca-dcd6-49b4-979b-b568643224fe/fetchFileTemp11720536207680363920.tmp has been previously copied to /tmp/spark-9b1ff9d1-4d53-483c-9e78-446e63a3deda/userFiles-249b80ca-dcd6-49b4-979b-b568643224fe/org.lz4_lz4-java-1.8.0.jar
[2026-04-12T09:21:18.949+0000] {subprocess.py:106} INFO - 26/04/12 09:21:18 INFO Executor: Adding file:/tmp/spark-9b1ff9d1-4d53-483c-9e78-446e63a3deda/userFiles-249b80ca-dcd6-49b4-979b-b568643224fe/org.lz4_lz4-java-1.8.0.jar to class loader default
[2026-04-12T09:21:18.950+0000] {subprocess.py:106} INFO - 26/04/12 09:21:18 INFO Executor: Fetching spark://spark-master:44635/jars/org.xerial.snappy_snappy-java-1.1.10.7.jar with timestamp 1775985675010
[2026-04-12T09:21:18.950+0000] {subprocess.py:106} INFO - 26/04/12 09:21:18 INFO Utils: Fetching spark://spark-master:44635/jars/org.xerial.snappy_snappy-java-1.1.10.7.jar to /tmp/spark-9b1ff9d1-4d53-483c-9e78-446e63a3deda/userFiles-249b80ca-dcd6-49b4-979b-b568643224fe/fetchFileTemp12916759360605220677.tmp
[2026-04-12T09:21:18.968+0000] {subprocess.py:106} INFO - 26/04/12 09:21:18 INFO Utils: /tmp/spark-9b1ff9d1-4d53-483c-9e78-446e63a3deda/userFiles-249b80ca-dcd6-49b4-979b-b568643224fe/fetchFileTemp12916759360605220677.tmp has been previously copied to /tmp/spark-9b1ff9d1-4d53-483c-9e78-446e63a3deda/userFiles-249b80ca-dcd6-49b4-979b-b568643224fe/org.xerial.snappy_snappy-java-1.1.10.7.jar
[2026-04-12T09:21:18.985+0000] {subprocess.py:106} INFO - 26/04/12 09:21:18 INFO Executor: Adding file:/tmp/spark-9b1ff9d1-4d53-483c-9e78-446e63a3deda/userFiles-249b80ca-dcd6-49b4-979b-b568643224fe/org.xerial.snappy_snappy-java-1.1.10.7.jar to class loader default
[2026-04-12T09:21:18.985+0000] {subprocess.py:106} INFO - 26/04/12 09:21:18 INFO Executor: Fetching spark://spark-master:44635/jars/org.apache.iceberg_iceberg-spark-runtime-4.0_2.13-1.10.1.jar with timestamp 1775985675010
[2026-04-12T09:21:18.986+0000] {subprocess.py:106} INFO - 26/04/12 09:21:18 INFO Utils: Fetching spark://spark-master:44635/jars/org.apache.iceberg_iceberg-spark-runtime-4.0_2.13-1.10.1.jar to /tmp/spark-9b1ff9d1-4d53-483c-9e78-446e63a3deda/userFiles-249b80ca-dcd6-49b4-979b-b568643224fe/fetchFileTemp8997067490764668013.tmp
[2026-04-12T09:21:19.288+0000] {subprocess.py:106} INFO - 26/04/12 09:21:19 INFO Utils: /tmp/spark-9b1ff9d1-4d53-483c-9e78-446e63a3deda/userFiles-249b80ca-dcd6-49b4-979b-b568643224fe/fetchFileTemp8997067490764668013.tmp has been previously copied to /tmp/spark-9b1ff9d1-4d53-483c-9e78-446e63a3deda/userFiles-249b80ca-dcd6-49b4-979b-b568643224fe/org.apache.iceberg_iceberg-spark-runtime-4.0_2.13-1.10.1.jar
[2026-04-12T09:21:19.501+0000] {subprocess.py:106} INFO - 26/04/12 09:21:19 INFO Executor: Adding file:/tmp/spark-9b1ff9d1-4d53-483c-9e78-446e63a3deda/userFiles-249b80ca-dcd6-49b4-979b-b568643224fe/org.apache.iceberg_iceberg-spark-runtime-4.0_2.13-1.10.1.jar to class loader default
[2026-04-12T09:21:19.502+0000] {subprocess.py:106} INFO - 26/04/12 09:21:19 INFO Executor: Fetching spark://spark-master:44635/jars/org.apache.spark_spark-token-provider-kafka-0-10_2.13-4.0.0.jar with timestamp 1775985675010
[2026-04-12T09:21:19.505+0000] {subprocess.py:106} INFO - 26/04/12 09:21:19 INFO Utils: Fetching spark://spark-master:44635/jars/org.apache.spark_spark-token-provider-kafka-0-10_2.13-4.0.0.jar to /tmp/spark-9b1ff9d1-4d53-483c-9e78-446e63a3deda/userFiles-249b80ca-dcd6-49b4-979b-b568643224fe/fetchFileTemp10399060858641097666.tmp
[2026-04-12T09:21:19.508+0000] {subprocess.py:106} INFO - 26/04/12 09:21:19 INFO Utils: /tmp/spark-9b1ff9d1-4d53-483c-9e78-446e63a3deda/userFiles-249b80ca-dcd6-49b4-979b-b568643224fe/fetchFileTemp10399060858641097666.tmp has been previously copied to /tmp/spark-9b1ff9d1-4d53-483c-9e78-446e63a3deda/userFiles-249b80ca-dcd6-49b4-979b-b568643224fe/org.apache.spark_spark-token-provider-kafka-0-10_2.13-4.0.0.jar
[2026-04-12T09:21:19.516+0000] {subprocess.py:106} INFO - 26/04/12 09:21:19 INFO Executor: Adding file:/tmp/spark-9b1ff9d1-4d53-483c-9e78-446e63a3deda/userFiles-249b80ca-dcd6-49b4-979b-b568643224fe/org.apache.spark_spark-token-provider-kafka-0-10_2.13-4.0.0.jar to class loader default
[2026-04-12T09:21:19.516+0000] {subprocess.py:106} INFO - 26/04/12 09:21:19 INFO Executor: Fetching spark://spark-master:44635/jars/org.apache.spark_spark-sql-kafka-0-10_2.13-4.0.0.jar with timestamp 1775985675010
[2026-04-12T09:21:19.517+0000] {subprocess.py:106} INFO - 26/04/12 09:21:19 INFO Utils: Fetching spark://spark-master:44635/jars/org.apache.spark_spark-sql-kafka-0-10_2.13-4.0.0.jar to /tmp/spark-9b1ff9d1-4d53-483c-9e78-446e63a3deda/userFiles-249b80ca-dcd6-49b4-979b-b568643224fe/fetchFileTemp5260309742263553922.tmp
[2026-04-12T09:21:19.524+0000] {subprocess.py:106} INFO - 26/04/12 09:21:19 INFO Utils: /tmp/spark-9b1ff9d1-4d53-483c-9e78-446e63a3deda/userFiles-249b80ca-dcd6-49b4-979b-b568643224fe/fetchFileTemp5260309742263553922.tmp has been previously copied to /tmp/spark-9b1ff9d1-4d53-483c-9e78-446e63a3deda/userFiles-249b80ca-dcd6-49b4-979b-b568643224fe/org.apache.spark_spark-sql-kafka-0-10_2.13-4.0.0.jar
[2026-04-12T09:21:19.534+0000] {subprocess.py:106} INFO - 26/04/12 09:21:19 INFO Executor: Adding file:/tmp/spark-9b1ff9d1-4d53-483c-9e78-446e63a3deda/userFiles-249b80ca-dcd6-49b4-979b-b568643224fe/org.apache.spark_spark-sql-kafka-0-10_2.13-4.0.0.jar to class loader default
[2026-04-12T09:21:19.534+0000] {subprocess.py:106} INFO - 26/04/12 09:21:19 INFO Executor: Fetching spark://spark-master:44635/jars/com.google.code.findbugs_jsr305-3.0.0.jar with timestamp 1775985675010
[2026-04-12T09:21:19.536+0000] {subprocess.py:106} INFO - 26/04/12 09:21:19 INFO Utils: Fetching spark://spark-master:44635/jars/com.google.code.findbugs_jsr305-3.0.0.jar to /tmp/spark-9b1ff9d1-4d53-483c-9e78-446e63a3deda/userFiles-249b80ca-dcd6-49b4-979b-b568643224fe/fetchFileTemp16447623545472769991.tmp
[2026-04-12T09:21:19.540+0000] {subprocess.py:106} INFO - 26/04/12 09:21:19 INFO Utils: /tmp/spark-9b1ff9d1-4d53-483c-9e78-446e63a3deda/userFiles-249b80ca-dcd6-49b4-979b-b568643224fe/fetchFileTemp16447623545472769991.tmp has been previously copied to /tmp/spark-9b1ff9d1-4d53-483c-9e78-446e63a3deda/userFiles-249b80ca-dcd6-49b4-979b-b568643224fe/com.google.code.findbugs_jsr305-3.0.0.jar
[2026-04-12T09:21:19.549+0000] {subprocess.py:106} INFO - 26/04/12 09:21:19 INFO Executor: Adding file:/tmp/spark-9b1ff9d1-4d53-483c-9e78-446e63a3deda/userFiles-249b80ca-dcd6-49b4-979b-b568643224fe/com.google.code.findbugs_jsr305-3.0.0.jar to class loader default
[2026-04-12T09:21:19.550+0000] {subprocess.py:106} INFO - 26/04/12 09:21:19 INFO Executor: Fetching spark://spark-master:44635/jars/org.apache.kafka_kafka-clients-3.9.0.jar with timestamp 1775985675010
[2026-04-12T09:21:19.557+0000] {subprocess.py:106} INFO - 26/04/12 09:21:19 INFO Utils: Fetching spark://spark-master:44635/jars/org.apache.kafka_kafka-clients-3.9.0.jar to /tmp/spark-9b1ff9d1-4d53-483c-9e78-446e63a3deda/userFiles-249b80ca-dcd6-49b4-979b-b568643224fe/fetchFileTemp1073719838991267830.tmp
[2026-04-12T09:21:19.625+0000] {subprocess.py:106} INFO - 26/04/12 09:21:19 INFO Utils: /tmp/spark-9b1ff9d1-4d53-483c-9e78-446e63a3deda/userFiles-249b80ca-dcd6-49b4-979b-b568643224fe/fetchFileTemp1073719838991267830.tmp has been previously copied to /tmp/spark-9b1ff9d1-4d53-483c-9e78-446e63a3deda/userFiles-249b80ca-dcd6-49b4-979b-b568643224fe/org.apache.kafka_kafka-clients-3.9.0.jar
[2026-04-12T09:21:19.671+0000] {subprocess.py:106} INFO - 26/04/12 09:21:19 INFO Executor: Adding file:/tmp/spark-9b1ff9d1-4d53-483c-9e78-446e63a3deda/userFiles-249b80ca-dcd6-49b4-979b-b568643224fe/org.apache.kafka_kafka-clients-3.9.0.jar to class loader default
[2026-04-12T09:21:19.672+0000] {subprocess.py:106} INFO - 26/04/12 09:21:19 INFO Executor: Fetching spark://spark-master:44635/jars/org.apache.commons_commons-pool2-2.12.0.jar with timestamp 1775985675010
[2026-04-12T09:21:19.673+0000] {subprocess.py:106} INFO - 26/04/12 09:21:19 INFO Utils: Fetching spark://spark-master:44635/jars/org.apache.commons_commons-pool2-2.12.0.jar to /tmp/spark-9b1ff9d1-4d53-483c-9e78-446e63a3deda/userFiles-249b80ca-dcd6-49b4-979b-b568643224fe/fetchFileTemp4927590430841022889.tmp
[2026-04-12T09:21:19.675+0000] {subprocess.py:106} INFO - 26/04/12 09:21:19 INFO Utils: /tmp/spark-9b1ff9d1-4d53-483c-9e78-446e63a3deda/userFiles-249b80ca-dcd6-49b4-979b-b568643224fe/fetchFileTemp4927590430841022889.tmp has been previously copied to /tmp/spark-9b1ff9d1-4d53-483c-9e78-446e63a3deda/userFiles-249b80ca-dcd6-49b4-979b-b568643224fe/org.apache.commons_commons-pool2-2.12.0.jar
[2026-04-12T09:21:19.719+0000] {subprocess.py:106} INFO - 26/04/12 09:21:19 INFO Executor: Adding file:/tmp/spark-9b1ff9d1-4d53-483c-9e78-446e63a3deda/userFiles-249b80ca-dcd6-49b4-979b-b568643224fe/org.apache.commons_commons-pool2-2.12.0.jar to class loader default
[2026-04-12T09:21:19.720+0000] {subprocess.py:106} INFO - 26/04/12 09:21:19 INFO Executor: Fetching spark://spark-master:44635/jars/org.apache.hadoop_hadoop-client-api-3.4.1.jar with timestamp 1775985675010
[2026-04-12T09:21:19.721+0000] {subprocess.py:106} INFO - 26/04/12 09:21:19 INFO Utils: Fetching spark://spark-master:44635/jars/org.apache.hadoop_hadoop-client-api-3.4.1.jar to /tmp/spark-9b1ff9d1-4d53-483c-9e78-446e63a3deda/userFiles-249b80ca-dcd6-49b4-979b-b568643224fe/fetchFileTemp14188240585496321239.tmp
[2026-04-12T09:21:19.787+0000] {subprocess.py:106} INFO - 26/04/12 09:21:19 INFO Utils: /tmp/spark-9b1ff9d1-4d53-483c-9e78-446e63a3deda/userFiles-249b80ca-dcd6-49b4-979b-b568643224fe/fetchFileTemp14188240585496321239.tmp has been previously copied to /tmp/spark-9b1ff9d1-4d53-483c-9e78-446e63a3deda/userFiles-249b80ca-dcd6-49b4-979b-b568643224fe/org.apache.hadoop_hadoop-client-api-3.4.1.jar
[2026-04-12T09:21:20.042+0000] {subprocess.py:106} INFO - 26/04/12 09:21:20 INFO Executor: Adding file:/tmp/spark-9b1ff9d1-4d53-483c-9e78-446e63a3deda/userFiles-249b80ca-dcd6-49b4-979b-b568643224fe/org.apache.hadoop_hadoop-client-api-3.4.1.jar to class loader default
[2026-04-12T09:21:20.056+0000] {subprocess.py:106} INFO - 26/04/12 09:21:20 INFO Utils: Successfully started service 'org.apache.spark.network.netty.NettyBlockTransferService' on port 35765.
[2026-04-12T09:21:20.057+0000] {subprocess.py:106} INFO - 26/04/12 09:21:20 INFO NettyBlockTransferService: Server created on spark-master:35765
[2026-04-12T09:21:20.060+0000] {subprocess.py:106} INFO - 26/04/12 09:21:20 INFO BlockManager: Using org.apache.spark.storage.RandomBlockReplicationPolicy for block replication policy
[2026-04-12T09:21:20.081+0000] {subprocess.py:106} INFO - 26/04/12 09:21:20 INFO BlockManagerMaster: Registering BlockManager BlockManagerId(driver, spark-master, 35765, None)
[2026-04-12T09:21:20.089+0000] {subprocess.py:106} INFO - 26/04/12 09:21:20 INFO BlockManagerMasterEndpoint: Registering block manager spark-master:35765 with 1048.8 MiB RAM, BlockManagerId(driver, spark-master, 35765, None)
[2026-04-12T09:21:20.093+0000] {subprocess.py:106} INFO - 26/04/12 09:21:20 INFO BlockManagerMaster: Registered BlockManager BlockManagerId(driver, spark-master, 35765, None)
[2026-04-12T09:21:20.094+0000] {subprocess.py:106} INFO - 26/04/12 09:21:20 INFO BlockManager: Initialized BlockManager: BlockManagerId(driver, spark-master, 35765, None)
[2026-04-12T09:21:24.452+0000] {subprocess.py:106} INFO - Spark + Iceberg ready!
[2026-04-12T09:21:24.488+0000] {subprocess.py:106} INFO - 26/04/12 09:21:24 INFO SharedState: spark.sql.warehouse.dir is not set, but hive.metastore.warehouse.dir is set. Setting spark.sql.warehouse.dir to the value of hive.metastore.warehouse.dir.
[2026-04-12T09:21:25.141+0000] {subprocess.py:106} INFO - 26/04/12 09:21:25 INFO SharedState: Warehouse path is 'hdfs://23133083thuyvan-master:9000/user/hive/warehouse'.
[2026-04-12T09:21:26.467+0000] {subprocess.py:106} INFO - 26/04/12 09:21:26 INFO CatalogUtil: Loading custom FileIO implementation: org.apache.iceberg.hadoop.HadoopFileIO
[2026-04-12T09:21:27.606+0000] {subprocess.py:106} INFO - 26/04/12 09:21:27 INFO HiveConf: Found configuration file file:/home/spark/spark/conf/hive-site.xml
[2026-04-12T09:21:27.828+0000] {subprocess.py:106} INFO - 26/04/12 09:21:27 INFO metastore: Trying to connect to metastore with URI thrift://23133083thuyvan-master:9083
[2026-04-12T09:21:27.857+0000] {subprocess.py:106} INFO - 26/04/12 09:21:27 INFO metastore: Opened a connection to metastore, current connections: 1
[2026-04-12T09:21:27.954+0000] {subprocess.py:106} INFO - 26/04/12 09:21:27 INFO metastore: Connected to metastore.
[2026-04-12T09:21:28.244+0000] {subprocess.py:106} INFO - Iceberg schema 'iceberg.air_quality_db' ready!
[2026-04-12T09:21:28.556+0000] {subprocess.py:106} INFO - 26/04/12 09:21:28 WARN SparkStringUtils: Truncated the string representation of a plan since it was too large. This behavior can be adjusted by setting 'spark.sql.debug.maxToStringFields'.
[2026-04-12T09:21:29.235+0000] {subprocess.py:106} INFO - 26/04/12 09:21:29 INFO BaseMetastoreTableOperations: Refreshing table metadata from new version: hdfs://23133083thuyvan-master:9000/user/hive/lakehouse/air_quality_db.db/air_quality_silver/metadata/00045-74245236-bc0a-4c9c-a0ee-3db0eee8b97c.metadata.json
[2026-04-12T09:21:30.186+0000] {subprocess.py:106} INFO - 26/04/12 09:21:30 INFO BaseMetastoreCatalog: Table loaded by catalog: iceberg.air_quality_db.air_quality_silver
[2026-04-12T09:21:30.196+0000] {subprocess.py:106} INFO - Iceberg table 'weather_real_time' ready!
[2026-04-12T09:21:32.415+0000] {subprocess.py:106} INFO - 26/04/12 09:21:32 INFO StateStoreCoordinatorRef: Registered StateStoreCoordinator endpoint
[2026-04-12T09:21:32.745+0000] {subprocess.py:106} INFO - 26/04/12 09:21:32 INFO ResolveWriteToStream: Checkpoint root hdfs://23133083thuyvan-master:9000/user/hive/checkpoints/air_quality_realtime resolved to hdfs://23133083thuyvan-master:9000/user/hive/checkpoints/air_quality_realtime.
[2026-04-12T09:21:32.750+0000] {subprocess.py:106} INFO - 26/04/12 09:21:32 WARN ResolveWriteToStream: spark.sql.adaptive.enabled is not supported in streaming DataFrames/Datasets and will be disabled.
[2026-04-12T09:21:33.168+0000] {subprocess.py:106} INFO - 26/04/12 09:21:33 INFO MicroBatchExecution: Starting [id = eeb4d236-98c7-4533-ae22-8a761d90522f, runId = d155f488-a19e-4ffe-ad6c-ce25a6d8bc58]. Use hdfs://23133083thuyvan-master:9000/user/hive/checkpoints/air_quality_realtime to store the query checkpoint.
[2026-04-12T09:21:33.182+0000] {subprocess.py:106} INFO - Streaming job started! Listening to 'weather-topic'...
[2026-04-12T09:21:33.193+0000] {subprocess.py:106} INFO - 26/04/12 09:21:33 INFO MicroBatchExecution: Reading table [org.apache.spark.sql.kafka010.KafkaSourceProvider$KafkaTable@b3efe95] from DataSourceV2 named 'kafka' [org.apache.spark.sql.kafka010.KafkaSourceProvider@2abe1d75]
[2026-04-12T09:21:33.249+0000] {subprocess.py:106} INFO - 26/04/12 09:21:33 INFO MicroBatchExecution: Finish initializing with logical plan:
[2026-04-12T09:21:33.250+0000] {subprocess.py:106} INFO - ~WriteToMicroBatchDataSourceV1 ForeachBatchSink, eeb4d236-98c7-4533-ae22-8a761d90522f, [checkpointLocation=hdfs://23133083thuyvan-master:9000/user/hive/checkpoints/air_quality_realtime], Append
[2026-04-12T09:21:33.250+0000] {subprocess.py:106} INFO - +- ~Project [timestamp#40, location#17, latitude#18, longitude#19, timezone#20, temperature_2m#21, relative_humidity_2m#22, apparent_temperature#23, precipitation#24, cloud_cover#25, wind_speed_10m#26, wind_direction_10m#27, wind_gusts_10m#28, uv_index#29, weather_code#30, european_aqi#31, us_aqi#32, pm10#33, pm2_5#34, carbon_monoxide#35, nitrogen_dioxide#36, sulphur_dioxide#37, ozone#38, processing_time#39, open-meteo AS data_source#41]
[2026-04-12T09:21:33.251+0000] {subprocess.py:106} INFO -    +- ~Project [to_timestamp(timestamp#16, None, TimestampType, Some(GMT), true) AS timestamp#40, location#17, latitude#18, longitude#19, timezone#20, temperature_2m#21, relative_humidity_2m#22, apparent_temperature#23, precipitation#24, cloud_cover#25, wind_speed_10m#26, wind_direction_10m#27, wind_gusts_10m#28, uv_index#29, weather_code#30, european_aqi#31, us_aqi#32, pm10#33, pm2_5#34, carbon_monoxide#35, nitrogen_dioxide#36, sulphur_dioxide#37, ozone#38, processing_time#39]
[2026-04-12T09:21:33.251+0000] {subprocess.py:106} INFO -       +- ~Project [timestamp#16, location#17, latitude#18, longitude#19, timezone#20, temperature_2m#21, relative_humidity_2m#22, apparent_temperature#23, precipitation#24, cloud_cover#25, wind_speed_10m#26, wind_direction_10m#27, wind_gusts_10m#28, uv_index#29, weather_code#30, european_aqi#31, us_aqi#32, pm10#33, pm2_5#34, carbon_monoxide#35, nitrogen_dioxide#36, sulphur_dioxide#37, ozone#38, current_timestamp() AS processing_time#39]
[2026-04-12T09:21:33.252+0000] {subprocess.py:106} INFO -          +- ~Project [data#15.timestamp AS timestamp#16, data#15.location AS location#17, data#15.latitude AS latitude#18, data#15.longitude AS longitude#19, data#15.timezone AS timezone#20, data#15.temperature_2m AS temperature_2m#21, data#15.relative_humidity_2m AS relative_humidity_2m#22, data#15.apparent_temperature AS apparent_temperature#23, data#15.precipitation AS precipitation#24, data#15.cloud_cover AS cloud_cover#25, data#15.wind_speed_10m AS wind_speed_10m#26, data#15.wind_direction_10m AS wind_direction_10m#27, data#15.wind_gusts_10m AS wind_gusts_10m#28, data#15.uv_index AS uv_index#29, data#15.weather_code AS weather_code#30, data#15.european_aqi AS european_aqi#31, data#15.us_aqi AS us_aqi#32, data#15.pm10 AS pm10#33, data#15.pm2_5 AS pm2_5#34, data#15.carbon_monoxide AS carbon_monoxide#35, data#15.nitrogen_dioxide AS nitrogen_dioxide#36, data#15.sulphur_dioxide AS sulphur_dioxide#37, data#15.ozone AS ozone#38]
[2026-04-12T09:21:33.252+0000] {subprocess.py:106} INFO -             +- ~Project [from_json(StructField(timestamp,StringType,true), StructField(location,StringType,true), StructField(latitude,DoubleType,true), StructField(longitude,DoubleType,true), StructField(timezone,StringType,true), StructField(temperature_2m,DoubleType,true), StructField(relative_humidity_2m,DoubleType,true), StructField(apparent_temperature,DoubleType,true), StructField(precipitation,DoubleType,true), StructField(cloud_cover,DoubleType,true), StructField(wind_speed_10m,DoubleType,true), StructField(wind_direction_10m,DoubleType,true), StructField(wind_gusts_10m,DoubleType,true), StructField(uv_index,DoubleType,true), StructField(weather_code,IntegerType,true), StructField(european_aqi,IntegerType,true), StructField(us_aqi,IntegerType,true), StructField(pm10,DoubleType,true), StructField(pm2_5,DoubleType,true), StructField(carbon_monoxide,DoubleType,true), StructField(nitrogen_dioxide,DoubleType,true), StructField(sulphur_dioxide,DoubleType,true), StructField(ozone,DoubleType,true), json#14, Some(GMT), ... 1 more fields) AS data#15]
[2026-04-12T09:21:33.252+0000] {subprocess.py:106} INFO -                +- ~Project [cast(value#8 as string) AS json#14]
[2026-04-12T09:21:33.253+0000] {subprocess.py:106} INFO -                   +- ~StreamingDataSourceV2ScanRelation[key#7, value#8, topic#9, partition#10, offset#11L, timestamp#12, timestampType#13] KafkaTable
[2026-04-12T09:21:33.253+0000] {subprocess.py:106} INFO - 
[2026-04-12T09:21:33.272+0000] {subprocess.py:106} INFO - 26/04/12 09:21:33 INFO OffsetSeqLog: BatchIds found from listing: 0, 1, 2, 8, 9, 10, 11, 12, 13, 14, 15, 16, 17, 18, 19, 20, 21, 22, 23, 24, 25, 26, 27, 28, 29, 30, 31, 32, 33, 34, 35, 36
[2026-04-12T09:21:33.290+0000] {subprocess.py:106} INFO - 26/04/12 09:21:33 INFO OffsetSeqLog: Getting latest batch 36
[2026-04-12T09:21:33.328+0000] {subprocess.py:106} INFO - 26/04/12 09:21:33 INFO OffsetSeqLog: BatchIds found from listing: 0, 1, 2, 8, 9, 10, 11, 12, 13, 14, 15, 16, 17, 18, 19, 20, 21, 22, 23, 24, 25, 26, 27, 28, 29, 30, 31, 32, 33, 34, 35, 36
[2026-04-12T09:21:33.330+0000] {subprocess.py:106} INFO - 26/04/12 09:21:33 INFO OffsetSeqLog: Getting latest batch 36
[2026-04-12T09:21:33.365+0000] {subprocess.py:106} INFO - 26/04/12 09:21:33 INFO CommitLog: BatchIds found from listing: 0, 1, 8, 9, 10, 11, 12, 13, 14, 15, 16, 17, 18, 19, 20, 21, 22, 23, 24, 25, 26, 27, 28, 29, 30, 31, 32, 33, 34, 35, 36
[2026-04-12T09:21:33.366+0000] {subprocess.py:106} INFO - 26/04/12 09:21:33 INFO CommitLog: Getting latest batch 36
[2026-04-12T09:21:33.622+0000] {subprocess.py:106} INFO - 26/04/12 09:21:33 INFO MicroBatchExecution: Resuming at batch 37 with committed offsets {KafkaV2[Subscribe[weather-topic]]: {"weather-topic":{"0":320,"1":310,"2":330}}} and available offsets {KafkaV2[Subscribe[weather-topic]]: {"weather-topic":{"0":320,"1":310,"2":330}}}
[2026-04-12T09:21:33.623+0000] {subprocess.py:106} INFO - 26/04/12 09:21:33 INFO MicroBatchExecution: Stream started from {KafkaV2[Subscribe[weather-topic]]: {"weather-topic":{"0":320,"1":310,"2":330}}}
[2026-04-12T09:21:33.715+0000] {subprocess.py:106} INFO - 26/04/12 09:21:33 INFO AdminClientConfig: AdminClientConfig values:
[2026-04-12T09:21:33.715+0000] {subprocess.py:106} INFO - 	auto.include.jmx.reporter = true
[2026-04-12T09:21:33.716+0000] {subprocess.py:106} INFO - 	bootstrap.controllers = []
[2026-04-12T09:21:33.716+0000] {subprocess.py:106} INFO - 	bootstrap.servers = [kafka:9092]
[2026-04-12T09:21:33.717+0000] {subprocess.py:106} INFO - 	client.dns.lookup = use_all_dns_ips
[2026-04-12T09:21:33.717+0000] {subprocess.py:106} INFO - 	client.id =
[2026-04-12T09:21:33.717+0000] {subprocess.py:106} INFO - 	connections.max.idle.ms = 300000
[2026-04-12T09:21:33.718+0000] {subprocess.py:106} INFO - 	default.api.timeout.ms = 60000
[2026-04-12T09:21:33.718+0000] {subprocess.py:106} INFO - 	enable.metrics.push = true
[2026-04-12T09:21:33.718+0000] {subprocess.py:106} INFO - 	metadata.max.age.ms = 300000
[2026-04-12T09:21:33.719+0000] {subprocess.py:106} INFO - 	metadata.recovery.strategy = none
[2026-04-12T09:21:33.719+0000] {subprocess.py:106} INFO - 	metric.reporters = []
[2026-04-12T09:21:33.719+0000] {subprocess.py:106} INFO - 	metrics.num.samples = 2
[2026-04-12T09:21:33.720+0000] {subprocess.py:106} INFO - 	metrics.recording.level = INFO
[2026-04-12T09:21:33.720+0000] {subprocess.py:106} INFO - 	metrics.sample.window.ms = 30000
[2026-04-12T09:21:33.721+0000] {subprocess.py:106} INFO - 	receive.buffer.bytes = 65536
[2026-04-12T09:21:33.721+0000] {subprocess.py:106} INFO - 	reconnect.backoff.max.ms = 1000
[2026-04-12T09:21:33.721+0000] {subprocess.py:106} INFO - 	reconnect.backoff.ms = 50
[2026-04-12T09:21:33.722+0000] {subprocess.py:106} INFO - 	request.timeout.ms = 30000
[2026-04-12T09:21:33.722+0000] {subprocess.py:106} INFO - 	retries = 2147483647
[2026-04-12T09:21:33.722+0000] {subprocess.py:106} INFO - 	retry.backoff.max.ms = 1000
[2026-04-12T09:21:33.723+0000] {subprocess.py:106} INFO - 	retry.backoff.ms = 100
[2026-04-12T09:21:33.723+0000] {subprocess.py:106} INFO - 	sasl.client.callback.handler.class = null
[2026-04-12T09:21:33.724+0000] {subprocess.py:106} INFO - 	sasl.jaas.config = null
[2026-04-12T09:21:33.724+0000] {subprocess.py:106} INFO - 	sasl.kerberos.kinit.cmd = /usr/bin/kinit
[2026-04-12T09:21:33.724+0000] {subprocess.py:106} INFO - 	sasl.kerberos.min.time.before.relogin = 60000
[2026-04-12T09:21:33.725+0000] {subprocess.py:106} INFO - 	sasl.kerberos.service.name = null
[2026-04-12T09:21:33.725+0000] {subprocess.py:106} INFO - 	sasl.kerberos.ticket.renew.jitter = 0.05
[2026-04-12T09:21:33.725+0000] {subprocess.py:106} INFO - 	sasl.kerberos.ticket.renew.window.factor = 0.8
[2026-04-12T09:21:33.726+0000] {subprocess.py:106} INFO - 	sasl.login.callback.handler.class = null
[2026-04-12T09:21:33.726+0000] {subprocess.py:106} INFO - 	sasl.login.class = null
[2026-04-12T09:21:33.727+0000] {subprocess.py:106} INFO - 	sasl.login.connect.timeout.ms = null
[2026-04-12T09:21:33.727+0000] {subprocess.py:106} INFO - 	sasl.login.read.timeout.ms = null
[2026-04-12T09:21:33.727+0000] {subprocess.py:106} INFO - 	sasl.login.refresh.buffer.seconds = 300
[2026-04-12T09:21:33.728+0000] {subprocess.py:106} INFO - 	sasl.login.refresh.min.period.seconds = 60
[2026-04-12T09:21:33.728+0000] {subprocess.py:106} INFO - 	sasl.login.refresh.window.factor = 0.8
[2026-04-12T09:21:33.728+0000] {subprocess.py:106} INFO - 	sasl.login.refresh.window.jitter = 0.05
[2026-04-12T09:21:33.729+0000] {subprocess.py:106} INFO - 	sasl.login.retry.backoff.max.ms = 10000
[2026-04-12T09:21:33.729+0000] {subprocess.py:106} INFO - 	sasl.login.retry.backoff.ms = 100
[2026-04-12T09:21:33.729+0000] {subprocess.py:106} INFO - 	sasl.mechanism = GSSAPI
[2026-04-12T09:21:33.730+0000] {subprocess.py:106} INFO - 	sasl.oauthbearer.clock.skew.seconds = 30
[2026-04-12T09:21:33.730+0000] {subprocess.py:106} INFO - 	sasl.oauthbearer.expected.audience = null
[2026-04-12T09:21:33.730+0000] {subprocess.py:106} INFO - 	sasl.oauthbearer.expected.issuer = null
[2026-04-12T09:21:33.731+0000] {subprocess.py:106} INFO - 	sasl.oauthbearer.header.urlencode = false
[2026-04-12T09:21:33.731+0000] {subprocess.py:106} INFO - 	sasl.oauthbearer.jwks.endpoint.refresh.ms = 3600000
[2026-04-12T09:21:33.732+0000] {subprocess.py:106} INFO - 	sasl.oauthbearer.jwks.endpoint.retry.backoff.max.ms = 10000
[2026-04-12T09:21:33.732+0000] {subprocess.py:106} INFO - 	sasl.oauthbearer.jwks.endpoint.retry.backoff.ms = 100
[2026-04-12T09:21:33.733+0000] {subprocess.py:106} INFO - 	sasl.oauthbearer.jwks.endpoint.url = null
[2026-04-12T09:21:33.733+0000] {subprocess.py:106} INFO - 	sasl.oauthbearer.scope.claim.name = scope
[2026-04-12T09:21:33.733+0000] {subprocess.py:106} INFO - 	sasl.oauthbearer.sub.claim.name = sub
[2026-04-12T09:21:33.734+0000] {subprocess.py:106} INFO - 	sasl.oauthbearer.token.endpoint.url = null
[2026-04-12T09:21:33.734+0000] {subprocess.py:106} INFO - 	security.protocol = PLAINTEXT
[2026-04-12T09:21:33.735+0000] {subprocess.py:106} INFO - 	security.providers = null
[2026-04-12T09:21:33.735+0000] {subprocess.py:106} INFO - 	send.buffer.bytes = 131072
[2026-04-12T09:21:33.736+0000] {subprocess.py:106} INFO - 	socket.connection.setup.timeout.max.ms = 30000
[2026-04-12T09:21:33.736+0000] {subprocess.py:106} INFO - 	socket.connection.setup.timeout.ms = 10000
[2026-04-12T09:21:33.737+0000] {subprocess.py:106} INFO - 	ssl.cipher.suites = null
[2026-04-12T09:21:33.737+0000] {subprocess.py:106} INFO - 	ssl.enabled.protocols = [TLSv1.2, TLSv1.3]
[2026-04-12T09:21:33.738+0000] {subprocess.py:106} INFO - 	ssl.endpoint.identification.algorithm = https
[2026-04-12T09:21:33.738+0000] {subprocess.py:106} INFO - 	ssl.engine.factory.class = null
[2026-04-12T09:21:33.739+0000] {subprocess.py:106} INFO - 	ssl.key.password = null
[2026-04-12T09:21:33.739+0000] {subprocess.py:106} INFO - 	ssl.keymanager.algorithm = SunX509
[2026-04-12T09:21:33.740+0000] {subprocess.py:106} INFO - 	ssl.keystore.certificate.chain = null
[2026-04-12T09:21:33.740+0000] {subprocess.py:106} INFO - 	ssl.keystore.key = null
[2026-04-12T09:21:33.740+0000] {subprocess.py:106} INFO - 	ssl.keystore.location = null
[2026-04-12T09:21:33.741+0000] {subprocess.py:106} INFO - 	ssl.keystore.password = null
[2026-04-12T09:21:33.741+0000] {subprocess.py:106} INFO - 	ssl.keystore.type = JKS
[2026-04-12T09:21:33.742+0000] {subprocess.py:106} INFO - 	ssl.protocol = TLSv1.3
[2026-04-12T09:21:33.745+0000] {subprocess.py:106} INFO - 	ssl.provider = null
[2026-04-12T09:21:33.746+0000] {subprocess.py:106} INFO - 	ssl.secure.random.implementation = null
[2026-04-12T09:21:33.747+0000] {subprocess.py:106} INFO - 	ssl.trustmanager.algorithm = PKIX
[2026-04-12T09:21:33.747+0000] {subprocess.py:106} INFO - 	ssl.truststore.certificates = null
[2026-04-12T09:21:33.748+0000] {subprocess.py:106} INFO - 	ssl.truststore.location = null
[2026-04-12T09:21:33.749+0000] {subprocess.py:106} INFO - 	ssl.truststore.password = null
[2026-04-12T09:21:33.754+0000] {subprocess.py:106} INFO - 	ssl.truststore.type = JKS
[2026-04-12T09:21:33.759+0000] {subprocess.py:106} INFO - 
[2026-04-12T09:21:33.859+0000] {subprocess.py:106} INFO - 26/04/12 09:21:33 INFO AdminClientConfig: These configurations '[key.deserializer, value.deserializer, enable.auto.commit, max.poll.records, auto.offset.reset]' were supplied but are not used yet.
[2026-04-12T09:21:33.863+0000] {subprocess.py:106} INFO - 26/04/12 09:21:33 INFO AppInfoParser: Kafka version: 3.9.0
[2026-04-12T09:21:33.863+0000] {subprocess.py:106} INFO - 26/04/12 09:21:33 INFO AppInfoParser: Kafka commitId: 84caaa6e9da06435
[2026-04-12T09:21:33.864+0000] {subprocess.py:106} INFO - 26/04/12 09:21:33 INFO AppInfoParser: Kafka startTimeMs: 1775985693858
[2026-04-12T09:21:34.753+0000] {subprocess.py:106} INFO - 26/04/12 09:21:34 INFO CheckpointFileManager: Writing atomically to hdfs://23133083thuyvan-master:9000/user/hive/checkpoints/air_quality_realtime/offsets/37 using temp file hdfs://23133083thuyvan-master:9000/user/hive/checkpoints/air_quality_realtime/offsets/.37.eb06b764-65a7-404c-aa05-68260a4fd090.tmp
[2026-04-12T09:21:34.848+0000] {subprocess.py:106} INFO - 26/04/12 09:21:34 INFO CheckpointFileManager: Renamed temp file hdfs://23133083thuyvan-master:9000/user/hive/checkpoints/air_quality_realtime/offsets/.37.eb06b764-65a7-404c-aa05-68260a4fd090.tmp to hdfs://23133083thuyvan-master:9000/user/hive/checkpoints/air_quality_realtime/offsets/37
[2026-04-12T09:21:34.849+0000] {subprocess.py:106} INFO - 26/04/12 09:21:34 INFO MicroBatchExecution: Committed offsets for batch 37. Metadata OffsetSeqMetadata(0,1775985694707,HashMap(spark.sql.streaming.stateStore.providerClass -> org.apache.spark.sql.execution.streaming.state.HDFSBackedStateStoreProvider, spark.sql.streaming.stateStore.rocksdb.formatVersion -> 5, spark.sql.streaming.stateStore.encodingFormat -> unsaferow, spark.sql.streaming.statefulOperator.useStrictDistribution -> true, spark.sql.streaming.flatMapGroupsWithState.stateFormatVersion -> 2, spark.sql.streaming.multipleWatermarkPolicy -> min, spark.sql.streaming.aggregation.stateFormatVersion -> 2, spark.sql.shuffle.partitions -> 50, spark.sql.streaming.join.stateFormatVersion -> 2, spark.sql.streaming.stateStore.compression.codec -> lz4, spark.sql.optimizer.pruneFiltersCanPruneStreamingSubplan -> false))
[2026-04-12T09:21:34.941+0000] {subprocess.py:106} INFO - 26/04/12 09:21:34 INFO IncrementalExecution: Current batch timestamp = 1775985694707
[2026-04-12T09:21:35.094+0000] {subprocess.py:106} INFO - 26/04/12 09:21:35 INFO IncrementalExecution: Current batch timestamp = 1775985694707
[2026-04-12T09:21:35.607+0000] {subprocess.py:106} INFO - 26/04/12 09:21:35 INFO CodeGenerator: Code generated in 297.76843 ms
[2026-04-12T09:21:35.613+0000] {subprocess.py:106} INFO - 26/04/12 09:21:35 INFO KafkaOffsetReaderAdmin: Partitions added: Map()
[2026-04-12T09:21:35.950+0000] {subprocess.py:106} INFO - 26/04/12 09:21:35 INFO CodeGenerator: Code generated in 23.600704 ms
[2026-04-12T09:21:35.980+0000] {subprocess.py:106} INFO - 26/04/12 09:21:35 INFO CodeGenerator: Code generated in 16.719345 ms
[2026-04-12T09:21:36.129+0000] {subprocess.py:106} INFO - 26/04/12 09:21:36 INFO SparkContext: Starting job: start at NativeMethodAccessorImpl.java:0
[2026-04-12T09:21:36.165+0000] {subprocess.py:106} INFO - 26/04/12 09:21:36 INFO DAGScheduler: Registering RDD 6 (start at NativeMethodAccessorImpl.java:0) as input to shuffle 0
[2026-04-12T09:21:36.177+0000] {subprocess.py:106} INFO - 26/04/12 09:21:36 INFO DAGScheduler: Got job 0 (start at NativeMethodAccessorImpl.java:0) with 1 output partitions
[2026-04-12T09:21:36.181+0000] {subprocess.py:106} INFO - 26/04/12 09:21:36 INFO DAGScheduler: Final stage: ResultStage 1 (start at NativeMethodAccessorImpl.java:0)
[2026-04-12T09:21:36.182+0000] {subprocess.py:106} INFO - 26/04/12 09:21:36 INFO DAGScheduler: Parents of final stage: List(ShuffleMapStage 0)
[2026-04-12T09:21:36.186+0000] {subprocess.py:106} INFO - 26/04/12 09:21:36 INFO DAGScheduler: Missing parents: List(ShuffleMapStage 0)
[2026-04-12T09:21:36.190+0000] {subprocess.py:106} INFO - 26/04/12 09:21:36 INFO DAGScheduler: Submitting ShuffleMapStage 0 (MapPartitionsRDD[6] at start at NativeMethodAccessorImpl.java:0), which has no missing parents
[2026-04-12T09:21:36.276+0000] {subprocess.py:106} INFO - 26/04/12 09:21:36 INFO MemoryStore: MemoryStore started with capacity 1048.8 MiB
[2026-04-12T09:21:36.307+0000] {subprocess.py:106} INFO - 26/04/12 09:21:36 INFO MemoryStore: Block broadcast_0 stored as values in memory (estimated size 43.0 KiB, free 1048.8 MiB)
[2026-04-12T09:21:36.342+0000] {subprocess.py:106} INFO - 26/04/12 09:21:36 INFO MemoryStore: Block broadcast_0_piece0 stored as bytes in memory (estimated size 16.4 KiB, free 1048.7 MiB)
[2026-04-12T09:21:36.350+0000] {subprocess.py:106} INFO - 26/04/12 09:21:36 INFO SparkContext: Created broadcast 0 from broadcast at DAGScheduler.scala:1676
[2026-04-12T09:21:36.373+0000] {subprocess.py:106} INFO - 26/04/12 09:21:36 INFO DAGScheduler: Submitting 3 missing tasks from ShuffleMapStage 0 (MapPartitionsRDD[6] at start at NativeMethodAccessorImpl.java:0) (first 15 tasks are for partitions Vector(0, 1, 2))
[2026-04-12T09:21:36.377+0000] {subprocess.py:106} INFO - 26/04/12 09:21:36 INFO TaskSchedulerImpl: Adding task set 0.0 with 3 tasks resource profile 0
[2026-04-12T09:21:36.423+0000] {subprocess.py:106} INFO - 26/04/12 09:21:36 INFO TaskSetManager: Starting task 0.0 in stage 0.0 (TID 0) (spark-master,executor driver, partition 0, PROCESS_LOCAL, 13492 bytes)
[2026-04-12T09:21:36.429+0000] {subprocess.py:106} INFO - 26/04/12 09:21:36 INFO TaskSetManager: Starting task 1.0 in stage 0.0 (TID 1) (spark-master,executor driver, partition 1, PROCESS_LOCAL, 13492 bytes)
[2026-04-12T09:21:36.433+0000] {subprocess.py:106} INFO - 26/04/12 09:21:36 INFO TaskSetManager: Starting task 2.0 in stage 0.0 (TID 2) (spark-master,executor driver, partition 2, PROCESS_LOCAL, 13492 bytes)
[2026-04-12T09:21:36.446+0000] {subprocess.py:106} INFO - 26/04/12 09:21:36 INFO Executor: Running task 2.0 in stage 0.0 (TID 2)
[2026-04-12T09:21:36.447+0000] {subprocess.py:106} INFO - 26/04/12 09:21:36 INFO Executor: Running task 1.0 in stage 0.0 (TID 1)
[2026-04-12T09:21:36.447+0000] {subprocess.py:106} INFO - 26/04/12 09:21:36 INFO Executor: Running task 0.0 in stage 0.0 (TID 0)
[2026-04-12T09:21:36.681+0000] {subprocess.py:106} INFO - 26/04/12 09:21:36 INFO CodeGenerator: Code generated in 61.947824 ms
[2026-04-12T09:21:36.732+0000] {subprocess.py:106} INFO - 26/04/12 09:21:36 INFO CodeGenerator: Code generated in 47.776098 ms
[2026-04-12T09:21:36.755+0000] {subprocess.py:106} INFO - 26/04/12 09:21:36 INFO CodeGenerator: Code generated in 18.17733 ms
[2026-04-12T09:21:36.773+0000] {subprocess.py:106} INFO - 26/04/12 09:21:36 INFO SecurityManager: Changing view acls to: spark
[2026-04-12T09:21:36.774+0000] {subprocess.py:106} INFO - 26/04/12 09:21:36 INFO SecurityManager: Changing modify acls to: spark
[2026-04-12T09:21:36.774+0000] {subprocess.py:106} INFO - 26/04/12 09:21:36 INFO SecurityManager: Changing view acls groups to: spark
[2026-04-12T09:21:36.775+0000] {subprocess.py:106} INFO - 26/04/12 09:21:36 INFO SecurityManager: Changing modify acls groups to: spark
[2026-04-12T09:21:36.775+0000] {subprocess.py:106} INFO - 26/04/12 09:21:36 INFO SecurityManager: SecurityManager: authentication disabled; ui acls disabled; users with view permissions: spark groups with view permissions: EMPTY; users with modify permissions: spark; groups with modify permissions: EMPTY; RPC SSL disabled
[2026-04-12T09:21:36.806+0000] {subprocess.py:106} INFO - 26/04/12 09:21:36 INFO KafkaBatchReaderFactory: Creating Kafka reader topicPartition=weather-topic-0 fromOffset=320} untilOffset=327, for query queryId=eeb4d236-98c7-4533-ae22-8a761d90522f batchId=37 taskId=2 partitionId=2
[2026-04-12T09:21:36.807+0000] {subprocess.py:106} INFO - 26/04/12 09:21:36 INFO KafkaBatchReaderFactory: Creating Kafka reader topicPartition=weather-topic-1 fromOffset=310} untilOffset=317, for query queryId=eeb4d236-98c7-4533-ae22-8a761d90522f batchId=37 taskId=1 partitionId=1
[2026-04-12T09:21:36.807+0000] {subprocess.py:106} INFO - 26/04/12 09:21:36 INFO KafkaBatchReaderFactory: Creating Kafka reader topicPartition=weather-topic-2 fromOffset=330} untilOffset=336, for query queryId=eeb4d236-98c7-4533-ae22-8a761d90522f batchId=37 taskId=0 partitionId=0
[2026-04-12T09:21:36.899+0000] {subprocess.py:106} INFO - 26/04/12 09:21:36 INFO CodeGenerator: Code generated in 16.068678 ms
[2026-04-12T09:21:36.966+0000] {subprocess.py:106} INFO - 26/04/12 09:21:36 INFO CodeGenerator: Code generated in 29.913452 ms
[2026-04-12T09:21:37.000+0000] {subprocess.py:106} INFO - 26/04/12 09:21:36 INFO ConsumerConfig: ConsumerConfig values:
[2026-04-12T09:21:37.001+0000] {subprocess.py:106} INFO - 	allow.auto.create.topics = true
[2026-04-12T09:21:37.002+0000] {subprocess.py:106} INFO - 	auto.commit.interval.ms = 5000
[2026-04-12T09:21:37.003+0000] {subprocess.py:106} INFO - 	auto.include.jmx.reporter = true
[2026-04-12T09:21:37.003+0000] {subprocess.py:106} INFO - 	auto.offset.reset = none
[2026-04-12T09:21:37.004+0000] {subprocess.py:106} INFO - 	bootstrap.servers = [kafka:9092]
[2026-04-12T09:21:37.005+0000] {subprocess.py:106} INFO - 	check.crcs = true
[2026-04-12T09:21:37.006+0000] {subprocess.py:106} INFO - 	client.dns.lookup = use_all_dns_ips
[2026-04-12T09:21:37.008+0000] {subprocess.py:106} INFO - 	client.id = consumer-spark-kafka-source-62663d2b-28c9-4798-8db8-56a8e71c8979--983882313-executor-1
[2026-04-12T09:21:37.008+0000] {subprocess.py:106} INFO - 	client.rack =
[2026-04-12T09:21:37.009+0000] {subprocess.py:106} INFO - 	connections.max.idle.ms = 540000
[2026-04-12T09:21:37.010+0000] {subprocess.py:106} INFO - 	default.api.timeout.ms = 60000
[2026-04-12T09:21:37.012+0000] {subprocess.py:106} INFO - 	enable.auto.commit = false
[2026-04-12T09:21:37.012+0000] {subprocess.py:106} INFO - 	enable.metrics.push = true
[2026-04-12T09:21:37.013+0000] {subprocess.py:106} INFO - 	exclude.internal.topics = true
[2026-04-12T09:21:37.014+0000] {subprocess.py:106} INFO - 	fetch.max.bytes = 52428800
[2026-04-12T09:21:37.014+0000] {subprocess.py:106} INFO - 	fetch.max.wait.ms = 500
[2026-04-12T09:21:37.015+0000] {subprocess.py:106} INFO - 	fetch.min.bytes = 1
[2026-04-12T09:21:37.016+0000] {subprocess.py:106} INFO - 	group.id = spark-kafka-source-62663d2b-28c9-4798-8db8-56a8e71c8979--983882313-executor
[2026-04-12T09:21:37.017+0000] {subprocess.py:106} INFO - 	group.instance.id = null
[2026-04-12T09:21:37.018+0000] {subprocess.py:106} INFO - 	group.protocol = classic
[2026-04-12T09:21:37.019+0000] {subprocess.py:106} INFO - 	group.remote.assignor = null
[2026-04-12T09:21:37.020+0000] {subprocess.py:106} INFO - 	heartbeat.interval.ms = 3000
[2026-04-12T09:21:37.027+0000] {subprocess.py:106} INFO - 	interceptor.classes = []
[2026-04-12T09:21:37.029+0000] {subprocess.py:106} INFO - 	internal.leave.group.on.close = true
[2026-04-12T09:21:37.036+0000] {subprocess.py:106} INFO - 	internal.throw.on.fetch.stable.offset.unsupported = false
[2026-04-12T09:21:37.036+0000] {subprocess.py:106} INFO - 	isolation.level = read_uncommitted
[2026-04-12T09:21:37.037+0000] {subprocess.py:106} INFO - 	key.deserializer = class org.apache.kafka.common.serialization.ByteArrayDeserializer
[2026-04-12T09:21:37.038+0000] {subprocess.py:106} INFO - 	max.partition.fetch.bytes = 1048576
[2026-04-12T09:21:37.038+0000] {subprocess.py:106} INFO - 	max.poll.interval.ms = 300000
[2026-04-12T09:21:37.039+0000] {subprocess.py:106} INFO - 	max.poll.records = 500
[2026-04-12T09:21:37.040+0000] {subprocess.py:106} INFO - 	metadata.max.age.ms = 300000
[2026-04-12T09:21:37.041+0000] {subprocess.py:106} INFO - 	metadata.recovery.strategy = none
[2026-04-12T09:21:37.042+0000] {subprocess.py:106} INFO - 	metric.reporters = []
[2026-04-12T09:21:37.043+0000] {subprocess.py:106} INFO - 	metrics.num.samples = 2
[2026-04-12T09:21:37.044+0000] {subprocess.py:106} INFO - 	metrics.recording.level = INFO
[2026-04-12T09:21:37.045+0000] {subprocess.py:106} INFO - 	metrics.sample.window.ms = 30000
[2026-04-12T09:21:37.045+0000] {subprocess.py:106} INFO - 	partition.assignment.strategy = [class org.apache.kafka.clients.consumer.RangeAssignor, class org.apache.kafka.clients.consumer.CooperativeStickyAssignor]
[2026-04-12T09:21:37.046+0000] {subprocess.py:106} INFO - 	receive.buffer.bytes = 65536
[2026-04-12T09:21:37.049+0000] {subprocess.py:106} INFO - 	reconnect.backoff.max.ms = 1000
[2026-04-12T09:21:37.050+0000] {subprocess.py:106} INFO - 	reconnect.backoff.ms = 50
[2026-04-12T09:21:37.051+0000] {subprocess.py:106} INFO - 	request.timeout.ms = 30000
[2026-04-12T09:21:37.052+0000] {subprocess.py:106} INFO - 	retry.backoff.max.ms = 1000
[2026-04-12T09:21:37.052+0000] {subprocess.py:106} INFO - 	retry.backoff.ms = 100
[2026-04-12T09:21:37.053+0000] {subprocess.py:106} INFO - 	sasl.client.callback.handler.class = null
[2026-04-12T09:21:37.053+0000] {subprocess.py:106} INFO - 	sasl.jaas.config = null
[2026-04-12T09:21:37.055+0000] {subprocess.py:106} INFO - 	sasl.kerberos.kinit.cmd = /usr/bin/kinit
[2026-04-12T09:21:37.057+0000] {subprocess.py:106} INFO - 	sasl.kerberos.min.time.before.relogin = 60000
[2026-04-12T09:21:37.063+0000] {subprocess.py:106} INFO - 	sasl.kerberos.service.name = null
[2026-04-12T09:21:37.064+0000] {subprocess.py:106} INFO - 	sasl.kerberos.ticket.renew.jitter = 0.05
[2026-04-12T09:21:37.066+0000] {subprocess.py:106} INFO - 	sasl.kerberos.ticket.renew.window.factor = 0.8
[2026-04-12T09:21:37.067+0000] {subprocess.py:106} INFO - 	sasl.login.callback.handler.class = null
[2026-04-12T09:21:37.071+0000] {subprocess.py:106} INFO - 	sasl.login.class = null
[2026-04-12T09:21:37.072+0000] {subprocess.py:106} INFO - 	sasl.login.connect.timeout.ms = null
[2026-04-12T09:21:37.074+0000] {subprocess.py:106} INFO - 	sasl.login.read.timeout.ms = null
[2026-04-12T09:21:37.075+0000] {subprocess.py:106} INFO - 	sasl.login.refresh.buffer.seconds = 300
[2026-04-12T09:21:37.077+0000] {subprocess.py:106} INFO - 	sasl.login.refresh.min.period.seconds = 60
[2026-04-12T09:21:37.078+0000] {subprocess.py:106} INFO - 	sasl.login.refresh.window.factor = 0.8
[2026-04-12T09:21:37.079+0000] {subprocess.py:106} INFO - 	sasl.login.refresh.window.jitter = 0.05
[2026-04-12T09:21:37.080+0000] {subprocess.py:106} INFO - 	sasl.login.retry.backoff.max.ms = 10000
[2026-04-12T09:21:37.080+0000] {subprocess.py:106} INFO - 	sasl.login.retry.backoff.ms = 100
[2026-04-12T09:21:37.081+0000] {subprocess.py:106} INFO - 	sasl.mechanism = GSSAPI
[2026-04-12T09:21:37.083+0000] {subprocess.py:106} INFO - 	sasl.oauthbearer.clock.skew.seconds = 30
[2026-04-12T09:21:37.084+0000] {subprocess.py:106} INFO - 	sasl.oauthbearer.expected.audience = null
[2026-04-12T09:21:37.084+0000] {subprocess.py:106} INFO - 	sasl.oauthbearer.expected.issuer = null
[2026-04-12T09:21:37.085+0000] {subprocess.py:106} INFO - 	sasl.oauthbearer.header.urlencode = false
[2026-04-12T09:21:37.086+0000] {subprocess.py:106} INFO - 	sasl.oauthbearer.jwks.endpoint.refresh.ms = 3600000
[2026-04-12T09:21:37.086+0000] {subprocess.py:106} INFO - 	sasl.oauthbearer.jwks.endpoint.retry.backoff.max.ms = 10000
[2026-04-12T09:21:37.087+0000] {subprocess.py:106} INFO - 	sasl.oauthbearer.jwks.endpoint.retry.backoff.ms = 100
[2026-04-12T09:21:37.090+0000] {subprocess.py:106} INFO - 	sasl.oauthbearer.jwks.endpoint.url = null
[2026-04-12T09:21:37.091+0000] {subprocess.py:106} INFO - 	sasl.oauthbearer.scope.claim.name = scope
[2026-04-12T09:21:37.092+0000] {subprocess.py:106} INFO - 	sasl.oauthbearer.sub.claim.name = sub
[2026-04-12T09:21:37.093+0000] {subprocess.py:106} INFO - 	sasl.oauthbearer.token.endpoint.url = null
[2026-04-12T09:21:37.093+0000] {subprocess.py:106} INFO - 	security.protocol = PLAINTEXT
[2026-04-12T09:21:37.094+0000] {subprocess.py:106} INFO - 	security.providers = null
[2026-04-12T09:21:37.095+0000] {subprocess.py:106} INFO - 	send.buffer.bytes = 131072
[2026-04-12T09:21:37.095+0000] {subprocess.py:106} INFO - 	session.timeout.ms = 45000
[2026-04-12T09:21:37.096+0000] {subprocess.py:106} INFO - 	socket.connection.setup.timeout.max.ms = 30000
[2026-04-12T09:21:37.096+0000] {subprocess.py:106} INFO - 	socket.connection.setup.timeout.ms = 10000
[2026-04-12T09:21:37.097+0000] {subprocess.py:106} INFO - 	ssl.cipher.suites = null
[2026-04-12T09:21:37.098+0000] {subprocess.py:106} INFO - 	ssl.enabled.protocols = [TLSv1.2, TLSv1.3]
[2026-04-12T09:21:37.098+0000] {subprocess.py:106} INFO - 	ssl.endpoint.identification.algorithm = https
[2026-04-12T09:21:37.100+0000] {subprocess.py:106} INFO - 	ssl.engine.factory.class = null
[2026-04-12T09:21:37.101+0000] {subprocess.py:106} INFO - 	ssl.key.password = null
[2026-04-12T09:21:37.102+0000] {subprocess.py:106} INFO - 	ssl.keymanager.algorithm = SunX509
[2026-04-12T09:21:37.105+0000] {subprocess.py:106} INFO - 	ssl.keystore.certificate.chain = null
[2026-04-12T09:21:37.112+0000] {subprocess.py:106} INFO - 	ssl.keystore.key = null
[2026-04-12T09:21:37.113+0000] {subprocess.py:106} INFO - 	ssl.keystore.location = null
[2026-04-12T09:21:37.114+0000] {subprocess.py:106} INFO - 	ssl.keystore.password = null
[2026-04-12T09:21:37.116+0000] {subprocess.py:106} INFO - 	ssl.keystore.type = JKS
[2026-04-12T09:21:37.118+0000] {subprocess.py:106} INFO - 	ssl.protocol = TLSv1.3
[2026-04-12T09:21:37.120+0000] {subprocess.py:106} INFO - 	ssl.provider = null
[2026-04-12T09:21:37.121+0000] {subprocess.py:106} INFO - 	ssl.secure.random.implementation = null
[2026-04-12T09:21:37.122+0000] {subprocess.py:106} INFO - 	ssl.trustmanager.algorithm = PKIX
[2026-04-12T09:21:37.123+0000] {subprocess.py:106} INFO - 	ssl.truststore.certificates = null
[2026-04-12T09:21:37.124+0000] {subprocess.py:106} INFO - 	ssl.truststore.location = null
[2026-04-12T09:21:37.124+0000] {subprocess.py:106} INFO - 	ssl.truststore.password = null
[2026-04-12T09:21:37.125+0000] {subprocess.py:106} INFO - 	ssl.truststore.type = JKS
[2026-04-12T09:21:37.126+0000] {subprocess.py:106} INFO - 	value.deserializer = class org.apache.kafka.common.serialization.ByteArrayDeserializer
[2026-04-12T09:21:37.126+0000] {subprocess.py:106} INFO - 
[2026-04-12T09:21:37.127+0000] {subprocess.py:106} INFO - 26/04/12 09:21:36 INFO ConsumerConfig: ConsumerConfig values:
[2026-04-12T09:21:37.127+0000] {subprocess.py:106} INFO - 	allow.auto.create.topics = true
[2026-04-12T09:21:37.128+0000] {subprocess.py:106} INFO - 	auto.commit.interval.ms = 5000
[2026-04-12T09:21:37.128+0000] {subprocess.py:106} INFO - 	auto.include.jmx.reporter = true
[2026-04-12T09:21:37.129+0000] {subprocess.py:106} INFO - 	auto.offset.reset = none
[2026-04-12T09:21:37.129+0000] {subprocess.py:106} INFO - 	bootstrap.servers = [kafka:9092]
[2026-04-12T09:21:37.130+0000] {subprocess.py:106} INFO - 	check.crcs = true
[2026-04-12T09:21:37.130+0000] {subprocess.py:106} INFO - 	client.dns.lookup = use_all_dns_ips
[2026-04-12T09:21:37.131+0000] {subprocess.py:106} INFO - 	client.id = consumer-spark-kafka-source-62663d2b-28c9-4798-8db8-56a8e71c8979--983882313-executor-2
[2026-04-12T09:21:37.131+0000] {subprocess.py:106} INFO - 	client.rack =
[2026-04-12T09:21:37.132+0000] {subprocess.py:106} INFO - 	connections.max.idle.ms = 540000
[2026-04-12T09:21:37.133+0000] {subprocess.py:106} INFO - 	default.api.timeout.ms = 60000
[2026-04-12T09:21:37.133+0000] {subprocess.py:106} INFO - 	enable.auto.commit = false
[2026-04-12T09:21:37.134+0000] {subprocess.py:106} INFO - 	enable.metrics.push = true
[2026-04-12T09:21:37.134+0000] {subprocess.py:106} INFO - 	exclude.internal.topics = true
[2026-04-12T09:21:37.135+0000] {subprocess.py:106} INFO - 	fetch.max.bytes = 52428800
[2026-04-12T09:21:37.136+0000] {subprocess.py:106} INFO - 	fetch.max.wait.ms = 500
[2026-04-12T09:21:37.137+0000] {subprocess.py:106} INFO - 	fetch.min.bytes = 1
[2026-04-12T09:21:37.137+0000] {subprocess.py:106} INFO - 	group.id = spark-kafka-source-62663d2b-28c9-4798-8db8-56a8e71c8979--983882313-executor
[2026-04-12T09:21:37.138+0000] {subprocess.py:106} INFO - 	group.instance.id = null
[2026-04-12T09:21:37.138+0000] {subprocess.py:106} INFO - 	group.protocol = classic
[2026-04-12T09:21:37.139+0000] {subprocess.py:106} INFO - 	group.remote.assignor = null
[2026-04-12T09:21:37.139+0000] {subprocess.py:106} INFO - 	heartbeat.interval.ms = 3000
[2026-04-12T09:21:37.140+0000] {subprocess.py:106} INFO - 	interceptor.classes = []
[2026-04-12T09:21:37.140+0000] {subprocess.py:106} INFO - 	internal.leave.group.on.close = true
[2026-04-12T09:21:37.141+0000] {subprocess.py:106} INFO - 	internal.throw.on.fetch.stable.offset.unsupported = false
[2026-04-12T09:21:37.142+0000] {subprocess.py:106} INFO - 	isolation.level = read_uncommitted
[2026-04-12T09:21:37.143+0000] {subprocess.py:106} INFO - 	key.deserializer = class org.apache.kafka.common.serialization.ByteArrayDeserializer
[2026-04-12T09:21:37.144+0000] {subprocess.py:106} INFO - 	max.partition.fetch.bytes = 1048576
[2026-04-12T09:21:37.144+0000] {subprocess.py:106} INFO - 	max.poll.interval.ms = 300000
[2026-04-12T09:21:37.146+0000] {subprocess.py:106} INFO - 	max.poll.records = 500
[2026-04-12T09:21:37.147+0000] {subprocess.py:106} INFO - 	metadata.max.age.ms = 300000
[2026-04-12T09:21:37.148+0000] {subprocess.py:106} INFO - 	metadata.recovery.strategy = none
[2026-04-12T09:21:37.149+0000] {subprocess.py:106} INFO - 	metric.reporters = []
[2026-04-12T09:21:37.149+0000] {subprocess.py:106} INFO - 	metrics.num.samples = 2
[2026-04-12T09:21:37.149+0000] {subprocess.py:106} INFO - 	metrics.recording.level = INFO
[2026-04-12T09:21:37.150+0000] {subprocess.py:106} INFO - 	metrics.sample.window.ms = 30000
[2026-04-12T09:21:37.150+0000] {subprocess.py:106} INFO - 	partition.assignment.strategy = [class org.apache.kafka.clients.consumer.RangeAssignor, class org.apache.kafka.clients.consumer.CooperativeStickyAssignor]
[2026-04-12T09:21:37.151+0000] {subprocess.py:106} INFO - 	receive.buffer.bytes = 65536
[2026-04-12T09:21:37.151+0000] {subprocess.py:106} INFO - 	reconnect.backoff.max.ms = 1000
[2026-04-12T09:21:37.152+0000] {subprocess.py:106} INFO - 	reconnect.backoff.ms = 50
[2026-04-12T09:21:37.152+0000] {subprocess.py:106} INFO - 	request.timeout.ms = 30000
[2026-04-12T09:21:37.152+0000] {subprocess.py:106} INFO - 	retry.backoff.max.ms = 1000
[2026-04-12T09:21:37.153+0000] {subprocess.py:106} INFO - 	retry.backoff.ms = 100
[2026-04-12T09:21:37.153+0000] {subprocess.py:106} INFO - 	sasl.client.callback.handler.class = null
[2026-04-12T09:21:37.154+0000] {subprocess.py:106} INFO - 	sasl.jaas.config = null
[2026-04-12T09:21:37.155+0000] {subprocess.py:106} INFO - 	sasl.kerberos.kinit.cmd = /usr/bin/kinit
[2026-04-12T09:21:37.155+0000] {subprocess.py:106} INFO - 	sasl.kerberos.min.time.before.relogin = 60000
[2026-04-12T09:21:37.155+0000] {subprocess.py:106} INFO - 	sasl.kerberos.service.name = null
[2026-04-12T09:21:37.156+0000] {subprocess.py:106} INFO - 	sasl.kerberos.ticket.renew.jitter = 0.05
[2026-04-12T09:21:37.156+0000] {subprocess.py:106} INFO - 	sasl.kerberos.ticket.renew.window.factor = 0.8
[2026-04-12T09:21:37.157+0000] {subprocess.py:106} INFO - 	sasl.login.callback.handler.class = null
[2026-04-12T09:21:37.157+0000] {subprocess.py:106} INFO - 	sasl.login.class = null
[2026-04-12T09:21:37.157+0000] {subprocess.py:106} INFO - 	sasl.login.connect.timeout.ms = null
[2026-04-12T09:21:37.158+0000] {subprocess.py:106} INFO - 	sasl.login.read.timeout.ms = null
[2026-04-12T09:21:37.158+0000] {subprocess.py:106} INFO - 	sasl.login.refresh.buffer.seconds = 300
[2026-04-12T09:21:37.159+0000] {subprocess.py:106} INFO - 	sasl.login.refresh.min.period.seconds = 60
[2026-04-12T09:21:37.160+0000] {subprocess.py:106} INFO - 	sasl.login.refresh.window.factor = 0.8
[2026-04-12T09:21:37.160+0000] {subprocess.py:106} INFO - 	sasl.login.refresh.window.jitter = 0.05
[2026-04-12T09:21:37.160+0000] {subprocess.py:106} INFO - 	sasl.login.retry.backoff.max.ms = 10000
[2026-04-12T09:21:37.161+0000] {subprocess.py:106} INFO - 	sasl.login.retry.backoff.ms = 100
[2026-04-12T09:21:37.162+0000] {subprocess.py:106} INFO - 	sasl.mechanism = GSSAPI
[2026-04-12T09:21:37.162+0000] {subprocess.py:106} INFO - 	sasl.oauthbearer.clock.skew.seconds = 30
[2026-04-12T09:21:37.163+0000] {subprocess.py:106} INFO - 	sasl.oauthbearer.expected.audience = null
[2026-04-12T09:21:37.163+0000] {subprocess.py:106} INFO - 	sasl.oauthbearer.expected.issuer = null
[2026-04-12T09:21:37.163+0000] {subprocess.py:106} INFO - 	sasl.oauthbearer.header.urlencode = false
[2026-04-12T09:21:37.164+0000] {subprocess.py:106} INFO - 	sasl.oauthbearer.jwks.endpoint.refresh.ms = 3600000
[2026-04-12T09:21:37.164+0000] {subprocess.py:106} INFO - 	sasl.oauthbearer.jwks.endpoint.retry.backoff.max.ms = 10000
[2026-04-12T09:21:37.165+0000] {subprocess.py:106} INFO - 	sasl.oauthbearer.jwks.endpoint.retry.backoff.ms = 100
[2026-04-12T09:21:37.165+0000] {subprocess.py:106} INFO - 	sasl.oauthbearer.jwks.endpoint.url = null
[2026-04-12T09:21:37.166+0000] {subprocess.py:106} INFO - 	sasl.oauthbearer.scope.claim.name = scope
[2026-04-12T09:21:37.166+0000] {subprocess.py:106} INFO - 	sasl.oauthbearer.sub.claim.name = sub
[2026-04-12T09:21:37.167+0000] {subprocess.py:106} INFO - 	sasl.oauthbearer.token.endpoint.url = null
[2026-04-12T09:21:37.167+0000] {subprocess.py:106} INFO - 	security.protocol = PLAINTEXT
[2026-04-12T09:21:37.168+0000] {subprocess.py:106} INFO - 	security.providers = null
[2026-04-12T09:21:37.170+0000] {subprocess.py:106} INFO - 	send.buffer.bytes = 131072
[2026-04-12T09:21:37.170+0000] {subprocess.py:106} INFO - 	session.timeout.ms = 45000
[2026-04-12T09:21:37.171+0000] {subprocess.py:106} INFO - 	socket.connection.setup.timeout.max.ms = 30000
[2026-04-12T09:21:37.172+0000] {subprocess.py:106} INFO - 	socket.connection.setup.timeout.ms = 10000
[2026-04-12T09:21:37.172+0000] {subprocess.py:106} INFO - 	ssl.cipher.suites = null
[2026-04-12T09:21:37.172+0000] {subprocess.py:106} INFO - 	ssl.enabled.protocols = [TLSv1.2, TLSv1.3]
[2026-04-12T09:21:37.173+0000] {subprocess.py:106} INFO - 	ssl.endpoint.identification.algorithm = https
[2026-04-12T09:21:37.173+0000] {subprocess.py:106} INFO - 	ssl.engine.factory.class = null
[2026-04-12T09:21:37.174+0000] {subprocess.py:106} INFO - 	ssl.key.password = null
[2026-04-12T09:21:37.174+0000] {subprocess.py:106} INFO - 	ssl.keymanager.algorithm = SunX509
[2026-04-12T09:21:37.175+0000] {subprocess.py:106} INFO - 	ssl.keystore.certificate.chain = null
[2026-04-12T09:21:37.176+0000] {subprocess.py:106} INFO - 	ssl.keystore.key = null
[2026-04-12T09:21:37.176+0000] {subprocess.py:106} INFO - 	ssl.keystore.location = null
[2026-04-12T09:21:37.177+0000] {subprocess.py:106} INFO - 	ssl.keystore.password = null
[2026-04-12T09:21:37.177+0000] {subprocess.py:106} INFO - 	ssl.keystore.type = JKS
[2026-04-12T09:21:37.178+0000] {subprocess.py:106} INFO - 	ssl.protocol = TLSv1.3
[2026-04-12T09:21:37.178+0000] {subprocess.py:106} INFO - 	ssl.provider = null
[2026-04-12T09:21:37.179+0000] {subprocess.py:106} INFO - 	ssl.secure.random.implementation = null
[2026-04-12T09:21:37.179+0000] {subprocess.py:106} INFO - 	ssl.trustmanager.algorithm = PKIX
[2026-04-12T09:21:37.180+0000] {subprocess.py:106} INFO - 	ssl.truststore.certificates = null
[2026-04-12T09:21:37.181+0000] {subprocess.py:106} INFO - 	ssl.truststore.location = null
[2026-04-12T09:21:37.181+0000] {subprocess.py:106} INFO - 	ssl.truststore.password = null
[2026-04-12T09:21:37.182+0000] {subprocess.py:106} INFO - 	ssl.truststore.type = JKS
[2026-04-12T09:21:37.183+0000] {subprocess.py:106} INFO - 	value.deserializer = class org.apache.kafka.common.serialization.ByteArrayDeserializer
[2026-04-12T09:21:37.183+0000] {subprocess.py:106} INFO - 
[2026-04-12T09:21:37.184+0000] {subprocess.py:106} INFO - 26/04/12 09:21:36 INFO ConsumerConfig: ConsumerConfig values:
[2026-04-12T09:21:37.184+0000] {subprocess.py:106} INFO - 	allow.auto.create.topics = true
[2026-04-12T09:21:37.185+0000] {subprocess.py:106} INFO - 	auto.commit.interval.ms = 5000
[2026-04-12T09:21:37.186+0000] {subprocess.py:106} INFO - 	auto.include.jmx.reporter = true
[2026-04-12T09:21:37.186+0000] {subprocess.py:106} INFO - 	auto.offset.reset = none
[2026-04-12T09:21:37.187+0000] {subprocess.py:106} INFO - 	bootstrap.servers = [kafka:9092]
[2026-04-12T09:21:37.188+0000] {subprocess.py:106} INFO - 	check.crcs = true
[2026-04-12T09:21:37.189+0000] {subprocess.py:106} INFO - 	client.dns.lookup = use_all_dns_ips
[2026-04-12T09:21:37.189+0000] {subprocess.py:106} INFO - 	client.id = consumer-spark-kafka-source-62663d2b-28c9-4798-8db8-56a8e71c8979--983882313-executor-3
[2026-04-12T09:21:37.190+0000] {subprocess.py:106} INFO - 	client.rack =
[2026-04-12T09:21:37.191+0000] {subprocess.py:106} INFO - 	connections.max.idle.ms = 540000
[2026-04-12T09:21:37.191+0000] {subprocess.py:106} INFO - 	default.api.timeout.ms = 60000
[2026-04-12T09:21:37.192+0000] {subprocess.py:106} INFO - 	enable.auto.commit = false
[2026-04-12T09:21:37.193+0000] {subprocess.py:106} INFO - 	enable.metrics.push = true
[2026-04-12T09:21:37.193+0000] {subprocess.py:106} INFO - 	exclude.internal.topics = true
[2026-04-12T09:21:37.194+0000] {subprocess.py:106} INFO - 	fetch.max.bytes = 52428800
[2026-04-12T09:21:37.194+0000] {subprocess.py:106} INFO - 	fetch.max.wait.ms = 500
[2026-04-12T09:21:37.195+0000] {subprocess.py:106} INFO - 	fetch.min.bytes = 1
[2026-04-12T09:21:37.195+0000] {subprocess.py:106} INFO - 	group.id = spark-kafka-source-62663d2b-28c9-4798-8db8-56a8e71c8979--983882313-executor
[2026-04-12T09:21:37.196+0000] {subprocess.py:106} INFO - 	group.instance.id = null
[2026-04-12T09:21:37.197+0000] {subprocess.py:106} INFO - 	group.protocol = classic
[2026-04-12T09:21:37.197+0000] {subprocess.py:106} INFO - 	group.remote.assignor = null
[2026-04-12T09:21:37.198+0000] {subprocess.py:106} INFO - 	heartbeat.interval.ms = 3000
[2026-04-12T09:21:37.198+0000] {subprocess.py:106} INFO - 	interceptor.classes = []
[2026-04-12T09:21:37.199+0000] {subprocess.py:106} INFO - 	internal.leave.group.on.close = true
[2026-04-12T09:21:37.199+0000] {subprocess.py:106} INFO - 	internal.throw.on.fetch.stable.offset.unsupported = false
[2026-04-12T09:21:37.200+0000] {subprocess.py:106} INFO - 	isolation.level = read_uncommitted
[2026-04-12T09:21:37.200+0000] {subprocess.py:106} INFO - 	key.deserializer = class org.apache.kafka.common.serialization.ByteArrayDeserializer
[2026-04-12T09:21:37.201+0000] {subprocess.py:106} INFO - 	max.partition.fetch.bytes = 1048576
[2026-04-12T09:21:37.201+0000] {subprocess.py:106} INFO - 	max.poll.interval.ms = 300000
[2026-04-12T09:21:37.202+0000] {subprocess.py:106} INFO - 	max.poll.records = 500
[2026-04-12T09:21:37.202+0000] {subprocess.py:106} INFO - 	metadata.max.age.ms = 300000
[2026-04-12T09:21:37.202+0000] {subprocess.py:106} INFO - 	metadata.recovery.strategy = none
[2026-04-12T09:21:37.203+0000] {subprocess.py:106} INFO - 	metric.reporters = []
[2026-04-12T09:21:37.203+0000] {subprocess.py:106} INFO - 	metrics.num.samples = 2
[2026-04-12T09:21:37.204+0000] {subprocess.py:106} INFO - 	metrics.recording.level = INFO
[2026-04-12T09:21:37.204+0000] {subprocess.py:106} INFO - 	metrics.sample.window.ms = 30000
[2026-04-12T09:21:37.204+0000] {subprocess.py:106} INFO - 	partition.assignment.strategy = [class org.apache.kafka.clients.consumer.RangeAssignor, class org.apache.kafka.clients.consumer.CooperativeStickyAssignor]
[2026-04-12T09:21:37.205+0000] {subprocess.py:106} INFO - 	receive.buffer.bytes = 65536
[2026-04-12T09:21:37.205+0000] {subprocess.py:106} INFO - 	reconnect.backoff.max.ms = 1000
[2026-04-12T09:21:37.206+0000] {subprocess.py:106} INFO - 	reconnect.backoff.ms = 50
[2026-04-12T09:21:37.206+0000] {subprocess.py:106} INFO - 	request.timeout.ms = 30000
[2026-04-12T09:21:37.207+0000] {subprocess.py:106} INFO - 	retry.backoff.max.ms = 1000
[2026-04-12T09:21:37.207+0000] {subprocess.py:106} INFO - 	retry.backoff.ms = 100
[2026-04-12T09:21:37.208+0000] {subprocess.py:106} INFO - 	sasl.client.callback.handler.class = null
[2026-04-12T09:21:37.208+0000] {subprocess.py:106} INFO - 	sasl.jaas.config = null
[2026-04-12T09:21:37.209+0000] {subprocess.py:106} INFO - 	sasl.kerberos.kinit.cmd = /usr/bin/kinit
[2026-04-12T09:21:37.209+0000] {subprocess.py:106} INFO - 	sasl.kerberos.min.time.before.relogin = 60000
[2026-04-12T09:21:37.210+0000] {subprocess.py:106} INFO - 	sasl.kerberos.service.name = null
[2026-04-12T09:21:37.210+0000] {subprocess.py:106} INFO - 	sasl.kerberos.ticket.renew.jitter = 0.05
[2026-04-12T09:21:37.210+0000] {subprocess.py:106} INFO - 	sasl.kerberos.ticket.renew.window.factor = 0.8
[2026-04-12T09:21:37.211+0000] {subprocess.py:106} INFO - 	sasl.login.callback.handler.class = null
[2026-04-12T09:21:37.211+0000] {subprocess.py:106} INFO - 	sasl.login.class = null
[2026-04-12T09:21:37.212+0000] {subprocess.py:106} INFO - 	sasl.login.connect.timeout.ms = null
[2026-04-12T09:21:37.212+0000] {subprocess.py:106} INFO - 	sasl.login.read.timeout.ms = null
[2026-04-12T09:21:37.212+0000] {subprocess.py:106} INFO - 	sasl.login.refresh.buffer.seconds = 300
[2026-04-12T09:21:37.213+0000] {subprocess.py:106} INFO - 	sasl.login.refresh.min.period.seconds = 60
[2026-04-12T09:21:37.213+0000] {subprocess.py:106} INFO - 	sasl.login.refresh.window.factor = 0.8
[2026-04-12T09:21:37.214+0000] {subprocess.py:106} INFO - 	sasl.login.refresh.window.jitter = 0.05
[2026-04-12T09:21:37.214+0000] {subprocess.py:106} INFO - 	sasl.login.retry.backoff.max.ms = 10000
[2026-04-12T09:21:37.214+0000] {subprocess.py:106} INFO - 	sasl.login.retry.backoff.ms = 100
[2026-04-12T09:21:37.215+0000] {subprocess.py:106} INFO - 	sasl.mechanism = GSSAPI
[2026-04-12T09:21:37.215+0000] {subprocess.py:106} INFO - 	sasl.oauthbearer.clock.skew.seconds = 30
[2026-04-12T09:21:37.216+0000] {subprocess.py:106} INFO - 	sasl.oauthbearer.expected.audience = null
[2026-04-12T09:21:37.216+0000] {subprocess.py:106} INFO - 	sasl.oauthbearer.expected.issuer = null
[2026-04-12T09:21:37.217+0000] {subprocess.py:106} INFO - 	sasl.oauthbearer.header.urlencode = false
[2026-04-12T09:21:37.217+0000] {subprocess.py:106} INFO - 	sasl.oauthbearer.jwks.endpoint.refresh.ms = 3600000
[2026-04-12T09:21:37.217+0000] {subprocess.py:106} INFO - 	sasl.oauthbearer.jwks.endpoint.retry.backoff.max.ms = 10000
[2026-04-12T09:21:37.218+0000] {subprocess.py:106} INFO - 	sasl.oauthbearer.jwks.endpoint.retry.backoff.ms = 100
[2026-04-12T09:21:37.218+0000] {subprocess.py:106} INFO - 	sasl.oauthbearer.jwks.endpoint.url = null
[2026-04-12T09:21:37.219+0000] {subprocess.py:106} INFO - 	sasl.oauthbearer.scope.claim.name = scope
[2026-04-12T09:21:37.219+0000] {subprocess.py:106} INFO - 	sasl.oauthbearer.sub.claim.name = sub
[2026-04-12T09:21:37.220+0000] {subprocess.py:106} INFO - 	sasl.oauthbearer.token.endpoint.url = null
[2026-04-12T09:21:37.220+0000] {subprocess.py:106} INFO - 	security.protocol = PLAINTEXT
[2026-04-12T09:21:37.221+0000] {subprocess.py:106} INFO - 	security.providers = null
[2026-04-12T09:21:37.221+0000] {subprocess.py:106} INFO - 	send.buffer.bytes = 131072
[2026-04-12T09:21:37.222+0000] {subprocess.py:106} INFO - 	session.timeout.ms = 45000
[2026-04-12T09:21:37.222+0000] {subprocess.py:106} INFO - 	socket.connection.setup.timeout.max.ms = 30000
[2026-04-12T09:21:37.222+0000] {subprocess.py:106} INFO - 	socket.connection.setup.timeout.ms = 10000
[2026-04-12T09:21:37.223+0000] {subprocess.py:106} INFO - 	ssl.cipher.suites = null
[2026-04-12T09:21:37.223+0000] {subprocess.py:106} INFO - 	ssl.enabled.protocols = [TLSv1.2, TLSv1.3]
[2026-04-12T09:21:37.224+0000] {subprocess.py:106} INFO - 	ssl.endpoint.identification.algorithm = https
[2026-04-12T09:21:37.224+0000] {subprocess.py:106} INFO - 	ssl.engine.factory.class = null
[2026-04-12T09:21:37.224+0000] {subprocess.py:106} INFO - 	ssl.key.password = null
[2026-04-12T09:21:37.225+0000] {subprocess.py:106} INFO - 	ssl.keymanager.algorithm = SunX509
[2026-04-12T09:21:37.225+0000] {subprocess.py:106} INFO - 	ssl.keystore.certificate.chain = null
[2026-04-12T09:21:37.225+0000] {subprocess.py:106} INFO - 	ssl.keystore.key = null
[2026-04-12T09:21:37.226+0000] {subprocess.py:106} INFO - 	ssl.keystore.location = null
[2026-04-12T09:21:37.226+0000] {subprocess.py:106} INFO - 	ssl.keystore.password = null
[2026-04-12T09:21:37.227+0000] {subprocess.py:106} INFO - 	ssl.keystore.type = JKS
[2026-04-12T09:21:37.227+0000] {subprocess.py:106} INFO - 	ssl.protocol = TLSv1.3
[2026-04-12T09:21:37.227+0000] {subprocess.py:106} INFO - 	ssl.provider = null
[2026-04-12T09:21:37.228+0000] {subprocess.py:106} INFO - 	ssl.secure.random.implementation = null
[2026-04-12T09:21:37.228+0000] {subprocess.py:106} INFO - 	ssl.trustmanager.algorithm = PKIX
[2026-04-12T09:21:37.229+0000] {subprocess.py:106} INFO - 	ssl.truststore.certificates = null
[2026-04-12T09:21:37.229+0000] {subprocess.py:106} INFO - 	ssl.truststore.location = null
[2026-04-12T09:21:37.230+0000] {subprocess.py:106} INFO - 	ssl.truststore.password = null
[2026-04-12T09:21:37.230+0000] {subprocess.py:106} INFO - 	ssl.truststore.type = JKS
[2026-04-12T09:21:37.230+0000] {subprocess.py:106} INFO - 	value.deserializer = class org.apache.kafka.common.serialization.ByteArrayDeserializer
[2026-04-12T09:21:37.231+0000] {subprocess.py:106} INFO - 
[2026-04-12T09:21:37.231+0000] {subprocess.py:106} INFO - 26/04/12 09:21:37 INFO KafkaMetricsCollector: initializing Kafka metrics collector
[2026-04-12T09:21:37.232+0000] {subprocess.py:106} INFO - 26/04/12 09:21:37 INFO KafkaMetricsCollector: initializing Kafka metrics collector
[2026-04-12T09:21:37.232+0000] {subprocess.py:106} INFO - 26/04/12 09:21:37 INFO KafkaMetricsCollector: initializing Kafka metrics collector
[2026-04-12T09:21:37.250+0000] {subprocess.py:106} INFO - 26/04/12 09:21:37 INFO AppInfoParser: Kafka version: 3.9.0
[2026-04-12T09:21:37.251+0000] {subprocess.py:106} INFO - 26/04/12 09:21:37 INFO AppInfoParser: Kafka commitId: 84caaa6e9da06435
[2026-04-12T09:21:37.255+0000] {subprocess.py:106} INFO - 26/04/12 09:21:37 INFO AppInfoParser: Kafka startTimeMs: 1775985697249
[2026-04-12T09:21:37.256+0000] {subprocess.py:106} INFO - 26/04/12 09:21:37 INFO AppInfoParser: Kafka version: 3.9.0
[2026-04-12T09:21:37.256+0000] {subprocess.py:106} INFO - 26/04/12 09:21:37 INFO AppInfoParser: Kafka commitId: 84caaa6e9da06435
[2026-04-12T09:21:37.257+0000] {subprocess.py:106} INFO - 26/04/12 09:21:37 INFO AppInfoParser: Kafka startTimeMs: 1775985697249
[2026-04-12T09:21:37.257+0000] {subprocess.py:106} INFO - 26/04/12 09:21:37 INFO AppInfoParser: Kafka version: 3.9.0
[2026-04-12T09:21:37.257+0000] {subprocess.py:106} INFO - 26/04/12 09:21:37 INFO AppInfoParser: Kafka commitId: 84caaa6e9da06435
[2026-04-12T09:21:37.258+0000] {subprocess.py:106} INFO - 26/04/12 09:21:37 INFO AppInfoParser: Kafka startTimeMs: 1775985697249
[2026-04-12T09:21:37.258+0000] {subprocess.py:106} INFO - 26/04/12 09:21:37 INFO ClassicKafkaConsumer: [Consumer clientId=consumer-spark-kafka-source-62663d2b-28c9-4798-8db8-56a8e71c8979--983882313-executor-1, groupId=spark-kafka-source-62663d2b-28c9-4798-8db8-56a8e71c8979--983882313-executor] Assigned to partition(s): weather-topic-1
[2026-04-12T09:21:37.259+0000] {subprocess.py:106} INFO - 26/04/12 09:21:37 INFO ClassicKafkaConsumer: [Consumer clientId=consumer-spark-kafka-source-62663d2b-28c9-4798-8db8-56a8e71c8979--983882313-executor-3, groupId=spark-kafka-source-62663d2b-28c9-4798-8db8-56a8e71c8979--983882313-executor] Assigned to partition(s): weather-topic-0
[2026-04-12T09:21:37.259+0000] {subprocess.py:106} INFO - 26/04/12 09:21:37 INFO ClassicKafkaConsumer: [Consumer clientId=consumer-spark-kafka-source-62663d2b-28c9-4798-8db8-56a8e71c8979--983882313-executor-2, groupId=spark-kafka-source-62663d2b-28c9-4798-8db8-56a8e71c8979--983882313-executor] Assigned to partition(s): weather-topic-2
[2026-04-12T09:21:37.272+0000] {subprocess.py:106} INFO - 26/04/12 09:21:37 INFO ClassicKafkaConsumer: [Consumer clientId=consumer-spark-kafka-source-62663d2b-28c9-4798-8db8-56a8e71c8979--983882313-executor-3, groupId=spark-kafka-source-62663d2b-28c9-4798-8db8-56a8e71c8979--983882313-executor] Seeking to offset 320 for partition weather-topic-0
[2026-04-12T09:21:37.273+0000] {subprocess.py:106} INFO - 26/04/12 09:21:37 INFO ClassicKafkaConsumer: [Consumer clientId=consumer-spark-kafka-source-62663d2b-28c9-4798-8db8-56a8e71c8979--983882313-executor-2, groupId=spark-kafka-source-62663d2b-28c9-4798-8db8-56a8e71c8979--983882313-executor] Seeking to offset 330 for partition weather-topic-2
[2026-04-12T09:21:37.273+0000] {subprocess.py:106} INFO - 26/04/12 09:21:37 INFO ClassicKafkaConsumer: [Consumer clientId=consumer-spark-kafka-source-62663d2b-28c9-4798-8db8-56a8e71c8979--983882313-executor-1, groupId=spark-kafka-source-62663d2b-28c9-4798-8db8-56a8e71c8979--983882313-executor] Seeking to offset 310 for partition weather-topic-1
[2026-04-12T09:21:37.292+0000] {subprocess.py:106} INFO - 26/04/12 09:21:37 INFO Metadata: [Consumer clientId=consumer-spark-kafka-source-62663d2b-28c9-4798-8db8-56a8e71c8979--983882313-executor-2, groupId=spark-kafka-source-62663d2b-28c9-4798-8db8-56a8e71c8979--983882313-executor] Cluster ID: kkX-ljWLTPS7MNugi1CRGg
[2026-04-12T09:21:37.292+0000] {subprocess.py:106} INFO - 26/04/12 09:21:37 INFO Metadata: [Consumer clientId=consumer-spark-kafka-source-62663d2b-28c9-4798-8db8-56a8e71c8979--983882313-executor-3, groupId=spark-kafka-source-62663d2b-28c9-4798-8db8-56a8e71c8979--983882313-executor] Cluster ID: kkX-ljWLTPS7MNugi1CRGg
[2026-04-12T09:21:37.294+0000] {subprocess.py:106} INFO - 26/04/12 09:21:37 INFO Metadata: [Consumer clientId=consumer-spark-kafka-source-62663d2b-28c9-4798-8db8-56a8e71c8979--983882313-executor-1, groupId=spark-kafka-source-62663d2b-28c9-4798-8db8-56a8e71c8979--983882313-executor] Cluster ID: kkX-ljWLTPS7MNugi1CRGg
[2026-04-12T09:21:37.457+0000] {subprocess.py:106} INFO - 26/04/12 09:21:37 INFO SubscriptionState: [Consumer clientId=consumer-spark-kafka-source-62663d2b-28c9-4798-8db8-56a8e71c8979--983882313-executor-2, groupId=spark-kafka-source-62663d2b-28c9-4798-8db8-56a8e71c8979--983882313-executor] Seeking to earliest offset of partition weather-topic-2
[2026-04-12T09:21:37.459+0000] {subprocess.py:106} INFO - 26/04/12 09:21:37 INFO SubscriptionState: [Consumer clientId=consumer-spark-kafka-source-62663d2b-28c9-4798-8db8-56a8e71c8979--983882313-executor-1, groupId=spark-kafka-source-62663d2b-28c9-4798-8db8-56a8e71c8979--983882313-executor] Seeking to earliest offset of partition weather-topic-1
[2026-04-12T09:21:37.459+0000] {subprocess.py:106} INFO - 26/04/12 09:21:37 INFO SubscriptionState: [Consumer clientId=consumer-spark-kafka-source-62663d2b-28c9-4798-8db8-56a8e71c8979--983882313-executor-3, groupId=spark-kafka-source-62663d2b-28c9-4798-8db8-56a8e71c8979--983882313-executor] Seeking to earliest offset of partition weather-topic-0
[2026-04-12T09:21:37.987+0000] {subprocess.py:106} INFO - 26/04/12 09:21:37 INFO SubscriptionState: [Consumer clientId=consumer-spark-kafka-source-62663d2b-28c9-4798-8db8-56a8e71c8979--983882313-executor-2, groupId=spark-kafka-source-62663d2b-28c9-4798-8db8-56a8e71c8979--983882313-executor] Resetting offset for partition weather-topic-2 to position FetchPosition{offset=0, offsetEpoch=Optional.empty, currentLeader=LeaderAndEpoch{leader=Optional[kafka:9092 (id: 1 rack: null)], epoch=0}}.
[2026-04-12T09:21:37.987+0000] {subprocess.py:106} INFO - 26/04/12 09:21:37 INFO SubscriptionState: [Consumer clientId=consumer-spark-kafka-source-62663d2b-28c9-4798-8db8-56a8e71c8979--983882313-executor-3, groupId=spark-kafka-source-62663d2b-28c9-4798-8db8-56a8e71c8979--983882313-executor] Resetting offset for partition weather-topic-0 to position FetchPosition{offset=0, offsetEpoch=Optional.empty, currentLeader=LeaderAndEpoch{leader=Optional[kafka:9092 (id: 1 rack: null)], epoch=0}}.
[2026-04-12T09:21:37.988+0000] {subprocess.py:106} INFO - 26/04/12 09:21:37 INFO SubscriptionState: [Consumer clientId=consumer-spark-kafka-source-62663d2b-28c9-4798-8db8-56a8e71c8979--983882313-executor-1, groupId=spark-kafka-source-62663d2b-28c9-4798-8db8-56a8e71c8979--983882313-executor] Resetting offset for partition weather-topic-1 to position FetchPosition{offset=0, offsetEpoch=Optional.empty, currentLeader=LeaderAndEpoch{leader=Optional[kafka:9092 (id: 1 rack: null)], epoch=0}}.
[2026-04-12T09:21:37.988+0000] {subprocess.py:106} INFO - 26/04/12 09:21:37 INFO SubscriptionState: [Consumer clientId=consumer-spark-kafka-source-62663d2b-28c9-4798-8db8-56a8e71c8979--983882313-executor-2, groupId=spark-kafka-source-62663d2b-28c9-4798-8db8-56a8e71c8979--983882313-executor] Seeking to latest offset of partition weather-topic-2
[2026-04-12T09:21:37.989+0000] {subprocess.py:106} INFO - 26/04/12 09:21:37 INFO SubscriptionState: [Consumer clientId=consumer-spark-kafka-source-62663d2b-28c9-4798-8db8-56a8e71c8979--983882313-executor-3, groupId=spark-kafka-source-62663d2b-28c9-4798-8db8-56a8e71c8979--983882313-executor] Seeking to latest offset of partition weather-topic-0
[2026-04-12T09:21:37.990+0000] {subprocess.py:106} INFO - 26/04/12 09:21:37 INFO SubscriptionState: [Consumer clientId=consumer-spark-kafka-source-62663d2b-28c9-4798-8db8-56a8e71c8979--983882313-executor-1, groupId=spark-kafka-source-62663d2b-28c9-4798-8db8-56a8e71c8979--983882313-executor] Seeking to latest offset of partition weather-topic-1
[2026-04-12T09:21:37.990+0000] {subprocess.py:106} INFO - 26/04/12 09:21:37 INFO SubscriptionState: [Consumer clientId=consumer-spark-kafka-source-62663d2b-28c9-4798-8db8-56a8e71c8979--983882313-executor-3, groupId=spark-kafka-source-62663d2b-28c9-4798-8db8-56a8e71c8979--983882313-executor] Resetting offset for partition weather-topic-0 to position FetchPosition{offset=327, offsetEpoch=Optional.empty, currentLeader=LeaderAndEpoch{leader=Optional[kafka:9092 (id: 1 rack: null)], epoch=0}}.
[2026-04-12T09:21:37.991+0000] {subprocess.py:106} INFO - 26/04/12 09:21:37 INFO SubscriptionState: [Consumer clientId=consumer-spark-kafka-source-62663d2b-28c9-4798-8db8-56a8e71c8979--983882313-executor-1, groupId=spark-kafka-source-62663d2b-28c9-4798-8db8-56a8e71c8979--983882313-executor] Resetting offset for partition weather-topic-1 to position FetchPosition{offset=317, offsetEpoch=Optional.empty, currentLeader=LeaderAndEpoch{leader=Optional[kafka:9092 (id: 1 rack: null)], epoch=0}}.
[2026-04-12T09:21:37.991+0000] {subprocess.py:106} INFO - 26/04/12 09:21:37 INFO SubscriptionState: [Consumer clientId=consumer-spark-kafka-source-62663d2b-28c9-4798-8db8-56a8e71c8979--983882313-executor-2, groupId=spark-kafka-source-62663d2b-28c9-4798-8db8-56a8e71c8979--983882313-executor] Resetting offset for partition weather-topic-2 to position FetchPosition{offset=336, offsetEpoch=Optional.empty, currentLeader=LeaderAndEpoch{leader=Optional[kafka:9092 (id: 1 rack: null)], epoch=0}}.
[2026-04-12T09:21:38.201+0000] {subprocess.py:106} INFO - 26/04/12 09:21:38 INFO KafkaDataConsumer: From Kafka topicPartition=weather-topic-0 groupId=spark-kafka-source-62663d2b-28c9-4798-8db8-56a8e71c8979--983882313-executor read 7 records through 1 polls (polled out 7 records), taking 718.568981 ms, during time span of 930.517616 ms.
[2026-04-12T09:21:38.202+0000] {subprocess.py:106} INFO - 26/04/12 09:21:38 INFO KafkaDataConsumer: From Kafka topicPartition=weather-topic-2 groupId=spark-kafka-source-62663d2b-28c9-4798-8db8-56a8e71c8979--983882313-executor read 6 records through 1 polls (polled out 6 records), taking 718.621985 ms, during time span of 930.513795 ms.
[2026-04-12T09:21:38.203+0000] {subprocess.py:106} INFO - 26/04/12 09:21:38 INFO KafkaDataConsumer: From Kafka topicPartition=weather-topic-1 groupId=spark-kafka-source-62663d2b-28c9-4798-8db8-56a8e71c8979--983882313-executor read 7 records through 1 polls (polled out 7 records), taking 718.405946 ms, during time span of 930.442383 ms.
[2026-04-12T09:21:38.221+0000] {subprocess.py:106} INFO - 26/04/12 09:21:38 INFO Executor: Finished task 2.0 in stage 0.0 (TID 2). 2382 bytes result sent to driver
[2026-04-12T09:21:38.222+0000] {subprocess.py:106} INFO - 26/04/12 09:21:38 INFO Executor: Finished task 1.0 in stage 0.0 (TID 1). 2382 bytes result sent to driver
[2026-04-12T09:21:38.222+0000] {subprocess.py:106} INFO - 26/04/12 09:21:38 INFO Executor: Finished task 0.0 in stage 0.0 (TID 0). 2382 bytes result sent to driver
[2026-04-12T09:21:38.235+0000] {subprocess.py:106} INFO - 26/04/12 09:21:38 INFO TaskSetManager: Finished task 1.0 in stage 0.0 (TID 1) in 1804 ms on spark-master (executor driver) (1/3)
[2026-04-12T09:21:38.237+0000] {subprocess.py:106} INFO - 26/04/12 09:21:38 INFO TaskSetManager: Finished task 0.0 in stage 0.0 (TID 0) in 1838 ms on spark-master (executor driver) (2/3)
[2026-04-12T09:21:38.238+0000] {subprocess.py:106} INFO - 26/04/12 09:21:38 INFO TaskSetManager: Finished task 2.0 in stage 0.0 (TID 2) in 1808 ms on spark-master (executor driver) (3/3)
[2026-04-12T09:21:38.239+0000] {subprocess.py:106} INFO - 26/04/12 09:21:38 INFO TaskSchedulerImpl: Removed TaskSet 0.0 whose tasks have all completed, from pool
[2026-04-12T09:21:38.246+0000] {subprocess.py:106} INFO - 26/04/12 09:21:38 INFO DAGScheduler: ShuffleMapStage 0 (start at NativeMethodAccessorImpl.java:0) finished in 2038 ms
[2026-04-12T09:21:38.247+0000] {subprocess.py:106} INFO - 26/04/12 09:21:38 INFO DAGScheduler: looking for newly runnable stages
[2026-04-12T09:21:38.247+0000] {subprocess.py:106} INFO - 26/04/12 09:21:38 INFO DAGScheduler: running: HashSet()
[2026-04-12T09:21:38.248+0000] {subprocess.py:106} INFO - 26/04/12 09:21:38 INFO DAGScheduler: waiting: HashSet(ResultStage 1)
[2026-04-12T09:21:38.248+0000] {subprocess.py:106} INFO - 26/04/12 09:21:38 INFO DAGScheduler: failed: HashSet()
[2026-04-12T09:21:38.251+0000] {subprocess.py:106} INFO - 26/04/12 09:21:38 INFO DAGScheduler: Submitting ResultStage 1 (MapPartitionsRDD[9] at start at NativeMethodAccessorImpl.java:0), which has no missing parents
[2026-04-12T09:21:38.259+0000] {subprocess.py:106} INFO - 26/04/12 09:21:38 INFO MemoryStore: Block broadcast_1 stored as values in memory (estimated size 13.6 KiB, free 1048.7 MiB)
[2026-04-12T09:21:38.261+0000] {subprocess.py:106} INFO - 26/04/12 09:21:38 INFO MemoryStore: Block broadcast_1_piece0 stored as bytes in memory (estimated size 6.5 KiB, free 1048.7 MiB)
[2026-04-12T09:21:38.263+0000] {subprocess.py:106} INFO - 26/04/12 09:21:38 INFO SparkContext: Created broadcast 1 from broadcast at DAGScheduler.scala:1676
[2026-04-12T09:21:38.265+0000] {subprocess.py:106} INFO - 26/04/12 09:21:38 INFO DAGScheduler: Submitting 1 missing tasks from ResultStage 1 (MapPartitionsRDD[9] at start at NativeMethodAccessorImpl.java:0) (first 15 tasks are for partitions Vector(0))
[2026-04-12T09:21:38.265+0000] {subprocess.py:106} INFO - 26/04/12 09:21:38 INFO TaskSchedulerImpl: Adding task set 1.0 with 1 tasks resource profile 0
[2026-04-12T09:21:38.271+0000] {subprocess.py:106} INFO - 26/04/12 09:21:38 INFO TaskSetManager: Starting task 0.0 in stage 1.0 (TID 3) (spark-master,executor driver, partition 0, NODE_LOCAL, 12446 bytes)
[2026-04-12T09:21:38.272+0000] {subprocess.py:106} INFO - 26/04/12 09:21:38 INFO Executor: Running task 0.0 in stage 1.0 (TID 3)
[2026-04-12T09:21:38.317+0000] {subprocess.py:106} INFO - 26/04/12 09:21:38 INFO ShuffleBlockFetcherIterator: Getting 3 (180.0 B) non-empty blocks including 3 (180.0 B) local and 0 (0.0 B) host-local and 0 (0.0 B) push-merged-local and 0 (0.0 B) remote blocks
[2026-04-12T09:21:38.320+0000] {subprocess.py:106} INFO - 26/04/12 09:21:38 INFO ShuffleBlockFetcherIterator: Started 0 remote fetches in 15 ms
[2026-04-12T09:21:38.348+0000] {subprocess.py:106} INFO - 26/04/12 09:21:38 INFO CodeGenerator: Code generated in 24.151624 ms
[2026-04-12T09:21:38.377+0000] {subprocess.py:106} INFO - 26/04/12 09:21:38 INFO Executor: Finished task 0.0 in stage 1.0 (TID 3). 3981 bytes result sent to driver
[2026-04-12T09:21:38.387+0000] {subprocess.py:106} INFO - 26/04/12 09:21:38 INFO TaskSetManager: Finished task 0.0 in stage 1.0 (TID 3) in 112 ms on spark-master (executor driver) (1/1)
[2026-04-12T09:21:38.387+0000] {subprocess.py:106} INFO - 26/04/12 09:21:38 INFO TaskSchedulerImpl: Removed TaskSet 1.0 whose tasks have all completed, from pool
[2026-04-12T09:21:38.388+0000] {subprocess.py:106} INFO - 26/04/12 09:21:38 INFO DAGScheduler: ResultStage 1 (start at NativeMethodAccessorImpl.java:0) finished in 125 ms
[2026-04-12T09:21:38.391+0000] {subprocess.py:106} INFO - 26/04/12 09:21:38 INFO DAGScheduler: Job 0 is finished. Cancelling potential speculative or zombie tasks for this job
[2026-04-12T09:21:38.391+0000] {subprocess.py:106} INFO - 26/04/12 09:21:38 INFO TaskSchedulerImpl: Canceling stage 1
[2026-04-12T09:21:38.393+0000] {subprocess.py:106} INFO - 26/04/12 09:21:38 INFO TaskSchedulerImpl: Killing all running tasks in stage 1: Stage finished
[2026-04-12T09:21:38.397+0000] {subprocess.py:106} INFO - 26/04/12 09:21:38 INFO DAGScheduler: Job 0 finished: start at NativeMethodAccessorImpl.java:0, took 2269.102956 ms
[2026-04-12T09:21:38.599+0000] {subprocess.py:106} INFO - 26/04/12 09:21:38 INFO ParquetUtils: Using default output committer for Parquet: org.apache.parquet.hadoop.ParquetOutputCommitter
[2026-04-12T09:21:38.629+0000] {subprocess.py:106} INFO - 26/04/12 09:21:38 INFO FileOutputCommitter: File Output Committer Algorithm version is 1
[2026-04-12T09:21:38.630+0000] {subprocess.py:106} INFO - 26/04/12 09:21:38 INFO FileOutputCommitter: FileOutputCommitter skip cleanup _temporary folders under output directory:false, ignore cleanup failures: false
[2026-04-12T09:21:38.631+0000] {subprocess.py:106} INFO - 26/04/12 09:21:38 INFO SQLHadoopMapReduceCommitProtocol: Using user defined output committer class org.apache.parquet.hadoop.ParquetOutputCommitter
[2026-04-12T09:21:38.632+0000] {subprocess.py:106} INFO - 26/04/12 09:21:38 INFO FileOutputCommitter: File Output Committer Algorithm version is 1
[2026-04-12T09:21:38.632+0000] {subprocess.py:106} INFO - 26/04/12 09:21:38 INFO FileOutputCommitter: FileOutputCommitter skip cleanup _temporary folders under output directory:false, ignore cleanup failures: false
[2026-04-12T09:21:38.633+0000] {subprocess.py:106} INFO - 26/04/12 09:21:38 INFO SQLHadoopMapReduceCommitProtocol: Using output committer class org.apache.parquet.hadoop.ParquetOutputCommitter
[2026-04-12T09:21:38.672+0000] {subprocess.py:106} INFO - 26/04/12 09:21:38 INFO CodeGenerator: Code generated in 24.731989 ms
[2026-04-12T09:21:38.695+0000] {subprocess.py:106} INFO - 26/04/12 09:21:38 INFO SparkContext: Starting job: start at NativeMethodAccessorImpl.java:0
[2026-04-12T09:21:38.697+0000] {subprocess.py:106} INFO - 26/04/12 09:21:38 INFO DAGScheduler: Got job 1 (start at NativeMethodAccessorImpl.java:0) with 3 output partitions
[2026-04-12T09:21:38.698+0000] {subprocess.py:106} INFO - 26/04/12 09:21:38 INFO DAGScheduler: Final stage: ResultStage 2 (start at NativeMethodAccessorImpl.java:0)
[2026-04-12T09:21:38.698+0000] {subprocess.py:106} INFO - 26/04/12 09:21:38 INFO DAGScheduler: Parents of final stage: List()
[2026-04-12T09:21:38.700+0000] {subprocess.py:106} INFO - 26/04/12 09:21:38 INFO DAGScheduler: Missing parents: List()
[2026-04-12T09:21:38.701+0000] {subprocess.py:106} INFO - 26/04/12 09:21:38 INFO DAGScheduler: Submitting ResultStage 2 (MapPartitionsRDD[16] at start at NativeMethodAccessorImpl.java:0), which has no missing parents
[2026-04-12T09:21:38.775+0000] {subprocess.py:106} INFO - 26/04/12 09:21:38 INFO MemoryStore: Block broadcast_2 stored as values in memory (estimated size 298.8 KiB, free 1048.5 MiB)
[2026-04-12T09:21:38.777+0000] {subprocess.py:106} INFO - 26/04/12 09:21:38 INFO MemoryStore: Block broadcast_2_piece0 stored as bytes in memory (estimated size 105.7 KiB, free 1048.4 MiB)
[2026-04-12T09:21:38.780+0000] {subprocess.py:106} INFO - 26/04/12 09:21:38 INFO SparkContext: Created broadcast 2 from broadcast at DAGScheduler.scala:1676
[2026-04-12T09:21:38.781+0000] {subprocess.py:106} INFO - 26/04/12 09:21:38 INFO DAGScheduler: Submitting 3 missing tasks from ResultStage 2 (MapPartitionsRDD[16] at start at NativeMethodAccessorImpl.java:0) (first 15 tasks are for partitions Vector(0, 1, 2))
[2026-04-12T09:21:38.782+0000] {subprocess.py:106} INFO - 26/04/12 09:21:38 INFO TaskSchedulerImpl: Adding task set 2.0 with 3 tasks resource profile 0
[2026-04-12T09:21:38.784+0000] {subprocess.py:106} INFO - 26/04/12 09:21:38 INFO TaskSetManager: Starting task 0.0 in stage 2.0 (TID 4) (spark-master,executor driver, partition 0, PROCESS_LOCAL, 13503 bytes)
[2026-04-12T09:21:38.785+0000] {subprocess.py:106} INFO - 26/04/12 09:21:38 INFO TaskSetManager: Starting task 1.0 in stage 2.0 (TID 5) (spark-master,executor driver, partition 1, PROCESS_LOCAL, 13503 bytes)
[2026-04-12T09:21:38.786+0000] {subprocess.py:106} INFO - 26/04/12 09:21:38 INFO TaskSetManager: Starting task 2.0 in stage 2.0 (TID 6) (spark-master,executor driver, partition 2, PROCESS_LOCAL, 13503 bytes)
[2026-04-12T09:21:38.789+0000] {subprocess.py:106} INFO - 26/04/12 09:21:38 INFO Executor: Running task 2.0 in stage 2.0 (TID 6)
[2026-04-12T09:21:38.791+0000] {subprocess.py:106} INFO - 26/04/12 09:21:38 INFO Executor: Running task 0.0 in stage 2.0 (TID 4)
[2026-04-12T09:21:38.795+0000] {subprocess.py:106} INFO - 26/04/12 09:21:38 INFO Executor: Running task 1.0 in stage 2.0 (TID 5)
[2026-04-12T09:21:38.924+0000] {subprocess.py:106} INFO - 26/04/12 09:21:38 INFO CodeGenerator: Code generated in 23.667216 ms
[2026-04-12T09:21:38.933+0000] {subprocess.py:106} INFO - 26/04/12 09:21:38 INFO KafkaBatchReaderFactory: Creating Kafka reader topicPartition=weather-topic-0 fromOffset=320} untilOffset=327, for query queryId=eeb4d236-98c7-4533-ae22-8a761d90522f batchId=37 taskId=6 partitionId=2
[2026-04-12T09:21:38.933+0000] {subprocess.py:106} INFO - 26/04/12 09:21:38 INFO KafkaBatchReaderFactory: Creating Kafka reader topicPartition=weather-topic-2 fromOffset=330} untilOffset=336, for query queryId=eeb4d236-98c7-4533-ae22-8a761d90522f batchId=37 taskId=4 partitionId=0
[2026-04-12T09:21:38.934+0000] {subprocess.py:106} INFO - 26/04/12 09:21:38 INFO KafkaBatchReaderFactory: Creating Kafka reader topicPartition=weather-topic-1 fromOffset=310} untilOffset=317, for query queryId=eeb4d236-98c7-4533-ae22-8a761d90522f batchId=37 taskId=5 partitionId=1
[2026-04-12T09:21:38.946+0000] {subprocess.py:106} INFO - 26/04/12 09:21:38 INFO ClassicKafkaConsumer: [Consumer clientId=consumer-spark-kafka-source-62663d2b-28c9-4798-8db8-56a8e71c8979--983882313-executor-1, groupId=spark-kafka-source-62663d2b-28c9-4798-8db8-56a8e71c8979--983882313-executor] Seeking to offset 310 for partition weather-topic-1
[2026-04-12T09:21:38.948+0000] {subprocess.py:106} INFO - 26/04/12 09:21:38 INFO ClassicKafkaConsumer: [Consumer clientId=consumer-spark-kafka-source-62663d2b-28c9-4798-8db8-56a8e71c8979--983882313-executor-3, groupId=spark-kafka-source-62663d2b-28c9-4798-8db8-56a8e71c8979--983882313-executor] Seeking to offset 320 for partition weather-topic-0
[2026-04-12T09:21:38.949+0000] {subprocess.py:106} INFO - 26/04/12 09:21:38 INFO ClassicKafkaConsumer: [Consumer clientId=consumer-spark-kafka-source-62663d2b-28c9-4798-8db8-56a8e71c8979--983882313-executor-2, groupId=spark-kafka-source-62663d2b-28c9-4798-8db8-56a8e71c8979--983882313-executor] Seeking to offset 330 for partition weather-topic-2
[2026-04-12T09:21:38.954+0000] {subprocess.py:106} INFO - 26/04/12 09:21:38 INFO SubscriptionState: [Consumer clientId=consumer-spark-kafka-source-62663d2b-28c9-4798-8db8-56a8e71c8979--983882313-executor-3, groupId=spark-kafka-source-62663d2b-28c9-4798-8db8-56a8e71c8979--983882313-executor] Seeking to earliest offset of partition weather-topic-0
[2026-04-12T09:21:38.955+0000] {subprocess.py:106} INFO - 26/04/12 09:21:38 INFO SubscriptionState: [Consumer clientId=consumer-spark-kafka-source-62663d2b-28c9-4798-8db8-56a8e71c8979--983882313-executor-1, groupId=spark-kafka-source-62663d2b-28c9-4798-8db8-56a8e71c8979--983882313-executor] Seeking to earliest offset of partition weather-topic-1
[2026-04-12T09:21:38.958+0000] {subprocess.py:106} INFO - 26/04/12 09:21:38 INFO SubscriptionState: [Consumer clientId=consumer-spark-kafka-source-62663d2b-28c9-4798-8db8-56a8e71c8979--983882313-executor-2, groupId=spark-kafka-source-62663d2b-28c9-4798-8db8-56a8e71c8979--983882313-executor] Seeking to earliest offset of partition weather-topic-2
[2026-04-12T09:21:39.457+0000] {subprocess.py:106} INFO - 26/04/12 09:21:39 INFO SubscriptionState: [Consumer clientId=consumer-spark-kafka-source-62663d2b-28c9-4798-8db8-56a8e71c8979--983882313-executor-3, groupId=spark-kafka-source-62663d2b-28c9-4798-8db8-56a8e71c8979--983882313-executor] Resetting offset for partition weather-topic-0 to position FetchPosition{offset=0, offsetEpoch=Optional.empty, currentLeader=LeaderAndEpoch{leader=Optional[kafka:9092 (id: 1 rack: null)], epoch=0}}.
[2026-04-12T09:21:39.458+0000] {subprocess.py:106} INFO - 26/04/12 09:21:39 INFO SubscriptionState: [Consumer clientId=consumer-spark-kafka-source-62663d2b-28c9-4798-8db8-56a8e71c8979--983882313-executor-3, groupId=spark-kafka-source-62663d2b-28c9-4798-8db8-56a8e71c8979--983882313-executor] Seeking to latest offset of partition weather-topic-0
[2026-04-12T09:21:39.459+0000] {subprocess.py:106} INFO - 26/04/12 09:21:39 INFO SubscriptionState: [Consumer clientId=consumer-spark-kafka-source-62663d2b-28c9-4798-8db8-56a8e71c8979--983882313-executor-3, groupId=spark-kafka-source-62663d2b-28c9-4798-8db8-56a8e71c8979--983882313-executor] Resetting offset for partition weather-topic-0 to position FetchPosition{offset=327, offsetEpoch=Optional.empty, currentLeader=LeaderAndEpoch{leader=Optional[kafka:9092 (id: 1 rack: null)], epoch=0}}.
[2026-04-12T09:21:39.460+0000] {subprocess.py:106} INFO - 26/04/12 09:21:39 INFO SubscriptionState: [Consumer clientId=consumer-spark-kafka-source-62663d2b-28c9-4798-8db8-56a8e71c8979--983882313-executor-2, groupId=spark-kafka-source-62663d2b-28c9-4798-8db8-56a8e71c8979--983882313-executor] Resetting offset for partition weather-topic-2 to position FetchPosition{offset=0, offsetEpoch=Optional.empty, currentLeader=LeaderAndEpoch{leader=Optional[kafka:9092 (id: 1 rack: null)], epoch=0}}.
[2026-04-12T09:21:39.460+0000] {subprocess.py:106} INFO - 26/04/12 09:21:39 INFO SubscriptionState: [Consumer clientId=consumer-spark-kafka-source-62663d2b-28c9-4798-8db8-56a8e71c8979--983882313-executor-2, groupId=spark-kafka-source-62663d2b-28c9-4798-8db8-56a8e71c8979--983882313-executor] Seeking to latest offset of partition weather-topic-2
[2026-04-12T09:21:39.461+0000] {subprocess.py:106} INFO - 26/04/12 09:21:39 INFO SubscriptionState: [Consumer clientId=consumer-spark-kafka-source-62663d2b-28c9-4798-8db8-56a8e71c8979--983882313-executor-1, groupId=spark-kafka-source-62663d2b-28c9-4798-8db8-56a8e71c8979--983882313-executor] Resetting offset for partition weather-topic-1 to position FetchPosition{offset=0, offsetEpoch=Optional.empty, currentLeader=LeaderAndEpoch{leader=Optional[kafka:9092 (id: 1 rack: null)], epoch=0}}.
[2026-04-12T09:21:39.462+0000] {subprocess.py:106} INFO - 26/04/12 09:21:39 INFO SubscriptionState: [Consumer clientId=consumer-spark-kafka-source-62663d2b-28c9-4798-8db8-56a8e71c8979--983882313-executor-1, groupId=spark-kafka-source-62663d2b-28c9-4798-8db8-56a8e71c8979--983882313-executor] Seeking to latest offset of partition weather-topic-1
[2026-04-12T09:21:39.462+0000] {subprocess.py:106} INFO - 26/04/12 09:21:39 INFO SubscriptionState: [Consumer clientId=consumer-spark-kafka-source-62663d2b-28c9-4798-8db8-56a8e71c8979--983882313-executor-2, groupId=spark-kafka-source-62663d2b-28c9-4798-8db8-56a8e71c8979--983882313-executor] Resetting offset for partition weather-topic-2 to position FetchPosition{offset=336, offsetEpoch=Optional.empty, currentLeader=LeaderAndEpoch{leader=Optional[kafka:9092 (id: 1 rack: null)], epoch=0}}.
[2026-04-12T09:21:39.464+0000] {subprocess.py:106} INFO - 26/04/12 09:21:39 INFO SubscriptionState: [Consumer clientId=consumer-spark-kafka-source-62663d2b-28c9-4798-8db8-56a8e71c8979--983882313-executor-1, groupId=spark-kafka-source-62663d2b-28c9-4798-8db8-56a8e71c8979--983882313-executor] Resetting offset for partition weather-topic-1 to position FetchPosition{offset=317, offsetEpoch=Optional.empty, currentLeader=LeaderAndEpoch{leader=Optional[kafka:9092 (id: 1 rack: null)], epoch=0}}.
[2026-04-12T09:21:39.506+0000] {subprocess.py:106} INFO - 26/04/12 09:21:39 INFO MemoryStore: Block rdd_12_2 stored as values in memory (estimated size 4.0 KiB, free 1048.4 MiB)
[2026-04-12T09:21:39.506+0000] {subprocess.py:106} INFO - 26/04/12 09:21:39 INFO MemoryStore: Block rdd_12_1 stored as values in memory (estimated size 4.0 KiB, free 1048.4 MiB)
[2026-04-12T09:21:39.507+0000] {subprocess.py:106} INFO - 26/04/12 09:21:39 INFO MemoryStore: Block rdd_12_0 stored as values in memory (estimated size 3.8 KiB, free 1048.4 MiB)
[2026-04-12T09:21:39.522+0000] {subprocess.py:106} INFO - 26/04/12 09:21:39 INFO CodeGenerator: Code generated in 4.828656 ms
[2026-04-12T09:21:39.575+0000] {subprocess.py:106} INFO - 26/04/12 09:21:39 INFO CodeGenerator: Code generated in 37.632153 ms
[2026-04-12T09:21:39.579+0000] {subprocess.py:106} INFO - 26/04/12 09:21:39 INFO FileOutputCommitter: File Output Committer Algorithm version is 1
[2026-04-12T09:21:39.580+0000] {subprocess.py:106} INFO - 26/04/12 09:21:39 INFO FileOutputCommitter: File Output Committer Algorithm version is 1
[2026-04-12T09:21:39.581+0000] {subprocess.py:106} INFO - 26/04/12 09:21:39 INFO FileOutputCommitter: File Output Committer Algorithm version is 1
[2026-04-12T09:21:39.581+0000] {subprocess.py:106} INFO - 26/04/12 09:21:39 INFO FileOutputCommitter: FileOutputCommitter skip cleanup _temporary folders under output directory:false, ignore cleanup failures: false
[2026-04-12T09:21:39.582+0000] {subprocess.py:106} INFO - 26/04/12 09:21:39 INFO FileOutputCommitter: FileOutputCommitter skip cleanup _temporary folders under output directory:false, ignore cleanup failures: false
[2026-04-12T09:21:39.582+0000] {subprocess.py:106} INFO - 26/04/12 09:21:39 INFO FileOutputCommitter: FileOutputCommitter skip cleanup _temporary folders under output directory:false, ignore cleanup failures: false
[2026-04-12T09:21:39.583+0000] {subprocess.py:106} INFO - 26/04/12 09:21:39 INFO SQLHadoopMapReduceCommitProtocol: Using user defined output committer class org.apache.parquet.hadoop.ParquetOutputCommitter
[2026-04-12T09:21:39.583+0000] {subprocess.py:106} INFO - 26/04/12 09:21:39 INFO SQLHadoopMapReduceCommitProtocol: Using user defined output committer class org.apache.parquet.hadoop.ParquetOutputCommitter
[2026-04-12T09:21:39.584+0000] {subprocess.py:106} INFO - 26/04/12 09:21:39 INFO SQLHadoopMapReduceCommitProtocol: Using user defined output committer class org.apache.parquet.hadoop.ParquetOutputCommitter
[2026-04-12T09:21:39.584+0000] {subprocess.py:106} INFO - 26/04/12 09:21:39 INFO FileOutputCommitter: File Output Committer Algorithm version is 1
[2026-04-12T09:21:39.584+0000] {subprocess.py:106} INFO - 26/04/12 09:21:39 INFO FileOutputCommitter: File Output Committer Algorithm version is 1
[2026-04-12T09:21:39.585+0000] {subprocess.py:106} INFO - 26/04/12 09:21:39 INFO FileOutputCommitter: File Output Committer Algorithm version is 1
[2026-04-12T09:21:39.585+0000] {subprocess.py:106} INFO - 26/04/12 09:21:39 INFO FileOutputCommitter: FileOutputCommitter skip cleanup _temporary folders under output directory:false, ignore cleanup failures: false
[2026-04-12T09:21:39.586+0000] {subprocess.py:106} INFO - 26/04/12 09:21:39 INFO FileOutputCommitter: FileOutputCommitter skip cleanup _temporary folders under output directory:false, ignore cleanup failures: false
[2026-04-12T09:21:39.586+0000] {subprocess.py:106} INFO - 26/04/12 09:21:39 INFO FileOutputCommitter: FileOutputCommitter skip cleanup _temporary folders under output directory:false, ignore cleanup failures: false
[2026-04-12T09:21:39.587+0000] {subprocess.py:106} INFO - 26/04/12 09:21:39 INFO SQLHadoopMapReduceCommitProtocol: Using output committer class org.apache.parquet.hadoop.ParquetOutputCommitter
[2026-04-12T09:21:39.587+0000] {subprocess.py:106} INFO - 26/04/12 09:21:39 INFO SQLHadoopMapReduceCommitProtocol: Using output committer class org.apache.parquet.hadoop.ParquetOutputCommitter
[2026-04-12T09:21:39.587+0000] {subprocess.py:106} INFO - 26/04/12 09:21:39 INFO SQLHadoopMapReduceCommitProtocol: Using output committer class org.apache.parquet.hadoop.ParquetOutputCommitter
[2026-04-12T09:21:39.589+0000] {subprocess.py:106} INFO - 26/04/12 09:21:39 INFO CodecConfig: Compression: SNAPPY
[2026-04-12T09:21:39.590+0000] {subprocess.py:106} INFO - 26/04/12 09:21:39 INFO CodecConfig: Compression: SNAPPY
[2026-04-12T09:21:39.591+0000] {subprocess.py:106} INFO - 26/04/12 09:21:39 INFO CodecConfig: Compression: SNAPPY
[2026-04-12T09:21:39.594+0000] {subprocess.py:106} INFO - 26/04/12 09:21:39 INFO CodecConfig: Compression: SNAPPY
[2026-04-12T09:21:39.595+0000] {subprocess.py:106} INFO - 26/04/12 09:21:39 INFO CodecConfig: Compression: SNAPPY
[2026-04-12T09:21:39.595+0000] {subprocess.py:106} INFO - 26/04/12 09:21:39 INFO CodecConfig: Compression: SNAPPY
[2026-04-12T09:21:39.643+0000] {subprocess.py:106} INFO - 26/04/12 09:21:39 INFO ParquetOutputFormat: ParquetRecordWriter [block size: 134217728b, row group padding size: 8388608b, validating: false]
[2026-04-12T09:21:39.647+0000] {subprocess.py:106} INFO - 26/04/12 09:21:39 INFO ParquetOutputFormat: ParquetRecordWriter [block size: 134217728b, row group padding size: 8388608b, validating: false]
[2026-04-12T09:21:39.648+0000] {subprocess.py:106} INFO - 26/04/12 09:21:39 INFO ParquetOutputFormat: ParquetRecordWriter [block size: 134217728b, row group padding size: 8388608b, validating: false]
[2026-04-12T09:21:39.757+0000] {subprocess.py:106} INFO - 26/04/12 09:21:39 INFO CodecPool: Got brand-new compressor [.snappy]
[2026-04-12T09:21:39.758+0000] {subprocess.py:106} INFO - 26/04/12 09:21:39 INFO CodecPool: Got brand-new compressor [.snappy]
[2026-04-12T09:21:39.758+0000] {subprocess.py:106} INFO - 26/04/12 09:21:39 INFO CodecPool: Got brand-new compressor [.snappy]
[2026-04-12T09:21:40.479+0000] {subprocess.py:106} INFO - 26/04/12 09:21:40 INFO FileOutputCommitter: Saved output of task 'attempt_202604120921385060430410293610367_0002_m_000001_5' to hdfs://23133083thuyvan-master:9000/user/hive/lakehouse/bronze/raw_api/_temporary/0/task_202604120921385060430410293610367_0002_m_000001
[2026-04-12T09:21:40.480+0000] {subprocess.py:106} INFO - 26/04/12 09:21:40 INFO SparkHadoopMapRedUtil: attempt_202604120921385060430410293610367_0002_m_000001_5: Committed. Elapsed time: 16 ms.
[2026-04-12T09:21:40.484+0000] {subprocess.py:106} INFO - 26/04/12 09:21:40 INFO KafkaDataConsumer: From Kafka topicPartition=weather-topic-1 groupId=spark-kafka-source-62663d2b-28c9-4798-8db8-56a8e71c8979--983882313-executor read 7 records through 1 polls (polled out 7 records), taking 519.155266 ms, during time span of 1611.349579 ms.
[2026-04-12T09:21:40.491+0000] {subprocess.py:106} INFO - 26/04/12 09:21:40 INFO Executor: Finished task 1.0 in stage 2.0 (TID 5). 3367 bytes result sent to driver
[2026-04-12T09:21:40.493+0000] {subprocess.py:106} INFO - 26/04/12 09:21:40 INFO TaskSetManager: Finished task 1.0 in stage 2.0 (TID 5) in 1709 ms on spark-master (executor driver) (1/3)
[2026-04-12T09:21:40.867+0000] {subprocess.py:106} INFO - 26/04/12 09:21:40 INFO FileOutputCommitter: Saved output of task 'attempt_202604120921385060430410293610367_0002_m_000002_6' to hdfs://23133083thuyvan-master:9000/user/hive/lakehouse/bronze/raw_api/_temporary/0/task_202604120921385060430410293610367_0002_m_000002
[2026-04-12T09:21:40.868+0000] {subprocess.py:106} INFO - 26/04/12 09:21:40 INFO SparkHadoopMapRedUtil: attempt_202604120921385060430410293610367_0002_m_000002_6: Committed. Elapsed time: 8 ms.
[2026-04-12T09:21:40.869+0000] {subprocess.py:106} INFO - 26/04/12 09:21:40 INFO KafkaDataConsumer: From Kafka topicPartition=weather-topic-0 groupId=spark-kafka-source-62663d2b-28c9-4798-8db8-56a8e71c8979--983882313-executor read 7 records through 1 polls (polled out 7 records), taking 514.654716 ms, during time span of 1994.833687 ms.
[2026-04-12T09:21:40.872+0000] {subprocess.py:106} INFO - 26/04/12 09:21:40 INFO FileOutputCommitter: Saved output of task 'attempt_202604120921385060430410293610367_0002_m_000000_4' to hdfs://23133083thuyvan-master:9000/user/hive/lakehouse/bronze/raw_api/_temporary/0/task_202604120921385060430410293610367_0002_m_000000
[2026-04-12T09:21:40.876+0000] {subprocess.py:106} INFO - 26/04/12 09:21:40 INFO SparkHadoopMapRedUtil: attempt_202604120921385060430410293610367_0002_m_000000_4: Committed. Elapsed time: 9 ms.
[2026-04-12T09:21:40.877+0000] {subprocess.py:106} INFO - 26/04/12 09:21:40 INFO Executor: Finished task 2.0 in stage 2.0 (TID 6). 3324 bytes result sent to driver
[2026-04-12T09:21:40.878+0000] {subprocess.py:106} INFO - 26/04/12 09:21:40 INFO KafkaDataConsumer: From Kafka topicPartition=weather-topic-2 groupId=spark-kafka-source-62663d2b-28c9-4798-8db8-56a8e71c8979--983882313-executor read 6 records through 1 polls (polled out 6 records), taking 517.053863 ms, during time span of 1997.665932 ms.
[2026-04-12T09:21:40.879+0000] {subprocess.py:106} INFO - 26/04/12 09:21:40 INFO TaskSetManager: Finished task 2.0 in stage 2.0 (TID 6) in 2087 ms on spark-master (executor driver) (2/3)
[2026-04-12T09:21:40.880+0000] {subprocess.py:106} INFO - 26/04/12 09:21:40 INFO Executor: Finished task 0.0 in stage 2.0 (TID 4). 3324 bytes result sent to driver
[2026-04-12T09:21:40.880+0000] {subprocess.py:106} INFO - 26/04/12 09:21:40 INFO TaskSetManager: Finished task 0.0 in stage 2.0 (TID 4) in 2092 ms on spark-master (executor driver) (3/3)
[2026-04-12T09:21:40.881+0000] {subprocess.py:106} INFO - 26/04/12 09:21:40 INFO TaskSchedulerImpl: Removed TaskSet 2.0 whose tasks have all completed, from pool
[2026-04-12T09:21:40.881+0000] {subprocess.py:106} INFO - 26/04/12 09:21:40 INFO DAGScheduler: ResultStage 2 (start at NativeMethodAccessorImpl.java:0) finished in 2174 ms
[2026-04-12T09:21:40.882+0000] {subprocess.py:106} INFO - 26/04/12 09:21:40 INFO DAGScheduler: Job 1 is finished. Cancelling potential speculative or zombie tasks for this job
[2026-04-12T09:21:40.882+0000] {subprocess.py:106} INFO - 26/04/12 09:21:40 INFO TaskSchedulerImpl: Canceling stage 2
[2026-04-12T09:21:40.883+0000] {subprocess.py:106} INFO - 26/04/12 09:21:40 INFO TaskSchedulerImpl: Killing all running tasks in stage 2: Stage finished
[2026-04-12T09:21:40.884+0000] {subprocess.py:106} INFO - 26/04/12 09:21:40 INFO DAGScheduler: Job 1 finished: start at NativeMethodAccessorImpl.java:0, took 2255.230928 ms
[2026-04-12T09:21:40.885+0000] {subprocess.py:106} INFO - 26/04/12 09:21:40 INFO FileFormatWriter: Start to commit write Job 1d030984-38a5-4980-b252-af7093037bc9.
[2026-04-12T09:21:40.951+0000] {subprocess.py:106} INFO - 26/04/12 09:21:40 INFO FileFormatWriter: Write Job 1d030984-38a5-4980-b252-af7093037bc9 committed. Elapsed time: 67 ms.
[2026-04-12T09:21:40.955+0000] {subprocess.py:106} INFO - 26/04/12 09:21:40 INFO FileFormatWriter: Finished processing stats for write job 1d030984-38a5-4980-b252-af7093037bc9.
[2026-04-12T09:21:41.314+0000] {subprocess.py:106} INFO - 26/04/12 09:21:41 INFO CatalogUtil: Loading custom FileIO implementation: org.apache.iceberg.hadoop.HadoopFileIO
[2026-04-12T09:21:41.350+0000] {subprocess.py:106} INFO - 26/04/12 09:21:41 INFO BaseMetastoreTableOperations: Refreshing table metadata from new version: hdfs://23133083thuyvan-master:9000/user/hive/lakehouse/air_quality_db.db/air_quality_silver/metadata/00045-74245236-bc0a-4c9c-a0ee-3db0eee8b97c.metadata.json
[2026-04-12T09:21:41.367+0000] {subprocess.py:106} INFO - 26/04/12 09:21:41 INFO BaseMetastoreCatalog: Table loaded by catalog: iceberg.air_quality_db.air_quality_silver
[2026-04-12T09:21:41.653+0000] {subprocess.py:106} INFO - 26/04/12 09:21:41 INFO V2ScanRelationPushDown:
[2026-04-12T09:21:41.654+0000] {subprocess.py:106} INFO - Pushing operators to iceberg.air_quality_db.air_quality_silver
[2026-04-12T09:21:41.655+0000] {subprocess.py:106} INFO - Pushed Filters: location IS NOT NULL, timestamp IS NOT NULL
[2026-04-12T09:21:41.655+0000] {subprocess.py:106} INFO - Post-Scan Filters: isnotnull(location#751),isnotnull(timestamp#750)
[2026-04-12T09:21:41.655+0000] {subprocess.py:106} INFO - 
[2026-04-12T09:21:41.711+0000] {subprocess.py:106} INFO - 26/04/12 09:21:41 INFO V2ScanRelationPushDown:
[2026-04-12T09:21:41.712+0000] {subprocess.py:106} INFO - Output: timestamp#750, location#751
[2026-04-12T09:21:41.712+0000] {subprocess.py:106} INFO - 
[2026-04-12T09:21:41.735+0000] {subprocess.py:106} INFO - 26/04/12 09:21:41 INFO SnapshotScan: Scanning table iceberg.air_quality_db.air_quality_silver snapshot 8431552318609121297 created at 2026-04-12T08:16:34.392+00:00 with filter (location IS NOT NULL AND timestamp IS NOT NULL)
[2026-04-12T09:21:42.038+0000] {subprocess.py:106} INFO - 26/04/12 09:21:42 INFO BaseDistributedDataScan: Planning file tasks locally for table iceberg.air_quality_db.air_quality_silver
[2026-04-12T09:21:42.267+0000] {subprocess.py:106} INFO - 26/04/12 09:21:42 INFO SparkPartitioningAwareScan: Reporting UnknownPartitioning with 2 partition(s) for table iceberg.air_quality_db.air_quality_silver
[2026-04-12T09:21:42.387+0000] {subprocess.py:106} INFO - 26/04/12 09:21:42 INFO MemoryStore: Block broadcast_3 stored as values in memory (estimated size 32.0 KiB, free 1048.4 MiB)
[2026-04-12T09:21:42.419+0000] {subprocess.py:106} INFO - 26/04/12 09:21:42 INFO MemoryStore: Block broadcast_3_piece0 stored as bytes in memory (estimated size 36.2 KiB, free 1048.3 MiB)
[2026-04-12T09:21:42.423+0000] {subprocess.py:106} INFO - 26/04/12 09:21:42 INFO SparkContext: Created broadcast 3 from start at NativeMethodAccessorImpl.java:0
[2026-04-12T09:21:42.519+0000] {subprocess.py:106} INFO - 26/04/12 09:21:42 INFO MemoryStore: Block broadcast_4 stored as values in memory (estimated size 32.0 KiB, free 1048.7 MiB)
[2026-04-12T09:21:42.521+0000] {subprocess.py:106} INFO - 26/04/12 09:21:42 INFO MemoryStore: Block broadcast_4_piece0 stored as bytes in memory (estimated size 36.2 KiB, free 1048.7 MiB)
[2026-04-12T09:21:42.522+0000] {subprocess.py:106} INFO - 26/04/12 09:21:42 INFO SparkContext: Created broadcast 4 from start at NativeMethodAccessorImpl.java:0
[2026-04-12T09:21:42.660+0000] {subprocess.py:106} INFO - 26/04/12 09:21:42 INFO CodeGenerator: Code generated in 29.826213 ms
[2026-04-12T09:21:42.715+0000] {subprocess.py:106} INFO - 26/04/12 09:21:42 INFO SparkContext: Starting job: start at NativeMethodAccessorImpl.java:0
[2026-04-12T09:21:42.717+0000] {subprocess.py:106} INFO - 26/04/12 09:21:42 INFO DAGScheduler: Got job 2 (start at NativeMethodAccessorImpl.java:0) with 2 output partitions
[2026-04-12T09:21:42.718+0000] {subprocess.py:106} INFO - 26/04/12 09:21:42 INFO DAGScheduler: Final stage: ResultStage 3 (start at NativeMethodAccessorImpl.java:0)
[2026-04-12T09:21:42.718+0000] {subprocess.py:106} INFO - 26/04/12 09:21:42 INFO DAGScheduler: Parents of final stage: List()
[2026-04-12T09:21:42.719+0000] {subprocess.py:106} INFO - 26/04/12 09:21:42 INFO DAGScheduler: Missing parents: List()
[2026-04-12T09:21:42.720+0000] {subprocess.py:106} INFO - 26/04/12 09:21:42 INFO DAGScheduler: Submitting ResultStage 3 (MapPartitionsRDD[20] at start at NativeMethodAccessorImpl.java:0), which has no missing parents
[2026-04-12T09:21:42.727+0000] {subprocess.py:106} INFO - 26/04/12 09:21:42 INFO MemoryStore: Block broadcast_5 stored as values in memory (estimated size 15.1 KiB, free 1048.6 MiB)
[2026-04-12T09:21:42.728+0000] {subprocess.py:106} INFO - 26/04/12 09:21:42 INFO MemoryStore: Block broadcast_5_piece0 stored as bytes in memory (estimated size 6.0 KiB, free 1048.6 MiB)
[2026-04-12T09:21:42.728+0000] {subprocess.py:106} INFO - 26/04/12 09:21:42 INFO SparkContext: Created broadcast 5 from broadcast at DAGScheduler.scala:1676
[2026-04-12T09:21:42.729+0000] {subprocess.py:106} INFO - 26/04/12 09:21:42 INFO DAGScheduler: Submitting 2 missing tasks from ResultStage 3 (MapPartitionsRDD[20] at start at NativeMethodAccessorImpl.java:0) (first 15 tasks are for partitions Vector(0, 1))
[2026-04-12T09:21:42.730+0000] {subprocess.py:106} INFO - 26/04/12 09:21:42 INFO TaskSchedulerImpl: Adding task set 3.0 with 2 tasks resource profile 0
[2026-04-12T09:21:42.750+0000] {subprocess.py:106} INFO - 26/04/12 09:21:42 INFO TaskSetManager: Starting task 0.0 in stage 3.0 (TID 7) (spark-master,executor driver, partition 0, ANY, 20449 bytes)
[2026-04-12T09:21:42.751+0000] {subprocess.py:106} INFO - 26/04/12 09:21:42 INFO TaskSetManager: Starting task 1.0 in stage 3.0 (TID 8) (spark-master,executor driver, partition 1, ANY, 19758 bytes)
[2026-04-12T09:21:42.752+0000] {subprocess.py:106} INFO - 26/04/12 09:21:42 INFO Executor: Running task 0.0 in stage 3.0 (TID 7)
[2026-04-12T09:21:42.753+0000] {subprocess.py:106} INFO - 26/04/12 09:21:42 INFO Executor: Running task 1.0 in stage 3.0 (TID 8)
[2026-04-12T09:21:42.772+0000] {subprocess.py:106} INFO - 26/04/12 09:21:42 INFO CodeGenerator: Code generated in 11.594762 ms
[2026-04-12T09:21:43.380+0000] {subprocess.py:106} INFO - 26/04/12 09:21:43 INFO VectorizedSparkParquetReaders: Enabling arrow.enable_unsafe_memory_access
[2026-04-12T09:21:43.381+0000] {subprocess.py:106} INFO - 26/04/12 09:21:43 INFO VectorizedSparkParquetReaders: Disabling arrow.enable_null_check_for_get
[2026-04-12T09:21:43.391+0000] {subprocess.py:106} INFO - 26/04/12 09:21:43 INFO BaseAllocator: Debug mode disabled. Enable with the VM option -Darrow.memory.debug.allocator=true.
[2026-04-12T09:21:43.395+0000] {subprocess.py:106} INFO - 26/04/12 09:21:43 INFO DefaultAllocationManagerOption: allocation manager type not specified, using netty as the default type
[2026-04-12T09:21:43.396+0000] {subprocess.py:106} INFO - 26/04/12 09:21:43 INFO CheckAllocator: Using DefaultAllocationManager at memory/DefaultAllocationManagerFactory.class
[2026-04-12T09:21:43.560+0000] {subprocess.py:106} INFO - 26/04/12 09:21:43 INFO CodecPool: Got brand-new decompressor [.zstd]
[2026-04-12T09:21:43.561+0000] {subprocess.py:106} INFO - 26/04/12 09:21:43 INFO CodecPool: Got brand-new decompressor [.zstd]
[2026-04-12T09:21:44.076+0000] {subprocess.py:106} INFO - 26/04/12 09:21:44 INFO CodecPool: Got brand-new decompressor [.zstd]
[2026-04-12T09:21:44.080+0000] {subprocess.py:106} INFO - 26/04/12 09:21:44 INFO CodecPool: Got brand-new decompressor [.zstd]
[2026-04-12T09:21:44.081+0000] {subprocess.py:106} INFO - 26/04/12 09:21:44 INFO Executor: Finished task 1.0 in stage 3.0 (TID 8). 4593 bytes result sent to driver
[2026-04-12T09:21:44.087+0000] {subprocess.py:106} INFO - 26/04/12 09:21:44 INFO TaskSetManager: Finished task 1.0 in stage 3.0 (TID 8) in 1334 ms on spark-master (executor driver) (1/2)
[2026-04-12T09:21:44.102+0000] {subprocess.py:106} INFO - 26/04/12 09:21:44 INFO CodecPool: Got brand-new decompressor [.zstd]
[2026-04-12T09:21:44.123+0000] {subprocess.py:106} INFO - 26/04/12 09:21:44 INFO CodecPool: Got brand-new decompressor [.zstd]
[2026-04-12T09:21:44.128+0000] {subprocess.py:106} INFO - 26/04/12 09:21:44 INFO Executor: Finished task 0.0 in stage 3.0 (TID 7). 4931 bytes result sent to driver
[2026-04-12T09:21:44.131+0000] {subprocess.py:106} INFO - 26/04/12 09:21:44 INFO TaskSetManager: Finished task 0.0 in stage 3.0 (TID 7) in 1399 ms on spark-master (executor driver) (2/2)
[2026-04-12T09:21:44.132+0000] {subprocess.py:106} INFO - 26/04/12 09:21:44 INFO TaskSchedulerImpl: Removed TaskSet 3.0 whose tasks have all completed, from pool
[2026-04-12T09:21:44.132+0000] {subprocess.py:106} INFO - 26/04/12 09:21:44 INFO DAGScheduler: ResultStage 3 (start at NativeMethodAccessorImpl.java:0) finished in 1411 ms
[2026-04-12T09:21:44.133+0000] {subprocess.py:106} INFO - 26/04/12 09:21:44 INFO DAGScheduler: Job 2 is finished. Cancelling potential speculative or zombie tasks for this job
[2026-04-12T09:21:44.133+0000] {subprocess.py:106} INFO - 26/04/12 09:21:44 INFO TaskSchedulerImpl: Canceling stage 3
[2026-04-12T09:21:44.134+0000] {subprocess.py:106} INFO - 26/04/12 09:21:44 INFO TaskSchedulerImpl: Killing all running tasks in stage 3: Stage finished
[2026-04-12T09:21:44.134+0000] {subprocess.py:106} INFO - 26/04/12 09:21:44 INFO DAGScheduler: Job 2 finished: start at NativeMethodAccessorImpl.java:0, took 1416.733259 ms
[2026-04-12T09:21:44.158+0000] {subprocess.py:106} INFO - 26/04/12 09:21:44 INFO CodeGenerator: Code generated in 7.37151 ms
[2026-04-12T09:21:44.170+0000] {subprocess.py:106} INFO - 26/04/12 09:21:44 INFO MemoryStore: Block broadcast_6 stored as values in memory (estimated size 4.0 MiB, free 1044.6 MiB)
[2026-04-12T09:21:44.175+0000] {subprocess.py:106} INFO - 26/04/12 09:21:44 INFO MemoryStore: Block broadcast_6_piece0 stored as bytes in memory (estimated size 1248.0 B, free 1044.6 MiB)
[2026-04-12T09:21:44.177+0000] {subprocess.py:106} INFO - 26/04/12 09:21:44 INFO SparkContext: Created broadcast 6 from start at NativeMethodAccessorImpl.java:0
[2026-04-12T09:21:44.249+0000] {subprocess.py:106} INFO - 26/04/12 09:21:44 INFO CodeGenerator: Code generated in 56.429448 ms
[2026-04-12T09:21:44.255+0000] {subprocess.py:106} INFO - 26/04/12 09:21:44 INFO DefaultCachedBatchSerializer: Predicate isnotnull(timestamp#40) generates partition filter: ((timestamp.count#1189 - timestamp.nullCount#1188) > 0)
[2026-04-12T09:21:44.269+0000] {subprocess.py:106} INFO - 26/04/12 09:21:44 INFO MemoryStore: Block broadcast_7 stored as values in memory (estimated size 32.0 KiB, free 1044.6 MiB)
[2026-04-12T09:21:44.274+0000] {subprocess.py:106} INFO - 26/04/12 09:21:44 INFO MemoryStore: Block broadcast_7_piece0 stored as bytes in memory (estimated size 36.2 KiB, free 1044.6 MiB)
[2026-04-12T09:21:44.277+0000] {subprocess.py:106} INFO - 26/04/12 09:21:44 INFO SparkContext: Created broadcast 7 from start at NativeMethodAccessorImpl.java:0
[2026-04-12T09:21:44.280+0000] {subprocess.py:106} INFO - 26/04/12 09:21:44 INFO AppendDataExec: Start processing data source write support: IcebergBatchWrite(table=iceberg.air_quality_db.air_quality_silver, format=PARQUET). The input RDD has 3} partitions.
[2026-04-12T09:21:44.297+0000] {subprocess.py:106} INFO - 26/04/12 09:21:44 INFO SparkContext: Starting job: start at NativeMethodAccessorImpl.java:0
[2026-04-12T09:21:44.299+0000] {subprocess.py:106} INFO - 26/04/12 09:21:44 INFO DAGScheduler: Got job 3 (start at NativeMethodAccessorImpl.java:0) with 3 output partitions
[2026-04-12T09:21:44.304+0000] {subprocess.py:106} INFO - 26/04/12 09:21:44 INFO DAGScheduler: Final stage: ResultStage 4 (start at NativeMethodAccessorImpl.java:0)
[2026-04-12T09:21:44.304+0000] {subprocess.py:106} INFO - 26/04/12 09:21:44 INFO DAGScheduler: Parents of final stage: List()
[2026-04-12T09:21:44.305+0000] {subprocess.py:106} INFO - 26/04/12 09:21:44 INFO DAGScheduler: Missing parents: List()
[2026-04-12T09:21:44.306+0000] {subprocess.py:106} INFO - 26/04/12 09:21:44 INFO DAGScheduler: Submitting ResultStage 4 (MapPartitionsRDD[24] at start at NativeMethodAccessorImpl.java:0), which has no missing parents
[2026-04-12T09:21:44.320+0000] {subprocess.py:106} INFO - 26/04/12 09:21:44 INFO MemoryStore: Block broadcast_8 stored as values in memory (estimated size 77.3 KiB, free 1044.5 MiB)
[2026-04-12T09:21:44.322+0000] {subprocess.py:106} INFO - 26/04/12 09:21:44 INFO MemoryStore: Block broadcast_8_piece0 stored as bytes in memory (estimated size 27.2 KiB, free 1044.5 MiB)
[2026-04-12T09:21:44.325+0000] {subprocess.py:106} INFO - 26/04/12 09:21:44 INFO SparkContext: Created broadcast 8 from broadcast at DAGScheduler.scala:1676
[2026-04-12T09:21:44.325+0000] {subprocess.py:106} INFO - 26/04/12 09:21:44 INFO DAGScheduler: Submitting 3 missing tasks from ResultStage 4 (MapPartitionsRDD[24] at start at NativeMethodAccessorImpl.java:0) (first 15 tasks are for partitions Vector(0, 1, 2))
[2026-04-12T09:21:44.327+0000] {subprocess.py:106} INFO - 26/04/12 09:21:44 INFO TaskSchedulerImpl: Adding task set 4.0 with 3 tasks resource profile 0
[2026-04-12T09:21:44.329+0000] {subprocess.py:106} INFO - 26/04/12 09:21:44 INFO TaskSetManager: Starting task 0.0 in stage 4.0 (TID 9) (spark-master,executor driver, partition 0, PROCESS_LOCAL, 13503 bytes)
[2026-04-12T09:21:44.330+0000] {subprocess.py:106} INFO - 26/04/12 09:21:44 INFO TaskSetManager: Starting task 1.0 in stage 4.0 (TID 10) (spark-master,executor driver, partition 1, PROCESS_LOCAL, 13503 bytes)
[2026-04-12T09:21:44.332+0000] {subprocess.py:106} INFO - 26/04/12 09:21:44 INFO TaskSetManager: Starting task 2.0 in stage 4.0 (TID 11) (spark-master,executor driver, partition 2, PROCESS_LOCAL, 13503 bytes)
[2026-04-12T09:21:44.333+0000] {subprocess.py:106} INFO - 26/04/12 09:21:44 INFO Executor: Running task 1.0 in stage 4.0 (TID 10)
[2026-04-12T09:21:44.334+0000] {subprocess.py:106} INFO - 26/04/12 09:21:44 INFO Executor: Running task 0.0 in stage 4.0 (TID 9)
[2026-04-12T09:21:44.334+0000] {subprocess.py:106} INFO - 26/04/12 09:21:44 INFO Executor: Running task 2.0 in stage 4.0 (TID 11)
[2026-04-12T09:21:44.353+0000] {subprocess.py:106} INFO - 26/04/12 09:21:44 INFO BlockManager: Found block rdd_12_0 locally
[2026-04-12T09:21:44.354+0000] {subprocess.py:106} INFO - 26/04/12 09:21:44 INFO BlockManager: Found block rdd_12_2 locally
[2026-04-12T09:21:44.355+0000] {subprocess.py:106} INFO - 26/04/12 09:21:44 INFO BlockManager: Found block rdd_12_1 locally
[2026-04-12T09:21:44.365+0000] {subprocess.py:106} INFO - 26/04/12 09:21:44 INFO CodeGenerator: Code generated in 8.895401 ms
[2026-04-12T09:21:44.390+0000] {subprocess.py:106} INFO - 26/04/12 09:21:44 INFO CodeGenerator: Code generated in 21.825083 ms
[2026-04-12T09:21:44.437+0000] {subprocess.py:106} INFO - 26/04/12 09:21:44 INFO CodeGenerator: Code generated in 43.841971 ms
[2026-04-12T09:21:44.521+0000] {subprocess.py:106} INFO - 26/04/12 09:21:44 INFO CodecPool: Got brand-new compressor [.zstd]
[2026-04-12T09:21:44.523+0000] {subprocess.py:106} INFO - 26/04/12 09:21:44 INFO CodecPool: Got brand-new compressor [.zstd]
[2026-04-12T09:21:44.524+0000] {subprocess.py:106} INFO - 26/04/12 09:21:44 INFO CodecPool: Got brand-new compressor [.zstd]
[2026-04-12T09:21:44.750+0000] {subprocess.py:106} INFO - 26/04/12 09:21:44 INFO DataWritingSparkTask: Writer for partition 1 is committing.
[2026-04-12T09:21:44.751+0000] {subprocess.py:106} INFO - 26/04/12 09:21:44 INFO DataWritingSparkTask: Writer for partition 0 is committing.
[2026-04-12T09:21:44.751+0000] {subprocess.py:106} INFO - 26/04/12 09:21:44 INFO DataWritingSparkTask: Writer for partition 2 is committing.
[2026-04-12T09:21:45.309+0000] {subprocess.py:106} INFO - 26/04/12 09:21:45 INFO DataWritingSparkTask: Committed partition 1 (task 10, attempt 0, stage 4.0)
[2026-04-12T09:21:45.310+0000] {subprocess.py:106} INFO - 26/04/12 09:21:45 INFO DataWritingSparkTask: Committed partition 2 (task 11, attempt 0, stage 4.0)
[2026-04-12T09:21:45.310+0000] {subprocess.py:106} INFO - 26/04/12 09:21:45 INFO DataWritingSparkTask: Committed partition 0 (task 9, attempt 0, stage 4.0)
[2026-04-12T09:21:45.316+0000] {subprocess.py:106} INFO - 26/04/12 09:21:45 INFO Executor: Finished task 2.0 in stage 4.0 (TID 11). 7385 bytes result sent to driver
[2026-04-12T09:21:45.317+0000] {subprocess.py:106} INFO - 26/04/12 09:21:45 INFO Executor: Finished task 0.0 in stage 4.0 (TID 9). 7343 bytes result sent to driver
[2026-04-12T09:21:45.317+0000] {subprocess.py:106} INFO - 26/04/12 09:21:45 INFO Executor: Finished task 1.0 in stage 4.0 (TID 10). 7361 bytes result sent to driver
[2026-04-12T09:21:45.320+0000] {subprocess.py:106} INFO - 26/04/12 09:21:45 INFO TaskSetManager: Finished task 2.0 in stage 4.0 (TID 11) in 988 ms on spark-master (executor driver) (1/3)
[2026-04-12T09:21:45.321+0000] {subprocess.py:106} INFO - 26/04/12 09:21:45 INFO TaskSetManager: Finished task 0.0 in stage 4.0 (TID 9) in 991 ms on spark-master (executor driver) (2/3)
[2026-04-12T09:21:45.322+0000] {subprocess.py:106} INFO - 26/04/12 09:21:45 INFO TaskSetManager: Finished task 1.0 in stage 4.0 (TID 10) in 990 ms on spark-master (executor driver) (3/3)
[2026-04-12T09:21:45.322+0000] {subprocess.py:106} INFO - 26/04/12 09:21:45 INFO TaskSchedulerImpl: Removed TaskSet 4.0 whose tasks have all completed, from pool
[2026-04-12T09:21:45.323+0000] {subprocess.py:106} INFO - 26/04/12 09:21:45 INFO DAGScheduler: ResultStage 4 (start at NativeMethodAccessorImpl.java:0) finished in 1019 ms
[2026-04-12T09:21:45.324+0000] {subprocess.py:106} INFO - 26/04/12 09:21:45 INFO DAGScheduler: Job 3 is finished. Cancelling potential speculative or zombie tasks for this job
[2026-04-12T09:21:45.324+0000] {subprocess.py:106} INFO - 26/04/12 09:21:45 INFO TaskSchedulerImpl: Canceling stage 4
[2026-04-12T09:21:45.325+0000] {subprocess.py:106} INFO - 26/04/12 09:21:45 INFO TaskSchedulerImpl: Killing all running tasks in stage 4: Stage finished
[2026-04-12T09:21:45.325+0000] {subprocess.py:106} INFO - 26/04/12 09:21:45 INFO DAGScheduler: Job 3 finished: start at NativeMethodAccessorImpl.java:0, took 1023.471277 ms
[2026-04-12T09:21:45.326+0000] {subprocess.py:106} INFO - 26/04/12 09:21:45 INFO AppendDataExec: Data source write support IcebergBatchWrite(table=iceberg.air_quality_db.air_quality_silver, format=PARQUET) is committing.
[2026-04-12T09:21:45.349+0000] {subprocess.py:106} INFO - 26/04/12 09:21:45 INFO SparkWrite: Committing append with 3 new data files to table iceberg.air_quality_db.air_quality_silver
[2026-04-12T09:21:47.764+0000] {subprocess.py:106} INFO - 26/04/12 09:21:47 INFO HiveTableOperations: Committed to table iceberg.air_quality_db.air_quality_silver with the new metadata location hdfs://23133083thuyvan-master:9000/user/hive/lakehouse/air_quality_db.db/air_quality_silver/metadata/00046-a4e870c2-93b4-4273-80ed-552d7f7f71c5.metadata.json
[2026-04-12T09:21:47.765+0000] {subprocess.py:106} INFO - 26/04/12 09:21:47 INFO BaseMetastoreTableOperations: Successfully committed to table iceberg.air_quality_db.air_quality_silver in 1776 ms
[2026-04-12T09:21:47.766+0000] {subprocess.py:106} INFO - 26/04/12 09:21:47 INFO SnapshotProducer: Committed snapshot 1924637987959135036 (MergeAppend)
[2026-04-12T09:21:47.799+0000] {subprocess.py:106} INFO - 26/04/12 09:21:47 INFO BaseMetastoreTableOperations: Refreshing table metadata from new version: hdfs://23133083thuyvan-master:9000/user/hive/lakehouse/air_quality_db.db/air_quality_silver/metadata/00046-a4e870c2-93b4-4273-80ed-552d7f7f71c5.metadata.json
[2026-04-12T09:21:47.825+0000] {subprocess.py:106} INFO - 26/04/12 09:21:47 INFO LoggingMetricsReporter: Received metrics report: CommitReport{tableName=iceberg.air_quality_db.air_quality_silver, snapshotId=1924637987959135036, sequenceNumber=46, operation=append, commitMetrics=CommitMetricsResult{totalDuration=TimerResult{timeUnit=NANOSECONDS, totalDuration=PT2.424240993S, count=1}, attempts=CounterResult{unit=COUNT, value=1}, addedDataFiles=CounterResult{unit=COUNT, value=3}, removedDataFiles=null, totalDataFiles=CounterResult{unit=COUNT, value=9}, addedDeleteFiles=null, addedEqualityDeleteFiles=null, addedPositionalDeleteFiles=null, addedDVs=null, removedDeleteFiles=null, removedEqualityDeleteFiles=null, removedPositionalDeleteFiles=null, removedDVs=null, totalDeleteFiles=CounterResult{unit=COUNT, value=0}, addedRecords=CounterResult{unit=COUNT, value=20}, removedRecords=null, totalRecords=CounterResult{unit=COUNT, value=60}, addedFilesSizeInBytes=CounterResult{unit=BYTES, value=26288}, removedFilesSizeInBytes=null, totalFilesSizeInBytes=CounterResult{unit=BYTES, value=78430}, addedPositionalDeletes=null, removedPositionalDeletes=null, totalPositionalDeletes=CounterResult{unit=COUNT, value=0}, addedEqualityDeletes=null, removedEqualityDeletes=null, totalEqualityDeletes=CounterResult{unit=COUNT, value=0}, manifestsCreated=null, manifestsReplaced=null, manifestsKept=null, manifestEntriesProcessed=null}, metadata={engine-version=4.0.2, app-id=local-1775985677681, engine-name=spark, iceberg-version=Apache Iceberg 1.10.1 (commit ccb8bc435062171e64bc8b7e5f56e6aed9c5b934)}}
[2026-04-12T09:21:47.825+0000] {subprocess.py:106} INFO - 26/04/12 09:21:47 INFO SparkWrite: Committed in 2474 ms
[2026-04-12T09:21:47.826+0000] {subprocess.py:106} INFO - 26/04/12 09:21:47 INFO AppendDataExec: Data source write support IcebergBatchWrite(table=iceberg.air_quality_db.air_quality_silver, format=PARQUET) committed.
[2026-04-12T09:21:47.843+0000] {subprocess.py:106} INFO - 26/04/12 09:21:47 INFO MapPartitionsRDD: Removing RDD 12 from persistence list
[2026-04-12T09:21:47.848+0000] {subprocess.py:106} INFO - 26/04/12 09:21:47 INFO BlockManager: Removing RDD 12
[2026-04-12T09:21:47.864+0000] {subprocess.py:106} INFO - 26/04/12 09:21:47 INFO CheckpointFileManager: Writing atomically to hdfs://23133083thuyvan-master:9000/user/hive/checkpoints/air_quality_realtime/commits/37 using temp file hdfs://23133083thuyvan-master:9000/user/hive/checkpoints/air_quality_realtime/commits/.37.97b5b654-576e-4953-9152-dfd93b3b6350.tmp
[2026-04-12T09:21:47.887+0000] {subprocess.py:106} INFO - 26/04/12 09:21:47 INFO CheckpointFileManager: Renamed temp file hdfs://23133083thuyvan-master:9000/user/hive/checkpoints/air_quality_realtime/commits/.37.97b5b654-576e-4953-9152-dfd93b3b6350.tmp to hdfs://23133083thuyvan-master:9000/user/hive/checkpoints/air_quality_realtime/commits/37
[2026-04-12T09:21:47.907+0000] {subprocess.py:106} INFO - 26/04/12 09:21:47 INFO MicroBatchExecutionContext: Extracting source progress metrics for source=KafkaV2[Subscribe[weather-topic]] took duration_ms=3
[2026-04-12T09:21:47.910+0000] {subprocess.py:106} INFO - 26/04/12 09:21:47 INFO MicroBatchExecutionContext: Extracting sink progress metrics for sink=ForeachBatchSink took duration_ms=1
[2026-04-12T09:21:47.950+0000] {subprocess.py:106} INFO - 26/04/12 09:21:47 INFO ProgressReporter: Streaming query made progress: {
[2026-04-12T09:21:47.950+0000] {subprocess.py:106} INFO -   "id" : "eeb4d236-98c7-4533-ae22-8a761d90522f",
[2026-04-12T09:21:47.951+0000] {subprocess.py:106} INFO -   "runId" : "d155f488-a19e-4ffe-ad6c-ce25a6d8bc58",
[2026-04-12T09:21:47.951+0000] {subprocess.py:106} INFO -   "name" : null,
[2026-04-12T09:21:47.952+0000] {subprocess.py:106} INFO -   "timestamp" : "2026-04-12T09:21:33.624Z",
[2026-04-12T09:21:47.952+0000] {subprocess.py:106} INFO -   "batchId" : 37,
[2026-04-12T09:21:47.952+0000] {subprocess.py:106} INFO -   "batchDuration" : 14265,
[2026-04-12T09:21:47.953+0000] {subprocess.py:106} INFO -   "numInputRows" : 40,
[2026-04-12T09:21:47.953+0000] {subprocess.py:106} INFO -   "inputRowsPerSecond" : 0.0,
[2026-04-12T09:21:47.953+0000] {subprocess.py:106} INFO -   "processedRowsPerSecond" : 2.804065895548545,
[2026-04-12T09:21:47.954+0000] {subprocess.py:106} INFO -   "durationMs" : {
[2026-04-12T09:21:47.954+0000] {subprocess.py:106} INFO -     "addBatch" : 12783,
[2026-04-12T09:21:47.954+0000] {subprocess.py:106} INFO -     "commitOffsets" : 32,
[2026-04-12T09:21:47.954+0000] {subprocess.py:106} INFO -     "getBatch" : 2,
[2026-04-12T09:21:47.955+0000] {subprocess.py:106} INFO -     "latestOffset" : 1076,
[2026-04-12T09:21:47.955+0000] {subprocess.py:106} INFO -     "queryPlanning" : 189,
[2026-04-12T09:21:47.956+0000] {subprocess.py:106} INFO -     "triggerExecution" : 14261,
[2026-04-12T09:21:47.956+0000] {subprocess.py:106} INFO -     "walCommit" : 146
[2026-04-12T09:21:47.956+0000] {subprocess.py:106} INFO -   },
[2026-04-12T09:21:47.957+0000] {subprocess.py:106} INFO -   "stateOperators" : [ ],
[2026-04-12T09:21:47.958+0000] {subprocess.py:106} INFO -   "sources" : [ {
[2026-04-12T09:21:47.958+0000] {subprocess.py:106} INFO -     "description" : "KafkaV2[Subscribe[weather-topic]]",
[2026-04-12T09:21:47.959+0000] {subprocess.py:106} INFO -     "startOffset" : {
[2026-04-12T09:21:47.959+0000] {subprocess.py:106} INFO -       "weather-topic" : {
[2026-04-12T09:21:47.959+0000] {subprocess.py:106} INFO -         "0" : 320,
[2026-04-12T09:21:47.960+0000] {subprocess.py:106} INFO -         "1" : 310,
[2026-04-12T09:21:47.960+0000] {subprocess.py:106} INFO -         "2" : 330
[2026-04-12T09:21:47.960+0000] {subprocess.py:106} INFO -       }
[2026-04-12T09:21:47.961+0000] {subprocess.py:106} INFO -     },
[2026-04-12T09:21:47.961+0000] {subprocess.py:106} INFO -     "endOffset" : {
[2026-04-12T09:21:47.961+0000] {subprocess.py:106} INFO -       "weather-topic" : {
[2026-04-12T09:21:47.962+0000] {subprocess.py:106} INFO -         "0" : 327,
[2026-04-12T09:21:47.962+0000] {subprocess.py:106} INFO -         "1" : 317,
[2026-04-12T09:21:47.962+0000] {subprocess.py:106} INFO -         "2" : 336
[2026-04-12T09:21:47.963+0000] {subprocess.py:106} INFO -       }
[2026-04-12T09:21:47.963+0000] {subprocess.py:106} INFO -     },
[2026-04-12T09:21:47.964+0000] {subprocess.py:106} INFO -     "latestOffset" : {
[2026-04-12T09:21:47.964+0000] {subprocess.py:106} INFO -       "weather-topic" : {
[2026-04-12T09:21:47.964+0000] {subprocess.py:106} INFO -         "0" : 327,
[2026-04-12T09:21:47.965+0000] {subprocess.py:106} INFO -         "1" : 317,
[2026-04-12T09:21:47.965+0000] {subprocess.py:106} INFO -         "2" : 336
[2026-04-12T09:21:47.965+0000] {subprocess.py:106} INFO -       }
[2026-04-12T09:21:47.966+0000] {subprocess.py:106} INFO -     },
[2026-04-12T09:21:47.966+0000] {subprocess.py:106} INFO -     "numInputRows" : 40,
[2026-04-12T09:21:47.967+0000] {subprocess.py:106} INFO -     "inputRowsPerSecond" : 0.0,
[2026-04-12T09:21:47.967+0000] {subprocess.py:106} INFO -     "processedRowsPerSecond" : 2.804065895548545,
[2026-04-12T09:21:47.967+0000] {subprocess.py:106} INFO -     "metrics" : {
[2026-04-12T09:21:47.968+0000] {subprocess.py:106} INFO -       "avgOffsetsBehindLatest" : "0.0",
[2026-04-12T09:21:47.968+0000] {subprocess.py:106} INFO -       "maxOffsetsBehindLatest" : "0",
[2026-04-12T09:21:47.968+0000] {subprocess.py:106} INFO -       "minOffsetsBehindLatest" : "0"
[2026-04-12T09:21:47.969+0000] {subprocess.py:106} INFO -     }
[2026-04-12T09:21:47.969+0000] {subprocess.py:106} INFO -   } ],
[2026-04-12T09:21:47.969+0000] {subprocess.py:106} INFO -   "sink" : {
[2026-04-12T09:21:47.970+0000] {subprocess.py:106} INFO -     "description" : "ForeachBatchSink",
[2026-04-12T09:21:47.970+0000] {subprocess.py:106} INFO -     "numOutputRows" : -1
[2026-04-12T09:21:47.970+0000] {subprocess.py:106} INFO -   }
[2026-04-12T09:21:47.971+0000] {subprocess.py:106} INFO - }
[2026-04-12T09:22:00.025+0000] {subprocess.py:106} INFO - 26/04/12 09:22:00 INFO MicroBatchExecutionContext: Extracting source progress metrics for source=KafkaV2[Subscribe[weather-topic]] took duration_ms=0
[2026-04-12T09:22:00.026+0000] {subprocess.py:106} INFO - 26/04/12 09:22:00 INFO MicroBatchExecutionContext: Extracting sink progress metrics for sink=ForeachBatchSink took duration_ms=0
[2026-04-12T09:22:00.027+0000] {subprocess.py:106} INFO - 26/04/12 09:22:00 INFO ProgressReporter: Streaming query has been idle and waiting for new data more than 10000 ms.
[2026-04-12T09:22:30.018+0000] {subprocess.py:106} INFO - 26/04/12 09:22:30 INFO MicroBatchExecutionContext: Extracting source progress metrics for source=KafkaV2[Subscribe[weather-topic]] took duration_ms=0
[2026-04-12T09:22:30.019+0000] {subprocess.py:106} INFO - 26/04/12 09:22:30 INFO MicroBatchExecutionContext: Extracting sink progress metrics for sink=ForeachBatchSink took duration_ms=0
[2026-04-12T09:22:30.019+0000] {subprocess.py:106} INFO - 26/04/12 09:22:30 INFO ProgressReporter: Streaming query has been idle and waiting for new data more than 10000 ms.
[2026-04-12T09:23:00.019+0000] {subprocess.py:106} INFO - 26/04/12 09:23:00 INFO MicroBatchExecutionContext: Extracting source progress metrics for source=KafkaV2[Subscribe[weather-topic]] took duration_ms=0
[2026-04-12T09:23:00.019+0000] {subprocess.py:106} INFO - 26/04/12 09:23:00 INFO MicroBatchExecutionContext: Extracting sink progress metrics for sink=ForeachBatchSink took duration_ms=0
[2026-04-12T09:23:00.020+0000] {subprocess.py:106} INFO - 26/04/12 09:23:00 INFO ProgressReporter: Streaming query has been idle and waiting for new data more than 10000 ms.
[2026-04-12T09:23:30.023+0000] {subprocess.py:106} INFO - 26/04/12 09:23:30 INFO MicroBatchExecutionContext: Extracting source progress metrics for source=KafkaV2[Subscribe[weather-topic]] took duration_ms=0
[2026-04-12T09:23:30.025+0000] {subprocess.py:106} INFO - 26/04/12 09:23:30 INFO MicroBatchExecutionContext: Extracting sink progress metrics for sink=ForeachBatchSink took duration_ms=0
[2026-04-12T09:23:30.027+0000] {subprocess.py:106} INFO - 26/04/12 09:23:30 INFO ProgressReporter: Streaming query has been idle and waiting for new data more than 10000 ms.
[2026-04-12T09:24:00.015+0000] {subprocess.py:106} INFO - 26/04/12 09:24:00 INFO MicroBatchExecutionContext: Extracting source progress metrics for source=KafkaV2[Subscribe[weather-topic]] took duration_ms=0
[2026-04-12T09:24:00.015+0000] {subprocess.py:106} INFO - 26/04/12 09:24:00 INFO MicroBatchExecutionContext: Extracting sink progress metrics for sink=ForeachBatchSink took duration_ms=0
[2026-04-12T09:24:00.016+0000] {subprocess.py:106} INFO - 26/04/12 09:24:00 INFO ProgressReporter: Streaming query has been idle and waiting for new data more than 10000 ms.
[2026-04-12T09:24:30.021+0000] {subprocess.py:106} INFO - 26/04/12 09:24:30 INFO MicroBatchExecutionContext: Extracting source progress metrics for source=KafkaV2[Subscribe[weather-topic]] took duration_ms=0
[2026-04-12T09:24:30.022+0000] {subprocess.py:106} INFO - 26/04/12 09:24:30 INFO MicroBatchExecutionContext: Extracting sink progress metrics for sink=ForeachBatchSink took duration_ms=0
[2026-04-12T09:24:30.022+0000] {subprocess.py:106} INFO - 26/04/12 09:24:30 INFO ProgressReporter: Streaming query has been idle and waiting for new data more than 10000 ms.
[2026-04-12T09:25:00.021+0000] {subprocess.py:106} INFO - 26/04/12 09:25:00 INFO MicroBatchExecutionContext: Extracting source progress metrics for source=KafkaV2[Subscribe[weather-topic]] took duration_ms=0
[2026-04-12T09:25:00.022+0000] {subprocess.py:106} INFO - 26/04/12 09:25:00 INFO MicroBatchExecutionContext: Extracting sink progress metrics for sink=ForeachBatchSink took duration_ms=0
[2026-04-12T09:25:00.023+0000] {subprocess.py:106} INFO - 26/04/12 09:25:00 INFO ProgressReporter: Streaming query has been idle and waiting for new data more than 10000 ms.
[2026-04-12T09:25:30.015+0000] {subprocess.py:106} INFO - 26/04/12 09:25:30 INFO MicroBatchExecutionContext: Extracting source progress metrics for source=KafkaV2[Subscribe[weather-topic]] took duration_ms=0
[2026-04-12T09:25:30.016+0000] {subprocess.py:106} INFO - 26/04/12 09:25:30 INFO MicroBatchExecutionContext: Extracting sink progress metrics for sink=ForeachBatchSink took duration_ms=0
[2026-04-12T09:25:30.016+0000] {subprocess.py:106} INFO - 26/04/12 09:25:30 INFO ProgressReporter: Streaming query has been idle and waiting for new data more than 10000 ms.
[2026-04-12T09:26:00.018+0000] {subprocess.py:106} INFO - 26/04/12 09:26:00 INFO MicroBatchExecutionContext: Extracting source progress metrics for source=KafkaV2[Subscribe[weather-topic]] took duration_ms=0
[2026-04-12T09:26:00.020+0000] {subprocess.py:106} INFO - 26/04/12 09:26:00 INFO MicroBatchExecutionContext: Extracting sink progress metrics for sink=ForeachBatchSink took duration_ms=0
[2026-04-12T09:26:00.021+0000] {subprocess.py:106} INFO - 26/04/12 09:26:00 INFO ProgressReporter: Streaming query has been idle and waiting for new data more than 10000 ms.
[2026-04-12T09:26:30.016+0000] {subprocess.py:106} INFO - 26/04/12 09:26:30 INFO MicroBatchExecutionContext: Extracting source progress metrics for source=KafkaV2[Subscribe[weather-topic]] took duration_ms=0
[2026-04-12T09:26:30.016+0000] {subprocess.py:106} INFO - 26/04/12 09:26:30 INFO MicroBatchExecutionContext: Extracting sink progress metrics for sink=ForeachBatchSink took duration_ms=0
[2026-04-12T09:26:30.017+0000] {subprocess.py:106} INFO - 26/04/12 09:26:30 INFO ProgressReporter: Streaming query has been idle and waiting for new data more than 10000 ms.
[2026-04-12T09:26:47.259+0000] {subprocess.py:106} INFO - 26/04/12 09:26:47 INFO metastore: Closed a connection to metastore, current connections: 0
[2026-04-12T09:27:00.018+0000] {subprocess.py:106} INFO - 26/04/12 09:27:00 INFO MicroBatchExecutionContext: Extracting source progress metrics for source=KafkaV2[Subscribe[weather-topic]] took duration_ms=0
[2026-04-12T09:27:00.019+0000] {subprocess.py:106} INFO - 26/04/12 09:27:00 INFO MicroBatchExecutionContext: Extracting sink progress metrics for sink=ForeachBatchSink took duration_ms=0
[2026-04-12T09:27:00.020+0000] {subprocess.py:106} INFO - 26/04/12 09:27:00 INFO ProgressReporter: Streaming query has been idle and waiting for new data more than 10000 ms.
[2026-04-12T09:27:30.031+0000] {subprocess.py:106} INFO - 26/04/12 09:27:30 INFO MicroBatchExecutionContext: Extracting source progress metrics for source=KafkaV2[Subscribe[weather-topic]] took duration_ms=0
[2026-04-12T09:27:30.032+0000] {subprocess.py:106} INFO - 26/04/12 09:27:30 INFO MicroBatchExecutionContext: Extracting sink progress metrics for sink=ForeachBatchSink took duration_ms=0
[2026-04-12T09:27:30.032+0000] {subprocess.py:106} INFO - 26/04/12 09:27:30 INFO ProgressReporter: Streaming query has been idle and waiting for new data more than 10000 ms.
[2026-04-12T09:27:36.529+0000] {subprocess.py:106} INFO - 26/04/12 09:27:36 INFO ConsumerCoordinator: [Consumer clientId=consumer-spark-kafka-source-62663d2b-28c9-4798-8db8-56a8e71c8979--983882313-executor-1, groupId=spark-kafka-source-62663d2b-28c9-4798-8db8-56a8e71c8979--983882313-executor] Resetting generation and member id due to: consumer pro-actively leaving the group
[2026-04-12T09:27:36.529+0000] {subprocess.py:106} INFO - 26/04/12 09:27:36 INFO ConsumerCoordinator: [Consumer clientId=consumer-spark-kafka-source-62663d2b-28c9-4798-8db8-56a8e71c8979--983882313-executor-1, groupId=spark-kafka-source-62663d2b-28c9-4798-8db8-56a8e71c8979--983882313-executor] Request joining group due to: consumer pro-actively leaving the group
[2026-04-12T09:27:36.653+0000] {subprocess.py:106} INFO - 26/04/12 09:27:36 INFO Metrics: Metrics scheduler closed
[2026-04-12T09:27:36.653+0000] {subprocess.py:106} INFO - 26/04/12 09:27:36 INFO Metrics: Closing reporter org.apache.kafka.common.metrics.JmxReporter
[2026-04-12T09:27:36.654+0000] {subprocess.py:106} INFO - 26/04/12 09:27:36 INFO Metrics: Closing reporter org.apache.kafka.common.telemetry.internals.ClientTelemetryReporter
[2026-04-12T09:27:36.654+0000] {subprocess.py:106} INFO - 26/04/12 09:27:36 INFO Metrics: Metrics reporters closed
[2026-04-12T09:27:36.664+0000] {subprocess.py:106} INFO - 26/04/12 09:27:36 INFO AppInfoParser: App info kafka.consumer for consumer-spark-kafka-source-62663d2b-28c9-4798-8db8-56a8e71c8979--983882313-executor-1 unregistered
[2026-04-12T09:27:36.665+0000] {subprocess.py:106} INFO - 26/04/12 09:27:36 INFO ConsumerCoordinator: [Consumer clientId=consumer-spark-kafka-source-62663d2b-28c9-4798-8db8-56a8e71c8979--983882313-executor-2, groupId=spark-kafka-source-62663d2b-28c9-4798-8db8-56a8e71c8979--983882313-executor] Resetting generation and member id due to: consumer pro-actively leaving the group
[2026-04-12T09:27:36.666+0000] {subprocess.py:106} INFO - 26/04/12 09:27:36 INFO ConsumerCoordinator: [Consumer clientId=consumer-spark-kafka-source-62663d2b-28c9-4798-8db8-56a8e71c8979--983882313-executor-2, groupId=spark-kafka-source-62663d2b-28c9-4798-8db8-56a8e71c8979--983882313-executor] Request joining group due to: consumer pro-actively leaving the group
[2026-04-12T09:27:36.670+0000] {subprocess.py:106} INFO - 26/04/12 09:27:36 INFO Metrics: Metrics scheduler closed
[2026-04-12T09:27:36.671+0000] {subprocess.py:106} INFO - 26/04/12 09:27:36 INFO Metrics: Closing reporter org.apache.kafka.common.metrics.JmxReporter
[2026-04-12T09:27:36.671+0000] {subprocess.py:106} INFO - 26/04/12 09:27:36 INFO Metrics: Closing reporter org.apache.kafka.common.telemetry.internals.ClientTelemetryReporter
[2026-04-12T09:27:36.672+0000] {subprocess.py:106} INFO - 26/04/12 09:27:36 INFO Metrics: Metrics reporters closed
[2026-04-12T09:27:36.675+0000] {subprocess.py:106} INFO - 26/04/12 09:27:36 INFO AppInfoParser: App info kafka.consumer for consumer-spark-kafka-source-62663d2b-28c9-4798-8db8-56a8e71c8979--983882313-executor-2 unregistered
[2026-04-12T09:27:36.676+0000] {subprocess.py:106} INFO - 26/04/12 09:27:36 INFO ConsumerCoordinator: [Consumer clientId=consumer-spark-kafka-source-62663d2b-28c9-4798-8db8-56a8e71c8979--983882313-executor-3, groupId=spark-kafka-source-62663d2b-28c9-4798-8db8-56a8e71c8979--983882313-executor] Resetting generation and member id due to: consumer pro-actively leaving the group
[2026-04-12T09:27:36.677+0000] {subprocess.py:106} INFO - 26/04/12 09:27:36 INFO ConsumerCoordinator: [Consumer clientId=consumer-spark-kafka-source-62663d2b-28c9-4798-8db8-56a8e71c8979--983882313-executor-3, groupId=spark-kafka-source-62663d2b-28c9-4798-8db8-56a8e71c8979--983882313-executor] Request joining group due to: consumer pro-actively leaving the group
[2026-04-12T09:27:36.679+0000] {subprocess.py:106} INFO - 26/04/12 09:27:36 INFO Metrics: Metrics scheduler closed
[2026-04-12T09:27:36.680+0000] {subprocess.py:106} INFO - 26/04/12 09:27:36 INFO Metrics: Closing reporter org.apache.kafka.common.metrics.JmxReporter
[2026-04-12T09:27:36.680+0000] {subprocess.py:106} INFO - 26/04/12 09:27:36 INFO Metrics: Closing reporter org.apache.kafka.common.telemetry.internals.ClientTelemetryReporter
[2026-04-12T09:27:36.681+0000] {subprocess.py:106} INFO - 26/04/12 09:27:36 INFO Metrics: Metrics reporters closed
[2026-04-12T09:27:36.682+0000] {subprocess.py:106} INFO - 26/04/12 09:27:36 INFO AppInfoParser: App info kafka.consumer for consumer-spark-kafka-source-62663d2b-28c9-4798-8db8-56a8e71c8979--983882313-executor-3 unregistered
[2026-04-12T09:28:00.016+0000] {subprocess.py:106} INFO - 26/04/12 09:28:00 INFO MicroBatchExecutionContext: Extracting source progress metrics for source=KafkaV2[Subscribe[weather-topic]] took duration_ms=0
[2026-04-12T09:28:00.016+0000] {subprocess.py:106} INFO - 26/04/12 09:28:00 INFO MicroBatchExecutionContext: Extracting sink progress metrics for sink=ForeachBatchSink took duration_ms=0
[2026-04-12T09:28:00.017+0000] {subprocess.py:106} INFO - 26/04/12 09:28:00 INFO ProgressReporter: Streaming query has been idle and waiting for new data more than 10000 ms.
[2026-04-12T09:28:30.022+0000] {subprocess.py:106} INFO - 26/04/12 09:28:30 INFO MicroBatchExecutionContext: Extracting source progress metrics for source=KafkaV2[Subscribe[weather-topic]] took duration_ms=0
[2026-04-12T09:28:30.023+0000] {subprocess.py:106} INFO - 26/04/12 09:28:30 INFO MicroBatchExecutionContext: Extracting sink progress metrics for sink=ForeachBatchSink took duration_ms=0
[2026-04-12T09:28:30.028+0000] {subprocess.py:106} INFO - 26/04/12 09:28:30 INFO ProgressReporter: Streaming query has been idle and waiting for new data more than 10000 ms.
[2026-04-12T09:29:00.114+0000] {subprocess.py:106} INFO - 26/04/12 09:29:00 INFO MicroBatchExecutionContext: Extracting source progress metrics for source=KafkaV2[Subscribe[weather-topic]] took duration_ms=0
[2026-04-12T09:29:00.115+0000] {subprocess.py:106} INFO - 26/04/12 09:29:00 INFO MicroBatchExecutionContext: Extracting sink progress metrics for sink=ForeachBatchSink took duration_ms=0
[2026-04-12T09:29:00.116+0000] {subprocess.py:106} INFO - 26/04/12 09:29:00 INFO ProgressReporter: Streaming query has been idle and waiting for new data more than 10000 ms.
[2026-04-12T09:29:30.015+0000] {subprocess.py:106} INFO - 26/04/12 09:29:30 INFO MicroBatchExecutionContext: Extracting source progress metrics for source=KafkaV2[Subscribe[weather-topic]] took duration_ms=0
[2026-04-12T09:29:30.016+0000] {subprocess.py:106} INFO - 26/04/12 09:29:30 INFO MicroBatchExecutionContext: Extracting sink progress metrics for sink=ForeachBatchSink took duration_ms=0
[2026-04-12T09:29:30.016+0000] {subprocess.py:106} INFO - 26/04/12 09:29:30 INFO ProgressReporter: Streaming query has been idle and waiting for new data more than 10000 ms.
[2026-04-12T09:30:00.078+0000] {subprocess.py:106} INFO - 26/04/12 09:30:00 INFO MicroBatchExecutionContext: Extracting source progress metrics for source=KafkaV2[Subscribe[weather-topic]] took duration_ms=0
[2026-04-12T09:30:00.092+0000] {subprocess.py:106} INFO - 26/04/12 09:30:00 INFO MicroBatchExecutionContext: Extracting sink progress metrics for sink=ForeachBatchSink took duration_ms=0
[2026-04-12T09:30:00.094+0000] {subprocess.py:106} INFO - 26/04/12 09:30:00 INFO ProgressReporter: Streaming query has been idle and waiting for new data more than 10000 ms.
[2026-04-12T09:30:30.084+0000] {subprocess.py:106} INFO - 26/04/12 09:30:30 INFO CheckpointFileManager: Writing atomically to hdfs://23133083thuyvan-master:9000/user/hive/checkpoints/air_quality_realtime/offsets/38 using temp file hdfs://23133083thuyvan-master:9000/user/hive/checkpoints/air_quality_realtime/offsets/.38.157b2d7a-5416-4762-a74a-3ca703ca4bf4.tmp
[2026-04-12T09:30:30.137+0000] {subprocess.py:106} INFO - 26/04/12 09:30:30 INFO CheckpointFileManager: Renamed temp file hdfs://23133083thuyvan-master:9000/user/hive/checkpoints/air_quality_realtime/offsets/.38.157b2d7a-5416-4762-a74a-3ca703ca4bf4.tmp to hdfs://23133083thuyvan-master:9000/user/hive/checkpoints/air_quality_realtime/offsets/38
[2026-04-12T09:30:30.138+0000] {subprocess.py:106} INFO - 26/04/12 09:30:30 INFO MicroBatchExecution: Committed offsets for batch 38. Metadata OffsetSeqMetadata(0,1775986230017,HashMap(spark.sql.streaming.stateStore.providerClass -> org.apache.spark.sql.execution.streaming.state.HDFSBackedStateStoreProvider, spark.sql.streaming.stateStore.rocksdb.formatVersion -> 5, spark.sql.streaming.stateStore.encodingFormat -> unsaferow, spark.sql.streaming.statefulOperator.useStrictDistribution -> true, spark.sql.streaming.flatMapGroupsWithState.stateFormatVersion -> 2, spark.sql.streaming.multipleWatermarkPolicy -> min, spark.sql.streaming.aggregation.stateFormatVersion -> 2, spark.sql.shuffle.partitions -> 50, spark.sql.streaming.join.stateFormatVersion -> 2, spark.sql.streaming.stateStore.compression.codec -> lz4, spark.sql.optimizer.pruneFiltersCanPruneStreamingSubplan -> false))
[2026-04-12T09:30:30.299+0000] {subprocess.py:106} INFO - 26/04/12 09:30:30 INFO IncrementalExecution: Current batch timestamp = 1775986230017
[2026-04-12T09:30:30.389+0000] {subprocess.py:106} INFO - 26/04/12 09:30:30 INFO IncrementalExecution: Current batch timestamp = 1775986230017
[2026-04-12T09:30:30.583+0000] {subprocess.py:106} INFO - 26/04/12 09:30:30 INFO CodeGenerator: Code generated in 110.039734 ms
[2026-04-12T09:30:30.589+0000] {subprocess.py:106} INFO - 26/04/12 09:30:30 INFO KafkaOffsetReaderAdmin: Partitions added: Map()
[2026-04-12T09:30:30.800+0000] {subprocess.py:106} INFO - 26/04/12 09:30:30 INFO SparkContext: Starting job: start at NativeMethodAccessorImpl.java:0
[2026-04-12T09:30:30.809+0000] {subprocess.py:106} INFO - 26/04/12 09:30:30 INFO DAGScheduler: Registering RDD 31 (start at NativeMethodAccessorImpl.java:0) as input to shuffle 1
[2026-04-12T09:30:30.810+0000] {subprocess.py:106} INFO - 26/04/12 09:30:30 INFO DAGScheduler: Got job 4 (start at NativeMethodAccessorImpl.java:0) with 1 output partitions
[2026-04-12T09:30:30.811+0000] {subprocess.py:106} INFO - 26/04/12 09:30:30 INFO DAGScheduler: Final stage: ResultStage 6 (start at NativeMethodAccessorImpl.java:0)
[2026-04-12T09:30:30.812+0000] {subprocess.py:106} INFO - 26/04/12 09:30:30 INFO DAGScheduler: Parents of final stage: List(ShuffleMapStage 5)
[2026-04-12T09:30:30.812+0000] {subprocess.py:106} INFO - 26/04/12 09:30:30 INFO DAGScheduler: Missing parents: List(ShuffleMapStage 5)
[2026-04-12T09:30:30.814+0000] {subprocess.py:106} INFO - 26/04/12 09:30:30 INFO DAGScheduler: Submitting ShuffleMapStage 5 (MapPartitionsRDD[31] at start at NativeMethodAccessorImpl.java:0), which has no missing parents
[2026-04-12T09:30:30.834+0000] {subprocess.py:106} INFO - 26/04/12 09:30:30 INFO MemoryStore: Block broadcast_9 stored as values in memory (estimated size 43.0 KiB, free 1044.6 MiB)
[2026-04-12T09:30:30.953+0000] {subprocess.py:106} INFO - 26/04/12 09:30:30 INFO MemoryStore: Block broadcast_9_piece0 stored as bytes in memory (estimated size 16.4 KiB, free 1044.6 MiB)
[2026-04-12T09:30:30.960+0000] {subprocess.py:106} INFO - 26/04/12 09:30:30 INFO SparkContext: Created broadcast 9 from broadcast at DAGScheduler.scala:1676
[2026-04-12T09:30:30.963+0000] {subprocess.py:106} INFO - 26/04/12 09:30:30 INFO DAGScheduler: Submitting 3 missing tasks from ShuffleMapStage 5 (MapPartitionsRDD[31] at start at NativeMethodAccessorImpl.java:0) (first 15 tasks are for partitions Vector(0, 1, 2))
[2026-04-12T09:30:30.966+0000] {subprocess.py:106} INFO - 26/04/12 09:30:30 INFO TaskSchedulerImpl: Adding task set 5.0 with 3 tasks resource profile 0
[2026-04-12T09:30:30.981+0000] {subprocess.py:106} INFO - 26/04/12 09:30:30 INFO TaskSetManager: Starting task 0.0 in stage 5.0 (TID 12) (spark-master,executor driver, partition 0, PROCESS_LOCAL, 13492 bytes)
[2026-04-12T09:30:30.989+0000] {subprocess.py:106} INFO - 26/04/12 09:30:30 INFO TaskSetManager: Starting task 1.0 in stage 5.0 (TID 13) (spark-master,executor driver, partition 1, PROCESS_LOCAL, 13492 bytes)
[2026-04-12T09:30:30.993+0000] {subprocess.py:106} INFO - 26/04/12 09:30:30 INFO TaskSetManager: Starting task 2.0 in stage 5.0 (TID 14) (spark-master,executor driver, partition 2, PROCESS_LOCAL, 13492 bytes)
[2026-04-12T09:30:30.996+0000] {subprocess.py:106} INFO - 26/04/12 09:30:30 INFO Executor: Running task 1.0 in stage 5.0 (TID 13)
[2026-04-12T09:30:30.997+0000] {subprocess.py:106} INFO - 26/04/12 09:30:30 INFO Executor: Running task 0.0 in stage 5.0 (TID 12)
[2026-04-12T09:30:30.997+0000] {subprocess.py:106} INFO - 26/04/12 09:30:30 INFO Executor: Running task 2.0 in stage 5.0 (TID 14)
[2026-04-12T09:30:31.100+0000] {subprocess.py:106} INFO - 26/04/12 09:30:31 INFO CodeGenerator: Code generated in 48.774193 ms
[2026-04-12T09:30:31.106+0000] {subprocess.py:106} INFO - 26/04/12 09:30:31 INFO KafkaBatchReaderFactory: Creating Kafka reader topicPartition=weather-topic-2 fromOffset=336} untilOffset=341, for query queryId=eeb4d236-98c7-4533-ae22-8a761d90522f batchId=38 taskId=12 partitionId=0
[2026-04-12T09:30:31.108+0000] {subprocess.py:106} INFO - 26/04/12 09:30:31 INFO KafkaBatchReaderFactory: Creating Kafka reader topicPartition=weather-topic-0 fromOffset=327} untilOffset=334, for query queryId=eeb4d236-98c7-4533-ae22-8a761d90522f batchId=38 taskId=14 partitionId=2
[2026-04-12T09:30:31.109+0000] {subprocess.py:106} INFO - 26/04/12 09:30:31 INFO KafkaBatchReaderFactory: Creating Kafka reader topicPartition=weather-topic-1 fromOffset=317} untilOffset=325, for query queryId=eeb4d236-98c7-4533-ae22-8a761d90522f batchId=38 taskId=13 partitionId=1
[2026-04-12T09:30:31.214+0000] {subprocess.py:106} INFO - 26/04/12 09:30:31 INFO ConsumerConfig: ConsumerConfig values:
[2026-04-12T09:30:31.215+0000] {subprocess.py:106} INFO - 	allow.auto.create.topics = true
[2026-04-12T09:30:31.217+0000] {subprocess.py:106} INFO - 	auto.commit.interval.ms = 5000
[2026-04-12T09:30:31.217+0000] {subprocess.py:106} INFO - 	auto.include.jmx.reporter = true
[2026-04-12T09:30:31.218+0000] {subprocess.py:106} INFO - 	auto.offset.reset = none
[2026-04-12T09:30:31.219+0000] {subprocess.py:106} INFO - 	bootstrap.servers = [kafka:9092]
[2026-04-12T09:30:31.220+0000] {subprocess.py:106} INFO - 	check.crcs = true
[2026-04-12T09:30:31.220+0000] {subprocess.py:106} INFO - 	client.dns.lookup = use_all_dns_ips
[2026-04-12T09:30:31.221+0000] {subprocess.py:106} INFO - 	client.id = consumer-spark-kafka-source-62663d2b-28c9-4798-8db8-56a8e71c8979--983882313-executor-5
[2026-04-12T09:30:31.222+0000] {subprocess.py:106} INFO - 	client.rack =
[2026-04-12T09:30:31.222+0000] {subprocess.py:106} INFO - 	connections.max.idle.ms = 540000
[2026-04-12T09:30:31.223+0000] {subprocess.py:106} INFO - 	default.api.timeout.ms = 60000
[2026-04-12T09:30:31.223+0000] {subprocess.py:106} INFO - 	enable.auto.commit = false
[2026-04-12T09:30:31.224+0000] {subprocess.py:106} INFO - 	enable.metrics.push = true
[2026-04-12T09:30:31.224+0000] {subprocess.py:106} INFO - 	exclude.internal.topics = true
[2026-04-12T09:30:31.224+0000] {subprocess.py:106} INFO - 	fetch.max.bytes = 52428800
[2026-04-12T09:30:31.225+0000] {subprocess.py:106} INFO - 	fetch.max.wait.ms = 500
[2026-04-12T09:30:31.225+0000] {subprocess.py:106} INFO - 	fetch.min.bytes = 1
[2026-04-12T09:30:31.226+0000] {subprocess.py:106} INFO - 	group.id = spark-kafka-source-62663d2b-28c9-4798-8db8-56a8e71c8979--983882313-executor
[2026-04-12T09:30:31.226+0000] {subprocess.py:106} INFO - 	group.instance.id = null
[2026-04-12T09:30:31.227+0000] {subprocess.py:106} INFO - 	group.protocol = classic
[2026-04-12T09:30:31.227+0000] {subprocess.py:106} INFO - 	group.remote.assignor = null
[2026-04-12T09:30:31.228+0000] {subprocess.py:106} INFO - 	heartbeat.interval.ms = 3000
[2026-04-12T09:30:31.228+0000] {subprocess.py:106} INFO - 	interceptor.classes = []
[2026-04-12T09:30:31.229+0000] {subprocess.py:106} INFO - 	internal.leave.group.on.close = true
[2026-04-12T09:30:31.229+0000] {subprocess.py:106} INFO - 	internal.throw.on.fetch.stable.offset.unsupported = false
[2026-04-12T09:30:31.230+0000] {subprocess.py:106} INFO - 	isolation.level = read_uncommitted
[2026-04-12T09:30:31.230+0000] {subprocess.py:106} INFO - 	key.deserializer = class org.apache.kafka.common.serialization.ByteArrayDeserializer
[2026-04-12T09:30:31.231+0000] {subprocess.py:106} INFO - 	max.partition.fetch.bytes = 1048576
[2026-04-12T09:30:31.231+0000] {subprocess.py:106} INFO - 	max.poll.interval.ms = 300000
[2026-04-12T09:30:31.232+0000] {subprocess.py:106} INFO - 	max.poll.records = 500
[2026-04-12T09:30:31.232+0000] {subprocess.py:106} INFO - 	metadata.max.age.ms = 300000
[2026-04-12T09:30:31.232+0000] {subprocess.py:106} INFO - 	metadata.recovery.strategy = none
[2026-04-12T09:30:31.233+0000] {subprocess.py:106} INFO - 	metric.reporters = []
[2026-04-12T09:30:31.233+0000] {subprocess.py:106} INFO - 	metrics.num.samples = 2
[2026-04-12T09:30:31.234+0000] {subprocess.py:106} INFO - 	metrics.recording.level = INFO
[2026-04-12T09:30:31.235+0000] {subprocess.py:106} INFO - 	metrics.sample.window.ms = 30000
[2026-04-12T09:30:31.235+0000] {subprocess.py:106} INFO - 	partition.assignment.strategy = [class org.apache.kafka.clients.consumer.RangeAssignor, class org.apache.kafka.clients.consumer.CooperativeStickyAssignor]
[2026-04-12T09:30:31.236+0000] {subprocess.py:106} INFO - 	receive.buffer.bytes = 65536
[2026-04-12T09:30:31.236+0000] {subprocess.py:106} INFO - 	reconnect.backoff.max.ms = 1000
[2026-04-12T09:30:31.237+0000] {subprocess.py:106} INFO - 	reconnect.backoff.ms = 50
[2026-04-12T09:30:31.237+0000] {subprocess.py:106} INFO - 	request.timeout.ms = 30000
[2026-04-12T09:30:31.238+0000] {subprocess.py:106} INFO - 	retry.backoff.max.ms = 1000
[2026-04-12T09:30:31.238+0000] {subprocess.py:106} INFO - 	retry.backoff.ms = 100
[2026-04-12T09:30:31.239+0000] {subprocess.py:106} INFO - 	sasl.client.callback.handler.class = null
[2026-04-12T09:30:31.239+0000] {subprocess.py:106} INFO - 	sasl.jaas.config = null
[2026-04-12T09:30:31.239+0000] {subprocess.py:106} INFO - 	sasl.kerberos.kinit.cmd = /usr/bin/kinit
[2026-04-12T09:30:31.240+0000] {subprocess.py:106} INFO - 	sasl.kerberos.min.time.before.relogin = 60000
[2026-04-12T09:30:31.240+0000] {subprocess.py:106} INFO - 	sasl.kerberos.service.name = null
[2026-04-12T09:30:31.241+0000] {subprocess.py:106} INFO - 	sasl.kerberos.ticket.renew.jitter = 0.05
[2026-04-12T09:30:31.242+0000] {subprocess.py:106} INFO - 	sasl.kerberos.ticket.renew.window.factor = 0.8
[2026-04-12T09:30:31.242+0000] {subprocess.py:106} INFO - 	sasl.login.callback.handler.class = null
[2026-04-12T09:30:31.243+0000] {subprocess.py:106} INFO - 	sasl.login.class = null
[2026-04-12T09:30:31.243+0000] {subprocess.py:106} INFO - 	sasl.login.connect.timeout.ms = null
[2026-04-12T09:30:31.244+0000] {subprocess.py:106} INFO - 	sasl.login.read.timeout.ms = null
[2026-04-12T09:30:31.244+0000] {subprocess.py:106} INFO - 	sasl.login.refresh.buffer.seconds = 300
[2026-04-12T09:30:31.245+0000] {subprocess.py:106} INFO - 	sasl.login.refresh.min.period.seconds = 60
[2026-04-12T09:30:31.245+0000] {subprocess.py:106} INFO - 	sasl.login.refresh.window.factor = 0.8
[2026-04-12T09:30:31.246+0000] {subprocess.py:106} INFO - 	sasl.login.refresh.window.jitter = 0.05
[2026-04-12T09:30:31.246+0000] {subprocess.py:106} INFO - 	sasl.login.retry.backoff.max.ms = 10000
[2026-04-12T09:30:31.247+0000] {subprocess.py:106} INFO - 	sasl.login.retry.backoff.ms = 100
[2026-04-12T09:30:31.247+0000] {subprocess.py:106} INFO - 	sasl.mechanism = GSSAPI
[2026-04-12T09:30:31.248+0000] {subprocess.py:106} INFO - 	sasl.oauthbearer.clock.skew.seconds = 30
[2026-04-12T09:30:31.248+0000] {subprocess.py:106} INFO - 	sasl.oauthbearer.expected.audience = null
[2026-04-12T09:30:31.249+0000] {subprocess.py:106} INFO - 	sasl.oauthbearer.expected.issuer = null
[2026-04-12T09:30:31.249+0000] {subprocess.py:106} INFO - 	sasl.oauthbearer.header.urlencode = false
[2026-04-12T09:30:31.250+0000] {subprocess.py:106} INFO - 	sasl.oauthbearer.jwks.endpoint.refresh.ms = 3600000
[2026-04-12T09:30:31.253+0000] {subprocess.py:106} INFO - 	sasl.oauthbearer.jwks.endpoint.retry.backoff.max.ms = 10000
[2026-04-12T09:30:31.253+0000] {subprocess.py:106} INFO - 	sasl.oauthbearer.jwks.endpoint.retry.backoff.ms = 100
[2026-04-12T09:30:31.254+0000] {subprocess.py:106} INFO - 	sasl.oauthbearer.jwks.endpoint.url = null
[2026-04-12T09:30:31.254+0000] {subprocess.py:106} INFO - 	sasl.oauthbearer.scope.claim.name = scope
[2026-04-12T09:30:31.256+0000] {subprocess.py:106} INFO - 	sasl.oauthbearer.sub.claim.name = sub
[2026-04-12T09:30:31.256+0000] {subprocess.py:106} INFO - 	sasl.oauthbearer.token.endpoint.url = null
[2026-04-12T09:30:31.257+0000] {subprocess.py:106} INFO - 	security.protocol = PLAINTEXT
[2026-04-12T09:30:31.257+0000] {subprocess.py:106} INFO - 	security.providers = null
[2026-04-12T09:30:31.258+0000] {subprocess.py:106} INFO - 	send.buffer.bytes = 131072
[2026-04-12T09:30:31.259+0000] {subprocess.py:106} INFO - 	session.timeout.ms = 45000
[2026-04-12T09:30:31.260+0000] {subprocess.py:106} INFO - 	socket.connection.setup.timeout.max.ms = 30000
[2026-04-12T09:30:31.260+0000] {subprocess.py:106} INFO - 	socket.connection.setup.timeout.ms = 10000
[2026-04-12T09:30:31.261+0000] {subprocess.py:106} INFO - 	ssl.cipher.suites = null
[2026-04-12T09:30:31.262+0000] {subprocess.py:106} INFO - 	ssl.enabled.protocols = [TLSv1.2, TLSv1.3]
[2026-04-12T09:30:31.263+0000] {subprocess.py:106} INFO - 	ssl.endpoint.identification.algorithm = https
[2026-04-12T09:30:31.264+0000] {subprocess.py:106} INFO - 	ssl.engine.factory.class = null
[2026-04-12T09:30:31.265+0000] {subprocess.py:106} INFO - 	ssl.key.password = null
[2026-04-12T09:30:31.267+0000] {subprocess.py:106} INFO - 	ssl.keymanager.algorithm = SunX509
[2026-04-12T09:30:31.267+0000] {subprocess.py:106} INFO - 	ssl.keystore.certificate.chain = null
[2026-04-12T09:30:31.268+0000] {subprocess.py:106} INFO - 	ssl.keystore.key = null
[2026-04-12T09:30:31.268+0000] {subprocess.py:106} INFO - 	ssl.keystore.location = null
[2026-04-12T09:30:31.269+0000] {subprocess.py:106} INFO - 	ssl.keystore.password = null
[2026-04-12T09:30:31.269+0000] {subprocess.py:106} INFO - 	ssl.keystore.type = JKS
[2026-04-12T09:30:31.270+0000] {subprocess.py:106} INFO - 	ssl.protocol = TLSv1.3
[2026-04-12T09:30:31.277+0000] {subprocess.py:106} INFO - 	ssl.provider = null
[2026-04-12T09:30:31.277+0000] {subprocess.py:106} INFO - 	ssl.secure.random.implementation = null
[2026-04-12T09:30:31.282+0000] {subprocess.py:106} INFO - 	ssl.trustmanager.algorithm = PKIX
[2026-04-12T09:30:31.283+0000] {subprocess.py:106} INFO - 	ssl.truststore.certificates = null
[2026-04-12T09:30:31.283+0000] {subprocess.py:106} INFO - 	ssl.truststore.location = null
[2026-04-12T09:30:31.284+0000] {subprocess.py:106} INFO - 	ssl.truststore.password = null
[2026-04-12T09:30:31.285+0000] {subprocess.py:106} INFO - 	ssl.truststore.type = JKS
[2026-04-12T09:30:31.286+0000] {subprocess.py:106} INFO - 	value.deserializer = class org.apache.kafka.common.serialization.ByteArrayDeserializer
[2026-04-12T09:30:31.286+0000] {subprocess.py:106} INFO - 
[2026-04-12T09:30:31.287+0000] {subprocess.py:106} INFO - 26/04/12 09:30:31 INFO ConsumerConfig: ConsumerConfig values:
[2026-04-12T09:30:31.287+0000] {subprocess.py:106} INFO - 	allow.auto.create.topics = true
[2026-04-12T09:30:31.288+0000] {subprocess.py:106} INFO - 	auto.commit.interval.ms = 5000
[2026-04-12T09:30:31.288+0000] {subprocess.py:106} INFO - 	auto.include.jmx.reporter = true
[2026-04-12T09:30:31.289+0000] {subprocess.py:106} INFO - 	auto.offset.reset = none
[2026-04-12T09:30:31.291+0000] {subprocess.py:106} INFO - 	bootstrap.servers = [kafka:9092]
[2026-04-12T09:30:31.291+0000] {subprocess.py:106} INFO - 	check.crcs = true
[2026-04-12T09:30:31.292+0000] {subprocess.py:106} INFO - 	client.dns.lookup = use_all_dns_ips
[2026-04-12T09:30:31.292+0000] {subprocess.py:106} INFO - 	client.id = consumer-spark-kafka-source-62663d2b-28c9-4798-8db8-56a8e71c8979--983882313-executor-6
[2026-04-12T09:30:31.292+0000] {subprocess.py:106} INFO - 	client.rack =
[2026-04-12T09:30:31.293+0000] {subprocess.py:106} INFO - 	connections.max.idle.ms = 540000
[2026-04-12T09:30:31.293+0000] {subprocess.py:106} INFO - 	default.api.timeout.ms = 60000
[2026-04-12T09:30:31.294+0000] {subprocess.py:106} INFO - 	enable.auto.commit = false
[2026-04-12T09:30:31.294+0000] {subprocess.py:106} INFO - 	enable.metrics.push = true
[2026-04-12T09:30:31.294+0000] {subprocess.py:106} INFO - 	exclude.internal.topics = true
[2026-04-12T09:30:31.295+0000] {subprocess.py:106} INFO - 	fetch.max.bytes = 52428800
[2026-04-12T09:30:31.295+0000] {subprocess.py:106} INFO - 	fetch.max.wait.ms = 500
[2026-04-12T09:30:31.295+0000] {subprocess.py:106} INFO - 	fetch.min.bytes = 1
[2026-04-12T09:30:31.296+0000] {subprocess.py:106} INFO - 	group.id = spark-kafka-source-62663d2b-28c9-4798-8db8-56a8e71c8979--983882313-executor
[2026-04-12T09:30:31.296+0000] {subprocess.py:106} INFO - 	group.instance.id = null
[2026-04-12T09:30:31.296+0000] {subprocess.py:106} INFO - 	group.protocol = classic
[2026-04-12T09:30:31.297+0000] {subprocess.py:106} INFO - 	group.remote.assignor = null
[2026-04-12T09:30:31.297+0000] {subprocess.py:106} INFO - 	heartbeat.interval.ms = 3000
[2026-04-12T09:30:31.297+0000] {subprocess.py:106} INFO - 	interceptor.classes = []
[2026-04-12T09:30:31.298+0000] {subprocess.py:106} INFO - 	internal.leave.group.on.close = true
[2026-04-12T09:30:31.298+0000] {subprocess.py:106} INFO - 	internal.throw.on.fetch.stable.offset.unsupported = false
[2026-04-12T09:30:31.299+0000] {subprocess.py:106} INFO - 	isolation.level = read_uncommitted
[2026-04-12T09:30:31.299+0000] {subprocess.py:106} INFO - 	key.deserializer = class org.apache.kafka.common.serialization.ByteArrayDeserializer
[2026-04-12T09:30:31.299+0000] {subprocess.py:106} INFO - 	max.partition.fetch.bytes = 1048576
[2026-04-12T09:30:31.300+0000] {subprocess.py:106} INFO - 	max.poll.interval.ms = 300000
[2026-04-12T09:30:31.301+0000] {subprocess.py:106} INFO - 	max.poll.records = 500
[2026-04-12T09:30:31.301+0000] {subprocess.py:106} INFO - 	metadata.max.age.ms = 300000
[2026-04-12T09:30:31.301+0000] {subprocess.py:106} INFO - 	metadata.recovery.strategy = none
[2026-04-12T09:30:31.302+0000] {subprocess.py:106} INFO - 	metric.reporters = []
[2026-04-12T09:30:31.302+0000] {subprocess.py:106} INFO - 	metrics.num.samples = 2
[2026-04-12T09:30:31.302+0000] {subprocess.py:106} INFO - 	metrics.recording.level = INFO
[2026-04-12T09:30:31.303+0000] {subprocess.py:106} INFO - 	metrics.sample.window.ms = 30000
[2026-04-12T09:30:31.303+0000] {subprocess.py:106} INFO - 	partition.assignment.strategy = [class org.apache.kafka.clients.consumer.RangeAssignor, class org.apache.kafka.clients.consumer.CooperativeStickyAssignor]
[2026-04-12T09:30:31.304+0000] {subprocess.py:106} INFO - 	receive.buffer.bytes = 65536
[2026-04-12T09:30:31.304+0000] {subprocess.py:106} INFO - 	reconnect.backoff.max.ms = 1000
[2026-04-12T09:30:31.304+0000] {subprocess.py:106} INFO - 	reconnect.backoff.ms = 50
[2026-04-12T09:30:31.305+0000] {subprocess.py:106} INFO - 	request.timeout.ms = 30000
[2026-04-12T09:30:31.305+0000] {subprocess.py:106} INFO - 	retry.backoff.max.ms = 1000
[2026-04-12T09:30:31.305+0000] {subprocess.py:106} INFO - 	retry.backoff.ms = 100
[2026-04-12T09:30:31.306+0000] {subprocess.py:106} INFO - 	sasl.client.callback.handler.class = null
[2026-04-12T09:30:31.306+0000] {subprocess.py:106} INFO - 	sasl.jaas.config = null
[2026-04-12T09:30:31.307+0000] {subprocess.py:106} INFO - 	sasl.kerberos.kinit.cmd = /usr/bin/kinit
[2026-04-12T09:30:31.307+0000] {subprocess.py:106} INFO - 	sasl.kerberos.min.time.before.relogin = 60000
[2026-04-12T09:30:31.307+0000] {subprocess.py:106} INFO - 	sasl.kerberos.service.name = null
[2026-04-12T09:30:31.308+0000] {subprocess.py:106} INFO - 	sasl.kerberos.ticket.renew.jitter = 0.05
[2026-04-12T09:30:31.309+0000] {subprocess.py:106} INFO - 	sasl.kerberos.ticket.renew.window.factor = 0.8
[2026-04-12T09:30:31.309+0000] {subprocess.py:106} INFO - 	sasl.login.callback.handler.class = null
[2026-04-12T09:30:31.309+0000] {subprocess.py:106} INFO - 	sasl.login.class = null
[2026-04-12T09:30:31.310+0000] {subprocess.py:106} INFO - 	sasl.login.connect.timeout.ms = null
[2026-04-12T09:30:31.310+0000] {subprocess.py:106} INFO - 	sasl.login.read.timeout.ms = null
[2026-04-12T09:30:31.311+0000] {subprocess.py:106} INFO - 	sasl.login.refresh.buffer.seconds = 300
[2026-04-12T09:30:31.311+0000] {subprocess.py:106} INFO - 	sasl.login.refresh.min.period.seconds = 60
[2026-04-12T09:30:31.311+0000] {subprocess.py:106} INFO - 	sasl.login.refresh.window.factor = 0.8
[2026-04-12T09:30:31.312+0000] {subprocess.py:106} INFO - 	sasl.login.refresh.window.jitter = 0.05
[2026-04-12T09:30:31.313+0000] {subprocess.py:106} INFO - 	sasl.login.retry.backoff.max.ms = 10000
[2026-04-12T09:30:31.313+0000] {subprocess.py:106} INFO - 	sasl.login.retry.backoff.ms = 100
[2026-04-12T09:30:31.314+0000] {subprocess.py:106} INFO - 	sasl.mechanism = GSSAPI
[2026-04-12T09:30:31.314+0000] {subprocess.py:106} INFO - 	sasl.oauthbearer.clock.skew.seconds = 30
[2026-04-12T09:30:31.314+0000] {subprocess.py:106} INFO - 	sasl.oauthbearer.expected.audience = null
[2026-04-12T09:30:31.315+0000] {subprocess.py:106} INFO - 	sasl.oauthbearer.expected.issuer = null
[2026-04-12T09:30:31.316+0000] {subprocess.py:106} INFO - 	sasl.oauthbearer.header.urlencode = false
[2026-04-12T09:30:31.316+0000] {subprocess.py:106} INFO - 	sasl.oauthbearer.jwks.endpoint.refresh.ms = 3600000
[2026-04-12T09:30:31.316+0000] {subprocess.py:106} INFO - 	sasl.oauthbearer.jwks.endpoint.retry.backoff.max.ms = 10000
[2026-04-12T09:30:31.317+0000] {subprocess.py:106} INFO - 	sasl.oauthbearer.jwks.endpoint.retry.backoff.ms = 100
[2026-04-12T09:30:31.317+0000] {subprocess.py:106} INFO - 	sasl.oauthbearer.jwks.endpoint.url = null
[2026-04-12T09:30:31.317+0000] {subprocess.py:106} INFO - 	sasl.oauthbearer.scope.claim.name = scope
[2026-04-12T09:30:31.318+0000] {subprocess.py:106} INFO - 	sasl.oauthbearer.sub.claim.name = sub
[2026-04-12T09:30:31.318+0000] {subprocess.py:106} INFO - 	sasl.oauthbearer.token.endpoint.url = null
[2026-04-12T09:30:31.318+0000] {subprocess.py:106} INFO - 	security.protocol = PLAINTEXT
[2026-04-12T09:30:31.319+0000] {subprocess.py:106} INFO - 	security.providers = null
[2026-04-12T09:30:31.319+0000] {subprocess.py:106} INFO - 	send.buffer.bytes = 131072
[2026-04-12T09:30:31.320+0000] {subprocess.py:106} INFO - 	session.timeout.ms = 45000
[2026-04-12T09:30:31.321+0000] {subprocess.py:106} INFO - 	socket.connection.setup.timeout.max.ms = 30000
[2026-04-12T09:30:31.322+0000] {subprocess.py:106} INFO - 	socket.connection.setup.timeout.ms = 10000
[2026-04-12T09:30:31.322+0000] {subprocess.py:106} INFO - 	ssl.cipher.suites = null
[2026-04-12T09:30:31.322+0000] {subprocess.py:106} INFO - 	ssl.enabled.protocols = [TLSv1.2, TLSv1.3]
[2026-04-12T09:30:31.323+0000] {subprocess.py:106} INFO - 	ssl.endpoint.identification.algorithm = https
[2026-04-12T09:30:31.323+0000] {subprocess.py:106} INFO - 	ssl.engine.factory.class = null
[2026-04-12T09:30:31.324+0000] {subprocess.py:106} INFO - 	ssl.key.password = null
[2026-04-12T09:30:31.324+0000] {subprocess.py:106} INFO - 	ssl.keymanager.algorithm = SunX509
[2026-04-12T09:30:31.325+0000] {subprocess.py:106} INFO - 	ssl.keystore.certificate.chain = null
[2026-04-12T09:30:31.325+0000] {subprocess.py:106} INFO - 	ssl.keystore.key = null
[2026-04-12T09:30:31.326+0000] {subprocess.py:106} INFO - 	ssl.keystore.location = null
[2026-04-12T09:30:31.326+0000] {subprocess.py:106} INFO - 	ssl.keystore.password = null
[2026-04-12T09:30:31.326+0000] {subprocess.py:106} INFO - 	ssl.keystore.type = JKS
[2026-04-12T09:30:31.327+0000] {subprocess.py:106} INFO - 	ssl.protocol = TLSv1.3
[2026-04-12T09:30:31.327+0000] {subprocess.py:106} INFO - 	ssl.provider = null
[2026-04-12T09:30:31.328+0000] {subprocess.py:106} INFO - 	ssl.secure.random.implementation = null
[2026-04-12T09:30:31.328+0000] {subprocess.py:106} INFO - 	ssl.trustmanager.algorithm = PKIX
[2026-04-12T09:30:31.328+0000] {subprocess.py:106} INFO - 	ssl.truststore.certificates = null
[2026-04-12T09:30:31.329+0000] {subprocess.py:106} INFO - 	ssl.truststore.location = null
[2026-04-12T09:30:31.329+0000] {subprocess.py:106} INFO - 	ssl.truststore.password = null
[2026-04-12T09:30:31.329+0000] {subprocess.py:106} INFO - 	ssl.truststore.type = JKS
[2026-04-12T09:30:31.330+0000] {subprocess.py:106} INFO - 	value.deserializer = class org.apache.kafka.common.serialization.ByteArrayDeserializer
[2026-04-12T09:30:31.330+0000] {subprocess.py:106} INFO - 
[2026-04-12T09:30:31.330+0000] {subprocess.py:106} INFO - 26/04/12 09:30:31 INFO ConsumerConfig: ConsumerConfig values:
[2026-04-12T09:30:31.331+0000] {subprocess.py:106} INFO - 	allow.auto.create.topics = true
[2026-04-12T09:30:31.331+0000] {subprocess.py:106} INFO - 	auto.commit.interval.ms = 5000
[2026-04-12T09:30:31.331+0000] {subprocess.py:106} INFO - 	auto.include.jmx.reporter = true
[2026-04-12T09:30:31.332+0000] {subprocess.py:106} INFO - 	auto.offset.reset = none
[2026-04-12T09:30:31.332+0000] {subprocess.py:106} INFO - 	bootstrap.servers = [kafka:9092]
[2026-04-12T09:30:31.332+0000] {subprocess.py:106} INFO - 	check.crcs = true
[2026-04-12T09:30:31.333+0000] {subprocess.py:106} INFO - 	client.dns.lookup = use_all_dns_ips
[2026-04-12T09:30:31.333+0000] {subprocess.py:106} INFO - 	client.id = consumer-spark-kafka-source-62663d2b-28c9-4798-8db8-56a8e71c8979--983882313-executor-4
[2026-04-12T09:30:31.333+0000] {subprocess.py:106} INFO - 	client.rack =
[2026-04-12T09:30:31.333+0000] {subprocess.py:106} INFO - 	connections.max.idle.ms = 540000
[2026-04-12T09:30:31.334+0000] {subprocess.py:106} INFO - 	default.api.timeout.ms = 60000
[2026-04-12T09:30:31.334+0000] {subprocess.py:106} INFO - 	enable.auto.commit = false
[2026-04-12T09:30:31.334+0000] {subprocess.py:106} INFO - 	enable.metrics.push = true
[2026-04-12T09:30:31.335+0000] {subprocess.py:106} INFO - 	exclude.internal.topics = true
[2026-04-12T09:30:31.335+0000] {subprocess.py:106} INFO - 	fetch.max.bytes = 52428800
[2026-04-12T09:30:31.336+0000] {subprocess.py:106} INFO - 	fetch.max.wait.ms = 500
[2026-04-12T09:30:31.336+0000] {subprocess.py:106} INFO - 	fetch.min.bytes = 1
[2026-04-12T09:30:31.336+0000] {subprocess.py:106} INFO - 	group.id = spark-kafka-source-62663d2b-28c9-4798-8db8-56a8e71c8979--983882313-executor
[2026-04-12T09:30:31.337+0000] {subprocess.py:106} INFO - 	group.instance.id = null
[2026-04-12T09:30:31.339+0000] {subprocess.py:106} INFO - 	group.protocol = classic
[2026-04-12T09:30:31.340+0000] {subprocess.py:106} INFO - 	group.remote.assignor = null
[2026-04-12T09:30:31.340+0000] {subprocess.py:106} INFO - 	heartbeat.interval.ms = 3000
[2026-04-12T09:30:31.341+0000] {subprocess.py:106} INFO - 	interceptor.classes = []
[2026-04-12T09:30:31.341+0000] {subprocess.py:106} INFO - 	internal.leave.group.on.close = true
[2026-04-12T09:30:31.341+0000] {subprocess.py:106} INFO - 	internal.throw.on.fetch.stable.offset.unsupported = false
[2026-04-12T09:30:31.342+0000] {subprocess.py:106} INFO - 	isolation.level = read_uncommitted
[2026-04-12T09:30:31.342+0000] {subprocess.py:106} INFO - 	key.deserializer = class org.apache.kafka.common.serialization.ByteArrayDeserializer
[2026-04-12T09:30:31.343+0000] {subprocess.py:106} INFO - 	max.partition.fetch.bytes = 1048576
[2026-04-12T09:30:31.343+0000] {subprocess.py:106} INFO - 	max.poll.interval.ms = 300000
[2026-04-12T09:30:31.344+0000] {subprocess.py:106} INFO - 	max.poll.records = 500
[2026-04-12T09:30:31.344+0000] {subprocess.py:106} INFO - 	metadata.max.age.ms = 300000
[2026-04-12T09:30:31.344+0000] {subprocess.py:106} INFO - 	metadata.recovery.strategy = none
[2026-04-12T09:30:31.345+0000] {subprocess.py:106} INFO - 	metric.reporters = []
[2026-04-12T09:30:31.345+0000] {subprocess.py:106} INFO - 	metrics.num.samples = 2
[2026-04-12T09:30:31.346+0000] {subprocess.py:106} INFO - 	metrics.recording.level = INFO
[2026-04-12T09:30:31.346+0000] {subprocess.py:106} INFO - 	metrics.sample.window.ms = 30000
[2026-04-12T09:30:31.346+0000] {subprocess.py:106} INFO - 	partition.assignment.strategy = [class org.apache.kafka.clients.consumer.RangeAssignor, class org.apache.kafka.clients.consumer.CooperativeStickyAssignor]
[2026-04-12T09:30:31.347+0000] {subprocess.py:106} INFO - 	receive.buffer.bytes = 65536
[2026-04-12T09:30:31.347+0000] {subprocess.py:106} INFO - 	reconnect.backoff.max.ms = 1000
[2026-04-12T09:30:31.347+0000] {subprocess.py:106} INFO - 	reconnect.backoff.ms = 50
[2026-04-12T09:30:31.348+0000] {subprocess.py:106} INFO - 	request.timeout.ms = 30000
[2026-04-12T09:30:31.348+0000] {subprocess.py:106} INFO - 	retry.backoff.max.ms = 1000
[2026-04-12T09:30:31.348+0000] {subprocess.py:106} INFO - 	retry.backoff.ms = 100
[2026-04-12T09:30:31.349+0000] {subprocess.py:106} INFO - 	sasl.client.callback.handler.class = null
[2026-04-12T09:30:31.349+0000] {subprocess.py:106} INFO - 	sasl.jaas.config = null
[2026-04-12T09:30:31.350+0000] {subprocess.py:106} INFO - 	sasl.kerberos.kinit.cmd = /usr/bin/kinit
[2026-04-12T09:30:31.350+0000] {subprocess.py:106} INFO - 	sasl.kerberos.min.time.before.relogin = 60000
[2026-04-12T09:30:31.350+0000] {subprocess.py:106} INFO - 	sasl.kerberos.service.name = null
[2026-04-12T09:30:31.351+0000] {subprocess.py:106} INFO - 	sasl.kerberos.ticket.renew.jitter = 0.05
[2026-04-12T09:30:31.351+0000] {subprocess.py:106} INFO - 	sasl.kerberos.ticket.renew.window.factor = 0.8
[2026-04-12T09:30:31.351+0000] {subprocess.py:106} INFO - 	sasl.login.callback.handler.class = null
[2026-04-12T09:30:31.352+0000] {subprocess.py:106} INFO - 	sasl.login.class = null
[2026-04-12T09:30:31.352+0000] {subprocess.py:106} INFO - 	sasl.login.connect.timeout.ms = null
[2026-04-12T09:30:31.352+0000] {subprocess.py:106} INFO - 	sasl.login.read.timeout.ms = null
[2026-04-12T09:30:31.353+0000] {subprocess.py:106} INFO - 	sasl.login.refresh.buffer.seconds = 300
[2026-04-12T09:30:31.353+0000] {subprocess.py:106} INFO - 	sasl.login.refresh.min.period.seconds = 60
[2026-04-12T09:30:31.353+0000] {subprocess.py:106} INFO - 	sasl.login.refresh.window.factor = 0.8
[2026-04-12T09:30:31.354+0000] {subprocess.py:106} INFO - 	sasl.login.refresh.window.jitter = 0.05
[2026-04-12T09:30:31.354+0000] {subprocess.py:106} INFO - 	sasl.login.retry.backoff.max.ms = 10000
[2026-04-12T09:30:31.354+0000] {subprocess.py:106} INFO - 	sasl.login.retry.backoff.ms = 100
[2026-04-12T09:30:31.355+0000] {subprocess.py:106} INFO - 	sasl.mechanism = GSSAPI
[2026-04-12T09:30:31.355+0000] {subprocess.py:106} INFO - 	sasl.oauthbearer.clock.skew.seconds = 30
[2026-04-12T09:30:31.355+0000] {subprocess.py:106} INFO - 	sasl.oauthbearer.expected.audience = null
[2026-04-12T09:30:31.356+0000] {subprocess.py:106} INFO - 	sasl.oauthbearer.expected.issuer = null
[2026-04-12T09:30:31.356+0000] {subprocess.py:106} INFO - 	sasl.oauthbearer.header.urlencode = false
[2026-04-12T09:30:31.357+0000] {subprocess.py:106} INFO - 	sasl.oauthbearer.jwks.endpoint.refresh.ms = 3600000
[2026-04-12T09:30:31.357+0000] {subprocess.py:106} INFO - 	sasl.oauthbearer.jwks.endpoint.retry.backoff.max.ms = 10000
[2026-04-12T09:30:31.357+0000] {subprocess.py:106} INFO - 	sasl.oauthbearer.jwks.endpoint.retry.backoff.ms = 100
[2026-04-12T09:30:31.358+0000] {subprocess.py:106} INFO - 	sasl.oauthbearer.jwks.endpoint.url = null
[2026-04-12T09:30:31.358+0000] {subprocess.py:106} INFO - 	sasl.oauthbearer.scope.claim.name = scope
[2026-04-12T09:30:31.359+0000] {subprocess.py:106} INFO - 	sasl.oauthbearer.sub.claim.name = sub
[2026-04-12T09:30:31.359+0000] {subprocess.py:106} INFO - 	sasl.oauthbearer.token.endpoint.url = null
[2026-04-12T09:30:31.359+0000] {subprocess.py:106} INFO - 	security.protocol = PLAINTEXT
[2026-04-12T09:30:31.360+0000] {subprocess.py:106} INFO - 	security.providers = null
[2026-04-12T09:30:31.360+0000] {subprocess.py:106} INFO - 	send.buffer.bytes = 131072
[2026-04-12T09:30:31.360+0000] {subprocess.py:106} INFO - 	session.timeout.ms = 45000
[2026-04-12T09:30:31.361+0000] {subprocess.py:106} INFO - 	socket.connection.setup.timeout.max.ms = 30000
[2026-04-12T09:30:31.361+0000] {subprocess.py:106} INFO - 	socket.connection.setup.timeout.ms = 10000
[2026-04-12T09:30:31.361+0000] {subprocess.py:106} INFO - 	ssl.cipher.suites = null
[2026-04-12T09:30:31.362+0000] {subprocess.py:106} INFO - 	ssl.enabled.protocols = [TLSv1.2, TLSv1.3]
[2026-04-12T09:30:31.362+0000] {subprocess.py:106} INFO - 	ssl.endpoint.identification.algorithm = https
[2026-04-12T09:30:31.362+0000] {subprocess.py:106} INFO - 	ssl.engine.factory.class = null
[2026-04-12T09:30:31.363+0000] {subprocess.py:106} INFO - 	ssl.key.password = null
[2026-04-12T09:30:31.363+0000] {subprocess.py:106} INFO - 	ssl.keymanager.algorithm = SunX509
[2026-04-12T09:30:31.363+0000] {subprocess.py:106} INFO - 	ssl.keystore.certificate.chain = null
[2026-04-12T09:30:31.364+0000] {subprocess.py:106} INFO - 	ssl.keystore.key = null
[2026-04-12T09:30:31.364+0000] {subprocess.py:106} INFO - 	ssl.keystore.location = null
[2026-04-12T09:30:31.364+0000] {subprocess.py:106} INFO - 	ssl.keystore.password = null
[2026-04-12T09:30:31.365+0000] {subprocess.py:106} INFO - 	ssl.keystore.type = JKS
[2026-04-12T09:30:31.365+0000] {subprocess.py:106} INFO - 	ssl.protocol = TLSv1.3
[2026-04-12T09:30:31.365+0000] {subprocess.py:106} INFO - 	ssl.provider = null
[2026-04-12T09:30:31.366+0000] {subprocess.py:106} INFO - 	ssl.secure.random.implementation = null
[2026-04-12T09:30:31.366+0000] {subprocess.py:106} INFO - 	ssl.trustmanager.algorithm = PKIX
[2026-04-12T09:30:31.366+0000] {subprocess.py:106} INFO - 	ssl.truststore.certificates = null
[2026-04-12T09:30:31.367+0000] {subprocess.py:106} INFO - 	ssl.truststore.location = null
[2026-04-12T09:30:31.367+0000] {subprocess.py:106} INFO - 	ssl.truststore.password = null
[2026-04-12T09:30:31.367+0000] {subprocess.py:106} INFO - 	ssl.truststore.type = JKS
[2026-04-12T09:30:31.368+0000] {subprocess.py:106} INFO - 	value.deserializer = class org.apache.kafka.common.serialization.ByteArrayDeserializer
[2026-04-12T09:30:31.368+0000] {subprocess.py:106} INFO - 
[2026-04-12T09:30:31.369+0000] {subprocess.py:106} INFO - 26/04/12 09:30:31 INFO KafkaMetricsCollector: initializing Kafka metrics collector
[2026-04-12T09:30:31.369+0000] {subprocess.py:106} INFO - 26/04/12 09:30:31 INFO KafkaMetricsCollector: initializing Kafka metrics collector
[2026-04-12T09:30:31.369+0000] {subprocess.py:106} INFO - 26/04/12 09:30:31 INFO KafkaMetricsCollector: initializing Kafka metrics collector
[2026-04-12T09:30:31.370+0000] {subprocess.py:106} INFO - 26/04/12 09:30:31 INFO AppInfoParser: Kafka version: 3.9.0
[2026-04-12T09:30:31.370+0000] {subprocess.py:106} INFO - 26/04/12 09:30:31 INFO AppInfoParser: Kafka commitId: 84caaa6e9da06435
[2026-04-12T09:30:31.370+0000] {subprocess.py:106} INFO - 26/04/12 09:30:31 INFO AppInfoParser: Kafka startTimeMs: 1775986231240
[2026-04-12T09:30:31.371+0000] {subprocess.py:106} INFO - 26/04/12 09:30:31 INFO AppInfoParser: Kafka version: 3.9.0
[2026-04-12T09:30:31.371+0000] {subprocess.py:106} INFO - 26/04/12 09:30:31 INFO AppInfoParser: Kafka commitId: 84caaa6e9da06435
[2026-04-12T09:30:31.371+0000] {subprocess.py:106} INFO - 26/04/12 09:30:31 INFO AppInfoParser: Kafka startTimeMs: 1775986231241
[2026-04-12T09:30:31.372+0000] {subprocess.py:106} INFO - 26/04/12 09:30:31 INFO ClassicKafkaConsumer: [Consumer clientId=consumer-spark-kafka-source-62663d2b-28c9-4798-8db8-56a8e71c8979--983882313-executor-4, groupId=spark-kafka-source-62663d2b-28c9-4798-8db8-56a8e71c8979--983882313-executor] Assigned to partition(s): weather-topic-2
[2026-04-12T09:30:31.372+0000] {subprocess.py:106} INFO - 26/04/12 09:30:31 INFO ClassicKafkaConsumer: [Consumer clientId=consumer-spark-kafka-source-62663d2b-28c9-4798-8db8-56a8e71c8979--983882313-executor-6, groupId=spark-kafka-source-62663d2b-28c9-4798-8db8-56a8e71c8979--983882313-executor] Assigned to partition(s): weather-topic-1
[2026-04-12T09:30:31.373+0000] {subprocess.py:106} INFO - 26/04/12 09:30:31 INFO AppInfoParser: Kafka version: 3.9.0
[2026-04-12T09:30:31.373+0000] {subprocess.py:106} INFO - 26/04/12 09:30:31 INFO AppInfoParser: Kafka commitId: 84caaa6e9da06435
[2026-04-12T09:30:31.373+0000] {subprocess.py:106} INFO - 26/04/12 09:30:31 INFO AppInfoParser: Kafka startTimeMs: 1775986231246
[2026-04-12T09:30:31.374+0000] {subprocess.py:106} INFO - 26/04/12 09:30:31 INFO ClassicKafkaConsumer: [Consumer clientId=consumer-spark-kafka-source-62663d2b-28c9-4798-8db8-56a8e71c8979--983882313-executor-5, groupId=spark-kafka-source-62663d2b-28c9-4798-8db8-56a8e71c8979--983882313-executor] Assigned to partition(s): weather-topic-0
[2026-04-12T09:30:31.374+0000] {subprocess.py:106} INFO - 26/04/12 09:30:31 INFO ClassicKafkaConsumer: [Consumer clientId=consumer-spark-kafka-source-62663d2b-28c9-4798-8db8-56a8e71c8979--983882313-executor-5, groupId=spark-kafka-source-62663d2b-28c9-4798-8db8-56a8e71c8979--983882313-executor] Seeking to offset 327 for partition weather-topic-0
[2026-04-12T09:30:31.374+0000] {subprocess.py:106} INFO - 26/04/12 09:30:31 INFO ClassicKafkaConsumer: [Consumer clientId=consumer-spark-kafka-source-62663d2b-28c9-4798-8db8-56a8e71c8979--983882313-executor-4, groupId=spark-kafka-source-62663d2b-28c9-4798-8db8-56a8e71c8979--983882313-executor] Seeking to offset 336 for partition weather-topic-2
[2026-04-12T09:30:31.374+0000] {subprocess.py:106} INFO - 26/04/12 09:30:31 INFO ClassicKafkaConsumer: [Consumer clientId=consumer-spark-kafka-source-62663d2b-28c9-4798-8db8-56a8e71c8979--983882313-executor-6, groupId=spark-kafka-source-62663d2b-28c9-4798-8db8-56a8e71c8979--983882313-executor] Seeking to offset 317 for partition weather-topic-1
[2026-04-12T09:30:31.375+0000] {subprocess.py:106} INFO - 26/04/12 09:30:31 INFO Metadata: [Consumer clientId=consumer-spark-kafka-source-62663d2b-28c9-4798-8db8-56a8e71c8979--983882313-executor-4, groupId=spark-kafka-source-62663d2b-28c9-4798-8db8-56a8e71c8979--983882313-executor] Cluster ID: kkX-ljWLTPS7MNugi1CRGg
[2026-04-12T09:30:31.375+0000] {subprocess.py:106} INFO - 26/04/12 09:30:31 INFO Metadata: [Consumer clientId=consumer-spark-kafka-source-62663d2b-28c9-4798-8db8-56a8e71c8979--983882313-executor-6, groupId=spark-kafka-source-62663d2b-28c9-4798-8db8-56a8e71c8979--983882313-executor] Cluster ID: kkX-ljWLTPS7MNugi1CRGg
[2026-04-12T09:30:31.375+0000] {subprocess.py:106} INFO - 26/04/12 09:30:31 INFO Metadata: [Consumer clientId=consumer-spark-kafka-source-62663d2b-28c9-4798-8db8-56a8e71c8979--983882313-executor-5, groupId=spark-kafka-source-62663d2b-28c9-4798-8db8-56a8e71c8979--983882313-executor] Cluster ID: kkX-ljWLTPS7MNugi1CRGg
[2026-04-12T09:30:31.376+0000] {subprocess.py:106} INFO - 26/04/12 09:30:31 INFO SubscriptionState: [Consumer clientId=consumer-spark-kafka-source-62663d2b-28c9-4798-8db8-56a8e71c8979--983882313-executor-6, groupId=spark-kafka-source-62663d2b-28c9-4798-8db8-56a8e71c8979--983882313-executor] Seeking to earliest offset of partition weather-topic-1
[2026-04-12T09:30:31.376+0000] {subprocess.py:106} INFO - 26/04/12 09:30:31 INFO SubscriptionState: [Consumer clientId=consumer-spark-kafka-source-62663d2b-28c9-4798-8db8-56a8e71c8979--983882313-executor-5, groupId=spark-kafka-source-62663d2b-28c9-4798-8db8-56a8e71c8979--983882313-executor] Seeking to earliest offset of partition weather-topic-0
[2026-04-12T09:30:31.376+0000] {subprocess.py:106} INFO - 26/04/12 09:30:31 INFO SubscriptionState: [Consumer clientId=consumer-spark-kafka-source-62663d2b-28c9-4798-8db8-56a8e71c8979--983882313-executor-4, groupId=spark-kafka-source-62663d2b-28c9-4798-8db8-56a8e71c8979--983882313-executor] Seeking to earliest offset of partition weather-topic-2
[2026-04-12T09:30:31.796+0000] {subprocess.py:106} INFO - 26/04/12 09:30:31 INFO SubscriptionState: [Consumer clientId=consumer-spark-kafka-source-62663d2b-28c9-4798-8db8-56a8e71c8979--983882313-executor-4, groupId=spark-kafka-source-62663d2b-28c9-4798-8db8-56a8e71c8979--983882313-executor] Resetting offset for partition weather-topic-2 to position FetchPosition{offset=0, offsetEpoch=Optional.empty, currentLeader=LeaderAndEpoch{leader=Optional[kafka:9092 (id: 1 rack: null)], epoch=0}}.
[2026-04-12T09:30:31.798+0000] {subprocess.py:106} INFO - 26/04/12 09:30:31 INFO SubscriptionState: [Consumer clientId=consumer-spark-kafka-source-62663d2b-28c9-4798-8db8-56a8e71c8979--983882313-executor-4, groupId=spark-kafka-source-62663d2b-28c9-4798-8db8-56a8e71c8979--983882313-executor] Seeking to latest offset of partition weather-topic-2
[2026-04-12T09:30:31.798+0000] {subprocess.py:106} INFO - 26/04/12 09:30:31 INFO SubscriptionState: [Consumer clientId=consumer-spark-kafka-source-62663d2b-28c9-4798-8db8-56a8e71c8979--983882313-executor-6, groupId=spark-kafka-source-62663d2b-28c9-4798-8db8-56a8e71c8979--983882313-executor] Resetting offset for partition weather-topic-1 to position FetchPosition{offset=0, offsetEpoch=Optional.empty, currentLeader=LeaderAndEpoch{leader=Optional[kafka:9092 (id: 1 rack: null)], epoch=0}}.
[2026-04-12T09:30:31.800+0000] {subprocess.py:106} INFO - 26/04/12 09:30:31 INFO SubscriptionState: [Consumer clientId=consumer-spark-kafka-source-62663d2b-28c9-4798-8db8-56a8e71c8979--983882313-executor-6, groupId=spark-kafka-source-62663d2b-28c9-4798-8db8-56a8e71c8979--983882313-executor] Seeking to latest offset of partition weather-topic-1
[2026-04-12T09:30:31.801+0000] {subprocess.py:106} INFO - 26/04/12 09:30:31 INFO SubscriptionState: [Consumer clientId=consumer-spark-kafka-source-62663d2b-28c9-4798-8db8-56a8e71c8979--983882313-executor-5, groupId=spark-kafka-source-62663d2b-28c9-4798-8db8-56a8e71c8979--983882313-executor] Resetting offset for partition weather-topic-0 to position FetchPosition{offset=0, offsetEpoch=Optional.empty, currentLeader=LeaderAndEpoch{leader=Optional[kafka:9092 (id: 1 rack: null)], epoch=0}}.
[2026-04-12T09:30:31.801+0000] {subprocess.py:106} INFO - 26/04/12 09:30:31 INFO SubscriptionState: [Consumer clientId=consumer-spark-kafka-source-62663d2b-28c9-4798-8db8-56a8e71c8979--983882313-executor-5, groupId=spark-kafka-source-62663d2b-28c9-4798-8db8-56a8e71c8979--983882313-executor] Seeking to latest offset of partition weather-topic-0
[2026-04-12T09:30:31.802+0000] {subprocess.py:106} INFO - 26/04/12 09:30:31 INFO SubscriptionState: [Consumer clientId=consumer-spark-kafka-source-62663d2b-28c9-4798-8db8-56a8e71c8979--983882313-executor-6, groupId=spark-kafka-source-62663d2b-28c9-4798-8db8-56a8e71c8979--983882313-executor] Resetting offset for partition weather-topic-1 to position FetchPosition{offset=325, offsetEpoch=Optional.empty, currentLeader=LeaderAndEpoch{leader=Optional[kafka:9092 (id: 1 rack: null)], epoch=0}}.
[2026-04-12T09:30:31.802+0000] {subprocess.py:106} INFO - 26/04/12 09:30:31 INFO SubscriptionState: [Consumer clientId=consumer-spark-kafka-source-62663d2b-28c9-4798-8db8-56a8e71c8979--983882313-executor-4, groupId=spark-kafka-source-62663d2b-28c9-4798-8db8-56a8e71c8979--983882313-executor] Resetting offset for partition weather-topic-2 to position FetchPosition{offset=341, offsetEpoch=Optional.empty, currentLeader=LeaderAndEpoch{leader=Optional[kafka:9092 (id: 1 rack: null)], epoch=0}}.
[2026-04-12T09:30:31.803+0000] {subprocess.py:106} INFO - 26/04/12 09:30:31 INFO SubscriptionState: [Consumer clientId=consumer-spark-kafka-source-62663d2b-28c9-4798-8db8-56a8e71c8979--983882313-executor-5, groupId=spark-kafka-source-62663d2b-28c9-4798-8db8-56a8e71c8979--983882313-executor] Resetting offset for partition weather-topic-0 to position FetchPosition{offset=334, offsetEpoch=Optional.empty, currentLeader=LeaderAndEpoch{leader=Optional[kafka:9092 (id: 1 rack: null)], epoch=0}}.
[2026-04-12T09:30:31.821+0000] {subprocess.py:106} INFO - 26/04/12 09:30:31 INFO KafkaDataConsumer: From Kafka topicPartition=weather-topic-1 groupId=spark-kafka-source-62663d2b-28c9-4798-8db8-56a8e71c8979--983882313-executor read 8 records through 1 polls (polled out 8 records), taking 548.993911 ms, during time span of 573.736018 ms.
[2026-04-12T09:30:31.822+0000] {subprocess.py:106} INFO - 26/04/12 09:30:31 INFO KafkaDataConsumer: From Kafka topicPartition=weather-topic-0 groupId=spark-kafka-source-62663d2b-28c9-4798-8db8-56a8e71c8979--983882313-executor read 7 records through 1 polls (polled out 7 records), taking 551.485871 ms, during time span of 572.822274 ms.
[2026-04-12T09:30:31.823+0000] {subprocess.py:106} INFO - 26/04/12 09:30:31 INFO KafkaDataConsumer: From Kafka topicPartition=weather-topic-2 groupId=spark-kafka-source-62663d2b-28c9-4798-8db8-56a8e71c8979--983882313-executor read 5 records through 1 polls (polled out 5 records), taking 548.646997 ms, during time span of 574.785714 ms.
[2026-04-12T09:30:31.832+0000] {subprocess.py:106} INFO - 26/04/12 09:30:31 INFO Executor: Finished task 0.0 in stage 5.0 (TID 12). 2382 bytes result sent to driver
[2026-04-12T09:30:31.833+0000] {subprocess.py:106} INFO - 26/04/12 09:30:31 INFO Executor: Finished task 2.0 in stage 5.0 (TID 14). 2382 bytes result sent to driver
[2026-04-12T09:30:31.833+0000] {subprocess.py:106} INFO - 26/04/12 09:30:31 INFO Executor: Finished task 1.0 in stage 5.0 (TID 13). 2382 bytes result sent to driver
[2026-04-12T09:30:31.835+0000] {subprocess.py:106} INFO - 26/04/12 09:30:31 INFO TaskSetManager: Finished task 1.0 in stage 5.0 (TID 13) in 857 ms on spark-master (executor driver) (1/3)
[2026-04-12T09:30:31.836+0000] {subprocess.py:106} INFO - 26/04/12 09:30:31 INFO TaskSetManager: Finished task 0.0 in stage 5.0 (TID 12) in 861 ms on spark-master (executor driver) (2/3)
[2026-04-12T09:30:31.841+0000] {subprocess.py:106} INFO - 26/04/12 09:30:31 INFO TaskSetManager: Finished task 2.0 in stage 5.0 (TID 14) in 857 ms on spark-master (executor driver) (3/3)
[2026-04-12T09:30:31.842+0000] {subprocess.py:106} INFO - 26/04/12 09:30:31 INFO TaskSchedulerImpl: Removed TaskSet 5.0 whose tasks have all completed, from pool
[2026-04-12T09:30:31.842+0000] {subprocess.py:106} INFO - 26/04/12 09:30:31 INFO DAGScheduler: ShuffleMapStage 5 (start at NativeMethodAccessorImpl.java:0) finished in 1020 ms
[2026-04-12T09:30:31.843+0000] {subprocess.py:106} INFO - 26/04/12 09:30:31 INFO DAGScheduler: looking for newly runnable stages
[2026-04-12T09:30:31.843+0000] {subprocess.py:106} INFO - 26/04/12 09:30:31 INFO DAGScheduler: running: HashSet()
[2026-04-12T09:30:31.843+0000] {subprocess.py:106} INFO - 26/04/12 09:30:31 INFO DAGScheduler: waiting: HashSet(ResultStage 6)
[2026-04-12T09:30:31.844+0000] {subprocess.py:106} INFO - 26/04/12 09:30:31 INFO DAGScheduler: failed: HashSet()
[2026-04-12T09:30:31.844+0000] {subprocess.py:106} INFO - 26/04/12 09:30:31 INFO DAGScheduler: Submitting ResultStage 6 (MapPartitionsRDD[34] at start at NativeMethodAccessorImpl.java:0), which has no missing parents
[2026-04-12T09:30:31.845+0000] {subprocess.py:106} INFO - 26/04/12 09:30:31 INFO MemoryStore: Block broadcast_10 stored as values in memory (estimated size 13.6 KiB, free 1044.6 MiB)
[2026-04-12T09:30:31.860+0000] {subprocess.py:106} INFO - 26/04/12 09:30:31 INFO MemoryStore: Block broadcast_10_piece0 stored as bytes in memory (estimated size 6.5 KiB, free 1044.6 MiB)
[2026-04-12T09:30:31.862+0000] {subprocess.py:106} INFO - 26/04/12 09:30:31 INFO SparkContext: Created broadcast 10 from broadcast at DAGScheduler.scala:1676
[2026-04-12T09:30:31.863+0000] {subprocess.py:106} INFO - 26/04/12 09:30:31 INFO DAGScheduler: Submitting 1 missing tasks from ResultStage 6 (MapPartitionsRDD[34] at start at NativeMethodAccessorImpl.java:0) (first 15 tasks are for partitions Vector(0))
[2026-04-12T09:30:31.863+0000] {subprocess.py:106} INFO - 26/04/12 09:30:31 INFO TaskSchedulerImpl: Adding task set 6.0 with 1 tasks resource profile 0
[2026-04-12T09:30:31.866+0000] {subprocess.py:106} INFO - 26/04/12 09:30:31 INFO TaskSetManager: Starting task 0.0 in stage 6.0 (TID 15) (spark-master,executor driver, partition 0, NODE_LOCAL, 12446 bytes)
[2026-04-12T09:30:31.868+0000] {subprocess.py:106} INFO - 26/04/12 09:30:31 INFO Executor: Running task 0.0 in stage 6.0 (TID 15)
[2026-04-12T09:30:31.880+0000] {subprocess.py:106} INFO - 26/04/12 09:30:31 INFO ShuffleBlockFetcherIterator: Getting 3 (180.0 B) non-empty blocks including 3 (180.0 B) local and 0 (0.0 B) host-local and 0 (0.0 B) push-merged-local and 0 (0.0 B) remote blocks
[2026-04-12T09:30:31.880+0000] {subprocess.py:106} INFO - 26/04/12 09:30:31 INFO ShuffleBlockFetcherIterator: Started 0 remote fetches in 2 ms
[2026-04-12T09:30:31.897+0000] {subprocess.py:106} INFO - 26/04/12 09:30:31 INFO Executor: Finished task 0.0 in stage 6.0 (TID 15). 3938 bytes result sent to driver
[2026-04-12T09:30:31.900+0000] {subprocess.py:106} INFO - 26/04/12 09:30:31 INFO TaskSetManager: Finished task 0.0 in stage 6.0 (TID 15) in 36 ms on spark-master (executor driver) (1/1)
[2026-04-12T09:30:31.901+0000] {subprocess.py:106} INFO - 26/04/12 09:30:31 INFO TaskSchedulerImpl: Removed TaskSet 6.0 whose tasks have all completed, from pool
[2026-04-12T09:30:31.902+0000] {subprocess.py:106} INFO - 26/04/12 09:30:31 INFO DAGScheduler: ResultStage 6 (start at NativeMethodAccessorImpl.java:0) finished in 60 ms
[2026-04-12T09:30:31.903+0000] {subprocess.py:106} INFO - 26/04/12 09:30:31 INFO DAGScheduler: Job 4 is finished. Cancelling potential speculative or zombie tasks for this job
[2026-04-12T09:30:31.903+0000] {subprocess.py:106} INFO - 26/04/12 09:30:31 INFO TaskSchedulerImpl: Canceling stage 6
[2026-04-12T09:30:31.904+0000] {subprocess.py:106} INFO - 26/04/12 09:30:31 INFO TaskSchedulerImpl: Killing all running tasks in stage 6: Stage finished
[2026-04-12T09:30:31.904+0000] {subprocess.py:106} INFO - 26/04/12 09:30:31 INFO DAGScheduler: Job 4 finished: start at NativeMethodAccessorImpl.java:0, took 1103.610937 ms
[2026-04-12T09:30:31.968+0000] {subprocess.py:106} INFO - 26/04/12 09:30:31 INFO ParquetUtils: Using default output committer for Parquet: org.apache.parquet.hadoop.ParquetOutputCommitter
[2026-04-12T09:30:31.972+0000] {subprocess.py:106} INFO - 26/04/12 09:30:31 INFO FileOutputCommitter: File Output Committer Algorithm version is 1
[2026-04-12T09:30:31.973+0000] {subprocess.py:106} INFO - 26/04/12 09:30:31 INFO FileOutputCommitter: FileOutputCommitter skip cleanup _temporary folders under output directory:false, ignore cleanup failures: false
[2026-04-12T09:30:31.973+0000] {subprocess.py:106} INFO - 26/04/12 09:30:31 INFO SQLHadoopMapReduceCommitProtocol: Using user defined output committer class org.apache.parquet.hadoop.ParquetOutputCommitter
[2026-04-12T09:30:31.974+0000] {subprocess.py:106} INFO - 26/04/12 09:30:31 INFO FileOutputCommitter: File Output Committer Algorithm version is 1
[2026-04-12T09:30:31.974+0000] {subprocess.py:106} INFO - 26/04/12 09:30:31 INFO FileOutputCommitter: FileOutputCommitter skip cleanup _temporary folders under output directory:false, ignore cleanup failures: false
[2026-04-12T09:30:31.975+0000] {subprocess.py:106} INFO - 26/04/12 09:30:31 INFO SQLHadoopMapReduceCommitProtocol: Using output committer class org.apache.parquet.hadoop.ParquetOutputCommitter
[2026-04-12T09:30:31.995+0000] {subprocess.py:106} INFO - 26/04/12 09:30:31 INFO SparkContext: Starting job: start at NativeMethodAccessorImpl.java:0
[2026-04-12T09:30:31.997+0000] {subprocess.py:106} INFO - 26/04/12 09:30:31 INFO DAGScheduler: Got job 5 (start at NativeMethodAccessorImpl.java:0) with 3 output partitions
[2026-04-12T09:30:31.998+0000] {subprocess.py:106} INFO - 26/04/12 09:30:31 INFO DAGScheduler: Final stage: ResultStage 7 (start at NativeMethodAccessorImpl.java:0)
[2026-04-12T09:30:31.999+0000] {subprocess.py:106} INFO - 26/04/12 09:30:31 INFO DAGScheduler: Parents of final stage: List()
[2026-04-12T09:30:31.999+0000] {subprocess.py:106} INFO - 26/04/12 09:30:31 INFO DAGScheduler: Missing parents: List()
[2026-04-12T09:30:32.000+0000] {subprocess.py:106} INFO - 26/04/12 09:30:31 INFO DAGScheduler: Submitting ResultStage 7 (MapPartitionsRDD[41] at start at NativeMethodAccessorImpl.java:0), which has no missing parents
[2026-04-12T09:30:32.038+0000] {subprocess.py:106} INFO - 26/04/12 09:30:32 INFO MemoryStore: Block broadcast_11 stored as values in memory (estimated size 298.8 KiB, free 1044.3 MiB)
[2026-04-12T09:30:32.054+0000] {subprocess.py:106} INFO - 26/04/12 09:30:32 INFO MemoryStore: Block broadcast_11_piece0 stored as bytes in memory (estimated size 105.7 KiB, free 1044.2 MiB)
[2026-04-12T09:30:32.055+0000] {subprocess.py:106} INFO - 26/04/12 09:30:32 INFO SparkContext: Created broadcast 11 from broadcast at DAGScheduler.scala:1676
[2026-04-12T09:30:32.056+0000] {subprocess.py:106} INFO - 26/04/12 09:30:32 INFO DAGScheduler: Submitting 3 missing tasks from ResultStage 7 (MapPartitionsRDD[41] at start at NativeMethodAccessorImpl.java:0) (first 15 tasks are for partitions Vector(0, 1, 2))
[2026-04-12T09:30:32.056+0000] {subprocess.py:106} INFO - 26/04/12 09:30:32 INFO TaskSchedulerImpl: Adding task set 7.0 with 3 tasks resource profile 0
[2026-04-12T09:30:32.058+0000] {subprocess.py:106} INFO - 26/04/12 09:30:32 INFO TaskSetManager: Starting task 0.0 in stage 7.0 (TID 16) (spark-master,executor driver, partition 0, PROCESS_LOCAL, 13503 bytes)
[2026-04-12T09:30:32.058+0000] {subprocess.py:106} INFO - 26/04/12 09:30:32 INFO TaskSetManager: Starting task 1.0 in stage 7.0 (TID 17) (spark-master,executor driver, partition 1, PROCESS_LOCAL, 13503 bytes)
[2026-04-12T09:30:32.059+0000] {subprocess.py:106} INFO - 26/04/12 09:30:32 INFO TaskSetManager: Starting task 2.0 in stage 7.0 (TID 18) (spark-master,executor driver, partition 2, PROCESS_LOCAL, 13503 bytes)
[2026-04-12T09:30:32.062+0000] {subprocess.py:106} INFO - 26/04/12 09:30:32 INFO Executor: Running task 1.0 in stage 7.0 (TID 17)
[2026-04-12T09:30:32.064+0000] {subprocess.py:106} INFO - 26/04/12 09:30:32 INFO Executor: Running task 2.0 in stage 7.0 (TID 18)
[2026-04-12T09:30:32.065+0000] {subprocess.py:106} INFO - 26/04/12 09:30:32 INFO Executor: Running task 0.0 in stage 7.0 (TID 16)
[2026-04-12T09:30:32.161+0000] {subprocess.py:106} INFO - 26/04/12 09:30:32 INFO KafkaBatchReaderFactory: Creating Kafka reader topicPartition=weather-topic-1 fromOffset=317} untilOffset=325, for query queryId=eeb4d236-98c7-4533-ae22-8a761d90522f batchId=38 taskId=17 partitionId=1
[2026-04-12T09:30:32.162+0000] {subprocess.py:106} INFO - 26/04/12 09:30:32 INFO KafkaBatchReaderFactory: Creating Kafka reader topicPartition=weather-topic-2 fromOffset=336} untilOffset=341, for query queryId=eeb4d236-98c7-4533-ae22-8a761d90522f batchId=38 taskId=16 partitionId=0
[2026-04-12T09:30:32.168+0000] {subprocess.py:106} INFO - 26/04/12 09:30:32 INFO KafkaBatchReaderFactory: Creating Kafka reader topicPartition=weather-topic-0 fromOffset=327} untilOffset=334, for query queryId=eeb4d236-98c7-4533-ae22-8a761d90522f batchId=38 taskId=18 partitionId=2
[2026-04-12T09:30:32.177+0000] {subprocess.py:106} INFO - 26/04/12 09:30:32 INFO ClassicKafkaConsumer: [Consumer clientId=consumer-spark-kafka-source-62663d2b-28c9-4798-8db8-56a8e71c8979--983882313-executor-6, groupId=spark-kafka-source-62663d2b-28c9-4798-8db8-56a8e71c8979--983882313-executor] Seeking to offset 317 for partition weather-topic-1
[2026-04-12T09:30:32.181+0000] {subprocess.py:106} INFO - 26/04/12 09:30:32 INFO ClassicKafkaConsumer: [Consumer clientId=consumer-spark-kafka-source-62663d2b-28c9-4798-8db8-56a8e71c8979--983882313-executor-4, groupId=spark-kafka-source-62663d2b-28c9-4798-8db8-56a8e71c8979--983882313-executor] Seeking to offset 336 for partition weather-topic-2
[2026-04-12T09:30:32.183+0000] {subprocess.py:106} INFO - 26/04/12 09:30:32 INFO SubscriptionState: [Consumer clientId=consumer-spark-kafka-source-62663d2b-28c9-4798-8db8-56a8e71c8979--983882313-executor-6, groupId=spark-kafka-source-62663d2b-28c9-4798-8db8-56a8e71c8979--983882313-executor] Seeking to earliest offset of partition weather-topic-1
[2026-04-12T09:30:32.185+0000] {subprocess.py:106} INFO - 26/04/12 09:30:32 INFO ClassicKafkaConsumer: [Consumer clientId=consumer-spark-kafka-source-62663d2b-28c9-4798-8db8-56a8e71c8979--983882313-executor-5, groupId=spark-kafka-source-62663d2b-28c9-4798-8db8-56a8e71c8979--983882313-executor] Seeking to offset 327 for partition weather-topic-0
[2026-04-12T09:30:32.192+0000] {subprocess.py:106} INFO - 26/04/12 09:30:32 INFO SubscriptionState: [Consumer clientId=consumer-spark-kafka-source-62663d2b-28c9-4798-8db8-56a8e71c8979--983882313-executor-4, groupId=spark-kafka-source-62663d2b-28c9-4798-8db8-56a8e71c8979--983882313-executor] Seeking to earliest offset of partition weather-topic-2
[2026-04-12T09:30:32.195+0000] {subprocess.py:106} INFO - 26/04/12 09:30:32 INFO SubscriptionState: [Consumer clientId=consumer-spark-kafka-source-62663d2b-28c9-4798-8db8-56a8e71c8979--983882313-executor-5, groupId=spark-kafka-source-62663d2b-28c9-4798-8db8-56a8e71c8979--983882313-executor] Seeking to earliest offset of partition weather-topic-0
[2026-04-12T09:30:32.690+0000] {subprocess.py:106} INFO - 26/04/12 09:30:32 INFO SubscriptionState: [Consumer clientId=consumer-spark-kafka-source-62663d2b-28c9-4798-8db8-56a8e71c8979--983882313-executor-6, groupId=spark-kafka-source-62663d2b-28c9-4798-8db8-56a8e71c8979--983882313-executor] Resetting offset for partition weather-topic-1 to position FetchPosition{offset=0, offsetEpoch=Optional.empty, currentLeader=LeaderAndEpoch{leader=Optional[kafka:9092 (id: 1 rack: null)], epoch=0}}.
[2026-04-12T09:30:32.691+0000] {subprocess.py:106} INFO - 26/04/12 09:30:32 INFO SubscriptionState: [Consumer clientId=consumer-spark-kafka-source-62663d2b-28c9-4798-8db8-56a8e71c8979--983882313-executor-6, groupId=spark-kafka-source-62663d2b-28c9-4798-8db8-56a8e71c8979--983882313-executor] Seeking to latest offset of partition weather-topic-1
[2026-04-12T09:30:32.693+0000] {subprocess.py:106} INFO - 26/04/12 09:30:32 INFO SubscriptionState: [Consumer clientId=consumer-spark-kafka-source-62663d2b-28c9-4798-8db8-56a8e71c8979--983882313-executor-6, groupId=spark-kafka-source-62663d2b-28c9-4798-8db8-56a8e71c8979--983882313-executor] Resetting offset for partition weather-topic-1 to position FetchPosition{offset=325, offsetEpoch=Optional.empty, currentLeader=LeaderAndEpoch{leader=Optional[kafka:9092 (id: 1 rack: null)], epoch=0}}.
[2026-04-12T09:30:32.694+0000] {subprocess.py:106} INFO - 26/04/12 09:30:32 INFO SubscriptionState: [Consumer clientId=consumer-spark-kafka-source-62663d2b-28c9-4798-8db8-56a8e71c8979--983882313-executor-4, groupId=spark-kafka-source-62663d2b-28c9-4798-8db8-56a8e71c8979--983882313-executor] Resetting offset for partition weather-topic-2 to position FetchPosition{offset=0, offsetEpoch=Optional.empty, currentLeader=LeaderAndEpoch{leader=Optional[kafka:9092 (id: 1 rack: null)], epoch=0}}.
[2026-04-12T09:30:32.695+0000] {subprocess.py:106} INFO - 26/04/12 09:30:32 INFO SubscriptionState: [Consumer clientId=consumer-spark-kafka-source-62663d2b-28c9-4798-8db8-56a8e71c8979--983882313-executor-4, groupId=spark-kafka-source-62663d2b-28c9-4798-8db8-56a8e71c8979--983882313-executor] Seeking to latest offset of partition weather-topic-2
[2026-04-12T09:30:32.697+0000] {subprocess.py:106} INFO - 26/04/12 09:30:32 INFO SubscriptionState: [Consumer clientId=consumer-spark-kafka-source-62663d2b-28c9-4798-8db8-56a8e71c8979--983882313-executor-4, groupId=spark-kafka-source-62663d2b-28c9-4798-8db8-56a8e71c8979--983882313-executor] Resetting offset for partition weather-topic-2 to position FetchPosition{offset=341, offsetEpoch=Optional.empty, currentLeader=LeaderAndEpoch{leader=Optional[kafka:9092 (id: 1 rack: null)], epoch=0}}.
[2026-04-12T09:30:32.698+0000] {subprocess.py:106} INFO - 26/04/12 09:30:32 INFO SubscriptionState: [Consumer clientId=consumer-spark-kafka-source-62663d2b-28c9-4798-8db8-56a8e71c8979--983882313-executor-5, groupId=spark-kafka-source-62663d2b-28c9-4798-8db8-56a8e71c8979--983882313-executor] Resetting offset for partition weather-topic-0 to position FetchPosition{offset=0, offsetEpoch=Optional.empty, currentLeader=LeaderAndEpoch{leader=Optional[kafka:9092 (id: 1 rack: null)], epoch=0}}.
[2026-04-12T09:30:32.699+0000] {subprocess.py:106} INFO - 26/04/12 09:30:32 INFO SubscriptionState: [Consumer clientId=consumer-spark-kafka-source-62663d2b-28c9-4798-8db8-56a8e71c8979--983882313-executor-5, groupId=spark-kafka-source-62663d2b-28c9-4798-8db8-56a8e71c8979--983882313-executor] Seeking to latest offset of partition weather-topic-0
[2026-04-12T09:30:32.702+0000] {subprocess.py:106} INFO - 26/04/12 09:30:32 INFO SubscriptionState: [Consumer clientId=consumer-spark-kafka-source-62663d2b-28c9-4798-8db8-56a8e71c8979--983882313-executor-5, groupId=spark-kafka-source-62663d2b-28c9-4798-8db8-56a8e71c8979--983882313-executor] Resetting offset for partition weather-topic-0 to position FetchPosition{offset=334, offsetEpoch=Optional.empty, currentLeader=LeaderAndEpoch{leader=Optional[kafka:9092 (id: 1 rack: null)], epoch=0}}.
[2026-04-12T09:30:32.720+0000] {subprocess.py:106} INFO - 26/04/12 09:30:32 INFO MemoryStore: Block rdd_37_1 stored as values in memory (estimated size 4.1 KiB, free 1044.2 MiB)
[2026-04-12T09:30:32.723+0000] {subprocess.py:106} INFO - 26/04/12 09:30:32 INFO MemoryStore: Block rdd_37_0 stored as values in memory (estimated size 3.6 KiB, free 1044.2 MiB)
[2026-04-12T09:30:32.727+0000] {subprocess.py:106} INFO - 26/04/12 09:30:32 INFO MemoryStore: Block rdd_37_2 stored as values in memory (estimated size 3.9 KiB, free 1044.2 MiB)
[2026-04-12T09:30:32.728+0000] {subprocess.py:106} INFO - 26/04/12 09:30:32 INFO FileOutputCommitter: File Output Committer Algorithm version is 1
[2026-04-12T09:30:32.729+0000] {subprocess.py:106} INFO - 26/04/12 09:30:32 INFO FileOutputCommitter: FileOutputCommitter skip cleanup _temporary folders under output directory:false, ignore cleanup failures: false
[2026-04-12T09:30:32.730+0000] {subprocess.py:106} INFO - 26/04/12 09:30:32 INFO FileOutputCommitter: File Output Committer Algorithm version is 1
[2026-04-12T09:30:32.731+0000] {subprocess.py:106} INFO - 26/04/12 09:30:32 INFO FileOutputCommitter: FileOutputCommitter skip cleanup _temporary folders under output directory:false, ignore cleanup failures: false
[2026-04-12T09:30:32.733+0000] {subprocess.py:106} INFO - 26/04/12 09:30:32 INFO SQLHadoopMapReduceCommitProtocol: Using user defined output committer class org.apache.parquet.hadoop.ParquetOutputCommitter
[2026-04-12T09:30:32.734+0000] {subprocess.py:106} INFO - 26/04/12 09:30:32 INFO FileOutputCommitter: File Output Committer Algorithm version is 1
[2026-04-12T09:30:32.735+0000] {subprocess.py:106} INFO - 26/04/12 09:30:32 INFO FileOutputCommitter: FileOutputCommitter skip cleanup _temporary folders under output directory:false, ignore cleanup failures: false
[2026-04-12T09:30:32.735+0000] {subprocess.py:106} INFO - 26/04/12 09:30:32 INFO SQLHadoopMapReduceCommitProtocol: Using user defined output committer class org.apache.parquet.hadoop.ParquetOutputCommitter
[2026-04-12T09:30:32.736+0000] {subprocess.py:106} INFO - 26/04/12 09:30:32 INFO FileOutputCommitter: File Output Committer Algorithm version is 1
[2026-04-12T09:30:32.737+0000] {subprocess.py:106} INFO - 26/04/12 09:30:32 INFO FileOutputCommitter: FileOutputCommitter skip cleanup _temporary folders under output directory:false, ignore cleanup failures: false
[2026-04-12T09:30:32.737+0000] {subprocess.py:106} INFO - 26/04/12 09:30:32 INFO SQLHadoopMapReduceCommitProtocol: Using output committer class org.apache.parquet.hadoop.ParquetOutputCommitter
[2026-04-12T09:30:32.738+0000] {subprocess.py:106} INFO - 26/04/12 09:30:32 INFO SQLHadoopMapReduceCommitProtocol: Using output committer class org.apache.parquet.hadoop.ParquetOutputCommitter
[2026-04-12T09:30:32.741+0000] {subprocess.py:106} INFO - 26/04/12 09:30:32 INFO CodecConfig: Compression: SNAPPY
[2026-04-12T09:30:32.742+0000] {subprocess.py:106} INFO - 26/04/12 09:30:32 INFO CodecConfig: Compression: SNAPPY
[2026-04-12T09:30:32.743+0000] {subprocess.py:106} INFO - 26/04/12 09:30:32 INFO CodecConfig: Compression: SNAPPY
[2026-04-12T09:30:32.744+0000] {subprocess.py:106} INFO - 26/04/12 09:30:32 INFO CodecConfig: Compression: SNAPPY
[2026-04-12T09:30:32.744+0000] {subprocess.py:106} INFO - 26/04/12 09:30:32 INFO FileOutputCommitter: File Output Committer Algorithm version is 1
[2026-04-12T09:30:32.745+0000] {subprocess.py:106} INFO - 26/04/12 09:30:32 INFO FileOutputCommitter: FileOutputCommitter skip cleanup _temporary folders under output directory:false, ignore cleanup failures: false
[2026-04-12T09:30:32.745+0000] {subprocess.py:106} INFO - 26/04/12 09:30:32 INFO SQLHadoopMapReduceCommitProtocol: Using user defined output committer class org.apache.parquet.hadoop.ParquetOutputCommitter
[2026-04-12T09:30:32.747+0000] {subprocess.py:106} INFO - 26/04/12 09:30:32 INFO ParquetOutputFormat: ParquetRecordWriter [block size: 134217728b, row group padding size: 8388608b, validating: false]
[2026-04-12T09:30:32.748+0000] {subprocess.py:106} INFO - 26/04/12 09:30:32 INFO ParquetOutputFormat: ParquetRecordWriter [block size: 134217728b, row group padding size: 8388608b, validating: false]
[2026-04-12T09:30:32.749+0000] {subprocess.py:106} INFO - 26/04/12 09:30:32 INFO FileOutputCommitter: File Output Committer Algorithm version is 1
[2026-04-12T09:30:32.749+0000] {subprocess.py:106} INFO - 26/04/12 09:30:32 INFO FileOutputCommitter: FileOutputCommitter skip cleanup _temporary folders under output directory:false, ignore cleanup failures: false
[2026-04-12T09:30:32.751+0000] {subprocess.py:106} INFO - 26/04/12 09:30:32 INFO SQLHadoopMapReduceCommitProtocol: Using output committer class org.apache.parquet.hadoop.ParquetOutputCommitter
[2026-04-12T09:30:32.752+0000] {subprocess.py:106} INFO - 26/04/12 09:30:32 INFO CodecConfig: Compression: SNAPPY
[2026-04-12T09:30:32.753+0000] {subprocess.py:106} INFO - 26/04/12 09:30:32 INFO CodecConfig: Compression: SNAPPY
[2026-04-12T09:30:32.754+0000] {subprocess.py:106} INFO - 26/04/12 09:30:32 INFO ParquetOutputFormat: ParquetRecordWriter [block size: 134217728b, row group padding size: 8388608b, validating: false]
[2026-04-12T09:30:32.885+0000] {subprocess.py:106} INFO - 26/04/12 09:30:32 INFO FileOutputCommitter: Saved output of task 'attempt_20260412093031248261031662389776_0007_m_000002_18' to hdfs://23133083thuyvan-master:9000/user/hive/lakehouse/bronze/raw_api/_temporary/0/task_20260412093031248261031662389776_0007_m_000002
[2026-04-12T09:30:32.887+0000] {subprocess.py:106} INFO - 26/04/12 09:30:32 INFO SparkHadoopMapRedUtil: attempt_20260412093031248261031662389776_0007_m_000002_18: Committed. Elapsed time: 11 ms.
[2026-04-12T09:30:32.889+0000] {subprocess.py:106} INFO - 26/04/12 09:30:32 INFO KafkaDataConsumer: From Kafka topicPartition=weather-topic-0 groupId=spark-kafka-source-62663d2b-28c9-4798-8db8-56a8e71c8979--983882313-executor read 7 records through 1 polls (polled out 7 records), taking 517.017743 ms, during time span of 700.931087 ms.
[2026-04-12T09:30:32.890+0000] {subprocess.py:106} INFO - 26/04/12 09:30:32 INFO Executor: Finished task 2.0 in stage 7.0 (TID 18). 3324 bytes result sent to driver
[2026-04-12T09:30:32.893+0000] {subprocess.py:106} INFO - 26/04/12 09:30:32 INFO TaskSetManager: Finished task 2.0 in stage 7.0 (TID 18) in 834 ms on spark-master (executor driver) (1/3)
[2026-04-12T09:30:33.278+0000] {subprocess.py:106} INFO - 26/04/12 09:30:33 INFO FileOutputCommitter: Saved output of task 'attempt_20260412093031248261031662389776_0007_m_000001_17' to hdfs://23133083thuyvan-master:9000/user/hive/lakehouse/bronze/raw_api/_temporary/0/task_20260412093031248261031662389776_0007_m_000001
[2026-04-12T09:30:33.278+0000] {subprocess.py:106} INFO - 26/04/12 09:30:33 INFO SparkHadoopMapRedUtil: attempt_20260412093031248261031662389776_0007_m_000001_17: Committed. Elapsed time: 7 ms.
[2026-04-12T09:30:33.279+0000] {subprocess.py:106} INFO - 26/04/12 09:30:33 INFO KafkaDataConsumer: From Kafka topicPartition=weather-topic-1 groupId=spark-kafka-source-62663d2b-28c9-4798-8db8-56a8e71c8979--983882313-executor read 8 records through 1 polls (polled out 8 records), taking 516.486738 ms, during time span of 1101.95901 ms.
[2026-04-12T09:30:33.282+0000] {subprocess.py:106} INFO - 26/04/12 09:30:33 INFO Executor: Finished task 1.0 in stage 7.0 (TID 17). 3324 bytes result sent to driver
[2026-04-12T09:30:33.283+0000] {subprocess.py:106} INFO - 26/04/12 09:30:33 INFO TaskSetManager: Finished task 1.0 in stage 7.0 (TID 17) in 1224 ms on spark-master (executor driver) (2/3)
[2026-04-12T09:30:33.287+0000] {subprocess.py:106} INFO - 26/04/12 09:30:33 INFO FileOutputCommitter: Saved output of task 'attempt_20260412093031248261031662389776_0007_m_000000_16' to hdfs://23133083thuyvan-master:9000/user/hive/lakehouse/bronze/raw_api/_temporary/0/task_20260412093031248261031662389776_0007_m_000000
[2026-04-12T09:30:33.287+0000] {subprocess.py:106} INFO - 26/04/12 09:30:33 INFO SparkHadoopMapRedUtil: attempt_20260412093031248261031662389776_0007_m_000000_16: Committed. Elapsed time: 8 ms.
[2026-04-12T09:30:33.288+0000] {subprocess.py:106} INFO - 26/04/12 09:30:33 INFO KafkaDataConsumer: From Kafka topicPartition=weather-topic-2 groupId=spark-kafka-source-62663d2b-28c9-4798-8db8-56a8e71c8979--983882313-executor read 5 records through 1 polls (polled out 5 records), taking 516.047251 ms, during time span of 1106.645623 ms.
[2026-04-12T09:30:33.291+0000] {subprocess.py:106} INFO - 26/04/12 09:30:33 INFO Executor: Finished task 0.0 in stage 7.0 (TID 16). 3324 bytes result sent to driver
[2026-04-12T09:30:33.292+0000] {subprocess.py:106} INFO - 26/04/12 09:30:33 INFO TaskSetManager: Finished task 0.0 in stage 7.0 (TID 16) in 1234 ms on spark-master (executor driver) (3/3)
[2026-04-12T09:30:33.293+0000] {subprocess.py:106} INFO - 26/04/12 09:30:33 INFO TaskSchedulerImpl: Removed TaskSet 7.0 whose tasks have all completed, from pool
[2026-04-12T09:30:33.293+0000] {subprocess.py:106} INFO - 26/04/12 09:30:33 INFO DAGScheduler: ResultStage 7 (start at NativeMethodAccessorImpl.java:0) finished in 1292 ms
[2026-04-12T09:30:33.294+0000] {subprocess.py:106} INFO - 26/04/12 09:30:33 INFO DAGScheduler: Job 5 is finished. Cancelling potential speculative or zombie tasks for this job
[2026-04-12T09:30:33.294+0000] {subprocess.py:106} INFO - 26/04/12 09:30:33 INFO TaskSchedulerImpl: Canceling stage 7
[2026-04-12T09:30:33.295+0000] {subprocess.py:106} INFO - 26/04/12 09:30:33 INFO TaskSchedulerImpl: Killing all running tasks in stage 7: Stage finished
[2026-04-12T09:30:33.295+0000] {subprocess.py:106} INFO - 26/04/12 09:30:33 INFO DAGScheduler: Job 5 finished: start at NativeMethodAccessorImpl.java:0, took 1298.165338 ms
[2026-04-12T09:30:33.296+0000] {subprocess.py:106} INFO - 26/04/12 09:30:33 INFO FileFormatWriter: Start to commit write Job 7b00795e-c446-415a-a85c-56abb227ad0c.
[2026-04-12T09:30:33.351+0000] {subprocess.py:106} INFO - 26/04/12 09:30:33 INFO FileFormatWriter: Write Job 7b00795e-c446-415a-a85c-56abb227ad0c committed. Elapsed time: 55 ms.
[2026-04-12T09:30:33.351+0000] {subprocess.py:106} INFO - 26/04/12 09:30:33 INFO FileFormatWriter: Finished processing stats for write job 7b00795e-c446-415a-a85c-56abb227ad0c.
[2026-04-12T09:30:33.718+0000] {subprocess.py:106} INFO - 26/04/12 09:30:33 INFO metastore: Trying to connect to metastore with URI thrift://23133083thuyvan-master:9083
[2026-04-12T09:30:33.719+0000] {subprocess.py:106} INFO - 26/04/12 09:30:33 INFO metastore: Opened a connection to metastore, current connections: 1
[2026-04-12T09:30:33.779+0000] {subprocess.py:106} INFO - 26/04/12 09:30:33 INFO metastore: Connected to metastore.
[2026-04-12T09:30:33.812+0000] {subprocess.py:106} INFO - 26/04/12 09:30:33 INFO BaseMetastoreTableOperations: Refreshing table metadata from new version: hdfs://23133083thuyvan-master:9000/user/hive/lakehouse/air_quality_db.db/air_quality_silver/metadata/00046-a4e870c2-93b4-4273-80ed-552d7f7f71c5.metadata.json
[2026-04-12T09:30:33.840+0000] {subprocess.py:106} INFO - 26/04/12 09:30:33 INFO BaseMetastoreCatalog: Table loaded by catalog: iceberg.air_quality_db.air_quality_silver
[2026-04-12T09:30:33.926+0000] {subprocess.py:106} INFO - 26/04/12 09:30:33 INFO V2ScanRelationPushDown:
[2026-04-12T09:30:33.927+0000] {subprocess.py:106} INFO - Pushing operators to iceberg.air_quality_db.air_quality_silver
[2026-04-12T09:30:33.927+0000] {subprocess.py:106} INFO - Pushed Filters: location IS NOT NULL, timestamp IS NOT NULL
[2026-04-12T09:30:33.928+0000] {subprocess.py:106} INFO - Post-Scan Filters: isnotnull(location#1995),isnotnull(timestamp#1994)
[2026-04-12T09:30:33.928+0000] {subprocess.py:106} INFO - 
[2026-04-12T09:30:33.933+0000] {subprocess.py:106} INFO - 26/04/12 09:30:33 INFO V2ScanRelationPushDown:
[2026-04-12T09:30:33.934+0000] {subprocess.py:106} INFO - Output: timestamp#1994, location#1995
[2026-04-12T09:30:33.934+0000] {subprocess.py:106} INFO - 
[2026-04-12T09:30:33.936+0000] {subprocess.py:106} INFO - 26/04/12 09:30:33 INFO SnapshotScan: Scanning table iceberg.air_quality_db.air_quality_silver snapshot 1924637987959135036 created at 2026-04-12T09:21:45.978+00:00 with filter (location IS NOT NULL AND timestamp IS NOT NULL)
[2026-04-12T09:30:33.959+0000] {subprocess.py:106} INFO - 26/04/12 09:30:33 INFO BaseDistributedDataScan: Planning file tasks locally for table iceberg.air_quality_db.air_quality_silver
[2026-04-12T09:30:33.993+0000] {subprocess.py:106} INFO - 26/04/12 09:30:33 INFO SparkPartitioningAwareScan: Reporting UnknownPartitioning with 3 partition(s) for table iceberg.air_quality_db.air_quality_silver
[2026-04-12T09:30:34.015+0000] {subprocess.py:106} INFO - 26/04/12 09:30:34 INFO MemoryStore: Block broadcast_12 stored as values in memory (estimated size 32.0 KiB, free 1044.6 MiB)
[2026-04-12T09:30:34.019+0000] {subprocess.py:106} INFO - 26/04/12 09:30:34 INFO MemoryStore: Block broadcast_12_piece0 stored as bytes in memory (estimated size 36.2 KiB, free 1044.6 MiB)
[2026-04-12T09:30:34.020+0000] {subprocess.py:106} INFO - 26/04/12 09:30:34 INFO SparkContext: Created broadcast 12 from start at NativeMethodAccessorImpl.java:0
[2026-04-12T09:30:34.048+0000] {subprocess.py:106} INFO - 26/04/12 09:30:34 INFO MemoryStore: Block broadcast_13 stored as values in memory (estimated size 32.0 KiB, free 1044.6 MiB)
[2026-04-12T09:30:34.052+0000] {subprocess.py:106} INFO - 26/04/12 09:30:34 INFO MemoryStore: Block broadcast_13_piece0 stored as bytes in memory (estimated size 36.2 KiB, free 1044.5 MiB)
[2026-04-12T09:30:34.053+0000] {subprocess.py:106} INFO - 26/04/12 09:30:34 INFO SparkContext: Created broadcast 13 from start at NativeMethodAccessorImpl.java:0
[2026-04-12T09:30:34.107+0000] {subprocess.py:106} INFO - 26/04/12 09:30:34 INFO SparkContext: Starting job: start at NativeMethodAccessorImpl.java:0
[2026-04-12T09:30:34.108+0000] {subprocess.py:106} INFO - 26/04/12 09:30:34 INFO DAGScheduler: Got job 6 (start at NativeMethodAccessorImpl.java:0) with 3 output partitions
[2026-04-12T09:30:34.109+0000] {subprocess.py:106} INFO - 26/04/12 09:30:34 INFO DAGScheduler: Final stage: ResultStage 8 (start at NativeMethodAccessorImpl.java:0)
[2026-04-12T09:30:34.110+0000] {subprocess.py:106} INFO - 26/04/12 09:30:34 INFO DAGScheduler: Parents of final stage: List()
[2026-04-12T09:30:34.110+0000] {subprocess.py:106} INFO - 26/04/12 09:30:34 INFO DAGScheduler: Missing parents: List()
[2026-04-12T09:30:34.110+0000] {subprocess.py:106} INFO - 26/04/12 09:30:34 INFO DAGScheduler: Submitting ResultStage 8 (MapPartitionsRDD[45] at start at NativeMethodAccessorImpl.java:0), which has no missing parents
[2026-04-12T09:30:34.112+0000] {subprocess.py:106} INFO - 26/04/12 09:30:34 INFO MemoryStore: Block broadcast_14 stored as values in memory (estimated size 15.1 KiB, free 1044.5 MiB)
[2026-04-12T09:30:34.122+0000] {subprocess.py:106} INFO - 26/04/12 09:30:34 INFO MemoryStore: Block broadcast_14_piece0 stored as bytes in memory (estimated size 6.0 KiB, free 1044.5 MiB)
[2026-04-12T09:30:34.123+0000] {subprocess.py:106} INFO - 26/04/12 09:30:34 INFO SparkContext: Created broadcast 14 from broadcast at DAGScheduler.scala:1676
[2026-04-12T09:30:34.125+0000] {subprocess.py:106} INFO - 26/04/12 09:30:34 INFO DAGScheduler: Submitting 3 missing tasks from ResultStage 8 (MapPartitionsRDD[45] at start at NativeMethodAccessorImpl.java:0) (first 15 tasks are for partitions Vector(0, 1, 2))
[2026-04-12T09:30:34.125+0000] {subprocess.py:106} INFO - 26/04/12 09:30:34 INFO TaskSchedulerImpl: Adding task set 8.0 with 3 tasks resource profile 0
[2026-04-12T09:30:34.126+0000] {subprocess.py:106} INFO - 26/04/12 09:30:34 INFO TaskSetManager: Starting task 0.0 in stage 8.0 (TID 19) (spark-master,executor driver, partition 0, ANY, 20448 bytes)
[2026-04-12T09:30:34.126+0000] {subprocess.py:106} INFO - 26/04/12 09:30:34 INFO TaskSetManager: Starting task 1.0 in stage 8.0 (TID 20) (spark-master,executor driver, partition 1, ANY, 20768 bytes)
[2026-04-12T09:30:34.131+0000] {subprocess.py:106} INFO - 26/04/12 09:30:34 INFO TaskSetManager: Starting task 2.0 in stage 8.0 (TID 21) (spark-master,executor driver, partition 2, ANY, 19113 bytes)
[2026-04-12T09:30:34.131+0000] {subprocess.py:106} INFO - 26/04/12 09:30:34 INFO Executor: Running task 0.0 in stage 8.0 (TID 19)
[2026-04-12T09:30:34.134+0000] {subprocess.py:106} INFO - 26/04/12 09:30:34 INFO Executor: Running task 1.0 in stage 8.0 (TID 20)
[2026-04-12T09:30:34.136+0000] {subprocess.py:106} INFO - 26/04/12 09:30:34 INFO Executor: Running task 2.0 in stage 8.0 (TID 21)
[2026-04-12T09:30:34.173+0000] {subprocess.py:106} INFO - 26/04/12 09:30:34 INFO CodecPool: Got brand-new decompressor [.zstd]
[2026-04-12T09:30:34.175+0000] {subprocess.py:106} INFO - 26/04/12 09:30:34 INFO CodecPool: Got brand-new decompressor [.zstd]
[2026-04-12T09:30:34.184+0000] {subprocess.py:106} INFO - 26/04/12 09:30:34 INFO CodecPool: Got brand-new decompressor [.zstd]
[2026-04-12T09:30:34.194+0000] {subprocess.py:106} INFO - 26/04/12 09:30:34 INFO Executor: Finished task 2.0 in stage 8.0 (TID 21). 4482 bytes result sent to driver
[2026-04-12T09:30:34.196+0000] {subprocess.py:106} INFO - 26/04/12 09:30:34 INFO TaskSetManager: Finished task 2.0 in stage 8.0 (TID 21) in 68 ms on spark-master (executor driver) (1/3)
[2026-04-12T09:30:34.218+0000] {subprocess.py:106} INFO - 26/04/12 09:30:34 INFO CodecPool: Got brand-new decompressor [.zstd]
[2026-04-12T09:30:34.221+0000] {subprocess.py:106} INFO - 26/04/12 09:30:34 INFO CodecPool: Got brand-new decompressor [.zstd]
[2026-04-12T09:30:34.241+0000] {subprocess.py:106} INFO - 26/04/12 09:30:34 INFO CodecPool: Got brand-new decompressor [.zstd]
[2026-04-12T09:30:34.242+0000] {subprocess.py:106} INFO - 26/04/12 09:30:34 INFO CodecPool: Got brand-new decompressor [.zstd]
[2026-04-12T09:30:34.270+0000] {subprocess.py:106} INFO - 26/04/12 09:30:34 INFO CodecPool: Got brand-new decompressor [.zstd]
[2026-04-12T09:30:34.273+0000] {subprocess.py:106} INFO - 26/04/12 09:30:34 INFO CodecPool: Got brand-new decompressor [.zstd]
[2026-04-12T09:30:34.274+0000] {subprocess.py:106} INFO - 26/04/12 09:30:34 INFO Executor: Finished task 1.0 in stage 8.0 (TID 20). 4824 bytes result sent to driver
[2026-04-12T09:30:34.275+0000] {subprocess.py:106} INFO - 26/04/12 09:30:34 INFO Executor: Finished task 0.0 in stage 8.0 (TID 19). 4868 bytes result sent to driver
[2026-04-12T09:30:34.277+0000] {subprocess.py:106} INFO - 26/04/12 09:30:34 INFO TaskSetManager: Finished task 0.0 in stage 8.0 (TID 19) in 150 ms on spark-master (executor driver) (2/3)
[2026-04-12T09:30:34.278+0000] {subprocess.py:106} INFO - 26/04/12 09:30:34 INFO TaskSetManager: Finished task 1.0 in stage 8.0 (TID 20) in 151 ms on spark-master (executor driver) (3/3)
[2026-04-12T09:30:34.279+0000] {subprocess.py:106} INFO - 26/04/12 09:30:34 INFO TaskSchedulerImpl: Removed TaskSet 8.0 whose tasks have all completed, from pool
[2026-04-12T09:30:34.279+0000] {subprocess.py:106} INFO - 26/04/12 09:30:34 INFO DAGScheduler: ResultStage 8 (start at NativeMethodAccessorImpl.java:0) finished in 167 ms
[2026-04-12T09:30:34.280+0000] {subprocess.py:106} INFO - 26/04/12 09:30:34 INFO DAGScheduler: Job 6 is finished. Cancelling potential speculative or zombie tasks for this job
[2026-04-12T09:30:34.280+0000] {subprocess.py:106} INFO - 26/04/12 09:30:34 INFO TaskSchedulerImpl: Canceling stage 8
[2026-04-12T09:30:34.281+0000] {subprocess.py:106} INFO - 26/04/12 09:30:34 INFO TaskSchedulerImpl: Killing all running tasks in stage 8: Stage finished
[2026-04-12T09:30:34.281+0000] {subprocess.py:106} INFO - 26/04/12 09:30:34 INFO DAGScheduler: Job 6 finished: start at NativeMethodAccessorImpl.java:0, took 170.714196 ms
[2026-04-12T09:30:34.297+0000] {subprocess.py:106} INFO - 26/04/12 09:30:34 INFO MemoryStore: Block broadcast_15 stored as values in memory (estimated size 4.0 MiB, free 1040.5 MiB)
[2026-04-12T09:30:34.299+0000] {subprocess.py:106} INFO - 26/04/12 09:30:34 INFO MemoryStore: Block broadcast_15_piece0 stored as bytes in memory (estimated size 1643.0 B, free 1040.5 MiB)
[2026-04-12T09:30:34.300+0000] {subprocess.py:106} INFO - 26/04/12 09:30:34 INFO SparkContext: Created broadcast 15 from start at NativeMethodAccessorImpl.java:0
[2026-04-12T09:30:34.311+0000] {subprocess.py:106} INFO - 26/04/12 09:30:34 INFO DefaultCachedBatchSerializer: Predicate isnotnull(timestamp#40) generates partition filter: ((timestamp.count#2433 - timestamp.nullCount#2432) > 0)
[2026-04-12T09:30:34.318+0000] {subprocess.py:106} INFO - 26/04/12 09:30:34 INFO MemoryStore: Block broadcast_16 stored as values in memory (estimated size 32.0 KiB, free 1040.5 MiB)
[2026-04-12T09:30:34.321+0000] {subprocess.py:106} INFO - 26/04/12 09:30:34 INFO MemoryStore: Block broadcast_16_piece0 stored as bytes in memory (estimated size 36.2 KiB, free 1040.4 MiB)
[2026-04-12T09:30:34.322+0000] {subprocess.py:106} INFO - 26/04/12 09:30:34 INFO SparkContext: Created broadcast 16 from start at NativeMethodAccessorImpl.java:0
[2026-04-12T09:30:34.323+0000] {subprocess.py:106} INFO - 26/04/12 09:30:34 INFO AppendDataExec: Start processing data source write support: IcebergBatchWrite(table=iceberg.air_quality_db.air_quality_silver, format=PARQUET). The input RDD has 3} partitions.
[2026-04-12T09:30:34.325+0000] {subprocess.py:106} INFO - 26/04/12 09:30:34 INFO SparkContext: Starting job: start at NativeMethodAccessorImpl.java:0
[2026-04-12T09:30:34.326+0000] {subprocess.py:106} INFO - 26/04/12 09:30:34 INFO DAGScheduler: Got job 7 (start at NativeMethodAccessorImpl.java:0) with 3 output partitions
[2026-04-12T09:30:34.327+0000] {subprocess.py:106} INFO - 26/04/12 09:30:34 INFO DAGScheduler: Final stage: ResultStage 9 (start at NativeMethodAccessorImpl.java:0)
[2026-04-12T09:30:34.327+0000] {subprocess.py:106} INFO - 26/04/12 09:30:34 INFO DAGScheduler: Parents of final stage: List()
[2026-04-12T09:30:34.328+0000] {subprocess.py:106} INFO - 26/04/12 09:30:34 INFO DAGScheduler: Missing parents: List()
[2026-04-12T09:30:34.328+0000] {subprocess.py:106} INFO - 26/04/12 09:30:34 INFO DAGScheduler: Submitting ResultStage 9 (MapPartitionsRDD[49] at start at NativeMethodAccessorImpl.java:0), which has no missing parents
[2026-04-12T09:30:34.333+0000] {subprocess.py:106} INFO - 26/04/12 09:30:34 INFO MemoryStore: Block broadcast_17 stored as values in memory (estimated size 77.3 KiB, free 1040.4 MiB)
[2026-04-12T09:30:34.335+0000] {subprocess.py:106} INFO - 26/04/12 09:30:34 INFO MemoryStore: Block broadcast_17_piece0 stored as bytes in memory (estimated size 27.2 KiB, free 1040.3 MiB)
[2026-04-12T09:30:34.336+0000] {subprocess.py:106} INFO - 26/04/12 09:30:34 INFO SparkContext: Created broadcast 17 from broadcast at DAGScheduler.scala:1676
[2026-04-12T09:30:34.337+0000] {subprocess.py:106} INFO - 26/04/12 09:30:34 INFO DAGScheduler: Submitting 3 missing tasks from ResultStage 9 (MapPartitionsRDD[49] at start at NativeMethodAccessorImpl.java:0) (first 15 tasks are for partitions Vector(0, 1, 2))
[2026-04-12T09:30:34.337+0000] {subprocess.py:106} INFO - 26/04/12 09:30:34 INFO TaskSchedulerImpl: Adding task set 9.0 with 3 tasks resource profile 0
[2026-04-12T09:30:34.340+0000] {subprocess.py:106} INFO - 26/04/12 09:30:34 INFO TaskSetManager: Starting task 0.0 in stage 9.0 (TID 22) (spark-master,executor driver, partition 0, PROCESS_LOCAL, 13503 bytes)
[2026-04-12T09:30:34.340+0000] {subprocess.py:106} INFO - 26/04/12 09:30:34 INFO TaskSetManager: Starting task 1.0 in stage 9.0 (TID 23) (spark-master,executor driver, partition 1, PROCESS_LOCAL, 13503 bytes)
[2026-04-12T09:30:34.342+0000] {subprocess.py:106} INFO - 26/04/12 09:30:34 INFO TaskSetManager: Starting task 2.0 in stage 9.0 (TID 24) (spark-master,executor driver, partition 2, PROCESS_LOCAL, 13503 bytes)
[2026-04-12T09:30:34.344+0000] {subprocess.py:106} INFO - 26/04/12 09:30:34 INFO Executor: Running task 2.0 in stage 9.0 (TID 24)
[2026-04-12T09:30:34.347+0000] {subprocess.py:106} INFO - 26/04/12 09:30:34 INFO Executor: Running task 0.0 in stage 9.0 (TID 22)
[2026-04-12T09:30:34.347+0000] {subprocess.py:106} INFO - 26/04/12 09:30:34 INFO Executor: Running task 1.0 in stage 9.0 (TID 23)
[2026-04-12T09:30:34.352+0000] {subprocess.py:106} INFO - 26/04/12 09:30:34 INFO BlockManager: Found block rdd_37_0 locally
[2026-04-12T09:30:34.353+0000] {subprocess.py:106} INFO - 26/04/12 09:30:34 INFO BlockManager: Found block rdd_37_1 locally
[2026-04-12T09:30:34.354+0000] {subprocess.py:106} INFO - 26/04/12 09:30:34 INFO BlockManager: Found block rdd_37_2 locally
[2026-04-12T09:30:34.362+0000] {subprocess.py:106} INFO - 26/04/12 09:30:34 INFO CodecPool: Got brand-new compressor [.zstd]
[2026-04-12T09:30:34.363+0000] {subprocess.py:106} INFO - 26/04/12 09:30:34 INFO CodecPool: Got brand-new compressor [.zstd]
[2026-04-12T09:30:34.364+0000] {subprocess.py:106} INFO - 26/04/12 09:30:34 INFO CodecPool: Got brand-new compressor [.zstd]
[2026-04-12T09:30:34.377+0000] {subprocess.py:106} INFO - 26/04/12 09:30:34 INFO DataWritingSparkTask: Writer for partition 0 is committing.
[2026-04-12T09:30:34.379+0000] {subprocess.py:106} INFO - 26/04/12 09:30:34 INFO DataWritingSparkTask: Writer for partition 2 is committing.
[2026-04-12T09:30:34.380+0000] {subprocess.py:106} INFO - 26/04/12 09:30:34 INFO DataWritingSparkTask: Writer for partition 1 is committing.
[2026-04-12T09:30:34.841+0000] {subprocess.py:106} INFO - 26/04/12 09:30:34 INFO DataWritingSparkTask: Committed partition 2 (task 24, attempt 0, stage 9.0)
[2026-04-12T09:30:34.843+0000] {subprocess.py:106} INFO - 26/04/12 09:30:34 INFO Executor: Finished task 2.0 in stage 9.0 (TID 24). 7329 bytes result sent to driver
[2026-04-12T09:30:34.844+0000] {subprocess.py:106} INFO - 26/04/12 09:30:34 INFO DataWritingSparkTask: Committed partition 1 (task 23, attempt 0, stage 9.0)
[2026-04-12T09:30:34.845+0000] {subprocess.py:106} INFO - 26/04/12 09:30:34 INFO Executor: Finished task 1.0 in stage 9.0 (TID 23). 7315 bytes result sent to driver
[2026-04-12T09:30:34.845+0000] {subprocess.py:106} INFO - 26/04/12 09:30:34 INFO DataWritingSparkTask: Committed partition 0 (task 22, attempt 0, stage 9.0)
[2026-04-12T09:30:34.846+0000] {subprocess.py:106} INFO - 26/04/12 09:30:34 INFO TaskSetManager: Finished task 2.0 in stage 9.0 (TID 24) in 504 ms on spark-master (executor driver) (1/3)
[2026-04-12T09:30:34.846+0000] {subprocess.py:106} INFO - 26/04/12 09:30:34 INFO TaskSetManager: Finished task 1.0 in stage 9.0 (TID 23) in 505 ms on spark-master (executor driver) (2/3)
[2026-04-12T09:30:34.846+0000] {subprocess.py:106} INFO - 26/04/12 09:30:34 INFO Executor: Finished task 0.0 in stage 9.0 (TID 22). 7304 bytes result sent to driver
[2026-04-12T09:30:34.848+0000] {subprocess.py:106} INFO - 26/04/12 09:30:34 INFO TaskSetManager: Finished task 0.0 in stage 9.0 (TID 22) in 508 ms on spark-master (executor driver) (3/3)
[2026-04-12T09:30:34.849+0000] {subprocess.py:106} INFO - 26/04/12 09:30:34 INFO TaskSchedulerImpl: Removed TaskSet 9.0 whose tasks have all completed, from pool
[2026-04-12T09:30:34.849+0000] {subprocess.py:106} INFO - 26/04/12 09:30:34 INFO DAGScheduler: ResultStage 9 (start at NativeMethodAccessorImpl.java:0) finished in 520 ms
[2026-04-12T09:30:34.850+0000] {subprocess.py:106} INFO - 26/04/12 09:30:34 INFO DAGScheduler: Job 7 is finished. Cancelling potential speculative or zombie tasks for this job
[2026-04-12T09:30:34.850+0000] {subprocess.py:106} INFO - 26/04/12 09:30:34 INFO TaskSchedulerImpl: Canceling stage 9
[2026-04-12T09:30:34.851+0000] {subprocess.py:106} INFO - 26/04/12 09:30:34 INFO TaskSchedulerImpl: Killing all running tasks in stage 9: Stage finished
[2026-04-12T09:30:34.851+0000] {subprocess.py:106} INFO - 26/04/12 09:30:34 INFO DAGScheduler: Job 7 finished: start at NativeMethodAccessorImpl.java:0, took 524.389054 ms
[2026-04-12T09:30:34.851+0000] {subprocess.py:106} INFO - 26/04/12 09:30:34 INFO AppendDataExec: Data source write support IcebergBatchWrite(table=iceberg.air_quality_db.air_quality_silver, format=PARQUET) is committing.
[2026-04-12T09:30:34.852+0000] {subprocess.py:106} INFO - 26/04/12 09:30:34 INFO SparkWrite: Committing append with 3 new data files to table iceberg.air_quality_db.air_quality_silver
[2026-04-12T09:30:35.689+0000] {subprocess.py:106} INFO - 26/04/12 09:30:35 INFO HiveTableOperations: Committed to table iceberg.air_quality_db.air_quality_silver with the new metadata location hdfs://23133083thuyvan-master:9000/user/hive/lakehouse/air_quality_db.db/air_quality_silver/metadata/00047-92841e3f-8e7a-4ee0-80eb-570fe1ebee74.metadata.json
[2026-04-12T09:30:35.690+0000] {subprocess.py:106} INFO - 26/04/12 09:30:35 INFO BaseMetastoreTableOperations: Successfully committed to table iceberg.air_quality_db.air_quality_silver in 222 ms
[2026-04-12T09:30:35.691+0000] {subprocess.py:106} INFO - 26/04/12 09:30:35 INFO SnapshotProducer: Committed snapshot 3956728988175952152 (MergeAppend)
[2026-04-12T09:30:35.724+0000] {subprocess.py:106} INFO - 26/04/12 09:30:35 INFO BaseMetastoreTableOperations: Refreshing table metadata from new version: hdfs://23133083thuyvan-master:9000/user/hive/lakehouse/air_quality_db.db/air_quality_silver/metadata/00047-92841e3f-8e7a-4ee0-80eb-570fe1ebee74.metadata.json
[2026-04-12T09:30:35.737+0000] {subprocess.py:106} INFO - 26/04/12 09:30:35 INFO LoggingMetricsReporter: Received metrics report: CommitReport{tableName=iceberg.air_quality_db.air_quality_silver, snapshotId=3956728988175952152, sequenceNumber=47, operation=append, commitMetrics=CommitMetricsResult{totalDuration=TimerResult{timeUnit=NANOSECONDS, totalDuration=PT0.849767524S, count=1}, attempts=CounterResult{unit=COUNT, value=1}, addedDataFiles=CounterResult{unit=COUNT, value=3}, removedDataFiles=null, totalDataFiles=CounterResult{unit=COUNT, value=12}, addedDeleteFiles=null, addedEqualityDeleteFiles=null, addedPositionalDeleteFiles=null, addedDVs=null, removedDeleteFiles=null, removedEqualityDeleteFiles=null, removedPositionalDeleteFiles=null, removedDVs=null, totalDeleteFiles=CounterResult{unit=COUNT, value=0}, addedRecords=CounterResult{unit=COUNT, value=20}, removedRecords=null, totalRecords=CounterResult{unit=COUNT, value=80}, addedFilesSizeInBytes=CounterResult{unit=BYTES, value=26382}, removedFilesSizeInBytes=null, totalFilesSizeInBytes=CounterResult{unit=BYTES, value=104812}, addedPositionalDeletes=null, removedPositionalDeletes=null, totalPositionalDeletes=CounterResult{unit=COUNT, value=0}, addedEqualityDeletes=null, removedEqualityDeletes=null, totalEqualityDeletes=CounterResult{unit=COUNT, value=0}, manifestsCreated=null, manifestsReplaced=null, manifestsKept=null, manifestEntriesProcessed=null}, metadata={engine-version=4.0.2, app-id=local-1775985677681, engine-name=spark, iceberg-version=Apache Iceberg 1.10.1 (commit ccb8bc435062171e64bc8b7e5f56e6aed9c5b934)}}
[2026-04-12T09:30:35.738+0000] {subprocess.py:106} INFO - 26/04/12 09:30:35 INFO SparkWrite: Committed in 885 ms
[2026-04-12T09:30:35.739+0000] {subprocess.py:106} INFO - 26/04/12 09:30:35 INFO AppendDataExec: Data source write support IcebergBatchWrite(table=iceberg.air_quality_db.air_quality_silver, format=PARQUET) committed.
[2026-04-12T09:30:35.743+0000] {subprocess.py:106} INFO - 26/04/12 09:30:35 INFO MapPartitionsRDD: Removing RDD 37 from persistence list
[2026-04-12T09:30:35.747+0000] {subprocess.py:106} INFO - 26/04/12 09:30:35 INFO BlockManager: Removing RDD 37
[2026-04-12T09:30:35.758+0000] {subprocess.py:106} INFO - 26/04/12 09:30:35 INFO CheckpointFileManager: Writing atomically to hdfs://23133083thuyvan-master:9000/user/hive/checkpoints/air_quality_realtime/commits/38 using temp file hdfs://23133083thuyvan-master:9000/user/hive/checkpoints/air_quality_realtime/commits/.38.9daa8a58-f820-4291-b36d-f2b5a1cee423.tmp
[2026-04-12T09:30:35.789+0000] {subprocess.py:106} INFO - 26/04/12 09:30:35 INFO CheckpointFileManager: Renamed temp file hdfs://23133083thuyvan-master:9000/user/hive/checkpoints/air_quality_realtime/commits/.38.9daa8a58-f820-4291-b36d-f2b5a1cee423.tmp to hdfs://23133083thuyvan-master:9000/user/hive/checkpoints/air_quality_realtime/commits/38
[2026-04-12T09:30:35.790+0000] {subprocess.py:106} INFO - 26/04/12 09:30:35 INFO MicroBatchExecutionContext: Extracting source progress metrics for source=KafkaV2[Subscribe[weather-topic]] took duration_ms=0
[2026-04-12T09:30:35.791+0000] {subprocess.py:106} INFO - 26/04/12 09:30:35 INFO MicroBatchExecutionContext: Extracting sink progress metrics for sink=ForeachBatchSink took duration_ms=0
[2026-04-12T09:30:35.795+0000] {subprocess.py:106} INFO - 26/04/12 09:30:35 INFO ProgressReporter: Streaming query made progress: {
[2026-04-12T09:30:35.795+0000] {subprocess.py:106} INFO -   "id" : "eeb4d236-98c7-4533-ae22-8a761d90522f",
[2026-04-12T09:30:35.796+0000] {subprocess.py:106} INFO -   "runId" : "d155f488-a19e-4ffe-ad6c-ce25a6d8bc58",
[2026-04-12T09:30:35.796+0000] {subprocess.py:106} INFO -   "name" : null,
[2026-04-12T09:30:35.797+0000] {subprocess.py:106} INFO -   "timestamp" : "2026-04-12T09:30:30.001Z",
[2026-04-12T09:30:35.797+0000] {subprocess.py:106} INFO -   "batchId" : 38,
[2026-04-12T09:30:35.798+0000] {subprocess.py:106} INFO -   "batchDuration" : 5786,
[2026-04-12T09:30:35.799+0000] {subprocess.py:106} INFO -   "numInputRows" : 40,
[2026-04-12T09:30:35.799+0000] {subprocess.py:106} INFO -   "inputRowsPerSecond" : 1.3332888903703208,
[2026-04-12T09:30:35.800+0000] {subprocess.py:106} INFO -   "processedRowsPerSecond" : 6.913238852402351,
[2026-04-12T09:30:35.800+0000] {subprocess.py:106} INFO -   "durationMs" : {
[2026-04-12T09:30:35.800+0000] {subprocess.py:106} INFO -     "addBatch" : 5390,
[2026-04-12T09:30:35.801+0000] {subprocess.py:106} INFO -     "commitOffsets" : 41,
[2026-04-12T09:30:35.801+0000] {subprocess.py:106} INFO -     "getBatch" : 2,
[2026-04-12T09:30:35.802+0000] {subprocess.py:106} INFO -     "latestOffset" : 16,
[2026-04-12T09:30:35.802+0000] {subprocess.py:106} INFO -     "queryPlanning" : 176,
[2026-04-12T09:30:35.803+0000] {subprocess.py:106} INFO -     "triggerExecution" : 5786,
[2026-04-12T09:30:35.803+0000] {subprocess.py:106} INFO -     "walCommit" : 123
[2026-04-12T09:30:35.803+0000] {subprocess.py:106} INFO -   },
[2026-04-12T09:30:35.804+0000] {subprocess.py:106} INFO -   "stateOperators" : [ ],
[2026-04-12T09:30:35.805+0000] {subprocess.py:106} INFO -   "sources" : [ {
[2026-04-12T09:30:35.805+0000] {subprocess.py:106} INFO -     "description" : "KafkaV2[Subscribe[weather-topic]]",
[2026-04-12T09:30:35.806+0000] {subprocess.py:106} INFO -     "startOffset" : {
[2026-04-12T09:30:35.806+0000] {subprocess.py:106} INFO -       "weather-topic" : {
[2026-04-12T09:30:35.807+0000] {subprocess.py:106} INFO -         "0" : 327,
[2026-04-12T09:30:35.807+0000] {subprocess.py:106} INFO -         "1" : 317,
[2026-04-12T09:30:35.808+0000] {subprocess.py:106} INFO -         "2" : 336
[2026-04-12T09:30:35.808+0000] {subprocess.py:106} INFO -       }
[2026-04-12T09:30:35.809+0000] {subprocess.py:106} INFO -     },
[2026-04-12T09:30:35.809+0000] {subprocess.py:106} INFO -     "endOffset" : {
[2026-04-12T09:30:35.810+0000] {subprocess.py:106} INFO -       "weather-topic" : {
[2026-04-12T09:30:35.810+0000] {subprocess.py:106} INFO -         "0" : 334,
[2026-04-12T09:30:35.811+0000] {subprocess.py:106} INFO -         "1" : 325,
[2026-04-12T09:30:35.811+0000] {subprocess.py:106} INFO -         "2" : 341
[2026-04-12T09:30:35.812+0000] {subprocess.py:106} INFO -       }
[2026-04-12T09:30:35.812+0000] {subprocess.py:106} INFO -     },
[2026-04-12T09:30:35.813+0000] {subprocess.py:106} INFO -     "latestOffset" : {
[2026-04-12T09:30:35.813+0000] {subprocess.py:106} INFO -       "weather-topic" : {
[2026-04-12T09:30:35.814+0000] {subprocess.py:106} INFO -         "0" : 334,
[2026-04-12T09:30:35.814+0000] {subprocess.py:106} INFO -         "1" : 325,
[2026-04-12T09:30:35.814+0000] {subprocess.py:106} INFO -         "2" : 341
[2026-04-12T09:30:35.815+0000] {subprocess.py:106} INFO -       }
[2026-04-12T09:30:35.816+0000] {subprocess.py:106} INFO -     },
[2026-04-12T09:30:35.817+0000] {subprocess.py:106} INFO -     "numInputRows" : 40,
[2026-04-12T09:30:35.817+0000] {subprocess.py:106} INFO -     "inputRowsPerSecond" : 1.3332888903703208,
[2026-04-12T09:30:35.818+0000] {subprocess.py:106} INFO -     "processedRowsPerSecond" : 6.913238852402351,
[2026-04-12T09:30:35.818+0000] {subprocess.py:106} INFO -     "metrics" : {
[2026-04-12T09:30:35.818+0000] {subprocess.py:106} INFO -       "avgOffsetsBehindLatest" : "0.0",
[2026-04-12T09:30:35.819+0000] {subprocess.py:106} INFO -       "maxOffsetsBehindLatest" : "0",
[2026-04-12T09:30:35.819+0000] {subprocess.py:106} INFO -       "minOffsetsBehindLatest" : "0"
[2026-04-12T09:30:35.820+0000] {subprocess.py:106} INFO -     }
[2026-04-12T09:30:35.820+0000] {subprocess.py:106} INFO -   } ],
[2026-04-12T09:30:35.820+0000] {subprocess.py:106} INFO -   "sink" : {
[2026-04-12T09:30:35.821+0000] {subprocess.py:106} INFO -     "description" : "ForeachBatchSink",
[2026-04-12T09:30:35.821+0000] {subprocess.py:106} INFO -     "numOutputRows" : -1
[2026-04-12T09:30:35.822+0000] {subprocess.py:106} INFO -   }
[2026-04-12T09:30:35.822+0000] {subprocess.py:106} INFO - }
[2026-04-12T09:31:00.022+0000] {subprocess.py:106} INFO - 26/04/12 09:31:00 INFO MicroBatchExecutionContext: Extracting source progress metrics for source=KafkaV2[Subscribe[weather-topic]] took duration_ms=0
[2026-04-12T09:31:00.024+0000] {subprocess.py:106} INFO - 26/04/12 09:31:00 INFO MicroBatchExecutionContext: Extracting sink progress metrics for sink=ForeachBatchSink took duration_ms=0
[2026-04-12T09:31:00.025+0000] {subprocess.py:106} INFO - 26/04/12 09:31:00 INFO ProgressReporter: Streaming query has been idle and waiting for new data more than 10000 ms.
[2026-04-12T09:31:30.021+0000] {subprocess.py:106} INFO - 26/04/12 09:31:30 INFO MicroBatchExecutionContext: Extracting source progress metrics for source=KafkaV2[Subscribe[weather-topic]] took duration_ms=0
[2026-04-12T09:31:30.762+0000] {subprocess.py:106} INFO - 26/04/12 09:31:30 INFO MicroBatchExecutionContext: Extracting sink progress metrics for sink=ForeachBatchSink took duration_ms=0
[2026-04-12T09:31:30.763+0000] {subprocess.py:106} INFO - 26/04/12 09:31:30 INFO ProgressReporter: Streaming query has been idle and waiting for new data more than 10000 ms.
[2026-04-12T09:32:00.017+0000] {subprocess.py:106} INFO - 26/04/12 09:32:00 INFO MicroBatchExecutionContext: Extracting source progress metrics for source=KafkaV2[Subscribe[weather-topic]] took duration_ms=0
[2026-04-12T09:32:00.018+0000] {subprocess.py:106} INFO - 26/04/12 09:32:00 INFO MicroBatchExecutionContext: Extracting sink progress metrics for sink=ForeachBatchSink took duration_ms=0
[2026-04-12T09:32:00.018+0000] {subprocess.py:106} INFO - 26/04/12 09:32:00 INFO ProgressReporter: Streaming query has been idle and waiting for new data more than 10000 ms.
[2026-04-12T09:32:30.025+0000] {subprocess.py:106} INFO - 26/04/12 09:32:30 INFO MicroBatchExecutionContext: Extracting source progress metrics for source=KafkaV2[Subscribe[weather-topic]] took duration_ms=0
[2026-04-12T09:32:30.026+0000] {subprocess.py:106} INFO - 26/04/12 09:32:30 INFO MicroBatchExecutionContext: Extracting sink progress metrics for sink=ForeachBatchSink took duration_ms=0
[2026-04-12T09:32:30.027+0000] {subprocess.py:106} INFO - 26/04/12 09:32:30 INFO ProgressReporter: Streaming query has been idle and waiting for new data more than 10000 ms.
