[2026-04-12T06:18:02.097+0000] {local_task_job_runner.py:123} INFO - ::group::Pre task execution logs
[2026-04-12T06:18:02.133+0000] {taskinstance.py:2613} INFO - Dependencies all met for dep_context=non-requeueable deps ti=<TaskInstance: weather_real_time_pipeline_v2.start_spark_streaming_job scheduled__2026-04-12T06:16:00+00:00 [queued]>
[2026-04-12T06:18:02.146+0000] {taskinstance.py:2613} INFO - Dependencies all met for dep_context=requeueable deps ti=<TaskInstance: weather_real_time_pipeline_v2.start_spark_streaming_job scheduled__2026-04-12T06:16:00+00:00 [queued]>
[2026-04-12T06:18:02.146+0000] {taskinstance.py:2866} INFO - Starting attempt 1 of 4
[2026-04-12T06:18:02.165+0000] {taskinstance.py:2889} INFO - Executing <Task(BashOperator): start_spark_streaming_job> on 2026-04-12 06:16:00+00:00
[2026-04-12T06:18:02.174+0000] {standard_task_runner.py:104} INFO - Running: ['airflow', 'tasks', 'run', 'weather_real_time_pipeline_v2', 'start_spark_streaming_job', 'scheduled__2026-04-12T06:16:00+00:00', '--job-id', '283', '--raw', '--subdir', 'DAGS_FOLDER/weather_pipeline_dag.py', '--cfg-path', '/tmp/tmph3z043bw']
[2026-04-12T06:18:02.176+0000] {standard_task_runner.py:105} INFO - Job 283: Subtask start_spark_streaming_job
[2026-04-12T06:18:02.180+0000] {logging_mixin.py:190} WARNING - /home/airflow/airflow/venv/lib/python3.12/site-packages/airflow/task/task_runner/standard_task_runner.py:70 DeprecationWarning: This process (pid=10908) is multi-threaded, use of fork() may lead to deadlocks in the child.
[2026-04-12T06:18:02.181+0000] {standard_task_runner.py:72} INFO - Started process 10924 to run task
[2026-04-12T06:18:02.269+0000] {task_command.py:467} INFO - Running <TaskInstance: weather_real_time_pipeline_v2.start_spark_streaming_job scheduled__2026-04-12T06:16:00+00:00 [running]> on host airflow
[2026-04-12T06:18:02.386+0000] {taskinstance.py:3132} INFO - Exporting env vars: AIRFLOW_CTX_DAG_OWNER='airflow' AIRFLOW_CTX_DAG_ID='weather_real_time_pipeline_v2' AIRFLOW_CTX_TASK_ID='start_spark_streaming_job' AIRFLOW_CTX_EXECUTION_DATE='2026-04-12T06:16:00+00:00' AIRFLOW_CTX_TRY_NUMBER='1' AIRFLOW_CTX_DAG_RUN_ID='scheduled__2026-04-12T06:16:00+00:00'
[2026-04-12T06:18:02.387+0000] {taskinstance.py:731} INFO - ::endgroup::
[2026-04-12T06:18:02.401+0000] {subprocess.py:78} INFO - Tmp dir root location: /tmp
[2026-04-12T06:18:02.402+0000] {subprocess.py:88} INFO - Running command: ['/usr/bin/bash', '-c', 'docker exec spark-master spark-submit                 --packages org.apache.spark:spark-sql-kafka-0-10_2.13:4.0.0,org.apache.iceberg:iceberg-spark-runtime-4.0_2.13:1.10.1                 /home/spark/spark/spark_jobs/weather_streaming.py']
[2026-04-12T06:18:02.412+0000] {subprocess.py:99} INFO - Output:
[2026-04-12T06:18:02.910+0000] {subprocess.py:106} INFO - WARNING: Using incubator modules: jdk.incubator.vector
[2026-04-12T06:18:04.310+0000] {subprocess.py:106} INFO - :: loading settings :: url = jar:file:/home/spark/spark/jars/ivy-2.5.3.jar!/org/apache/ivy/core/settings/ivysettings.xml
[2026-04-12T06:18:04.399+0000] {subprocess.py:106} INFO - Ivy Default Cache set to: /home/spark/.ivy2.5.2/cache
[2026-04-12T06:18:04.400+0000] {subprocess.py:106} INFO - The jars for the packages stored in: /home/spark/.ivy2.5.2/jars
[2026-04-12T06:18:04.413+0000] {subprocess.py:106} INFO - org.apache.spark#spark-sql-kafka-0-10_2.13 added as a dependency
[2026-04-12T06:18:04.414+0000] {subprocess.py:106} INFO - org.apache.iceberg#iceberg-spark-runtime-4.0_2.13 added as a dependency
[2026-04-12T06:18:04.418+0000] {subprocess.py:106} INFO - :: resolving dependencies :: org.apache.spark#spark-submit-parent-b3979a43-e071-4c7d-a776-10dd80ea8fba;1.0
[2026-04-12T06:18:04.418+0000] {subprocess.py:106} INFO - 	confs: [default]
[2026-04-12T06:18:04.620+0000] {subprocess.py:106} INFO - 	found org.apache.spark#spark-sql-kafka-0-10_2.13;4.0.0 in central
[2026-04-12T06:18:04.700+0000] {subprocess.py:106} INFO - 	found org.apache.spark#spark-token-provider-kafka-0-10_2.13;4.0.0 in central
[2026-04-12T06:18:04.739+0000] {subprocess.py:106} INFO - 	found org.apache.kafka#kafka-clients;3.9.0 in central
[2026-04-12T06:18:04.771+0000] {subprocess.py:106} INFO - 	found org.lz4#lz4-java;1.8.0 in central
[2026-04-12T06:18:04.802+0000] {subprocess.py:106} INFO - 	found org.xerial.snappy#snappy-java;1.1.10.7 in central
[2026-04-12T06:18:04.824+0000] {subprocess.py:106} INFO - 	found org.slf4j#slf4j-api;2.0.16 in central
[2026-04-12T06:18:04.849+0000] {subprocess.py:106} INFO - 	found org.apache.hadoop#hadoop-client-runtime;3.4.1 in central
[2026-04-12T06:18:04.882+0000] {subprocess.py:106} INFO - 	found org.apache.hadoop#hadoop-client-api;3.4.1 in central
[2026-04-12T06:18:04.913+0000] {subprocess.py:106} INFO - 	found com.google.code.findbugs#jsr305;3.0.0 in central
[2026-04-12T06:18:04.930+0000] {subprocess.py:106} INFO - 	found org.scala-lang.modules#scala-parallel-collections_2.13;1.2.0 in central
[2026-04-12T06:18:04.951+0000] {subprocess.py:106} INFO - 	found org.apache.commons#commons-pool2;2.12.0 in central
[2026-04-12T06:18:04.966+0000] {subprocess.py:106} INFO - 	found org.apache.iceberg#iceberg-spark-runtime-4.0_2.13;1.10.1 in central
[2026-04-12T06:18:04.996+0000] {subprocess.py:106} INFO - :: resolution report :: resolve 562ms :: artifacts dl 16ms
[2026-04-12T06:18:04.996+0000] {subprocess.py:106} INFO - 	:: modules in use:
[2026-04-12T06:18:04.997+0000] {subprocess.py:106} INFO - 	com.google.code.findbugs#jsr305;3.0.0 from central in [default]
[2026-04-12T06:18:04.998+0000] {subprocess.py:106} INFO - 	org.apache.commons#commons-pool2;2.12.0 from central in [default]
[2026-04-12T06:18:04.998+0000] {subprocess.py:106} INFO - 	org.apache.hadoop#hadoop-client-api;3.4.1 from central in [default]
[2026-04-12T06:18:04.999+0000] {subprocess.py:106} INFO - 	org.apache.hadoop#hadoop-client-runtime;3.4.1 from central in [default]
[2026-04-12T06:18:04.999+0000] {subprocess.py:106} INFO - 	org.apache.iceberg#iceberg-spark-runtime-4.0_2.13;1.10.1 from central in [default]
[2026-04-12T06:18:05.000+0000] {subprocess.py:106} INFO - 	org.apache.kafka#kafka-clients;3.9.0 from central in [default]
[2026-04-12T06:18:05.000+0000] {subprocess.py:106} INFO - 	org.apache.spark#spark-sql-kafka-0-10_2.13;4.0.0 from central in [default]
[2026-04-12T06:18:05.001+0000] {subprocess.py:106} INFO - 	org.apache.spark#spark-token-provider-kafka-0-10_2.13;4.0.0 from central in [default]
[2026-04-12T06:18:05.001+0000] {subprocess.py:106} INFO - 	org.lz4#lz4-java;1.8.0 from central in [default]
[2026-04-12T06:18:05.002+0000] {subprocess.py:106} INFO - 	org.scala-lang.modules#scala-parallel-collections_2.13;1.2.0 from central in [default]
[2026-04-12T06:18:05.002+0000] {subprocess.py:106} INFO - 	org.slf4j#slf4j-api;2.0.16 from central in [default]
[2026-04-12T06:18:05.003+0000] {subprocess.py:106} INFO - 	org.xerial.snappy#snappy-java;1.1.10.7 from central in [default]
[2026-04-12T06:18:05.003+0000] {subprocess.py:106} INFO - 	---------------------------------------------------------------------
[2026-04-12T06:18:05.004+0000] {subprocess.py:106} INFO - 	|                  |            modules            ||   artifacts   |
[2026-04-12T06:18:05.004+0000] {subprocess.py:106} INFO - 	|       conf       | number| search|dwnlded|evicted|| number|dwnlded|
[2026-04-12T06:18:05.004+0000] {subprocess.py:106} INFO - 	---------------------------------------------------------------------
[2026-04-12T06:18:05.005+0000] {subprocess.py:106} INFO - 	|      default     |   12  |   0   |   0   |   0   ||   12  |   0   |
[2026-04-12T06:18:05.005+0000] {subprocess.py:106} INFO - 	---------------------------------------------------------------------
[2026-04-12T06:18:05.006+0000] {subprocess.py:106} INFO - :: retrieving :: org.apache.spark#spark-submit-parent-b3979a43-e071-4c7d-a776-10dd80ea8fba
[2026-04-12T06:18:05.007+0000] {subprocess.py:106} INFO - 	confs: [default]
[2026-04-12T06:18:05.021+0000] {subprocess.py:106} INFO - 	0 artifacts copied, 12 already retrieved (0kB/14ms)
[2026-04-12T06:18:05.441+0000] {subprocess.py:106} INFO - 26/04/12 06:18:05 WARN NativeCodeLoader: Unable to load native-hadoop library for your platform... using builtin-java classes where applicable
[2026-04-12T06:18:06.890+0000] {subprocess.py:106} INFO - Using Spark's default log4j profile: org/apache/spark/log4j2-defaults.properties
[2026-04-12T06:18:06.898+0000] {subprocess.py:106} INFO - 26/04/12 06:18:06 INFO SparkContext: Running Spark version 4.0.2
[2026-04-12T06:18:06.901+0000] {subprocess.py:106} INFO - 26/04/12 06:18:06 INFO SparkContext: OS info Linux, 6.6.87.2-microsoft-standard-WSL2, amd64
[2026-04-12T06:18:06.902+0000] {subprocess.py:106} INFO - 26/04/12 06:18:06 INFO SparkContext: Java version 21.0.10
[2026-04-12T06:18:06.933+0000] {subprocess.py:106} INFO - 26/04/12 06:18:06 INFO ResourceUtils: ==============================================================
[2026-04-12T06:18:06.934+0000] {subprocess.py:106} INFO - 26/04/12 06:18:06 INFO ResourceUtils: No custom resources configured for spark.driver.
[2026-04-12T06:18:06.935+0000] {subprocess.py:106} INFO - 26/04/12 06:18:06 INFO ResourceUtils: ==============================================================
[2026-04-12T06:18:06.936+0000] {subprocess.py:106} INFO - 26/04/12 06:18:06 INFO SparkContext: Submitted application: Weather_Kafka_to_Iceberg
[2026-04-12T06:18:06.979+0000] {subprocess.py:106} INFO - 26/04/12 06:18:06 INFO ResourceProfile: Default ResourceProfile created, executor resources: Map(cores -> name: cores, amount: 2, script: , vendor: , memory -> name: memory, amount: 2048, script: , vendor: , offHeap -> name: offHeap, amount: 0, script: , vendor: ), task resources: Map(cpus -> name: cpus, amount: 1.0)
[2026-04-12T06:18:06.990+0000] {subprocess.py:106} INFO - 26/04/12 06:18:06 INFO ResourceProfile: Limiting resource is cpus at 2 tasks per executor
[2026-04-12T06:18:06.994+0000] {subprocess.py:106} INFO - 26/04/12 06:18:06 INFO ResourceProfileManager: Added ResourceProfile id: 0
[2026-04-12T06:18:07.070+0000] {subprocess.py:106} INFO - 26/04/12 06:18:07 INFO SecurityManager: Changing view acls to: spark
[2026-04-12T06:18:07.072+0000] {subprocess.py:106} INFO - 26/04/12 06:18:07 INFO SecurityManager: Changing modify acls to: spark
[2026-04-12T06:18:07.073+0000] {subprocess.py:106} INFO - 26/04/12 06:18:07 INFO SecurityManager: Changing view acls groups to: spark
[2026-04-12T06:18:07.074+0000] {subprocess.py:106} INFO - 26/04/12 06:18:07 INFO SecurityManager: Changing modify acls groups to: spark
[2026-04-12T06:18:07.078+0000] {subprocess.py:106} INFO - 26/04/12 06:18:07 INFO SecurityManager: SecurityManager: authentication disabled; ui acls disabled; users with view permissions: spark groups with view permissions: EMPTY; users with modify permissions: spark; groups with modify permissions: EMPTY; RPC SSL disabled
[2026-04-12T06:18:07.389+0000] {subprocess.py:106} INFO - 26/04/12 06:18:07 INFO Utils: Successfully started service 'sparkDriver' on port 40423.
[2026-04-12T06:18:07.419+0000] {subprocess.py:106} INFO - 26/04/12 06:18:07 INFO SparkEnv: Registering MapOutputTracker
[2026-04-12T06:18:07.438+0000] {subprocess.py:106} INFO - 26/04/12 06:18:07 INFO SparkEnv: Registering BlockManagerMaster
[2026-04-12T06:18:07.457+0000] {subprocess.py:106} INFO - 26/04/12 06:18:07 INFO BlockManagerMasterEndpoint: Using org.apache.spark.storage.DefaultTopologyMapper for getting topology information
[2026-04-12T06:18:07.458+0000] {subprocess.py:106} INFO - 26/04/12 06:18:07 INFO BlockManagerMasterEndpoint: BlockManagerMasterEndpoint up
[2026-04-12T06:18:07.462+0000] {subprocess.py:106} INFO - 26/04/12 06:18:07 INFO SparkEnv: Registering BlockManagerMasterHeartbeat
[2026-04-12T06:18:07.489+0000] {subprocess.py:106} INFO - 26/04/12 06:18:07 INFO DiskBlockManager: Created local directory at /tmp/blockmgr-5a4433e0-821d-47fe-8f1d-6d3c108d39d1
[2026-04-12T06:18:07.515+0000] {subprocess.py:106} INFO - 26/04/12 06:18:07 INFO SparkEnv: Registering OutputCommitCoordinator
[2026-04-12T06:18:07.681+0000] {subprocess.py:106} INFO - 26/04/12 06:18:07 INFO JettyUtils: Start Jetty 0.0.0.0:4040 for SparkUI
[2026-04-12T06:18:07.768+0000] {subprocess.py:106} INFO - 26/04/12 06:18:07 INFO Utils: Successfully started service 'SparkUI' on port 4040.
[2026-04-12T06:18:07.817+0000] {subprocess.py:106} INFO - 26/04/12 06:18:07 INFO SparkContext: Added JAR file:///home/spark/.ivy2.5.2/jars/org.apache.spark_spark-sql-kafka-0-10_2.13-4.0.0.jar at spark://spark-master:40423/jars/org.apache.spark_spark-sql-kafka-0-10_2.13-4.0.0.jar with timestamp 1775974686876
[2026-04-12T06:18:07.818+0000] {subprocess.py:106} INFO - 26/04/12 06:18:07 INFO SparkContext: Added JAR file:///home/spark/.ivy2.5.2/jars/org.apache.iceberg_iceberg-spark-runtime-4.0_2.13-1.10.1.jar at spark://spark-master:40423/jars/org.apache.iceberg_iceberg-spark-runtime-4.0_2.13-1.10.1.jar with timestamp 1775974686876
[2026-04-12T06:18:07.819+0000] {subprocess.py:106} INFO - 26/04/12 06:18:07 INFO SparkContext: Added JAR file:///home/spark/.ivy2.5.2/jars/org.apache.spark_spark-token-provider-kafka-0-10_2.13-4.0.0.jar at spark://spark-master:40423/jars/org.apache.spark_spark-token-provider-kafka-0-10_2.13-4.0.0.jar with timestamp 1775974686876
[2026-04-12T06:18:07.819+0000] {subprocess.py:106} INFO - 26/04/12 06:18:07 INFO SparkContext: Added JAR file:///home/spark/.ivy2.5.2/jars/org.scala-lang.modules_scala-parallel-collections_2.13-1.2.0.jar at spark://spark-master:40423/jars/org.scala-lang.modules_scala-parallel-collections_2.13-1.2.0.jar with timestamp 1775974686876
[2026-04-12T06:18:07.820+0000] {subprocess.py:106} INFO - 26/04/12 06:18:07 INFO SparkContext: Added JAR file:///home/spark/.ivy2.5.2/jars/org.apache.kafka_kafka-clients-3.9.0.jar at spark://spark-master:40423/jars/org.apache.kafka_kafka-clients-3.9.0.jar with timestamp 1775974686876
[2026-04-12T06:18:07.820+0000] {subprocess.py:106} INFO - 26/04/12 06:18:07 INFO SparkContext: Added JAR file:///home/spark/.ivy2.5.2/jars/com.google.code.findbugs_jsr305-3.0.0.jar at spark://spark-master:40423/jars/com.google.code.findbugs_jsr305-3.0.0.jar with timestamp 1775974686876
[2026-04-12T06:18:07.821+0000] {subprocess.py:106} INFO - 26/04/12 06:18:07 INFO SparkContext: Added JAR file:///home/spark/.ivy2.5.2/jars/org.apache.commons_commons-pool2-2.12.0.jar at spark://spark-master:40423/jars/org.apache.commons_commons-pool2-2.12.0.jar with timestamp 1775974686876
[2026-04-12T06:18:07.822+0000] {subprocess.py:106} INFO - 26/04/12 06:18:07 INFO SparkContext: Added JAR file:///home/spark/.ivy2.5.2/jars/org.apache.hadoop_hadoop-client-runtime-3.4.1.jar at spark://spark-master:40423/jars/org.apache.hadoop_hadoop-client-runtime-3.4.1.jar with timestamp 1775974686876
[2026-04-12T06:18:07.823+0000] {subprocess.py:106} INFO - 26/04/12 06:18:07 INFO SparkContext: Added JAR file:///home/spark/.ivy2.5.2/jars/org.lz4_lz4-java-1.8.0.jar at spark://spark-master:40423/jars/org.lz4_lz4-java-1.8.0.jar with timestamp 1775974686876
[2026-04-12T06:18:07.823+0000] {subprocess.py:106} INFO - 26/04/12 06:18:07 INFO SparkContext: Added JAR file:///home/spark/.ivy2.5.2/jars/org.xerial.snappy_snappy-java-1.1.10.7.jar at spark://spark-master:40423/jars/org.xerial.snappy_snappy-java-1.1.10.7.jar with timestamp 1775974686876
[2026-04-12T06:18:07.824+0000] {subprocess.py:106} INFO - 26/04/12 06:18:07 INFO SparkContext: Added JAR file:///home/spark/.ivy2.5.2/jars/org.slf4j_slf4j-api-2.0.16.jar at spark://spark-master:40423/jars/org.slf4j_slf4j-api-2.0.16.jar with timestamp 1775974686876
[2026-04-12T06:18:07.824+0000] {subprocess.py:106} INFO - 26/04/12 06:18:07 INFO SparkContext: Added JAR file:///home/spark/.ivy2.5.2/jars/org.apache.hadoop_hadoop-client-api-3.4.1.jar at spark://spark-master:40423/jars/org.apache.hadoop_hadoop-client-api-3.4.1.jar with timestamp 1775974686876
[2026-04-12T06:18:07.828+0000] {subprocess.py:106} INFO - 26/04/12 06:18:07 INFO SparkContext: Added file file:///home/spark/.ivy2.5.2/jars/org.apache.spark_spark-sql-kafka-0-10_2.13-4.0.0.jar at file:///home/spark/.ivy2.5.2/jars/org.apache.spark_spark-sql-kafka-0-10_2.13-4.0.0.jar with timestamp 1775974686876
[2026-04-12T06:18:07.832+0000] {subprocess.py:106} INFO - 26/04/12 06:18:07 INFO Utils: Copying /home/spark/.ivy2.5.2/jars/org.apache.spark_spark-sql-kafka-0-10_2.13-4.0.0.jar to /tmp/spark-aa620ddf-b95c-4ad3-bf10-5c57b956cfcc/userFiles-ce61f4a3-1d80-4cf8-9a6b-d4bde6c72f13/org.apache.spark_spark-sql-kafka-0-10_2.13-4.0.0.jar
[2026-04-12T06:18:07.848+0000] {subprocess.py:106} INFO - 26/04/12 06:18:07 INFO SparkContext: Added file file:///home/spark/.ivy2.5.2/jars/org.apache.iceberg_iceberg-spark-runtime-4.0_2.13-1.10.1.jar at file:///home/spark/.ivy2.5.2/jars/org.apache.iceberg_iceberg-spark-runtime-4.0_2.13-1.10.1.jar with timestamp 1775974686876
[2026-04-12T06:18:07.850+0000] {subprocess.py:106} INFO - 26/04/12 06:18:07 INFO Utils: Copying /home/spark/.ivy2.5.2/jars/org.apache.iceberg_iceberg-spark-runtime-4.0_2.13-1.10.1.jar to /tmp/spark-aa620ddf-b95c-4ad3-bf10-5c57b956cfcc/userFiles-ce61f4a3-1d80-4cf8-9a6b-d4bde6c72f13/org.apache.iceberg_iceberg-spark-runtime-4.0_2.13-1.10.1.jar
[2026-04-12T06:18:07.898+0000] {subprocess.py:106} INFO - 26/04/12 06:18:07 INFO SparkContext: Added file file:///home/spark/.ivy2.5.2/jars/org.apache.spark_spark-token-provider-kafka-0-10_2.13-4.0.0.jar at file:///home/spark/.ivy2.5.2/jars/org.apache.spark_spark-token-provider-kafka-0-10_2.13-4.0.0.jar with timestamp 1775974686876
[2026-04-12T06:18:07.898+0000] {subprocess.py:106} INFO - 26/04/12 06:18:07 INFO Utils: Copying /home/spark/.ivy2.5.2/jars/org.apache.spark_spark-token-provider-kafka-0-10_2.13-4.0.0.jar to /tmp/spark-aa620ddf-b95c-4ad3-bf10-5c57b956cfcc/userFiles-ce61f4a3-1d80-4cf8-9a6b-d4bde6c72f13/org.apache.spark_spark-token-provider-kafka-0-10_2.13-4.0.0.jar
[2026-04-12T06:18:07.903+0000] {subprocess.py:106} INFO - 26/04/12 06:18:07 INFO SparkContext: Added file file:///home/spark/.ivy2.5.2/jars/org.scala-lang.modules_scala-parallel-collections_2.13-1.2.0.jar at file:///home/spark/.ivy2.5.2/jars/org.scala-lang.modules_scala-parallel-collections_2.13-1.2.0.jar with timestamp 1775974686876
[2026-04-12T06:18:07.904+0000] {subprocess.py:106} INFO - 26/04/12 06:18:07 INFO Utils: Copying /home/spark/.ivy2.5.2/jars/org.scala-lang.modules_scala-parallel-collections_2.13-1.2.0.jar to /tmp/spark-aa620ddf-b95c-4ad3-bf10-5c57b956cfcc/userFiles-ce61f4a3-1d80-4cf8-9a6b-d4bde6c72f13/org.scala-lang.modules_scala-parallel-collections_2.13-1.2.0.jar
[2026-04-12T06:18:07.910+0000] {subprocess.py:106} INFO - 26/04/12 06:18:07 INFO SparkContext: Added file file:///home/spark/.ivy2.5.2/jars/org.apache.kafka_kafka-clients-3.9.0.jar at file:///home/spark/.ivy2.5.2/jars/org.apache.kafka_kafka-clients-3.9.0.jar with timestamp 1775974686876
[2026-04-12T06:18:07.910+0000] {subprocess.py:106} INFO - 26/04/12 06:18:07 INFO Utils: Copying /home/spark/.ivy2.5.2/jars/org.apache.kafka_kafka-clients-3.9.0.jar to /tmp/spark-aa620ddf-b95c-4ad3-bf10-5c57b956cfcc/userFiles-ce61f4a3-1d80-4cf8-9a6b-d4bde6c72f13/org.apache.kafka_kafka-clients-3.9.0.jar
[2026-04-12T06:18:07.924+0000] {subprocess.py:106} INFO - 26/04/12 06:18:07 INFO SparkContext: Added file file:///home/spark/.ivy2.5.2/jars/com.google.code.findbugs_jsr305-3.0.0.jar at file:///home/spark/.ivy2.5.2/jars/com.google.code.findbugs_jsr305-3.0.0.jar with timestamp 1775974686876
[2026-04-12T06:18:07.925+0000] {subprocess.py:106} INFO - 26/04/12 06:18:07 INFO Utils: Copying /home/spark/.ivy2.5.2/jars/com.google.code.findbugs_jsr305-3.0.0.jar to /tmp/spark-aa620ddf-b95c-4ad3-bf10-5c57b956cfcc/userFiles-ce61f4a3-1d80-4cf8-9a6b-d4bde6c72f13/com.google.code.findbugs_jsr305-3.0.0.jar
[2026-04-12T06:18:07.930+0000] {subprocess.py:106} INFO - 26/04/12 06:18:07 INFO SparkContext: Added file file:///home/spark/.ivy2.5.2/jars/org.apache.commons_commons-pool2-2.12.0.jar at file:///home/spark/.ivy2.5.2/jars/org.apache.commons_commons-pool2-2.12.0.jar with timestamp 1775974686876
[2026-04-12T06:18:07.931+0000] {subprocess.py:106} INFO - 26/04/12 06:18:07 INFO Utils: Copying /home/spark/.ivy2.5.2/jars/org.apache.commons_commons-pool2-2.12.0.jar to /tmp/spark-aa620ddf-b95c-4ad3-bf10-5c57b956cfcc/userFiles-ce61f4a3-1d80-4cf8-9a6b-d4bde6c72f13/org.apache.commons_commons-pool2-2.12.0.jar
[2026-04-12T06:18:07.936+0000] {subprocess.py:106} INFO - 26/04/12 06:18:07 INFO SparkContext: Added file file:///home/spark/.ivy2.5.2/jars/org.apache.hadoop_hadoop-client-runtime-3.4.1.jar at file:///home/spark/.ivy2.5.2/jars/org.apache.hadoop_hadoop-client-runtime-3.4.1.jar with timestamp 1775974686876
[2026-04-12T06:18:07.937+0000] {subprocess.py:106} INFO - 26/04/12 06:18:07 INFO Utils: Copying /home/spark/.ivy2.5.2/jars/org.apache.hadoop_hadoop-client-runtime-3.4.1.jar to /tmp/spark-aa620ddf-b95c-4ad3-bf10-5c57b956cfcc/userFiles-ce61f4a3-1d80-4cf8-9a6b-d4bde6c72f13/org.apache.hadoop_hadoop-client-runtime-3.4.1.jar
[2026-04-12T06:18:07.967+0000] {subprocess.py:106} INFO - 26/04/12 06:18:07 INFO SparkContext: Added file file:///home/spark/.ivy2.5.2/jars/org.lz4_lz4-java-1.8.0.jar at file:///home/spark/.ivy2.5.2/jars/org.lz4_lz4-java-1.8.0.jar with timestamp 1775974686876
[2026-04-12T06:18:07.968+0000] {subprocess.py:106} INFO - 26/04/12 06:18:07 INFO Utils: Copying /home/spark/.ivy2.5.2/jars/org.lz4_lz4-java-1.8.0.jar to /tmp/spark-aa620ddf-b95c-4ad3-bf10-5c57b956cfcc/userFiles-ce61f4a3-1d80-4cf8-9a6b-d4bde6c72f13/org.lz4_lz4-java-1.8.0.jar
[2026-04-12T06:18:07.975+0000] {subprocess.py:106} INFO - 26/04/12 06:18:07 INFO SparkContext: Added file file:///home/spark/.ivy2.5.2/jars/org.xerial.snappy_snappy-java-1.1.10.7.jar at file:///home/spark/.ivy2.5.2/jars/org.xerial.snappy_snappy-java-1.1.10.7.jar with timestamp 1775974686876
[2026-04-12T06:18:07.975+0000] {subprocess.py:106} INFO - 26/04/12 06:18:07 INFO Utils: Copying /home/spark/.ivy2.5.2/jars/org.xerial.snappy_snappy-java-1.1.10.7.jar to /tmp/spark-aa620ddf-b95c-4ad3-bf10-5c57b956cfcc/userFiles-ce61f4a3-1d80-4cf8-9a6b-d4bde6c72f13/org.xerial.snappy_snappy-java-1.1.10.7.jar
[2026-04-12T06:18:07.983+0000] {subprocess.py:106} INFO - 26/04/12 06:18:07 INFO SparkContext: Added file file:///home/spark/.ivy2.5.2/jars/org.slf4j_slf4j-api-2.0.16.jar at file:///home/spark/.ivy2.5.2/jars/org.slf4j_slf4j-api-2.0.16.jar with timestamp 1775974686876
[2026-04-12T06:18:07.984+0000] {subprocess.py:106} INFO - 26/04/12 06:18:07 INFO Utils: Copying /home/spark/.ivy2.5.2/jars/org.slf4j_slf4j-api-2.0.16.jar to /tmp/spark-aa620ddf-b95c-4ad3-bf10-5c57b956cfcc/userFiles-ce61f4a3-1d80-4cf8-9a6b-d4bde6c72f13/org.slf4j_slf4j-api-2.0.16.jar
[2026-04-12T06:18:07.990+0000] {subprocess.py:106} INFO - 26/04/12 06:18:07 INFO SparkContext: Added file file:///home/spark/.ivy2.5.2/jars/org.apache.hadoop_hadoop-client-api-3.4.1.jar at file:///home/spark/.ivy2.5.2/jars/org.apache.hadoop_hadoop-client-api-3.4.1.jar with timestamp 1775974686876
[2026-04-12T06:18:07.991+0000] {subprocess.py:106} INFO - 26/04/12 06:18:07 INFO Utils: Copying /home/spark/.ivy2.5.2/jars/org.apache.hadoop_hadoop-client-api-3.4.1.jar to /tmp/spark-aa620ddf-b95c-4ad3-bf10-5c57b956cfcc/userFiles-ce61f4a3-1d80-4cf8-9a6b-d4bde6c72f13/org.apache.hadoop_hadoop-client-api-3.4.1.jar
[2026-04-12T06:18:08.038+0000] {subprocess.py:106} INFO - 26/04/12 06:18:08 INFO SecurityManager: Changing view acls to: spark
[2026-04-12T06:18:08.039+0000] {subprocess.py:106} INFO - 26/04/12 06:18:08 INFO SecurityManager: Changing modify acls to: spark
[2026-04-12T06:18:08.039+0000] {subprocess.py:106} INFO - 26/04/12 06:18:08 INFO SecurityManager: Changing view acls groups to: spark
[2026-04-12T06:18:08.040+0000] {subprocess.py:106} INFO - 26/04/12 06:18:08 INFO SecurityManager: Changing modify acls groups to: spark
[2026-04-12T06:18:08.041+0000] {subprocess.py:106} INFO - 26/04/12 06:18:08 INFO SecurityManager: SecurityManager: authentication disabled; ui acls disabled; users with view permissions: spark groups with view permissions: EMPTY; users with modify permissions: spark; groups with modify permissions: EMPTY; RPC SSL disabled
[2026-04-12T06:18:08.315+0000] {subprocess.py:106} INFO - 26/04/12 06:18:08 INFO Executor: Starting executor ID driver on host spark-master
[2026-04-12T06:18:08.315+0000] {subprocess.py:106} INFO - 26/04/12 06:18:08 INFO Executor: OS info Linux, 6.6.87.2-microsoft-standard-WSL2, amd64
[2026-04-12T06:18:08.316+0000] {subprocess.py:106} INFO - 26/04/12 06:18:08 INFO Executor: Java version 21.0.10
[2026-04-12T06:18:08.333+0000] {subprocess.py:106} INFO - 26/04/12 06:18:08 INFO Executor: Starting executor with user classpath (userClassPathFirst = false): ''
[2026-04-12T06:18:08.335+0000] {subprocess.py:106} INFO - 26/04/12 06:18:08 INFO Executor: Created or updated repl class loader org.apache.spark.util.MutableURLClassLoader@15de3591 for default.
[2026-04-12T06:18:08.349+0000] {subprocess.py:106} INFO - 26/04/12 06:18:08 INFO Executor: Fetching file:///home/spark/.ivy2.5.2/jars/org.lz4_lz4-java-1.8.0.jar with timestamp 1775974686876
[2026-04-12T06:18:08.366+0000] {subprocess.py:106} INFO - 26/04/12 06:18:08 INFO Utils: /home/spark/.ivy2.5.2/jars/org.lz4_lz4-java-1.8.0.jar has been previously copied to /tmp/spark-aa620ddf-b95c-4ad3-bf10-5c57b956cfcc/userFiles-ce61f4a3-1d80-4cf8-9a6b-d4bde6c72f13/org.lz4_lz4-java-1.8.0.jar
[2026-04-12T06:18:08.370+0000] {subprocess.py:106} INFO - 26/04/12 06:18:08 INFO Executor: Fetching file:///home/spark/.ivy2.5.2/jars/org.scala-lang.modules_scala-parallel-collections_2.13-1.2.0.jar with timestamp 1775974686876
[2026-04-12T06:18:08.371+0000] {subprocess.py:106} INFO - 26/04/12 06:18:08 INFO Utils: /home/spark/.ivy2.5.2/jars/org.scala-lang.modules_scala-parallel-collections_2.13-1.2.0.jar has been previously copied to /tmp/spark-aa620ddf-b95c-4ad3-bf10-5c57b956cfcc/userFiles-ce61f4a3-1d80-4cf8-9a6b-d4bde6c72f13/org.scala-lang.modules_scala-parallel-collections_2.13-1.2.0.jar
[2026-04-12T06:18:08.375+0000] {subprocess.py:106} INFO - 26/04/12 06:18:08 INFO Executor: Fetching file:///home/spark/.ivy2.5.2/jars/org.apache.kafka_kafka-clients-3.9.0.jar with timestamp 1775974686876
[2026-04-12T06:18:08.381+0000] {subprocess.py:106} INFO - 26/04/12 06:18:08 INFO Utils: /home/spark/.ivy2.5.2/jars/org.apache.kafka_kafka-clients-3.9.0.jar has been previously copied to /tmp/spark-aa620ddf-b95c-4ad3-bf10-5c57b956cfcc/userFiles-ce61f4a3-1d80-4cf8-9a6b-d4bde6c72f13/org.apache.kafka_kafka-clients-3.9.0.jar
[2026-04-12T06:18:08.385+0000] {subprocess.py:106} INFO - 26/04/12 06:18:08 INFO Executor: Fetching file:///home/spark/.ivy2.5.2/jars/org.apache.spark_spark-sql-kafka-0-10_2.13-4.0.0.jar with timestamp 1775974686876
[2026-04-12T06:18:08.385+0000] {subprocess.py:106} INFO - 26/04/12 06:18:08 INFO Utils: /home/spark/.ivy2.5.2/jars/org.apache.spark_spark-sql-kafka-0-10_2.13-4.0.0.jar has been previously copied to /tmp/spark-aa620ddf-b95c-4ad3-bf10-5c57b956cfcc/userFiles-ce61f4a3-1d80-4cf8-9a6b-d4bde6c72f13/org.apache.spark_spark-sql-kafka-0-10_2.13-4.0.0.jar
[2026-04-12T06:18:08.390+0000] {subprocess.py:106} INFO - 26/04/12 06:18:08 INFO Executor: Fetching file:///home/spark/.ivy2.5.2/jars/org.apache.hadoop_hadoop-client-api-3.4.1.jar with timestamp 1775974686876
[2026-04-12T06:18:08.401+0000] {subprocess.py:106} INFO - 26/04/12 06:18:08 INFO Utils: /home/spark/.ivy2.5.2/jars/org.apache.hadoop_hadoop-client-api-3.4.1.jar has been previously copied to /tmp/spark-aa620ddf-b95c-4ad3-bf10-5c57b956cfcc/userFiles-ce61f4a3-1d80-4cf8-9a6b-d4bde6c72f13/org.apache.hadoop_hadoop-client-api-3.4.1.jar
[2026-04-12T06:18:08.405+0000] {subprocess.py:106} INFO - 26/04/12 06:18:08 INFO Executor: Fetching file:///home/spark/.ivy2.5.2/jars/org.apache.commons_commons-pool2-2.12.0.jar with timestamp 1775974686876
[2026-04-12T06:18:08.406+0000] {subprocess.py:106} INFO - 26/04/12 06:18:08 INFO Utils: /home/spark/.ivy2.5.2/jars/org.apache.commons_commons-pool2-2.12.0.jar has been previously copied to /tmp/spark-aa620ddf-b95c-4ad3-bf10-5c57b956cfcc/userFiles-ce61f4a3-1d80-4cf8-9a6b-d4bde6c72f13/org.apache.commons_commons-pool2-2.12.0.jar
[2026-04-12T06:18:08.410+0000] {subprocess.py:106} INFO - 26/04/12 06:18:08 INFO Executor: Fetching file:///home/spark/.ivy2.5.2/jars/org.slf4j_slf4j-api-2.0.16.jar with timestamp 1775974686876
[2026-04-12T06:18:08.411+0000] {subprocess.py:106} INFO - 26/04/12 06:18:08 INFO Utils: /home/spark/.ivy2.5.2/jars/org.slf4j_slf4j-api-2.0.16.jar has been previously copied to /tmp/spark-aa620ddf-b95c-4ad3-bf10-5c57b956cfcc/userFiles-ce61f4a3-1d80-4cf8-9a6b-d4bde6c72f13/org.slf4j_slf4j-api-2.0.16.jar
[2026-04-12T06:18:08.415+0000] {subprocess.py:106} INFO - 26/04/12 06:18:08 INFO Executor: Fetching file:///home/spark/.ivy2.5.2/jars/org.apache.iceberg_iceberg-spark-runtime-4.0_2.13-1.10.1.jar with timestamp 1775974686876
[2026-04-12T06:18:08.440+0000] {subprocess.py:106} INFO - 26/04/12 06:18:08 INFO Utils: /home/spark/.ivy2.5.2/jars/org.apache.iceberg_iceberg-spark-runtime-4.0_2.13-1.10.1.jar has been previously copied to /tmp/spark-aa620ddf-b95c-4ad3-bf10-5c57b956cfcc/userFiles-ce61f4a3-1d80-4cf8-9a6b-d4bde6c72f13/org.apache.iceberg_iceberg-spark-runtime-4.0_2.13-1.10.1.jar
[2026-04-12T06:18:08.443+0000] {subprocess.py:106} INFO - 26/04/12 06:18:08 INFO Executor: Fetching file:///home/spark/.ivy2.5.2/jars/org.apache.hadoop_hadoop-client-runtime-3.4.1.jar with timestamp 1775974686876
[2026-04-12T06:18:08.458+0000] {subprocess.py:106} INFO - 26/04/12 06:18:08 INFO Utils: /home/spark/.ivy2.5.2/jars/org.apache.hadoop_hadoop-client-runtime-3.4.1.jar has been previously copied to /tmp/spark-aa620ddf-b95c-4ad3-bf10-5c57b956cfcc/userFiles-ce61f4a3-1d80-4cf8-9a6b-d4bde6c72f13/org.apache.hadoop_hadoop-client-runtime-3.4.1.jar
[2026-04-12T06:18:08.461+0000] {subprocess.py:106} INFO - 26/04/12 06:18:08 INFO Executor: Fetching file:///home/spark/.ivy2.5.2/jars/org.apache.spark_spark-token-provider-kafka-0-10_2.13-4.0.0.jar with timestamp 1775974686876
[2026-04-12T06:18:08.462+0000] {subprocess.py:106} INFO - 26/04/12 06:18:08 INFO Utils: /home/spark/.ivy2.5.2/jars/org.apache.spark_spark-token-provider-kafka-0-10_2.13-4.0.0.jar has been previously copied to /tmp/spark-aa620ddf-b95c-4ad3-bf10-5c57b956cfcc/userFiles-ce61f4a3-1d80-4cf8-9a6b-d4bde6c72f13/org.apache.spark_spark-token-provider-kafka-0-10_2.13-4.0.0.jar
[2026-04-12T06:18:08.465+0000] {subprocess.py:106} INFO - 26/04/12 06:18:08 INFO Executor: Fetching file:///home/spark/.ivy2.5.2/jars/com.google.code.findbugs_jsr305-3.0.0.jar with timestamp 1775974686876
[2026-04-12T06:18:08.466+0000] {subprocess.py:106} INFO - 26/04/12 06:18:08 INFO Utils: /home/spark/.ivy2.5.2/jars/com.google.code.findbugs_jsr305-3.0.0.jar has been previously copied to /tmp/spark-aa620ddf-b95c-4ad3-bf10-5c57b956cfcc/userFiles-ce61f4a3-1d80-4cf8-9a6b-d4bde6c72f13/com.google.code.findbugs_jsr305-3.0.0.jar
[2026-04-12T06:18:08.469+0000] {subprocess.py:106} INFO - 26/04/12 06:18:08 INFO Executor: Fetching file:///home/spark/.ivy2.5.2/jars/org.xerial.snappy_snappy-java-1.1.10.7.jar with timestamp 1775974686876
[2026-04-12T06:18:08.471+0000] {subprocess.py:106} INFO - 26/04/12 06:18:08 INFO Utils: /home/spark/.ivy2.5.2/jars/org.xerial.snappy_snappy-java-1.1.10.7.jar has been previously copied to /tmp/spark-aa620ddf-b95c-4ad3-bf10-5c57b956cfcc/userFiles-ce61f4a3-1d80-4cf8-9a6b-d4bde6c72f13/org.xerial.snappy_snappy-java-1.1.10.7.jar
[2026-04-12T06:18:08.477+0000] {subprocess.py:106} INFO - 26/04/12 06:18:08 INFO Executor: Fetching spark://spark-master:40423/jars/org.apache.commons_commons-pool2-2.12.0.jar with timestamp 1775974686876
[2026-04-12T06:18:08.518+0000] {subprocess.py:106} INFO - 26/04/12 06:18:08 INFO TransportClientFactory: Successfully created connection to spark-master/172.20.0.5:40423 after 27 ms (0 ms spent in bootstraps)
[2026-04-12T06:18:08.526+0000] {subprocess.py:106} INFO - 26/04/12 06:18:08 INFO Utils: Fetching spark://spark-master:40423/jars/org.apache.commons_commons-pool2-2.12.0.jar to /tmp/spark-aa620ddf-b95c-4ad3-bf10-5c57b956cfcc/userFiles-ce61f4a3-1d80-4cf8-9a6b-d4bde6c72f13/fetchFileTemp4523745588993095201.tmp
[2026-04-12T06:18:08.546+0000] {subprocess.py:106} INFO - 26/04/12 06:18:08 INFO Utils: /tmp/spark-aa620ddf-b95c-4ad3-bf10-5c57b956cfcc/userFiles-ce61f4a3-1d80-4cf8-9a6b-d4bde6c72f13/fetchFileTemp4523745588993095201.tmp has been previously copied to /tmp/spark-aa620ddf-b95c-4ad3-bf10-5c57b956cfcc/userFiles-ce61f4a3-1d80-4cf8-9a6b-d4bde6c72f13/org.apache.commons_commons-pool2-2.12.0.jar
[2026-04-12T06:18:08.552+0000] {subprocess.py:106} INFO - 26/04/12 06:18:08 INFO Executor: Adding file:/tmp/spark-aa620ddf-b95c-4ad3-bf10-5c57b956cfcc/userFiles-ce61f4a3-1d80-4cf8-9a6b-d4bde6c72f13/org.apache.commons_commons-pool2-2.12.0.jar to class loader default
[2026-04-12T06:18:08.552+0000] {subprocess.py:106} INFO - 26/04/12 06:18:08 INFO Executor: Fetching spark://spark-master:40423/jars/org.lz4_lz4-java-1.8.0.jar with timestamp 1775974686876
[2026-04-12T06:18:08.553+0000] {subprocess.py:106} INFO - 26/04/12 06:18:08 INFO Utils: Fetching spark://spark-master:40423/jars/org.lz4_lz4-java-1.8.0.jar to /tmp/spark-aa620ddf-b95c-4ad3-bf10-5c57b956cfcc/userFiles-ce61f4a3-1d80-4cf8-9a6b-d4bde6c72f13/fetchFileTemp3510976045883068494.tmp
[2026-04-12T06:18:08.559+0000] {subprocess.py:106} INFO - 26/04/12 06:18:08 INFO Utils: /tmp/spark-aa620ddf-b95c-4ad3-bf10-5c57b956cfcc/userFiles-ce61f4a3-1d80-4cf8-9a6b-d4bde6c72f13/fetchFileTemp3510976045883068494.tmp has been previously copied to /tmp/spark-aa620ddf-b95c-4ad3-bf10-5c57b956cfcc/userFiles-ce61f4a3-1d80-4cf8-9a6b-d4bde6c72f13/org.lz4_lz4-java-1.8.0.jar
[2026-04-12T06:18:08.569+0000] {subprocess.py:106} INFO - 26/04/12 06:18:08 INFO Executor: Adding file:/tmp/spark-aa620ddf-b95c-4ad3-bf10-5c57b956cfcc/userFiles-ce61f4a3-1d80-4cf8-9a6b-d4bde6c72f13/org.lz4_lz4-java-1.8.0.jar to class loader default
[2026-04-12T06:18:08.569+0000] {subprocess.py:106} INFO - 26/04/12 06:18:08 INFO Executor: Fetching spark://spark-master:40423/jars/org.apache.hadoop_hadoop-client-runtime-3.4.1.jar with timestamp 1775974686876
[2026-04-12T06:18:08.570+0000] {subprocess.py:106} INFO - 26/04/12 06:18:08 INFO Utils: Fetching spark://spark-master:40423/jars/org.apache.hadoop_hadoop-client-runtime-3.4.1.jar to /tmp/spark-aa620ddf-b95c-4ad3-bf10-5c57b956cfcc/userFiles-ce61f4a3-1d80-4cf8-9a6b-d4bde6c72f13/fetchFileTemp1270230191961023706.tmp
[2026-04-12T06:18:08.713+0000] {subprocess.py:106} INFO - 26/04/12 06:18:08 INFO Utils: /tmp/spark-aa620ddf-b95c-4ad3-bf10-5c57b956cfcc/userFiles-ce61f4a3-1d80-4cf8-9a6b-d4bde6c72f13/fetchFileTemp1270230191961023706.tmp has been previously copied to /tmp/spark-aa620ddf-b95c-4ad3-bf10-5c57b956cfcc/userFiles-ce61f4a3-1d80-4cf8-9a6b-d4bde6c72f13/org.apache.hadoop_hadoop-client-runtime-3.4.1.jar
[2026-04-12T06:18:08.979+0000] {subprocess.py:106} INFO - 26/04/12 06:18:08 INFO Executor: Adding file:/tmp/spark-aa620ddf-b95c-4ad3-bf10-5c57b956cfcc/userFiles-ce61f4a3-1d80-4cf8-9a6b-d4bde6c72f13/org.apache.hadoop_hadoop-client-runtime-3.4.1.jar to class loader default
[2026-04-12T06:18:08.979+0000] {subprocess.py:106} INFO - 26/04/12 06:18:08 INFO Executor: Fetching spark://spark-master:40423/jars/org.slf4j_slf4j-api-2.0.16.jar with timestamp 1775974686876
[2026-04-12T06:18:08.979+0000] {subprocess.py:106} INFO - 26/04/12 06:18:08 INFO Utils: Fetching spark://spark-master:40423/jars/org.slf4j_slf4j-api-2.0.16.jar to /tmp/spark-aa620ddf-b95c-4ad3-bf10-5c57b956cfcc/userFiles-ce61f4a3-1d80-4cf8-9a6b-d4bde6c72f13/fetchFileTemp14048909981375762044.tmp
[2026-04-12T06:18:08.981+0000] {subprocess.py:106} INFO - 26/04/12 06:18:08 INFO Utils: /tmp/spark-aa620ddf-b95c-4ad3-bf10-5c57b956cfcc/userFiles-ce61f4a3-1d80-4cf8-9a6b-d4bde6c72f13/fetchFileTemp14048909981375762044.tmp has been previously copied to /tmp/spark-aa620ddf-b95c-4ad3-bf10-5c57b956cfcc/userFiles-ce61f4a3-1d80-4cf8-9a6b-d4bde6c72f13/org.slf4j_slf4j-api-2.0.16.jar
[2026-04-12T06:18:08.987+0000] {subprocess.py:106} INFO - 26/04/12 06:18:08 INFO Executor: Adding file:/tmp/spark-aa620ddf-b95c-4ad3-bf10-5c57b956cfcc/userFiles-ce61f4a3-1d80-4cf8-9a6b-d4bde6c72f13/org.slf4j_slf4j-api-2.0.16.jar to class loader default
[2026-04-12T06:18:08.988+0000] {subprocess.py:106} INFO - 26/04/12 06:18:08 INFO Executor: Fetching spark://spark-master:40423/jars/org.scala-lang.modules_scala-parallel-collections_2.13-1.2.0.jar with timestamp 1775974686876
[2026-04-12T06:18:08.988+0000] {subprocess.py:106} INFO - 26/04/12 06:18:08 INFO Utils: Fetching spark://spark-master:40423/jars/org.scala-lang.modules_scala-parallel-collections_2.13-1.2.0.jar to /tmp/spark-aa620ddf-b95c-4ad3-bf10-5c57b956cfcc/userFiles-ce61f4a3-1d80-4cf8-9a6b-d4bde6c72f13/fetchFileTemp4198371909845461515.tmp
[2026-04-12T06:18:08.994+0000] {subprocess.py:106} INFO - 26/04/12 06:18:08 INFO Utils: /tmp/spark-aa620ddf-b95c-4ad3-bf10-5c57b956cfcc/userFiles-ce61f4a3-1d80-4cf8-9a6b-d4bde6c72f13/fetchFileTemp4198371909845461515.tmp has been previously copied to /tmp/spark-aa620ddf-b95c-4ad3-bf10-5c57b956cfcc/userFiles-ce61f4a3-1d80-4cf8-9a6b-d4bde6c72f13/org.scala-lang.modules_scala-parallel-collections_2.13-1.2.0.jar
[2026-04-12T06:18:09.018+0000] {subprocess.py:106} INFO - 26/04/12 06:18:09 INFO Executor: Adding file:/tmp/spark-aa620ddf-b95c-4ad3-bf10-5c57b956cfcc/userFiles-ce61f4a3-1d80-4cf8-9a6b-d4bde6c72f13/org.scala-lang.modules_scala-parallel-collections_2.13-1.2.0.jar to class loader default
[2026-04-12T06:18:09.018+0000] {subprocess.py:106} INFO - 26/04/12 06:18:09 INFO Executor: Fetching spark://spark-master:40423/jars/org.apache.spark_spark-token-provider-kafka-0-10_2.13-4.0.0.jar with timestamp 1775974686876
[2026-04-12T06:18:09.019+0000] {subprocess.py:106} INFO - 26/04/12 06:18:09 INFO Utils: Fetching spark://spark-master:40423/jars/org.apache.spark_spark-token-provider-kafka-0-10_2.13-4.0.0.jar to /tmp/spark-aa620ddf-b95c-4ad3-bf10-5c57b956cfcc/userFiles-ce61f4a3-1d80-4cf8-9a6b-d4bde6c72f13/fetchFileTemp1110808582930827952.tmp
[2026-04-12T06:18:09.020+0000] {subprocess.py:106} INFO - 26/04/12 06:18:09 INFO Utils: /tmp/spark-aa620ddf-b95c-4ad3-bf10-5c57b956cfcc/userFiles-ce61f4a3-1d80-4cf8-9a6b-d4bde6c72f13/fetchFileTemp1110808582930827952.tmp has been previously copied to /tmp/spark-aa620ddf-b95c-4ad3-bf10-5c57b956cfcc/userFiles-ce61f4a3-1d80-4cf8-9a6b-d4bde6c72f13/org.apache.spark_spark-token-provider-kafka-0-10_2.13-4.0.0.jar
[2026-04-12T06:18:09.024+0000] {subprocess.py:106} INFO - 26/04/12 06:18:09 INFO Executor: Adding file:/tmp/spark-aa620ddf-b95c-4ad3-bf10-5c57b956cfcc/userFiles-ce61f4a3-1d80-4cf8-9a6b-d4bde6c72f13/org.apache.spark_spark-token-provider-kafka-0-10_2.13-4.0.0.jar to class loader default
[2026-04-12T06:18:09.025+0000] {subprocess.py:106} INFO - 26/04/12 06:18:09 INFO Executor: Fetching spark://spark-master:40423/jars/com.google.code.findbugs_jsr305-3.0.0.jar with timestamp 1775974686876
[2026-04-12T06:18:09.026+0000] {subprocess.py:106} INFO - 26/04/12 06:18:09 INFO Utils: Fetching spark://spark-master:40423/jars/com.google.code.findbugs_jsr305-3.0.0.jar to /tmp/spark-aa620ddf-b95c-4ad3-bf10-5c57b956cfcc/userFiles-ce61f4a3-1d80-4cf8-9a6b-d4bde6c72f13/fetchFileTemp12608081806105542956.tmp
[2026-04-12T06:18:09.026+0000] {subprocess.py:106} INFO - 26/04/12 06:18:09 INFO Utils: /tmp/spark-aa620ddf-b95c-4ad3-bf10-5c57b956cfcc/userFiles-ce61f4a3-1d80-4cf8-9a6b-d4bde6c72f13/fetchFileTemp12608081806105542956.tmp has been previously copied to /tmp/spark-aa620ddf-b95c-4ad3-bf10-5c57b956cfcc/userFiles-ce61f4a3-1d80-4cf8-9a6b-d4bde6c72f13/com.google.code.findbugs_jsr305-3.0.0.jar
[2026-04-12T06:18:09.030+0000] {subprocess.py:106} INFO - 26/04/12 06:18:09 INFO Executor: Adding file:/tmp/spark-aa620ddf-b95c-4ad3-bf10-5c57b956cfcc/userFiles-ce61f4a3-1d80-4cf8-9a6b-d4bde6c72f13/com.google.code.findbugs_jsr305-3.0.0.jar to class loader default
[2026-04-12T06:18:09.031+0000] {subprocess.py:106} INFO - 26/04/12 06:18:09 INFO Executor: Fetching spark://spark-master:40423/jars/org.xerial.snappy_snappy-java-1.1.10.7.jar with timestamp 1775974686876
[2026-04-12T06:18:09.031+0000] {subprocess.py:106} INFO - 26/04/12 06:18:09 INFO Utils: Fetching spark://spark-master:40423/jars/org.xerial.snappy_snappy-java-1.1.10.7.jar to /tmp/spark-aa620ddf-b95c-4ad3-bf10-5c57b956cfcc/userFiles-ce61f4a3-1d80-4cf8-9a6b-d4bde6c72f13/fetchFileTemp7557791520845316879.tmp
[2026-04-12T06:18:09.042+0000] {subprocess.py:106} INFO - 26/04/12 06:18:09 INFO Utils: /tmp/spark-aa620ddf-b95c-4ad3-bf10-5c57b956cfcc/userFiles-ce61f4a3-1d80-4cf8-9a6b-d4bde6c72f13/fetchFileTemp7557791520845316879.tmp has been previously copied to /tmp/spark-aa620ddf-b95c-4ad3-bf10-5c57b956cfcc/userFiles-ce61f4a3-1d80-4cf8-9a6b-d4bde6c72f13/org.xerial.snappy_snappy-java-1.1.10.7.jar
[2026-04-12T06:18:09.067+0000] {subprocess.py:106} INFO - 26/04/12 06:18:09 INFO Executor: Adding file:/tmp/spark-aa620ddf-b95c-4ad3-bf10-5c57b956cfcc/userFiles-ce61f4a3-1d80-4cf8-9a6b-d4bde6c72f13/org.xerial.snappy_snappy-java-1.1.10.7.jar to class loader default
[2026-04-12T06:18:09.067+0000] {subprocess.py:106} INFO - 26/04/12 06:18:09 INFO Executor: Fetching spark://spark-master:40423/jars/org.apache.kafka_kafka-clients-3.9.0.jar with timestamp 1775974686876
[2026-04-12T06:18:09.068+0000] {subprocess.py:106} INFO - 26/04/12 06:18:09 INFO Utils: Fetching spark://spark-master:40423/jars/org.apache.kafka_kafka-clients-3.9.0.jar to /tmp/spark-aa620ddf-b95c-4ad3-bf10-5c57b956cfcc/userFiles-ce61f4a3-1d80-4cf8-9a6b-d4bde6c72f13/fetchFileTemp11177325759422731753.tmp
[2026-04-12T06:18:09.102+0000] {subprocess.py:106} INFO - 26/04/12 06:18:09 INFO Utils: /tmp/spark-aa620ddf-b95c-4ad3-bf10-5c57b956cfcc/userFiles-ce61f4a3-1d80-4cf8-9a6b-d4bde6c72f13/fetchFileTemp11177325759422731753.tmp has been previously copied to /tmp/spark-aa620ddf-b95c-4ad3-bf10-5c57b956cfcc/userFiles-ce61f4a3-1d80-4cf8-9a6b-d4bde6c72f13/org.apache.kafka_kafka-clients-3.9.0.jar
[2026-04-12T06:18:09.188+0000] {subprocess.py:106} INFO - 26/04/12 06:18:09 INFO Executor: Adding file:/tmp/spark-aa620ddf-b95c-4ad3-bf10-5c57b956cfcc/userFiles-ce61f4a3-1d80-4cf8-9a6b-d4bde6c72f13/org.apache.kafka_kafka-clients-3.9.0.jar to class loader default
[2026-04-12T06:18:09.189+0000] {subprocess.py:106} INFO - 26/04/12 06:18:09 INFO Executor: Fetching spark://spark-master:40423/jars/org.apache.spark_spark-sql-kafka-0-10_2.13-4.0.0.jar with timestamp 1775974686876
[2026-04-12T06:18:09.189+0000] {subprocess.py:106} INFO - 26/04/12 06:18:09 INFO Utils: Fetching spark://spark-master:40423/jars/org.apache.spark_spark-sql-kafka-0-10_2.13-4.0.0.jar to /tmp/spark-aa620ddf-b95c-4ad3-bf10-5c57b956cfcc/userFiles-ce61f4a3-1d80-4cf8-9a6b-d4bde6c72f13/fetchFileTemp4644018559635835787.tmp
[2026-04-12T06:18:09.192+0000] {subprocess.py:106} INFO - 26/04/12 06:18:09 INFO Utils: /tmp/spark-aa620ddf-b95c-4ad3-bf10-5c57b956cfcc/userFiles-ce61f4a3-1d80-4cf8-9a6b-d4bde6c72f13/fetchFileTemp4644018559635835787.tmp has been previously copied to /tmp/spark-aa620ddf-b95c-4ad3-bf10-5c57b956cfcc/userFiles-ce61f4a3-1d80-4cf8-9a6b-d4bde6c72f13/org.apache.spark_spark-sql-kafka-0-10_2.13-4.0.0.jar
[2026-04-12T06:18:09.199+0000] {subprocess.py:106} INFO - 26/04/12 06:18:09 INFO Executor: Adding file:/tmp/spark-aa620ddf-b95c-4ad3-bf10-5c57b956cfcc/userFiles-ce61f4a3-1d80-4cf8-9a6b-d4bde6c72f13/org.apache.spark_spark-sql-kafka-0-10_2.13-4.0.0.jar to class loader default
[2026-04-12T06:18:09.200+0000] {subprocess.py:106} INFO - 26/04/12 06:18:09 INFO Executor: Fetching spark://spark-master:40423/jars/org.apache.iceberg_iceberg-spark-runtime-4.0_2.13-1.10.1.jar with timestamp 1775974686876
[2026-04-12T06:18:09.200+0000] {subprocess.py:106} INFO - 26/04/12 06:18:09 INFO Utils: Fetching spark://spark-master:40423/jars/org.apache.iceberg_iceberg-spark-runtime-4.0_2.13-1.10.1.jar to /tmp/spark-aa620ddf-b95c-4ad3-bf10-5c57b956cfcc/userFiles-ce61f4a3-1d80-4cf8-9a6b-d4bde6c72f13/fetchFileTemp6822432662450927795.tmp
[2026-04-12T06:18:09.341+0000] {subprocess.py:106} INFO - 26/04/12 06:18:09 INFO Utils: /tmp/spark-aa620ddf-b95c-4ad3-bf10-5c57b956cfcc/userFiles-ce61f4a3-1d80-4cf8-9a6b-d4bde6c72f13/fetchFileTemp6822432662450927795.tmp has been previously copied to /tmp/spark-aa620ddf-b95c-4ad3-bf10-5c57b956cfcc/userFiles-ce61f4a3-1d80-4cf8-9a6b-d4bde6c72f13/org.apache.iceberg_iceberg-spark-runtime-4.0_2.13-1.10.1.jar
[2026-04-12T06:18:09.785+0000] {subprocess.py:106} INFO - 26/04/12 06:18:09 INFO Executor: Adding file:/tmp/spark-aa620ddf-b95c-4ad3-bf10-5c57b956cfcc/userFiles-ce61f4a3-1d80-4cf8-9a6b-d4bde6c72f13/org.apache.iceberg_iceberg-spark-runtime-4.0_2.13-1.10.1.jar to class loader default
[2026-04-12T06:18:09.785+0000] {subprocess.py:106} INFO - 26/04/12 06:18:09 INFO Executor: Fetching spark://spark-master:40423/jars/org.apache.hadoop_hadoop-client-api-3.4.1.jar with timestamp 1775974686876
[2026-04-12T06:18:09.786+0000] {subprocess.py:106} INFO - 26/04/12 06:18:09 INFO Utils: Fetching spark://spark-master:40423/jars/org.apache.hadoop_hadoop-client-api-3.4.1.jar to /tmp/spark-aa620ddf-b95c-4ad3-bf10-5c57b956cfcc/userFiles-ce61f4a3-1d80-4cf8-9a6b-d4bde6c72f13/fetchFileTemp9650529420109444028.tmp
[2026-04-12T06:18:09.841+0000] {subprocess.py:106} INFO - 26/04/12 06:18:09 INFO Utils: /tmp/spark-aa620ddf-b95c-4ad3-bf10-5c57b956cfcc/userFiles-ce61f4a3-1d80-4cf8-9a6b-d4bde6c72f13/fetchFileTemp9650529420109444028.tmp has been previously copied to /tmp/spark-aa620ddf-b95c-4ad3-bf10-5c57b956cfcc/userFiles-ce61f4a3-1d80-4cf8-9a6b-d4bde6c72f13/org.apache.hadoop_hadoop-client-api-3.4.1.jar
[2026-04-12T06:18:10.063+0000] {subprocess.py:106} INFO - 26/04/12 06:18:10 INFO Executor: Adding file:/tmp/spark-aa620ddf-b95c-4ad3-bf10-5c57b956cfcc/userFiles-ce61f4a3-1d80-4cf8-9a6b-d4bde6c72f13/org.apache.hadoop_hadoop-client-api-3.4.1.jar to class loader default
[2026-04-12T06:18:10.073+0000] {subprocess.py:106} INFO - 26/04/12 06:18:10 INFO Utils: Successfully started service 'org.apache.spark.network.netty.NettyBlockTransferService' on port 37583.
[2026-04-12T06:18:10.073+0000] {subprocess.py:106} INFO - 26/04/12 06:18:10 INFO NettyBlockTransferService: Server created on spark-master:37583
[2026-04-12T06:18:10.075+0000] {subprocess.py:106} INFO - 26/04/12 06:18:10 INFO BlockManager: Using org.apache.spark.storage.RandomBlockReplicationPolicy for block replication policy
[2026-04-12T06:18:10.091+0000] {subprocess.py:106} INFO - 26/04/12 06:18:10 INFO BlockManagerMaster: Registering BlockManager BlockManagerId(driver, spark-master, 37583, None)
[2026-04-12T06:18:10.096+0000] {subprocess.py:106} INFO - 26/04/12 06:18:10 INFO BlockManagerMasterEndpoint: Registering block manager spark-master:37583 with 1048.8 MiB RAM, BlockManagerId(driver, spark-master, 37583, None)
[2026-04-12T06:18:10.100+0000] {subprocess.py:106} INFO - 26/04/12 06:18:10 INFO BlockManagerMaster: Registered BlockManager BlockManagerId(driver, spark-master, 37583, None)
[2026-04-12T06:18:10.101+0000] {subprocess.py:106} INFO - 26/04/12 06:18:10 INFO BlockManager: Initialized BlockManager: BlockManagerId(driver, spark-master, 37583, None)
[2026-04-12T06:18:12.891+0000] {subprocess.py:106} INFO - Spark + Iceberg ready!
[2026-04-12T06:18:12.912+0000] {subprocess.py:106} INFO - 26/04/12 06:18:12 INFO SharedState: spark.sql.warehouse.dir is not set, but hive.metastore.warehouse.dir is set. Setting spark.sql.warehouse.dir to the value of hive.metastore.warehouse.dir.
[2026-04-12T06:18:13.201+0000] {subprocess.py:106} INFO - 26/04/12 06:18:13 INFO SharedState: Warehouse path is 'hdfs://23133083thuyvan-master:9000/user/hive/warehouse'.
[2026-04-12T06:18:14.088+0000] {subprocess.py:106} INFO - 26/04/12 06:18:14 INFO CatalogUtil: Loading custom FileIO implementation: org.apache.iceberg.hadoop.HadoopFileIO
[2026-04-12T06:18:14.713+0000] {subprocess.py:106} INFO - 26/04/12 06:18:14 INFO HiveConf: Found configuration file file:/home/spark/spark/conf/hive-site.xml
[2026-04-12T06:18:14.927+0000] {subprocess.py:106} INFO - 26/04/12 06:18:14 INFO metastore: Trying to connect to metastore with URI thrift://23133083thuyvan-master:9083
[2026-04-12T06:18:14.951+0000] {subprocess.py:106} INFO - 26/04/12 06:18:14 INFO metastore: Opened a connection to metastore, current connections: 1
[2026-04-12T06:18:14.971+0000] {subprocess.py:106} INFO - 26/04/12 06:18:14 INFO metastore: Connected to metastore.
[2026-04-12T06:18:15.384+0000] {subprocess.py:106} INFO - 26/04/12 06:18:15 WARN SparkStringUtils: Truncated the string representation of a plan since it was too large. This behavior can be adjusted by setting 'spark.sql.debug.maxToStringFields'.
[2026-04-12T06:18:15.473+0000] {subprocess.py:106} INFO - 26/04/12 06:18:15 INFO BaseMetastoreTableOperations: Refreshing table metadata from new version: hdfs://23133083thuyvan-master:9000/user/hive/lakehouse/air_quality_db.db/air_quality_silver/metadata/00007-e592c5dc-5e06-45d0-97bc-e48d9b0da961.metadata.json
[2026-04-12T06:18:15.989+0000] {subprocess.py:106} INFO - 26/04/12 06:18:15 INFO BaseMetastoreCatalog: Table loaded by catalog: iceberg.air_quality_db.air_quality_silver
[2026-04-12T06:18:16.001+0000] {subprocess.py:106} INFO - Iceberg table 'weather_real_time' ready!
[2026-04-12T06:18:16.989+0000] {subprocess.py:106} INFO - 26/04/12 06:18:16 INFO StateStoreCoordinatorRef: Registered StateStoreCoordinator endpoint
[2026-04-12T06:18:17.106+0000] {subprocess.py:106} INFO - 26/04/12 06:18:17 INFO ResolveWriteToStream: Checkpoint root hdfs://23133083thuyvan-master:9000/user/hive/checkpoints/air_quality_realtime resolved to hdfs://23133083thuyvan-master:9000/user/hive/checkpoints/air_quality_realtime.
[2026-04-12T06:18:17.110+0000] {subprocess.py:106} INFO - 26/04/12 06:18:17 WARN ResolveWriteToStream: spark.sql.adaptive.enabled is not supported in streaming DataFrames/Datasets and will be disabled.
[2026-04-12T06:18:17.324+0000] {subprocess.py:106} INFO - 26/04/12 06:18:17 INFO MicroBatchExecution: Starting [id = 97df26eb-363e-4a9d-81a0-5bee41c3e2e1, runId = f9a5a65f-487c-4ad7-9952-1960991ab62e]. Use hdfs://23133083thuyvan-master:9000/user/hive/checkpoints/air_quality_realtime to store the query checkpoint.
[2026-04-12T06:18:17.335+0000] {subprocess.py:106} INFO - Streaming job started! Listening to 'weather-topic'...
[2026-04-12T06:18:17.358+0000] {subprocess.py:106} INFO - 26/04/12 06:18:17 INFO MicroBatchExecution: Reading table [org.apache.spark.sql.kafka010.KafkaSourceProvider$KafkaTable@4fe58fb3] from DataSourceV2 named 'kafka' [org.apache.spark.sql.kafka010.KafkaSourceProvider@57195af5]
[2026-04-12T06:18:17.430+0000] {subprocess.py:106} INFO - 26/04/12 06:18:17 INFO MicroBatchExecution: Finish initializing with logical plan:
[2026-04-12T06:18:17.430+0000] {subprocess.py:106} INFO - ~WriteToMicroBatchDataSourceV1 ForeachBatchSink, 97df26eb-363e-4a9d-81a0-5bee41c3e2e1, [checkpointLocation=hdfs://23133083thuyvan-master:9000/user/hive/checkpoints/air_quality_realtime], Append
[2026-04-12T06:18:17.431+0000] {subprocess.py:106} INFO - +- ~Project [timestamp#40, location#17, latitude#18, longitude#19, timezone#20, temperature_2m#21, relative_humidity_2m#22, apparent_temperature#23, precipitation#24, cloud_cover#25, wind_speed_10m#26, wind_direction_10m#27, wind_gusts_10m#28, uv_index#29, weather_code#30, european_aqi#31, us_aqi#32, pm10#33, pm2_5#34, carbon_monoxide#35, nitrogen_dioxide#36, sulphur_dioxide#37, ozone#38, processing_time#39, open-meteo AS data_source#41]
[2026-04-12T06:18:17.432+0000] {subprocess.py:106} INFO -    +- ~Project [to_timestamp(timestamp#16, None, TimestampType, Some(GMT), true) AS timestamp#40, location#17, latitude#18, longitude#19, timezone#20, temperature_2m#21, relative_humidity_2m#22, apparent_temperature#23, precipitation#24, cloud_cover#25, wind_speed_10m#26, wind_direction_10m#27, wind_gusts_10m#28, uv_index#29, weather_code#30, european_aqi#31, us_aqi#32, pm10#33, pm2_5#34, carbon_monoxide#35, nitrogen_dioxide#36, sulphur_dioxide#37, ozone#38, processing_time#39]
[2026-04-12T06:18:17.432+0000] {subprocess.py:106} INFO -       +- ~Project [timestamp#16, location#17, latitude#18, longitude#19, timezone#20, temperature_2m#21, relative_humidity_2m#22, apparent_temperature#23, precipitation#24, cloud_cover#25, wind_speed_10m#26, wind_direction_10m#27, wind_gusts_10m#28, uv_index#29, weather_code#30, european_aqi#31, us_aqi#32, pm10#33, pm2_5#34, carbon_monoxide#35, nitrogen_dioxide#36, sulphur_dioxide#37, ozone#38, current_timestamp() AS processing_time#39]
[2026-04-12T06:18:17.433+0000] {subprocess.py:106} INFO -          +- ~Project [data#15.timestamp AS timestamp#16, data#15.location AS location#17, data#15.latitude AS latitude#18, data#15.longitude AS longitude#19, data#15.timezone AS timezone#20, data#15.temperature_2m AS temperature_2m#21, data#15.relative_humidity_2m AS relative_humidity_2m#22, data#15.apparent_temperature AS apparent_temperature#23, data#15.precipitation AS precipitation#24, data#15.cloud_cover AS cloud_cover#25, data#15.wind_speed_10m AS wind_speed_10m#26, data#15.wind_direction_10m AS wind_direction_10m#27, data#15.wind_gusts_10m AS wind_gusts_10m#28, data#15.uv_index AS uv_index#29, data#15.weather_code AS weather_code#30, data#15.european_aqi AS european_aqi#31, data#15.us_aqi AS us_aqi#32, data#15.pm10 AS pm10#33, data#15.pm2_5 AS pm2_5#34, data#15.carbon_monoxide AS carbon_monoxide#35, data#15.nitrogen_dioxide AS nitrogen_dioxide#36, data#15.sulphur_dioxide AS sulphur_dioxide#37, data#15.ozone AS ozone#38]
[2026-04-12T06:18:17.433+0000] {subprocess.py:106} INFO -             +- ~Project [from_json(StructField(timestamp,StringType,true), StructField(location,StringType,true), StructField(latitude,DoubleType,true), StructField(longitude,DoubleType,true), StructField(timezone,StringType,true), StructField(temperature_2m,DoubleType,true), StructField(relative_humidity_2m,DoubleType,true), StructField(apparent_temperature,DoubleType,true), StructField(precipitation,DoubleType,true), StructField(cloud_cover,DoubleType,true), StructField(wind_speed_10m,DoubleType,true), StructField(wind_direction_10m,DoubleType,true), StructField(wind_gusts_10m,DoubleType,true), StructField(uv_index,DoubleType,true), StructField(weather_code,IntegerType,true), StructField(european_aqi,IntegerType,true), StructField(us_aqi,IntegerType,true), StructField(pm10,DoubleType,true), StructField(pm2_5,DoubleType,true), StructField(carbon_monoxide,DoubleType,true), StructField(nitrogen_dioxide,DoubleType,true), StructField(sulphur_dioxide,DoubleType,true), StructField(ozone,DoubleType,true), json#14, Some(GMT), ... 1 more fields) AS data#15]
[2026-04-12T06:18:17.434+0000] {subprocess.py:106} INFO -                +- ~Project [cast(value#8 as string) AS json#14]
[2026-04-12T06:18:17.434+0000] {subprocess.py:106} INFO -                   +- ~StreamingDataSourceV2ScanRelation[key#7, value#8, topic#9, partition#10, offset#11L, timestamp#12, timestampType#13] KafkaTable
[2026-04-12T06:18:17.435+0000] {subprocess.py:106} INFO - 
[2026-04-12T06:18:17.444+0000] {subprocess.py:106} INFO - 26/04/12 06:18:17 INFO OffsetSeqLog: BatchIds found from listing: 0, 1, 2, 3, 4, 5
[2026-04-12T06:18:17.460+0000] {subprocess.py:106} INFO - 26/04/12 06:18:17 INFO OffsetSeqLog: Getting latest batch 5
[2026-04-12T06:18:17.500+0000] {subprocess.py:106} INFO - 26/04/12 06:18:17 INFO OffsetSeqLog: BatchIds found from listing: 0, 1, 2, 3, 4, 5
[2026-04-12T06:18:17.500+0000] {subprocess.py:106} INFO - 26/04/12 06:18:17 INFO OffsetSeqLog: Getting latest batch 5
[2026-04-12T06:18:17.524+0000] {subprocess.py:106} INFO - 26/04/12 06:18:17 INFO CommitLog: BatchIds found from listing: 0, 1, 2, 3, 4
[2026-04-12T06:18:17.524+0000] {subprocess.py:106} INFO - 26/04/12 06:18:17 INFO CommitLog: Getting latest batch 4
[2026-04-12T06:18:17.713+0000] {subprocess.py:106} INFO - 26/04/12 06:18:17 INFO MicroBatchExecution: Resuming at batch 5 with committed offsets {KafkaV2[Subscribe[weather-topic]]: {"weather-topic":{"0":79,"1":97,"2":84}}} and available offsets {KafkaV2[Subscribe[weather-topic]]: {"weather-topic":{"0":99,"1":120,"2":101}}}
[2026-04-12T06:18:17.714+0000] {subprocess.py:106} INFO - 26/04/12 06:18:17 INFO MicroBatchExecution: Stream started from {KafkaV2[Subscribe[weather-topic]]: {"weather-topic":{"0":79,"1":97,"2":84}}}
[2026-04-12T06:18:17.848+0000] {subprocess.py:106} INFO - 26/04/12 06:18:17 INFO IncrementalExecution: Current batch timestamp = 1775974523540
[2026-04-12T06:18:18.058+0000] {subprocess.py:106} INFO - 26/04/12 06:18:18 INFO IncrementalExecution: Current batch timestamp = 1775974523540
[2026-04-12T06:18:18.718+0000] {subprocess.py:106} INFO - 26/04/12 06:18:18 INFO CodeGenerator: Code generated in 359.914117 ms
[2026-04-12T06:18:18.723+0000] {subprocess.py:106} INFO - 26/04/12 06:18:18 INFO KafkaOffsetReaderAdmin: Partitions added: Map()
[2026-04-12T06:18:19.068+0000] {subprocess.py:106} INFO - 26/04/12 06:18:19 INFO CodeGenerator: Code generated in 21.884247 ms
[2026-04-12T06:18:19.104+0000] {subprocess.py:106} INFO - 26/04/12 06:18:19 INFO CodeGenerator: Code generated in 19.353967 ms
[2026-04-12T06:18:19.240+0000] {subprocess.py:106} INFO - 26/04/12 06:18:19 INFO SparkContext: Starting job: start at NativeMethodAccessorImpl.java:0
[2026-04-12T06:18:19.270+0000] {subprocess.py:106} INFO - 26/04/12 06:18:19 INFO DAGScheduler: Registering RDD 6 (start at NativeMethodAccessorImpl.java:0) as input to shuffle 0
[2026-04-12T06:18:19.284+0000] {subprocess.py:106} INFO - 26/04/12 06:18:19 INFO DAGScheduler: Got job 0 (start at NativeMethodAccessorImpl.java:0) with 1 output partitions
[2026-04-12T06:18:19.287+0000] {subprocess.py:106} INFO - 26/04/12 06:18:19 INFO DAGScheduler: Final stage: ResultStage 1 (start at NativeMethodAccessorImpl.java:0)
[2026-04-12T06:18:19.289+0000] {subprocess.py:106} INFO - 26/04/12 06:18:19 INFO DAGScheduler: Parents of final stage: List(ShuffleMapStage 0)
[2026-04-12T06:18:19.294+0000] {subprocess.py:106} INFO - 26/04/12 06:18:19 INFO DAGScheduler: Missing parents: List(ShuffleMapStage 0)
[2026-04-12T06:18:19.300+0000] {subprocess.py:106} INFO - 26/04/12 06:18:19 INFO DAGScheduler: Submitting ShuffleMapStage 0 (MapPartitionsRDD[6] at start at NativeMethodAccessorImpl.java:0), which has no missing parents
[2026-04-12T06:18:19.461+0000] {subprocess.py:106} INFO - 26/04/12 06:18:19 INFO MemoryStore: MemoryStore started with capacity 1048.8 MiB
[2026-04-12T06:18:19.508+0000] {subprocess.py:106} INFO - 26/04/12 06:18:19 INFO MemoryStore: Block broadcast_0 stored as values in memory (estimated size 43.0 KiB, free 1048.8 MiB)
[2026-04-12T06:18:19.554+0000] {subprocess.py:106} INFO - 26/04/12 06:18:19 INFO MemoryStore: Block broadcast_0_piece0 stored as bytes in memory (estimated size 16.4 KiB, free 1048.7 MiB)
[2026-04-12T06:18:19.569+0000] {subprocess.py:106} INFO - 26/04/12 06:18:19 INFO SparkContext: Created broadcast 0 from broadcast at DAGScheduler.scala:1676
[2026-04-12T06:18:19.607+0000] {subprocess.py:106} INFO - 26/04/12 06:18:19 INFO DAGScheduler: Submitting 3 missing tasks from ShuffleMapStage 0 (MapPartitionsRDD[6] at start at NativeMethodAccessorImpl.java:0) (first 15 tasks are for partitions Vector(0, 1, 2))
[2026-04-12T06:18:19.613+0000] {subprocess.py:106} INFO - 26/04/12 06:18:19 INFO TaskSchedulerImpl: Adding task set 0.0 with 3 tasks resource profile 0
[2026-04-12T06:18:19.674+0000] {subprocess.py:106} INFO - 26/04/12 06:18:19 INFO TaskSetManager: Starting task 0.0 in stage 0.0 (TID 0) (spark-master,executor driver, partition 0, PROCESS_LOCAL, 13492 bytes)
[2026-04-12T06:18:19.688+0000] {subprocess.py:106} INFO - 26/04/12 06:18:19 INFO TaskSetManager: Starting task 1.0 in stage 0.0 (TID 1) (spark-master,executor driver, partition 1, PROCESS_LOCAL, 13492 bytes)
[2026-04-12T06:18:19.690+0000] {subprocess.py:106} INFO - 26/04/12 06:18:19 INFO TaskSetManager: Starting task 2.0 in stage 0.0 (TID 2) (spark-master,executor driver, partition 2, PROCESS_LOCAL, 13492 bytes)
[2026-04-12T06:18:19.707+0000] {subprocess.py:106} INFO - 26/04/12 06:18:19 INFO Executor: Running task 0.0 in stage 0.0 (TID 0)
[2026-04-12T06:18:19.708+0000] {subprocess.py:106} INFO - 26/04/12 06:18:19 INFO Executor: Running task 1.0 in stage 0.0 (TID 1)
[2026-04-12T06:18:19.709+0000] {subprocess.py:106} INFO - 26/04/12 06:18:19 INFO Executor: Running task 2.0 in stage 0.0 (TID 2)
[2026-04-12T06:18:20.082+0000] {subprocess.py:106} INFO - 26/04/12 06:18:20 INFO CodeGenerator: Code generated in 107.981879 ms
[2026-04-12T06:18:20.157+0000] {subprocess.py:106} INFO - 26/04/12 06:18:20 INFO CodeGenerator: Code generated in 79.87674 ms
[2026-04-12T06:18:20.194+0000] {subprocess.py:106} INFO - 26/04/12 06:18:20 INFO CodeGenerator: Code generated in 26.898783 ms
[2026-04-12T06:18:20.216+0000] {subprocess.py:106} INFO - 26/04/12 06:18:20 INFO SecurityManager: Changing view acls to: spark
[2026-04-12T06:18:20.217+0000] {subprocess.py:106} INFO - 26/04/12 06:18:20 INFO SecurityManager: Changing modify acls to: spark
[2026-04-12T06:18:20.218+0000] {subprocess.py:106} INFO - 26/04/12 06:18:20 INFO SecurityManager: Changing view acls groups to: spark
[2026-04-12T06:18:20.218+0000] {subprocess.py:106} INFO - 26/04/12 06:18:20 INFO SecurityManager: Changing modify acls groups to: spark
[2026-04-12T06:18:20.222+0000] {subprocess.py:106} INFO - 26/04/12 06:18:20 INFO SecurityManager: SecurityManager: authentication disabled; ui acls disabled; users with view permissions: spark groups with view permissions: EMPTY; users with modify permissions: spark; groups with modify permissions: EMPTY; RPC SSL disabled
[2026-04-12T06:18:20.259+0000] {subprocess.py:106} INFO - 26/04/12 06:18:20 INFO KafkaBatchReaderFactory: Creating Kafka reader topicPartition=weather-topic-0 fromOffset=79} untilOffset=99, for query queryId=97df26eb-363e-4a9d-81a0-5bee41c3e2e1 batchId=5 taskId=0 partitionId=0
[2026-04-12T06:18:20.262+0000] {subprocess.py:106} INFO - 26/04/12 06:18:20 INFO KafkaBatchReaderFactory: Creating Kafka reader topicPartition=weather-topic-2 fromOffset=84} untilOffset=101, for query queryId=97df26eb-363e-4a9d-81a0-5bee41c3e2e1 batchId=5 taskId=2 partitionId=2
[2026-04-12T06:18:20.264+0000] {subprocess.py:106} INFO - 26/04/12 06:18:20 INFO KafkaBatchReaderFactory: Creating Kafka reader topicPartition=weather-topic-1 fromOffset=97} untilOffset=120, for query queryId=97df26eb-363e-4a9d-81a0-5bee41c3e2e1 batchId=5 taskId=1 partitionId=1
[2026-04-12T06:18:20.337+0000] {subprocess.py:106} INFO - 26/04/12 06:18:20 INFO CodeGenerator: Code generated in 19.406579 ms
[2026-04-12T06:18:20.404+0000] {subprocess.py:106} INFO - 26/04/12 06:18:20 INFO CodeGenerator: Code generated in 33.595402 ms
[2026-04-12T06:18:20.481+0000] {subprocess.py:106} INFO - 26/04/12 06:18:20 INFO ConsumerConfig: ConsumerConfig values:
[2026-04-12T06:18:20.482+0000] {subprocess.py:106} INFO - 	allow.auto.create.topics = true
[2026-04-12T06:18:20.482+0000] {subprocess.py:106} INFO - 	auto.commit.interval.ms = 5000
[2026-04-12T06:18:20.483+0000] {subprocess.py:106} INFO - 	auto.include.jmx.reporter = true
[2026-04-12T06:18:20.483+0000] {subprocess.py:106} INFO - 	auto.offset.reset = none
[2026-04-12T06:18:20.483+0000] {subprocess.py:106} INFO - 	bootstrap.servers = [kafka:9092]
[2026-04-12T06:18:20.484+0000] {subprocess.py:106} INFO - 	check.crcs = true
[2026-04-12T06:18:20.484+0000] {subprocess.py:106} INFO - 	client.dns.lookup = use_all_dns_ips
[2026-04-12T06:18:20.485+0000] {subprocess.py:106} INFO - 	client.id = consumer-spark-kafka-source-979b0fad-c3f5-47c4-b708-f769449d314b--983882313-executor-1
[2026-04-12T06:18:20.485+0000] {subprocess.py:106} INFO - 	client.rack =
[2026-04-12T06:18:20.485+0000] {subprocess.py:106} INFO - 	connections.max.idle.ms = 540000
[2026-04-12T06:18:20.486+0000] {subprocess.py:106} INFO - 	default.api.timeout.ms = 60000
[2026-04-12T06:18:20.486+0000] {subprocess.py:106} INFO - 	enable.auto.commit = false
[2026-04-12T06:18:20.487+0000] {subprocess.py:106} INFO - 	enable.metrics.push = true
[2026-04-12T06:18:20.487+0000] {subprocess.py:106} INFO - 	exclude.internal.topics = true
[2026-04-12T06:18:20.487+0000] {subprocess.py:106} INFO - 	fetch.max.bytes = 52428800
[2026-04-12T06:18:20.488+0000] {subprocess.py:106} INFO - 	fetch.max.wait.ms = 500
[2026-04-12T06:18:20.488+0000] {subprocess.py:106} INFO - 	fetch.min.bytes = 1
[2026-04-12T06:18:20.489+0000] {subprocess.py:106} INFO - 	group.id = spark-kafka-source-979b0fad-c3f5-47c4-b708-f769449d314b--983882313-executor
[2026-04-12T06:18:20.489+0000] {subprocess.py:106} INFO - 	group.instance.id = null
[2026-04-12T06:18:20.489+0000] {subprocess.py:106} INFO - 	group.protocol = classic
[2026-04-12T06:18:20.490+0000] {subprocess.py:106} INFO - 	group.remote.assignor = null
[2026-04-12T06:18:20.490+0000] {subprocess.py:106} INFO - 	heartbeat.interval.ms = 3000
[2026-04-12T06:18:20.490+0000] {subprocess.py:106} INFO - 	interceptor.classes = []
[2026-04-12T06:18:20.491+0000] {subprocess.py:106} INFO - 	internal.leave.group.on.close = true
[2026-04-12T06:18:20.491+0000] {subprocess.py:106} INFO - 	internal.throw.on.fetch.stable.offset.unsupported = false
[2026-04-12T06:18:20.491+0000] {subprocess.py:106} INFO - 	isolation.level = read_uncommitted
[2026-04-12T06:18:20.492+0000] {subprocess.py:106} INFO - 	key.deserializer = class org.apache.kafka.common.serialization.ByteArrayDeserializer
[2026-04-12T06:18:20.492+0000] {subprocess.py:106} INFO - 	max.partition.fetch.bytes = 1048576
[2026-04-12T06:18:20.493+0000] {subprocess.py:106} INFO - 	max.poll.interval.ms = 300000
[2026-04-12T06:18:20.493+0000] {subprocess.py:106} INFO - 	max.poll.records = 500
[2026-04-12T06:18:20.493+0000] {subprocess.py:106} INFO - 	metadata.max.age.ms = 300000
[2026-04-12T06:18:20.494+0000] {subprocess.py:106} INFO - 	metadata.recovery.strategy = none
[2026-04-12T06:18:20.494+0000] {subprocess.py:106} INFO - 	metric.reporters = []
[2026-04-12T06:18:20.495+0000] {subprocess.py:106} INFO - 	metrics.num.samples = 2
[2026-04-12T06:18:20.495+0000] {subprocess.py:106} INFO - 	metrics.recording.level = INFO
[2026-04-12T06:18:20.496+0000] {subprocess.py:106} INFO - 	metrics.sample.window.ms = 30000
[2026-04-12T06:18:20.496+0000] {subprocess.py:106} INFO - 	partition.assignment.strategy = [class org.apache.kafka.clients.consumer.RangeAssignor, class org.apache.kafka.clients.consumer.CooperativeStickyAssignor]
[2026-04-12T06:18:20.497+0000] {subprocess.py:106} INFO - 	receive.buffer.bytes = 65536
[2026-04-12T06:18:20.497+0000] {subprocess.py:106} INFO - 	reconnect.backoff.max.ms = 1000
[2026-04-12T06:18:20.497+0000] {subprocess.py:106} INFO - 	reconnect.backoff.ms = 50
[2026-04-12T06:18:20.498+0000] {subprocess.py:106} INFO - 	request.timeout.ms = 30000
[2026-04-12T06:18:20.498+0000] {subprocess.py:106} INFO - 	retry.backoff.max.ms = 1000
[2026-04-12T06:18:20.499+0000] {subprocess.py:106} INFO - 	retry.backoff.ms = 100
[2026-04-12T06:18:20.499+0000] {subprocess.py:106} INFO - 	sasl.client.callback.handler.class = null
[2026-04-12T06:18:20.500+0000] {subprocess.py:106} INFO - 	sasl.jaas.config = null
[2026-04-12T06:18:20.500+0000] {subprocess.py:106} INFO - 	sasl.kerberos.kinit.cmd = /usr/bin/kinit
[2026-04-12T06:18:20.500+0000] {subprocess.py:106} INFO - 	sasl.kerberos.min.time.before.relogin = 60000
[2026-04-12T06:18:20.501+0000] {subprocess.py:106} INFO - 	sasl.kerberos.service.name = null
[2026-04-12T06:18:20.501+0000] {subprocess.py:106} INFO - 	sasl.kerberos.ticket.renew.jitter = 0.05
[2026-04-12T06:18:20.502+0000] {subprocess.py:106} INFO - 	sasl.kerberos.ticket.renew.window.factor = 0.8
[2026-04-12T06:18:20.502+0000] {subprocess.py:106} INFO - 	sasl.login.callback.handler.class = null
[2026-04-12T06:18:20.502+0000] {subprocess.py:106} INFO - 	sasl.login.class = null
[2026-04-12T06:18:20.503+0000] {subprocess.py:106} INFO - 	sasl.login.connect.timeout.ms = null
[2026-04-12T06:18:20.503+0000] {subprocess.py:106} INFO - 	sasl.login.read.timeout.ms = null
[2026-04-12T06:18:20.508+0000] {subprocess.py:106} INFO - 	sasl.login.refresh.buffer.seconds = 300
[2026-04-12T06:18:20.508+0000] {subprocess.py:106} INFO - 	sasl.login.refresh.min.period.seconds = 60
[2026-04-12T06:18:20.508+0000] {subprocess.py:106} INFO - 	sasl.login.refresh.window.factor = 0.8
[2026-04-12T06:18:20.509+0000] {subprocess.py:106} INFO - 	sasl.login.refresh.window.jitter = 0.05
[2026-04-12T06:18:20.510+0000] {subprocess.py:106} INFO - 	sasl.login.retry.backoff.max.ms = 10000
[2026-04-12T06:18:20.510+0000] {subprocess.py:106} INFO - 	sasl.login.retry.backoff.ms = 100
[2026-04-12T06:18:20.510+0000] {subprocess.py:106} INFO - 	sasl.mechanism = GSSAPI
[2026-04-12T06:18:20.511+0000] {subprocess.py:106} INFO - 	sasl.oauthbearer.clock.skew.seconds = 30
[2026-04-12T06:18:20.511+0000] {subprocess.py:106} INFO - 	sasl.oauthbearer.expected.audience = null
[2026-04-12T06:18:20.512+0000] {subprocess.py:106} INFO - 	sasl.oauthbearer.expected.issuer = null
[2026-04-12T06:18:20.512+0000] {subprocess.py:106} INFO - 	sasl.oauthbearer.header.urlencode = false
[2026-04-12T06:18:20.513+0000] {subprocess.py:106} INFO - 	sasl.oauthbearer.jwks.endpoint.refresh.ms = 3600000
[2026-04-12T06:18:20.516+0000] {subprocess.py:106} INFO - 	sasl.oauthbearer.jwks.endpoint.retry.backoff.max.ms = 10000
[2026-04-12T06:18:20.517+0000] {subprocess.py:106} INFO - 	sasl.oauthbearer.jwks.endpoint.retry.backoff.ms = 100
[2026-04-12T06:18:20.519+0000] {subprocess.py:106} INFO - 	sasl.oauthbearer.jwks.endpoint.url = null
[2026-04-12T06:18:20.521+0000] {subprocess.py:106} INFO - 	sasl.oauthbearer.scope.claim.name = scope
[2026-04-12T06:18:20.521+0000] {subprocess.py:106} INFO - 	sasl.oauthbearer.sub.claim.name = sub
[2026-04-12T06:18:20.522+0000] {subprocess.py:106} INFO - 	sasl.oauthbearer.token.endpoint.url = null
[2026-04-12T06:18:20.522+0000] {subprocess.py:106} INFO - 	security.protocol = PLAINTEXT
[2026-04-12T06:18:20.523+0000] {subprocess.py:106} INFO - 	security.providers = null
[2026-04-12T06:18:20.523+0000] {subprocess.py:106} INFO - 	send.buffer.bytes = 131072
[2026-04-12T06:18:20.524+0000] {subprocess.py:106} INFO - 	session.timeout.ms = 45000
[2026-04-12T06:18:20.524+0000] {subprocess.py:106} INFO - 	socket.connection.setup.timeout.max.ms = 30000
[2026-04-12T06:18:20.524+0000] {subprocess.py:106} INFO - 	socket.connection.setup.timeout.ms = 10000
[2026-04-12T06:18:20.525+0000] {subprocess.py:106} INFO - 	ssl.cipher.suites = null
[2026-04-12T06:18:20.525+0000] {subprocess.py:106} INFO - 	ssl.enabled.protocols = [TLSv1.2, TLSv1.3]
[2026-04-12T06:18:20.525+0000] {subprocess.py:106} INFO - 	ssl.endpoint.identification.algorithm = https
[2026-04-12T06:18:20.526+0000] {subprocess.py:106} INFO - 	ssl.engine.factory.class = null
[2026-04-12T06:18:20.526+0000] {subprocess.py:106} INFO - 	ssl.key.password = null
[2026-04-12T06:18:20.528+0000] {subprocess.py:106} INFO - 	ssl.keymanager.algorithm = SunX509
[2026-04-12T06:18:20.529+0000] {subprocess.py:106} INFO - 	ssl.keystore.certificate.chain = null
[2026-04-12T06:18:20.530+0000] {subprocess.py:106} INFO - 	ssl.keystore.key = null
[2026-04-12T06:18:20.530+0000] {subprocess.py:106} INFO - 	ssl.keystore.location = null
[2026-04-12T06:18:20.530+0000] {subprocess.py:106} INFO - 	ssl.keystore.password = null
[2026-04-12T06:18:20.531+0000] {subprocess.py:106} INFO - 	ssl.keystore.type = JKS
[2026-04-12T06:18:20.531+0000] {subprocess.py:106} INFO - 	ssl.protocol = TLSv1.3
[2026-04-12T06:18:20.532+0000] {subprocess.py:106} INFO - 	ssl.provider = null
[2026-04-12T06:18:20.532+0000] {subprocess.py:106} INFO - 	ssl.secure.random.implementation = null
[2026-04-12T06:18:20.533+0000] {subprocess.py:106} INFO - 	ssl.trustmanager.algorithm = PKIX
[2026-04-12T06:18:20.533+0000] {subprocess.py:106} INFO - 	ssl.truststore.certificates = null
[2026-04-12T06:18:20.534+0000] {subprocess.py:106} INFO - 	ssl.truststore.location = null
[2026-04-12T06:18:20.534+0000] {subprocess.py:106} INFO - 	ssl.truststore.password = null
[2026-04-12T06:18:20.535+0000] {subprocess.py:106} INFO - 	ssl.truststore.type = JKS
[2026-04-12T06:18:20.535+0000] {subprocess.py:106} INFO - 	value.deserializer = class org.apache.kafka.common.serialization.ByteArrayDeserializer
[2026-04-12T06:18:20.536+0000] {subprocess.py:106} INFO - 
[2026-04-12T06:18:20.537+0000] {subprocess.py:106} INFO - 26/04/12 06:18:20 INFO ConsumerConfig: ConsumerConfig values:
[2026-04-12T06:18:20.537+0000] {subprocess.py:106} INFO - 	allow.auto.create.topics = true
[2026-04-12T06:18:20.538+0000] {subprocess.py:106} INFO - 	auto.commit.interval.ms = 5000
[2026-04-12T06:18:20.538+0000] {subprocess.py:106} INFO - 	auto.include.jmx.reporter = true
[2026-04-12T06:18:20.544+0000] {subprocess.py:106} INFO - 	auto.offset.reset = none
[2026-04-12T06:18:20.548+0000] {subprocess.py:106} INFO - 	bootstrap.servers = [kafka:9092]
[2026-04-12T06:18:20.549+0000] {subprocess.py:106} INFO - 	check.crcs = true
[2026-04-12T06:18:20.549+0000] {subprocess.py:106} INFO - 	client.dns.lookup = use_all_dns_ips
[2026-04-12T06:18:20.550+0000] {subprocess.py:106} INFO - 	client.id = consumer-spark-kafka-source-979b0fad-c3f5-47c4-b708-f769449d314b--983882313-executor-3
[2026-04-12T06:18:20.550+0000] {subprocess.py:106} INFO - 	client.rack =
[2026-04-12T06:18:20.552+0000] {subprocess.py:106} INFO - 	connections.max.idle.ms = 540000
[2026-04-12T06:18:20.552+0000] {subprocess.py:106} INFO - 	default.api.timeout.ms = 60000
[2026-04-12T06:18:20.553+0000] {subprocess.py:106} INFO - 	enable.auto.commit = false
[2026-04-12T06:18:20.554+0000] {subprocess.py:106} INFO - 	enable.metrics.push = true
[2026-04-12T06:18:20.554+0000] {subprocess.py:106} INFO - 	exclude.internal.topics = true
[2026-04-12T06:18:20.555+0000] {subprocess.py:106} INFO - 	fetch.max.bytes = 52428800
[2026-04-12T06:18:20.555+0000] {subprocess.py:106} INFO - 	fetch.max.wait.ms = 500
[2026-04-12T06:18:20.556+0000] {subprocess.py:106} INFO - 	fetch.min.bytes = 1
[2026-04-12T06:18:20.556+0000] {subprocess.py:106} INFO - 	group.id = spark-kafka-source-979b0fad-c3f5-47c4-b708-f769449d314b--983882313-executor
[2026-04-12T06:18:20.557+0000] {subprocess.py:106} INFO - 	group.instance.id = null
[2026-04-12T06:18:20.557+0000] {subprocess.py:106} INFO - 	group.protocol = classic
[2026-04-12T06:18:20.557+0000] {subprocess.py:106} INFO - 	group.remote.assignor = null
[2026-04-12T06:18:20.558+0000] {subprocess.py:106} INFO - 	heartbeat.interval.ms = 3000
[2026-04-12T06:18:20.558+0000] {subprocess.py:106} INFO - 	interceptor.classes = []
[2026-04-12T06:18:20.558+0000] {subprocess.py:106} INFO - 	internal.leave.group.on.close = true
[2026-04-12T06:18:20.559+0000] {subprocess.py:106} INFO - 	internal.throw.on.fetch.stable.offset.unsupported = false
[2026-04-12T06:18:20.559+0000] {subprocess.py:106} INFO - 	isolation.level = read_uncommitted
[2026-04-12T06:18:20.560+0000] {subprocess.py:106} INFO - 	key.deserializer = class org.apache.kafka.common.serialization.ByteArrayDeserializer
[2026-04-12T06:18:20.560+0000] {subprocess.py:106} INFO - 	max.partition.fetch.bytes = 1048576
[2026-04-12T06:18:20.560+0000] {subprocess.py:106} INFO - 	max.poll.interval.ms = 300000
[2026-04-12T06:18:20.561+0000] {subprocess.py:106} INFO - 	max.poll.records = 500
[2026-04-12T06:18:20.561+0000] {subprocess.py:106} INFO - 	metadata.max.age.ms = 300000
[2026-04-12T06:18:20.562+0000] {subprocess.py:106} INFO - 	metadata.recovery.strategy = none
[2026-04-12T06:18:20.562+0000] {subprocess.py:106} INFO - 	metric.reporters = []
[2026-04-12T06:18:20.563+0000] {subprocess.py:106} INFO - 	metrics.num.samples = 2
[2026-04-12T06:18:20.565+0000] {subprocess.py:106} INFO - 	metrics.recording.level = INFO
[2026-04-12T06:18:20.567+0000] {subprocess.py:106} INFO - 	metrics.sample.window.ms = 30000
[2026-04-12T06:18:20.567+0000] {subprocess.py:106} INFO - 	partition.assignment.strategy = [class org.apache.kafka.clients.consumer.RangeAssignor, class org.apache.kafka.clients.consumer.CooperativeStickyAssignor]
[2026-04-12T06:18:20.568+0000] {subprocess.py:106} INFO - 	receive.buffer.bytes = 65536
[2026-04-12T06:18:20.568+0000] {subprocess.py:106} INFO - 	reconnect.backoff.max.ms = 1000
[2026-04-12T06:18:20.569+0000] {subprocess.py:106} INFO - 	reconnect.backoff.ms = 50
[2026-04-12T06:18:20.569+0000] {subprocess.py:106} INFO - 	request.timeout.ms = 30000
[2026-04-12T06:18:20.570+0000] {subprocess.py:106} INFO - 	retry.backoff.max.ms = 1000
[2026-04-12T06:18:20.570+0000] {subprocess.py:106} INFO - 	retry.backoff.ms = 100
[2026-04-12T06:18:20.571+0000] {subprocess.py:106} INFO - 	sasl.client.callback.handler.class = null
[2026-04-12T06:18:20.571+0000] {subprocess.py:106} INFO - 	sasl.jaas.config = null
[2026-04-12T06:18:20.572+0000] {subprocess.py:106} INFO - 	sasl.kerberos.kinit.cmd = /usr/bin/kinit
[2026-04-12T06:18:20.572+0000] {subprocess.py:106} INFO - 	sasl.kerberos.min.time.before.relogin = 60000
[2026-04-12T06:18:20.572+0000] {subprocess.py:106} INFO - 	sasl.kerberos.service.name = null
[2026-04-12T06:18:20.573+0000] {subprocess.py:106} INFO - 	sasl.kerberos.ticket.renew.jitter = 0.05
[2026-04-12T06:18:20.573+0000] {subprocess.py:106} INFO - 	sasl.kerberos.ticket.renew.window.factor = 0.8
[2026-04-12T06:18:20.574+0000] {subprocess.py:106} INFO - 	sasl.login.callback.handler.class = null
[2026-04-12T06:18:20.574+0000] {subprocess.py:106} INFO - 	sasl.login.class = null
[2026-04-12T06:18:20.575+0000] {subprocess.py:106} INFO - 	sasl.login.connect.timeout.ms = null
[2026-04-12T06:18:20.575+0000] {subprocess.py:106} INFO - 	sasl.login.read.timeout.ms = null
[2026-04-12T06:18:20.575+0000] {subprocess.py:106} INFO - 	sasl.login.refresh.buffer.seconds = 300
[2026-04-12T06:18:20.576+0000] {subprocess.py:106} INFO - 	sasl.login.refresh.min.period.seconds = 60
[2026-04-12T06:18:20.576+0000] {subprocess.py:106} INFO - 	sasl.login.refresh.window.factor = 0.8
[2026-04-12T06:18:20.577+0000] {subprocess.py:106} INFO - 	sasl.login.refresh.window.jitter = 0.05
[2026-04-12T06:18:20.577+0000] {subprocess.py:106} INFO - 	sasl.login.retry.backoff.max.ms = 10000
[2026-04-12T06:18:20.577+0000] {subprocess.py:106} INFO - 	sasl.login.retry.backoff.ms = 100
[2026-04-12T06:18:20.578+0000] {subprocess.py:106} INFO - 	sasl.mechanism = GSSAPI
[2026-04-12T06:18:20.578+0000] {subprocess.py:106} INFO - 	sasl.oauthbearer.clock.skew.seconds = 30
[2026-04-12T06:18:20.578+0000] {subprocess.py:106} INFO - 	sasl.oauthbearer.expected.audience = null
[2026-04-12T06:18:20.579+0000] {subprocess.py:106} INFO - 	sasl.oauthbearer.expected.issuer = null
[2026-04-12T06:18:20.579+0000] {subprocess.py:106} INFO - 	sasl.oauthbearer.header.urlencode = false
[2026-04-12T06:18:20.580+0000] {subprocess.py:106} INFO - 	sasl.oauthbearer.jwks.endpoint.refresh.ms = 3600000
[2026-04-12T06:18:20.580+0000] {subprocess.py:106} INFO - 	sasl.oauthbearer.jwks.endpoint.retry.backoff.max.ms = 10000
[2026-04-12T06:18:20.580+0000] {subprocess.py:106} INFO - 	sasl.oauthbearer.jwks.endpoint.retry.backoff.ms = 100
[2026-04-12T06:18:20.581+0000] {subprocess.py:106} INFO - 	sasl.oauthbearer.jwks.endpoint.url = null
[2026-04-12T06:18:20.581+0000] {subprocess.py:106} INFO - 	sasl.oauthbearer.scope.claim.name = scope
[2026-04-12T06:18:20.582+0000] {subprocess.py:106} INFO - 	sasl.oauthbearer.sub.claim.name = sub
[2026-04-12T06:18:20.583+0000] {subprocess.py:106} INFO - 	sasl.oauthbearer.token.endpoint.url = null
[2026-04-12T06:18:20.583+0000] {subprocess.py:106} INFO - 	security.protocol = PLAINTEXT
[2026-04-12T06:18:20.584+0000] {subprocess.py:106} INFO - 	security.providers = null
[2026-04-12T06:18:20.584+0000] {subprocess.py:106} INFO - 	send.buffer.bytes = 131072
[2026-04-12T06:18:20.585+0000] {subprocess.py:106} INFO - 	session.timeout.ms = 45000
[2026-04-12T06:18:20.585+0000] {subprocess.py:106} INFO - 	socket.connection.setup.timeout.max.ms = 30000
[2026-04-12T06:18:20.586+0000] {subprocess.py:106} INFO - 	socket.connection.setup.timeout.ms = 10000
[2026-04-12T06:18:20.586+0000] {subprocess.py:106} INFO - 	ssl.cipher.suites = null
[2026-04-12T06:18:20.586+0000] {subprocess.py:106} INFO - 	ssl.enabled.protocols = [TLSv1.2, TLSv1.3]
[2026-04-12T06:18:20.587+0000] {subprocess.py:106} INFO - 	ssl.endpoint.identification.algorithm = https
[2026-04-12T06:18:20.587+0000] {subprocess.py:106} INFO - 	ssl.engine.factory.class = null
[2026-04-12T06:18:20.589+0000] {subprocess.py:106} INFO - 	ssl.key.password = null
[2026-04-12T06:18:20.596+0000] {subprocess.py:106} INFO - 	ssl.keymanager.algorithm = SunX509
[2026-04-12T06:18:20.596+0000] {subprocess.py:106} INFO - 	ssl.keystore.certificate.chain = null
[2026-04-12T06:18:20.597+0000] {subprocess.py:106} INFO - 	ssl.keystore.key = null
[2026-04-12T06:18:20.597+0000] {subprocess.py:106} INFO - 	ssl.keystore.location = null
[2026-04-12T06:18:20.598+0000] {subprocess.py:106} INFO - 	ssl.keystore.password = null
[2026-04-12T06:18:20.598+0000] {subprocess.py:106} INFO - 	ssl.keystore.type = JKS
[2026-04-12T06:18:20.599+0000] {subprocess.py:106} INFO - 	ssl.protocol = TLSv1.3
[2026-04-12T06:18:20.600+0000] {subprocess.py:106} INFO - 	ssl.provider = null
[2026-04-12T06:18:20.601+0000] {subprocess.py:106} INFO - 	ssl.secure.random.implementation = null
[2026-04-12T06:18:20.602+0000] {subprocess.py:106} INFO - 	ssl.trustmanager.algorithm = PKIX
[2026-04-12T06:18:20.602+0000] {subprocess.py:106} INFO - 	ssl.truststore.certificates = null
[2026-04-12T06:18:20.602+0000] {subprocess.py:106} INFO - 	ssl.truststore.location = null
[2026-04-12T06:18:20.603+0000] {subprocess.py:106} INFO - 	ssl.truststore.password = null
[2026-04-12T06:18:20.604+0000] {subprocess.py:106} INFO - 	ssl.truststore.type = JKS
[2026-04-12T06:18:20.604+0000] {subprocess.py:106} INFO - 	value.deserializer = class org.apache.kafka.common.serialization.ByteArrayDeserializer
[2026-04-12T06:18:20.606+0000] {subprocess.py:106} INFO - 
[2026-04-12T06:18:20.606+0000] {subprocess.py:106} INFO - 26/04/12 06:18:20 INFO ConsumerConfig: ConsumerConfig values:
[2026-04-12T06:18:20.607+0000] {subprocess.py:106} INFO - 	allow.auto.create.topics = true
[2026-04-12T06:18:20.608+0000] {subprocess.py:106} INFO - 	auto.commit.interval.ms = 5000
[2026-04-12T06:18:20.608+0000] {subprocess.py:106} INFO - 	auto.include.jmx.reporter = true
[2026-04-12T06:18:20.609+0000] {subprocess.py:106} INFO - 	auto.offset.reset = none
[2026-04-12T06:18:20.609+0000] {subprocess.py:106} INFO - 	bootstrap.servers = [kafka:9092]
[2026-04-12T06:18:20.610+0000] {subprocess.py:106} INFO - 	check.crcs = true
[2026-04-12T06:18:20.610+0000] {subprocess.py:106} INFO - 	client.dns.lookup = use_all_dns_ips
[2026-04-12T06:18:20.611+0000] {subprocess.py:106} INFO - 	client.id = consumer-spark-kafka-source-979b0fad-c3f5-47c4-b708-f769449d314b--983882313-executor-2
[2026-04-12T06:18:20.612+0000] {subprocess.py:106} INFO - 	client.rack =
[2026-04-12T06:18:20.613+0000] {subprocess.py:106} INFO - 	connections.max.idle.ms = 540000
[2026-04-12T06:18:20.613+0000] {subprocess.py:106} INFO - 	default.api.timeout.ms = 60000
[2026-04-12T06:18:20.614+0000] {subprocess.py:106} INFO - 	enable.auto.commit = false
[2026-04-12T06:18:20.614+0000] {subprocess.py:106} INFO - 	enable.metrics.push = true
[2026-04-12T06:18:20.616+0000] {subprocess.py:106} INFO - 	exclude.internal.topics = true
[2026-04-12T06:18:20.617+0000] {subprocess.py:106} INFO - 	fetch.max.bytes = 52428800
[2026-04-12T06:18:20.618+0000] {subprocess.py:106} INFO - 	fetch.max.wait.ms = 500
[2026-04-12T06:18:20.619+0000] {subprocess.py:106} INFO - 	fetch.min.bytes = 1
[2026-04-12T06:18:20.620+0000] {subprocess.py:106} INFO - 	group.id = spark-kafka-source-979b0fad-c3f5-47c4-b708-f769449d314b--983882313-executor
[2026-04-12T06:18:20.621+0000] {subprocess.py:106} INFO - 	group.instance.id = null
[2026-04-12T06:18:20.626+0000] {subprocess.py:106} INFO - 	group.protocol = classic
[2026-04-12T06:18:20.630+0000] {subprocess.py:106} INFO - 	group.remote.assignor = null
[2026-04-12T06:18:20.630+0000] {subprocess.py:106} INFO - 	heartbeat.interval.ms = 3000
[2026-04-12T06:18:20.631+0000] {subprocess.py:106} INFO - 	interceptor.classes = []
[2026-04-12T06:18:20.631+0000] {subprocess.py:106} INFO - 	internal.leave.group.on.close = true
[2026-04-12T06:18:20.636+0000] {subprocess.py:106} INFO - 	internal.throw.on.fetch.stable.offset.unsupported = false
[2026-04-12T06:18:20.636+0000] {subprocess.py:106} INFO - 	isolation.level = read_uncommitted
[2026-04-12T06:18:20.637+0000] {subprocess.py:106} INFO - 	key.deserializer = class org.apache.kafka.common.serialization.ByteArrayDeserializer
[2026-04-12T06:18:20.638+0000] {subprocess.py:106} INFO - 	max.partition.fetch.bytes = 1048576
[2026-04-12T06:18:20.638+0000] {subprocess.py:106} INFO - 	max.poll.interval.ms = 300000
[2026-04-12T06:18:20.639+0000] {subprocess.py:106} INFO - 	max.poll.records = 500
[2026-04-12T06:18:20.640+0000] {subprocess.py:106} INFO - 	metadata.max.age.ms = 300000
[2026-04-12T06:18:20.641+0000] {subprocess.py:106} INFO - 	metadata.recovery.strategy = none
[2026-04-12T06:18:20.643+0000] {subprocess.py:106} INFO - 	metric.reporters = []
[2026-04-12T06:18:20.643+0000] {subprocess.py:106} INFO - 	metrics.num.samples = 2
[2026-04-12T06:18:20.644+0000] {subprocess.py:106} INFO - 	metrics.recording.level = INFO
[2026-04-12T06:18:20.645+0000] {subprocess.py:106} INFO - 	metrics.sample.window.ms = 30000
[2026-04-12T06:18:20.646+0000] {subprocess.py:106} INFO - 	partition.assignment.strategy = [class org.apache.kafka.clients.consumer.RangeAssignor, class org.apache.kafka.clients.consumer.CooperativeStickyAssignor]
[2026-04-12T06:18:20.646+0000] {subprocess.py:106} INFO - 	receive.buffer.bytes = 65536
[2026-04-12T06:18:20.647+0000] {subprocess.py:106} INFO - 	reconnect.backoff.max.ms = 1000
[2026-04-12T06:18:20.647+0000] {subprocess.py:106} INFO - 	reconnect.backoff.ms = 50
[2026-04-12T06:18:20.648+0000] {subprocess.py:106} INFO - 	request.timeout.ms = 30000
[2026-04-12T06:18:20.648+0000] {subprocess.py:106} INFO - 	retry.backoff.max.ms = 1000
[2026-04-12T06:18:20.649+0000] {subprocess.py:106} INFO - 	retry.backoff.ms = 100
[2026-04-12T06:18:20.649+0000] {subprocess.py:106} INFO - 	sasl.client.callback.handler.class = null
[2026-04-12T06:18:20.650+0000] {subprocess.py:106} INFO - 	sasl.jaas.config = null
[2026-04-12T06:18:20.650+0000] {subprocess.py:106} INFO - 	sasl.kerberos.kinit.cmd = /usr/bin/kinit
[2026-04-12T06:18:20.650+0000] {subprocess.py:106} INFO - 	sasl.kerberos.min.time.before.relogin = 60000
[2026-04-12T06:18:20.651+0000] {subprocess.py:106} INFO - 	sasl.kerberos.service.name = null
[2026-04-12T06:18:20.651+0000] {subprocess.py:106} INFO - 	sasl.kerberos.ticket.renew.jitter = 0.05
[2026-04-12T06:18:20.652+0000] {subprocess.py:106} INFO - 	sasl.kerberos.ticket.renew.window.factor = 0.8
[2026-04-12T06:18:20.653+0000] {subprocess.py:106} INFO - 	sasl.login.callback.handler.class = null
[2026-04-12T06:18:20.653+0000] {subprocess.py:106} INFO - 	sasl.login.class = null
[2026-04-12T06:18:20.654+0000] {subprocess.py:106} INFO - 	sasl.login.connect.timeout.ms = null
[2026-04-12T06:18:20.654+0000] {subprocess.py:106} INFO - 	sasl.login.read.timeout.ms = null
[2026-04-12T06:18:20.655+0000] {subprocess.py:106} INFO - 	sasl.login.refresh.buffer.seconds = 300
[2026-04-12T06:18:20.655+0000] {subprocess.py:106} INFO - 	sasl.login.refresh.min.period.seconds = 60
[2026-04-12T06:18:20.656+0000] {subprocess.py:106} INFO - 	sasl.login.refresh.window.factor = 0.8
[2026-04-12T06:18:20.656+0000] {subprocess.py:106} INFO - 	sasl.login.refresh.window.jitter = 0.05
[2026-04-12T06:18:20.657+0000] {subprocess.py:106} INFO - 	sasl.login.retry.backoff.max.ms = 10000
[2026-04-12T06:18:20.657+0000] {subprocess.py:106} INFO - 	sasl.login.retry.backoff.ms = 100
[2026-04-12T06:18:20.657+0000] {subprocess.py:106} INFO - 	sasl.mechanism = GSSAPI
[2026-04-12T06:18:20.658+0000] {subprocess.py:106} INFO - 	sasl.oauthbearer.clock.skew.seconds = 30
[2026-04-12T06:18:20.658+0000] {subprocess.py:106} INFO - 	sasl.oauthbearer.expected.audience = null
[2026-04-12T06:18:20.659+0000] {subprocess.py:106} INFO - 	sasl.oauthbearer.expected.issuer = null
[2026-04-12T06:18:20.659+0000] {subprocess.py:106} INFO - 	sasl.oauthbearer.header.urlencode = false
[2026-04-12T06:18:20.660+0000] {subprocess.py:106} INFO - 	sasl.oauthbearer.jwks.endpoint.refresh.ms = 3600000
[2026-04-12T06:18:20.661+0000] {subprocess.py:106} INFO - 	sasl.oauthbearer.jwks.endpoint.retry.backoff.max.ms = 10000
[2026-04-12T06:18:20.661+0000] {subprocess.py:106} INFO - 	sasl.oauthbearer.jwks.endpoint.retry.backoff.ms = 100
[2026-04-12T06:18:20.662+0000] {subprocess.py:106} INFO - 	sasl.oauthbearer.jwks.endpoint.url = null
[2026-04-12T06:18:20.662+0000] {subprocess.py:106} INFO - 	sasl.oauthbearer.scope.claim.name = scope
[2026-04-12T06:18:20.662+0000] {subprocess.py:106} INFO - 	sasl.oauthbearer.sub.claim.name = sub
[2026-04-12T06:18:20.663+0000] {subprocess.py:106} INFO - 	sasl.oauthbearer.token.endpoint.url = null
[2026-04-12T06:18:20.664+0000] {subprocess.py:106} INFO - 	security.protocol = PLAINTEXT
[2026-04-12T06:18:20.664+0000] {subprocess.py:106} INFO - 	security.providers = null
[2026-04-12T06:18:20.665+0000] {subprocess.py:106} INFO - 	send.buffer.bytes = 131072
[2026-04-12T06:18:20.665+0000] {subprocess.py:106} INFO - 	session.timeout.ms = 45000
[2026-04-12T06:18:20.666+0000] {subprocess.py:106} INFO - 	socket.connection.setup.timeout.max.ms = 30000
[2026-04-12T06:18:20.667+0000] {subprocess.py:106} INFO - 	socket.connection.setup.timeout.ms = 10000
[2026-04-12T06:18:20.667+0000] {subprocess.py:106} INFO - 	ssl.cipher.suites = null
[2026-04-12T06:18:20.669+0000] {subprocess.py:106} INFO - 	ssl.enabled.protocols = [TLSv1.2, TLSv1.3]
[2026-04-12T06:18:20.669+0000] {subprocess.py:106} INFO - 	ssl.endpoint.identification.algorithm = https
[2026-04-12T06:18:20.670+0000] {subprocess.py:106} INFO - 	ssl.engine.factory.class = null
[2026-04-12T06:18:20.670+0000] {subprocess.py:106} INFO - 	ssl.key.password = null
[2026-04-12T06:18:20.671+0000] {subprocess.py:106} INFO - 	ssl.keymanager.algorithm = SunX509
[2026-04-12T06:18:20.672+0000] {subprocess.py:106} INFO - 	ssl.keystore.certificate.chain = null
[2026-04-12T06:18:20.673+0000] {subprocess.py:106} INFO - 	ssl.keystore.key = null
[2026-04-12T06:18:20.674+0000] {subprocess.py:106} INFO - 	ssl.keystore.location = null
[2026-04-12T06:18:20.676+0000] {subprocess.py:106} INFO - 	ssl.keystore.password = null
[2026-04-12T06:18:20.677+0000] {subprocess.py:106} INFO - 	ssl.keystore.type = JKS
[2026-04-12T06:18:20.678+0000] {subprocess.py:106} INFO - 	ssl.protocol = TLSv1.3
[2026-04-12T06:18:20.683+0000] {subprocess.py:106} INFO - 	ssl.provider = null
[2026-04-12T06:18:20.683+0000] {subprocess.py:106} INFO - 	ssl.secure.random.implementation = null
[2026-04-12T06:18:20.684+0000] {subprocess.py:106} INFO - 	ssl.trustmanager.algorithm = PKIX
[2026-04-12T06:18:20.685+0000] {subprocess.py:106} INFO - 	ssl.truststore.certificates = null
[2026-04-12T06:18:20.685+0000] {subprocess.py:106} INFO - 	ssl.truststore.location = null
[2026-04-12T06:18:20.686+0000] {subprocess.py:106} INFO - 	ssl.truststore.password = null
[2026-04-12T06:18:20.686+0000] {subprocess.py:106} INFO - 	ssl.truststore.type = JKS
[2026-04-12T06:18:20.687+0000] {subprocess.py:106} INFO - 	value.deserializer = class org.apache.kafka.common.serialization.ByteArrayDeserializer
[2026-04-12T06:18:20.687+0000] {subprocess.py:106} INFO - 
[2026-04-12T06:18:20.688+0000] {subprocess.py:106} INFO - 26/04/12 06:18:20 INFO KafkaMetricsCollector: initializing Kafka metrics collector
[2026-04-12T06:18:20.689+0000] {subprocess.py:106} INFO - 26/04/12 06:18:20 INFO KafkaMetricsCollector: initializing Kafka metrics collector
[2026-04-12T06:18:20.689+0000] {subprocess.py:106} INFO - 26/04/12 06:18:20 INFO KafkaMetricsCollector: initializing Kafka metrics collector
[2026-04-12T06:18:20.818+0000] {subprocess.py:106} INFO - 26/04/12 06:18:20 INFO AppInfoParser: Kafka version: 3.9.0
[2026-04-12T06:18:20.820+0000] {subprocess.py:106} INFO - 26/04/12 06:18:20 INFO AppInfoParser: Kafka commitId: 84caaa6e9da06435
[2026-04-12T06:18:20.822+0000] {subprocess.py:106} INFO - 26/04/12 06:18:20 INFO AppInfoParser: Kafka startTimeMs: 1775974700810
[2026-04-12T06:18:20.827+0000] {subprocess.py:106} INFO - 26/04/12 06:18:20 INFO AppInfoParser: Kafka version: 3.9.0
[2026-04-12T06:18:20.830+0000] {subprocess.py:106} INFO - 26/04/12 06:18:20 INFO AppInfoParser: Kafka commitId: 84caaa6e9da06435
[2026-04-12T06:18:20.832+0000] {subprocess.py:106} INFO - 26/04/12 06:18:20 INFO AppInfoParser: Kafka startTimeMs: 1775974700810
[2026-04-12T06:18:20.832+0000] {subprocess.py:106} INFO - 26/04/12 06:18:20 INFO AppInfoParser: Kafka version: 3.9.0
[2026-04-12T06:18:20.833+0000] {subprocess.py:106} INFO - 26/04/12 06:18:20 INFO AppInfoParser: Kafka commitId: 84caaa6e9da06435
[2026-04-12T06:18:20.834+0000] {subprocess.py:106} INFO - 26/04/12 06:18:20 INFO AppInfoParser: Kafka startTimeMs: 1775974700811
[2026-04-12T06:18:20.834+0000] {subprocess.py:106} INFO - 26/04/12 06:18:20 INFO ClassicKafkaConsumer: [Consumer clientId=consumer-spark-kafka-source-979b0fad-c3f5-47c4-b708-f769449d314b--983882313-executor-2, groupId=spark-kafka-source-979b0fad-c3f5-47c4-b708-f769449d314b--983882313-executor] Assigned to partition(s): weather-topic-1
[2026-04-12T06:18:20.835+0000] {subprocess.py:106} INFO - 26/04/12 06:18:20 INFO ClassicKafkaConsumer: [Consumer clientId=consumer-spark-kafka-source-979b0fad-c3f5-47c4-b708-f769449d314b--983882313-executor-1, groupId=spark-kafka-source-979b0fad-c3f5-47c4-b708-f769449d314b--983882313-executor] Assigned to partition(s): weather-topic-2
[2026-04-12T06:18:20.836+0000] {subprocess.py:106} INFO - 26/04/12 06:18:20 INFO ClassicKafkaConsumer: [Consumer clientId=consumer-spark-kafka-source-979b0fad-c3f5-47c4-b708-f769449d314b--983882313-executor-3, groupId=spark-kafka-source-979b0fad-c3f5-47c4-b708-f769449d314b--983882313-executor] Assigned to partition(s): weather-topic-0
[2026-04-12T06:18:20.859+0000] {subprocess.py:106} INFO - 26/04/12 06:18:20 INFO ClassicKafkaConsumer: [Consumer clientId=consumer-spark-kafka-source-979b0fad-c3f5-47c4-b708-f769449d314b--983882313-executor-1, groupId=spark-kafka-source-979b0fad-c3f5-47c4-b708-f769449d314b--983882313-executor] Seeking to offset 84 for partition weather-topic-2
[2026-04-12T06:18:20.861+0000] {subprocess.py:106} INFO - 26/04/12 06:18:20 INFO ClassicKafkaConsumer: [Consumer clientId=consumer-spark-kafka-source-979b0fad-c3f5-47c4-b708-f769449d314b--983882313-executor-3, groupId=spark-kafka-source-979b0fad-c3f5-47c4-b708-f769449d314b--983882313-executor] Seeking to offset 79 for partition weather-topic-0
[2026-04-12T06:18:20.862+0000] {subprocess.py:106} INFO - 26/04/12 06:18:20 INFO ClassicKafkaConsumer: [Consumer clientId=consumer-spark-kafka-source-979b0fad-c3f5-47c4-b708-f769449d314b--983882313-executor-2, groupId=spark-kafka-source-979b0fad-c3f5-47c4-b708-f769449d314b--983882313-executor] Seeking to offset 97 for partition weather-topic-1
[2026-04-12T06:18:21.477+0000] {subprocess.py:106} INFO - 26/04/12 06:18:21 INFO Metadata: [Consumer clientId=consumer-spark-kafka-source-979b0fad-c3f5-47c4-b708-f769449d314b--983882313-executor-2, groupId=spark-kafka-source-979b0fad-c3f5-47c4-b708-f769449d314b--983882313-executor] Cluster ID: kkX-ljWLTPS7MNugi1CRGg
[2026-04-12T06:18:21.478+0000] {subprocess.py:106} INFO - 26/04/12 06:18:21 INFO Metadata: [Consumer clientId=consumer-spark-kafka-source-979b0fad-c3f5-47c4-b708-f769449d314b--983882313-executor-3, groupId=spark-kafka-source-979b0fad-c3f5-47c4-b708-f769449d314b--983882313-executor] Cluster ID: kkX-ljWLTPS7MNugi1CRGg
[2026-04-12T06:18:21.478+0000] {subprocess.py:106} INFO - 26/04/12 06:18:21 INFO Metadata: [Consumer clientId=consumer-spark-kafka-source-979b0fad-c3f5-47c4-b708-f769449d314b--983882313-executor-1, groupId=spark-kafka-source-979b0fad-c3f5-47c4-b708-f769449d314b--983882313-executor] Cluster ID: kkX-ljWLTPS7MNugi1CRGg
[2026-04-12T06:18:21.552+0000] {subprocess.py:106} INFO - 26/04/12 06:18:21 INFO SubscriptionState: [Consumer clientId=consumer-spark-kafka-source-979b0fad-c3f5-47c4-b708-f769449d314b--983882313-executor-1, groupId=spark-kafka-source-979b0fad-c3f5-47c4-b708-f769449d314b--983882313-executor] Seeking to earliest offset of partition weather-topic-2
[2026-04-12T06:18:21.553+0000] {subprocess.py:106} INFO - 26/04/12 06:18:21 INFO SubscriptionState: [Consumer clientId=consumer-spark-kafka-source-979b0fad-c3f5-47c4-b708-f769449d314b--983882313-executor-3, groupId=spark-kafka-source-979b0fad-c3f5-47c4-b708-f769449d314b--983882313-executor] Seeking to earliest offset of partition weather-topic-0
[2026-04-12T06:18:21.553+0000] {subprocess.py:106} INFO - 26/04/12 06:18:21 INFO SubscriptionState: [Consumer clientId=consumer-spark-kafka-source-979b0fad-c3f5-47c4-b708-f769449d314b--983882313-executor-2, groupId=spark-kafka-source-979b0fad-c3f5-47c4-b708-f769449d314b--983882313-executor] Seeking to earliest offset of partition weather-topic-1
[2026-04-12T06:18:22.054+0000] {subprocess.py:106} INFO - 26/04/12 06:18:22 INFO SubscriptionState: [Consumer clientId=consumer-spark-kafka-source-979b0fad-c3f5-47c4-b708-f769449d314b--983882313-executor-3, groupId=spark-kafka-source-979b0fad-c3f5-47c4-b708-f769449d314b--983882313-executor] Resetting offset for partition weather-topic-0 to position FetchPosition{offset=0, offsetEpoch=Optional.empty, currentLeader=LeaderAndEpoch{leader=Optional[kafka:9092 (id: 1 rack: null)], epoch=0}}.
[2026-04-12T06:18:22.055+0000] {subprocess.py:106} INFO - 26/04/12 06:18:22 INFO SubscriptionState: [Consumer clientId=consumer-spark-kafka-source-979b0fad-c3f5-47c4-b708-f769449d314b--983882313-executor-2, groupId=spark-kafka-source-979b0fad-c3f5-47c4-b708-f769449d314b--983882313-executor] Resetting offset for partition weather-topic-1 to position FetchPosition{offset=0, offsetEpoch=Optional.empty, currentLeader=LeaderAndEpoch{leader=Optional[kafka:9092 (id: 1 rack: null)], epoch=0}}.
[2026-04-12T06:18:22.055+0000] {subprocess.py:106} INFO - 26/04/12 06:18:22 INFO SubscriptionState: [Consumer clientId=consumer-spark-kafka-source-979b0fad-c3f5-47c4-b708-f769449d314b--983882313-executor-1, groupId=spark-kafka-source-979b0fad-c3f5-47c4-b708-f769449d314b--983882313-executor] Resetting offset for partition weather-topic-2 to position FetchPosition{offset=0, offsetEpoch=Optional.empty, currentLeader=LeaderAndEpoch{leader=Optional[kafka:9092 (id: 1 rack: null)], epoch=0}}.
[2026-04-12T06:18:22.056+0000] {subprocess.py:106} INFO - 26/04/12 06:18:22 INFO SubscriptionState: [Consumer clientId=consumer-spark-kafka-source-979b0fad-c3f5-47c4-b708-f769449d314b--983882313-executor-3, groupId=spark-kafka-source-979b0fad-c3f5-47c4-b708-f769449d314b--983882313-executor] Seeking to latest offset of partition weather-topic-0
[2026-04-12T06:18:22.056+0000] {subprocess.py:106} INFO - 26/04/12 06:18:22 INFO SubscriptionState: [Consumer clientId=consumer-spark-kafka-source-979b0fad-c3f5-47c4-b708-f769449d314b--983882313-executor-2, groupId=spark-kafka-source-979b0fad-c3f5-47c4-b708-f769449d314b--983882313-executor] Seeking to latest offset of partition weather-topic-1
[2026-04-12T06:18:22.057+0000] {subprocess.py:106} INFO - 26/04/12 06:18:22 INFO SubscriptionState: [Consumer clientId=consumer-spark-kafka-source-979b0fad-c3f5-47c4-b708-f769449d314b--983882313-executor-1, groupId=spark-kafka-source-979b0fad-c3f5-47c4-b708-f769449d314b--983882313-executor] Seeking to latest offset of partition weather-topic-2
[2026-04-12T06:18:22.057+0000] {subprocess.py:106} INFO - 26/04/12 06:18:22 INFO SubscriptionState: [Consumer clientId=consumer-spark-kafka-source-979b0fad-c3f5-47c4-b708-f769449d314b--983882313-executor-3, groupId=spark-kafka-source-979b0fad-c3f5-47c4-b708-f769449d314b--983882313-executor] Resetting offset for partition weather-topic-0 to position FetchPosition{offset=120, offsetEpoch=Optional.empty, currentLeader=LeaderAndEpoch{leader=Optional[kafka:9092 (id: 1 rack: null)], epoch=0}}.
[2026-04-12T06:18:22.058+0000] {subprocess.py:106} INFO - 26/04/12 06:18:22 INFO SubscriptionState: [Consumer clientId=consumer-spark-kafka-source-979b0fad-c3f5-47c4-b708-f769449d314b--983882313-executor-1, groupId=spark-kafka-source-979b0fad-c3f5-47c4-b708-f769449d314b--983882313-executor] Resetting offset for partition weather-topic-2 to position FetchPosition{offset=114, offsetEpoch=Optional.empty, currentLeader=LeaderAndEpoch{leader=Optional[kafka:9092 (id: 1 rack: null)], epoch=0}}.
[2026-04-12T06:18:22.059+0000] {subprocess.py:106} INFO - 26/04/12 06:18:22 INFO SubscriptionState: [Consumer clientId=consumer-spark-kafka-source-979b0fad-c3f5-47c4-b708-f769449d314b--983882313-executor-2, groupId=spark-kafka-source-979b0fad-c3f5-47c4-b708-f769449d314b--983882313-executor] Resetting offset for partition weather-topic-1 to position FetchPosition{offset=126, offsetEpoch=Optional.empty, currentLeader=LeaderAndEpoch{leader=Optional[kafka:9092 (id: 1 rack: null)], epoch=0}}.
[2026-04-12T06:18:22.307+0000] {subprocess.py:106} INFO - 26/04/12 06:18:22 INFO KafkaDataConsumer: From Kafka topicPartition=weather-topic-1 groupId=spark-kafka-source-979b0fad-c3f5-47c4-b708-f769449d314b--983882313-executor read 23 records through 1 polls (polled out 29 records), taking 1199.709758 ms, during time span of 1450.2273 ms.
[2026-04-12T06:18:22.307+0000] {subprocess.py:106} INFO - 26/04/12 06:18:22 INFO KafkaDataConsumer: From Kafka topicPartition=weather-topic-0 groupId=spark-kafka-source-979b0fad-c3f5-47c4-b708-f769449d314b--983882313-executor read 20 records through 1 polls (polled out 41 records), taking 1199.572348 ms, during time span of 1455.499621 ms.
[2026-04-12T06:18:22.308+0000] {subprocess.py:106} INFO - 26/04/12 06:18:22 INFO KafkaDataConsumer: From Kafka topicPartition=weather-topic-2 groupId=spark-kafka-source-979b0fad-c3f5-47c4-b708-f769449d314b--983882313-executor read 17 records through 1 polls (polled out 30 records), taking 1199.632409 ms, during time span of 1453.528603 ms.
[2026-04-12T06:18:22.336+0000] {subprocess.py:106} INFO - 26/04/12 06:18:22 INFO Executor: Finished task 2.0 in stage 0.0 (TID 2). 2382 bytes result sent to driver
[2026-04-12T06:18:22.338+0000] {subprocess.py:106} INFO - 26/04/12 06:18:22 INFO Executor: Finished task 0.0 in stage 0.0 (TID 0). 2382 bytes result sent to driver
[2026-04-12T06:18:22.339+0000] {subprocess.py:106} INFO - 26/04/12 06:18:22 INFO Executor: Finished task 1.0 in stage 0.0 (TID 1). 2382 bytes result sent to driver
[2026-04-12T06:18:22.361+0000] {subprocess.py:106} INFO - 26/04/12 06:18:22 INFO TaskSetManager: Finished task 2.0 in stage 0.0 (TID 2) in 2666 ms on spark-master (executor driver) (1/3)
[2026-04-12T06:18:22.362+0000] {subprocess.py:106} INFO - 26/04/12 06:18:22 INFO TaskSetManager: Finished task 1.0 in stage 0.0 (TID 1) in 2675 ms on spark-master (executor driver) (2/3)
[2026-04-12T06:18:22.362+0000] {subprocess.py:106} INFO - 26/04/12 06:18:22 INFO TaskSetManager: Finished task 0.0 in stage 0.0 (TID 0) in 2718 ms on spark-master (executor driver) (3/3)
[2026-04-12T06:18:22.363+0000] {subprocess.py:106} INFO - 26/04/12 06:18:22 INFO TaskSchedulerImpl: Removed TaskSet 0.0 whose tasks have all completed, from pool
[2026-04-12T06:18:22.374+0000] {subprocess.py:106} INFO - 26/04/12 06:18:22 INFO DAGScheduler: ShuffleMapStage 0 (start at NativeMethodAccessorImpl.java:0) finished in 3044 ms
[2026-04-12T06:18:22.378+0000] {subprocess.py:106} INFO - 26/04/12 06:18:22 INFO DAGScheduler: looking for newly runnable stages
[2026-04-12T06:18:22.379+0000] {subprocess.py:106} INFO - 26/04/12 06:18:22 INFO DAGScheduler: running: HashSet()
[2026-04-12T06:18:22.383+0000] {subprocess.py:106} INFO - 26/04/12 06:18:22 INFO DAGScheduler: waiting: HashSet(ResultStage 1)
[2026-04-12T06:18:22.386+0000] {subprocess.py:106} INFO - 26/04/12 06:18:22 INFO DAGScheduler: failed: HashSet()
[2026-04-12T06:18:22.386+0000] {subprocess.py:106} INFO - 26/04/12 06:18:22 INFO DAGScheduler: Submitting ResultStage 1 (MapPartitionsRDD[9] at start at NativeMethodAccessorImpl.java:0), which has no missing parents
[2026-04-12T06:18:22.418+0000] {subprocess.py:106} INFO - 26/04/12 06:18:22 INFO MemoryStore: Block broadcast_1 stored as values in memory (estimated size 13.6 KiB, free 1048.7 MiB)
[2026-04-12T06:18:22.422+0000] {subprocess.py:106} INFO - 26/04/12 06:18:22 INFO MemoryStore: Block broadcast_1_piece0 stored as bytes in memory (estimated size 6.5 KiB, free 1048.7 MiB)
[2026-04-12T06:18:22.425+0000] {subprocess.py:106} INFO - 26/04/12 06:18:22 INFO SparkContext: Created broadcast 1 from broadcast at DAGScheduler.scala:1676
[2026-04-12T06:18:22.431+0000] {subprocess.py:106} INFO - 26/04/12 06:18:22 INFO DAGScheduler: Submitting 1 missing tasks from ResultStage 1 (MapPartitionsRDD[9] at start at NativeMethodAccessorImpl.java:0) (first 15 tasks are for partitions Vector(0))
[2026-04-12T06:18:22.432+0000] {subprocess.py:106} INFO - 26/04/12 06:18:22 INFO TaskSchedulerImpl: Adding task set 1.0 with 1 tasks resource profile 0
[2026-04-12T06:18:22.441+0000] {subprocess.py:106} INFO - 26/04/12 06:18:22 INFO TaskSetManager: Starting task 0.0 in stage 1.0 (TID 3) (spark-master,executor driver, partition 0, NODE_LOCAL, 12446 bytes)
[2026-04-12T06:18:22.441+0000] {subprocess.py:106} INFO - 26/04/12 06:18:22 INFO Executor: Running task 0.0 in stage 1.0 (TID 3)
[2026-04-12T06:18:22.525+0000] {subprocess.py:106} INFO - 26/04/12 06:18:22 INFO ShuffleBlockFetcherIterator: Getting 3 (180.0 B) non-empty blocks including 3 (180.0 B) local and 0 (0.0 B) host-local and 0 (0.0 B) push-merged-local and 0 (0.0 B) remote blocks
[2026-04-12T06:18:22.530+0000] {subprocess.py:106} INFO - 26/04/12 06:18:22 INFO ShuffleBlockFetcherIterator: Started 0 remote fetches in 31 ms
[2026-04-12T06:18:22.555+0000] {subprocess.py:106} INFO - 26/04/12 06:18:22 INFO CodeGenerator: Code generated in 17.911735 ms
[2026-04-12T06:18:22.571+0000] {subprocess.py:106} INFO - 26/04/12 06:18:22 INFO Executor: Finished task 0.0 in stage 1.0 (TID 3). 3938 bytes result sent to driver
[2026-04-12T06:18:22.577+0000] {subprocess.py:106} INFO - 26/04/12 06:18:22 INFO TaskSetManager: Finished task 0.0 in stage 1.0 (TID 3) in 140 ms on spark-master (executor driver) (1/1)
[2026-04-12T06:18:22.578+0000] {subprocess.py:106} INFO - 26/04/12 06:18:22 INFO TaskSchedulerImpl: Removed TaskSet 1.0 whose tasks have all completed, from pool
[2026-04-12T06:18:22.579+0000] {subprocess.py:106} INFO - 26/04/12 06:18:22 INFO DAGScheduler: ResultStage 1 (start at NativeMethodAccessorImpl.java:0) finished in 173 ms
[2026-04-12T06:18:22.582+0000] {subprocess.py:106} INFO - 26/04/12 06:18:22 INFO DAGScheduler: Job 0 is finished. Cancelling potential speculative or zombie tasks for this job
[2026-04-12T06:18:22.583+0000] {subprocess.py:106} INFO - 26/04/12 06:18:22 INFO TaskSchedulerImpl: Canceling stage 1
[2026-04-12T06:18:22.584+0000] {subprocess.py:106} INFO - 26/04/12 06:18:22 INFO TaskSchedulerImpl: Killing all running tasks in stage 1: Stage finished
[2026-04-12T06:18:22.590+0000] {subprocess.py:106} INFO - 26/04/12 06:18:22 INFO DAGScheduler: Job 0 finished: start at NativeMethodAccessorImpl.java:0, took 3358.46437 ms
[2026-04-12T06:18:22.840+0000] {subprocess.py:106} INFO - 26/04/12 06:18:22 INFO ParquetUtils: Using default output committer for Parquet: org.apache.parquet.hadoop.ParquetOutputCommitter
[2026-04-12T06:18:22.873+0000] {subprocess.py:106} INFO - 26/04/12 06:18:22 INFO FileOutputCommitter: File Output Committer Algorithm version is 1
[2026-04-12T06:18:22.874+0000] {subprocess.py:106} INFO - 26/04/12 06:18:22 INFO FileOutputCommitter: FileOutputCommitter skip cleanup _temporary folders under output directory:false, ignore cleanup failures: false
[2026-04-12T06:18:22.874+0000] {subprocess.py:106} INFO - 26/04/12 06:18:22 INFO SQLHadoopMapReduceCommitProtocol: Using user defined output committer class org.apache.parquet.hadoop.ParquetOutputCommitter
[2026-04-12T06:18:22.875+0000] {subprocess.py:106} INFO - 26/04/12 06:18:22 INFO FileOutputCommitter: File Output Committer Algorithm version is 1
[2026-04-12T06:18:22.875+0000] {subprocess.py:106} INFO - 26/04/12 06:18:22 INFO FileOutputCommitter: FileOutputCommitter skip cleanup _temporary folders under output directory:false, ignore cleanup failures: false
[2026-04-12T06:18:22.877+0000] {subprocess.py:106} INFO - 26/04/12 06:18:22 INFO SQLHadoopMapReduceCommitProtocol: Using output committer class org.apache.parquet.hadoop.ParquetOutputCommitter
[2026-04-12T06:18:22.923+0000] {subprocess.py:106} INFO - 26/04/12 06:18:22 INFO CodeGenerator: Code generated in 30.299099 ms
[2026-04-12T06:18:22.948+0000] {subprocess.py:106} INFO - 26/04/12 06:18:22 INFO SparkContext: Starting job: start at NativeMethodAccessorImpl.java:0
[2026-04-12T06:18:22.951+0000] {subprocess.py:106} INFO - 26/04/12 06:18:22 INFO DAGScheduler: Got job 1 (start at NativeMethodAccessorImpl.java:0) with 3 output partitions
[2026-04-12T06:18:22.951+0000] {subprocess.py:106} INFO - 26/04/12 06:18:22 INFO DAGScheduler: Final stage: ResultStage 2 (start at NativeMethodAccessorImpl.java:0)
[2026-04-12T06:18:22.952+0000] {subprocess.py:106} INFO - 26/04/12 06:18:22 INFO DAGScheduler: Parents of final stage: List()
[2026-04-12T06:18:22.955+0000] {subprocess.py:106} INFO - 26/04/12 06:18:22 INFO DAGScheduler: Missing parents: List()
[2026-04-12T06:18:22.957+0000] {subprocess.py:106} INFO - 26/04/12 06:18:22 INFO DAGScheduler: Submitting ResultStage 2 (MapPartitionsRDD[16] at start at NativeMethodAccessorImpl.java:0), which has no missing parents
[2026-04-12T06:18:23.027+0000] {subprocess.py:106} INFO - 26/04/12 06:18:23 INFO MemoryStore: Block broadcast_2 stored as values in memory (estimated size 298.8 KiB, free 1048.4 MiB)
[2026-04-12T06:18:23.030+0000] {subprocess.py:106} INFO - 26/04/12 06:18:23 INFO MemoryStore: Block broadcast_2_piece0 stored as bytes in memory (estimated size 105.7 KiB, free 1048.3 MiB)
[2026-04-12T06:18:23.031+0000] {subprocess.py:106} INFO - 26/04/12 06:18:23 INFO SparkContext: Created broadcast 2 from broadcast at DAGScheduler.scala:1676
[2026-04-12T06:18:23.032+0000] {subprocess.py:106} INFO - 26/04/12 06:18:23 INFO DAGScheduler: Submitting 3 missing tasks from ResultStage 2 (MapPartitionsRDD[16] at start at NativeMethodAccessorImpl.java:0) (first 15 tasks are for partitions Vector(0, 1, 2))
[2026-04-12T06:18:23.033+0000] {subprocess.py:106} INFO - 26/04/12 06:18:23 INFO TaskSchedulerImpl: Adding task set 2.0 with 3 tasks resource profile 0
[2026-04-12T06:18:23.036+0000] {subprocess.py:106} INFO - 26/04/12 06:18:23 INFO TaskSetManager: Starting task 0.0 in stage 2.0 (TID 4) (spark-master,executor driver, partition 0, PROCESS_LOCAL, 13503 bytes)
[2026-04-12T06:18:23.037+0000] {subprocess.py:106} INFO - 26/04/12 06:18:23 INFO TaskSetManager: Starting task 1.0 in stage 2.0 (TID 5) (spark-master,executor driver, partition 1, PROCESS_LOCAL, 13503 bytes)
[2026-04-12T06:18:23.038+0000] {subprocess.py:106} INFO - 26/04/12 06:18:23 INFO TaskSetManager: Starting task 2.0 in stage 2.0 (TID 6) (spark-master,executor driver, partition 2, PROCESS_LOCAL, 13503 bytes)
[2026-04-12T06:18:23.039+0000] {subprocess.py:106} INFO - 26/04/12 06:18:23 INFO Executor: Running task 0.0 in stage 2.0 (TID 4)
[2026-04-12T06:18:23.040+0000] {subprocess.py:106} INFO - 26/04/12 06:18:23 INFO Executor: Running task 2.0 in stage 2.0 (TID 6)
[2026-04-12T06:18:23.041+0000] {subprocess.py:106} INFO - 26/04/12 06:18:23 INFO Executor: Running task 1.0 in stage 2.0 (TID 5)
[2026-04-12T06:18:23.267+0000] {subprocess.py:106} INFO - 26/04/12 06:18:23 INFO CodeGenerator: Code generated in 32.978581 ms
[2026-04-12T06:18:23.275+0000] {subprocess.py:106} INFO - 26/04/12 06:18:23 INFO KafkaBatchReaderFactory: Creating Kafka reader topicPartition=weather-topic-2 fromOffset=84} untilOffset=101, for query queryId=97df26eb-363e-4a9d-81a0-5bee41c3e2e1 batchId=5 taskId=6 partitionId=2
[2026-04-12T06:18:23.279+0000] {subprocess.py:106} INFO - 26/04/12 06:18:23 INFO KafkaBatchReaderFactory: Creating Kafka reader topicPartition=weather-topic-0 fromOffset=79} untilOffset=99, for query queryId=97df26eb-363e-4a9d-81a0-5bee41c3e2e1 batchId=5 taskId=4 partitionId=0
[2026-04-12T06:18:23.280+0000] {subprocess.py:106} INFO - 26/04/12 06:18:23 INFO KafkaBatchReaderFactory: Creating Kafka reader topicPartition=weather-topic-1 fromOffset=97} untilOffset=120, for query queryId=97df26eb-363e-4a9d-81a0-5bee41c3e2e1 batchId=5 taskId=5 partitionId=1
[2026-04-12T06:18:23.288+0000] {subprocess.py:106} INFO - 26/04/12 06:18:23 INFO ClassicKafkaConsumer: [Consumer clientId=consumer-spark-kafka-source-979b0fad-c3f5-47c4-b708-f769449d314b--983882313-executor-1, groupId=spark-kafka-source-979b0fad-c3f5-47c4-b708-f769449d314b--983882313-executor] Seeking to offset 84 for partition weather-topic-2
[2026-04-12T06:18:23.291+0000] {subprocess.py:106} INFO - 26/04/12 06:18:23 INFO ClassicKafkaConsumer: [Consumer clientId=consumer-spark-kafka-source-979b0fad-c3f5-47c4-b708-f769449d314b--983882313-executor-3, groupId=spark-kafka-source-979b0fad-c3f5-47c4-b708-f769449d314b--983882313-executor] Seeking to offset 79 for partition weather-topic-0
[2026-04-12T06:18:23.293+0000] {subprocess.py:106} INFO - 26/04/12 06:18:23 INFO ClassicKafkaConsumer: [Consumer clientId=consumer-spark-kafka-source-979b0fad-c3f5-47c4-b708-f769449d314b--983882313-executor-2, groupId=spark-kafka-source-979b0fad-c3f5-47c4-b708-f769449d314b--983882313-executor] Seeking to offset 97 for partition weather-topic-1
[2026-04-12T06:18:23.294+0000] {subprocess.py:106} INFO - 26/04/12 06:18:23 INFO SubscriptionState: [Consumer clientId=consumer-spark-kafka-source-979b0fad-c3f5-47c4-b708-f769449d314b--983882313-executor-3, groupId=spark-kafka-source-979b0fad-c3f5-47c4-b708-f769449d314b--983882313-executor] Seeking to earliest offset of partition weather-topic-0
[2026-04-12T06:18:23.294+0000] {subprocess.py:106} INFO - 26/04/12 06:18:23 INFO SubscriptionState: [Consumer clientId=consumer-spark-kafka-source-979b0fad-c3f5-47c4-b708-f769449d314b--983882313-executor-1, groupId=spark-kafka-source-979b0fad-c3f5-47c4-b708-f769449d314b--983882313-executor] Seeking to earliest offset of partition weather-topic-2
[2026-04-12T06:18:23.295+0000] {subprocess.py:106} INFO - 26/04/12 06:18:23 INFO SubscriptionState: [Consumer clientId=consumer-spark-kafka-source-979b0fad-c3f5-47c4-b708-f769449d314b--983882313-executor-2, groupId=spark-kafka-source-979b0fad-c3f5-47c4-b708-f769449d314b--983882313-executor] Seeking to earliest offset of partition weather-topic-1
[2026-04-12T06:18:23.798+0000] {subprocess.py:106} INFO - 26/04/12 06:18:23 INFO SubscriptionState: [Consumer clientId=consumer-spark-kafka-source-979b0fad-c3f5-47c4-b708-f769449d314b--983882313-executor-1, groupId=spark-kafka-source-979b0fad-c3f5-47c4-b708-f769449d314b--983882313-executor] Resetting offset for partition weather-topic-2 to position FetchPosition{offset=0, offsetEpoch=Optional.empty, currentLeader=LeaderAndEpoch{leader=Optional[kafka:9092 (id: 1 rack: null)], epoch=0}}.
[2026-04-12T06:18:23.799+0000] {subprocess.py:106} INFO - 26/04/12 06:18:23 INFO SubscriptionState: [Consumer clientId=consumer-spark-kafka-source-979b0fad-c3f5-47c4-b708-f769449d314b--983882313-executor-1, groupId=spark-kafka-source-979b0fad-c3f5-47c4-b708-f769449d314b--983882313-executor] Seeking to latest offset of partition weather-topic-2
[2026-04-12T06:18:23.800+0000] {subprocess.py:106} INFO - 26/04/12 06:18:23 INFO SubscriptionState: [Consumer clientId=consumer-spark-kafka-source-979b0fad-c3f5-47c4-b708-f769449d314b--983882313-executor-2, groupId=spark-kafka-source-979b0fad-c3f5-47c4-b708-f769449d314b--983882313-executor] Resetting offset for partition weather-topic-1 to position FetchPosition{offset=0, offsetEpoch=Optional.empty, currentLeader=LeaderAndEpoch{leader=Optional[kafka:9092 (id: 1 rack: null)], epoch=0}}.
[2026-04-12T06:18:23.800+0000] {subprocess.py:106} INFO - 26/04/12 06:18:23 INFO SubscriptionState: [Consumer clientId=consumer-spark-kafka-source-979b0fad-c3f5-47c4-b708-f769449d314b--983882313-executor-3, groupId=spark-kafka-source-979b0fad-c3f5-47c4-b708-f769449d314b--983882313-executor] Resetting offset for partition weather-topic-0 to position FetchPosition{offset=0, offsetEpoch=Optional.empty, currentLeader=LeaderAndEpoch{leader=Optional[kafka:9092 (id: 1 rack: null)], epoch=0}}.
[2026-04-12T06:18:23.801+0000] {subprocess.py:106} INFO - 26/04/12 06:18:23 INFO SubscriptionState: [Consumer clientId=consumer-spark-kafka-source-979b0fad-c3f5-47c4-b708-f769449d314b--983882313-executor-2, groupId=spark-kafka-source-979b0fad-c3f5-47c4-b708-f769449d314b--983882313-executor] Seeking to latest offset of partition weather-topic-1
[2026-04-12T06:18:23.801+0000] {subprocess.py:106} INFO - 26/04/12 06:18:23 INFO SubscriptionState: [Consumer clientId=consumer-spark-kafka-source-979b0fad-c3f5-47c4-b708-f769449d314b--983882313-executor-3, groupId=spark-kafka-source-979b0fad-c3f5-47c4-b708-f769449d314b--983882313-executor] Seeking to latest offset of partition weather-topic-0
[2026-04-12T06:18:23.802+0000] {subprocess.py:106} INFO - 26/04/12 06:18:23 INFO SubscriptionState: [Consumer clientId=consumer-spark-kafka-source-979b0fad-c3f5-47c4-b708-f769449d314b--983882313-executor-1, groupId=spark-kafka-source-979b0fad-c3f5-47c4-b708-f769449d314b--983882313-executor] Resetting offset for partition weather-topic-2 to position FetchPosition{offset=114, offsetEpoch=Optional.empty, currentLeader=LeaderAndEpoch{leader=Optional[kafka:9092 (id: 1 rack: null)], epoch=0}}.
[2026-04-12T06:18:23.803+0000] {subprocess.py:106} INFO - 26/04/12 06:18:23 INFO SubscriptionState: [Consumer clientId=consumer-spark-kafka-source-979b0fad-c3f5-47c4-b708-f769449d314b--983882313-executor-3, groupId=spark-kafka-source-979b0fad-c3f5-47c4-b708-f769449d314b--983882313-executor] Resetting offset for partition weather-topic-0 to position FetchPosition{offset=120, offsetEpoch=Optional.empty, currentLeader=LeaderAndEpoch{leader=Optional[kafka:9092 (id: 1 rack: null)], epoch=0}}.
[2026-04-12T06:18:23.803+0000] {subprocess.py:106} INFO - 26/04/12 06:18:23 INFO SubscriptionState: [Consumer clientId=consumer-spark-kafka-source-979b0fad-c3f5-47c4-b708-f769449d314b--983882313-executor-2, groupId=spark-kafka-source-979b0fad-c3f5-47c4-b708-f769449d314b--983882313-executor] Resetting offset for partition weather-topic-1 to position FetchPosition{offset=126, offsetEpoch=Optional.empty, currentLeader=LeaderAndEpoch{leader=Optional[kafka:9092 (id: 1 rack: null)], epoch=0}}.
[2026-04-12T06:18:23.844+0000] {subprocess.py:106} INFO - 26/04/12 06:18:23 INFO MemoryStore: Block rdd_12_1 stored as values in memory (estimated size 6.9 KiB, free 1048.3 MiB)
[2026-04-12T06:18:23.845+0000] {subprocess.py:106} INFO - 26/04/12 06:18:23 INFO MemoryStore: Block rdd_12_0 stored as values in memory (estimated size 6.4 KiB, free 1048.3 MiB)
[2026-04-12T06:18:23.845+0000] {subprocess.py:106} INFO - 26/04/12 06:18:23 INFO MemoryStore: Block rdd_12_2 stored as values in memory (estimated size 6.0 KiB, free 1048.3 MiB)
[2026-04-12T06:18:24.065+0000] {subprocess.py:106} INFO - 26/04/12 06:18:24 INFO CodeGenerator: Code generated in 3.693285 ms
[2026-04-12T06:18:24.106+0000] {subprocess.py:106} INFO - 26/04/12 06:18:24 INFO CodeGenerator: Code generated in 27.954157 ms
[2026-04-12T06:18:24.110+0000] {subprocess.py:106} INFO - 26/04/12 06:18:24 INFO FileOutputCommitter: File Output Committer Algorithm version is 1
[2026-04-12T06:18:24.110+0000] {subprocess.py:106} INFO - 26/04/12 06:18:24 INFO FileOutputCommitter: File Output Committer Algorithm version is 1
[2026-04-12T06:18:24.111+0000] {subprocess.py:106} INFO - 26/04/12 06:18:24 INFO FileOutputCommitter: File Output Committer Algorithm version is 1
[2026-04-12T06:18:24.111+0000] {subprocess.py:106} INFO - 26/04/12 06:18:24 INFO FileOutputCommitter: FileOutputCommitter skip cleanup _temporary folders under output directory:false, ignore cleanup failures: false
[2026-04-12T06:18:24.112+0000] {subprocess.py:106} INFO - 26/04/12 06:18:24 INFO FileOutputCommitter: FileOutputCommitter skip cleanup _temporary folders under output directory:false, ignore cleanup failures: false
[2026-04-12T06:18:24.112+0000] {subprocess.py:106} INFO - 26/04/12 06:18:24 INFO FileOutputCommitter: FileOutputCommitter skip cleanup _temporary folders under output directory:false, ignore cleanup failures: false
[2026-04-12T06:18:24.113+0000] {subprocess.py:106} INFO - 26/04/12 06:18:24 INFO SQLHadoopMapReduceCommitProtocol: Using user defined output committer class org.apache.parquet.hadoop.ParquetOutputCommitter
[2026-04-12T06:18:24.113+0000] {subprocess.py:106} INFO - 26/04/12 06:18:24 INFO SQLHadoopMapReduceCommitProtocol: Using user defined output committer class org.apache.parquet.hadoop.ParquetOutputCommitter
[2026-04-12T06:18:24.114+0000] {subprocess.py:106} INFO - 26/04/12 06:18:24 INFO SQLHadoopMapReduceCommitProtocol: Using user defined output committer class org.apache.parquet.hadoop.ParquetOutputCommitter
[2026-04-12T06:18:24.114+0000] {subprocess.py:106} INFO - 26/04/12 06:18:24 INFO FileOutputCommitter: File Output Committer Algorithm version is 1
[2026-04-12T06:18:24.115+0000] {subprocess.py:106} INFO - 26/04/12 06:18:24 INFO FileOutputCommitter: FileOutputCommitter skip cleanup _temporary folders under output directory:false, ignore cleanup failures: false
[2026-04-12T06:18:24.116+0000] {subprocess.py:106} INFO - 26/04/12 06:18:24 INFO FileOutputCommitter: File Output Committer Algorithm version is 1
[2026-04-12T06:18:24.116+0000] {subprocess.py:106} INFO - 26/04/12 06:18:24 INFO FileOutputCommitter: File Output Committer Algorithm version is 1
[2026-04-12T06:18:24.117+0000] {subprocess.py:106} INFO - 26/04/12 06:18:24 INFO FileOutputCommitter: FileOutputCommitter skip cleanup _temporary folders under output directory:false, ignore cleanup failures: false
[2026-04-12T06:18:24.117+0000] {subprocess.py:106} INFO - 26/04/12 06:18:24 INFO FileOutputCommitter: FileOutputCommitter skip cleanup _temporary folders under output directory:false, ignore cleanup failures: false
[2026-04-12T06:18:24.118+0000] {subprocess.py:106} INFO - 26/04/12 06:18:24 INFO SQLHadoopMapReduceCommitProtocol: Using output committer class org.apache.parquet.hadoop.ParquetOutputCommitter
[2026-04-12T06:18:24.118+0000] {subprocess.py:106} INFO - 26/04/12 06:18:24 INFO SQLHadoopMapReduceCommitProtocol: Using output committer class org.apache.parquet.hadoop.ParquetOutputCommitter
[2026-04-12T06:18:24.119+0000] {subprocess.py:106} INFO - 26/04/12 06:18:24 INFO SQLHadoopMapReduceCommitProtocol: Using output committer class org.apache.parquet.hadoop.ParquetOutputCommitter
[2026-04-12T06:18:24.120+0000] {subprocess.py:106} INFO - 26/04/12 06:18:24 INFO CodecConfig: Compression: SNAPPY
[2026-04-12T06:18:24.120+0000] {subprocess.py:106} INFO - 26/04/12 06:18:24 INFO CodecConfig: Compression: SNAPPY
[2026-04-12T06:18:24.121+0000] {subprocess.py:106} INFO - 26/04/12 06:18:24 INFO CodecConfig: Compression: SNAPPY
[2026-04-12T06:18:24.121+0000] {subprocess.py:106} INFO - 26/04/12 06:18:24 INFO CodecConfig: Compression: SNAPPY
[2026-04-12T06:18:24.121+0000] {subprocess.py:106} INFO - 26/04/12 06:18:24 INFO CodecConfig: Compression: SNAPPY
[2026-04-12T06:18:24.122+0000] {subprocess.py:106} INFO - 26/04/12 06:18:24 INFO CodecConfig: Compression: SNAPPY
[2026-04-12T06:18:24.142+0000] {subprocess.py:106} INFO - 26/04/12 06:18:24 INFO ParquetOutputFormat: ParquetRecordWriter [block size: 134217728b, row group padding size: 8388608b, validating: false]
[2026-04-12T06:18:24.144+0000] {subprocess.py:106} INFO - 26/04/12 06:18:24 INFO ParquetOutputFormat: ParquetRecordWriter [block size: 134217728b, row group padding size: 8388608b, validating: false]
[2026-04-12T06:18:24.144+0000] {subprocess.py:106} INFO - 26/04/12 06:18:24 INFO ParquetOutputFormat: ParquetRecordWriter [block size: 134217728b, row group padding size: 8388608b, validating: false]
[2026-04-12T06:18:25.638+0000] {subprocess.py:106} INFO - 26/04/12 06:18:25 INFO CodecPool: Got brand-new compressor [.snappy]
[2026-04-12T06:18:25.641+0000] {subprocess.py:106} INFO - 26/04/12 06:18:25 INFO CodecPool: Got brand-new compressor [.snappy]
[2026-04-12T06:18:25.642+0000] {subprocess.py:106} INFO - 26/04/12 06:18:25 INFO CodecPool: Got brand-new compressor [.snappy]
[2026-04-12T06:18:26.927+0000] {subprocess.py:106} INFO - 26/04/12 06:18:26 INFO FileOutputCommitter: Saved output of task 'attempt_202604120618221885130641001187394_0002_m_000000_4' to hdfs://23133083thuyvan-master:9000/user/hive/lakehouse/bronze/raw_api/_temporary/0/task_202604120618221885130641001187394_0002_m_000000
[2026-04-12T06:18:26.928+0000] {subprocess.py:106} INFO - 26/04/12 06:18:26 INFO SparkHadoopMapRedUtil: attempt_202604120618221885130641001187394_0002_m_000000_4: Committed. Elapsed time: 18 ms.
[2026-04-12T06:18:26.932+0000] {subprocess.py:106} INFO - 26/04/12 06:18:26 INFO KafkaDataConsumer: From Kafka topicPartition=weather-topic-0 groupId=spark-kafka-source-979b0fad-c3f5-47c4-b708-f769449d314b--983882313-executor read 20 records through 1 polls (polled out 41 records), taking 514.09513 ms, during time span of 3645.108296 ms.
[2026-04-12T06:18:26.939+0000] {subprocess.py:106} INFO - 26/04/12 06:18:26 INFO Executor: Finished task 0.0 in stage 2.0 (TID 4). 3367 bytes result sent to driver
[2026-04-12T06:18:26.941+0000] {subprocess.py:106} INFO - 26/04/12 06:18:26 INFO TaskSetManager: Finished task 0.0 in stage 2.0 (TID 4) in 3906 ms on spark-master (executor driver) (1/3)
[2026-04-12T06:18:27.671+0000] {subprocess.py:106} INFO - 26/04/12 06:18:27 INFO FileOutputCommitter: Saved output of task 'attempt_202604120618221885130641001187394_0002_m_000002_6' to hdfs://23133083thuyvan-master:9000/user/hive/lakehouse/bronze/raw_api/_temporary/0/task_202604120618221885130641001187394_0002_m_000002
[2026-04-12T06:18:27.672+0000] {subprocess.py:106} INFO - 26/04/12 06:18:27 INFO SparkHadoopMapRedUtil: attempt_202604120618221885130641001187394_0002_m_000002_6: Committed. Elapsed time: 181 ms.
[2026-04-12T06:18:27.674+0000] {subprocess.py:106} INFO - 26/04/12 06:18:27 INFO KafkaDataConsumer: From Kafka topicPartition=weather-topic-2 groupId=spark-kafka-source-979b0fad-c3f5-47c4-b708-f769449d314b--983882313-executor read 17 records through 1 polls (polled out 30 records), taking 513.299003 ms, during time span of 4386.412826 ms.
[2026-04-12T06:18:27.680+0000] {subprocess.py:106} INFO - 26/04/12 06:18:27 INFO Executor: Finished task 2.0 in stage 2.0 (TID 6). 3324 bytes result sent to driver
[2026-04-12T06:18:27.680+0000] {subprocess.py:106} INFO - 26/04/12 06:18:27 INFO TaskSetManager: Finished task 2.0 in stage 2.0 (TID 6) in 4640 ms on spark-master (executor driver) (2/3)
[2026-04-12T06:18:27.702+0000] {subprocess.py:106} INFO - 26/04/12 06:18:27 INFO FileOutputCommitter: Saved output of task 'attempt_202604120618221885130641001187394_0002_m_000001_5' to hdfs://23133083thuyvan-master:9000/user/hive/lakehouse/bronze/raw_api/_temporary/0/task_202604120618221885130641001187394_0002_m_000001
[2026-04-12T06:18:27.703+0000] {subprocess.py:106} INFO - 26/04/12 06:18:27 INFO SparkHadoopMapRedUtil: attempt_202604120618221885130641001187394_0002_m_000001_5: Committed. Elapsed time: 56 ms.
[2026-04-12T06:18:27.703+0000] {subprocess.py:106} INFO - 26/04/12 06:18:27 INFO KafkaDataConsumer: From Kafka topicPartition=weather-topic-1 groupId=spark-kafka-source-979b0fad-c3f5-47c4-b708-f769449d314b--983882313-executor read 23 records through 1 polls (polled out 29 records), taking 513.393458 ms, during time span of 4414.884075 ms.
[2026-04-12T06:18:27.705+0000] {subprocess.py:106} INFO - 26/04/12 06:18:27 INFO Executor: Finished task 1.0 in stage 2.0 (TID 5). 3324 bytes result sent to driver
[2026-04-12T06:18:27.708+0000] {subprocess.py:106} INFO - 26/04/12 06:18:27 INFO TaskSetManager: Finished task 1.0 in stage 2.0 (TID 5) in 4671 ms on spark-master (executor driver) (3/3)
[2026-04-12T06:18:27.709+0000] {subprocess.py:106} INFO - 26/04/12 06:18:27 INFO TaskSchedulerImpl: Removed TaskSet 2.0 whose tasks have all completed, from pool
[2026-04-12T06:18:27.710+0000] {subprocess.py:106} INFO - 26/04/12 06:18:27 INFO DAGScheduler: ResultStage 2 (start at NativeMethodAccessorImpl.java:0) finished in 4751 ms
[2026-04-12T06:18:27.711+0000] {subprocess.py:106} INFO - 26/04/12 06:18:27 INFO DAGScheduler: Job 1 is finished. Cancelling potential speculative or zombie tasks for this job
[2026-04-12T06:18:27.712+0000] {subprocess.py:106} INFO - 26/04/12 06:18:27 INFO TaskSchedulerImpl: Canceling stage 2
[2026-04-12T06:18:27.712+0000] {subprocess.py:106} INFO - 26/04/12 06:18:27 INFO TaskSchedulerImpl: Killing all running tasks in stage 2: Stage finished
[2026-04-12T06:18:27.713+0000] {subprocess.py:106} INFO - 26/04/12 06:18:27 INFO DAGScheduler: Job 1 finished: start at NativeMethodAccessorImpl.java:0, took 4763.640361 ms
[2026-04-12T06:18:27.714+0000] {subprocess.py:106} INFO - 26/04/12 06:18:27 INFO FileFormatWriter: Start to commit write Job 89ad7d9d-4fea-48ec-9faf-e88c54cf1c50.
[2026-04-12T06:18:28.002+0000] {subprocess.py:106} INFO - 26/04/12 06:18:28 INFO FileFormatWriter: Write Job 89ad7d9d-4fea-48ec-9faf-e88c54cf1c50 committed. Elapsed time: 286 ms.
[2026-04-12T06:18:28.007+0000] {subprocess.py:106} INFO - 26/04/12 06:18:28 INFO FileFormatWriter: Finished processing stats for write job 89ad7d9d-4fea-48ec-9faf-e88c54cf1c50.
[2026-04-12T06:18:28.335+0000] {subprocess.py:106} INFO - 26/04/12 06:18:28 INFO CatalogUtil: Loading custom FileIO implementation: org.apache.iceberg.hadoop.HadoopFileIO
[2026-04-12T06:18:28.374+0000] {subprocess.py:106} INFO - 26/04/12 06:18:28 INFO BaseMetastoreTableOperations: Refreshing table metadata from new version: hdfs://23133083thuyvan-master:9000/user/hive/lakehouse/air_quality_db.db/air_quality_silver/metadata/00007-e592c5dc-5e06-45d0-97bc-e48d9b0da961.metadata.json
[2026-04-12T06:18:28.388+0000] {subprocess.py:106} INFO - 26/04/12 06:18:28 INFO BaseMetastoreCatalog: Table loaded by catalog: iceberg.air_quality_db.air_quality_silver
[2026-04-12T06:18:28.901+0000] {subprocess.py:106} INFO - 26/04/12 06:18:28 INFO V2ScanRelationPushDown:
[2026-04-12T06:18:28.903+0000] {subprocess.py:106} INFO - Pushing operators to iceberg.air_quality_db.air_quality_silver
[2026-04-12T06:18:28.905+0000] {subprocess.py:106} INFO - Pushed Filters: location IS NOT NULL, timestamp IS NOT NULL
[2026-04-12T06:18:28.905+0000] {subprocess.py:106} INFO - Post-Scan Filters: isnotnull(location#749),isnotnull(timestamp#748)
[2026-04-12T06:18:28.906+0000] {subprocess.py:106} INFO - 
[2026-04-12T06:18:29.058+0000] {subprocess.py:106} INFO - 26/04/12 06:18:29 INFO V2ScanRelationPushDown:
[2026-04-12T06:18:29.058+0000] {subprocess.py:106} INFO - Output: timestamp#748, location#749
[2026-04-12T06:18:29.059+0000] {subprocess.py:106} INFO - 
[2026-04-12T06:18:29.129+0000] {subprocess.py:106} INFO - 26/04/12 06:18:29 INFO SnapshotScan: Scanning table iceberg.air_quality_db.air_quality_silver snapshot 4668508046657636466 created at 2026-04-12T04:48:32.679+00:00 with filter (location IS NOT NULL AND timestamp IS NOT NULL)
[2026-04-12T06:18:29.544+0000] {subprocess.py:106} INFO - 26/04/12 06:18:29 INFO BaseDistributedDataScan: Planning file tasks locally for table iceberg.air_quality_db.air_quality_silver
[2026-04-12T06:18:30.035+0000] {subprocess.py:106} INFO - 26/04/12 06:18:30 INFO SparkPartitioningAwareScan: Reporting UnknownPartitioning with 6 partition(s) for table iceberg.air_quality_db.air_quality_silver
[2026-04-12T06:18:30.466+0000] {subprocess.py:106} INFO - 26/04/12 06:18:30 INFO MemoryStore: Block broadcast_3 stored as values in memory (estimated size 32.0 KiB, free 1048.4 MiB)
[2026-04-12T06:18:30.540+0000] {subprocess.py:106} INFO - 26/04/12 06:18:30 INFO MemoryStore: Block broadcast_3_piece0 stored as bytes in memory (estimated size 36.2 KiB, free 1048.3 MiB)
[2026-04-12T06:18:30.541+0000] {subprocess.py:106} INFO - 26/04/12 06:18:30 INFO SparkContext: Created broadcast 3 from start at NativeMethodAccessorImpl.java:0
[2026-04-12T06:18:31.296+0000] {subprocess.py:106} INFO - 26/04/12 06:18:31 INFO MemoryStore: Block broadcast_4 stored as values in memory (estimated size 32.0 KiB, free 1048.3 MiB)
[2026-04-12T06:18:31.301+0000] {subprocess.py:106} INFO - 26/04/12 06:18:31 INFO MemoryStore: Block broadcast_4_piece0 stored as bytes in memory (estimated size 36.2 KiB, free 1048.3 MiB)
[2026-04-12T06:18:31.304+0000] {subprocess.py:106} INFO - 26/04/12 06:18:31 INFO SparkContext: Created broadcast 4 from start at NativeMethodAccessorImpl.java:0
[2026-04-12T06:18:31.442+0000] {subprocess.py:106} INFO - 26/04/12 06:18:31 INFO CodeGenerator: Code generated in 20.430249 ms
[2026-04-12T06:18:31.485+0000] {subprocess.py:106} INFO - 26/04/12 06:18:31 INFO SparkContext: Starting job: start at NativeMethodAccessorImpl.java:0
[2026-04-12T06:18:31.487+0000] {subprocess.py:106} INFO - 26/04/12 06:18:31 INFO DAGScheduler: Got job 2 (start at NativeMethodAccessorImpl.java:0) with 6 output partitions
[2026-04-12T06:18:31.488+0000] {subprocess.py:106} INFO - 26/04/12 06:18:31 INFO DAGScheduler: Final stage: ResultStage 3 (start at NativeMethodAccessorImpl.java:0)
[2026-04-12T06:18:31.489+0000] {subprocess.py:106} INFO - 26/04/12 06:18:31 INFO DAGScheduler: Parents of final stage: List()
[2026-04-12T06:18:31.490+0000] {subprocess.py:106} INFO - 26/04/12 06:18:31 INFO DAGScheduler: Missing parents: List()
[2026-04-12T06:18:31.490+0000] {subprocess.py:106} INFO - 26/04/12 06:18:31 INFO DAGScheduler: Submitting ResultStage 3 (MapPartitionsRDD[20] at start at NativeMethodAccessorImpl.java:0), which has no missing parents
[2026-04-12T06:18:31.492+0000] {subprocess.py:106} INFO - 26/04/12 06:18:31 INFO MemoryStore: Block broadcast_5 stored as values in memory (estimated size 15.1 KiB, free 1048.2 MiB)
[2026-04-12T06:18:31.495+0000] {subprocess.py:106} INFO - 26/04/12 06:18:31 INFO MemoryStore: Block broadcast_5_piece0 stored as bytes in memory (estimated size 6.0 KiB, free 1048.2 MiB)
[2026-04-12T06:18:31.497+0000] {subprocess.py:106} INFO - 26/04/12 06:18:31 INFO SparkContext: Created broadcast 5 from broadcast at DAGScheduler.scala:1676
[2026-04-12T06:18:31.497+0000] {subprocess.py:106} INFO - 26/04/12 06:18:31 INFO DAGScheduler: Submitting 6 missing tasks from ResultStage 3 (MapPartitionsRDD[20] at start at NativeMethodAccessorImpl.java:0) (first 15 tasks are for partitions Vector(0, 1, 2, 3, 4, 5))
[2026-04-12T06:18:31.498+0000] {subprocess.py:106} INFO - 26/04/12 06:18:31 INFO TaskSchedulerImpl: Adding task set 3.0 with 6 tasks resource profile 0
[2026-04-12T06:18:31.519+0000] {subprocess.py:106} INFO - 26/04/12 06:18:31 INFO TaskSetManager: Starting task 0.0 in stage 3.0 (TID 7) (spark-master,executor driver, partition 0, ANY, 20442 bytes)
[2026-04-12T06:18:31.520+0000] {subprocess.py:106} INFO - 26/04/12 06:18:31 INFO TaskSetManager: Starting task 1.0 in stage 3.0 (TID 8) (spark-master,executor driver, partition 1, ANY, 20448 bytes)
[2026-04-12T06:18:31.521+0000] {subprocess.py:106} INFO - 26/04/12 06:18:31 INFO TaskSetManager: Starting task 2.0 in stage 3.0 (TID 9) (spark-master,executor driver, partition 2, ANY, 20440 bytes)
[2026-04-12T06:18:31.524+0000] {subprocess.py:106} INFO - 26/04/12 06:18:31 INFO TaskSetManager: Starting task 3.0 in stage 3.0 (TID 10) (spark-master,executor driver, partition 3, ANY, 20449 bytes)
[2026-04-12T06:18:31.531+0000] {subprocess.py:106} INFO - 26/04/12 06:18:31 INFO TaskSetManager: Starting task 4.0 in stage 3.0 (TID 11) (spark-master,executor driver, partition 4, ANY, 20759 bytes)
[2026-04-12T06:18:31.533+0000] {subprocess.py:106} INFO - 26/04/12 06:18:31 INFO TaskSetManager: Starting task 5.0 in stage 3.0 (TID 12) (spark-master,executor driver, partition 5, ANY, 19113 bytes)
[2026-04-12T06:18:31.535+0000] {subprocess.py:106} INFO - 26/04/12 06:18:31 INFO Executor: Running task 0.0 in stage 3.0 (TID 7)
[2026-04-12T06:18:31.538+0000] {subprocess.py:106} INFO - 26/04/12 06:18:31 INFO Executor: Running task 2.0 in stage 3.0 (TID 9)
[2026-04-12T06:18:31.539+0000] {subprocess.py:106} INFO - 26/04/12 06:18:31 INFO Executor: Running task 1.0 in stage 3.0 (TID 8)
[2026-04-12T06:18:31.540+0000] {subprocess.py:106} INFO - 26/04/12 06:18:31 INFO Executor: Running task 4.0 in stage 3.0 (TID 11)
[2026-04-12T06:18:31.541+0000] {subprocess.py:106} INFO - 26/04/12 06:18:31 INFO Executor: Running task 3.0 in stage 3.0 (TID 10)
[2026-04-12T06:18:31.541+0000] {subprocess.py:106} INFO - 26/04/12 06:18:31 INFO Executor: Running task 5.0 in stage 3.0 (TID 12)
[2026-04-12T06:18:31.553+0000] {subprocess.py:106} INFO - 26/04/12 06:18:31 INFO CodeGenerator: Code generated in 13.421081 ms
[2026-04-12T06:18:32.442+0000] {subprocess.py:106} INFO - 26/04/12 06:18:32 INFO VectorizedSparkParquetReaders: Enabling arrow.enable_unsafe_memory_access
[2026-04-12T06:18:32.443+0000] {subprocess.py:106} INFO - 26/04/12 06:18:32 INFO VectorizedSparkParquetReaders: Disabling arrow.enable_null_check_for_get
[2026-04-12T06:18:32.455+0000] {subprocess.py:106} INFO - 26/04/12 06:18:32 INFO BaseAllocator: Debug mode disabled. Enable with the VM option -Darrow.memory.debug.allocator=true.
[2026-04-12T06:18:32.460+0000] {subprocess.py:106} INFO - 26/04/12 06:18:32 INFO DefaultAllocationManagerOption: allocation manager type not specified, using netty as the default type
[2026-04-12T06:18:32.464+0000] {subprocess.py:106} INFO - 26/04/12 06:18:32 INFO CheckAllocator: Using DefaultAllocationManager at memory/DefaultAllocationManagerFactory.class
[2026-04-12T06:18:33.223+0000] {subprocess.py:106} INFO - 26/04/12 06:18:33 INFO CodecPool: Got brand-new decompressor [.zstd]
[2026-04-12T06:18:33.224+0000] {subprocess.py:106} INFO - 26/04/12 06:18:33 INFO CodecPool: Got brand-new decompressor [.zstd]
[2026-04-12T06:18:33.224+0000] {subprocess.py:106} INFO - 26/04/12 06:18:33 INFO CodecPool: Got brand-new decompressor [.zstd]
[2026-04-12T06:18:33.225+0000] {subprocess.py:106} INFO - 26/04/12 06:18:33 INFO CodecPool: Got brand-new decompressor [.zstd]
[2026-04-12T06:18:33.225+0000] {subprocess.py:106} INFO - 26/04/12 06:18:33 INFO CodecPool: Got brand-new decompressor [.zstd]
[2026-04-12T06:18:33.225+0000] {subprocess.py:106} INFO - 26/04/12 06:18:33 INFO CodecPool: Got brand-new decompressor [.zstd]
[2026-04-12T06:18:34.408+0000] {subprocess.py:106} INFO - 26/04/12 06:18:34 INFO Executor: Finished task 5.0 in stage 3.0 (TID 12). 4917 bytes result sent to driver
[2026-04-12T06:18:34.410+0000] {subprocess.py:106} INFO - 26/04/12 06:18:34 INFO TaskSetManager: Finished task 5.0 in stage 3.0 (TID 12) in 2885 ms on spark-master (executor driver) (1/6)
[2026-04-12T06:18:34.480+0000] {subprocess.py:106} INFO - 26/04/12 06:18:34 INFO CodecPool: Got brand-new decompressor [.zstd]
[2026-04-12T06:18:34.482+0000] {subprocess.py:106} INFO - 26/04/12 06:18:34 INFO CodecPool: Got brand-new decompressor [.zstd]
[2026-04-12T06:18:34.485+0000] {subprocess.py:106} INFO - 26/04/12 06:18:34 INFO CodecPool: Got brand-new decompressor [.zstd]
[2026-04-12T06:18:34.494+0000] {subprocess.py:106} INFO - 26/04/12 06:18:34 INFO CodecPool: Got brand-new decompressor [.zstd]
[2026-04-12T06:18:34.502+0000] {subprocess.py:106} INFO - 26/04/12 06:18:34 INFO CodecPool: Got brand-new decompressor [.zstd]
[2026-04-12T06:18:34.550+0000] {subprocess.py:106} INFO - 26/04/12 06:18:34 INFO CodecPool: Got brand-new decompressor [.zstd]
[2026-04-12T06:18:34.551+0000] {subprocess.py:106} INFO - 26/04/12 06:18:34 INFO CodecPool: Got brand-new decompressor [.zstd]
[2026-04-12T06:18:34.551+0000] {subprocess.py:106} INFO - 26/04/12 06:18:34 INFO CodecPool: Got brand-new decompressor [.zstd]
[2026-04-12T06:18:34.552+0000] {subprocess.py:106} INFO - 26/04/12 06:18:34 INFO CodecPool: Got brand-new decompressor [.zstd]
[2026-04-12T06:18:34.553+0000] {subprocess.py:106} INFO - 26/04/12 06:18:34 INFO CodecPool: Got brand-new decompressor [.zstd]
[2026-04-12T06:18:34.621+0000] {subprocess.py:106} INFO - 26/04/12 06:18:34 INFO CodecPool: Got brand-new decompressor [.zstd]
[2026-04-12T06:18:34.622+0000] {subprocess.py:106} INFO - 26/04/12 06:18:34 INFO CodecPool: Got brand-new decompressor [.zstd]
[2026-04-12T06:18:34.631+0000] {subprocess.py:106} INFO - 26/04/12 06:18:34 INFO Executor: Finished task 1.0 in stage 3.0 (TID 8). 4928 bytes result sent to driver
[2026-04-12T06:18:34.649+0000] {subprocess.py:106} INFO - 26/04/12 06:18:34 INFO Executor: Finished task 3.0 in stage 3.0 (TID 10). 4896 bytes result sent to driver
[2026-04-12T06:18:34.650+0000] {subprocess.py:106} INFO - 26/04/12 06:18:34 INFO CodecPool: Got brand-new decompressor [.zstd]
[2026-04-12T06:18:34.650+0000] {subprocess.py:106} INFO - 26/04/12 06:18:34 INFO TaskSetManager: Finished task 3.0 in stage 3.0 (TID 10) in 3107 ms on spark-master (executor driver) (2/6)
[2026-04-12T06:18:34.666+0000] {subprocess.py:106} INFO - 26/04/12 06:18:34 INFO TaskSetManager: Finished task 1.0 in stage 3.0 (TID 8) in 3110 ms on spark-master (executor driver) (3/6)
[2026-04-12T06:18:34.679+0000] {subprocess.py:106} INFO - 26/04/12 06:18:34 INFO Executor: Finished task 4.0 in stage 3.0 (TID 11). 5238 bytes result sent to driver
[2026-04-12T06:18:34.680+0000] {subprocess.py:106} INFO - 26/04/12 06:18:34 INFO CodecPool: Got brand-new decompressor [.zstd]
[2026-04-12T06:18:34.680+0000] {subprocess.py:106} INFO - 26/04/12 06:18:34 INFO TaskSetManager: Finished task 4.0 in stage 3.0 (TID 11) in 3111 ms on spark-master (executor driver) (4/6)
[2026-04-12T06:18:34.681+0000] {subprocess.py:106} INFO - 26/04/12 06:18:34 INFO CodecPool: Got brand-new decompressor [.zstd]
[2026-04-12T06:18:34.681+0000] {subprocess.py:106} INFO - 26/04/12 06:18:34 INFO Executor: Finished task 0.0 in stage 3.0 (TID 7). 4972 bytes result sent to driver
[2026-04-12T06:18:34.681+0000] {subprocess.py:106} INFO - 26/04/12 06:18:34 INFO TaskSetManager: Finished task 0.0 in stage 3.0 (TID 7) in 3140 ms on spark-master (executor driver) (5/6)
[2026-04-12T06:18:34.682+0000] {subprocess.py:106} INFO - 26/04/12 06:18:34 INFO Executor: Finished task 2.0 in stage 3.0 (TID 9). 4974 bytes result sent to driver
[2026-04-12T06:18:34.682+0000] {subprocess.py:106} INFO - 26/04/12 06:18:34 INFO TaskSetManager: Finished task 2.0 in stage 3.0 (TID 9) in 3122 ms on spark-master (executor driver) (6/6)
[2026-04-12T06:18:34.683+0000] {subprocess.py:106} INFO - 26/04/12 06:18:34 INFO TaskSchedulerImpl: Removed TaskSet 3.0 whose tasks have all completed, from pool
[2026-04-12T06:18:34.683+0000] {subprocess.py:106} INFO - 26/04/12 06:18:34 INFO DAGScheduler: ResultStage 3 (start at NativeMethodAccessorImpl.java:0) finished in 3154 ms
[2026-04-12T06:18:34.683+0000] {subprocess.py:106} INFO - 26/04/12 06:18:34 INFO DAGScheduler: Job 2 is finished. Cancelling potential speculative or zombie tasks for this job
[2026-04-12T06:18:34.684+0000] {subprocess.py:106} INFO - 26/04/12 06:18:34 INFO TaskSchedulerImpl: Canceling stage 3
[2026-04-12T06:18:34.684+0000] {subprocess.py:106} INFO - 26/04/12 06:18:34 INFO TaskSchedulerImpl: Killing all running tasks in stage 3: Stage finished
[2026-04-12T06:18:34.685+0000] {subprocess.py:106} INFO - 26/04/12 06:18:34 INFO DAGScheduler: Job 2 finished: start at NativeMethodAccessorImpl.java:0, took 3159.125205 ms
[2026-04-12T06:18:34.685+0000] {subprocess.py:106} INFO - 26/04/12 06:18:34 INFO CodeGenerator: Code generated in 6.058111 ms
[2026-04-12T06:18:34.686+0000] {subprocess.py:106} INFO - 26/04/12 06:18:34 INFO MemoryStore: Block broadcast_6 stored as values in memory (estimated size 4.0 MiB, free 1044.6 MiB)
[2026-04-12T06:18:34.692+0000] {subprocess.py:106} INFO - 26/04/12 06:18:34 INFO MemoryStore: Block broadcast_6_piece0 stored as bytes in memory (estimated size 5.1 KiB, free 1044.6 MiB)
[2026-04-12T06:18:34.694+0000] {subprocess.py:106} INFO - 26/04/12 06:18:34 INFO SparkContext: Created broadcast 6 from start at NativeMethodAccessorImpl.java:0
[2026-04-12T06:18:34.737+0000] {subprocess.py:106} INFO - 26/04/12 06:18:34 INFO CodeGenerator: Code generated in 28.777425 ms
[2026-04-12T06:18:34.750+0000] {subprocess.py:106} INFO - 26/04/12 06:18:34 INFO MemoryStore: Block broadcast_7 stored as values in memory (estimated size 32.0 KiB, free 1044.6 MiB)
[2026-04-12T06:18:34.754+0000] {subprocess.py:106} INFO - 26/04/12 06:18:34 INFO MemoryStore: Block broadcast_7_piece0 stored as bytes in memory (estimated size 36.2 KiB, free 1044.5 MiB)
[2026-04-12T06:18:34.769+0000] {subprocess.py:106} INFO - 26/04/12 06:18:34 INFO SparkContext: Created broadcast 7 from start at NativeMethodAccessorImpl.java:0
[2026-04-12T06:18:34.772+0000] {subprocess.py:106} INFO - 26/04/12 06:18:34 INFO AppendDataExec: Start processing data source write support: IcebergBatchWrite(table=iceberg.air_quality_db.air_quality_silver, format=PARQUET). The input RDD has 3} partitions.
[2026-04-12T06:18:34.779+0000] {subprocess.py:106} INFO - 26/04/12 06:18:34 INFO SparkContext: Starting job: start at NativeMethodAccessorImpl.java:0
[2026-04-12T06:18:34.780+0000] {subprocess.py:106} INFO - 26/04/12 06:18:34 INFO DAGScheduler: Got job 3 (start at NativeMethodAccessorImpl.java:0) with 3 output partitions
[2026-04-12T06:18:34.781+0000] {subprocess.py:106} INFO - 26/04/12 06:18:34 INFO DAGScheduler: Final stage: ResultStage 4 (start at NativeMethodAccessorImpl.java:0)
[2026-04-12T06:18:34.783+0000] {subprocess.py:106} INFO - 26/04/12 06:18:34 INFO DAGScheduler: Parents of final stage: List()
[2026-04-12T06:18:34.784+0000] {subprocess.py:106} INFO - 26/04/12 06:18:34 INFO DAGScheduler: Missing parents: List()
[2026-04-12T06:18:34.784+0000] {subprocess.py:106} INFO - 26/04/12 06:18:34 INFO DAGScheduler: Submitting ResultStage 4 (MapPartitionsRDD[24] at start at NativeMethodAccessorImpl.java:0), which has no missing parents
[2026-04-12T06:18:34.788+0000] {subprocess.py:106} INFO - 26/04/12 06:18:34 INFO MemoryStore: Block broadcast_8 stored as values in memory (estimated size 72.8 KiB, free 1044.5 MiB)
[2026-04-12T06:18:34.790+0000] {subprocess.py:106} INFO - 26/04/12 06:18:34 INFO MemoryStore: Block broadcast_8_piece0 stored as bytes in memory (estimated size 25.2 KiB, free 1044.5 MiB)
[2026-04-12T06:18:34.792+0000] {subprocess.py:106} INFO - 26/04/12 06:18:34 INFO SparkContext: Created broadcast 8 from broadcast at DAGScheduler.scala:1676
[2026-04-12T06:18:34.792+0000] {subprocess.py:106} INFO - 26/04/12 06:18:34 INFO DAGScheduler: Submitting 3 missing tasks from ResultStage 4 (MapPartitionsRDD[24] at start at NativeMethodAccessorImpl.java:0) (first 15 tasks are for partitions Vector(0, 1, 2))
[2026-04-12T06:18:34.793+0000] {subprocess.py:106} INFO - 26/04/12 06:18:34 INFO TaskSchedulerImpl: Adding task set 4.0 with 3 tasks resource profile 0
[2026-04-12T06:18:34.795+0000] {subprocess.py:106} INFO - 26/04/12 06:18:34 INFO TaskSetManager: Starting task 0.0 in stage 4.0 (TID 13) (spark-master,executor driver, partition 0, PROCESS_LOCAL, 13503 bytes)
[2026-04-12T06:18:34.796+0000] {subprocess.py:106} INFO - 26/04/12 06:18:34 INFO TaskSetManager: Starting task 1.0 in stage 4.0 (TID 14) (spark-master,executor driver, partition 1, PROCESS_LOCAL, 13503 bytes)
[2026-04-12T06:18:34.796+0000] {subprocess.py:106} INFO - 26/04/12 06:18:34 INFO TaskSetManager: Starting task 2.0 in stage 4.0 (TID 15) (spark-master,executor driver, partition 2, PROCESS_LOCAL, 13503 bytes)
[2026-04-12T06:18:34.798+0000] {subprocess.py:106} INFO - 26/04/12 06:18:34 INFO Executor: Running task 0.0 in stage 4.0 (TID 13)
[2026-04-12T06:18:34.798+0000] {subprocess.py:106} INFO - 26/04/12 06:18:34 INFO Executor: Running task 1.0 in stage 4.0 (TID 14)
[2026-04-12T06:18:34.799+0000] {subprocess.py:106} INFO - 26/04/12 06:18:34 INFO Executor: Running task 2.0 in stage 4.0 (TID 15)
[2026-04-12T06:18:34.809+0000] {subprocess.py:106} INFO - 26/04/12 06:18:34 INFO BlockManager: Found block rdd_12_1 locally
[2026-04-12T06:18:34.810+0000] {subprocess.py:106} INFO - 26/04/12 06:18:34 INFO BlockManager: Found block rdd_12_0 locally
[2026-04-12T06:18:34.814+0000] {subprocess.py:106} INFO - 26/04/12 06:18:34 INFO BlockManager: Found block rdd_12_2 locally
[2026-04-12T06:18:34.834+0000] {subprocess.py:106} INFO - 26/04/12 06:18:34 INFO CodeGenerator: Code generated in 22.007585 ms
[2026-04-12T06:18:34.861+0000] {subprocess.py:106} INFO - 26/04/12 06:18:34 INFO CodeGenerator: Code generated in 24.197415 ms
[2026-04-12T06:18:34.949+0000] {subprocess.py:106} INFO - 26/04/12 06:18:34 INFO CodecPool: Got brand-new compressor [.zstd]
[2026-04-12T06:18:34.952+0000] {subprocess.py:106} INFO - 26/04/12 06:18:34 INFO CodecPool: Got brand-new compressor [.zstd]
[2026-04-12T06:18:34.952+0000] {subprocess.py:106} INFO - 26/04/12 06:18:34 INFO CodecPool: Got brand-new compressor [.zstd]
[2026-04-12T06:18:35.370+0000] {subprocess.py:106} INFO - 26/04/12 06:18:35 INFO DataWritingSparkTask: Writer for partition 2 is committing.
[2026-04-12T06:18:35.371+0000] {subprocess.py:106} INFO - 26/04/12 06:18:35 INFO DataWritingSparkTask: Writer for partition 0 is committing.
[2026-04-12T06:18:35.372+0000] {subprocess.py:106} INFO - 26/04/12 06:18:35 INFO DataWritingSparkTask: Writer for partition 1 is committing.
[2026-04-12T06:18:36.256+0000] {subprocess.py:106} INFO - 26/04/12 06:18:36 INFO DataWritingSparkTask: Committed partition 2 (task 15, attempt 0, stage 4.0)
[2026-04-12T06:18:36.260+0000] {subprocess.py:106} INFO - 26/04/12 06:18:36 INFO DataWritingSparkTask: Committed partition 1 (task 14, attempt 0, stage 4.0)
[2026-04-12T06:18:36.260+0000] {subprocess.py:106} INFO - 26/04/12 06:18:36 INFO DataWritingSparkTask: Committed partition 0 (task 13, attempt 0, stage 4.0)
[2026-04-12T06:18:36.263+0000] {subprocess.py:106} INFO - 26/04/12 06:18:36 INFO Executor: Finished task 0.0 in stage 4.0 (TID 13). 7464 bytes result sent to driver
[2026-04-12T06:18:36.264+0000] {subprocess.py:106} INFO - 26/04/12 06:18:36 INFO Executor: Finished task 2.0 in stage 4.0 (TID 15). 7478 bytes result sent to driver
[2026-04-12T06:18:36.264+0000] {subprocess.py:106} INFO - 26/04/12 06:18:36 INFO Executor: Finished task 1.0 in stage 4.0 (TID 14). 7464 bytes result sent to driver
[2026-04-12T06:18:36.266+0000] {subprocess.py:106} INFO - 26/04/12 06:18:36 INFO TaskSetManager: Finished task 0.0 in stage 4.0 (TID 13) in 1471 ms on spark-master (executor driver) (1/3)
[2026-04-12T06:18:36.266+0000] {subprocess.py:106} INFO - 26/04/12 06:18:36 INFO TaskSetManager: Finished task 2.0 in stage 4.0 (TID 15) in 1469 ms on spark-master (executor driver) (2/3)
[2026-04-12T06:18:36.267+0000] {subprocess.py:106} INFO - 26/04/12 06:18:36 INFO TaskSetManager: Finished task 1.0 in stage 4.0 (TID 14) in 1471 ms on spark-master (executor driver) (3/3)
[2026-04-12T06:18:36.268+0000] {subprocess.py:106} INFO - 26/04/12 06:18:36 INFO TaskSchedulerImpl: Removed TaskSet 4.0 whose tasks have all completed, from pool
[2026-04-12T06:18:36.268+0000] {subprocess.py:106} INFO - 26/04/12 06:18:36 INFO DAGScheduler: ResultStage 4 (start at NativeMethodAccessorImpl.java:0) finished in 1484 ms
[2026-04-12T06:18:36.269+0000] {subprocess.py:106} INFO - 26/04/12 06:18:36 INFO DAGScheduler: Job 3 is finished. Cancelling potential speculative or zombie tasks for this job
[2026-04-12T06:18:36.269+0000] {subprocess.py:106} INFO - 26/04/12 06:18:36 INFO TaskSchedulerImpl: Canceling stage 4
[2026-04-12T06:18:36.269+0000] {subprocess.py:106} INFO - 26/04/12 06:18:36 INFO TaskSchedulerImpl: Killing all running tasks in stage 4: Stage finished
[2026-04-12T06:18:36.270+0000] {subprocess.py:106} INFO - 26/04/12 06:18:36 INFO DAGScheduler: Job 3 finished: start at NativeMethodAccessorImpl.java:0, took 1489.417321 ms
[2026-04-12T06:18:36.270+0000] {subprocess.py:106} INFO - 26/04/12 06:18:36 INFO AppendDataExec: Data source write support IcebergBatchWrite(table=iceberg.air_quality_db.air_quality_silver, format=PARQUET) is committing.
[2026-04-12T06:18:36.297+0000] {subprocess.py:106} INFO - 26/04/12 06:18:36 INFO SparkWrite: Committing append with 3 new data files to table iceberg.air_quality_db.air_quality_silver
[2026-04-12T06:18:39.795+0000] {subprocess.py:106} INFO - 26/04/12 06:18:39 INFO HiveTableOperations: Committed to table iceberg.air_quality_db.air_quality_silver with the new metadata location hdfs://23133083thuyvan-master:9000/user/hive/lakehouse/air_quality_db.db/air_quality_silver/metadata/00008-962eee10-c76f-4790-8d3b-ed9dfccb55e2.metadata.json
[2026-04-12T06:18:39.795+0000] {subprocess.py:106} INFO - 26/04/12 06:18:39 INFO BaseMetastoreTableOperations: Successfully committed to table iceberg.air_quality_db.air_quality_silver in 2407 ms
[2026-04-12T06:18:39.799+0000] {subprocess.py:106} INFO - 26/04/12 06:18:39 INFO SnapshotProducer: Committed snapshot 9215259270149898673 (MergeAppend)
[2026-04-12T06:18:39.847+0000] {subprocess.py:106} INFO - 26/04/12 06:18:39 INFO BaseMetastoreTableOperations: Refreshing table metadata from new version: hdfs://23133083thuyvan-master:9000/user/hive/lakehouse/air_quality_db.db/air_quality_silver/metadata/00008-962eee10-c76f-4790-8d3b-ed9dfccb55e2.metadata.json
[2026-04-12T06:18:39.898+0000] {subprocess.py:106} INFO - 26/04/12 06:18:39 INFO LoggingMetricsReporter: Received metrics report: CommitReport{tableName=iceberg.air_quality_db.air_quality_silver, snapshotId=9215259270149898673, sequenceNumber=8, operation=append, commitMetrics=CommitMetricsResult{totalDuration=TimerResult{timeUnit=NANOSECONDS, totalDuration=PT3.512647521S, count=1}, attempts=CounterResult{unit=COUNT, value=1}, addedDataFiles=CounterResult{unit=COUNT, value=3}, removedDataFiles=null, totalDataFiles=CounterResult{unit=COUNT, value=24}, addedDeleteFiles=null, addedEqualityDeleteFiles=null, addedPositionalDeleteFiles=null, addedDVs=null, removedDeleteFiles=null, removedEqualityDeleteFiles=null, removedPositionalDeleteFiles=null, removedDVs=null, totalDeleteFiles=CounterResult{unit=COUNT, value=0}, addedRecords=CounterResult{unit=COUNT, value=60}, removedRecords=null, totalRecords=CounterResult{unit=COUNT, value=240}, addedFilesSizeInBytes=CounterResult{unit=BYTES, value=30744}, removedFilesSizeInBytes=null, totalFilesSizeInBytes=CounterResult{unit=BYTES, value=219060}, addedPositionalDeletes=null, removedPositionalDeletes=null, totalPositionalDeletes=CounterResult{unit=COUNT, value=0}, addedEqualityDeletes=null, removedEqualityDeletes=null, totalEqualityDeletes=CounterResult{unit=COUNT, value=0}, manifestsCreated=null, manifestsReplaced=null, manifestsKept=null, manifestEntriesProcessed=null}, metadata={engine-version=4.0.2, app-id=local-1775974688107, engine-name=spark, iceberg-version=Apache Iceberg 1.10.1 (commit ccb8bc435062171e64bc8b7e5f56e6aed9c5b934)}}
[2026-04-12T06:18:39.900+0000] {subprocess.py:106} INFO - 26/04/12 06:18:39 INFO SparkWrite: Committed in 3598 ms
[2026-04-12T06:18:39.901+0000] {subprocess.py:106} INFO - 26/04/12 06:18:39 INFO AppendDataExec: Data source write support IcebergBatchWrite(table=iceberg.air_quality_db.air_quality_silver, format=PARQUET) committed.
[2026-04-12T06:18:39.908+0000] {subprocess.py:106} INFO - 26/04/12 06:18:39 INFO MapPartitionsRDD: Removing RDD 12 from persistence list
[2026-04-12T06:18:39.916+0000] {subprocess.py:106} INFO - 26/04/12 06:18:39 INFO BlockManager: Removing RDD 12
[2026-04-12T06:18:39.985+0000] {subprocess.py:106} INFO - 26/04/12 06:18:39 INFO CheckpointFileManager: Writing atomically to hdfs://23133083thuyvan-master:9000/user/hive/checkpoints/air_quality_realtime/commits/5 using temp file hdfs://23133083thuyvan-master:9000/user/hive/checkpoints/air_quality_realtime/commits/.5.c4123628-187d-4609-8453-115d1dd00f68.tmp
[2026-04-12T06:18:40.032+0000] {subprocess.py:106} INFO - 26/04/12 06:18:40 INFO CheckpointFileManager: Renamed temp file hdfs://23133083thuyvan-master:9000/user/hive/checkpoints/air_quality_realtime/commits/.5.c4123628-187d-4609-8453-115d1dd00f68.tmp to hdfs://23133083thuyvan-master:9000/user/hive/checkpoints/air_quality_realtime/commits/5
[2026-04-12T06:18:40.062+0000] {subprocess.py:106} INFO - 26/04/12 06:18:40 INFO MicroBatchExecutionContext: Extracting source progress metrics for source=KafkaV2[Subscribe[weather-topic]] took duration_ms=2
[2026-04-12T06:18:40.068+0000] {subprocess.py:106} INFO - 26/04/12 06:18:40 INFO MicroBatchExecutionContext: Extracting sink progress metrics for sink=ForeachBatchSink took duration_ms=1
[2026-04-12T06:18:40.091+0000] {subprocess.py:106} INFO - 26/04/12 06:18:40 INFO ProgressReporter: Streaming query made progress: {
[2026-04-12T06:18:40.091+0000] {subprocess.py:106} INFO -   "id" : "97df26eb-363e-4a9d-81a0-5bee41c3e2e1",
[2026-04-12T06:18:40.092+0000] {subprocess.py:106} INFO -   "runId" : "f9a5a65f-487c-4ad7-9952-1960991ab62e",
[2026-04-12T06:18:40.092+0000] {subprocess.py:106} INFO -   "name" : null,
[2026-04-12T06:18:40.093+0000] {subprocess.py:106} INFO -   "timestamp" : "2026-04-12T06:18:17.714Z",
[2026-04-12T06:18:40.093+0000] {subprocess.py:106} INFO -   "batchId" : 5,
[2026-04-12T06:18:40.094+0000] {subprocess.py:106} INFO -   "batchDuration" : 22321,
[2026-04-12T06:18:40.094+0000] {subprocess.py:106} INFO -   "numInputRows" : 120,
[2026-04-12T06:18:40.095+0000] {subprocess.py:106} INFO -   "inputRowsPerSecond" : 0.0,
[2026-04-12T06:18:40.100+0000] {subprocess.py:106} INFO -   "processedRowsPerSecond" : 5.376103221181847,
[2026-04-12T06:18:40.101+0000] {subprocess.py:106} INFO -   "durationMs" : {
[2026-04-12T06:18:40.103+0000] {subprocess.py:106} INFO -     "addBatch" : 21894,
[2026-04-12T06:18:40.103+0000] {subprocess.py:106} INFO -     "commitOffsets" : 108,
[2026-04-12T06:18:40.104+0000] {subprocess.py:106} INFO -     "getBatch" : 24,
[2026-04-12T06:18:40.105+0000] {subprocess.py:106} INFO -     "queryPlanning" : 259,
[2026-04-12T06:18:40.106+0000] {subprocess.py:106} INFO -     "triggerExecution" : 22315
[2026-04-12T06:18:40.106+0000] {subprocess.py:106} INFO -   },
[2026-04-12T06:18:40.107+0000] {subprocess.py:106} INFO -   "stateOperators" : [ ],
[2026-04-12T06:18:40.108+0000] {subprocess.py:106} INFO -   "sources" : [ {
[2026-04-12T06:18:40.108+0000] {subprocess.py:106} INFO -     "description" : "KafkaV2[Subscribe[weather-topic]]",
[2026-04-12T06:18:40.109+0000] {subprocess.py:106} INFO -     "startOffset" : {
[2026-04-12T06:18:40.111+0000] {subprocess.py:106} INFO -       "weather-topic" : {
[2026-04-12T06:18:40.112+0000] {subprocess.py:106} INFO -         "0" : 79,
[2026-04-12T06:18:40.113+0000] {subprocess.py:106} INFO -         "1" : 97,
[2026-04-12T06:18:40.113+0000] {subprocess.py:106} INFO -         "2" : 84
[2026-04-12T06:18:40.114+0000] {subprocess.py:106} INFO -       }
[2026-04-12T06:18:40.115+0000] {subprocess.py:106} INFO -     },
[2026-04-12T06:18:40.116+0000] {subprocess.py:106} INFO -     "endOffset" : {
[2026-04-12T06:18:40.117+0000] {subprocess.py:106} INFO -       "weather-topic" : {
[2026-04-12T06:18:40.117+0000] {subprocess.py:106} INFO -         "0" : 99,
[2026-04-12T06:18:40.118+0000] {subprocess.py:106} INFO -         "1" : 120,
[2026-04-12T06:18:40.118+0000] {subprocess.py:106} INFO -         "2" : 101
[2026-04-12T06:18:40.119+0000] {subprocess.py:106} INFO -       }
[2026-04-12T06:18:40.119+0000] {subprocess.py:106} INFO -     },
[2026-04-12T06:18:40.120+0000] {subprocess.py:106} INFO -     "latestOffset" : null,
[2026-04-12T06:18:40.121+0000] {subprocess.py:106} INFO -     "numInputRows" : 120,
[2026-04-12T06:18:40.121+0000] {subprocess.py:106} INFO -     "inputRowsPerSecond" : 0.0,
[2026-04-12T06:18:40.122+0000] {subprocess.py:106} INFO -     "processedRowsPerSecond" : 5.376103221181847
[2026-04-12T06:18:40.122+0000] {subprocess.py:106} INFO -   } ],
[2026-04-12T06:18:40.123+0000] {subprocess.py:106} INFO -   "sink" : {
[2026-04-12T06:18:40.123+0000] {subprocess.py:106} INFO -     "description" : "ForeachBatchSink",
[2026-04-12T06:18:40.124+0000] {subprocess.py:106} INFO -     "numOutputRows" : -1
[2026-04-12T06:18:40.124+0000] {subprocess.py:106} INFO -   }
[2026-04-12T06:18:40.125+0000] {subprocess.py:106} INFO - }
[2026-04-12T06:18:40.125+0000] {subprocess.py:106} INFO - 26/04/12 06:18:40 INFO AdminClientConfig: AdminClientConfig values:
[2026-04-12T06:18:40.126+0000] {subprocess.py:106} INFO - 	auto.include.jmx.reporter = true
[2026-04-12T06:18:40.126+0000] {subprocess.py:106} INFO - 	bootstrap.controllers = []
[2026-04-12T06:18:40.127+0000] {subprocess.py:106} INFO - 	bootstrap.servers = [kafka:9092]
[2026-04-12T06:18:40.127+0000] {subprocess.py:106} INFO - 	client.dns.lookup = use_all_dns_ips
[2026-04-12T06:18:40.128+0000] {subprocess.py:106} INFO - 	client.id =
[2026-04-12T06:18:40.128+0000] {subprocess.py:106} INFO - 	connections.max.idle.ms = 300000
[2026-04-12T06:18:40.129+0000] {subprocess.py:106} INFO - 	default.api.timeout.ms = 60000
[2026-04-12T06:18:40.129+0000] {subprocess.py:106} INFO - 	enable.metrics.push = true
[2026-04-12T06:18:40.130+0000] {subprocess.py:106} INFO - 	metadata.max.age.ms = 300000
[2026-04-12T06:18:40.131+0000] {subprocess.py:106} INFO - 	metadata.recovery.strategy = none
[2026-04-12T06:18:40.131+0000] {subprocess.py:106} INFO - 	metric.reporters = []
[2026-04-12T06:18:40.132+0000] {subprocess.py:106} INFO - 	metrics.num.samples = 2
[2026-04-12T06:18:40.132+0000] {subprocess.py:106} INFO - 	metrics.recording.level = INFO
[2026-04-12T06:18:40.133+0000] {subprocess.py:106} INFO - 	metrics.sample.window.ms = 30000
[2026-04-12T06:18:40.133+0000] {subprocess.py:106} INFO - 	receive.buffer.bytes = 65536
[2026-04-12T06:18:40.133+0000] {subprocess.py:106} INFO - 	reconnect.backoff.max.ms = 1000
[2026-04-12T06:18:40.134+0000] {subprocess.py:106} INFO - 	reconnect.backoff.ms = 50
[2026-04-12T06:18:40.134+0000] {subprocess.py:106} INFO - 	request.timeout.ms = 30000
[2026-04-12T06:18:40.135+0000] {subprocess.py:106} INFO - 	retries = 2147483647
[2026-04-12T06:18:40.135+0000] {subprocess.py:106} INFO - 	retry.backoff.max.ms = 1000
[2026-04-12T06:18:40.136+0000] {subprocess.py:106} INFO - 	retry.backoff.ms = 100
[2026-04-12T06:18:40.136+0000] {subprocess.py:106} INFO - 	sasl.client.callback.handler.class = null
[2026-04-12T06:18:40.137+0000] {subprocess.py:106} INFO - 	sasl.jaas.config = null
[2026-04-12T06:18:40.137+0000] {subprocess.py:106} INFO - 	sasl.kerberos.kinit.cmd = /usr/bin/kinit
[2026-04-12T06:18:40.138+0000] {subprocess.py:106} INFO - 	sasl.kerberos.min.time.before.relogin = 60000
[2026-04-12T06:18:40.138+0000] {subprocess.py:106} INFO - 	sasl.kerberos.service.name = null
[2026-04-12T06:18:40.139+0000] {subprocess.py:106} INFO - 	sasl.kerberos.ticket.renew.jitter = 0.05
[2026-04-12T06:18:40.139+0000] {subprocess.py:106} INFO - 	sasl.kerberos.ticket.renew.window.factor = 0.8
[2026-04-12T06:18:40.140+0000] {subprocess.py:106} INFO - 	sasl.login.callback.handler.class = null
[2026-04-12T06:18:40.140+0000] {subprocess.py:106} INFO - 	sasl.login.class = null
[2026-04-12T06:18:40.141+0000] {subprocess.py:106} INFO - 	sasl.login.connect.timeout.ms = null
[2026-04-12T06:18:40.141+0000] {subprocess.py:106} INFO - 	sasl.login.read.timeout.ms = null
[2026-04-12T06:18:40.141+0000] {subprocess.py:106} INFO - 	sasl.login.refresh.buffer.seconds = 300
[2026-04-12T06:18:40.142+0000] {subprocess.py:106} INFO - 	sasl.login.refresh.min.period.seconds = 60
[2026-04-12T06:18:40.143+0000] {subprocess.py:106} INFO - 	sasl.login.refresh.window.factor = 0.8
[2026-04-12T06:18:40.143+0000] {subprocess.py:106} INFO - 	sasl.login.refresh.window.jitter = 0.05
[2026-04-12T06:18:40.144+0000] {subprocess.py:106} INFO - 	sasl.login.retry.backoff.max.ms = 10000
[2026-04-12T06:18:40.144+0000] {subprocess.py:106} INFO - 	sasl.login.retry.backoff.ms = 100
[2026-04-12T06:18:40.145+0000] {subprocess.py:106} INFO - 	sasl.mechanism = GSSAPI
[2026-04-12T06:18:40.145+0000] {subprocess.py:106} INFO - 	sasl.oauthbearer.clock.skew.seconds = 30
[2026-04-12T06:18:40.145+0000] {subprocess.py:106} INFO - 	sasl.oauthbearer.expected.audience = null
[2026-04-12T06:18:40.146+0000] {subprocess.py:106} INFO - 	sasl.oauthbearer.expected.issuer = null
[2026-04-12T06:18:40.147+0000] {subprocess.py:106} INFO - 	sasl.oauthbearer.header.urlencode = false
[2026-04-12T06:18:40.147+0000] {subprocess.py:106} INFO - 	sasl.oauthbearer.jwks.endpoint.refresh.ms = 3600000
[2026-04-12T06:18:40.148+0000] {subprocess.py:106} INFO - 	sasl.oauthbearer.jwks.endpoint.retry.backoff.max.ms = 10000
[2026-04-12T06:18:40.148+0000] {subprocess.py:106} INFO - 	sasl.oauthbearer.jwks.endpoint.retry.backoff.ms = 100
[2026-04-12T06:18:40.149+0000] {subprocess.py:106} INFO - 	sasl.oauthbearer.jwks.endpoint.url = null
[2026-04-12T06:18:40.149+0000] {subprocess.py:106} INFO - 	sasl.oauthbearer.scope.claim.name = scope
[2026-04-12T06:18:40.149+0000] {subprocess.py:106} INFO - 	sasl.oauthbearer.sub.claim.name = sub
[2026-04-12T06:18:40.150+0000] {subprocess.py:106} INFO - 	sasl.oauthbearer.token.endpoint.url = null
[2026-04-12T06:18:40.151+0000] {subprocess.py:106} INFO - 	security.protocol = PLAINTEXT
[2026-04-12T06:18:40.151+0000] {subprocess.py:106} INFO - 	security.providers = null
[2026-04-12T06:18:40.152+0000] {subprocess.py:106} INFO - 	send.buffer.bytes = 131072
[2026-04-12T06:18:40.152+0000] {subprocess.py:106} INFO - 	socket.connection.setup.timeout.max.ms = 30000
[2026-04-12T06:18:40.153+0000] {subprocess.py:106} INFO - 	socket.connection.setup.timeout.ms = 10000
[2026-04-12T06:18:40.153+0000] {subprocess.py:106} INFO - 	ssl.cipher.suites = null
[2026-04-12T06:18:40.154+0000] {subprocess.py:106} INFO - 	ssl.enabled.protocols = [TLSv1.2, TLSv1.3]
[2026-04-12T06:18:40.154+0000] {subprocess.py:106} INFO - 	ssl.endpoint.identification.algorithm = https
[2026-04-12T06:18:40.155+0000] {subprocess.py:106} INFO - 	ssl.engine.factory.class = null
[2026-04-12T06:18:40.155+0000] {subprocess.py:106} INFO - 	ssl.key.password = null
[2026-04-12T06:18:40.155+0000] {subprocess.py:106} INFO - 	ssl.keymanager.algorithm = SunX509
[2026-04-12T06:18:40.156+0000] {subprocess.py:106} INFO - 	ssl.keystore.certificate.chain = null
[2026-04-12T06:18:40.156+0000] {subprocess.py:106} INFO - 	ssl.keystore.key = null
[2026-04-12T06:18:40.157+0000] {subprocess.py:106} INFO - 	ssl.keystore.location = null
[2026-04-12T06:18:40.157+0000] {subprocess.py:106} INFO - 	ssl.keystore.password = null
[2026-04-12T06:18:40.158+0000] {subprocess.py:106} INFO - 	ssl.keystore.type = JKS
[2026-04-12T06:18:40.158+0000] {subprocess.py:106} INFO - 	ssl.protocol = TLSv1.3
[2026-04-12T06:18:40.159+0000] {subprocess.py:106} INFO - 	ssl.provider = null
[2026-04-12T06:18:40.159+0000] {subprocess.py:106} INFO - 	ssl.secure.random.implementation = null
[2026-04-12T06:18:40.160+0000] {subprocess.py:106} INFO - 	ssl.trustmanager.algorithm = PKIX
[2026-04-12T06:18:40.161+0000] {subprocess.py:106} INFO - 	ssl.truststore.certificates = null
[2026-04-12T06:18:40.161+0000] {subprocess.py:106} INFO - 	ssl.truststore.location = null
[2026-04-12T06:18:40.162+0000] {subprocess.py:106} INFO - 	ssl.truststore.password = null
[2026-04-12T06:18:40.162+0000] {subprocess.py:106} INFO - 	ssl.truststore.type = JKS
[2026-04-12T06:18:40.163+0000] {subprocess.py:106} INFO - 
[2026-04-12T06:18:40.163+0000] {subprocess.py:106} INFO - 26/04/12 06:18:40 INFO AdminClientConfig: These configurations '[key.deserializer, value.deserializer, enable.auto.commit, max.poll.records, auto.offset.reset]' were supplied but are not used yet.
[2026-04-12T06:18:40.164+0000] {subprocess.py:106} INFO - 26/04/12 06:18:40 INFO AppInfoParser: Kafka version: 3.9.0
[2026-04-12T06:18:40.165+0000] {subprocess.py:106} INFO - 26/04/12 06:18:40 INFO AppInfoParser: Kafka commitId: 84caaa6e9da06435
[2026-04-12T06:18:40.165+0000] {subprocess.py:106} INFO - 26/04/12 06:18:40 INFO AppInfoParser: Kafka startTimeMs: 1775974720161
[2026-04-12T06:18:40.242+0000] {subprocess.py:106} INFO - 26/04/12 06:18:40 INFO CheckpointFileManager: Writing atomically to hdfs://23133083thuyvan-master:9000/user/hive/checkpoints/air_quality_realtime/offsets/6 using temp file hdfs://23133083thuyvan-master:9000/user/hive/checkpoints/air_quality_realtime/offsets/.6.fb425703-bf91-46de-a1f8-f0564e739fac.tmp
[2026-04-12T06:18:40.716+0000] {subprocess.py:106} INFO - 26/04/12 06:18:40 INFO CheckpointFileManager: Renamed temp file hdfs://23133083thuyvan-master:9000/user/hive/checkpoints/air_quality_realtime/offsets/.6.fb425703-bf91-46de-a1f8-f0564e739fac.tmp to hdfs://23133083thuyvan-master:9000/user/hive/checkpoints/air_quality_realtime/offsets/6
[2026-04-12T06:18:40.718+0000] {subprocess.py:106} INFO - 26/04/12 06:18:40 INFO MicroBatchExecution: Committed offsets for batch 6. Metadata OffsetSeqMetadata(0,1775974720230,HashMap(spark.sql.streaming.stateStore.providerClass -> org.apache.spark.sql.execution.streaming.state.HDFSBackedStateStoreProvider, spark.sql.streaming.stateStore.rocksdb.formatVersion -> 5, spark.sql.streaming.stateStore.encodingFormat -> unsaferow, spark.sql.streaming.statefulOperator.useStrictDistribution -> true, spark.sql.streaming.flatMapGroupsWithState.stateFormatVersion -> 2, spark.sql.streaming.multipleWatermarkPolicy -> min, spark.sql.streaming.aggregation.stateFormatVersion -> 2, spark.sql.shuffle.partitions -> 50, spark.sql.streaming.join.stateFormatVersion -> 2, spark.sql.streaming.stateStore.compression.codec -> lz4, spark.sql.optimizer.pruneFiltersCanPruneStreamingSubplan -> false))
[2026-04-12T06:18:40.774+0000] {subprocess.py:106} INFO - 26/04/12 06:18:40 INFO IncrementalExecution: Current batch timestamp = 1775974720230
[2026-04-12T06:18:40.803+0000] {subprocess.py:106} INFO - 26/04/12 06:18:40 INFO IncrementalExecution: Current batch timestamp = 1775974720230
[2026-04-12T06:18:40.844+0000] {subprocess.py:106} INFO - 26/04/12 06:18:40 INFO CodeGenerator: Code generated in 17.131883 ms
[2026-04-12T06:18:40.845+0000] {subprocess.py:106} INFO - 26/04/12 06:18:40 INFO KafkaOffsetReaderAdmin: Partitions added: Map()
[2026-04-12T06:18:40.909+0000] {subprocess.py:106} INFO - 26/04/12 06:18:40 INFO SparkContext: Starting job: start at NativeMethodAccessorImpl.java:0
[2026-04-12T06:18:40.909+0000] {subprocess.py:106} INFO - 26/04/12 06:18:40 INFO DAGScheduler: Registering RDD 31 (start at NativeMethodAccessorImpl.java:0) as input to shuffle 1
[2026-04-12T06:18:40.910+0000] {subprocess.py:106} INFO - 26/04/12 06:18:40 INFO DAGScheduler: Got job 4 (start at NativeMethodAccessorImpl.java:0) with 1 output partitions
[2026-04-12T06:18:40.911+0000] {subprocess.py:106} INFO - 26/04/12 06:18:40 INFO DAGScheduler: Final stage: ResultStage 6 (start at NativeMethodAccessorImpl.java:0)
[2026-04-12T06:18:40.911+0000] {subprocess.py:106} INFO - 26/04/12 06:18:40 INFO DAGScheduler: Parents of final stage: List(ShuffleMapStage 5)
[2026-04-12T06:18:40.912+0000] {subprocess.py:106} INFO - 26/04/12 06:18:40 INFO DAGScheduler: Missing parents: List(ShuffleMapStage 5)
[2026-04-12T06:18:40.912+0000] {subprocess.py:106} INFO - 26/04/12 06:18:40 INFO DAGScheduler: Submitting ShuffleMapStage 5 (MapPartitionsRDD[31] at start at NativeMethodAccessorImpl.java:0), which has no missing parents
[2026-04-12T06:18:40.915+0000] {subprocess.py:106} INFO - 26/04/12 06:18:40 INFO MemoryStore: Block broadcast_9 stored as values in memory (estimated size 43.0 KiB, free 1044.4 MiB)
[2026-04-12T06:18:40.917+0000] {subprocess.py:106} INFO - 26/04/12 06:18:40 INFO MemoryStore: Block broadcast_9_piece0 stored as bytes in memory (estimated size 16.4 KiB, free 1044.4 MiB)
[2026-04-12T06:18:40.919+0000] {subprocess.py:106} INFO - 26/04/12 06:18:40 INFO SparkContext: Created broadcast 9 from broadcast at DAGScheduler.scala:1676
[2026-04-12T06:18:40.920+0000] {subprocess.py:106} INFO - 26/04/12 06:18:40 INFO DAGScheduler: Submitting 3 missing tasks from ShuffleMapStage 5 (MapPartitionsRDD[31] at start at NativeMethodAccessorImpl.java:0) (first 15 tasks are for partitions Vector(0, 1, 2))
[2026-04-12T06:18:40.921+0000] {subprocess.py:106} INFO - 26/04/12 06:18:40 INFO TaskSchedulerImpl: Adding task set 5.0 with 3 tasks resource profile 0
[2026-04-12T06:18:40.923+0000] {subprocess.py:106} INFO - 26/04/12 06:18:40 INFO TaskSetManager: Starting task 0.0 in stage 5.0 (TID 16) (spark-master,executor driver, partition 0, PROCESS_LOCAL, 13492 bytes)
[2026-04-12T06:18:40.924+0000] {subprocess.py:106} INFO - 26/04/12 06:18:40 INFO TaskSetManager: Starting task 1.0 in stage 5.0 (TID 17) (spark-master,executor driver, partition 1, PROCESS_LOCAL, 13492 bytes)
[2026-04-12T06:18:40.925+0000] {subprocess.py:106} INFO - 26/04/12 06:18:40 INFO TaskSetManager: Starting task 2.0 in stage 5.0 (TID 18) (spark-master,executor driver, partition 2, PROCESS_LOCAL, 13492 bytes)
[2026-04-12T06:18:40.927+0000] {subprocess.py:106} INFO - 26/04/12 06:18:40 INFO Executor: Running task 1.0 in stage 5.0 (TID 17)
[2026-04-12T06:18:40.927+0000] {subprocess.py:106} INFO - 26/04/12 06:18:40 INFO Executor: Running task 0.0 in stage 5.0 (TID 16)
[2026-04-12T06:18:40.928+0000] {subprocess.py:106} INFO - 26/04/12 06:18:40 INFO Executor: Running task 2.0 in stage 5.0 (TID 18)
[2026-04-12T06:18:40.957+0000] {subprocess.py:106} INFO - 26/04/12 06:18:40 INFO CodeGenerator: Code generated in 19.550154 ms
[2026-04-12T06:18:40.960+0000] {subprocess.py:106} INFO - 26/04/12 06:18:40 INFO KafkaBatchReaderFactory: Creating Kafka reader topicPartition=weather-topic-0 fromOffset=99} untilOffset=120, for query queryId=97df26eb-363e-4a9d-81a0-5bee41c3e2e1 batchId=6 taskId=18 partitionId=2
[2026-04-12T06:18:40.961+0000] {subprocess.py:106} INFO - 26/04/12 06:18:40 INFO KafkaBatchReaderFactory: Creating Kafka reader topicPartition=weather-topic-1 fromOffset=120} untilOffset=126, for query queryId=97df26eb-363e-4a9d-81a0-5bee41c3e2e1 batchId=6 taskId=17 partitionId=1
[2026-04-12T06:18:40.961+0000] {subprocess.py:106} INFO - 26/04/12 06:18:40 INFO KafkaBatchReaderFactory: Creating Kafka reader topicPartition=weather-topic-2 fromOffset=101} untilOffset=114, for query queryId=97df26eb-363e-4a9d-81a0-5bee41c3e2e1 batchId=6 taskId=16 partitionId=0
[2026-04-12T06:18:40.978+0000] {subprocess.py:106} INFO - 26/04/12 06:18:40 INFO KafkaDataConsumer: From Kafka topicPartition=weather-topic-1 groupId=spark-kafka-source-979b0fad-c3f5-47c4-b708-f769449d314b--983882313-executor read 6 records through 0 polls (polled out 0 records), taking 0.0 ms, during time span of 7.459498 ms.
[2026-04-12T06:18:40.979+0000] {subprocess.py:106} INFO - 26/04/12 06:18:40 INFO Executor: Finished task 1.0 in stage 5.0 (TID 17). 2296 bytes result sent to driver
[2026-04-12T06:18:40.981+0000] {subprocess.py:106} INFO - 26/04/12 06:18:40 INFO TaskSetManager: Finished task 1.0 in stage 5.0 (TID 17) in 57 ms on spark-master (executor driver) (1/3)
[2026-04-12T06:18:40.982+0000] {subprocess.py:106} INFO - 26/04/12 06:18:40 INFO KafkaDataConsumer: From Kafka topicPartition=weather-topic-2 groupId=spark-kafka-source-979b0fad-c3f5-47c4-b708-f769449d314b--983882313-executor read 13 records through 0 polls (polled out 0 records), taking 0.0 ms, during time span of 11.682189 ms.
[2026-04-12T06:18:40.983+0000] {subprocess.py:106} INFO - 26/04/12 06:18:40 INFO KafkaDataConsumer: From Kafka topicPartition=weather-topic-0 groupId=spark-kafka-source-979b0fad-c3f5-47c4-b708-f769449d314b--983882313-executor read 21 records through 0 polls (polled out 0 records), taking 0.0 ms, during time span of 13.076341 ms.
[2026-04-12T06:18:40.984+0000] {subprocess.py:106} INFO - 26/04/12 06:18:40 INFO Executor: Finished task 0.0 in stage 5.0 (TID 16). 2296 bytes result sent to driver
[2026-04-12T06:18:40.984+0000] {subprocess.py:106} INFO - 26/04/12 06:18:40 INFO Executor: Finished task 2.0 in stage 5.0 (TID 18). 2296 bytes result sent to driver
[2026-04-12T06:18:40.985+0000] {subprocess.py:106} INFO - 26/04/12 06:18:40 INFO TaskSetManager: Finished task 0.0 in stage 5.0 (TID 16) in 62 ms on spark-master (executor driver) (2/3)
[2026-04-12T06:18:40.986+0000] {subprocess.py:106} INFO - 26/04/12 06:18:40 INFO TaskSetManager: Finished task 2.0 in stage 5.0 (TID 18) in 61 ms on spark-master (executor driver) (3/3)
[2026-04-12T06:18:40.988+0000] {subprocess.py:106} INFO - 26/04/12 06:18:40 INFO TaskSchedulerImpl: Removed TaskSet 5.0 whose tasks have all completed, from pool
[2026-04-12T06:18:40.988+0000] {subprocess.py:106} INFO - 26/04/12 06:18:40 INFO DAGScheduler: ShuffleMapStage 5 (start at NativeMethodAccessorImpl.java:0) finished in 74 ms
[2026-04-12T06:18:40.989+0000] {subprocess.py:106} INFO - 26/04/12 06:18:40 INFO DAGScheduler: looking for newly runnable stages
[2026-04-12T06:18:40.990+0000] {subprocess.py:106} INFO - 26/04/12 06:18:40 INFO DAGScheduler: running: HashSet()
[2026-04-12T06:18:40.990+0000] {subprocess.py:106} INFO - 26/04/12 06:18:40 INFO DAGScheduler: waiting: HashSet(ResultStage 6)
[2026-04-12T06:18:40.991+0000] {subprocess.py:106} INFO - 26/04/12 06:18:40 INFO DAGScheduler: failed: HashSet()
[2026-04-12T06:18:40.991+0000] {subprocess.py:106} INFO - 26/04/12 06:18:40 INFO DAGScheduler: Submitting ResultStage 6 (MapPartitionsRDD[34] at start at NativeMethodAccessorImpl.java:0), which has no missing parents
[2026-04-12T06:18:40.993+0000] {subprocess.py:106} INFO - 26/04/12 06:18:40 INFO MemoryStore: Block broadcast_10 stored as values in memory (estimated size 13.6 KiB, free 1044.4 MiB)
[2026-04-12T06:18:40.994+0000] {subprocess.py:106} INFO - 26/04/12 06:18:40 INFO MemoryStore: Block broadcast_10_piece0 stored as bytes in memory (estimated size 6.5 KiB, free 1044.4 MiB)
[2026-04-12T06:18:40.996+0000] {subprocess.py:106} INFO - 26/04/12 06:18:40 INFO SparkContext: Created broadcast 10 from broadcast at DAGScheduler.scala:1676
[2026-04-12T06:18:40.998+0000] {subprocess.py:106} INFO - 26/04/12 06:18:40 INFO DAGScheduler: Submitting 1 missing tasks from ResultStage 6 (MapPartitionsRDD[34] at start at NativeMethodAccessorImpl.java:0) (first 15 tasks are for partitions Vector(0))
[2026-04-12T06:18:40.999+0000] {subprocess.py:106} INFO - 26/04/12 06:18:40 INFO TaskSchedulerImpl: Adding task set 6.0 with 1 tasks resource profile 0
[2026-04-12T06:18:41.000+0000] {subprocess.py:106} INFO - 26/04/12 06:18:40 INFO TaskSetManager: Starting task 0.0 in stage 6.0 (TID 19) (spark-master,executor driver, partition 0, NODE_LOCAL, 12446 bytes)
[2026-04-12T06:18:41.000+0000] {subprocess.py:106} INFO - 26/04/12 06:18:40 INFO Executor: Running task 0.0 in stage 6.0 (TID 19)
[2026-04-12T06:18:41.005+0000] {subprocess.py:106} INFO - 26/04/12 06:18:41 INFO ShuffleBlockFetcherIterator: Getting 3 (180.0 B) non-empty blocks including 3 (180.0 B) local and 0 (0.0 B) host-local and 0 (0.0 B) push-merged-local and 0 (0.0 B) remote blocks
[2026-04-12T06:18:41.005+0000] {subprocess.py:106} INFO - 26/04/12 06:18:41 INFO ShuffleBlockFetcherIterator: Started 0 remote fetches in 1 ms
[2026-04-12T06:18:41.009+0000] {subprocess.py:106} INFO - 26/04/12 06:18:41 INFO Executor: Finished task 0.0 in stage 6.0 (TID 19). 3895 bytes result sent to driver
[2026-04-12T06:18:41.011+0000] {subprocess.py:106} INFO - 26/04/12 06:18:41 INFO TaskSetManager: Finished task 0.0 in stage 6.0 (TID 19) in 12 ms on spark-master (executor driver) (1/1)
[2026-04-12T06:18:41.011+0000] {subprocess.py:106} INFO - 26/04/12 06:18:41 INFO TaskSchedulerImpl: Removed TaskSet 6.0 whose tasks have all completed, from pool
[2026-04-12T06:18:41.014+0000] {subprocess.py:106} INFO - 26/04/12 06:18:41 INFO DAGScheduler: ResultStage 6 (start at NativeMethodAccessorImpl.java:0) finished in 22 ms
[2026-04-12T06:18:41.020+0000] {subprocess.py:106} INFO - 26/04/12 06:18:41 INFO DAGScheduler: Job 4 is finished. Cancelling potential speculative or zombie tasks for this job
[2026-04-12T06:18:41.020+0000] {subprocess.py:106} INFO - 26/04/12 06:18:41 INFO TaskSchedulerImpl: Canceling stage 6
[2026-04-12T06:18:41.021+0000] {subprocess.py:106} INFO - 26/04/12 06:18:41 INFO TaskSchedulerImpl: Killing all running tasks in stage 6: Stage finished
[2026-04-12T06:18:41.021+0000] {subprocess.py:106} INFO - 26/04/12 06:18:41 INFO DAGScheduler: Job 4 finished: start at NativeMethodAccessorImpl.java:0, took 104.678335 ms
[2026-04-12T06:18:41.048+0000] {subprocess.py:106} INFO - 26/04/12 06:18:41 INFO ParquetUtils: Using default output committer for Parquet: org.apache.parquet.hadoop.ParquetOutputCommitter
[2026-04-12T06:18:41.051+0000] {subprocess.py:106} INFO - 26/04/12 06:18:41 INFO FileOutputCommitter: File Output Committer Algorithm version is 1
[2026-04-12T06:18:41.052+0000] {subprocess.py:106} INFO - 26/04/12 06:18:41 INFO FileOutputCommitter: FileOutputCommitter skip cleanup _temporary folders under output directory:false, ignore cleanup failures: false
[2026-04-12T06:18:41.053+0000] {subprocess.py:106} INFO - 26/04/12 06:18:41 INFO SQLHadoopMapReduceCommitProtocol: Using user defined output committer class org.apache.parquet.hadoop.ParquetOutputCommitter
[2026-04-12T06:18:41.053+0000] {subprocess.py:106} INFO - 26/04/12 06:18:41 INFO FileOutputCommitter: File Output Committer Algorithm version is 1
[2026-04-12T06:18:41.053+0000] {subprocess.py:106} INFO - 26/04/12 06:18:41 INFO FileOutputCommitter: FileOutputCommitter skip cleanup _temporary folders under output directory:false, ignore cleanup failures: false
[2026-04-12T06:18:41.059+0000] {subprocess.py:106} INFO - 26/04/12 06:18:41 INFO SQLHadoopMapReduceCommitProtocol: Using output committer class org.apache.parquet.hadoop.ParquetOutputCommitter
[2026-04-12T06:18:41.085+0000] {subprocess.py:106} INFO - 26/04/12 06:18:41 INFO SparkContext: Starting job: start at NativeMethodAccessorImpl.java:0
[2026-04-12T06:18:41.087+0000] {subprocess.py:106} INFO - 26/04/12 06:18:41 INFO DAGScheduler: Got job 5 (start at NativeMethodAccessorImpl.java:0) with 3 output partitions
[2026-04-12T06:18:41.087+0000] {subprocess.py:106} INFO - 26/04/12 06:18:41 INFO DAGScheduler: Final stage: ResultStage 7 (start at NativeMethodAccessorImpl.java:0)
[2026-04-12T06:18:41.088+0000] {subprocess.py:106} INFO - 26/04/12 06:18:41 INFO DAGScheduler: Parents of final stage: List()
[2026-04-12T06:18:41.089+0000] {subprocess.py:106} INFO - 26/04/12 06:18:41 INFO DAGScheduler: Missing parents: List()
[2026-04-12T06:18:41.089+0000] {subprocess.py:106} INFO - 26/04/12 06:18:41 INFO DAGScheduler: Submitting ResultStage 7 (MapPartitionsRDD[41] at start at NativeMethodAccessorImpl.java:0), which has no missing parents
[2026-04-12T06:18:41.134+0000] {subprocess.py:106} INFO - 26/04/12 06:18:41 INFO MemoryStore: Block broadcast_11 stored as values in memory (estimated size 298.8 KiB, free 1044.3 MiB)
[2026-04-12T06:18:41.142+0000] {subprocess.py:106} INFO - 26/04/12 06:18:41 INFO MemoryStore: Block broadcast_11_piece0 stored as bytes in memory (estimated size 105.8 KiB, free 1044.2 MiB)
[2026-04-12T06:18:41.153+0000] {subprocess.py:106} INFO - 26/04/12 06:18:41 INFO SparkContext: Created broadcast 11 from broadcast at DAGScheduler.scala:1676
[2026-04-12T06:18:41.154+0000] {subprocess.py:106} INFO - 26/04/12 06:18:41 INFO DAGScheduler: Submitting 3 missing tasks from ResultStage 7 (MapPartitionsRDD[41] at start at NativeMethodAccessorImpl.java:0) (first 15 tasks are for partitions Vector(0, 1, 2))
[2026-04-12T06:18:41.154+0000] {subprocess.py:106} INFO - 26/04/12 06:18:41 INFO TaskSchedulerImpl: Adding task set 7.0 with 3 tasks resource profile 0
[2026-04-12T06:18:41.155+0000] {subprocess.py:106} INFO - 26/04/12 06:18:41 INFO TaskSetManager: Starting task 0.0 in stage 7.0 (TID 20) (spark-master,executor driver, partition 0, PROCESS_LOCAL, 13503 bytes)
[2026-04-12T06:18:41.157+0000] {subprocess.py:106} INFO - 26/04/12 06:18:41 INFO TaskSetManager: Starting task 1.0 in stage 7.0 (TID 21) (spark-master,executor driver, partition 1, PROCESS_LOCAL, 13503 bytes)
[2026-04-12T06:18:41.157+0000] {subprocess.py:106} INFO - 26/04/12 06:18:41 INFO TaskSetManager: Starting task 2.0 in stage 7.0 (TID 22) (spark-master,executor driver, partition 2, PROCESS_LOCAL, 13503 bytes)
[2026-04-12T06:18:41.160+0000] {subprocess.py:106} INFO - 26/04/12 06:18:41 INFO Executor: Running task 1.0 in stage 7.0 (TID 21)
[2026-04-12T06:18:41.161+0000] {subprocess.py:106} INFO - 26/04/12 06:18:41 INFO Executor: Running task 0.0 in stage 7.0 (TID 20)
[2026-04-12T06:18:41.164+0000] {subprocess.py:106} INFO - 26/04/12 06:18:41 INFO Executor: Running task 2.0 in stage 7.0 (TID 22)
[2026-04-12T06:18:41.281+0000] {subprocess.py:106} INFO - 26/04/12 06:18:41 INFO KafkaBatchReaderFactory: Creating Kafka reader topicPartition=weather-topic-2 fromOffset=101} untilOffset=114, for query queryId=97df26eb-363e-4a9d-81a0-5bee41c3e2e1 batchId=6 taskId=20 partitionId=0
[2026-04-12T06:18:41.281+0000] {subprocess.py:106} INFO - 26/04/12 06:18:41 INFO KafkaBatchReaderFactory: Creating Kafka reader topicPartition=weather-topic-0 fromOffset=99} untilOffset=120, for query queryId=97df26eb-363e-4a9d-81a0-5bee41c3e2e1 batchId=6 taskId=22 partitionId=2
[2026-04-12T06:18:41.296+0000] {subprocess.py:106} INFO - 26/04/12 06:18:41 INFO KafkaBatchReaderFactory: Creating Kafka reader topicPartition=weather-topic-1 fromOffset=120} untilOffset=126, for query queryId=97df26eb-363e-4a9d-81a0-5bee41c3e2e1 batchId=6 taskId=21 partitionId=1
[2026-04-12T06:18:41.307+0000] {subprocess.py:106} INFO - 26/04/12 06:18:41 INFO MemoryStore: Block rdd_37_0 stored as values in memory (estimated size 4.9 KiB, free 1044.3 MiB)
[2026-04-12T06:18:41.316+0000] {subprocess.py:106} INFO - 26/04/12 06:18:41 INFO MemoryStore: Block rdd_37_1 stored as values in memory (estimated size 3.8 KiB, free 1044.3 MiB)
[2026-04-12T06:18:41.318+0000] {subprocess.py:106} INFO - 26/04/12 06:18:41 INFO MemoryStore: Block rdd_37_2 stored as values in memory (estimated size 6.6 KiB, free 1044.3 MiB)
[2026-04-12T06:18:41.321+0000] {subprocess.py:106} INFO - 26/04/12 06:18:41 INFO FileOutputCommitter: File Output Committer Algorithm version is 1
[2026-04-12T06:18:41.321+0000] {subprocess.py:106} INFO - 26/04/12 06:18:41 INFO FileOutputCommitter: FileOutputCommitter skip cleanup _temporary folders under output directory:false, ignore cleanup failures: false
[2026-04-12T06:18:41.322+0000] {subprocess.py:106} INFO - 26/04/12 06:18:41 INFO SQLHadoopMapReduceCommitProtocol: Using user defined output committer class org.apache.parquet.hadoop.ParquetOutputCommitter
[2026-04-12T06:18:41.323+0000] {subprocess.py:106} INFO - 26/04/12 06:18:41 INFO FileOutputCommitter: File Output Committer Algorithm version is 1
[2026-04-12T06:18:41.323+0000] {subprocess.py:106} INFO - 26/04/12 06:18:41 INFO FileOutputCommitter: FileOutputCommitter skip cleanup _temporary folders under output directory:false, ignore cleanup failures: false
[2026-04-12T06:18:41.324+0000] {subprocess.py:106} INFO - 26/04/12 06:18:41 INFO SQLHadoopMapReduceCommitProtocol: Using output committer class org.apache.parquet.hadoop.ParquetOutputCommitter
[2026-04-12T06:18:41.324+0000] {subprocess.py:106} INFO - 26/04/12 06:18:41 INFO CodecConfig: Compression: SNAPPY
[2026-04-12T06:18:41.325+0000] {subprocess.py:106} INFO - 26/04/12 06:18:41 INFO FileOutputCommitter: File Output Committer Algorithm version is 1
[2026-04-12T06:18:41.326+0000] {subprocess.py:106} INFO - 26/04/12 06:18:41 INFO FileOutputCommitter: FileOutputCommitter skip cleanup _temporary folders under output directory:false, ignore cleanup failures: false
[2026-04-12T06:18:41.326+0000] {subprocess.py:106} INFO - 26/04/12 06:18:41 INFO SQLHadoopMapReduceCommitProtocol: Using user defined output committer class org.apache.parquet.hadoop.ParquetOutputCommitter
[2026-04-12T06:18:41.326+0000] {subprocess.py:106} INFO - 26/04/12 06:18:41 INFO FileOutputCommitter: File Output Committer Algorithm version is 1
[2026-04-12T06:18:41.327+0000] {subprocess.py:106} INFO - 26/04/12 06:18:41 INFO FileOutputCommitter: FileOutputCommitter skip cleanup _temporary folders under output directory:false, ignore cleanup failures: false
[2026-04-12T06:18:41.327+0000] {subprocess.py:106} INFO - 26/04/12 06:18:41 INFO CodecConfig: Compression: SNAPPY
[2026-04-12T06:18:41.328+0000] {subprocess.py:106} INFO - 26/04/12 06:18:41 INFO SQLHadoopMapReduceCommitProtocol: Using output committer class org.apache.parquet.hadoop.ParquetOutputCommitter
[2026-04-12T06:18:41.328+0000] {subprocess.py:106} INFO - 26/04/12 06:18:41 INFO CodecConfig: Compression: SNAPPY
[2026-04-12T06:18:41.329+0000] {subprocess.py:106} INFO - 26/04/12 06:18:41 INFO CodecConfig: Compression: SNAPPY
[2026-04-12T06:18:41.329+0000] {subprocess.py:106} INFO - 26/04/12 06:18:41 INFO FileOutputCommitter: File Output Committer Algorithm version is 1
[2026-04-12T06:18:41.329+0000] {subprocess.py:106} INFO - 26/04/12 06:18:41 INFO FileOutputCommitter: FileOutputCommitter skip cleanup _temporary folders under output directory:false, ignore cleanup failures: false
[2026-04-12T06:18:41.330+0000] {subprocess.py:106} INFO - 26/04/12 06:18:41 INFO ParquetOutputFormat: ParquetRecordWriter [block size: 134217728b, row group padding size: 8388608b, validating: false]
[2026-04-12T06:18:41.330+0000] {subprocess.py:106} INFO - 26/04/12 06:18:41 INFO SQLHadoopMapReduceCommitProtocol: Using user defined output committer class org.apache.parquet.hadoop.ParquetOutputCommitter
[2026-04-12T06:18:41.331+0000] {subprocess.py:106} INFO - 26/04/12 06:18:41 INFO FileOutputCommitter: File Output Committer Algorithm version is 1
[2026-04-12T06:18:41.332+0000] {subprocess.py:106} INFO - 26/04/12 06:18:41 INFO FileOutputCommitter: FileOutputCommitter skip cleanup _temporary folders under output directory:false, ignore cleanup failures: false
[2026-04-12T06:18:41.332+0000] {subprocess.py:106} INFO - 26/04/12 06:18:41 INFO ParquetOutputFormat: ParquetRecordWriter [block size: 134217728b, row group padding size: 8388608b, validating: false]
[2026-04-12T06:18:41.333+0000] {subprocess.py:106} INFO - 26/04/12 06:18:41 INFO SQLHadoopMapReduceCommitProtocol: Using output committer class org.apache.parquet.hadoop.ParquetOutputCommitter
[2026-04-12T06:18:41.333+0000] {subprocess.py:106} INFO - 26/04/12 06:18:41 INFO CodecConfig: Compression: SNAPPY
[2026-04-12T06:18:41.334+0000] {subprocess.py:106} INFO - 26/04/12 06:18:41 INFO CodecConfig: Compression: SNAPPY
[2026-04-12T06:18:41.334+0000] {subprocess.py:106} INFO - 26/04/12 06:18:41 INFO ParquetOutputFormat: ParquetRecordWriter [block size: 134217728b, row group padding size: 8388608b, validating: false]
[2026-04-12T06:18:41.401+0000] {subprocess.py:106} INFO - 26/04/12 06:18:41 INFO FileOutputCommitter: Saved output of task 'attempt_202604120618418443355027716602099_0007_m_000002_22' to hdfs://23133083thuyvan-master:9000/user/hive/lakehouse/bronze/raw_api/_temporary/0/task_202604120618418443355027716602099_0007_m_000002
[2026-04-12T06:18:41.402+0000] {subprocess.py:106} INFO - 26/04/12 06:18:41 INFO SparkHadoopMapRedUtil: attempt_202604120618418443355027716602099_0007_m_000002_22: Committed. Elapsed time: 16 ms.
[2026-04-12T06:18:41.402+0000] {subprocess.py:106} INFO - 26/04/12 06:18:41 INFO KafkaDataConsumer: From Kafka topicPartition=weather-topic-0 groupId=spark-kafka-source-979b0fad-c3f5-47c4-b708-f769449d314b--983882313-executor read 21 records through 0 polls (polled out 0 records), taking 0.0 ms, during time span of 107.463225 ms.
[2026-04-12T06:18:41.404+0000] {subprocess.py:106} INFO - 26/04/12 06:18:41 INFO Executor: Finished task 2.0 in stage 7.0 (TID 22). 3324 bytes result sent to driver
[2026-04-12T06:18:41.407+0000] {subprocess.py:106} INFO - 26/04/12 06:18:41 INFO TaskSetManager: Finished task 2.0 in stage 7.0 (TID 22) in 256 ms on spark-master (executor driver) (1/3)
[2026-04-12T06:18:41.783+0000] {subprocess.py:106} INFO - 26/04/12 06:18:41 INFO FileOutputCommitter: Saved output of task 'attempt_202604120618418443355027716602099_0007_m_000001_21' to hdfs://23133083thuyvan-master:9000/user/hive/lakehouse/bronze/raw_api/_temporary/0/task_202604120618418443355027716602099_0007_m_000001
[2026-04-12T06:18:41.784+0000] {subprocess.py:106} INFO - 26/04/12 06:18:41 INFO SparkHadoopMapRedUtil: attempt_202604120618418443355027716602099_0007_m_000001_21: Committed. Elapsed time: 8 ms.
[2026-04-12T06:18:41.785+0000] {subprocess.py:106} INFO - 26/04/12 06:18:41 INFO KafkaDataConsumer: From Kafka topicPartition=weather-topic-1 groupId=spark-kafka-source-979b0fad-c3f5-47c4-b708-f769449d314b--983882313-executor read 6 records through 0 polls (polled out 0 records), taking 0.0 ms, during time span of 479.505929 ms.
[2026-04-12T06:18:41.786+0000] {subprocess.py:106} INFO - 26/04/12 06:18:41 INFO Executor: Finished task 1.0 in stage 7.0 (TID 21). 3324 bytes result sent to driver
[2026-04-12T06:18:41.787+0000] {subprocess.py:106} INFO - 26/04/12 06:18:41 INFO TaskSetManager: Finished task 1.0 in stage 7.0 (TID 21) in 639 ms on spark-master (executor driver) (2/3)
[2026-04-12T06:18:41.817+0000] {subprocess.py:106} INFO - 26/04/12 06:18:41 INFO FileOutputCommitter: Saved output of task 'attempt_202604120618418443355027716602099_0007_m_000000_20' to hdfs://23133083thuyvan-master:9000/user/hive/lakehouse/bronze/raw_api/_temporary/0/task_202604120618418443355027716602099_0007_m_000000
[2026-04-12T06:18:41.821+0000] {subprocess.py:106} INFO - 26/04/12 06:18:41 INFO SparkHadoopMapRedUtil: attempt_202604120618418443355027716602099_0007_m_000000_20: Committed. Elapsed time: 11 ms.
[2026-04-12T06:18:41.831+0000] {subprocess.py:106} INFO - 26/04/12 06:18:41 INFO KafkaDataConsumer: From Kafka topicPartition=weather-topic-2 groupId=spark-kafka-source-979b0fad-c3f5-47c4-b708-f769449d314b--983882313-executor read 13 records through 0 polls (polled out 0 records), taking 0.0 ms, during time span of 504.29521 ms.
[2026-04-12T06:18:41.850+0000] {subprocess.py:106} INFO - 26/04/12 06:18:41 INFO Executor: Finished task 0.0 in stage 7.0 (TID 20). 3324 bytes result sent to driver
[2026-04-12T06:18:41.852+0000] {subprocess.py:106} INFO - 26/04/12 06:18:41 INFO TaskSetManager: Finished task 0.0 in stage 7.0 (TID 20) in 654 ms on spark-master (executor driver) (3/3)
[2026-04-12T06:18:41.852+0000] {subprocess.py:106} INFO - 26/04/12 06:18:41 INFO TaskSchedulerImpl: Removed TaskSet 7.0 whose tasks have all completed, from pool
[2026-04-12T06:18:41.853+0000] {subprocess.py:106} INFO - 26/04/12 06:18:41 INFO DAGScheduler: ResultStage 7 (start at NativeMethodAccessorImpl.java:0) finished in 711 ms
[2026-04-12T06:18:41.858+0000] {subprocess.py:106} INFO - 26/04/12 06:18:41 INFO DAGScheduler: Job 5 is finished. Cancelling potential speculative or zombie tasks for this job
[2026-04-12T06:18:41.859+0000] {subprocess.py:106} INFO - 26/04/12 06:18:41 INFO TaskSchedulerImpl: Canceling stage 7
[2026-04-12T06:18:41.861+0000] {subprocess.py:106} INFO - 26/04/12 06:18:41 INFO TaskSchedulerImpl: Killing all running tasks in stage 7: Stage finished
[2026-04-12T06:18:41.861+0000] {subprocess.py:106} INFO - 26/04/12 06:18:41 INFO DAGScheduler: Job 5 finished: start at NativeMethodAccessorImpl.java:0, took 718.298014 ms
[2026-04-12T06:18:41.862+0000] {subprocess.py:106} INFO - 26/04/12 06:18:41 INFO FileFormatWriter: Start to commit write Job 17c8b3cb-1701-4cb3-9ce4-7c35f1f3c0ad.
[2026-04-12T06:18:41.882+0000] {subprocess.py:106} INFO - 26/04/12 06:18:41 INFO FileFormatWriter: Write Job 17c8b3cb-1701-4cb3-9ce4-7c35f1f3c0ad committed. Elapsed time: 77 ms.
[2026-04-12T06:18:41.883+0000] {subprocess.py:106} INFO - 26/04/12 06:18:41 INFO FileFormatWriter: Finished processing stats for write job 17c8b3cb-1701-4cb3-9ce4-7c35f1f3c0ad.
[2026-04-12T06:18:42.204+0000] {subprocess.py:106} INFO - 26/04/12 06:18:42 INFO V2ScanRelationPushDown:
[2026-04-12T06:18:42.205+0000] {subprocess.py:106} INFO - Pushing operators to iceberg.air_quality_db.air_quality_silver
[2026-04-12T06:18:42.205+0000] {subprocess.py:106} INFO - Pushed Filters: location IS NOT NULL, timestamp IS NOT NULL
[2026-04-12T06:18:42.206+0000] {subprocess.py:106} INFO - Post-Scan Filters: isnotnull(location#1991),isnotnull(timestamp#1990)
[2026-04-12T06:18:42.206+0000] {subprocess.py:106} INFO - 
[2026-04-12T06:18:42.209+0000] {subprocess.py:106} INFO - 26/04/12 06:18:42 INFO V2ScanRelationPushDown:
[2026-04-12T06:18:42.209+0000] {subprocess.py:106} INFO - Output: timestamp#1990, location#1991
[2026-04-12T06:18:42.210+0000] {subprocess.py:106} INFO - 
[2026-04-12T06:18:42.211+0000] {subprocess.py:106} INFO - 26/04/12 06:18:42 INFO SnapshotScan: Scanning table iceberg.air_quality_db.air_quality_silver snapshot 9215259270149898673 created at 2026-04-12T06:18:37.377+00:00 with filter (location IS NOT NULL AND timestamp IS NOT NULL)
[2026-04-12T06:18:42.228+0000] {subprocess.py:106} INFO - 26/04/12 06:18:42 INFO BaseDistributedDataScan: Planning file tasks locally for table iceberg.air_quality_db.air_quality_silver
[2026-04-12T06:18:42.275+0000] {subprocess.py:106} INFO - 26/04/12 06:18:42 INFO SparkPartitioningAwareScan: Reporting UnknownPartitioning with 6 partition(s) for table iceberg.air_quality_db.air_quality_silver
[2026-04-12T06:18:42.301+0000] {subprocess.py:106} INFO - 26/04/12 06:18:42 INFO MemoryStore: Block broadcast_12 stored as values in memory (estimated size 32.0 KiB, free 1044.3 MiB)
[2026-04-12T06:18:42.306+0000] {subprocess.py:106} INFO - 26/04/12 06:18:42 INFO MemoryStore: Block broadcast_12_piece0 stored as bytes in memory (estimated size 36.2 KiB, free 1044.2 MiB)
[2026-04-12T06:18:42.308+0000] {subprocess.py:106} INFO - 26/04/12 06:18:42 INFO SparkContext: Created broadcast 12 from start at NativeMethodAccessorImpl.java:0
[2026-04-12T06:18:42.350+0000] {subprocess.py:106} INFO - 26/04/12 06:18:42 INFO MemoryStore: Block broadcast_13 stored as values in memory (estimated size 32.0 KiB, free 1044.2 MiB)
[2026-04-12T06:18:42.360+0000] {subprocess.py:106} INFO - 26/04/12 06:18:42 INFO MemoryStore: Block broadcast_13_piece0 stored as bytes in memory (estimated size 36.2 KiB, free 1044.2 MiB)
[2026-04-12T06:18:42.363+0000] {subprocess.py:106} INFO - 26/04/12 06:18:42 INFO SparkContext: Created broadcast 13 from start at NativeMethodAccessorImpl.java:0
[2026-04-12T06:18:42.505+0000] {subprocess.py:106} INFO - 26/04/12 06:18:42 INFO SparkContext: Starting job: start at NativeMethodAccessorImpl.java:0
[2026-04-12T06:18:42.509+0000] {subprocess.py:106} INFO - 26/04/12 06:18:42 INFO DAGScheduler: Got job 6 (start at NativeMethodAccessorImpl.java:0) with 6 output partitions
[2026-04-12T06:18:42.513+0000] {subprocess.py:106} INFO - 26/04/12 06:18:42 INFO DAGScheduler: Final stage: ResultStage 8 (start at NativeMethodAccessorImpl.java:0)
[2026-04-12T06:18:42.518+0000] {subprocess.py:106} INFO - 26/04/12 06:18:42 INFO DAGScheduler: Parents of final stage: List()
[2026-04-12T06:18:42.521+0000] {subprocess.py:106} INFO - 26/04/12 06:18:42 INFO DAGScheduler: Missing parents: List()
[2026-04-12T06:18:42.529+0000] {subprocess.py:106} INFO - 26/04/12 06:18:42 INFO DAGScheduler: Submitting ResultStage 8 (MapPartitionsRDD[45] at start at NativeMethodAccessorImpl.java:0), which has no missing parents
[2026-04-12T06:18:42.532+0000] {subprocess.py:106} INFO - 26/04/12 06:18:42 INFO MemoryStore: Block broadcast_14 stored as values in memory (estimated size 15.1 KiB, free 1044.6 MiB)
[2026-04-12T06:18:42.542+0000] {subprocess.py:106} INFO - 26/04/12 06:18:42 INFO MemoryStore: Block broadcast_14_piece0 stored as bytes in memory (estimated size 6.0 KiB, free 1044.6 MiB)
[2026-04-12T06:18:42.544+0000] {subprocess.py:106} INFO - 26/04/12 06:18:42 INFO SparkContext: Created broadcast 14 from broadcast at DAGScheduler.scala:1676
[2026-04-12T06:18:42.547+0000] {subprocess.py:106} INFO - 26/04/12 06:18:42 INFO DAGScheduler: Submitting 6 missing tasks from ResultStage 8 (MapPartitionsRDD[45] at start at NativeMethodAccessorImpl.java:0) (first 15 tasks are for partitions Vector(0, 1, 2, 3, 4, 5))
[2026-04-12T06:18:42.550+0000] {subprocess.py:106} INFO - 26/04/12 06:18:42 INFO TaskSchedulerImpl: Adding task set 8.0 with 6 tasks resource profile 0
[2026-04-12T06:18:42.552+0000] {subprocess.py:106} INFO - 26/04/12 06:18:42 INFO TaskSetManager: Starting task 0.0 in stage 8.0 (TID 23) (spark-master,executor driver, partition 0, ANY, 20459 bytes)
[2026-04-12T06:18:42.555+0000] {subprocess.py:106} INFO - 26/04/12 06:18:42 INFO TaskSetManager: Starting task 1.0 in stage 8.0 (TID 24) (spark-master,executor driver, partition 1, ANY, 20438 bytes)
[2026-04-12T06:18:42.561+0000] {subprocess.py:106} INFO - 26/04/12 06:18:42 INFO TaskSetManager: Starting task 2.0 in stage 8.0 (TID 25) (spark-master,executor driver, partition 2, ANY, 20441 bytes)
[2026-04-12T06:18:42.564+0000] {subprocess.py:106} INFO - 26/04/12 06:18:42 INFO TaskSetManager: Starting task 3.0 in stage 8.0 (TID 26) (spark-master,executor driver, partition 3, ANY, 20458 bytes)
[2026-04-12T06:18:42.566+0000] {subprocess.py:106} INFO - 26/04/12 06:18:42 INFO TaskSetManager: Starting task 4.0 in stage 8.0 (TID 27) (spark-master,executor driver, partition 4, ANY, 20451 bytes)
[2026-04-12T06:18:42.568+0000] {subprocess.py:106} INFO - 26/04/12 06:18:42 INFO TaskSetManager: Starting task 5.0 in stage 8.0 (TID 28) (spark-master,executor driver, partition 5, ANY, 20469 bytes)
[2026-04-12T06:18:42.571+0000] {subprocess.py:106} INFO - 26/04/12 06:18:42 INFO Executor: Running task 1.0 in stage 8.0 (TID 24)
[2026-04-12T06:18:42.575+0000] {subprocess.py:106} INFO - 26/04/12 06:18:42 INFO Executor: Running task 2.0 in stage 8.0 (TID 25)
[2026-04-12T06:18:42.576+0000] {subprocess.py:106} INFO - 26/04/12 06:18:42 INFO Executor: Running task 3.0 in stage 8.0 (TID 26)
[2026-04-12T06:18:42.583+0000] {subprocess.py:106} INFO - 26/04/12 06:18:42 INFO Executor: Running task 4.0 in stage 8.0 (TID 27)
[2026-04-12T06:18:42.589+0000] {subprocess.py:106} INFO - 26/04/12 06:18:42 INFO Executor: Running task 0.0 in stage 8.0 (TID 23)
[2026-04-12T06:18:42.591+0000] {subprocess.py:106} INFO - 26/04/12 06:18:42 INFO Executor: Running task 5.0 in stage 8.0 (TID 28)
[2026-04-12T06:18:42.622+0000] {subprocess.py:106} INFO - 26/04/12 06:18:42 INFO CodecPool: Got brand-new decompressor [.zstd]
[2026-04-12T06:18:42.624+0000] {subprocess.py:106} INFO - 26/04/12 06:18:42 INFO CodecPool: Got brand-new decompressor [.zstd]
[2026-04-12T06:18:42.633+0000] {subprocess.py:106} INFO - 26/04/12 06:18:42 INFO CodecPool: Got brand-new decompressor [.zstd]
[2026-04-12T06:18:42.634+0000] {subprocess.py:106} INFO - 26/04/12 06:18:42 INFO CodecPool: Got brand-new decompressor [.zstd]
[2026-04-12T06:18:42.637+0000] {subprocess.py:106} INFO - 26/04/12 06:18:42 INFO CodecPool: Got brand-new decompressor [.zstd]
[2026-04-12T06:18:42.640+0000] {subprocess.py:106} INFO - 26/04/12 06:18:42 INFO CodecPool: Got brand-new decompressor [.zstd]
[2026-04-12T06:18:42.659+0000] {subprocess.py:106} INFO - 26/04/12 06:18:42 INFO CodecPool: Got brand-new decompressor [.zstd]
[2026-04-12T06:18:42.663+0000] {subprocess.py:106} INFO - 26/04/12 06:18:42 INFO CodecPool: Got brand-new decompressor [.zstd]
[2026-04-12T06:18:42.671+0000] {subprocess.py:106} INFO - 26/04/12 06:18:42 INFO CodecPool: Got brand-new decompressor [.zstd]
[2026-04-12T06:18:42.673+0000] {subprocess.py:106} INFO - 26/04/12 06:18:42 INFO CodecPool: Got brand-new decompressor [.zstd]
[2026-04-12T06:18:42.682+0000] {subprocess.py:106} INFO - 26/04/12 06:18:42 INFO CodecPool: Got brand-new decompressor [.zstd]
[2026-04-12T06:18:42.715+0000] {subprocess.py:106} INFO - 26/04/12 06:18:42 INFO CodecPool: Got brand-new decompressor [.zstd]
[2026-04-12T06:18:42.731+0000] {subprocess.py:106} INFO - 26/04/12 06:18:42 INFO CodecPool: Got brand-new decompressor [.zstd]
[2026-04-12T06:18:42.732+0000] {subprocess.py:106} INFO - 26/04/12 06:18:42 INFO CodecPool: Got brand-new decompressor [.zstd]
[2026-04-12T06:18:42.735+0000] {subprocess.py:106} INFO - 26/04/12 06:18:42 INFO CodecPool: Got brand-new decompressor [.zstd]
[2026-04-12T06:18:42.747+0000] {subprocess.py:106} INFO - 26/04/12 06:18:42 INFO CodecPool: Got brand-new decompressor [.zstd]
[2026-04-12T06:18:42.752+0000] {subprocess.py:106} INFO - 26/04/12 06:18:42 INFO CodecPool: Got brand-new decompressor [.zstd]
[2026-04-12T06:18:42.766+0000] {subprocess.py:106} INFO - 26/04/12 06:18:42 INFO CodecPool: Got brand-new decompressor [.zstd]
[2026-04-12T06:18:42.777+0000] {subprocess.py:106} INFO - 26/04/12 06:18:42 INFO CodecPool: Got brand-new decompressor [.zstd]
[2026-04-12T06:18:42.779+0000] {subprocess.py:106} INFO - 26/04/12 06:18:42 INFO Executor: Finished task 4.0 in stage 8.0 (TID 27). 4901 bytes result sent to driver
[2026-04-12T06:18:42.780+0000] {subprocess.py:106} INFO - 26/04/12 06:18:42 INFO TaskSetManager: Finished task 4.0 in stage 8.0 (TID 27) in 218 ms on spark-master (executor driver) (1/6)
[2026-04-12T06:18:42.784+0000] {subprocess.py:106} INFO - 26/04/12 06:18:42 INFO CodecPool: Got brand-new decompressor [.zstd]
[2026-04-12T06:18:42.787+0000] {subprocess.py:106} INFO - 26/04/12 06:18:42 INFO CodecPool: Got brand-new decompressor [.zstd]
[2026-04-12T06:18:42.789+0000] {subprocess.py:106} INFO - 26/04/12 06:18:42 INFO CodecPool: Got brand-new decompressor [.zstd]
[2026-04-12T06:18:42.797+0000] {subprocess.py:106} INFO - 26/04/12 06:18:42 INFO CodecPool: Got brand-new decompressor [.zstd]
[2026-04-12T06:18:42.800+0000] {subprocess.py:106} INFO - 26/04/12 06:18:42 INFO Executor: Finished task 3.0 in stage 8.0 (TID 26). 4949 bytes result sent to driver
[2026-04-12T06:18:42.804+0000] {subprocess.py:106} INFO - 26/04/12 06:18:42 INFO CodecPool: Got brand-new decompressor [.zstd]
[2026-04-12T06:18:42.805+0000] {subprocess.py:106} INFO - 26/04/12 06:18:42 INFO Executor: Finished task 0.0 in stage 8.0 (TID 23). 5312 bytes result sent to driver
[2026-04-12T06:18:42.807+0000] {subprocess.py:106} INFO - 26/04/12 06:18:42 INFO Executor: Finished task 2.0 in stage 8.0 (TID 25). 4935 bytes result sent to driver
[2026-04-12T06:18:42.809+0000] {subprocess.py:106} INFO - 26/04/12 06:18:42 INFO Executor: Finished task 1.0 in stage 8.0 (TID 24). 4853 bytes result sent to driver
[2026-04-12T06:18:42.811+0000] {subprocess.py:106} INFO - 26/04/12 06:18:42 INFO TaskSetManager: Finished task 3.0 in stage 8.0 (TID 26) in 245 ms on spark-master (executor driver) (2/6)
[2026-04-12T06:18:42.811+0000] {subprocess.py:106} INFO - 26/04/12 06:18:42 INFO TaskSetManager: Finished task 0.0 in stage 8.0 (TID 23) in 257 ms on spark-master (executor driver) (3/6)
[2026-04-12T06:18:42.812+0000] {subprocess.py:106} INFO - 26/04/12 06:18:42 INFO TaskSetManager: Finished task 2.0 in stage 8.0 (TID 25) in 255 ms on spark-master (executor driver) (4/6)
[2026-04-12T06:18:42.813+0000] {subprocess.py:106} INFO - 26/04/12 06:18:42 INFO Executor: Finished task 5.0 in stage 8.0 (TID 28). 5318 bytes result sent to driver
[2026-04-12T06:18:42.814+0000] {subprocess.py:106} INFO - 26/04/12 06:18:42 INFO TaskSetManager: Finished task 1.0 in stage 8.0 (TID 24) in 259 ms on spark-master (executor driver) (5/6)
[2026-04-12T06:18:42.815+0000] {subprocess.py:106} INFO - 26/04/12 06:18:42 INFO TaskSetManager: Finished task 5.0 in stage 8.0 (TID 28) in 248 ms on spark-master (executor driver) (6/6)
[2026-04-12T06:18:42.816+0000] {subprocess.py:106} INFO - 26/04/12 06:18:42 INFO TaskSchedulerImpl: Removed TaskSet 8.0 whose tasks have all completed, from pool
[2026-04-12T06:18:42.816+0000] {subprocess.py:106} INFO - 26/04/12 06:18:42 INFO DAGScheduler: ResultStage 8 (start at NativeMethodAccessorImpl.java:0) finished in 304 ms
[2026-04-12T06:18:42.817+0000] {subprocess.py:106} INFO - 26/04/12 06:18:42 INFO DAGScheduler: Job 6 is finished. Cancelling potential speculative or zombie tasks for this job
[2026-04-12T06:18:42.818+0000] {subprocess.py:106} INFO - 26/04/12 06:18:42 INFO TaskSchedulerImpl: Canceling stage 8
[2026-04-12T06:18:42.819+0000] {subprocess.py:106} INFO - 26/04/12 06:18:42 INFO TaskSchedulerImpl: Killing all running tasks in stage 8: Stage finished
[2026-04-12T06:18:42.820+0000] {subprocess.py:106} INFO - 26/04/12 06:18:42 INFO DAGScheduler: Job 6 finished: start at NativeMethodAccessorImpl.java:0, took 310.42506 ms
[2026-04-12T06:18:42.831+0000] {subprocess.py:106} INFO - 26/04/12 06:18:42 INFO MemoryStore: Block broadcast_15 stored as values in memory (estimated size 4.0 MiB, free 1040.5 MiB)
[2026-04-12T06:18:42.833+0000] {subprocess.py:106} INFO - 26/04/12 06:18:42 INFO MemoryStore: Block broadcast_15_piece0 stored as bytes in memory (estimated size 6.8 KiB, free 1040.5 MiB)
[2026-04-12T06:18:42.835+0000] {subprocess.py:106} INFO - 26/04/12 06:18:42 INFO SparkContext: Created broadcast 15 from start at NativeMethodAccessorImpl.java:0
[2026-04-12T06:18:42.858+0000] {subprocess.py:106} INFO - 26/04/12 06:18:42 INFO MemoryStore: Block broadcast_16 stored as values in memory (estimated size 32.0 KiB, free 1040.5 MiB)
[2026-04-12T06:18:42.864+0000] {subprocess.py:106} INFO - 26/04/12 06:18:42 INFO MemoryStore: Block broadcast_16_piece0 stored as bytes in memory (estimated size 36.2 KiB, free 1040.5 MiB)
[2026-04-12T06:18:42.865+0000] {subprocess.py:106} INFO - 26/04/12 06:18:42 INFO SparkContext: Created broadcast 16 from start at NativeMethodAccessorImpl.java:0
[2026-04-12T06:18:42.865+0000] {subprocess.py:106} INFO - 26/04/12 06:18:42 INFO AppendDataExec: Start processing data source write support: IcebergBatchWrite(table=iceberg.air_quality_db.air_quality_silver, format=PARQUET). The input RDD has 3} partitions.
[2026-04-12T06:18:42.866+0000] {subprocess.py:106} INFO - 26/04/12 06:18:42 INFO SparkContext: Starting job: start at NativeMethodAccessorImpl.java:0
[2026-04-12T06:18:42.870+0000] {subprocess.py:106} INFO - 26/04/12 06:18:42 INFO DAGScheduler: Got job 7 (start at NativeMethodAccessorImpl.java:0) with 3 output partitions
[2026-04-12T06:18:42.871+0000] {subprocess.py:106} INFO - 26/04/12 06:18:42 INFO DAGScheduler: Final stage: ResultStage 9 (start at NativeMethodAccessorImpl.java:0)
[2026-04-12T06:18:42.873+0000] {subprocess.py:106} INFO - 26/04/12 06:18:42 INFO DAGScheduler: Parents of final stage: List()
[2026-04-12T06:18:42.874+0000] {subprocess.py:106} INFO - 26/04/12 06:18:42 INFO DAGScheduler: Missing parents: List()
[2026-04-12T06:18:42.875+0000] {subprocess.py:106} INFO - 26/04/12 06:18:42 INFO DAGScheduler: Submitting ResultStage 9 (MapPartitionsRDD[49] at start at NativeMethodAccessorImpl.java:0), which has no missing parents
[2026-04-12T06:18:42.878+0000] {subprocess.py:106} INFO - 26/04/12 06:18:42 INFO MemoryStore: Block broadcast_17 stored as values in memory (estimated size 72.8 KiB, free 1040.4 MiB)
[2026-04-12T06:18:42.879+0000] {subprocess.py:106} INFO - 26/04/12 06:18:42 INFO MemoryStore: Block broadcast_17_piece0 stored as bytes in memory (estimated size 25.2 KiB, free 1040.4 MiB)
[2026-04-12T06:18:42.880+0000] {subprocess.py:106} INFO - 26/04/12 06:18:42 INFO SparkContext: Created broadcast 17 from broadcast at DAGScheduler.scala:1676
[2026-04-12T06:18:42.881+0000] {subprocess.py:106} INFO - 26/04/12 06:18:42 INFO DAGScheduler: Submitting 3 missing tasks from ResultStage 9 (MapPartitionsRDD[49] at start at NativeMethodAccessorImpl.java:0) (first 15 tasks are for partitions Vector(0, 1, 2))
[2026-04-12T06:18:42.882+0000] {subprocess.py:106} INFO - 26/04/12 06:18:42 INFO TaskSchedulerImpl: Adding task set 9.0 with 3 tasks resource profile 0
[2026-04-12T06:18:42.884+0000] {subprocess.py:106} INFO - 26/04/12 06:18:42 INFO TaskSetManager: Starting task 0.0 in stage 9.0 (TID 29) (spark-master,executor driver, partition 0, PROCESS_LOCAL, 13503 bytes)
[2026-04-12T06:18:42.886+0000] {subprocess.py:106} INFO - 26/04/12 06:18:42 INFO TaskSetManager: Starting task 1.0 in stage 9.0 (TID 30) (spark-master,executor driver, partition 1, PROCESS_LOCAL, 13503 bytes)
[2026-04-12T06:18:42.888+0000] {subprocess.py:106} INFO - 26/04/12 06:18:42 INFO TaskSetManager: Starting task 2.0 in stage 9.0 (TID 31) (spark-master,executor driver, partition 2, PROCESS_LOCAL, 13503 bytes)
[2026-04-12T06:18:42.889+0000] {subprocess.py:106} INFO - 26/04/12 06:18:42 INFO Executor: Running task 2.0 in stage 9.0 (TID 31)
[2026-04-12T06:18:42.890+0000] {subprocess.py:106} INFO - 26/04/12 06:18:42 INFO Executor: Running task 0.0 in stage 9.0 (TID 29)
[2026-04-12T06:18:42.896+0000] {subprocess.py:106} INFO - 26/04/12 06:18:42 INFO Executor: Running task 1.0 in stage 9.0 (TID 30)
[2026-04-12T06:18:42.899+0000] {subprocess.py:106} INFO - 26/04/12 06:18:42 INFO BlockManager: Found block rdd_37_0 locally
[2026-04-12T06:18:42.900+0000] {subprocess.py:106} INFO - 26/04/12 06:18:42 INFO BlockManager: Found block rdd_37_1 locally
[2026-04-12T06:18:42.901+0000] {subprocess.py:106} INFO - 26/04/12 06:18:42 INFO BlockManager: Found block rdd_37_2 locally
[2026-04-12T06:18:42.908+0000] {subprocess.py:106} INFO - 26/04/12 06:18:42 INFO CodecPool: Got brand-new compressor [.zstd]
[2026-04-12T06:18:42.911+0000] {subprocess.py:106} INFO - 26/04/12 06:18:42 INFO CodecPool: Got brand-new compressor [.zstd]
[2026-04-12T06:18:42.913+0000] {subprocess.py:106} INFO - 26/04/12 06:18:42 INFO CodecPool: Got brand-new compressor [.zstd]
[2026-04-12T06:18:42.915+0000] {subprocess.py:106} INFO - 26/04/12 06:18:42 INFO DataWritingSparkTask: Writer for partition 1 is committing.
[2026-04-12T06:18:42.921+0000] {subprocess.py:106} INFO - 26/04/12 06:18:42 INFO DataWritingSparkTask: Writer for partition 0 is committing.
[2026-04-12T06:18:42.922+0000] {subprocess.py:106} INFO - 26/04/12 06:18:42 INFO DataWritingSparkTask: Writer for partition 2 is committing.
[2026-04-12T06:18:43.004+0000] {subprocess.py:106} INFO - 26/04/12 06:18:43 INFO DataWritingSparkTask: Committed partition 0 (task 29, attempt 0, stage 9.0)
[2026-04-12T06:18:43.009+0000] {subprocess.py:106} INFO - 26/04/12 06:18:43 INFO Executor: Finished task 0.0 in stage 9.0 (TID 29). 7360 bytes result sent to driver
[2026-04-12T06:18:43.010+0000] {subprocess.py:106} INFO - 26/04/12 06:18:43 INFO TaskSetManager: Finished task 0.0 in stage 9.0 (TID 29) in 128 ms on spark-master (executor driver) (1/3)
[2026-04-12T06:18:43.375+0000] {subprocess.py:106} INFO - 26/04/12 06:18:43 INFO DataWritingSparkTask: Committed partition 1 (task 30, attempt 0, stage 9.0)
[2026-04-12T06:18:43.378+0000] {subprocess.py:106} INFO - 26/04/12 06:18:43 INFO Executor: Finished task 1.0 in stage 9.0 (TID 30). 7286 bytes result sent to driver
[2026-04-12T06:18:43.380+0000] {subprocess.py:106} INFO - 26/04/12 06:18:43 INFO TaskSetManager: Finished task 1.0 in stage 9.0 (TID 30) in 496 ms on spark-master (executor driver) (2/3)
[2026-04-12T06:18:43.396+0000] {subprocess.py:106} INFO - 26/04/12 06:18:43 INFO DataWritingSparkTask: Committed partition 2 (task 31, attempt 0, stage 9.0)
[2026-04-12T06:18:43.397+0000] {subprocess.py:106} INFO - 26/04/12 06:18:43 INFO Executor: Finished task 2.0 in stage 9.0 (TID 31). 7383 bytes result sent to driver
[2026-04-12T06:18:43.399+0000] {subprocess.py:106} INFO - 26/04/12 06:18:43 INFO TaskSetManager: Finished task 2.0 in stage 9.0 (TID 31) in 512 ms on spark-master (executor driver) (3/3)
[2026-04-12T06:18:43.400+0000] {subprocess.py:106} INFO - 26/04/12 06:18:43 INFO TaskSchedulerImpl: Removed TaskSet 9.0 whose tasks have all completed, from pool
[2026-04-12T06:18:43.400+0000] {subprocess.py:106} INFO - 26/04/12 06:18:43 INFO DAGScheduler: ResultStage 9 (start at NativeMethodAccessorImpl.java:0) finished in 526 ms
[2026-04-12T06:18:43.404+0000] {subprocess.py:106} INFO - 26/04/12 06:18:43 INFO DAGScheduler: Job 7 is finished. Cancelling potential speculative or zombie tasks for this job
[2026-04-12T06:18:43.405+0000] {subprocess.py:106} INFO - 26/04/12 06:18:43 INFO TaskSchedulerImpl: Canceling stage 9
[2026-04-12T06:18:43.405+0000] {subprocess.py:106} INFO - 26/04/12 06:18:43 INFO TaskSchedulerImpl: Killing all running tasks in stage 9: Stage finished
[2026-04-12T06:18:43.406+0000] {subprocess.py:106} INFO - 26/04/12 06:18:43 INFO DAGScheduler: Job 7 finished: start at NativeMethodAccessorImpl.java:0, took 537.910542 ms
[2026-04-12T06:18:43.407+0000] {subprocess.py:106} INFO - 26/04/12 06:18:43 INFO AppendDataExec: Data source write support IcebergBatchWrite(table=iceberg.air_quality_db.air_quality_silver, format=PARQUET) is committing.
[2026-04-12T06:18:43.409+0000] {subprocess.py:106} INFO - 26/04/12 06:18:43 INFO SparkWrite: Committing append with 3 new data files to table iceberg.air_quality_db.air_quality_silver
[2026-04-12T06:18:44.899+0000] {subprocess.py:106} INFO - 26/04/12 06:18:44 INFO HiveTableOperations: Committed to table iceberg.air_quality_db.air_quality_silver with the new metadata location hdfs://23133083thuyvan-master:9000/user/hive/lakehouse/air_quality_db.db/air_quality_silver/metadata/00009-a4e2c7f8-c6ba-4fa4-8d8b-51c8de428f07.metadata.json
[2026-04-12T06:18:44.900+0000] {subprocess.py:106} INFO - 26/04/12 06:18:44 INFO BaseMetastoreTableOperations: Successfully committed to table iceberg.air_quality_db.air_quality_silver in 559 ms
[2026-04-12T06:18:44.901+0000] {subprocess.py:106} INFO - 26/04/12 06:18:44 INFO SnapshotProducer: Committed snapshot 7424073487410627544 (MergeAppend)
[2026-04-12T06:18:44.932+0000] {subprocess.py:106} INFO - 26/04/12 06:18:44 INFO BaseMetastoreTableOperations: Refreshing table metadata from new version: hdfs://23133083thuyvan-master:9000/user/hive/lakehouse/air_quality_db.db/air_quality_silver/metadata/00009-a4e2c7f8-c6ba-4fa4-8d8b-51c8de428f07.metadata.json
[2026-04-12T06:18:44.941+0000] {subprocess.py:106} INFO - 26/04/12 06:18:44 INFO LoggingMetricsReporter: Received metrics report: CommitReport{tableName=iceberg.air_quality_db.air_quality_silver, snapshotId=7424073487410627544, sequenceNumber=9, operation=append, commitMetrics=CommitMetricsResult{totalDuration=TimerResult{timeUnit=NANOSECONDS, totalDuration=PT1.506042063S, count=1}, attempts=CounterResult{unit=COUNT, value=1}, addedDataFiles=CounterResult{unit=COUNT, value=3}, removedDataFiles=null, totalDataFiles=CounterResult{unit=COUNT, value=27}, addedDeleteFiles=null, addedEqualityDeleteFiles=null, addedPositionalDeleteFiles=null, addedDVs=null, removedDeleteFiles=null, removedEqualityDeleteFiles=null, removedPositionalDeleteFiles=null, removedDVs=null, totalDeleteFiles=CounterResult{unit=COUNT, value=0}, addedRecords=CounterResult{unit=COUNT, value=40}, removedRecords=null, totalRecords=CounterResult{unit=COUNT, value=280}, addedFilesSizeInBytes=CounterResult{unit=BYTES, value=29692}, removedFilesSizeInBytes=null, totalFilesSizeInBytes=CounterResult{unit=BYTES, value=248752}, addedPositionalDeletes=null, removedPositionalDeletes=null, totalPositionalDeletes=CounterResult{unit=COUNT, value=0}, addedEqualityDeletes=null, removedEqualityDeletes=null, totalEqualityDeletes=CounterResult{unit=COUNT, value=0}, manifestsCreated=null, manifestsReplaced=null, manifestsKept=null, manifestEntriesProcessed=null}, metadata={engine-version=4.0.2, app-id=local-1775974688107, engine-name=spark, iceberg-version=Apache Iceberg 1.10.1 (commit ccb8bc435062171e64bc8b7e5f56e6aed9c5b934)}}
[2026-04-12T06:18:44.942+0000] {subprocess.py:106} INFO - 26/04/12 06:18:44 INFO SparkWrite: Committed in 1537 ms
[2026-04-12T06:18:44.943+0000] {subprocess.py:106} INFO - 26/04/12 06:18:44 INFO AppendDataExec: Data source write support IcebergBatchWrite(table=iceberg.air_quality_db.air_quality_silver, format=PARQUET) committed.
[2026-04-12T06:18:44.945+0000] {subprocess.py:106} INFO - 26/04/12 06:18:44 INFO MapPartitionsRDD: Removing RDD 37 from persistence list
[2026-04-12T06:18:44.947+0000] {subprocess.py:106} INFO - 26/04/12 06:18:44 INFO BlockManager: Removing RDD 37
[2026-04-12T06:18:44.955+0000] {subprocess.py:106} INFO - 26/04/12 06:18:44 INFO CheckpointFileManager: Writing atomically to hdfs://23133083thuyvan-master:9000/user/hive/checkpoints/air_quality_realtime/commits/6 using temp file hdfs://23133083thuyvan-master:9000/user/hive/checkpoints/air_quality_realtime/commits/.6.3c89e620-ed7e-41ab-ade4-085228aeb087.tmp
[2026-04-12T06:18:45.387+0000] {subprocess.py:106} INFO - 26/04/12 06:18:45 INFO CheckpointFileManager: Renamed temp file hdfs://23133083thuyvan-master:9000/user/hive/checkpoints/air_quality_realtime/commits/.6.3c89e620-ed7e-41ab-ade4-085228aeb087.tmp to hdfs://23133083thuyvan-master:9000/user/hive/checkpoints/air_quality_realtime/commits/6
[2026-04-12T06:18:45.393+0000] {subprocess.py:106} INFO - 26/04/12 06:18:45 INFO MicroBatchExecutionContext: Extracting source progress metrics for source=KafkaV2[Subscribe[weather-topic]] took duration_ms=3
[2026-04-12T06:18:45.407+0000] {subprocess.py:106} INFO - 26/04/12 06:18:45 INFO MicroBatchExecutionContext: Extracting sink progress metrics for sink=ForeachBatchSink took duration_ms=0
[2026-04-12T06:18:45.408+0000] {subprocess.py:106} INFO - 26/04/12 06:18:45 INFO ProgressReporter: Streaming query made progress: {
[2026-04-12T06:18:45.408+0000] {subprocess.py:106} INFO -   "id" : "97df26eb-363e-4a9d-81a0-5bee41c3e2e1",
[2026-04-12T06:18:45.409+0000] {subprocess.py:106} INFO -   "runId" : "f9a5a65f-487c-4ad7-9952-1960991ab62e",
[2026-04-12T06:18:45.410+0000] {subprocess.py:106} INFO -   "name" : null,
[2026-04-12T06:18:45.411+0000] {subprocess.py:106} INFO -   "timestamp" : "2026-04-12T06:18:40.090Z",
[2026-04-12T06:18:45.412+0000] {subprocess.py:106} INFO -   "batchId" : 6,
[2026-04-12T06:18:45.412+0000] {subprocess.py:106} INFO -   "batchDuration" : 5296,
[2026-04-12T06:18:45.413+0000] {subprocess.py:106} INFO -   "numInputRows" : 80,
[2026-04-12T06:18:45.414+0000] {subprocess.py:106} INFO -   "inputRowsPerSecond" : 3.575259206292456,
[2026-04-12T06:18:45.415+0000] {subprocess.py:106} INFO -   "processedRowsPerSecond" : 15.105740181268882,
[2026-04-12T06:18:45.416+0000] {subprocess.py:106} INFO -   "durationMs" : {
[2026-04-12T06:18:45.417+0000] {subprocess.py:106} INFO -     "addBatch" : 4159,
[2026-04-12T06:18:45.418+0000] {subprocess.py:106} INFO -     "commitOffsets" : 440,
[2026-04-12T06:18:45.418+0000] {subprocess.py:106} INFO -     "getBatch" : 1,
[2026-04-12T06:18:45.419+0000] {subprocess.py:106} INFO -     "latestOffset" : 135,
[2026-04-12T06:18:45.419+0000] {subprocess.py:106} INFO -     "queryPlanning" : 51,
[2026-04-12T06:18:45.420+0000] {subprocess.py:106} INFO -     "triggerExecution" : 5296,
[2026-04-12T06:18:45.420+0000] {subprocess.py:106} INFO -     "walCommit" : 495
[2026-04-12T06:18:45.421+0000] {subprocess.py:106} INFO -   },
[2026-04-12T06:18:45.421+0000] {subprocess.py:106} INFO -   "stateOperators" : [ ],
[2026-04-12T06:18:45.425+0000] {subprocess.py:106} INFO -   "sources" : [ {
[2026-04-12T06:18:45.426+0000] {subprocess.py:106} INFO -     "description" : "KafkaV2[Subscribe[weather-topic]]",
[2026-04-12T06:18:45.427+0000] {subprocess.py:106} INFO -     "startOffset" : {
[2026-04-12T06:18:45.428+0000] {subprocess.py:106} INFO -       "weather-topic" : {
[2026-04-12T06:18:45.429+0000] {subprocess.py:106} INFO -         "0" : 99,
[2026-04-12T06:18:45.430+0000] {subprocess.py:106} INFO -         "1" : 120,
[2026-04-12T06:18:45.432+0000] {subprocess.py:106} INFO -         "2" : 101
[2026-04-12T06:18:45.433+0000] {subprocess.py:106} INFO -       }
[2026-04-12T06:18:45.440+0000] {subprocess.py:106} INFO -     },
[2026-04-12T06:18:45.440+0000] {subprocess.py:106} INFO -     "endOffset" : {
[2026-04-12T06:18:45.442+0000] {subprocess.py:106} INFO -       "weather-topic" : {
[2026-04-12T06:18:45.442+0000] {subprocess.py:106} INFO -         "0" : 120,
[2026-04-12T06:18:45.443+0000] {subprocess.py:106} INFO -         "1" : 126,
[2026-04-12T06:18:45.444+0000] {subprocess.py:106} INFO -         "2" : 114
[2026-04-12T06:18:45.444+0000] {subprocess.py:106} INFO -       }
[2026-04-12T06:18:45.445+0000] {subprocess.py:106} INFO -     },
[2026-04-12T06:18:45.445+0000] {subprocess.py:106} INFO -     "latestOffset" : {
[2026-04-12T06:18:45.446+0000] {subprocess.py:106} INFO -       "weather-topic" : {
[2026-04-12T06:18:45.447+0000] {subprocess.py:106} INFO -         "0" : 120,
[2026-04-12T06:18:45.447+0000] {subprocess.py:106} INFO -         "1" : 126,
[2026-04-12T06:18:45.448+0000] {subprocess.py:106} INFO -         "2" : 114
[2026-04-12T06:18:45.448+0000] {subprocess.py:106} INFO -       }
[2026-04-12T06:18:45.449+0000] {subprocess.py:106} INFO -     },
[2026-04-12T06:18:45.449+0000] {subprocess.py:106} INFO -     "numInputRows" : 80,
[2026-04-12T06:18:45.450+0000] {subprocess.py:106} INFO -     "inputRowsPerSecond" : 3.575259206292456,
[2026-04-12T06:18:45.450+0000] {subprocess.py:106} INFO -     "processedRowsPerSecond" : 15.105740181268882,
[2026-04-12T06:18:45.451+0000] {subprocess.py:106} INFO -     "metrics" : {
[2026-04-12T06:18:45.451+0000] {subprocess.py:106} INFO -       "avgOffsetsBehindLatest" : "0.0",
[2026-04-12T06:18:45.452+0000] {subprocess.py:106} INFO -       "maxOffsetsBehindLatest" : "0",
[2026-04-12T06:18:45.453+0000] {subprocess.py:106} INFO -       "minOffsetsBehindLatest" : "0"
[2026-04-12T06:18:45.453+0000] {subprocess.py:106} INFO -     }
[2026-04-12T06:18:45.453+0000] {subprocess.py:106} INFO -   } ],
[2026-04-12T06:18:45.454+0000] {subprocess.py:106} INFO -   "sink" : {
[2026-04-12T06:18:45.456+0000] {subprocess.py:106} INFO -     "description" : "ForeachBatchSink",
[2026-04-12T06:18:45.457+0000] {subprocess.py:106} INFO -     "numOutputRows" : -1
[2026-04-12T06:18:45.458+0000] {subprocess.py:106} INFO -   }
[2026-04-12T06:18:45.458+0000] {subprocess.py:106} INFO - }
[2026-04-12T06:19:00.015+0000] {subprocess.py:106} INFO - 26/04/12 06:19:00 INFO MicroBatchExecutionContext: Extracting source progress metrics for source=KafkaV2[Subscribe[weather-topic]] took duration_ms=0
[2026-04-12T06:19:00.015+0000] {subprocess.py:106} INFO - 26/04/12 06:19:00 INFO MicroBatchExecutionContext: Extracting sink progress metrics for sink=ForeachBatchSink took duration_ms=0
[2026-04-12T06:19:00.016+0000] {subprocess.py:106} INFO - 26/04/12 06:19:00 INFO ProgressReporter: Streaming query has been idle and waiting for new data more than 10000 ms.
[2026-04-12T06:19:30.012+0000] {subprocess.py:106} INFO - 26/04/12 06:19:30 INFO MicroBatchExecutionContext: Extracting source progress metrics for source=KafkaV2[Subscribe[weather-topic]] took duration_ms=0
[2026-04-12T06:19:30.013+0000] {subprocess.py:106} INFO - 26/04/12 06:19:30 INFO MicroBatchExecutionContext: Extracting sink progress metrics for sink=ForeachBatchSink took duration_ms=0
[2026-04-12T06:19:30.013+0000] {subprocess.py:106} INFO - 26/04/12 06:19:30 INFO ProgressReporter: Streaming query has been idle and waiting for new data more than 10000 ms.
[2026-04-12T06:20:00.020+0000] {subprocess.py:106} INFO - 26/04/12 06:20:00 INFO MicroBatchExecutionContext: Extracting source progress metrics for source=KafkaV2[Subscribe[weather-topic]] took duration_ms=0
[2026-04-12T06:20:00.021+0000] {subprocess.py:106} INFO - 26/04/12 06:20:00 INFO MicroBatchExecutionContext: Extracting sink progress metrics for sink=ForeachBatchSink took duration_ms=0
[2026-04-12T06:20:00.023+0000] {subprocess.py:106} INFO - 26/04/12 06:20:00 INFO ProgressReporter: Streaming query has been idle and waiting for new data more than 10000 ms.
[2026-04-12T06:20:30.031+0000] {subprocess.py:106} INFO - 26/04/12 06:20:30 INFO CheckpointFileManager: Writing atomically to hdfs://23133083thuyvan-master:9000/user/hive/checkpoints/air_quality_realtime/offsets/7 using temp file hdfs://23133083thuyvan-master:9000/user/hive/checkpoints/air_quality_realtime/offsets/.7.59611362-8309-4763-82b7-56b2d122a1c4.tmp
[2026-04-12T06:20:30.054+0000] {subprocess.py:106} INFO - 26/04/12 06:20:30 INFO CheckpointFileManager: Renamed temp file hdfs://23133083thuyvan-master:9000/user/hive/checkpoints/air_quality_realtime/offsets/.7.59611362-8309-4763-82b7-56b2d122a1c4.tmp to hdfs://23133083thuyvan-master:9000/user/hive/checkpoints/air_quality_realtime/offsets/7
[2026-04-12T06:20:30.055+0000] {subprocess.py:106} INFO - 26/04/12 06:20:30 INFO MicroBatchExecution: Committed offsets for batch 7. Metadata OffsetSeqMetadata(0,1775974830013,HashMap(spark.sql.streaming.stateStore.providerClass -> org.apache.spark.sql.execution.streaming.state.HDFSBackedStateStoreProvider, spark.sql.streaming.stateStore.rocksdb.formatVersion -> 5, spark.sql.streaming.stateStore.encodingFormat -> unsaferow, spark.sql.streaming.statefulOperator.useStrictDistribution -> true, spark.sql.streaming.flatMapGroupsWithState.stateFormatVersion -> 2, spark.sql.streaming.multipleWatermarkPolicy -> min, spark.sql.streaming.aggregation.stateFormatVersion -> 2, spark.sql.shuffle.partitions -> 50, spark.sql.streaming.join.stateFormatVersion -> 2, spark.sql.streaming.stateStore.compression.codec -> lz4, spark.sql.optimizer.pruneFiltersCanPruneStreamingSubplan -> false))
[2026-04-12T06:20:30.087+0000] {subprocess.py:106} INFO - 26/04/12 06:20:30 INFO IncrementalExecution: Current batch timestamp = 1775974830013
[2026-04-12T06:20:30.110+0000] {subprocess.py:106} INFO - 26/04/12 06:20:30 INFO IncrementalExecution: Current batch timestamp = 1775974830013
[2026-04-12T06:20:30.161+0000] {subprocess.py:106} INFO - 26/04/12 06:20:30 INFO CodeGenerator: Code generated in 32.895131 ms
[2026-04-12T06:20:30.162+0000] {subprocess.py:106} INFO - 26/04/12 06:20:30 INFO KafkaOffsetReaderAdmin: Partitions added: Map()
[2026-04-12T06:20:30.254+0000] {subprocess.py:106} INFO - 26/04/12 06:20:30 INFO SparkContext: Starting job: start at NativeMethodAccessorImpl.java:0
[2026-04-12T06:20:30.256+0000] {subprocess.py:106} INFO - 26/04/12 06:20:30 INFO DAGScheduler: Registering RDD 56 (start at NativeMethodAccessorImpl.java:0) as input to shuffle 2
[2026-04-12T06:20:30.258+0000] {subprocess.py:106} INFO - 26/04/12 06:20:30 INFO DAGScheduler: Got job 8 (start at NativeMethodAccessorImpl.java:0) with 1 output partitions
[2026-04-12T06:20:30.258+0000] {subprocess.py:106} INFO - 26/04/12 06:20:30 INFO DAGScheduler: Final stage: ResultStage 11 (start at NativeMethodAccessorImpl.java:0)
[2026-04-12T06:20:30.259+0000] {subprocess.py:106} INFO - 26/04/12 06:20:30 INFO DAGScheduler: Parents of final stage: List(ShuffleMapStage 10)
[2026-04-12T06:20:30.259+0000] {subprocess.py:106} INFO - 26/04/12 06:20:30 INFO DAGScheduler: Missing parents: List(ShuffleMapStage 10)
[2026-04-12T06:20:30.260+0000] {subprocess.py:106} INFO - 26/04/12 06:20:30 INFO DAGScheduler: Submitting ShuffleMapStage 10 (MapPartitionsRDD[56] at start at NativeMethodAccessorImpl.java:0), which has no missing parents
[2026-04-12T06:20:30.261+0000] {subprocess.py:106} INFO - 26/04/12 06:20:30 INFO MemoryStore: Block broadcast_18 stored as values in memory (estimated size 43.0 KiB, free 1040.3 MiB)
[2026-04-12T06:20:30.268+0000] {subprocess.py:106} INFO - 26/04/12 06:20:30 INFO MemoryStore: Block broadcast_18_piece0 stored as bytes in memory (estimated size 16.4 KiB, free 1040.3 MiB)
[2026-04-12T06:20:30.270+0000] {subprocess.py:106} INFO - 26/04/12 06:20:30 INFO SparkContext: Created broadcast 18 from broadcast at DAGScheduler.scala:1676
[2026-04-12T06:20:30.271+0000] {subprocess.py:106} INFO - 26/04/12 06:20:30 INFO DAGScheduler: Submitting 3 missing tasks from ShuffleMapStage 10 (MapPartitionsRDD[56] at start at NativeMethodAccessorImpl.java:0) (first 15 tasks are for partitions Vector(0, 1, 2))
[2026-04-12T06:20:30.272+0000] {subprocess.py:106} INFO - 26/04/12 06:20:30 INFO TaskSchedulerImpl: Adding task set 10.0 with 3 tasks resource profile 0
[2026-04-12T06:20:30.287+0000] {subprocess.py:106} INFO - 26/04/12 06:20:30 INFO TaskSetManager: Starting task 0.0 in stage 10.0 (TID 32) (spark-master,executor driver, partition 0, PROCESS_LOCAL, 13492 bytes)
[2026-04-12T06:20:30.288+0000] {subprocess.py:106} INFO - 26/04/12 06:20:30 INFO TaskSetManager: Starting task 1.0 in stage 10.0 (TID 33) (spark-master,executor driver, partition 1, PROCESS_LOCAL, 13492 bytes)
[2026-04-12T06:20:30.289+0000] {subprocess.py:106} INFO - 26/04/12 06:20:30 INFO TaskSetManager: Starting task 2.0 in stage 10.0 (TID 34) (spark-master,executor driver, partition 2, PROCESS_LOCAL, 13492 bytes)
[2026-04-12T06:20:30.291+0000] {subprocess.py:106} INFO - 26/04/12 06:20:30 INFO Executor: Running task 0.0 in stage 10.0 (TID 32)
[2026-04-12T06:20:30.291+0000] {subprocess.py:106} INFO - 26/04/12 06:20:30 INFO Executor: Running task 1.0 in stage 10.0 (TID 33)
[2026-04-12T06:20:30.296+0000] {subprocess.py:106} INFO - 26/04/12 06:20:30 INFO Executor: Running task 2.0 in stage 10.0 (TID 34)
[2026-04-12T06:20:30.309+0000] {subprocess.py:106} INFO - 26/04/12 06:20:30 INFO BlockManager: Removing RDD 37
[2026-04-12T06:20:30.326+0000] {subprocess.py:106} INFO - 26/04/12 06:20:30 INFO CodeGenerator: Code generated in 24.602316 ms
[2026-04-12T06:20:30.328+0000] {subprocess.py:106} INFO - 26/04/12 06:20:30 INFO KafkaBatchReaderFactory: Creating Kafka reader topicPartition=weather-topic-2 fromOffset=114} untilOffset=121, for query queryId=97df26eb-363e-4a9d-81a0-5bee41c3e2e1 batchId=7 taskId=32 partitionId=0
[2026-04-12T06:20:30.330+0000] {subprocess.py:106} INFO - 26/04/12 06:20:30 INFO KafkaBatchReaderFactory: Creating Kafka reader topicPartition=weather-topic-1 fromOffset=126} untilOffset=130, for query queryId=97df26eb-363e-4a9d-81a0-5bee41c3e2e1 batchId=7 taskId=33 partitionId=1
[2026-04-12T06:20:30.331+0000] {subprocess.py:106} INFO - 26/04/12 06:20:30 INFO KafkaBatchReaderFactory: Creating Kafka reader topicPartition=weather-topic-0 fromOffset=120} untilOffset=129, for query queryId=97df26eb-363e-4a9d-81a0-5bee41c3e2e1 batchId=7 taskId=34 partitionId=2
[2026-04-12T06:20:30.338+0000] {subprocess.py:106} INFO - 26/04/12 06:20:30 INFO ClassicKafkaConsumer: [Consumer clientId=consumer-spark-kafka-source-979b0fad-c3f5-47c4-b708-f769449d314b--983882313-executor-3, groupId=spark-kafka-source-979b0fad-c3f5-47c4-b708-f769449d314b--983882313-executor] Seeking to offset 120 for partition weather-topic-0
[2026-04-12T06:20:30.338+0000] {subprocess.py:106} INFO - 26/04/12 06:20:30 INFO ClassicKafkaConsumer: [Consumer clientId=consumer-spark-kafka-source-979b0fad-c3f5-47c4-b708-f769449d314b--983882313-executor-1, groupId=spark-kafka-source-979b0fad-c3f5-47c4-b708-f769449d314b--983882313-executor] Seeking to offset 114 for partition weather-topic-2
[2026-04-12T06:20:30.339+0000] {subprocess.py:106} INFO - 26/04/12 06:20:30 INFO ClassicKafkaConsumer: [Consumer clientId=consumer-spark-kafka-source-979b0fad-c3f5-47c4-b708-f769449d314b--983882313-executor-2, groupId=spark-kafka-source-979b0fad-c3f5-47c4-b708-f769449d314b--983882313-executor] Seeking to offset 126 for partition weather-topic-1
[2026-04-12T06:20:30.343+0000] {subprocess.py:106} INFO - 26/04/12 06:20:30 INFO SubscriptionState: [Consumer clientId=consumer-spark-kafka-source-979b0fad-c3f5-47c4-b708-f769449d314b--983882313-executor-2, groupId=spark-kafka-source-979b0fad-c3f5-47c4-b708-f769449d314b--983882313-executor] Seeking to earliest offset of partition weather-topic-1
[2026-04-12T06:20:30.343+0000] {subprocess.py:106} INFO - 26/04/12 06:20:30 INFO SubscriptionState: [Consumer clientId=consumer-spark-kafka-source-979b0fad-c3f5-47c4-b708-f769449d314b--983882313-executor-1, groupId=spark-kafka-source-979b0fad-c3f5-47c4-b708-f769449d314b--983882313-executor] Seeking to earliest offset of partition weather-topic-2
[2026-04-12T06:20:30.344+0000] {subprocess.py:106} INFO - 26/04/12 06:20:30 INFO SubscriptionState: [Consumer clientId=consumer-spark-kafka-source-979b0fad-c3f5-47c4-b708-f769449d314b--983882313-executor-3, groupId=spark-kafka-source-979b0fad-c3f5-47c4-b708-f769449d314b--983882313-executor] Seeking to earliest offset of partition weather-topic-0
[2026-04-12T06:20:30.846+0000] {subprocess.py:106} INFO - 26/04/12 06:20:30 INFO SubscriptionState: [Consumer clientId=consumer-spark-kafka-source-979b0fad-c3f5-47c4-b708-f769449d314b--983882313-executor-2, groupId=spark-kafka-source-979b0fad-c3f5-47c4-b708-f769449d314b--983882313-executor] Resetting offset for partition weather-topic-1 to position FetchPosition{offset=0, offsetEpoch=Optional.empty, currentLeader=LeaderAndEpoch{leader=Optional[kafka:9092 (id: 1 rack: null)], epoch=0}}.
[2026-04-12T06:20:30.847+0000] {subprocess.py:106} INFO - 26/04/12 06:20:30 INFO SubscriptionState: [Consumer clientId=consumer-spark-kafka-source-979b0fad-c3f5-47c4-b708-f769449d314b--983882313-executor-2, groupId=spark-kafka-source-979b0fad-c3f5-47c4-b708-f769449d314b--983882313-executor] Seeking to latest offset of partition weather-topic-1
[2026-04-12T06:20:30.848+0000] {subprocess.py:106} INFO - 26/04/12 06:20:30 INFO SubscriptionState: [Consumer clientId=consumer-spark-kafka-source-979b0fad-c3f5-47c4-b708-f769449d314b--983882313-executor-1, groupId=spark-kafka-source-979b0fad-c3f5-47c4-b708-f769449d314b--983882313-executor] Resetting offset for partition weather-topic-2 to position FetchPosition{offset=0, offsetEpoch=Optional.empty, currentLeader=LeaderAndEpoch{leader=Optional[kafka:9092 (id: 1 rack: null)], epoch=0}}.
[2026-04-12T06:20:30.848+0000] {subprocess.py:106} INFO - 26/04/12 06:20:30 INFO SubscriptionState: [Consumer clientId=consumer-spark-kafka-source-979b0fad-c3f5-47c4-b708-f769449d314b--983882313-executor-3, groupId=spark-kafka-source-979b0fad-c3f5-47c4-b708-f769449d314b--983882313-executor] Resetting offset for partition weather-topic-0 to position FetchPosition{offset=0, offsetEpoch=Optional.empty, currentLeader=LeaderAndEpoch{leader=Optional[kafka:9092 (id: 1 rack: null)], epoch=0}}.
[2026-04-12T06:20:30.849+0000] {subprocess.py:106} INFO - 26/04/12 06:20:30 INFO SubscriptionState: [Consumer clientId=consumer-spark-kafka-source-979b0fad-c3f5-47c4-b708-f769449d314b--983882313-executor-1, groupId=spark-kafka-source-979b0fad-c3f5-47c4-b708-f769449d314b--983882313-executor] Seeking to latest offset of partition weather-topic-2
[2026-04-12T06:20:30.850+0000] {subprocess.py:106} INFO - 26/04/12 06:20:30 INFO SubscriptionState: [Consumer clientId=consumer-spark-kafka-source-979b0fad-c3f5-47c4-b708-f769449d314b--983882313-executor-3, groupId=spark-kafka-source-979b0fad-c3f5-47c4-b708-f769449d314b--983882313-executor] Seeking to latest offset of partition weather-topic-0
[2026-04-12T06:20:30.851+0000] {subprocess.py:106} INFO - 26/04/12 06:20:30 INFO SubscriptionState: [Consumer clientId=consumer-spark-kafka-source-979b0fad-c3f5-47c4-b708-f769449d314b--983882313-executor-2, groupId=spark-kafka-source-979b0fad-c3f5-47c4-b708-f769449d314b--983882313-executor] Resetting offset for partition weather-topic-1 to position FetchPosition{offset=130, offsetEpoch=Optional.empty, currentLeader=LeaderAndEpoch{leader=Optional[kafka:9092 (id: 1 rack: null)], epoch=0}}.
[2026-04-12T06:20:30.851+0000] {subprocess.py:106} INFO - 26/04/12 06:20:30 INFO SubscriptionState: [Consumer clientId=consumer-spark-kafka-source-979b0fad-c3f5-47c4-b708-f769449d314b--983882313-executor-3, groupId=spark-kafka-source-979b0fad-c3f5-47c4-b708-f769449d314b--983882313-executor] Resetting offset for partition weather-topic-0 to position FetchPosition{offset=129, offsetEpoch=Optional.empty, currentLeader=LeaderAndEpoch{leader=Optional[kafka:9092 (id: 1 rack: null)], epoch=0}}.
[2026-04-12T06:20:30.852+0000] {subprocess.py:106} INFO - 26/04/12 06:20:30 INFO SubscriptionState: [Consumer clientId=consumer-spark-kafka-source-979b0fad-c3f5-47c4-b708-f769449d314b--983882313-executor-1, groupId=spark-kafka-source-979b0fad-c3f5-47c4-b708-f769449d314b--983882313-executor] Resetting offset for partition weather-topic-2 to position FetchPosition{offset=121, offsetEpoch=Optional.empty, currentLeader=LeaderAndEpoch{leader=Optional[kafka:9092 (id: 1 rack: null)], epoch=0}}.
[2026-04-12T06:20:30.857+0000] {subprocess.py:106} INFO - 26/04/12 06:20:30 INFO KafkaDataConsumer: From Kafka topicPartition=weather-topic-2 groupId=spark-kafka-source-979b0fad-c3f5-47c4-b708-f769449d314b--983882313-executor read 7 records through 1 polls (polled out 7 records), taking 512.973364 ms, during time span of 521.056304 ms.
[2026-04-12T06:20:30.858+0000] {subprocess.py:106} INFO - 26/04/12 06:20:30 INFO KafkaDataConsumer: From Kafka topicPartition=weather-topic-1 groupId=spark-kafka-source-979b0fad-c3f5-47c4-b708-f769449d314b--983882313-executor read 4 records through 1 polls (polled out 4 records), taking 511.137233 ms, during time span of 521.307513 ms.
[2026-04-12T06:20:30.869+0000] {subprocess.py:106} INFO - 26/04/12 06:20:30 INFO Executor: Finished task 1.0 in stage 10.0 (TID 33). 2339 bytes result sent to driver
[2026-04-12T06:20:30.871+0000] {subprocess.py:106} INFO - 26/04/12 06:20:30 INFO KafkaDataConsumer: From Kafka topicPartition=weather-topic-0 groupId=spark-kafka-source-979b0fad-c3f5-47c4-b708-f769449d314b--983882313-executor read 9 records through 1 polls (polled out 9 records), taking 513.279819 ms, during time span of 533.51059 ms.
[2026-04-12T06:20:30.872+0000] {subprocess.py:106} INFO - 26/04/12 06:20:30 INFO Executor: Finished task 0.0 in stage 10.0 (TID 32). 2382 bytes result sent to driver
[2026-04-12T06:20:30.873+0000] {subprocess.py:106} INFO - 26/04/12 06:20:30 INFO TaskSetManager: Finished task 1.0 in stage 10.0 (TID 33) in 585 ms on spark-master (executor driver) (1/3)
[2026-04-12T06:20:30.873+0000] {subprocess.py:106} INFO - 26/04/12 06:20:30 INFO Executor: Finished task 2.0 in stage 10.0 (TID 34). 2339 bytes result sent to driver
[2026-04-12T06:20:30.880+0000] {subprocess.py:106} INFO - 26/04/12 06:20:30 INFO TaskSetManager: Finished task 0.0 in stage 10.0 (TID 32) in 603 ms on spark-master (executor driver) (2/3)
[2026-04-12T06:20:30.881+0000] {subprocess.py:106} INFO - 26/04/12 06:20:30 INFO TaskSetManager: Finished task 2.0 in stage 10.0 (TID 34) in 590 ms on spark-master (executor driver) (3/3)
[2026-04-12T06:20:30.882+0000] {subprocess.py:106} INFO - 26/04/12 06:20:30 INFO TaskSchedulerImpl: Removed TaskSet 10.0 whose tasks have all completed, from pool
[2026-04-12T06:20:30.883+0000] {subprocess.py:106} INFO - 26/04/12 06:20:30 INFO DAGScheduler: ShuffleMapStage 10 (start at NativeMethodAccessorImpl.java:0) finished in 618 ms
[2026-04-12T06:20:30.884+0000] {subprocess.py:106} INFO - 26/04/12 06:20:30 INFO DAGScheduler: looking for newly runnable stages
[2026-04-12T06:20:30.895+0000] {subprocess.py:106} INFO - 26/04/12 06:20:30 INFO DAGScheduler: running: HashSet()
[2026-04-12T06:20:30.898+0000] {subprocess.py:106} INFO - 26/04/12 06:20:30 INFO DAGScheduler: waiting: HashSet(ResultStage 11)
[2026-04-12T06:20:30.901+0000] {subprocess.py:106} INFO - 26/04/12 06:20:30 INFO DAGScheduler: failed: HashSet()
[2026-04-12T06:20:30.902+0000] {subprocess.py:106} INFO - 26/04/12 06:20:30 INFO DAGScheduler: Submitting ResultStage 11 (MapPartitionsRDD[59] at start at NativeMethodAccessorImpl.java:0), which has no missing parents
[2026-04-12T06:20:30.903+0000] {subprocess.py:106} INFO - 26/04/12 06:20:30 INFO MemoryStore: Block broadcast_19 stored as values in memory (estimated size 13.6 KiB, free 1044.6 MiB)
[2026-04-12T06:20:30.904+0000] {subprocess.py:106} INFO - 26/04/12 06:20:30 INFO MemoryStore: Block broadcast_19_piece0 stored as bytes in memory (estimated size 6.5 KiB, free 1044.6 MiB)
[2026-04-12T06:20:30.905+0000] {subprocess.py:106} INFO - 26/04/12 06:20:30 INFO SparkContext: Created broadcast 19 from broadcast at DAGScheduler.scala:1676
[2026-04-12T06:20:30.907+0000] {subprocess.py:106} INFO - 26/04/12 06:20:30 INFO DAGScheduler: Submitting 1 missing tasks from ResultStage 11 (MapPartitionsRDD[59] at start at NativeMethodAccessorImpl.java:0) (first 15 tasks are for partitions Vector(0))
[2026-04-12T06:20:30.908+0000] {subprocess.py:106} INFO - 26/04/12 06:20:30 INFO TaskSchedulerImpl: Adding task set 11.0 with 1 tasks resource profile 0
[2026-04-12T06:20:30.911+0000] {subprocess.py:106} INFO - 26/04/12 06:20:30 INFO TaskSetManager: Starting task 0.0 in stage 11.0 (TID 35) (spark-master,executor driver, partition 0, NODE_LOCAL, 12446 bytes)
[2026-04-12T06:20:30.912+0000] {subprocess.py:106} INFO - 26/04/12 06:20:30 INFO Executor: Running task 0.0 in stage 11.0 (TID 35)
[2026-04-12T06:20:30.913+0000] {subprocess.py:106} INFO - 26/04/12 06:20:30 INFO ShuffleBlockFetcherIterator: Getting 3 (180.0 B) non-empty blocks including 3 (180.0 B) local and 0 (0.0 B) host-local and 0 (0.0 B) push-merged-local and 0 (0.0 B) remote blocks
[2026-04-12T06:20:30.914+0000] {subprocess.py:106} INFO - 26/04/12 06:20:30 INFO ShuffleBlockFetcherIterator: Started 0 remote fetches in 1 ms
[2026-04-12T06:20:30.916+0000] {subprocess.py:106} INFO - 26/04/12 06:20:30 INFO Executor: Finished task 0.0 in stage 11.0 (TID 35). 3895 bytes result sent to driver
[2026-04-12T06:20:30.928+0000] {subprocess.py:106} INFO - 26/04/12 06:20:30 INFO TaskSetManager: Finished task 0.0 in stage 11.0 (TID 35) in 25 ms on spark-master (executor driver) (1/1)
[2026-04-12T06:20:30.931+0000] {subprocess.py:106} INFO - 26/04/12 06:20:30 INFO TaskSchedulerImpl: Removed TaskSet 11.0 whose tasks have all completed, from pool
[2026-04-12T06:20:30.936+0000] {subprocess.py:106} INFO - 26/04/12 06:20:30 INFO DAGScheduler: ResultStage 11 (start at NativeMethodAccessorImpl.java:0) finished in 42 ms
[2026-04-12T06:20:30.938+0000] {subprocess.py:106} INFO - 26/04/12 06:20:30 INFO DAGScheduler: Job 8 is finished. Cancelling potential speculative or zombie tasks for this job
[2026-04-12T06:20:30.940+0000] {subprocess.py:106} INFO - 26/04/12 06:20:30 INFO TaskSchedulerImpl: Canceling stage 11
[2026-04-12T06:20:30.940+0000] {subprocess.py:106} INFO - 26/04/12 06:20:30 INFO TaskSchedulerImpl: Killing all running tasks in stage 11: Stage finished
[2026-04-12T06:20:30.945+0000] {subprocess.py:106} INFO - 26/04/12 06:20:30 INFO DAGScheduler: Job 8 finished: start at NativeMethodAccessorImpl.java:0, took 680.022965 ms
[2026-04-12T06:20:31.064+0000] {subprocess.py:106} INFO - 26/04/12 06:20:31 INFO ParquetUtils: Using default output committer for Parquet: org.apache.parquet.hadoop.ParquetOutputCommitter
[2026-04-12T06:20:31.067+0000] {subprocess.py:106} INFO - 26/04/12 06:20:31 INFO FileOutputCommitter: File Output Committer Algorithm version is 1
[2026-04-12T06:20:31.069+0000] {subprocess.py:106} INFO - 26/04/12 06:20:31 INFO FileOutputCommitter: FileOutputCommitter skip cleanup _temporary folders under output directory:false, ignore cleanup failures: false
[2026-04-12T06:20:31.070+0000] {subprocess.py:106} INFO - 26/04/12 06:20:31 INFO SQLHadoopMapReduceCommitProtocol: Using user defined output committer class org.apache.parquet.hadoop.ParquetOutputCommitter
[2026-04-12T06:20:31.071+0000] {subprocess.py:106} INFO - 26/04/12 06:20:31 INFO FileOutputCommitter: File Output Committer Algorithm version is 1
[2026-04-12T06:20:31.072+0000] {subprocess.py:106} INFO - 26/04/12 06:20:31 INFO FileOutputCommitter: FileOutputCommitter skip cleanup _temporary folders under output directory:false, ignore cleanup failures: false
[2026-04-12T06:20:31.073+0000] {subprocess.py:106} INFO - 26/04/12 06:20:31 INFO SQLHadoopMapReduceCommitProtocol: Using output committer class org.apache.parquet.hadoop.ParquetOutputCommitter
[2026-04-12T06:20:31.097+0000] {subprocess.py:106} INFO - 26/04/12 06:20:31 INFO SparkContext: Starting job: start at NativeMethodAccessorImpl.java:0
[2026-04-12T06:20:31.102+0000] {subprocess.py:106} INFO - 26/04/12 06:20:31 INFO DAGScheduler: Got job 9 (start at NativeMethodAccessorImpl.java:0) with 3 output partitions
[2026-04-12T06:20:31.107+0000] {subprocess.py:106} INFO - 26/04/12 06:20:31 INFO DAGScheduler: Final stage: ResultStage 12 (start at NativeMethodAccessorImpl.java:0)
[2026-04-12T06:20:31.111+0000] {subprocess.py:106} INFO - 26/04/12 06:20:31 INFO DAGScheduler: Parents of final stage: List()
[2026-04-12T06:20:31.111+0000] {subprocess.py:106} INFO - 26/04/12 06:20:31 INFO DAGScheduler: Missing parents: List()
[2026-04-12T06:20:31.112+0000] {subprocess.py:106} INFO - 26/04/12 06:20:31 INFO DAGScheduler: Submitting ResultStage 12 (MapPartitionsRDD[66] at start at NativeMethodAccessorImpl.java:0), which has no missing parents
[2026-04-12T06:20:31.136+0000] {subprocess.py:106} INFO - 26/04/12 06:20:31 INFO MemoryStore: Block broadcast_20 stored as values in memory (estimated size 298.8 KiB, free 1044.4 MiB)
[2026-04-12T06:20:31.140+0000] {subprocess.py:106} INFO - 26/04/12 06:20:31 INFO MemoryStore: Block broadcast_20_piece0 stored as bytes in memory (estimated size 105.8 KiB, free 1044.3 MiB)
[2026-04-12T06:20:31.142+0000] {subprocess.py:106} INFO - 26/04/12 06:20:31 INFO SparkContext: Created broadcast 20 from broadcast at DAGScheduler.scala:1676
[2026-04-12T06:20:31.143+0000] {subprocess.py:106} INFO - 26/04/12 06:20:31 INFO DAGScheduler: Submitting 3 missing tasks from ResultStage 12 (MapPartitionsRDD[66] at start at NativeMethodAccessorImpl.java:0) (first 15 tasks are for partitions Vector(0, 1, 2))
[2026-04-12T06:20:31.144+0000] {subprocess.py:106} INFO - 26/04/12 06:20:31 INFO TaskSchedulerImpl: Adding task set 12.0 with 3 tasks resource profile 0
[2026-04-12T06:20:31.146+0000] {subprocess.py:106} INFO - 26/04/12 06:20:31 INFO TaskSetManager: Starting task 0.0 in stage 12.0 (TID 36) (spark-master,executor driver, partition 0, PROCESS_LOCAL, 13503 bytes)
[2026-04-12T06:20:31.147+0000] {subprocess.py:106} INFO - 26/04/12 06:20:31 INFO TaskSetManager: Starting task 1.0 in stage 12.0 (TID 37) (spark-master,executor driver, partition 1, PROCESS_LOCAL, 13503 bytes)
[2026-04-12T06:20:31.149+0000] {subprocess.py:106} INFO - 26/04/12 06:20:31 INFO TaskSetManager: Starting task 2.0 in stage 12.0 (TID 38) (spark-master,executor driver, partition 2, PROCESS_LOCAL, 13503 bytes)
[2026-04-12T06:20:31.151+0000] {subprocess.py:106} INFO - 26/04/12 06:20:31 INFO Executor: Running task 2.0 in stage 12.0 (TID 38)
[2026-04-12T06:20:31.151+0000] {subprocess.py:106} INFO - 26/04/12 06:20:31 INFO Executor: Running task 1.0 in stage 12.0 (TID 37)
[2026-04-12T06:20:31.152+0000] {subprocess.py:106} INFO - 26/04/12 06:20:31 INFO Executor: Running task 0.0 in stage 12.0 (TID 36)
[2026-04-12T06:20:31.216+0000] {subprocess.py:106} INFO - 26/04/12 06:20:31 INFO KafkaBatchReaderFactory: Creating Kafka reader topicPartition=weather-topic-1 fromOffset=126} untilOffset=130, for query queryId=97df26eb-363e-4a9d-81a0-5bee41c3e2e1 batchId=7 taskId=37 partitionId=1
[2026-04-12T06:20:31.216+0000] {subprocess.py:106} INFO - 26/04/12 06:20:31 INFO KafkaBatchReaderFactory: Creating Kafka reader topicPartition=weather-topic-2 fromOffset=114} untilOffset=121, for query queryId=97df26eb-363e-4a9d-81a0-5bee41c3e2e1 batchId=7 taskId=36 partitionId=0
[2026-04-12T06:20:31.217+0000] {subprocess.py:106} INFO - 26/04/12 06:20:31 INFO KafkaBatchReaderFactory: Creating Kafka reader topicPartition=weather-topic-0 fromOffset=120} untilOffset=129, for query queryId=97df26eb-363e-4a9d-81a0-5bee41c3e2e1 batchId=7 taskId=38 partitionId=2
[2026-04-12T06:20:31.222+0000] {subprocess.py:106} INFO - 26/04/12 06:20:31 INFO ClassicKafkaConsumer: [Consumer clientId=consumer-spark-kafka-source-979b0fad-c3f5-47c4-b708-f769449d314b--983882313-executor-3, groupId=spark-kafka-source-979b0fad-c3f5-47c4-b708-f769449d314b--983882313-executor] Seeking to offset 120 for partition weather-topic-0
[2026-04-12T06:20:31.223+0000] {subprocess.py:106} INFO - 26/04/12 06:20:31 INFO ClassicKafkaConsumer: [Consumer clientId=consumer-spark-kafka-source-979b0fad-c3f5-47c4-b708-f769449d314b--983882313-executor-1, groupId=spark-kafka-source-979b0fad-c3f5-47c4-b708-f769449d314b--983882313-executor] Seeking to offset 114 for partition weather-topic-2
[2026-04-12T06:20:31.224+0000] {subprocess.py:106} INFO - 26/04/12 06:20:31 INFO ClassicKafkaConsumer: [Consumer clientId=consumer-spark-kafka-source-979b0fad-c3f5-47c4-b708-f769449d314b--983882313-executor-2, groupId=spark-kafka-source-979b0fad-c3f5-47c4-b708-f769449d314b--983882313-executor] Seeking to offset 126 for partition weather-topic-1
[2026-04-12T06:20:31.230+0000] {subprocess.py:106} INFO - 26/04/12 06:20:31 INFO SubscriptionState: [Consumer clientId=consumer-spark-kafka-source-979b0fad-c3f5-47c4-b708-f769449d314b--983882313-executor-2, groupId=spark-kafka-source-979b0fad-c3f5-47c4-b708-f769449d314b--983882313-executor] Seeking to earliest offset of partition weather-topic-1
[2026-04-12T06:20:31.231+0000] {subprocess.py:106} INFO - 26/04/12 06:20:31 INFO SubscriptionState: [Consumer clientId=consumer-spark-kafka-source-979b0fad-c3f5-47c4-b708-f769449d314b--983882313-executor-3, groupId=spark-kafka-source-979b0fad-c3f5-47c4-b708-f769449d314b--983882313-executor] Seeking to earliest offset of partition weather-topic-0
[2026-04-12T06:20:31.232+0000] {subprocess.py:106} INFO - 26/04/12 06:20:31 INFO SubscriptionState: [Consumer clientId=consumer-spark-kafka-source-979b0fad-c3f5-47c4-b708-f769449d314b--983882313-executor-1, groupId=spark-kafka-source-979b0fad-c3f5-47c4-b708-f769449d314b--983882313-executor] Seeking to earliest offset of partition weather-topic-2
[2026-04-12T06:20:31.732+0000] {subprocess.py:106} INFO - 26/04/12 06:20:31 INFO SubscriptionState: [Consumer clientId=consumer-spark-kafka-source-979b0fad-c3f5-47c4-b708-f769449d314b--983882313-executor-2, groupId=spark-kafka-source-979b0fad-c3f5-47c4-b708-f769449d314b--983882313-executor] Resetting offset for partition weather-topic-1 to position FetchPosition{offset=0, offsetEpoch=Optional.empty, currentLeader=LeaderAndEpoch{leader=Optional[kafka:9092 (id: 1 rack: null)], epoch=0}}.
[2026-04-12T06:20:31.737+0000] {subprocess.py:106} INFO - 26/04/12 06:20:31 INFO SubscriptionState: [Consumer clientId=consumer-spark-kafka-source-979b0fad-c3f5-47c4-b708-f769449d314b--983882313-executor-2, groupId=spark-kafka-source-979b0fad-c3f5-47c4-b708-f769449d314b--983882313-executor] Seeking to latest offset of partition weather-topic-1
[2026-04-12T06:20:31.737+0000] {subprocess.py:106} INFO - 26/04/12 06:20:31 INFO SubscriptionState: [Consumer clientId=consumer-spark-kafka-source-979b0fad-c3f5-47c4-b708-f769449d314b--983882313-executor-2, groupId=spark-kafka-source-979b0fad-c3f5-47c4-b708-f769449d314b--983882313-executor] Resetting offset for partition weather-topic-1 to position FetchPosition{offset=130, offsetEpoch=Optional.empty, currentLeader=LeaderAndEpoch{leader=Optional[kafka:9092 (id: 1 rack: null)], epoch=0}}.
[2026-04-12T06:20:31.738+0000] {subprocess.py:106} INFO - 26/04/12 06:20:31 INFO SubscriptionState: [Consumer clientId=consumer-spark-kafka-source-979b0fad-c3f5-47c4-b708-f769449d314b--983882313-executor-1, groupId=spark-kafka-source-979b0fad-c3f5-47c4-b708-f769449d314b--983882313-executor] Resetting offset for partition weather-topic-2 to position FetchPosition{offset=0, offsetEpoch=Optional.empty, currentLeader=LeaderAndEpoch{leader=Optional[kafka:9092 (id: 1 rack: null)], epoch=0}}.
[2026-04-12T06:20:31.739+0000] {subprocess.py:106} INFO - 26/04/12 06:20:31 INFO SubscriptionState: [Consumer clientId=consumer-spark-kafka-source-979b0fad-c3f5-47c4-b708-f769449d314b--983882313-executor-1, groupId=spark-kafka-source-979b0fad-c3f5-47c4-b708-f769449d314b--983882313-executor] Seeking to latest offset of partition weather-topic-2
[2026-04-12T06:20:31.739+0000] {subprocess.py:106} INFO - 26/04/12 06:20:31 INFO SubscriptionState: [Consumer clientId=consumer-spark-kafka-source-979b0fad-c3f5-47c4-b708-f769449d314b--983882313-executor-3, groupId=spark-kafka-source-979b0fad-c3f5-47c4-b708-f769449d314b--983882313-executor] Resetting offset for partition weather-topic-0 to position FetchPosition{offset=0, offsetEpoch=Optional.empty, currentLeader=LeaderAndEpoch{leader=Optional[kafka:9092 (id: 1 rack: null)], epoch=0}}.
[2026-04-12T06:20:31.740+0000] {subprocess.py:106} INFO - 26/04/12 06:20:31 INFO SubscriptionState: [Consumer clientId=consumer-spark-kafka-source-979b0fad-c3f5-47c4-b708-f769449d314b--983882313-executor-3, groupId=spark-kafka-source-979b0fad-c3f5-47c4-b708-f769449d314b--983882313-executor] Seeking to latest offset of partition weather-topic-0
[2026-04-12T06:20:31.740+0000] {subprocess.py:106} INFO - 26/04/12 06:20:31 INFO SubscriptionState: [Consumer clientId=consumer-spark-kafka-source-979b0fad-c3f5-47c4-b708-f769449d314b--983882313-executor-1, groupId=spark-kafka-source-979b0fad-c3f5-47c4-b708-f769449d314b--983882313-executor] Resetting offset for partition weather-topic-2 to position FetchPosition{offset=121, offsetEpoch=Optional.empty, currentLeader=LeaderAndEpoch{leader=Optional[kafka:9092 (id: 1 rack: null)], epoch=0}}.
[2026-04-12T06:20:31.740+0000] {subprocess.py:106} INFO - 26/04/12 06:20:31 INFO SubscriptionState: [Consumer clientId=consumer-spark-kafka-source-979b0fad-c3f5-47c4-b708-f769449d314b--983882313-executor-3, groupId=spark-kafka-source-979b0fad-c3f5-47c4-b708-f769449d314b--983882313-executor] Resetting offset for partition weather-topic-0 to position FetchPosition{offset=129, offsetEpoch=Optional.empty, currentLeader=LeaderAndEpoch{leader=Optional[kafka:9092 (id: 1 rack: null)], epoch=0}}.
[2026-04-12T06:20:31.743+0000] {subprocess.py:106} INFO - 26/04/12 06:20:31 INFO MemoryStore: Block rdd_62_1 stored as values in memory (estimated size 3.5 KiB, free 1044.3 MiB)
[2026-04-12T06:20:31.744+0000] {subprocess.py:106} INFO - 26/04/12 06:20:31 INFO MemoryStore: Block rdd_62_0 stored as values in memory (estimated size 3.9 KiB, free 1044.3 MiB)
[2026-04-12T06:20:31.746+0000] {subprocess.py:106} INFO - 26/04/12 06:20:31 INFO MemoryStore: Block rdd_62_2 stored as values in memory (estimated size 4.2 KiB, free 1044.3 MiB)
[2026-04-12T06:20:31.746+0000] {subprocess.py:106} INFO - 26/04/12 06:20:31 INFO FileOutputCommitter: File Output Committer Algorithm version is 1
[2026-04-12T06:20:31.748+0000] {subprocess.py:106} INFO - 26/04/12 06:20:31 INFO FileOutputCommitter: FileOutputCommitter skip cleanup _temporary folders under output directory:false, ignore cleanup failures: false
[2026-04-12T06:20:31.749+0000] {subprocess.py:106} INFO - 26/04/12 06:20:31 INFO SQLHadoopMapReduceCommitProtocol: Using user defined output committer class org.apache.parquet.hadoop.ParquetOutputCommitter
[2026-04-12T06:20:31.751+0000] {subprocess.py:106} INFO - 26/04/12 06:20:31 INFO FileOutputCommitter: File Output Committer Algorithm version is 1
[2026-04-12T06:20:31.751+0000] {subprocess.py:106} INFO - 26/04/12 06:20:31 INFO FileOutputCommitter: FileOutputCommitter skip cleanup _temporary folders under output directory:false, ignore cleanup failures: false
[2026-04-12T06:20:31.752+0000] {subprocess.py:106} INFO - 26/04/12 06:20:31 INFO SQLHadoopMapReduceCommitProtocol: Using output committer class org.apache.parquet.hadoop.ParquetOutputCommitter
[2026-04-12T06:20:31.752+0000] {subprocess.py:106} INFO - 26/04/12 06:20:31 INFO CodecConfig: Compression: SNAPPY
[2026-04-12T06:20:31.753+0000] {subprocess.py:106} INFO - 26/04/12 06:20:31 INFO FileOutputCommitter: File Output Committer Algorithm version is 1
[2026-04-12T06:20:31.753+0000] {subprocess.py:106} INFO - 26/04/12 06:20:31 INFO FileOutputCommitter: FileOutputCommitter skip cleanup _temporary folders under output directory:false, ignore cleanup failures: false
[2026-04-12T06:20:31.754+0000] {subprocess.py:106} INFO - 26/04/12 06:20:31 INFO CodecConfig: Compression: SNAPPY
[2026-04-12T06:20:31.760+0000] {subprocess.py:106} INFO - 26/04/12 06:20:31 INFO SQLHadoopMapReduceCommitProtocol: Using user defined output committer class org.apache.parquet.hadoop.ParquetOutputCommitter
[2026-04-12T06:20:31.761+0000] {subprocess.py:106} INFO - 26/04/12 06:20:31 INFO FileOutputCommitter: File Output Committer Algorithm version is 1
[2026-04-12T06:20:31.762+0000] {subprocess.py:106} INFO - 26/04/12 06:20:31 INFO FileOutputCommitter: File Output Committer Algorithm version is 1
[2026-04-12T06:20:31.762+0000] {subprocess.py:106} INFO - 26/04/12 06:20:31 INFO FileOutputCommitter: FileOutputCommitter skip cleanup _temporary folders under output directory:false, ignore cleanup failures: false
[2026-04-12T06:20:31.763+0000] {subprocess.py:106} INFO - 26/04/12 06:20:31 INFO FileOutputCommitter: FileOutputCommitter skip cleanup _temporary folders under output directory:false, ignore cleanup failures: false
[2026-04-12T06:20:31.763+0000] {subprocess.py:106} INFO - 26/04/12 06:20:31 INFO SQLHadoopMapReduceCommitProtocol: Using output committer class org.apache.parquet.hadoop.ParquetOutputCommitter
[2026-04-12T06:20:31.764+0000] {subprocess.py:106} INFO - 26/04/12 06:20:31 INFO SQLHadoopMapReduceCommitProtocol: Using user defined output committer class org.apache.parquet.hadoop.ParquetOutputCommitter
[2026-04-12T06:20:31.765+0000] {subprocess.py:106} INFO - 26/04/12 06:20:31 INFO FileOutputCommitter: File Output Committer Algorithm version is 1
[2026-04-12T06:20:31.765+0000] {subprocess.py:106} INFO - 26/04/12 06:20:31 INFO FileOutputCommitter: FileOutputCommitter skip cleanup _temporary folders under output directory:false, ignore cleanup failures: false
[2026-04-12T06:20:31.766+0000] {subprocess.py:106} INFO - 26/04/12 06:20:31 INFO CodecConfig: Compression: SNAPPY
[2026-04-12T06:20:31.770+0000] {subprocess.py:106} INFO - 26/04/12 06:20:31 INFO SQLHadoopMapReduceCommitProtocol: Using output committer class org.apache.parquet.hadoop.ParquetOutputCommitter
[2026-04-12T06:20:31.770+0000] {subprocess.py:106} INFO - 26/04/12 06:20:31 INFO CodecConfig: Compression: SNAPPY
[2026-04-12T06:20:31.771+0000] {subprocess.py:106} INFO - 26/04/12 06:20:31 INFO CodecConfig: Compression: SNAPPY
[2026-04-12T06:20:31.771+0000] {subprocess.py:106} INFO - 26/04/12 06:20:31 INFO CodecConfig: Compression: SNAPPY
[2026-04-12T06:20:31.772+0000] {subprocess.py:106} INFO - 26/04/12 06:20:31 INFO ParquetOutputFormat: ParquetRecordWriter [block size: 134217728b, row group padding size: 8388608b, validating: false]
[2026-04-12T06:20:31.773+0000] {subprocess.py:106} INFO - 26/04/12 06:20:31 INFO ParquetOutputFormat: ParquetRecordWriter [block size: 134217728b, row group padding size: 8388608b, validating: false]
[2026-04-12T06:20:31.773+0000] {subprocess.py:106} INFO - 26/04/12 06:20:31 INFO ParquetOutputFormat: ParquetRecordWriter [block size: 134217728b, row group padding size: 8388608b, validating: false]
[2026-04-12T06:20:31.844+0000] {subprocess.py:106} INFO - 26/04/12 06:20:31 INFO FileOutputCommitter: Saved output of task 'attempt_202604120620314395355068144230726_0012_m_000000_36' to hdfs://23133083thuyvan-master:9000/user/hive/lakehouse/bronze/raw_api/_temporary/0/task_202604120620314395355068144230726_0012_m_000000
[2026-04-12T06:20:31.845+0000] {subprocess.py:106} INFO - 26/04/12 06:20:31 INFO SparkHadoopMapRedUtil: attempt_202604120620314395355068144230726_0012_m_000000_36: Committed. Elapsed time: 10 ms.
[2026-04-12T06:20:31.845+0000] {subprocess.py:106} INFO - 26/04/12 06:20:31 INFO KafkaDataConsumer: From Kafka topicPartition=weather-topic-2 groupId=spark-kafka-source-979b0fad-c3f5-47c4-b708-f769449d314b--983882313-executor read 7 records through 1 polls (polled out 7 records), taking 514.838595 ms, during time span of 622.640437 ms.
[2026-04-12T06:20:31.847+0000] {subprocess.py:106} INFO - 26/04/12 06:20:31 INFO Executor: Finished task 0.0 in stage 12.0 (TID 36). 3281 bytes result sent to driver
[2026-04-12T06:20:31.849+0000] {subprocess.py:106} INFO - 26/04/12 06:20:31 INFO TaskSetManager: Finished task 0.0 in stage 12.0 (TID 36) in 704 ms on spark-master (executor driver) (1/3)
[2026-04-12T06:20:32.240+0000] {subprocess.py:106} INFO - 26/04/12 06:20:32 INFO FileOutputCommitter: Saved output of task 'attempt_202604120620314395355068144230726_0012_m_000002_38' to hdfs://23133083thuyvan-master:9000/user/hive/lakehouse/bronze/raw_api/_temporary/0/task_202604120620314395355068144230726_0012_m_000002
[2026-04-12T06:20:32.241+0000] {subprocess.py:106} INFO - 26/04/12 06:20:32 INFO SparkHadoopMapRedUtil: attempt_202604120620314395355068144230726_0012_m_000002_38: Committed. Elapsed time: 14 ms.
[2026-04-12T06:20:32.243+0000] {subprocess.py:106} INFO - 26/04/12 06:20:32 INFO KafkaDataConsumer: From Kafka topicPartition=weather-topic-0 groupId=spark-kafka-source-979b0fad-c3f5-47c4-b708-f769449d314b--983882313-executor read 9 records through 1 polls (polled out 9 records), taking 515.532356 ms, during time span of 1019.314916 ms.
[2026-04-12T06:20:32.244+0000] {subprocess.py:106} INFO - 26/04/12 06:20:32 INFO FileOutputCommitter: Saved output of task 'attempt_202604120620314395355068144230726_0012_m_000001_37' to hdfs://23133083thuyvan-master:9000/user/hive/lakehouse/bronze/raw_api/_temporary/0/task_202604120620314395355068144230726_0012_m_000001
[2026-04-12T06:20:32.245+0000] {subprocess.py:106} INFO - 26/04/12 06:20:32 INFO SparkHadoopMapRedUtil: attempt_202604120620314395355068144230726_0012_m_000001_37: Committed. Elapsed time: 15 ms.
[2026-04-12T06:20:32.247+0000] {subprocess.py:106} INFO - 26/04/12 06:20:32 INFO Executor: Finished task 2.0 in stage 12.0 (TID 38). 3281 bytes result sent to driver
[2026-04-12T06:20:32.248+0000] {subprocess.py:106} INFO - 26/04/12 06:20:32 INFO KafkaDataConsumer: From Kafka topicPartition=weather-topic-1 groupId=spark-kafka-source-979b0fad-c3f5-47c4-b708-f769449d314b--983882313-executor read 4 records through 1 polls (polled out 4 records), taking 511.6921 ms, during time span of 1019.940615 ms.
[2026-04-12T06:20:32.249+0000] {subprocess.py:106} INFO - 26/04/12 06:20:32 INFO TaskSetManager: Finished task 2.0 in stage 12.0 (TID 38) in 1097 ms on spark-master (executor driver) (2/3)
[2026-04-12T06:20:32.249+0000] {subprocess.py:106} INFO - 26/04/12 06:20:32 INFO Executor: Finished task 1.0 in stage 12.0 (TID 37). 3281 bytes result sent to driver
[2026-04-12T06:20:32.250+0000] {subprocess.py:106} INFO - 26/04/12 06:20:32 INFO TaskSetManager: Finished task 1.0 in stage 12.0 (TID 37) in 1101 ms on spark-master (executor driver) (3/3)
[2026-04-12T06:20:32.250+0000] {subprocess.py:106} INFO - 26/04/12 06:20:32 INFO TaskSchedulerImpl: Removed TaskSet 12.0 whose tasks have all completed, from pool
[2026-04-12T06:20:32.251+0000] {subprocess.py:106} INFO - 26/04/12 06:20:32 INFO DAGScheduler: ResultStage 12 (start at NativeMethodAccessorImpl.java:0) finished in 1145 ms
[2026-04-12T06:20:32.251+0000] {subprocess.py:106} INFO - 26/04/12 06:20:32 INFO DAGScheduler: Job 9 is finished. Cancelling potential speculative or zombie tasks for this job
[2026-04-12T06:20:32.252+0000] {subprocess.py:106} INFO - 26/04/12 06:20:32 INFO TaskSchedulerImpl: Canceling stage 12
[2026-04-12T06:20:32.252+0000] {subprocess.py:106} INFO - 26/04/12 06:20:32 INFO TaskSchedulerImpl: Killing all running tasks in stage 12: Stage finished
[2026-04-12T06:20:32.252+0000] {subprocess.py:106} INFO - 26/04/12 06:20:32 INFO DAGScheduler: Job 9 finished: start at NativeMethodAccessorImpl.java:0, took 1151.15271 ms
[2026-04-12T06:20:32.253+0000] {subprocess.py:106} INFO - 26/04/12 06:20:32 INFO FileFormatWriter: Start to commit write Job 9257690d-8684-4340-942a-9e669cade929.
[2026-04-12T06:20:32.306+0000] {subprocess.py:106} INFO - 26/04/12 06:20:32 INFO FileFormatWriter: Write Job 9257690d-8684-4340-942a-9e669cade929 committed. Elapsed time: 56 ms.
[2026-04-12T06:20:32.307+0000] {subprocess.py:106} INFO - 26/04/12 06:20:32 INFO FileFormatWriter: Finished processing stats for write job 9257690d-8684-4340-942a-9e669cade929.
[2026-04-12T06:20:32.511+0000] {subprocess.py:106} INFO - 26/04/12 06:20:32 INFO BaseMetastoreTableOperations: Refreshing table metadata from new version: hdfs://23133083thuyvan-master:9000/user/hive/lakehouse/air_quality_db.db/air_quality_silver/metadata/00010-52915bf6-405e-4bfc-9846-9683796372a6.metadata.json
[2026-04-12T06:20:32.518+0000] {subprocess.py:106} INFO - 26/04/12 06:20:32 INFO BaseMetastoreCatalog: Table loaded by catalog: iceberg.air_quality_db.air_quality_silver
[2026-04-12T06:20:32.568+0000] {subprocess.py:106} INFO - 26/04/12 06:20:32 INFO V2ScanRelationPushDown:
[2026-04-12T06:20:32.569+0000] {subprocess.py:106} INFO - Pushing operators to iceberg.air_quality_db.air_quality_silver
[2026-04-12T06:20:32.574+0000] {subprocess.py:106} INFO - Pushed Filters: location IS NOT NULL, timestamp IS NOT NULL
[2026-04-12T06:20:32.574+0000] {subprocess.py:106} INFO - Post-Scan Filters: isnotnull(location#3233),isnotnull(timestamp#3232)
[2026-04-12T06:20:32.575+0000] {subprocess.py:106} INFO - 
[2026-04-12T06:20:32.575+0000] {subprocess.py:106} INFO - 26/04/12 06:20:32 INFO V2ScanRelationPushDown:
[2026-04-12T06:20:32.576+0000] {subprocess.py:106} INFO - Output: timestamp#3232, location#3233
[2026-04-12T06:20:32.576+0000] {subprocess.py:106} INFO - 
[2026-04-12T06:20:32.576+0000] {subprocess.py:106} INFO - 26/04/12 06:20:32 INFO SnapshotScan: Scanning table iceberg.air_quality_db.air_quality_silver snapshot 4303520544678210702 created at 2026-04-12T06:18:49.367+00:00 with filter (location IS NOT NULL AND timestamp IS NOT NULL)
[2026-04-12T06:20:32.584+0000] {subprocess.py:106} INFO - 26/04/12 06:20:32 INFO BaseDistributedDataScan: Planning file tasks locally for table iceberg.air_quality_db.air_quality_silver
[2026-04-12T06:20:32.629+0000] {subprocess.py:106} INFO - 26/04/12 06:20:32 INFO SparkPartitioningAwareScan: Reporting UnknownPartitioning with 7 partition(s) for table iceberg.air_quality_db.air_quality_silver
[2026-04-12T06:20:32.648+0000] {subprocess.py:106} INFO - 26/04/12 06:20:32 INFO MemoryStore: Block broadcast_21 stored as values in memory (estimated size 32.0 KiB, free 1044.3 MiB)
[2026-04-12T06:20:32.653+0000] {subprocess.py:106} INFO - 26/04/12 06:20:32 INFO MemoryStore: Block broadcast_21_piece0 stored as bytes in memory (estimated size 36.2 KiB, free 1044.2 MiB)
[2026-04-12T06:20:32.653+0000] {subprocess.py:106} INFO - 26/04/12 06:20:32 INFO SparkContext: Created broadcast 21 from start at NativeMethodAccessorImpl.java:0
[2026-04-12T06:20:32.691+0000] {subprocess.py:106} INFO - 26/04/12 06:20:32 INFO MemoryStore: Block broadcast_22 stored as values in memory (estimated size 32.0 KiB, free 1044.2 MiB)
[2026-04-12T06:20:32.696+0000] {subprocess.py:106} INFO - 26/04/12 06:20:32 INFO MemoryStore: Block broadcast_22_piece0 stored as bytes in memory (estimated size 36.2 KiB, free 1044.2 MiB)
[2026-04-12T06:20:32.702+0000] {subprocess.py:106} INFO - 26/04/12 06:20:32 INFO SparkContext: Created broadcast 22 from start at NativeMethodAccessorImpl.java:0
[2026-04-12T06:20:32.774+0000] {subprocess.py:106} INFO - 26/04/12 06:20:32 INFO SparkContext: Starting job: start at NativeMethodAccessorImpl.java:0
[2026-04-12T06:20:32.775+0000] {subprocess.py:106} INFO - 26/04/12 06:20:32 INFO DAGScheduler: Got job 10 (start at NativeMethodAccessorImpl.java:0) with 7 output partitions
[2026-04-12T06:20:32.776+0000] {subprocess.py:106} INFO - 26/04/12 06:20:32 INFO DAGScheduler: Final stage: ResultStage 13 (start at NativeMethodAccessorImpl.java:0)
[2026-04-12T06:20:32.777+0000] {subprocess.py:106} INFO - 26/04/12 06:20:32 INFO DAGScheduler: Parents of final stage: List()
[2026-04-12T06:20:32.778+0000] {subprocess.py:106} INFO - 26/04/12 06:20:32 INFO DAGScheduler: Missing parents: List()
[2026-04-12T06:20:32.779+0000] {subprocess.py:106} INFO - 26/04/12 06:20:32 INFO DAGScheduler: Submitting ResultStage 13 (MapPartitionsRDD[70] at start at NativeMethodAccessorImpl.java:0), which has no missing parents
[2026-04-12T06:20:32.779+0000] {subprocess.py:106} INFO - 26/04/12 06:20:32 INFO MemoryStore: Block broadcast_23 stored as values in memory (estimated size 15.1 KiB, free 1048.6 MiB)
[2026-04-12T06:20:32.781+0000] {subprocess.py:106} INFO - 26/04/12 06:20:32 INFO MemoryStore: Block broadcast_23_piece0 stored as bytes in memory (estimated size 6.0 KiB, free 1048.6 MiB)
[2026-04-12T06:20:32.785+0000] {subprocess.py:106} INFO - 26/04/12 06:20:32 INFO SparkContext: Created broadcast 23 from broadcast at DAGScheduler.scala:1676
[2026-04-12T06:20:32.786+0000] {subprocess.py:106} INFO - 26/04/12 06:20:32 INFO DAGScheduler: Submitting 7 missing tasks from ResultStage 13 (MapPartitionsRDD[70] at start at NativeMethodAccessorImpl.java:0) (first 15 tasks are for partitions Vector(0, 1, 2, 3, 4, 5, 6))
[2026-04-12T06:20:32.787+0000] {subprocess.py:106} INFO - 26/04/12 06:20:32 INFO TaskSchedulerImpl: Adding task set 13.0 with 7 tasks resource profile 0
[2026-04-12T06:20:32.788+0000] {subprocess.py:106} INFO - 26/04/12 06:20:32 INFO TaskSetManager: Starting task 0.0 in stage 13.0 (TID 39) (spark-master,executor driver, partition 0, ANY, 20442 bytes)
[2026-04-12T06:20:32.789+0000] {subprocess.py:106} INFO - 26/04/12 06:20:32 INFO TaskSetManager: Starting task 1.0 in stage 13.0 (TID 40) (spark-master,executor driver, partition 1, ANY, 20741 bytes)
[2026-04-12T06:20:32.793+0000] {subprocess.py:106} INFO - 26/04/12 06:20:32 INFO TaskSetManager: Starting task 2.0 in stage 13.0 (TID 41) (spark-master,executor driver, partition 2, ANY, 20449 bytes)
[2026-04-12T06:20:32.794+0000] {subprocess.py:106} INFO - 26/04/12 06:20:32 INFO TaskSetManager: Starting task 3.0 in stage 13.0 (TID 42) (spark-master,executor driver, partition 3, ANY, 20467 bytes)
[2026-04-12T06:20:32.795+0000] {subprocess.py:106} INFO - 26/04/12 06:20:32 INFO TaskSetManager: Starting task 4.0 in stage 13.0 (TID 43) (spark-master,executor driver, partition 4, ANY, 20769 bytes)
[2026-04-12T06:20:32.796+0000] {subprocess.py:106} INFO - 26/04/12 06:20:32 INFO TaskSetManager: Starting task 5.0 in stage 13.0 (TID 44) (spark-master,executor driver, partition 5, ANY, 20460 bytes)
[2026-04-12T06:20:32.799+0000] {subprocess.py:106} INFO - 26/04/12 06:20:32 INFO TaskSetManager: Starting task 6.0 in stage 13.0 (TID 45) (spark-master,executor driver, partition 6, ANY, 19811 bytes)
[2026-04-12T06:20:32.802+0000] {subprocess.py:106} INFO - 26/04/12 06:20:32 INFO Executor: Running task 1.0 in stage 13.0 (TID 40)
[2026-04-12T06:20:32.803+0000] {subprocess.py:106} INFO - 26/04/12 06:20:32 INFO Executor: Running task 2.0 in stage 13.0 (TID 41)
[2026-04-12T06:20:32.804+0000] {subprocess.py:106} INFO - 26/04/12 06:20:32 INFO Executor: Running task 0.0 in stage 13.0 (TID 39)
[2026-04-12T06:20:32.805+0000] {subprocess.py:106} INFO - 26/04/12 06:20:32 INFO Executor: Running task 4.0 in stage 13.0 (TID 43)
[2026-04-12T06:20:32.805+0000] {subprocess.py:106} INFO - 26/04/12 06:20:32 INFO Executor: Running task 3.0 in stage 13.0 (TID 42)
[2026-04-12T06:20:32.806+0000] {subprocess.py:106} INFO - 26/04/12 06:20:32 INFO Executor: Running task 5.0 in stage 13.0 (TID 44)
[2026-04-12T06:20:32.806+0000] {subprocess.py:106} INFO - 26/04/12 06:20:32 INFO Executor: Running task 6.0 in stage 13.0 (TID 45)
[2026-04-12T06:20:32.834+0000] {subprocess.py:106} INFO - 26/04/12 06:20:32 INFO CodecPool: Got brand-new decompressor [.zstd]
[2026-04-12T06:20:32.834+0000] {subprocess.py:106} INFO - 26/04/12 06:20:32 INFO CodecPool: Got brand-new decompressor [.zstd]
[2026-04-12T06:20:32.850+0000] {subprocess.py:106} INFO - 26/04/12 06:20:32 INFO CodecPool: Got brand-new decompressor [.zstd]
[2026-04-12T06:20:32.868+0000] {subprocess.py:106} INFO - 26/04/12 06:20:32 INFO CodecPool: Got brand-new decompressor [.zstd]
[2026-04-12T06:20:32.868+0000] {subprocess.py:106} INFO - 26/04/12 06:20:32 INFO CodecPool: Got brand-new decompressor [.zstd]
[2026-04-12T06:20:32.871+0000] {subprocess.py:106} INFO - 26/04/12 06:20:32 INFO CodecPool: Got brand-new decompressor [.zstd]
[2026-04-12T06:20:32.882+0000] {subprocess.py:106} INFO - 26/04/12 06:20:32 INFO CodecPool: Got brand-new decompressor [.zstd]
[2026-04-12T06:20:32.886+0000] {subprocess.py:106} INFO - 26/04/12 06:20:32 INFO CodecPool: Got brand-new decompressor [.zstd]
[2026-04-12T06:20:32.889+0000] {subprocess.py:106} INFO - 26/04/12 06:20:32 INFO CodecPool: Got brand-new decompressor [.zstd]
[2026-04-12T06:20:32.894+0000] {subprocess.py:106} INFO - 26/04/12 06:20:32 INFO CodecPool: Got brand-new decompressor [.zstd]
[2026-04-12T06:20:32.901+0000] {subprocess.py:106} INFO - 26/04/12 06:20:32 INFO CodecPool: Got brand-new decompressor [.zstd]
[2026-04-12T06:20:32.910+0000] {subprocess.py:106} INFO - 26/04/12 06:20:32 INFO CodecPool: Got brand-new decompressor [.zstd]
[2026-04-12T06:20:32.914+0000] {subprocess.py:106} INFO - 26/04/12 06:20:32 INFO CodecPool: Got brand-new decompressor [.zstd]
[2026-04-12T06:20:32.915+0000] {subprocess.py:106} INFO - 26/04/12 06:20:32 INFO CodecPool: Got brand-new decompressor [.zstd]
[2026-04-12T06:20:32.917+0000] {subprocess.py:106} INFO - 26/04/12 06:20:32 INFO CodecPool: Got brand-new decompressor [.zstd]
[2026-04-12T06:20:32.922+0000] {subprocess.py:106} INFO - 26/04/12 06:20:32 INFO Executor: Finished task 6.0 in stage 13.0 (TID 45). 4840 bytes result sent to driver
[2026-04-12T06:20:32.925+0000] {subprocess.py:106} INFO - 26/04/12 06:20:32 INFO CodecPool: Got brand-new decompressor [.zstd]
[2026-04-12T06:20:32.926+0000] {subprocess.py:106} INFO - 26/04/12 06:20:32 INFO CodecPool: Got brand-new decompressor [.zstd]
[2026-04-12T06:20:32.932+0000] {subprocess.py:106} INFO - 26/04/12 06:20:32 INFO TaskSetManager: Finished task 6.0 in stage 13.0 (TID 45) in 132 ms on spark-master (executor driver) (1/7)
[2026-04-12T06:20:32.934+0000] {subprocess.py:106} INFO - 26/04/12 06:20:32 INFO CodecPool: Got brand-new decompressor [.zstd]
[2026-04-12T06:20:32.935+0000] {subprocess.py:106} INFO - 26/04/12 06:20:32 INFO CodecPool: Got brand-new decompressor [.zstd]
[2026-04-12T06:20:32.937+0000] {subprocess.py:106} INFO - 26/04/12 06:20:32 INFO CodecPool: Got brand-new decompressor [.zstd]
[2026-04-12T06:20:32.943+0000] {subprocess.py:106} INFO - 26/04/12 06:20:32 INFO CodecPool: Got brand-new decompressor [.zstd]
[2026-04-12T06:20:32.953+0000] {subprocess.py:106} INFO - 26/04/12 06:20:32 INFO CodecPool: Got brand-new decompressor [.zstd]
[2026-04-12T06:20:32.956+0000] {subprocess.py:106} INFO - 26/04/12 06:20:32 INFO CodecPool: Got brand-new decompressor [.zstd]
[2026-04-12T06:20:32.958+0000] {subprocess.py:106} INFO - 26/04/12 06:20:32 INFO Executor: Finished task 1.0 in stage 13.0 (TID 40). 4982 bytes result sent to driver
[2026-04-12T06:20:32.959+0000] {subprocess.py:106} INFO - 26/04/12 06:20:32 INFO Executor: Finished task 0.0 in stage 13.0 (TID 39). 4929 bytes result sent to driver
[2026-04-12T06:20:32.960+0000] {subprocess.py:106} INFO - 26/04/12 06:20:32 INFO TaskSetManager: Finished task 1.0 in stage 13.0 (TID 40) in 170 ms on spark-master (executor driver) (2/7)
[2026-04-12T06:20:32.961+0000] {subprocess.py:106} INFO - 26/04/12 06:20:32 INFO TaskSetManager: Finished task 0.0 in stage 13.0 (TID 39) in 172 ms on spark-master (executor driver) (3/7)
[2026-04-12T06:20:32.967+0000] {subprocess.py:106} INFO - 26/04/12 06:20:32 INFO CodecPool: Got brand-new decompressor [.zstd]
[2026-04-12T06:20:32.968+0000] {subprocess.py:106} INFO - 26/04/12 06:20:32 INFO CodecPool: Got brand-new decompressor [.zstd]
[2026-04-12T06:20:32.971+0000] {subprocess.py:106} INFO - 26/04/12 06:20:32 INFO CodecPool: Got brand-new decompressor [.zstd]
[2026-04-12T06:20:32.973+0000] {subprocess.py:106} INFO - 26/04/12 06:20:32 INFO Executor: Finished task 3.0 in stage 13.0 (TID 42). 4951 bytes result sent to driver
[2026-04-12T06:20:32.975+0000] {subprocess.py:106} INFO - 26/04/12 06:20:32 INFO Executor: Finished task 5.0 in stage 13.0 (TID 44). 5021 bytes result sent to driver
[2026-04-12T06:20:32.976+0000] {subprocess.py:106} INFO - 26/04/12 06:20:32 INFO Executor: Finished task 2.0 in stage 13.0 (TID 41). 5248 bytes result sent to driver
[2026-04-12T06:20:32.976+0000] {subprocess.py:106} INFO - 26/04/12 06:20:32 INFO CodecPool: Got brand-new decompressor [.zstd]
[2026-04-12T06:20:32.980+0000] {subprocess.py:106} INFO - 26/04/12 06:20:32 INFO Executor: Finished task 4.0 in stage 13.0 (TID 43). 5410 bytes result sent to driver
[2026-04-12T06:20:32.981+0000] {subprocess.py:106} INFO - 26/04/12 06:20:32 INFO TaskSetManager: Finished task 3.0 in stage 13.0 (TID 42) in 189 ms on spark-master (executor driver) (4/7)
[2026-04-12T06:20:32.981+0000] {subprocess.py:106} INFO - 26/04/12 06:20:32 INFO TaskSetManager: Finished task 5.0 in stage 13.0 (TID 44) in 187 ms on spark-master (executor driver) (5/7)
[2026-04-12T06:20:32.982+0000] {subprocess.py:106} INFO - 26/04/12 06:20:32 INFO TaskSetManager: Finished task 4.0 in stage 13.0 (TID 43) in 189 ms on spark-master (executor driver) (6/7)
[2026-04-12T06:20:32.983+0000] {subprocess.py:106} INFO - 26/04/12 06:20:32 INFO TaskSetManager: Finished task 2.0 in stage 13.0 (TID 41) in 193 ms on spark-master (executor driver) (7/7)
[2026-04-12T06:20:32.984+0000] {subprocess.py:106} INFO - 26/04/12 06:20:32 INFO TaskSchedulerImpl: Removed TaskSet 13.0 whose tasks have all completed, from pool
[2026-04-12T06:20:32.985+0000] {subprocess.py:106} INFO - 26/04/12 06:20:32 INFO DAGScheduler: ResultStage 13 (start at NativeMethodAccessorImpl.java:0) finished in 207 ms
[2026-04-12T06:20:32.986+0000] {subprocess.py:106} INFO - 26/04/12 06:20:32 INFO DAGScheduler: Job 10 is finished. Cancelling potential speculative or zombie tasks for this job
[2026-04-12T06:20:32.986+0000] {subprocess.py:106} INFO - 26/04/12 06:20:32 INFO TaskSchedulerImpl: Canceling stage 13
[2026-04-12T06:20:32.987+0000] {subprocess.py:106} INFO - 26/04/12 06:20:32 INFO TaskSchedulerImpl: Killing all running tasks in stage 13: Stage finished
[2026-04-12T06:20:32.988+0000] {subprocess.py:106} INFO - 26/04/12 06:20:32 INFO DAGScheduler: Job 10 finished: start at NativeMethodAccessorImpl.java:0, took 212.466274 ms
[2026-04-12T06:20:32.993+0000] {subprocess.py:106} INFO - 26/04/12 06:20:32 INFO MemoryStore: Block broadcast_24 stored as values in memory (estimated size 4.0 MiB, free 1044.6 MiB)
[2026-04-12T06:20:32.996+0000] {subprocess.py:106} INFO - 26/04/12 06:20:32 INFO MemoryStore: Block broadcast_24_piece0 stored as bytes in memory (estimated size 7.6 KiB, free 1044.6 MiB)
[2026-04-12T06:20:32.997+0000] {subprocess.py:106} INFO - 26/04/12 06:20:32 INFO SparkContext: Created broadcast 24 from start at NativeMethodAccessorImpl.java:0
[2026-04-12T06:20:33.008+0000] {subprocess.py:106} INFO - 26/04/12 06:20:33 INFO MemoryStore: Block broadcast_25 stored as values in memory (estimated size 32.0 KiB, free 1044.6 MiB)
[2026-04-12T06:20:33.012+0000] {subprocess.py:106} INFO - 26/04/12 06:20:33 INFO MemoryStore: Block broadcast_25_piece0 stored as bytes in memory (estimated size 36.2 KiB, free 1044.5 MiB)
[2026-04-12T06:20:33.013+0000] {subprocess.py:106} INFO - 26/04/12 06:20:33 INFO SparkContext: Created broadcast 25 from start at NativeMethodAccessorImpl.java:0
[2026-04-12T06:20:33.013+0000] {subprocess.py:106} INFO - 26/04/12 06:20:33 INFO AppendDataExec: Start processing data source write support: IcebergBatchWrite(table=iceberg.air_quality_db.air_quality_silver, format=PARQUET). The input RDD has 3} partitions.
[2026-04-12T06:20:33.016+0000] {subprocess.py:106} INFO - 26/04/12 06:20:33 INFO SparkContext: Starting job: start at NativeMethodAccessorImpl.java:0
[2026-04-12T06:20:33.017+0000] {subprocess.py:106} INFO - 26/04/12 06:20:33 INFO DAGScheduler: Got job 11 (start at NativeMethodAccessorImpl.java:0) with 3 output partitions
[2026-04-12T06:20:33.018+0000] {subprocess.py:106} INFO - 26/04/12 06:20:33 INFO DAGScheduler: Final stage: ResultStage 14 (start at NativeMethodAccessorImpl.java:0)
[2026-04-12T06:20:33.018+0000] {subprocess.py:106} INFO - 26/04/12 06:20:33 INFO DAGScheduler: Parents of final stage: List()
[2026-04-12T06:20:33.019+0000] {subprocess.py:106} INFO - 26/04/12 06:20:33 INFO DAGScheduler: Missing parents: List()
[2026-04-12T06:20:33.019+0000] {subprocess.py:106} INFO - 26/04/12 06:20:33 INFO DAGScheduler: Submitting ResultStage 14 (MapPartitionsRDD[74] at start at NativeMethodAccessorImpl.java:0), which has no missing parents
[2026-04-12T06:20:33.021+0000] {subprocess.py:106} INFO - 26/04/12 06:20:33 INFO MemoryStore: Block broadcast_26 stored as values in memory (estimated size 72.8 KiB, free 1044.5 MiB)
[2026-04-12T06:20:33.023+0000] {subprocess.py:106} INFO - 26/04/12 06:20:33 INFO MemoryStore: Block broadcast_26_piece0 stored as bytes in memory (estimated size 25.2 KiB, free 1044.4 MiB)
[2026-04-12T06:20:33.024+0000] {subprocess.py:106} INFO - 26/04/12 06:20:33 INFO SparkContext: Created broadcast 26 from broadcast at DAGScheduler.scala:1676
[2026-04-12T06:20:33.024+0000] {subprocess.py:106} INFO - 26/04/12 06:20:33 INFO DAGScheduler: Submitting 3 missing tasks from ResultStage 14 (MapPartitionsRDD[74] at start at NativeMethodAccessorImpl.java:0) (first 15 tasks are for partitions Vector(0, 1, 2))
[2026-04-12T06:20:33.025+0000] {subprocess.py:106} INFO - 26/04/12 06:20:33 INFO TaskSchedulerImpl: Adding task set 14.0 with 3 tasks resource profile 0
[2026-04-12T06:20:33.027+0000] {subprocess.py:106} INFO - 26/04/12 06:20:33 INFO TaskSetManager: Starting task 0.0 in stage 14.0 (TID 46) (spark-master,executor driver, partition 0, PROCESS_LOCAL, 13503 bytes)
[2026-04-12T06:20:33.028+0000] {subprocess.py:106} INFO - 26/04/12 06:20:33 INFO TaskSetManager: Starting task 1.0 in stage 14.0 (TID 47) (spark-master,executor driver, partition 1, PROCESS_LOCAL, 13503 bytes)
[2026-04-12T06:20:33.029+0000] {subprocess.py:106} INFO - 26/04/12 06:20:33 INFO TaskSetManager: Starting task 2.0 in stage 14.0 (TID 48) (spark-master,executor driver, partition 2, PROCESS_LOCAL, 13503 bytes)
[2026-04-12T06:20:33.035+0000] {subprocess.py:106} INFO - 26/04/12 06:20:33 INFO Executor: Running task 1.0 in stage 14.0 (TID 47)
[2026-04-12T06:20:33.035+0000] {subprocess.py:106} INFO - 26/04/12 06:20:33 INFO Executor: Running task 2.0 in stage 14.0 (TID 48)
[2026-04-12T06:20:33.036+0000] {subprocess.py:106} INFO - 26/04/12 06:20:33 INFO Executor: Running task 0.0 in stage 14.0 (TID 46)
[2026-04-12T06:20:33.036+0000] {subprocess.py:106} INFO - 26/04/12 06:20:33 INFO BlockManager: Found block rdd_62_2 locally
[2026-04-12T06:20:33.037+0000] {subprocess.py:106} INFO - 26/04/12 06:20:33 INFO BlockManager: Found block rdd_62_1 locally
[2026-04-12T06:20:33.037+0000] {subprocess.py:106} INFO - 26/04/12 06:20:33 INFO BlockManager: Found block rdd_62_0 locally
[2026-04-12T06:20:33.040+0000] {subprocess.py:106} INFO - 26/04/12 06:20:33 INFO CodecPool: Got brand-new compressor [.zstd]
[2026-04-12T06:20:33.041+0000] {subprocess.py:106} INFO - 26/04/12 06:20:33 INFO CodecPool: Got brand-new compressor [.zstd]
[2026-04-12T06:20:33.043+0000] {subprocess.py:106} INFO - 26/04/12 06:20:33 INFO CodecPool: Got brand-new compressor [.zstd]
[2026-04-12T06:20:33.044+0000] {subprocess.py:106} INFO - 26/04/12 06:20:33 INFO DataWritingSparkTask: Writer for partition 0 is committing.
[2026-04-12T06:20:33.046+0000] {subprocess.py:106} INFO - 26/04/12 06:20:33 INFO DataWritingSparkTask: Writer for partition 2 is committing.
[2026-04-12T06:20:33.047+0000] {subprocess.py:106} INFO - 26/04/12 06:20:33 INFO DataWritingSparkTask: Writer for partition 1 is committing.
[2026-04-12T06:20:33.509+0000] {subprocess.py:106} INFO - 26/04/12 06:20:33 INFO DataWritingSparkTask: Committed partition 1 (task 47, attempt 0, stage 14.0)
[2026-04-12T06:20:33.511+0000] {subprocess.py:106} INFO - 26/04/12 06:20:33 INFO Executor: Finished task 1.0 in stage 14.0 (TID 47). 7286 bytes result sent to driver
[2026-04-12T06:20:33.512+0000] {subprocess.py:106} INFO - 26/04/12 06:20:33 INFO DataWritingSparkTask: Committed partition 0 (task 46, attempt 0, stage 14.0)
[2026-04-12T06:20:33.513+0000] {subprocess.py:106} INFO - 26/04/12 06:20:33 INFO DataWritingSparkTask: Committed partition 2 (task 48, attempt 0, stage 14.0)
[2026-04-12T06:20:33.514+0000] {subprocess.py:106} INFO - 26/04/12 06:20:33 INFO Executor: Finished task 2.0 in stage 14.0 (TID 48). 7306 bytes result sent to driver
[2026-04-12T06:20:33.514+0000] {subprocess.py:106} INFO - 26/04/12 06:20:33 INFO Executor: Finished task 0.0 in stage 14.0 (TID 46). 7335 bytes result sent to driver
[2026-04-12T06:20:33.515+0000] {subprocess.py:106} INFO - 26/04/12 06:20:33 INFO TaskSetManager: Finished task 1.0 in stage 14.0 (TID 47) in 485 ms on spark-master (executor driver) (1/3)
[2026-04-12T06:20:33.515+0000] {subprocess.py:106} INFO - 26/04/12 06:20:33 INFO TaskSetManager: Finished task 2.0 in stage 14.0 (TID 48) in 485 ms on spark-master (executor driver) (2/3)
[2026-04-12T06:20:33.516+0000] {subprocess.py:106} INFO - 26/04/12 06:20:33 INFO TaskSetManager: Finished task 0.0 in stage 14.0 (TID 46) in 488 ms on spark-master (executor driver) (3/3)
[2026-04-12T06:20:33.516+0000] {subprocess.py:106} INFO - 26/04/12 06:20:33 INFO TaskSchedulerImpl: Removed TaskSet 14.0 whose tasks have all completed, from pool
[2026-04-12T06:20:33.518+0000] {subprocess.py:106} INFO - 26/04/12 06:20:33 INFO DAGScheduler: ResultStage 14 (start at NativeMethodAccessorImpl.java:0) finished in 495 ms
[2026-04-12T06:20:33.518+0000] {subprocess.py:106} INFO - 26/04/12 06:20:33 INFO DAGScheduler: Job 11 is finished. Cancelling potential speculative or zombie tasks for this job
[2026-04-12T06:20:33.519+0000] {subprocess.py:106} INFO - 26/04/12 06:20:33 INFO TaskSchedulerImpl: Canceling stage 14
[2026-04-12T06:20:33.519+0000] {subprocess.py:106} INFO - 26/04/12 06:20:33 INFO TaskSchedulerImpl: Killing all running tasks in stage 14: Stage finished
[2026-04-12T06:20:33.519+0000] {subprocess.py:106} INFO - 26/04/12 06:20:33 INFO DAGScheduler: Job 11 finished: start at NativeMethodAccessorImpl.java:0, took 498.735385 ms
[2026-04-12T06:20:33.520+0000] {subprocess.py:106} INFO - 26/04/12 06:20:33 INFO AppendDataExec: Data source write support IcebergBatchWrite(table=iceberg.air_quality_db.air_quality_silver, format=PARQUET) is committing.
[2026-04-12T06:20:33.520+0000] {subprocess.py:106} INFO - 26/04/12 06:20:33 INFO SparkWrite: Committing append with 3 new data files to table iceberg.air_quality_db.air_quality_silver
[2026-04-12T06:20:33.755+0000] {subprocess.py:106} INFO - 26/04/12 06:20:33 INFO HiveTableOperations: Committed to table iceberg.air_quality_db.air_quality_silver with the new metadata location hdfs://23133083thuyvan-master:9000/user/hive/lakehouse/air_quality_db.db/air_quality_silver/metadata/00011-90586a85-5d86-4d18-b56f-6213a5357071.metadata.json
[2026-04-12T06:20:33.755+0000] {subprocess.py:106} INFO - 26/04/12 06:20:33 INFO BaseMetastoreTableOperations: Successfully committed to table iceberg.air_quality_db.air_quality_silver in 109 ms
[2026-04-12T06:20:33.756+0000] {subprocess.py:106} INFO - 26/04/12 06:20:33 INFO SnapshotProducer: Committed snapshot 7540649255790642312 (MergeAppend)
[2026-04-12T06:20:33.797+0000] {subprocess.py:106} INFO - 26/04/12 06:20:33 INFO BaseMetastoreTableOperations: Refreshing table metadata from new version: hdfs://23133083thuyvan-master:9000/user/hive/lakehouse/air_quality_db.db/air_quality_silver/metadata/00011-90586a85-5d86-4d18-b56f-6213a5357071.metadata.json
[2026-04-12T06:20:33.804+0000] {subprocess.py:106} INFO - 26/04/12 06:20:33 INFO LoggingMetricsReporter: Received metrics report: CommitReport{tableName=iceberg.air_quality_db.air_quality_silver, snapshotId=7540649255790642312, sequenceNumber=11, operation=append, commitMetrics=CommitMetricsResult{totalDuration=TimerResult{timeUnit=NANOSECONDS, totalDuration=PT0.249181379S, count=1}, attempts=CounterResult{unit=COUNT, value=1}, addedDataFiles=CounterResult{unit=COUNT, value=3}, removedDataFiles=null, totalDataFiles=CounterResult{unit=COUNT, value=30}, addedDeleteFiles=null, addedEqualityDeleteFiles=null, addedPositionalDeleteFiles=null, addedDVs=null, removedDeleteFiles=null, removedEqualityDeleteFiles=null, removedPositionalDeleteFiles=null, removedDVs=null, totalDeleteFiles=CounterResult{unit=COUNT, value=0}, addedRecords=CounterResult{unit=COUNT, value=20}, removedRecords=null, totalRecords=CounterResult{unit=COUNT, value=300}, addedFilesSizeInBytes=CounterResult{unit=BYTES, value=26130}, removedFilesSizeInBytes=null, totalFilesSizeInBytes=CounterResult{unit=BYTES, value=274882}, addedPositionalDeletes=null, removedPositionalDeletes=null, totalPositionalDeletes=CounterResult{unit=COUNT, value=0}, addedEqualityDeletes=null, removedEqualityDeletes=null, totalEqualityDeletes=CounterResult{unit=COUNT, value=0}, manifestsCreated=null, manifestsReplaced=null, manifestsKept=null, manifestEntriesProcessed=null}, metadata={engine-version=4.0.2, app-id=local-1775974688107, engine-name=spark, iceberg-version=Apache Iceberg 1.10.1 (commit ccb8bc435062171e64bc8b7e5f56e6aed9c5b934)}}
[2026-04-12T06:20:33.811+0000] {subprocess.py:106} INFO - 26/04/12 06:20:33 INFO SparkWrite: Committed in 288 ms
[2026-04-12T06:20:33.812+0000] {subprocess.py:106} INFO - 26/04/12 06:20:33 INFO AppendDataExec: Data source write support IcebergBatchWrite(table=iceberg.air_quality_db.air_quality_silver, format=PARQUET) committed.
[2026-04-12T06:20:33.812+0000] {subprocess.py:106} INFO - 26/04/12 06:20:33 INFO MapPartitionsRDD: Removing RDD 62 from persistence list
[2026-04-12T06:20:33.813+0000] {subprocess.py:106} INFO - 26/04/12 06:20:33 INFO BlockManager: Removing RDD 62
[2026-04-12T06:20:33.820+0000] {subprocess.py:106} INFO - 26/04/12 06:20:33 INFO CheckpointFileManager: Writing atomically to hdfs://23133083thuyvan-master:9000/user/hive/checkpoints/air_quality_realtime/commits/7 using temp file hdfs://23133083thuyvan-master:9000/user/hive/checkpoints/air_quality_realtime/commits/.7.5f01679d-d44f-481b-91b4-a3721c5d878d.tmp
[2026-04-12T06:20:34.254+0000] {subprocess.py:106} INFO - 26/04/12 06:20:34 INFO CheckpointFileManager: Renamed temp file hdfs://23133083thuyvan-master:9000/user/hive/checkpoints/air_quality_realtime/commits/.7.5f01679d-d44f-481b-91b4-a3721c5d878d.tmp to hdfs://23133083thuyvan-master:9000/user/hive/checkpoints/air_quality_realtime/commits/7
[2026-04-12T06:20:34.255+0000] {subprocess.py:106} INFO - 26/04/12 06:20:34 INFO MicroBatchExecutionContext: Extracting source progress metrics for source=KafkaV2[Subscribe[weather-topic]] took duration_ms=0
[2026-04-12T06:20:34.256+0000] {subprocess.py:106} INFO - 26/04/12 06:20:34 INFO MicroBatchExecutionContext: Extracting sink progress metrics for sink=ForeachBatchSink took duration_ms=0
[2026-04-12T06:20:34.257+0000] {subprocess.py:106} INFO - 26/04/12 06:20:34 INFO ProgressReporter: Streaming query made progress: {
[2026-04-12T06:20:34.257+0000] {subprocess.py:106} INFO -   "id" : "97df26eb-363e-4a9d-81a0-5bee41c3e2e1",
[2026-04-12T06:20:34.258+0000] {subprocess.py:106} INFO -   "runId" : "f9a5a65f-487c-4ad7-9952-1960991ab62e",
[2026-04-12T06:20:34.258+0000] {subprocess.py:106} INFO -   "name" : null,
[2026-04-12T06:20:34.259+0000] {subprocess.py:106} INFO -   "timestamp" : "2026-04-12T06:20:30.000Z",
[2026-04-12T06:20:34.259+0000] {subprocess.py:106} INFO -   "batchId" : 7,
[2026-04-12T06:20:34.260+0000] {subprocess.py:106} INFO -   "batchDuration" : 4253,
[2026-04-12T06:20:34.260+0000] {subprocess.py:106} INFO -   "numInputRows" : 40,
[2026-04-12T06:20:34.261+0000] {subprocess.py:106} INFO -   "inputRowsPerSecond" : 1.3333333333333333,
[2026-04-12T06:20:34.261+0000] {subprocess.py:106} INFO -   "processedRowsPerSecond" : 9.405125793557488,
[2026-04-12T06:20:34.261+0000] {subprocess.py:106} INFO -   "durationMs" : {
[2026-04-12T06:20:34.262+0000] {subprocess.py:106} INFO -     "addBatch" : 3710,
[2026-04-12T06:20:34.262+0000] {subprocess.py:106} INFO -     "commitOffsets" : 446,
[2026-04-12T06:20:34.262+0000] {subprocess.py:106} INFO -     "getBatch" : 1,
[2026-04-12T06:20:34.263+0000] {subprocess.py:106} INFO -     "latestOffset" : 13,
[2026-04-12T06:20:34.263+0000] {subprocess.py:106} INFO -     "queryPlanning" : 35,
[2026-04-12T06:20:34.263+0000] {subprocess.py:106} INFO -     "triggerExecution" : 4253,
[2026-04-12T06:20:34.264+0000] {subprocess.py:106} INFO -     "walCommit" : 41
[2026-04-12T06:20:34.264+0000] {subprocess.py:106} INFO -   },
[2026-04-12T06:20:34.265+0000] {subprocess.py:106} INFO -   "stateOperators" : [ ],
[2026-04-12T06:20:34.265+0000] {subprocess.py:106} INFO -   "sources" : [ {
[2026-04-12T06:20:34.266+0000] {subprocess.py:106} INFO -     "description" : "KafkaV2[Subscribe[weather-topic]]",
[2026-04-12T06:20:34.266+0000] {subprocess.py:106} INFO -     "startOffset" : {
[2026-04-12T06:20:34.266+0000] {subprocess.py:106} INFO -       "weather-topic" : {
[2026-04-12T06:20:34.267+0000] {subprocess.py:106} INFO -         "0" : 120,
[2026-04-12T06:20:34.267+0000] {subprocess.py:106} INFO -         "1" : 126,
[2026-04-12T06:20:34.268+0000] {subprocess.py:106} INFO -         "2" : 114
[2026-04-12T06:20:34.268+0000] {subprocess.py:106} INFO -       }
[2026-04-12T06:20:34.269+0000] {subprocess.py:106} INFO -     },
[2026-04-12T06:20:34.269+0000] {subprocess.py:106} INFO -     "endOffset" : {
[2026-04-12T06:20:34.270+0000] {subprocess.py:106} INFO -       "weather-topic" : {
[2026-04-12T06:20:34.270+0000] {subprocess.py:106} INFO -         "0" : 129,
[2026-04-12T06:20:34.270+0000] {subprocess.py:106} INFO -         "1" : 130,
[2026-04-12T06:20:34.271+0000] {subprocess.py:106} INFO -         "2" : 121
[2026-04-12T06:20:34.271+0000] {subprocess.py:106} INFO -       }
[2026-04-12T06:20:34.272+0000] {subprocess.py:106} INFO -     },
[2026-04-12T06:20:34.272+0000] {subprocess.py:106} INFO -     "latestOffset" : {
[2026-04-12T06:20:34.273+0000] {subprocess.py:106} INFO -       "weather-topic" : {
[2026-04-12T06:20:34.273+0000] {subprocess.py:106} INFO -         "0" : 129,
[2026-04-12T06:20:34.273+0000] {subprocess.py:106} INFO -         "1" : 130,
[2026-04-12T06:20:34.274+0000] {subprocess.py:106} INFO -         "2" : 121
[2026-04-12T06:20:34.274+0000] {subprocess.py:106} INFO -       }
[2026-04-12T06:20:34.275+0000] {subprocess.py:106} INFO -     },
[2026-04-12T06:20:34.275+0000] {subprocess.py:106} INFO -     "numInputRows" : 40,
[2026-04-12T06:20:34.275+0000] {subprocess.py:106} INFO -     "inputRowsPerSecond" : 1.3333333333333333,
[2026-04-12T06:20:34.276+0000] {subprocess.py:106} INFO -     "processedRowsPerSecond" : 9.405125793557488,
[2026-04-12T06:20:34.276+0000] {subprocess.py:106} INFO -     "metrics" : {
[2026-04-12T06:20:34.277+0000] {subprocess.py:106} INFO -       "avgOffsetsBehindLatest" : "0.0",
[2026-04-12T06:20:34.277+0000] {subprocess.py:106} INFO -       "maxOffsetsBehindLatest" : "0",
[2026-04-12T06:20:34.277+0000] {subprocess.py:106} INFO -       "minOffsetsBehindLatest" : "0"
[2026-04-12T06:20:34.278+0000] {subprocess.py:106} INFO -     }
[2026-04-12T06:20:34.278+0000] {subprocess.py:106} INFO -   } ],
[2026-04-12T06:20:34.279+0000] {subprocess.py:106} INFO -   "sink" : {
[2026-04-12T06:20:34.279+0000] {subprocess.py:106} INFO -     "description" : "ForeachBatchSink",
[2026-04-12T06:20:34.280+0000] {subprocess.py:106} INFO -     "numOutputRows" : -1
[2026-04-12T06:20:34.280+0000] {subprocess.py:106} INFO -   }
[2026-04-12T06:20:34.280+0000] {subprocess.py:106} INFO - }
[2026-04-12T06:21:00.015+0000] {subprocess.py:106} INFO - 26/04/12 06:21:00 INFO MicroBatchExecutionContext: Extracting source progress metrics for source=KafkaV2[Subscribe[weather-topic]] took duration_ms=0
[2026-04-12T06:21:00.016+0000] {subprocess.py:106} INFO - 26/04/12 06:21:00 INFO MicroBatchExecutionContext: Extracting sink progress metrics for sink=ForeachBatchSink took duration_ms=0
[2026-04-12T06:21:00.016+0000] {subprocess.py:106} INFO - 26/04/12 06:21:00 INFO ProgressReporter: Streaming query has been idle and waiting for new data more than 10000 ms.
[2026-04-12T06:21:30.011+0000] {subprocess.py:106} INFO - 26/04/12 06:21:30 INFO MicroBatchExecutionContext: Extracting source progress metrics for source=KafkaV2[Subscribe[weather-topic]] took duration_ms=0
[2026-04-12T06:21:30.012+0000] {subprocess.py:106} INFO - 26/04/12 06:21:30 INFO MicroBatchExecutionContext: Extracting sink progress metrics for sink=ForeachBatchSink took duration_ms=0
[2026-04-12T06:21:30.012+0000] {subprocess.py:106} INFO - 26/04/12 06:21:30 INFO ProgressReporter: Streaming query has been idle and waiting for new data more than 10000 ms.
[2026-04-12T06:22:00.020+0000] {subprocess.py:106} INFO - 26/04/12 06:22:00 INFO MicroBatchExecutionContext: Extracting source progress metrics for source=KafkaV2[Subscribe[weather-topic]] took duration_ms=0
[2026-04-12T06:22:00.021+0000] {subprocess.py:106} INFO - 26/04/12 06:22:00 INFO MicroBatchExecutionContext: Extracting sink progress metrics for sink=ForeachBatchSink took duration_ms=0
[2026-04-12T06:22:00.025+0000] {subprocess.py:106} INFO - 26/04/12 06:22:00 INFO ProgressReporter: Streaming query has been idle and waiting for new data more than 10000 ms.
[2026-04-12T06:22:30.035+0000] {subprocess.py:106} INFO - 26/04/12 06:22:30 INFO CheckpointFileManager: Writing atomically to hdfs://23133083thuyvan-master:9000/user/hive/checkpoints/air_quality_realtime/offsets/8 using temp file hdfs://23133083thuyvan-master:9000/user/hive/checkpoints/air_quality_realtime/offsets/.8.d98bedd1-2ab8-41f4-9e62-820bde01c864.tmp
[2026-04-12T06:22:30.460+0000] {subprocess.py:106} INFO - 26/04/12 06:22:30 INFO CheckpointFileManager: Renamed temp file hdfs://23133083thuyvan-master:9000/user/hive/checkpoints/air_quality_realtime/offsets/.8.d98bedd1-2ab8-41f4-9e62-820bde01c864.tmp to hdfs://23133083thuyvan-master:9000/user/hive/checkpoints/air_quality_realtime/offsets/8
[2026-04-12T06:22:30.460+0000] {subprocess.py:106} INFO - 26/04/12 06:22:30 INFO MicroBatchExecution: Committed offsets for batch 8. Metadata OffsetSeqMetadata(0,1775974950015,HashMap(spark.sql.streaming.stateStore.providerClass -> org.apache.spark.sql.execution.streaming.state.HDFSBackedStateStoreProvider, spark.sql.streaming.stateStore.rocksdb.formatVersion -> 5, spark.sql.streaming.stateStore.encodingFormat -> unsaferow, spark.sql.streaming.statefulOperator.useStrictDistribution -> true, spark.sql.streaming.flatMapGroupsWithState.stateFormatVersion -> 2, spark.sql.streaming.multipleWatermarkPolicy -> min, spark.sql.streaming.aggregation.stateFormatVersion -> 2, spark.sql.shuffle.partitions -> 50, spark.sql.streaming.join.stateFormatVersion -> 2, spark.sql.streaming.stateStore.compression.codec -> lz4, spark.sql.optimizer.pruneFiltersCanPruneStreamingSubplan -> false))
[2026-04-12T06:22:30.481+0000] {subprocess.py:106} INFO - 26/04/12 06:22:30 INFO IncrementalExecution: Current batch timestamp = 1775974950015
[2026-04-12T06:22:30.505+0000] {subprocess.py:106} INFO - 26/04/12 06:22:30 INFO IncrementalExecution: Current batch timestamp = 1775974950015
[2026-04-12T06:22:30.551+0000] {subprocess.py:106} INFO - 26/04/12 06:22:30 INFO CodeGenerator: Code generated in 25.531792 ms
[2026-04-12T06:22:30.552+0000] {subprocess.py:106} INFO - 26/04/12 06:22:30 INFO KafkaOffsetReaderAdmin: Partitions added: Map()
[2026-04-12T06:22:30.614+0000] {subprocess.py:106} INFO - 26/04/12 06:22:30 INFO SparkContext: Starting job: start at NativeMethodAccessorImpl.java:0
[2026-04-12T06:22:30.614+0000] {subprocess.py:106} INFO - 26/04/12 06:22:30 INFO DAGScheduler: Registering RDD 81 (start at NativeMethodAccessorImpl.java:0) as input to shuffle 3
[2026-04-12T06:22:30.618+0000] {subprocess.py:106} INFO - 26/04/12 06:22:30 INFO DAGScheduler: Got job 12 (start at NativeMethodAccessorImpl.java:0) with 1 output partitions
[2026-04-12T06:22:30.619+0000] {subprocess.py:106} INFO - 26/04/12 06:22:30 INFO DAGScheduler: Final stage: ResultStage 16 (start at NativeMethodAccessorImpl.java:0)
[2026-04-12T06:22:30.620+0000] {subprocess.py:106} INFO - 26/04/12 06:22:30 INFO DAGScheduler: Parents of final stage: List(ShuffleMapStage 15)
[2026-04-12T06:22:30.621+0000] {subprocess.py:106} INFO - 26/04/12 06:22:30 INFO DAGScheduler: Missing parents: List(ShuffleMapStage 15)
[2026-04-12T06:22:30.621+0000] {subprocess.py:106} INFO - 26/04/12 06:22:30 INFO DAGScheduler: Submitting ShuffleMapStage 15 (MapPartitionsRDD[81] at start at NativeMethodAccessorImpl.java:0), which has no missing parents
[2026-04-12T06:22:30.622+0000] {subprocess.py:106} INFO - 26/04/12 06:22:30 INFO MemoryStore: Block broadcast_27 stored as values in memory (estimated size 43.0 KiB, free 1044.4 MiB)
[2026-04-12T06:22:30.623+0000] {subprocess.py:106} INFO - 26/04/12 06:22:30 INFO MemoryStore: Block broadcast_27_piece0 stored as bytes in memory (estimated size 16.4 KiB, free 1044.4 MiB)
[2026-04-12T06:22:30.624+0000] {subprocess.py:106} INFO - 26/04/12 06:22:30 INFO SparkContext: Created broadcast 27 from broadcast at DAGScheduler.scala:1676
[2026-04-12T06:22:30.625+0000] {subprocess.py:106} INFO - 26/04/12 06:22:30 INFO DAGScheduler: Submitting 3 missing tasks from ShuffleMapStage 15 (MapPartitionsRDD[81] at start at NativeMethodAccessorImpl.java:0) (first 15 tasks are for partitions Vector(0, 1, 2))
[2026-04-12T06:22:30.626+0000] {subprocess.py:106} INFO - 26/04/12 06:22:30 INFO TaskSchedulerImpl: Adding task set 15.0 with 3 tasks resource profile 0
[2026-04-12T06:22:30.627+0000] {subprocess.py:106} INFO - 26/04/12 06:22:30 INFO TaskSetManager: Starting task 0.0 in stage 15.0 (TID 49) (spark-master,executor driver, partition 0, PROCESS_LOCAL, 13492 bytes)
[2026-04-12T06:22:30.629+0000] {subprocess.py:106} INFO - 26/04/12 06:22:30 INFO TaskSetManager: Starting task 1.0 in stage 15.0 (TID 50) (spark-master,executor driver, partition 1, PROCESS_LOCAL, 13492 bytes)
[2026-04-12T06:22:30.630+0000] {subprocess.py:106} INFO - 26/04/12 06:22:30 INFO TaskSetManager: Starting task 2.0 in stage 15.0 (TID 51) (spark-master,executor driver, partition 2, PROCESS_LOCAL, 13492 bytes)
[2026-04-12T06:22:30.632+0000] {subprocess.py:106} INFO - 26/04/12 06:22:30 INFO Executor: Running task 0.0 in stage 15.0 (TID 49)
[2026-04-12T06:22:30.633+0000] {subprocess.py:106} INFO - 26/04/12 06:22:30 INFO Executor: Running task 1.0 in stage 15.0 (TID 50)
[2026-04-12T06:22:30.639+0000] {subprocess.py:106} INFO - 26/04/12 06:22:30 INFO Executor: Running task 2.0 in stage 15.0 (TID 51)
[2026-04-12T06:22:30.665+0000] {subprocess.py:106} INFO - 26/04/12 06:22:30 INFO CodeGenerator: Code generated in 23.813892 ms
[2026-04-12T06:22:30.668+0000] {subprocess.py:106} INFO - 26/04/12 06:22:30 INFO KafkaBatchReaderFactory: Creating Kafka reader topicPartition=weather-topic-2 fromOffset=121} untilOffset=129, for query queryId=97df26eb-363e-4a9d-81a0-5bee41c3e2e1 batchId=8 taskId=49 partitionId=0
[2026-04-12T06:22:30.668+0000] {subprocess.py:106} INFO - 26/04/12 06:22:30 INFO KafkaBatchReaderFactory: Creating Kafka reader topicPartition=weather-topic-0 fromOffset=129} untilOffset=133, for query queryId=97df26eb-363e-4a9d-81a0-5bee41c3e2e1 batchId=8 taskId=51 partitionId=2
[2026-04-12T06:22:30.670+0000] {subprocess.py:106} INFO - 26/04/12 06:22:30 INFO KafkaBatchReaderFactory: Creating Kafka reader topicPartition=weather-topic-1 fromOffset=130} untilOffset=138, for query queryId=97df26eb-363e-4a9d-81a0-5bee41c3e2e1 batchId=8 taskId=50 partitionId=1
[2026-04-12T06:22:30.680+0000] {subprocess.py:106} INFO - 26/04/12 06:22:30 INFO ClassicKafkaConsumer: [Consumer clientId=consumer-spark-kafka-source-979b0fad-c3f5-47c4-b708-f769449d314b--983882313-executor-3, groupId=spark-kafka-source-979b0fad-c3f5-47c4-b708-f769449d314b--983882313-executor] Seeking to offset 129 for partition weather-topic-0
[2026-04-12T06:22:30.683+0000] {subprocess.py:106} INFO - 26/04/12 06:22:30 INFO ClassicKafkaConsumer: [Consumer clientId=consumer-spark-kafka-source-979b0fad-c3f5-47c4-b708-f769449d314b--983882313-executor-2, groupId=spark-kafka-source-979b0fad-c3f5-47c4-b708-f769449d314b--983882313-executor] Seeking to offset 130 for partition weather-topic-1
[2026-04-12T06:22:30.684+0000] {subprocess.py:106} INFO - 26/04/12 06:22:30 INFO ClassicKafkaConsumer: [Consumer clientId=consumer-spark-kafka-source-979b0fad-c3f5-47c4-b708-f769449d314b--983882313-executor-1, groupId=spark-kafka-source-979b0fad-c3f5-47c4-b708-f769449d314b--983882313-executor] Seeking to offset 121 for partition weather-topic-2
[2026-04-12T06:22:30.692+0000] {subprocess.py:106} INFO - 26/04/12 06:22:30 INFO SubscriptionState: [Consumer clientId=consumer-spark-kafka-source-979b0fad-c3f5-47c4-b708-f769449d314b--983882313-executor-3, groupId=spark-kafka-source-979b0fad-c3f5-47c4-b708-f769449d314b--983882313-executor] Seeking to earliest offset of partition weather-topic-0
[2026-04-12T06:22:30.694+0000] {subprocess.py:106} INFO - 26/04/12 06:22:30 INFO SubscriptionState: [Consumer clientId=consumer-spark-kafka-source-979b0fad-c3f5-47c4-b708-f769449d314b--983882313-executor-1, groupId=spark-kafka-source-979b0fad-c3f5-47c4-b708-f769449d314b--983882313-executor] Seeking to earliest offset of partition weather-topic-2
[2026-04-12T06:22:30.696+0000] {subprocess.py:106} INFO - 26/04/12 06:22:30 INFO SubscriptionState: [Consumer clientId=consumer-spark-kafka-source-979b0fad-c3f5-47c4-b708-f769449d314b--983882313-executor-2, groupId=spark-kafka-source-979b0fad-c3f5-47c4-b708-f769449d314b--983882313-executor] Seeking to earliest offset of partition weather-topic-1
[2026-04-12T06:22:31.202+0000] {subprocess.py:106} INFO - 26/04/12 06:22:31 INFO SubscriptionState: [Consumer clientId=consumer-spark-kafka-source-979b0fad-c3f5-47c4-b708-f769449d314b--983882313-executor-1, groupId=spark-kafka-source-979b0fad-c3f5-47c4-b708-f769449d314b--983882313-executor] Resetting offset for partition weather-topic-2 to position FetchPosition{offset=0, offsetEpoch=Optional.empty, currentLeader=LeaderAndEpoch{leader=Optional[kafka:9092 (id: 1 rack: null)], epoch=0}}.
[2026-04-12T06:22:31.205+0000] {subprocess.py:106} INFO - 26/04/12 06:22:31 INFO SubscriptionState: [Consumer clientId=consumer-spark-kafka-source-979b0fad-c3f5-47c4-b708-f769449d314b--983882313-executor-3, groupId=spark-kafka-source-979b0fad-c3f5-47c4-b708-f769449d314b--983882313-executor] Resetting offset for partition weather-topic-0 to position FetchPosition{offset=0, offsetEpoch=Optional.empty, currentLeader=LeaderAndEpoch{leader=Optional[kafka:9092 (id: 1 rack: null)], epoch=0}}.
[2026-04-12T06:22:31.208+0000] {subprocess.py:106} INFO - 26/04/12 06:22:31 INFO SubscriptionState: [Consumer clientId=consumer-spark-kafka-source-979b0fad-c3f5-47c4-b708-f769449d314b--983882313-executor-3, groupId=spark-kafka-source-979b0fad-c3f5-47c4-b708-f769449d314b--983882313-executor] Seeking to latest offset of partition weather-topic-0
[2026-04-12T06:22:31.208+0000] {subprocess.py:106} INFO - 26/04/12 06:22:31 INFO SubscriptionState: [Consumer clientId=consumer-spark-kafka-source-979b0fad-c3f5-47c4-b708-f769449d314b--983882313-executor-1, groupId=spark-kafka-source-979b0fad-c3f5-47c4-b708-f769449d314b--983882313-executor] Seeking to latest offset of partition weather-topic-2
[2026-04-12T06:22:31.216+0000] {subprocess.py:106} INFO - 26/04/12 06:22:31 INFO SubscriptionState: [Consumer clientId=consumer-spark-kafka-source-979b0fad-c3f5-47c4-b708-f769449d314b--983882313-executor-2, groupId=spark-kafka-source-979b0fad-c3f5-47c4-b708-f769449d314b--983882313-executor] Resetting offset for partition weather-topic-1 to position FetchPosition{offset=0, offsetEpoch=Optional.empty, currentLeader=LeaderAndEpoch{leader=Optional[kafka:9092 (id: 1 rack: null)], epoch=0}}.
[2026-04-12T06:22:31.218+0000] {subprocess.py:106} INFO - 26/04/12 06:22:31 INFO SubscriptionState: [Consumer clientId=consumer-spark-kafka-source-979b0fad-c3f5-47c4-b708-f769449d314b--983882313-executor-2, groupId=spark-kafka-source-979b0fad-c3f5-47c4-b708-f769449d314b--983882313-executor] Seeking to latest offset of partition weather-topic-1
[2026-04-12T06:22:31.220+0000] {subprocess.py:106} INFO - 26/04/12 06:22:31 INFO SubscriptionState: [Consumer clientId=consumer-spark-kafka-source-979b0fad-c3f5-47c4-b708-f769449d314b--983882313-executor-2, groupId=spark-kafka-source-979b0fad-c3f5-47c4-b708-f769449d314b--983882313-executor] Resetting offset for partition weather-topic-1 to position FetchPosition{offset=138, offsetEpoch=Optional.empty, currentLeader=LeaderAndEpoch{leader=Optional[kafka:9092 (id: 1 rack: null)], epoch=0}}.
[2026-04-12T06:22:31.221+0000] {subprocess.py:106} INFO - 26/04/12 06:22:31 INFO SubscriptionState: [Consumer clientId=consumer-spark-kafka-source-979b0fad-c3f5-47c4-b708-f769449d314b--983882313-executor-3, groupId=spark-kafka-source-979b0fad-c3f5-47c4-b708-f769449d314b--983882313-executor] Resetting offset for partition weather-topic-0 to position FetchPosition{offset=133, offsetEpoch=Optional.empty, currentLeader=LeaderAndEpoch{leader=Optional[kafka:9092 (id: 1 rack: null)], epoch=0}}.
[2026-04-12T06:22:31.222+0000] {subprocess.py:106} INFO - 26/04/12 06:22:31 INFO SubscriptionState: [Consumer clientId=consumer-spark-kafka-source-979b0fad-c3f5-47c4-b708-f769449d314b--983882313-executor-1, groupId=spark-kafka-source-979b0fad-c3f5-47c4-b708-f769449d314b--983882313-executor] Resetting offset for partition weather-topic-2 to position FetchPosition{offset=129, offsetEpoch=Optional.empty, currentLeader=LeaderAndEpoch{leader=Optional[kafka:9092 (id: 1 rack: null)], epoch=0}}.
[2026-04-12T06:22:31.224+0000] {subprocess.py:106} INFO - 26/04/12 06:22:31 INFO KafkaDataConsumer: From Kafka topicPartition=weather-topic-0 groupId=spark-kafka-source-979b0fad-c3f5-47c4-b708-f769449d314b--983882313-executor read 4 records through 1 polls (polled out 4 records), taking 540.503378 ms, during time span of 547.964034 ms.
[2026-04-12T06:22:31.245+0000] {subprocess.py:106} INFO - 26/04/12 06:22:31 INFO KafkaDataConsumer: From Kafka topicPartition=weather-topic-2 groupId=spark-kafka-source-979b0fad-c3f5-47c4-b708-f769449d314b--983882313-executor read 8 records through 1 polls (polled out 8 records), taking 539.16743 ms, during time span of 561.462415 ms.
[2026-04-12T06:22:31.248+0000] {subprocess.py:106} INFO - 26/04/12 06:22:31 INFO KafkaDataConsumer: From Kafka topicPartition=weather-topic-1 groupId=spark-kafka-source-979b0fad-c3f5-47c4-b708-f769449d314b--983882313-executor read 8 records through 1 polls (polled out 8 records), taking 538.295718 ms, during time span of 563.436567 ms.
[2026-04-12T06:22:31.250+0000] {subprocess.py:106} INFO - 26/04/12 06:22:31 INFO Executor: Finished task 1.0 in stage 15.0 (TID 50). 2382 bytes result sent to driver
[2026-04-12T06:22:31.251+0000] {subprocess.py:106} INFO - 26/04/12 06:22:31 INFO Executor: Finished task 0.0 in stage 15.0 (TID 49). 2339 bytes result sent to driver
[2026-04-12T06:22:31.252+0000] {subprocess.py:106} INFO - 26/04/12 06:22:31 INFO Executor: Finished task 2.0 in stage 15.0 (TID 51). 2382 bytes result sent to driver
[2026-04-12T06:22:31.253+0000] {subprocess.py:106} INFO - 26/04/12 06:22:31 INFO TaskSetManager: Finished task 1.0 in stage 15.0 (TID 50) in 622 ms on spark-master (executor driver) (1/3)
[2026-04-12T06:22:31.255+0000] {subprocess.py:106} INFO - 26/04/12 06:22:31 INFO TaskSetManager: Finished task 2.0 in stage 15.0 (TID 51) in 622 ms on spark-master (executor driver) (2/3)
[2026-04-12T06:22:31.256+0000] {subprocess.py:106} INFO - 26/04/12 06:22:31 INFO TaskSetManager: Finished task 0.0 in stage 15.0 (TID 49) in 626 ms on spark-master (executor driver) (3/3)
[2026-04-12T06:22:31.258+0000] {subprocess.py:106} INFO - 26/04/12 06:22:31 INFO TaskSchedulerImpl: Removed TaskSet 15.0 whose tasks have all completed, from pool
[2026-04-12T06:22:31.259+0000] {subprocess.py:106} INFO - 26/04/12 06:22:31 INFO DAGScheduler: ShuffleMapStage 15 (start at NativeMethodAccessorImpl.java:0) finished in 639 ms
[2026-04-12T06:22:31.260+0000] {subprocess.py:106} INFO - 26/04/12 06:22:31 INFO DAGScheduler: looking for newly runnable stages
[2026-04-12T06:22:31.260+0000] {subprocess.py:106} INFO - 26/04/12 06:22:31 INFO DAGScheduler: running: HashSet()
[2026-04-12T06:22:31.261+0000] {subprocess.py:106} INFO - 26/04/12 06:22:31 INFO DAGScheduler: waiting: HashSet(ResultStage 16)
[2026-04-12T06:22:31.262+0000] {subprocess.py:106} INFO - 26/04/12 06:22:31 INFO DAGScheduler: failed: HashSet()
[2026-04-12T06:22:31.262+0000] {subprocess.py:106} INFO - 26/04/12 06:22:31 INFO DAGScheduler: Submitting ResultStage 16 (MapPartitionsRDD[84] at start at NativeMethodAccessorImpl.java:0), which has no missing parents
[2026-04-12T06:22:31.265+0000] {subprocess.py:106} INFO - 26/04/12 06:22:31 INFO MemoryStore: Block broadcast_28 stored as values in memory (estimated size 13.6 KiB, free 1048.5 MiB)
[2026-04-12T06:22:31.274+0000] {subprocess.py:106} INFO - 26/04/12 06:22:31 INFO MemoryStore: Block broadcast_28_piece0 stored as bytes in memory (estimated size 6.5 KiB, free 1048.5 MiB)
[2026-04-12T06:22:31.275+0000] {subprocess.py:106} INFO - 26/04/12 06:22:31 INFO SparkContext: Created broadcast 28 from broadcast at DAGScheduler.scala:1676
[2026-04-12T06:22:31.276+0000] {subprocess.py:106} INFO - 26/04/12 06:22:31 INFO DAGScheduler: Submitting 1 missing tasks from ResultStage 16 (MapPartitionsRDD[84] at start at NativeMethodAccessorImpl.java:0) (first 15 tasks are for partitions Vector(0))
[2026-04-12T06:22:31.277+0000] {subprocess.py:106} INFO - 26/04/12 06:22:31 INFO TaskSchedulerImpl: Adding task set 16.0 with 1 tasks resource profile 0
[2026-04-12T06:22:31.281+0000] {subprocess.py:106} INFO - 26/04/12 06:22:31 INFO TaskSetManager: Starting task 0.0 in stage 16.0 (TID 52) (spark-master,executor driver, partition 0, NODE_LOCAL, 12446 bytes)
[2026-04-12T06:22:31.283+0000] {subprocess.py:106} INFO - 26/04/12 06:22:31 INFO BlockManager: Removing RDD 62
[2026-04-12T06:22:31.288+0000] {subprocess.py:106} INFO - 26/04/12 06:22:31 INFO Executor: Running task 0.0 in stage 16.0 (TID 52)
[2026-04-12T06:22:31.294+0000] {subprocess.py:106} INFO - 26/04/12 06:22:31 INFO ShuffleBlockFetcherIterator: Getting 3 (180.0 B) non-empty blocks including 3 (180.0 B) local and 0 (0.0 B) host-local and 0 (0.0 B) push-merged-local and 0 (0.0 B) remote blocks
[2026-04-12T06:22:31.295+0000] {subprocess.py:106} INFO - 26/04/12 06:22:31 INFO ShuffleBlockFetcherIterator: Started 0 remote fetches in 2 ms
[2026-04-12T06:22:31.301+0000] {subprocess.py:106} INFO - 26/04/12 06:22:31 INFO Executor: Finished task 0.0 in stage 16.0 (TID 52). 3895 bytes result sent to driver
[2026-04-12T06:22:31.306+0000] {subprocess.py:106} INFO - 26/04/12 06:22:31 INFO TaskSetManager: Finished task 0.0 in stage 16.0 (TID 52) in 23 ms on spark-master (executor driver) (1/1)
[2026-04-12T06:22:31.308+0000] {subprocess.py:106} INFO - 26/04/12 06:22:31 INFO DAGScheduler: ResultStage 16 (start at NativeMethodAccessorImpl.java:0) finished in 44 ms
[2026-04-12T06:22:31.309+0000] {subprocess.py:106} INFO - 26/04/12 06:22:31 INFO TaskSchedulerImpl: Removed TaskSet 16.0 whose tasks have all completed, from pool
[2026-04-12T06:22:31.310+0000] {subprocess.py:106} INFO - 26/04/12 06:22:31 INFO DAGScheduler: Job 12 is finished. Cancelling potential speculative or zombie tasks for this job
[2026-04-12T06:22:31.310+0000] {subprocess.py:106} INFO - 26/04/12 06:22:31 INFO TaskSchedulerImpl: Canceling stage 16
[2026-04-12T06:22:31.312+0000] {subprocess.py:106} INFO - 26/04/12 06:22:31 INFO TaskSchedulerImpl: Killing all running tasks in stage 16: Stage finished
[2026-04-12T06:22:31.314+0000] {subprocess.py:106} INFO - 26/04/12 06:22:31 INFO DAGScheduler: Job 12 finished: start at NativeMethodAccessorImpl.java:0, took 693.052163 ms
[2026-04-12T06:22:31.393+0000] {subprocess.py:106} INFO - 26/04/12 06:22:31 INFO ParquetUtils: Using default output committer for Parquet: org.apache.parquet.hadoop.ParquetOutputCommitter
[2026-04-12T06:22:31.397+0000] {subprocess.py:106} INFO - 26/04/12 06:22:31 INFO FileOutputCommitter: File Output Committer Algorithm version is 1
[2026-04-12T06:22:31.398+0000] {subprocess.py:106} INFO - 26/04/12 06:22:31 INFO FileOutputCommitter: FileOutputCommitter skip cleanup _temporary folders under output directory:false, ignore cleanup failures: false
[2026-04-12T06:22:31.399+0000] {subprocess.py:106} INFO - 26/04/12 06:22:31 INFO SQLHadoopMapReduceCommitProtocol: Using user defined output committer class org.apache.parquet.hadoop.ParquetOutputCommitter
[2026-04-12T06:22:31.400+0000] {subprocess.py:106} INFO - 26/04/12 06:22:31 INFO FileOutputCommitter: File Output Committer Algorithm version is 1
[2026-04-12T06:22:31.401+0000] {subprocess.py:106} INFO - 26/04/12 06:22:31 INFO FileOutputCommitter: FileOutputCommitter skip cleanup _temporary folders under output directory:false, ignore cleanup failures: false
[2026-04-12T06:22:31.402+0000] {subprocess.py:106} INFO - 26/04/12 06:22:31 INFO SQLHadoopMapReduceCommitProtocol: Using output committer class org.apache.parquet.hadoop.ParquetOutputCommitter
[2026-04-12T06:22:31.418+0000] {subprocess.py:106} INFO - 26/04/12 06:22:31 INFO SparkContext: Starting job: start at NativeMethodAccessorImpl.java:0
[2026-04-12T06:22:31.421+0000] {subprocess.py:106} INFO - 26/04/12 06:22:31 INFO DAGScheduler: Got job 13 (start at NativeMethodAccessorImpl.java:0) with 3 output partitions
[2026-04-12T06:22:31.425+0000] {subprocess.py:106} INFO - 26/04/12 06:22:31 INFO DAGScheduler: Final stage: ResultStage 17 (start at NativeMethodAccessorImpl.java:0)
[2026-04-12T06:22:31.429+0000] {subprocess.py:106} INFO - 26/04/12 06:22:31 INFO DAGScheduler: Parents of final stage: List()
[2026-04-12T06:22:31.430+0000] {subprocess.py:106} INFO - 26/04/12 06:22:31 INFO DAGScheduler: Missing parents: List()
[2026-04-12T06:22:31.430+0000] {subprocess.py:106} INFO - 26/04/12 06:22:31 INFO DAGScheduler: Submitting ResultStage 17 (MapPartitionsRDD[91] at start at NativeMethodAccessorImpl.java:0), which has no missing parents
[2026-04-12T06:22:31.456+0000] {subprocess.py:106} INFO - 26/04/12 06:22:31 INFO MemoryStore: Block broadcast_29 stored as values in memory (estimated size 298.8 KiB, free 1048.4 MiB)
[2026-04-12T06:22:31.460+0000] {subprocess.py:106} INFO - 26/04/12 06:22:31 INFO MemoryStore: Block broadcast_29_piece0 stored as bytes in memory (estimated size 105.8 KiB, free 1048.3 MiB)
[2026-04-12T06:22:31.461+0000] {subprocess.py:106} INFO - 26/04/12 06:22:31 INFO SparkContext: Created broadcast 29 from broadcast at DAGScheduler.scala:1676
[2026-04-12T06:22:31.462+0000] {subprocess.py:106} INFO - 26/04/12 06:22:31 INFO DAGScheduler: Submitting 3 missing tasks from ResultStage 17 (MapPartitionsRDD[91] at start at NativeMethodAccessorImpl.java:0) (first 15 tasks are for partitions Vector(0, 1, 2))
[2026-04-12T06:22:31.463+0000] {subprocess.py:106} INFO - 26/04/12 06:22:31 INFO TaskSchedulerImpl: Adding task set 17.0 with 3 tasks resource profile 0
[2026-04-12T06:22:31.465+0000] {subprocess.py:106} INFO - 26/04/12 06:22:31 INFO TaskSetManager: Starting task 0.0 in stage 17.0 (TID 53) (spark-master,executor driver, partition 0, PROCESS_LOCAL, 13503 bytes)
[2026-04-12T06:22:31.466+0000] {subprocess.py:106} INFO - 26/04/12 06:22:31 INFO TaskSetManager: Starting task 1.0 in stage 17.0 (TID 54) (spark-master,executor driver, partition 1, PROCESS_LOCAL, 13503 bytes)
[2026-04-12T06:22:31.467+0000] {subprocess.py:106} INFO - 26/04/12 06:22:31 INFO TaskSetManager: Starting task 2.0 in stage 17.0 (TID 55) (spark-master,executor driver, partition 2, PROCESS_LOCAL, 13503 bytes)
[2026-04-12T06:22:31.468+0000] {subprocess.py:106} INFO - 26/04/12 06:22:31 INFO Executor: Running task 2.0 in stage 17.0 (TID 55)
[2026-04-12T06:22:31.469+0000] {subprocess.py:106} INFO - 26/04/12 06:22:31 INFO Executor: Running task 0.0 in stage 17.0 (TID 53)
[2026-04-12T06:22:31.473+0000] {subprocess.py:106} INFO - 26/04/12 06:22:31 INFO Executor: Running task 1.0 in stage 17.0 (TID 54)
[2026-04-12T06:22:31.521+0000] {subprocess.py:106} INFO - 26/04/12 06:22:31 INFO KafkaBatchReaderFactory: Creating Kafka reader topicPartition=weather-topic-0 fromOffset=129} untilOffset=133, for query queryId=97df26eb-363e-4a9d-81a0-5bee41c3e2e1 batchId=8 taskId=55 partitionId=2
[2026-04-12T06:22:31.523+0000] {subprocess.py:106} INFO - 26/04/12 06:22:31 INFO KafkaBatchReaderFactory: Creating Kafka reader topicPartition=weather-topic-2 fromOffset=121} untilOffset=129, for query queryId=97df26eb-363e-4a9d-81a0-5bee41c3e2e1 batchId=8 taskId=53 partitionId=0
[2026-04-12T06:22:31.527+0000] {subprocess.py:106} INFO - 26/04/12 06:22:31 INFO KafkaBatchReaderFactory: Creating Kafka reader topicPartition=weather-topic-1 fromOffset=130} untilOffset=138, for query queryId=97df26eb-363e-4a9d-81a0-5bee41c3e2e1 batchId=8 taskId=54 partitionId=1
[2026-04-12T06:22:31.530+0000] {subprocess.py:106} INFO - 26/04/12 06:22:31 INFO ClassicKafkaConsumer: [Consumer clientId=consumer-spark-kafka-source-979b0fad-c3f5-47c4-b708-f769449d314b--983882313-executor-3, groupId=spark-kafka-source-979b0fad-c3f5-47c4-b708-f769449d314b--983882313-executor] Seeking to offset 129 for partition weather-topic-0
[2026-04-12T06:22:31.532+0000] {subprocess.py:106} INFO - 26/04/12 06:22:31 INFO ClassicKafkaConsumer: [Consumer clientId=consumer-spark-kafka-source-979b0fad-c3f5-47c4-b708-f769449d314b--983882313-executor-1, groupId=spark-kafka-source-979b0fad-c3f5-47c4-b708-f769449d314b--983882313-executor] Seeking to offset 121 for partition weather-topic-2
[2026-04-12T06:22:31.533+0000] {subprocess.py:106} INFO - 26/04/12 06:22:31 INFO ClassicKafkaConsumer: [Consumer clientId=consumer-spark-kafka-source-979b0fad-c3f5-47c4-b708-f769449d314b--983882313-executor-2, groupId=spark-kafka-source-979b0fad-c3f5-47c4-b708-f769449d314b--983882313-executor] Seeking to offset 130 for partition weather-topic-1
[2026-04-12T06:22:31.536+0000] {subprocess.py:106} INFO - 26/04/12 06:22:31 INFO SubscriptionState: [Consumer clientId=consumer-spark-kafka-source-979b0fad-c3f5-47c4-b708-f769449d314b--983882313-executor-1, groupId=spark-kafka-source-979b0fad-c3f5-47c4-b708-f769449d314b--983882313-executor] Seeking to earliest offset of partition weather-topic-2
[2026-04-12T06:22:31.543+0000] {subprocess.py:106} INFO - 26/04/12 06:22:31 INFO SubscriptionState: [Consumer clientId=consumer-spark-kafka-source-979b0fad-c3f5-47c4-b708-f769449d314b--983882313-executor-2, groupId=spark-kafka-source-979b0fad-c3f5-47c4-b708-f769449d314b--983882313-executor] Seeking to earliest offset of partition weather-topic-1
[2026-04-12T06:22:31.544+0000] {subprocess.py:106} INFO - 26/04/12 06:22:31 INFO SubscriptionState: [Consumer clientId=consumer-spark-kafka-source-979b0fad-c3f5-47c4-b708-f769449d314b--983882313-executor-3, groupId=spark-kafka-source-979b0fad-c3f5-47c4-b708-f769449d314b--983882313-executor] Seeking to earliest offset of partition weather-topic-0
[2026-04-12T06:22:32.040+0000] {subprocess.py:106} INFO - 26/04/12 06:22:32 INFO SubscriptionState: [Consumer clientId=consumer-spark-kafka-source-979b0fad-c3f5-47c4-b708-f769449d314b--983882313-executor-2, groupId=spark-kafka-source-979b0fad-c3f5-47c4-b708-f769449d314b--983882313-executor] Resetting offset for partition weather-topic-1 to position FetchPosition{offset=0, offsetEpoch=Optional.empty, currentLeader=LeaderAndEpoch{leader=Optional[kafka:9092 (id: 1 rack: null)], epoch=0}}.
[2026-04-12T06:22:32.041+0000] {subprocess.py:106} INFO - 26/04/12 06:22:32 INFO SubscriptionState: [Consumer clientId=consumer-spark-kafka-source-979b0fad-c3f5-47c4-b708-f769449d314b--983882313-executor-2, groupId=spark-kafka-source-979b0fad-c3f5-47c4-b708-f769449d314b--983882313-executor] Seeking to latest offset of partition weather-topic-1
[2026-04-12T06:22:32.043+0000] {subprocess.py:106} INFO - 26/04/12 06:22:32 INFO SubscriptionState: [Consumer clientId=consumer-spark-kafka-source-979b0fad-c3f5-47c4-b708-f769449d314b--983882313-executor-2, groupId=spark-kafka-source-979b0fad-c3f5-47c4-b708-f769449d314b--983882313-executor] Resetting offset for partition weather-topic-1 to position FetchPosition{offset=138, offsetEpoch=Optional.empty, currentLeader=LeaderAndEpoch{leader=Optional[kafka:9092 (id: 1 rack: null)], epoch=0}}.
[2026-04-12T06:22:32.044+0000] {subprocess.py:106} INFO - 26/04/12 06:22:32 INFO SubscriptionState: [Consumer clientId=consumer-spark-kafka-source-979b0fad-c3f5-47c4-b708-f769449d314b--983882313-executor-1, groupId=spark-kafka-source-979b0fad-c3f5-47c4-b708-f769449d314b--983882313-executor] Resetting offset for partition weather-topic-2 to position FetchPosition{offset=0, offsetEpoch=Optional.empty, currentLeader=LeaderAndEpoch{leader=Optional[kafka:9092 (id: 1 rack: null)], epoch=0}}.
[2026-04-12T06:22:32.045+0000] {subprocess.py:106} INFO - 26/04/12 06:22:32 INFO SubscriptionState: [Consumer clientId=consumer-spark-kafka-source-979b0fad-c3f5-47c4-b708-f769449d314b--983882313-executor-3, groupId=spark-kafka-source-979b0fad-c3f5-47c4-b708-f769449d314b--983882313-executor] Resetting offset for partition weather-topic-0 to position FetchPosition{offset=0, offsetEpoch=Optional.empty, currentLeader=LeaderAndEpoch{leader=Optional[kafka:9092 (id: 1 rack: null)], epoch=0}}.
[2026-04-12T06:22:32.045+0000] {subprocess.py:106} INFO - 26/04/12 06:22:32 INFO SubscriptionState: [Consumer clientId=consumer-spark-kafka-source-979b0fad-c3f5-47c4-b708-f769449d314b--983882313-executor-1, groupId=spark-kafka-source-979b0fad-c3f5-47c4-b708-f769449d314b--983882313-executor] Seeking to latest offset of partition weather-topic-2
[2026-04-12T06:22:32.046+0000] {subprocess.py:106} INFO - 26/04/12 06:22:32 INFO SubscriptionState: [Consumer clientId=consumer-spark-kafka-source-979b0fad-c3f5-47c4-b708-f769449d314b--983882313-executor-3, groupId=spark-kafka-source-979b0fad-c3f5-47c4-b708-f769449d314b--983882313-executor] Seeking to latest offset of partition weather-topic-0
[2026-04-12T06:22:32.047+0000] {subprocess.py:106} INFO - 26/04/12 06:22:32 INFO SubscriptionState: [Consumer clientId=consumer-spark-kafka-source-979b0fad-c3f5-47c4-b708-f769449d314b--983882313-executor-1, groupId=spark-kafka-source-979b0fad-c3f5-47c4-b708-f769449d314b--983882313-executor] Resetting offset for partition weather-topic-2 to position FetchPosition{offset=129, offsetEpoch=Optional.empty, currentLeader=LeaderAndEpoch{leader=Optional[kafka:9092 (id: 1 rack: null)], epoch=0}}.
[2026-04-12T06:22:32.048+0000] {subprocess.py:106} INFO - 26/04/12 06:22:32 INFO SubscriptionState: [Consumer clientId=consumer-spark-kafka-source-979b0fad-c3f5-47c4-b708-f769449d314b--983882313-executor-3, groupId=spark-kafka-source-979b0fad-c3f5-47c4-b708-f769449d314b--983882313-executor] Resetting offset for partition weather-topic-0 to position FetchPosition{offset=133, offsetEpoch=Optional.empty, currentLeader=LeaderAndEpoch{leader=Optional[kafka:9092 (id: 1 rack: null)], epoch=0}}.
[2026-04-12T06:22:32.050+0000] {subprocess.py:106} INFO - 26/04/12 06:22:32 INFO MemoryStore: Block rdd_87_2 stored as values in memory (estimated size 3.4 KiB, free 1048.3 MiB)
[2026-04-12T06:22:32.053+0000] {subprocess.py:106} INFO - 26/04/12 06:22:32 INFO MemoryStore: Block rdd_87_1 stored as values in memory (estimated size 4.1 KiB, free 1048.3 MiB)
[2026-04-12T06:22:32.054+0000] {subprocess.py:106} INFO - 26/04/12 06:22:32 INFO MemoryStore: Block rdd_87_0 stored as values in memory (estimated size 4.1 KiB, free 1048.3 MiB)
[2026-04-12T06:22:32.055+0000] {subprocess.py:106} INFO - 26/04/12 06:22:32 INFO FileOutputCommitter: File Output Committer Algorithm version is 1
[2026-04-12T06:22:32.056+0000] {subprocess.py:106} INFO - 26/04/12 06:22:32 INFO FileOutputCommitter: FileOutputCommitter skip cleanup _temporary folders under output directory:false, ignore cleanup failures: false
[2026-04-12T06:22:32.056+0000] {subprocess.py:106} INFO - 26/04/12 06:22:32 INFO SQLHadoopMapReduceCommitProtocol: Using user defined output committer class org.apache.parquet.hadoop.ParquetOutputCommitter
[2026-04-12T06:22:32.057+0000] {subprocess.py:106} INFO - 26/04/12 06:22:32 INFO FileOutputCommitter: File Output Committer Algorithm version is 1
[2026-04-12T06:22:32.057+0000] {subprocess.py:106} INFO - 26/04/12 06:22:32 INFO FileOutputCommitter: FileOutputCommitter skip cleanup _temporary folders under output directory:false, ignore cleanup failures: false
[2026-04-12T06:22:32.058+0000] {subprocess.py:106} INFO - 26/04/12 06:22:32 INFO SQLHadoopMapReduceCommitProtocol: Using output committer class org.apache.parquet.hadoop.ParquetOutputCommitter
[2026-04-12T06:22:32.059+0000] {subprocess.py:106} INFO - 26/04/12 06:22:32 INFO CodecConfig: Compression: SNAPPY
[2026-04-12T06:22:32.059+0000] {subprocess.py:106} INFO - 26/04/12 06:22:32 INFO FileOutputCommitter: File Output Committer Algorithm version is 1
[2026-04-12T06:22:32.060+0000] {subprocess.py:106} INFO - 26/04/12 06:22:32 INFO FileOutputCommitter: FileOutputCommitter skip cleanup _temporary folders under output directory:false, ignore cleanup failures: false
[2026-04-12T06:22:32.061+0000] {subprocess.py:106} INFO - 26/04/12 06:22:32 INFO CodecConfig: Compression: SNAPPY
[2026-04-12T06:22:32.061+0000] {subprocess.py:106} INFO - 26/04/12 06:22:32 INFO SQLHadoopMapReduceCommitProtocol: Using user defined output committer class org.apache.parquet.hadoop.ParquetOutputCommitter
[2026-04-12T06:22:32.062+0000] {subprocess.py:106} INFO - 26/04/12 06:22:32 INFO FileOutputCommitter: File Output Committer Algorithm version is 1
[2026-04-12T06:22:32.062+0000] {subprocess.py:106} INFO - 26/04/12 06:22:32 INFO FileOutputCommitter: FileOutputCommitter skip cleanup _temporary folders under output directory:false, ignore cleanup failures: false
[2026-04-12T06:22:32.063+0000] {subprocess.py:106} INFO - 26/04/12 06:22:32 INFO SQLHadoopMapReduceCommitProtocol: Using output committer class org.apache.parquet.hadoop.ParquetOutputCommitter
[2026-04-12T06:22:32.063+0000] {subprocess.py:106} INFO - 26/04/12 06:22:32 INFO CodecConfig: Compression: SNAPPY
[2026-04-12T06:22:32.064+0000] {subprocess.py:106} INFO - 26/04/12 06:22:32 INFO CodecConfig: Compression: SNAPPY
[2026-04-12T06:22:32.064+0000] {subprocess.py:106} INFO - 26/04/12 06:22:32 INFO FileOutputCommitter: File Output Committer Algorithm version is 1
[2026-04-12T06:22:32.064+0000] {subprocess.py:106} INFO - 26/04/12 06:22:32 INFO FileOutputCommitter: FileOutputCommitter skip cleanup _temporary folders under output directory:false, ignore cleanup failures: false
[2026-04-12T06:22:32.065+0000] {subprocess.py:106} INFO - 26/04/12 06:22:32 INFO SQLHadoopMapReduceCommitProtocol: Using user defined output committer class org.apache.parquet.hadoop.ParquetOutputCommitter
[2026-04-12T06:22:32.065+0000] {subprocess.py:106} INFO - 26/04/12 06:22:32 INFO ParquetOutputFormat: ParquetRecordWriter [block size: 134217728b, row group padding size: 8388608b, validating: false]
[2026-04-12T06:22:32.066+0000] {subprocess.py:106} INFO - 26/04/12 06:22:32 INFO FileOutputCommitter: File Output Committer Algorithm version is 1
[2026-04-12T06:22:32.066+0000] {subprocess.py:106} INFO - 26/04/12 06:22:32 INFO FileOutputCommitter: FileOutputCommitter skip cleanup _temporary folders under output directory:false, ignore cleanup failures: false
[2026-04-12T06:22:32.067+0000] {subprocess.py:106} INFO - 26/04/12 06:22:32 INFO SQLHadoopMapReduceCommitProtocol: Using output committer class org.apache.parquet.hadoop.ParquetOutputCommitter
[2026-04-12T06:22:32.067+0000] {subprocess.py:106} INFO - 26/04/12 06:22:32 INFO CodecConfig: Compression: SNAPPY
[2026-04-12T06:22:32.067+0000] {subprocess.py:106} INFO - 26/04/12 06:22:32 INFO ParquetOutputFormat: ParquetRecordWriter [block size: 134217728b, row group padding size: 8388608b, validating: false]
[2026-04-12T06:22:32.068+0000] {subprocess.py:106} INFO - 26/04/12 06:22:32 INFO CodecConfig: Compression: SNAPPY
[2026-04-12T06:22:32.068+0000] {subprocess.py:106} INFO - 26/04/12 06:22:32 INFO ParquetOutputFormat: ParquetRecordWriter [block size: 134217728b, row group padding size: 8388608b, validating: false]
[2026-04-12T06:22:32.521+0000] {subprocess.py:106} INFO - 26/04/12 06:22:32 INFO FileOutputCommitter: Saved output of task 'attempt_202604120622318331206906084384173_0017_m_000002_55' to hdfs://23133083thuyvan-master:9000/user/hive/lakehouse/bronze/raw_api/_temporary/0/task_202604120622318331206906084384173_0017_m_000002
[2026-04-12T06:22:32.523+0000] {subprocess.py:106} INFO - 26/04/12 06:22:32 INFO SparkHadoopMapRedUtil: attempt_202604120622318331206906084384173_0017_m_000002_55: Committed. Elapsed time: 9 ms.
[2026-04-12T06:22:32.524+0000] {subprocess.py:106} INFO - 26/04/12 06:22:32 INFO KafkaDataConsumer: From Kafka topicPartition=weather-topic-0 groupId=spark-kafka-source-979b0fad-c3f5-47c4-b708-f769449d314b--983882313-executor read 4 records through 1 polls (polled out 4 records), taking 515.978269 ms, during time span of 992.877797 ms.
[2026-04-12T06:22:32.526+0000] {subprocess.py:106} INFO - 26/04/12 06:22:32 INFO Executor: Finished task 2.0 in stage 17.0 (TID 55). 3281 bytes result sent to driver
[2026-04-12T06:22:32.527+0000] {subprocess.py:106} INFO - 26/04/12 06:22:32 INFO TaskSetManager: Finished task 2.0 in stage 17.0 (TID 55) in 1058 ms on spark-master (executor driver) (1/3)
[2026-04-12T06:22:32.531+0000] {subprocess.py:106} INFO - 26/04/12 06:22:32 INFO FileOutputCommitter: Saved output of task 'attempt_202604120622318331206906084384173_0017_m_000000_53' to hdfs://23133083thuyvan-master:9000/user/hive/lakehouse/bronze/raw_api/_temporary/0/task_202604120622318331206906084384173_0017_m_000000
[2026-04-12T06:22:32.533+0000] {subprocess.py:106} INFO - 26/04/12 06:22:32 INFO SparkHadoopMapRedUtil: attempt_202604120622318331206906084384173_0017_m_000000_53: Committed. Elapsed time: 13 ms.
[2026-04-12T06:22:32.534+0000] {subprocess.py:106} INFO - 26/04/12 06:22:32 INFO KafkaDataConsumer: From Kafka topicPartition=weather-topic-2 groupId=spark-kafka-source-979b0fad-c3f5-47c4-b708-f769449d314b--983882313-executor read 8 records through 1 polls (polled out 8 records), taking 515.005186 ms, during time span of 1001.551627 ms.
[2026-04-12T06:22:32.535+0000] {subprocess.py:106} INFO - 26/04/12 06:22:32 INFO Executor: Finished task 0.0 in stage 17.0 (TID 53). 3281 bytes result sent to driver
[2026-04-12T06:22:32.537+0000] {subprocess.py:106} INFO - 26/04/12 06:22:32 INFO FileOutputCommitter: Saved output of task 'attempt_202604120622318331206906084384173_0017_m_000001_54' to hdfs://23133083thuyvan-master:9000/user/hive/lakehouse/bronze/raw_api/_temporary/0/task_202604120622318331206906084384173_0017_m_000001
[2026-04-12T06:22:32.538+0000] {subprocess.py:106} INFO - 26/04/12 06:22:32 INFO SparkHadoopMapRedUtil: attempt_202604120622318331206906084384173_0017_m_000001_54: Committed. Elapsed time: 21 ms.
[2026-04-12T06:22:32.541+0000] {subprocess.py:106} INFO - 26/04/12 06:22:32 INFO KafkaDataConsumer: From Kafka topicPartition=weather-topic-1 groupId=spark-kafka-source-979b0fad-c3f5-47c4-b708-f769449d314b--983882313-executor read 8 records through 1 polls (polled out 8 records), taking 511.324587 ms, during time span of 1007.494017 ms.
[2026-04-12T06:22:32.542+0000] {subprocess.py:106} INFO - 26/04/12 06:22:32 INFO TaskSetManager: Finished task 0.0 in stage 17.0 (TID 53) in 1074 ms on spark-master (executor driver) (2/3)
[2026-04-12T06:22:32.542+0000] {subprocess.py:106} INFO - 26/04/12 06:22:32 INFO Executor: Finished task 1.0 in stage 17.0 (TID 54). 3281 bytes result sent to driver
[2026-04-12T06:22:32.543+0000] {subprocess.py:106} INFO - 26/04/12 06:22:32 INFO TaskSetManager: Finished task 1.0 in stage 17.0 (TID 54) in 1077 ms on spark-master (executor driver) (3/3)
[2026-04-12T06:22:32.544+0000] {subprocess.py:106} INFO - 26/04/12 06:22:32 INFO TaskSchedulerImpl: Removed TaskSet 17.0 whose tasks have all completed, from pool
[2026-04-12T06:22:32.544+0000] {subprocess.py:106} INFO - 26/04/12 06:22:32 INFO DAGScheduler: ResultStage 17 (start at NativeMethodAccessorImpl.java:0) finished in 1119 ms
[2026-04-12T06:22:32.545+0000] {subprocess.py:106} INFO - 26/04/12 06:22:32 INFO DAGScheduler: Job 13 is finished. Cancelling potential speculative or zombie tasks for this job
[2026-04-12T06:22:32.545+0000] {subprocess.py:106} INFO - 26/04/12 06:22:32 INFO TaskSchedulerImpl: Canceling stage 17
[2026-04-12T06:22:32.546+0000] {subprocess.py:106} INFO - 26/04/12 06:22:32 INFO TaskSchedulerImpl: Killing all running tasks in stage 17: Stage finished
[2026-04-12T06:22:32.547+0000] {subprocess.py:106} INFO - 26/04/12 06:22:32 INFO DAGScheduler: Job 13 finished: start at NativeMethodAccessorImpl.java:0, took 1125.692471 ms
[2026-04-12T06:22:32.547+0000] {subprocess.py:106} INFO - 26/04/12 06:22:32 INFO FileFormatWriter: Start to commit write Job 05a97af9-a176-4a5b-9f50-1b6ac0eaf62d.
[2026-04-12T06:22:32.601+0000] {subprocess.py:106} INFO - 26/04/12 06:22:32 INFO FileFormatWriter: Write Job 05a97af9-a176-4a5b-9f50-1b6ac0eaf62d committed. Elapsed time: 55 ms.
[2026-04-12T06:22:32.601+0000] {subprocess.py:106} INFO - 26/04/12 06:22:32 INFO FileFormatWriter: Finished processing stats for write job 05a97af9-a176-4a5b-9f50-1b6ac0eaf62d.
[2026-04-12T06:22:32.814+0000] {subprocess.py:106} INFO - 26/04/12 06:22:32 INFO BaseMetastoreTableOperations: Refreshing table metadata from new version: hdfs://23133083thuyvan-master:9000/user/hive/lakehouse/air_quality_db.db/air_quality_silver/metadata/00011-90586a85-5d86-4d18-b56f-6213a5357071.metadata.json
[2026-04-12T06:22:32.822+0000] {subprocess.py:106} INFO - 26/04/12 06:22:32 INFO BaseMetastoreCatalog: Table loaded by catalog: iceberg.air_quality_db.air_quality_silver
[2026-04-12T06:22:32.878+0000] {subprocess.py:106} INFO - 26/04/12 06:22:32 INFO V2ScanRelationPushDown:
[2026-04-12T06:22:32.879+0000] {subprocess.py:106} INFO - Pushing operators to iceberg.air_quality_db.air_quality_silver
[2026-04-12T06:22:32.879+0000] {subprocess.py:106} INFO - Pushed Filters: location IS NOT NULL, timestamp IS NOT NULL
[2026-04-12T06:22:32.880+0000] {subprocess.py:106} INFO - Post-Scan Filters: isnotnull(location#4475),isnotnull(timestamp#4474)
[2026-04-12T06:22:32.881+0000] {subprocess.py:106} INFO - 
[2026-04-12T06:22:32.882+0000] {subprocess.py:106} INFO - 26/04/12 06:22:32 INFO V2ScanRelationPushDown:
[2026-04-12T06:22:32.882+0000] {subprocess.py:106} INFO - Output: timestamp#4474, location#4475
[2026-04-12T06:22:32.883+0000] {subprocess.py:106} INFO - 
[2026-04-12T06:22:32.884+0000] {subprocess.py:106} INFO - 26/04/12 06:22:32 INFO SnapshotScan: Scanning table iceberg.air_quality_db.air_quality_silver snapshot 7540649255790642312 created at 2026-04-12T06:20:33.644+00:00 with filter (location IS NOT NULL AND timestamp IS NOT NULL)
[2026-04-12T06:22:32.897+0000] {subprocess.py:106} INFO - 26/04/12 06:22:32 INFO BaseDistributedDataScan: Planning file tasks locally for table iceberg.air_quality_db.air_quality_silver
[2026-04-12T06:22:32.941+0000] {subprocess.py:106} INFO - 26/04/12 06:22:32 INFO SparkPartitioningAwareScan: Reporting UnknownPartitioning with 8 partition(s) for table iceberg.air_quality_db.air_quality_silver
[2026-04-12T06:22:32.958+0000] {subprocess.py:106} INFO - 26/04/12 06:22:32 INFO MemoryStore: Block broadcast_30 stored as values in memory (estimated size 32.0 KiB, free 1048.3 MiB)
[2026-04-12T06:22:32.961+0000] {subprocess.py:106} INFO - 26/04/12 06:22:32 INFO MemoryStore: Block broadcast_30_piece0 stored as bytes in memory (estimated size 36.2 KiB, free 1048.2 MiB)
[2026-04-12T06:22:32.962+0000] {subprocess.py:106} INFO - 26/04/12 06:22:32 INFO SparkContext: Created broadcast 30 from start at NativeMethodAccessorImpl.java:0
[2026-04-12T06:22:32.986+0000] {subprocess.py:106} INFO - 26/04/12 06:22:32 INFO MemoryStore: Block broadcast_31 stored as values in memory (estimated size 32.0 KiB, free 1048.2 MiB)
[2026-04-12T06:22:32.989+0000] {subprocess.py:106} INFO - 26/04/12 06:22:32 INFO MemoryStore: Block broadcast_31_piece0 stored as bytes in memory (estimated size 36.2 KiB, free 1048.2 MiB)
[2026-04-12T06:22:32.989+0000] {subprocess.py:106} INFO - 26/04/12 06:22:32 INFO SparkContext: Created broadcast 31 from start at NativeMethodAccessorImpl.java:0
[2026-04-12T06:22:33.042+0000] {subprocess.py:106} INFO - 26/04/12 06:22:33 INFO SparkContext: Starting job: start at NativeMethodAccessorImpl.java:0
[2026-04-12T06:22:33.043+0000] {subprocess.py:106} INFO - 26/04/12 06:22:33 INFO DAGScheduler: Got job 14 (start at NativeMethodAccessorImpl.java:0) with 8 output partitions
[2026-04-12T06:22:33.044+0000] {subprocess.py:106} INFO - 26/04/12 06:22:33 INFO DAGScheduler: Final stage: ResultStage 18 (start at NativeMethodAccessorImpl.java:0)
[2026-04-12T06:22:33.045+0000] {subprocess.py:106} INFO - 26/04/12 06:22:33 INFO DAGScheduler: Parents of final stage: List()
[2026-04-12T06:22:33.045+0000] {subprocess.py:106} INFO - 26/04/12 06:22:33 INFO DAGScheduler: Missing parents: List()
[2026-04-12T06:22:33.048+0000] {subprocess.py:106} INFO - 26/04/12 06:22:33 INFO DAGScheduler: Submitting ResultStage 18 (MapPartitionsRDD[95] at start at NativeMethodAccessorImpl.java:0), which has no missing parents
[2026-04-12T06:22:33.049+0000] {subprocess.py:106} INFO - 26/04/12 06:22:33 INFO MemoryStore: Block broadcast_32 stored as values in memory (estimated size 15.1 KiB, free 1048.2 MiB)
[2026-04-12T06:22:33.051+0000] {subprocess.py:106} INFO - 26/04/12 06:22:33 INFO MemoryStore: Block broadcast_32_piece0 stored as bytes in memory (estimated size 6.0 KiB, free 1048.2 MiB)
[2026-04-12T06:22:33.053+0000] {subprocess.py:106} INFO - 26/04/12 06:22:33 INFO SparkContext: Created broadcast 32 from broadcast at DAGScheduler.scala:1676
[2026-04-12T06:22:33.054+0000] {subprocess.py:106} INFO - 26/04/12 06:22:33 INFO DAGScheduler: Submitting 8 missing tasks from ResultStage 18 (MapPartitionsRDD[95] at start at NativeMethodAccessorImpl.java:0) (first 15 tasks are for partitions Vector(0, 1, 2, 3, 4, 5, 6, 7))
[2026-04-12T06:22:33.055+0000] {subprocess.py:106} INFO - 26/04/12 06:22:33 INFO TaskSchedulerImpl: Adding task set 18.0 with 8 tasks resource profile 0
[2026-04-12T06:22:33.056+0000] {subprocess.py:106} INFO - 26/04/12 06:22:33 INFO TaskSetManager: Starting task 0.0 in stage 18.0 (TID 56) (spark-master,executor driver, partition 0, ANY, 20448 bytes)
[2026-04-12T06:22:33.057+0000] {subprocess.py:106} INFO - 26/04/12 06:22:33 INFO TaskSetManager: Starting task 1.0 in stage 18.0 (TID 57) (spark-master,executor driver, partition 1, ANY, 20458 bytes)
[2026-04-12T06:22:33.057+0000] {subprocess.py:106} INFO - 26/04/12 06:22:33 INFO TaskSetManager: Starting task 2.0 in stage 18.0 (TID 58) (spark-master,executor driver, partition 2, ANY, 20460 bytes)
[2026-04-12T06:22:33.060+0000] {subprocess.py:106} INFO - 26/04/12 06:22:33 INFO TaskSetManager: Starting task 3.0 in stage 18.0 (TID 59) (spark-master,executor driver, partition 3, ANY, 20469 bytes)
[2026-04-12T06:22:33.061+0000] {subprocess.py:106} INFO - 26/04/12 06:22:33 INFO TaskSetManager: Starting task 4.0 in stage 18.0 (TID 60) (spark-master,executor driver, partition 4, ANY, 20451 bytes)
[2026-04-12T06:22:33.064+0000] {subprocess.py:106} INFO - 26/04/12 06:22:33 INFO TaskSetManager: Starting task 5.0 in stage 18.0 (TID 61) (spark-master,executor driver, partition 5, ANY, 20448 bytes)
[2026-04-12T06:22:33.065+0000] {subprocess.py:106} INFO - 26/04/12 06:22:33 INFO TaskSetManager: Starting task 6.0 in stage 18.0 (TID 62) (spark-master,executor driver, partition 6, ANY, 20460 bytes)
[2026-04-12T06:22:33.066+0000] {subprocess.py:106} INFO - 26/04/12 06:22:33 INFO TaskSetManager: Starting task 7.0 in stage 18.0 (TID 63) (spark-master,executor driver, partition 7, ANY, 19468 bytes)
[2026-04-12T06:22:33.067+0000] {subprocess.py:106} INFO - 26/04/12 06:22:33 INFO Executor: Running task 0.0 in stage 18.0 (TID 56)
[2026-04-12T06:22:33.070+0000] {subprocess.py:106} INFO - 26/04/12 06:22:33 INFO Executor: Running task 1.0 in stage 18.0 (TID 57)
[2026-04-12T06:22:33.071+0000] {subprocess.py:106} INFO - 26/04/12 06:22:33 INFO Executor: Running task 2.0 in stage 18.0 (TID 58)
[2026-04-12T06:22:33.073+0000] {subprocess.py:106} INFO - 26/04/12 06:22:33 INFO Executor: Running task 3.0 in stage 18.0 (TID 59)
[2026-04-12T06:22:33.076+0000] {subprocess.py:106} INFO - 26/04/12 06:22:33 INFO Executor: Running task 4.0 in stage 18.0 (TID 60)
[2026-04-12T06:22:33.078+0000] {subprocess.py:106} INFO - 26/04/12 06:22:33 INFO Executor: Running task 5.0 in stage 18.0 (TID 61)
[2026-04-12T06:22:33.078+0000] {subprocess.py:106} INFO - 26/04/12 06:22:33 INFO Executor: Running task 6.0 in stage 18.0 (TID 62)
[2026-04-12T06:22:33.087+0000] {subprocess.py:106} INFO - 26/04/12 06:22:33 INFO Executor: Running task 7.0 in stage 18.0 (TID 63)
[2026-04-12T06:22:33.119+0000] {subprocess.py:106} INFO - 26/04/12 06:22:33 INFO CodecPool: Got brand-new decompressor [.zstd]
[2026-04-12T06:22:33.120+0000] {subprocess.py:106} INFO - 26/04/12 06:22:33 INFO CodecPool: Got brand-new decompressor [.zstd]
[2026-04-12T06:22:33.121+0000] {subprocess.py:106} INFO - 26/04/12 06:22:33 INFO CodecPool: Got brand-new decompressor [.zstd]
[2026-04-12T06:22:33.121+0000] {subprocess.py:106} INFO - 26/04/12 06:22:33 INFO CodecPool: Got brand-new decompressor [.zstd]
[2026-04-12T06:22:33.162+0000] {subprocess.py:106} INFO - 26/04/12 06:22:33 INFO CodecPool: Got brand-new decompressor [.zstd]
[2026-04-12T06:22:33.163+0000] {subprocess.py:106} INFO - 26/04/12 06:22:33 INFO CodecPool: Got brand-new decompressor [.zstd]
[2026-04-12T06:22:33.170+0000] {subprocess.py:106} INFO - 26/04/12 06:22:33 INFO CodecPool: Got brand-new decompressor [.zstd]
[2026-04-12T06:22:33.171+0000] {subprocess.py:106} INFO - 26/04/12 06:22:33 INFO CodecPool: Got brand-new decompressor [.zstd]
[2026-04-12T06:22:33.182+0000] {subprocess.py:106} INFO - 26/04/12 06:22:33 INFO CodecPool: Got brand-new decompressor [.zstd]
[2026-04-12T06:22:33.194+0000] {subprocess.py:106} INFO - 26/04/12 06:22:33 INFO CodecPool: Got brand-new decompressor [.zstd]
[2026-04-12T06:22:33.198+0000] {subprocess.py:106} INFO - 26/04/12 06:22:33 INFO CodecPool: Got brand-new decompressor [.zstd]
[2026-04-12T06:22:33.199+0000] {subprocess.py:106} INFO - 26/04/12 06:22:33 INFO CodecPool: Got brand-new decompressor [.zstd]
[2026-04-12T06:22:33.202+0000] {subprocess.py:106} INFO - 26/04/12 06:22:33 INFO Executor: Finished task 7.0 in stage 18.0 (TID 63). 4677 bytes result sent to driver
[2026-04-12T06:22:33.204+0000] {subprocess.py:106} INFO - 26/04/12 06:22:33 INFO TaskSetManager: Finished task 7.0 in stage 18.0 (TID 63) in 143 ms on spark-master (executor driver) (1/8)
[2026-04-12T06:22:33.205+0000] {subprocess.py:106} INFO - 26/04/12 06:22:33 INFO CodecPool: Got brand-new decompressor [.zstd]
[2026-04-12T06:22:33.223+0000] {subprocess.py:106} INFO - 26/04/12 06:22:33 INFO CodecPool: Got brand-new decompressor [.zstd]
[2026-04-12T06:22:33.224+0000] {subprocess.py:106} INFO - 26/04/12 06:22:33 INFO CodecPool: Got brand-new decompressor [.zstd]
[2026-04-12T06:22:33.226+0000] {subprocess.py:106} INFO - 26/04/12 06:22:33 INFO CodecPool: Got brand-new decompressor [.zstd]
[2026-04-12T06:22:33.230+0000] {subprocess.py:106} INFO - 26/04/12 06:22:33 INFO CodecPool: Got brand-new decompressor [.zstd]
[2026-04-12T06:22:33.230+0000] {subprocess.py:106} INFO - 26/04/12 06:22:33 INFO CodecPool: Got brand-new decompressor [.zstd]
[2026-04-12T06:22:33.231+0000] {subprocess.py:106} INFO - 26/04/12 06:22:33 INFO CodecPool: Got brand-new decompressor [.zstd]
[2026-04-12T06:22:33.237+0000] {subprocess.py:106} INFO - 26/04/12 06:22:33 INFO CodecPool: Got brand-new decompressor [.zstd]
[2026-04-12T06:22:33.250+0000] {subprocess.py:106} INFO - 26/04/12 06:22:33 INFO CodecPool: Got brand-new decompressor [.zstd]
[2026-04-12T06:22:33.251+0000] {subprocess.py:106} INFO - 26/04/12 06:22:33 INFO CodecPool: Got brand-new decompressor [.zstd]
[2026-04-12T06:22:33.258+0000] {subprocess.py:106} INFO - 26/04/12 06:22:33 INFO Executor: Finished task 0.0 in stage 18.0 (TID 56). 4922 bytes result sent to driver
[2026-04-12T06:22:33.259+0000] {subprocess.py:106} INFO - 26/04/12 06:22:33 INFO CodecPool: Got brand-new decompressor [.zstd]
[2026-04-12T06:22:33.263+0000] {subprocess.py:106} INFO - 26/04/12 06:22:33 INFO CodecPool: Got brand-new decompressor [.zstd]
[2026-04-12T06:22:33.264+0000] {subprocess.py:106} INFO - 26/04/12 06:22:33 INFO CodecPool: Got brand-new decompressor [.zstd]
[2026-04-12T06:22:33.267+0000] {subprocess.py:106} INFO - 26/04/12 06:22:33 INFO TaskSetManager: Finished task 0.0 in stage 18.0 (TID 56) in 208 ms on spark-master (executor driver) (2/8)
[2026-04-12T06:22:33.267+0000] {subprocess.py:106} INFO - 26/04/12 06:22:33 INFO Executor: Finished task 2.0 in stage 18.0 (TID 58). 5171 bytes result sent to driver
[2026-04-12T06:22:33.274+0000] {subprocess.py:106} INFO - 26/04/12 06:22:33 INFO CodecPool: Got brand-new decompressor [.zstd]
[2026-04-12T06:22:33.275+0000] {subprocess.py:106} INFO - 26/04/12 06:22:33 INFO TaskSetManager: Finished task 2.0 in stage 18.0 (TID 58) in 219 ms on spark-master (executor driver) (3/8)
[2026-04-12T06:22:33.276+0000] {subprocess.py:106} INFO - 26/04/12 06:22:33 INFO CodecPool: Got brand-new decompressor [.zstd]
[2026-04-12T06:22:33.278+0000] {subprocess.py:106} INFO - 26/04/12 06:22:33 INFO Executor: Finished task 5.0 in stage 18.0 (TID 61). 5106 bytes result sent to driver
[2026-04-12T06:22:33.279+0000] {subprocess.py:106} INFO - 26/04/12 06:22:33 INFO TaskSetManager: Finished task 5.0 in stage 18.0 (TID 61) in 220 ms on spark-master (executor driver) (4/8)
[2026-04-12T06:22:33.283+0000] {subprocess.py:106} INFO - 26/04/12 06:22:33 INFO Executor: Finished task 1.0 in stage 18.0 (TID 57). 5234 bytes result sent to driver
[2026-04-12T06:22:33.284+0000] {subprocess.py:106} INFO - 26/04/12 06:22:33 INFO CodecPool: Got brand-new decompressor [.zstd]
[2026-04-12T06:22:33.285+0000] {subprocess.py:106} INFO - 26/04/12 06:22:33 INFO TaskSetManager: Finished task 1.0 in stage 18.0 (TID 57) in 229 ms on spark-master (executor driver) (5/8)
[2026-04-12T06:22:33.286+0000] {subprocess.py:106} INFO - 26/04/12 06:22:33 INFO CodecPool: Got brand-new decompressor [.zstd]
[2026-04-12T06:22:33.286+0000] {subprocess.py:106} INFO - 26/04/12 06:22:33 INFO CodecPool: Got brand-new decompressor [.zstd]
[2026-04-12T06:22:33.288+0000] {subprocess.py:106} INFO - 26/04/12 06:22:33 INFO Executor: Finished task 4.0 in stage 18.0 (TID 60). 4963 bytes result sent to driver
[2026-04-12T06:22:33.290+0000] {subprocess.py:106} INFO - 26/04/12 06:22:33 INFO Executor: Finished task 6.0 in stage 18.0 (TID 62). 4975 bytes result sent to driver
[2026-04-12T06:22:33.291+0000] {subprocess.py:106} INFO - 26/04/12 06:22:33 INFO Executor: Finished task 3.0 in stage 18.0 (TID 59). 5392 bytes result sent to driver
[2026-04-12T06:22:33.294+0000] {subprocess.py:106} INFO - 26/04/12 06:22:33 INFO TaskSetManager: Finished task 4.0 in stage 18.0 (TID 60) in 236 ms on spark-master (executor driver) (6/8)
[2026-04-12T06:22:33.295+0000] {subprocess.py:106} INFO - 26/04/12 06:22:33 INFO TaskSetManager: Finished task 6.0 in stage 18.0 (TID 62) in 236 ms on spark-master (executor driver) (7/8)
[2026-04-12T06:22:33.296+0000] {subprocess.py:106} INFO - 26/04/12 06:22:33 INFO TaskSetManager: Finished task 3.0 in stage 18.0 (TID 59) in 239 ms on spark-master (executor driver) (8/8)
[2026-04-12T06:22:33.297+0000] {subprocess.py:106} INFO - 26/04/12 06:22:33 INFO TaskSchedulerImpl: Removed TaskSet 18.0 whose tasks have all completed, from pool
[2026-04-12T06:22:33.298+0000] {subprocess.py:106} INFO - 26/04/12 06:22:33 INFO DAGScheduler: ResultStage 18 (start at NativeMethodAccessorImpl.java:0) finished in 252 ms
[2026-04-12T06:22:33.298+0000] {subprocess.py:106} INFO - 26/04/12 06:22:33 INFO DAGScheduler: Job 14 is finished. Cancelling potential speculative or zombie tasks for this job
[2026-04-12T06:22:33.299+0000] {subprocess.py:106} INFO - 26/04/12 06:22:33 INFO TaskSchedulerImpl: Canceling stage 18
[2026-04-12T06:22:33.300+0000] {subprocess.py:106} INFO - 26/04/12 06:22:33 INFO TaskSchedulerImpl: Killing all running tasks in stage 18: Stage finished
[2026-04-12T06:22:33.300+0000] {subprocess.py:106} INFO - 26/04/12 06:22:33 INFO DAGScheduler: Job 14 finished: start at NativeMethodAccessorImpl.java:0, took 255.866829 ms
[2026-04-12T06:22:33.305+0000] {subprocess.py:106} INFO - 26/04/12 06:22:33 INFO MemoryStore: Block broadcast_33 stored as values in memory (estimated size 4.0 MiB, free 1044.6 MiB)
[2026-04-12T06:22:33.308+0000] {subprocess.py:106} INFO - 26/04/12 06:22:33 INFO MemoryStore: Block broadcast_33_piece0 stored as bytes in memory (estimated size 7.8 KiB, free 1044.6 MiB)
[2026-04-12T06:22:33.310+0000] {subprocess.py:106} INFO - 26/04/12 06:22:33 INFO SparkContext: Created broadcast 33 from start at NativeMethodAccessorImpl.java:0
[2026-04-12T06:22:33.325+0000] {subprocess.py:106} INFO - 26/04/12 06:22:33 INFO MemoryStore: Block broadcast_34 stored as values in memory (estimated size 32.0 KiB, free 1044.6 MiB)
[2026-04-12T06:22:33.328+0000] {subprocess.py:106} INFO - 26/04/12 06:22:33 INFO MemoryStore: Block broadcast_34_piece0 stored as bytes in memory (estimated size 36.2 KiB, free 1044.5 MiB)
[2026-04-12T06:22:33.329+0000] {subprocess.py:106} INFO - 26/04/12 06:22:33 INFO SparkContext: Created broadcast 34 from start at NativeMethodAccessorImpl.java:0
[2026-04-12T06:22:33.329+0000] {subprocess.py:106} INFO - 26/04/12 06:22:33 INFO AppendDataExec: Start processing data source write support: IcebergBatchWrite(table=iceberg.air_quality_db.air_quality_silver, format=PARQUET). The input RDD has 3} partitions.
[2026-04-12T06:22:33.332+0000] {subprocess.py:106} INFO - 26/04/12 06:22:33 INFO SparkContext: Starting job: start at NativeMethodAccessorImpl.java:0
[2026-04-12T06:22:33.332+0000] {subprocess.py:106} INFO - 26/04/12 06:22:33 INFO DAGScheduler: Got job 15 (start at NativeMethodAccessorImpl.java:0) with 3 output partitions
[2026-04-12T06:22:33.333+0000] {subprocess.py:106} INFO - 26/04/12 06:22:33 INFO DAGScheduler: Final stage: ResultStage 19 (start at NativeMethodAccessorImpl.java:0)
[2026-04-12T06:22:33.333+0000] {subprocess.py:106} INFO - 26/04/12 06:22:33 INFO DAGScheduler: Parents of final stage: List()
[2026-04-12T06:22:33.335+0000] {subprocess.py:106} INFO - 26/04/12 06:22:33 INFO DAGScheduler: Missing parents: List()
[2026-04-12T06:22:33.336+0000] {subprocess.py:106} INFO - 26/04/12 06:22:33 INFO DAGScheduler: Submitting ResultStage 19 (MapPartitionsRDD[99] at start at NativeMethodAccessorImpl.java:0), which has no missing parents
[2026-04-12T06:22:33.343+0000] {subprocess.py:106} INFO - 26/04/12 06:22:33 INFO MemoryStore: Block broadcast_35 stored as values in memory (estimated size 72.8 KiB, free 1044.5 MiB)
[2026-04-12T06:22:33.345+0000] {subprocess.py:106} INFO - 26/04/12 06:22:33 INFO MemoryStore: Block broadcast_35_piece0 stored as bytes in memory (estimated size 25.2 KiB, free 1044.4 MiB)
[2026-04-12T06:22:33.347+0000] {subprocess.py:106} INFO - 26/04/12 06:22:33 INFO SparkContext: Created broadcast 35 from broadcast at DAGScheduler.scala:1676
[2026-04-12T06:22:33.348+0000] {subprocess.py:106} INFO - 26/04/12 06:22:33 INFO DAGScheduler: Submitting 3 missing tasks from ResultStage 19 (MapPartitionsRDD[99] at start at NativeMethodAccessorImpl.java:0) (first 15 tasks are for partitions Vector(0, 1, 2))
[2026-04-12T06:22:33.349+0000] {subprocess.py:106} INFO - 26/04/12 06:22:33 INFO TaskSchedulerImpl: Adding task set 19.0 with 3 tasks resource profile 0
[2026-04-12T06:22:33.350+0000] {subprocess.py:106} INFO - 26/04/12 06:22:33 INFO TaskSetManager: Starting task 0.0 in stage 19.0 (TID 64) (spark-master,executor driver, partition 0, PROCESS_LOCAL, 13503 bytes)
[2026-04-12T06:22:33.351+0000] {subprocess.py:106} INFO - 26/04/12 06:22:33 INFO TaskSetManager: Starting task 1.0 in stage 19.0 (TID 65) (spark-master,executor driver, partition 1, PROCESS_LOCAL, 13503 bytes)
[2026-04-12T06:22:33.353+0000] {subprocess.py:106} INFO - 26/04/12 06:22:33 INFO TaskSetManager: Starting task 2.0 in stage 19.0 (TID 66) (spark-master,executor driver, partition 2, PROCESS_LOCAL, 13503 bytes)
[2026-04-12T06:22:33.354+0000] {subprocess.py:106} INFO - 26/04/12 06:22:33 INFO Executor: Running task 2.0 in stage 19.0 (TID 66)
[2026-04-12T06:22:33.359+0000] {subprocess.py:106} INFO - 26/04/12 06:22:33 INFO Executor: Running task 0.0 in stage 19.0 (TID 64)
[2026-04-12T06:22:33.360+0000] {subprocess.py:106} INFO - 26/04/12 06:22:33 INFO Executor: Running task 1.0 in stage 19.0 (TID 65)
[2026-04-12T06:22:33.361+0000] {subprocess.py:106} INFO - 26/04/12 06:22:33 INFO BlockManager: Found block rdd_87_1 locally
[2026-04-12T06:22:33.361+0000] {subprocess.py:106} INFO - 26/04/12 06:22:33 INFO BlockManager: Found block rdd_87_2 locally
[2026-04-12T06:22:33.362+0000] {subprocess.py:106} INFO - 26/04/12 06:22:33 INFO BlockManager: Found block rdd_87_0 locally
[2026-04-12T06:22:33.364+0000] {subprocess.py:106} INFO - 26/04/12 06:22:33 INFO CodecPool: Got brand-new compressor [.zstd]
[2026-04-12T06:22:33.365+0000] {subprocess.py:106} INFO - 26/04/12 06:22:33 INFO CodecPool: Got brand-new compressor [.zstd]
[2026-04-12T06:22:33.366+0000] {subprocess.py:106} INFO - 26/04/12 06:22:33 INFO CodecPool: Got brand-new compressor [.zstd]
[2026-04-12T06:22:33.367+0000] {subprocess.py:106} INFO - 26/04/12 06:22:33 INFO DataWritingSparkTask: Writer for partition 2 is committing.
[2026-04-12T06:22:33.367+0000] {subprocess.py:106} INFO - 26/04/12 06:22:33 INFO DataWritingSparkTask: Writer for partition 0 is committing.
[2026-04-12T06:22:33.368+0000] {subprocess.py:106} INFO - 26/04/12 06:22:33 INFO DataWritingSparkTask: Writer for partition 1 is committing.
[2026-04-12T06:22:33.421+0000] {subprocess.py:106} INFO - 26/04/12 06:22:33 INFO DataWritingSparkTask: Committed partition 0 (task 64, attempt 0, stage 19.0)
[2026-04-12T06:22:33.422+0000] {subprocess.py:106} INFO - 26/04/12 06:22:33 INFO Executor: Finished task 0.0 in stage 19.0 (TID 64). 7316 bytes result sent to driver
[2026-04-12T06:22:33.423+0000] {subprocess.py:106} INFO - 26/04/12 06:22:33 INFO TaskSetManager: Finished task 0.0 in stage 19.0 (TID 64) in 74 ms on spark-master (executor driver) (1/3)
[2026-04-12T06:22:33.814+0000] {subprocess.py:106} INFO - 26/04/12 06:22:33 INFO DataWritingSparkTask: Committed partition 1 (task 65, attempt 0, stage 19.0)
[2026-04-12T06:22:33.816+0000] {subprocess.py:106} INFO - 26/04/12 06:22:33 INFO Executor: Finished task 1.0 in stage 19.0 (TID 65). 7329 bytes result sent to driver
[2026-04-12T06:22:33.817+0000] {subprocess.py:106} INFO - 26/04/12 06:22:33 INFO DataWritingSparkTask: Committed partition 2 (task 66, attempt 0, stage 19.0)
[2026-04-12T06:22:33.817+0000] {subprocess.py:106} INFO - 26/04/12 06:22:33 INFO TaskSetManager: Finished task 1.0 in stage 19.0 (TID 65) in 467 ms on spark-master (executor driver) (2/3)
[2026-04-12T06:22:33.818+0000] {subprocess.py:106} INFO - 26/04/12 06:22:33 INFO Executor: Finished task 2.0 in stage 19.0 (TID 66). 7298 bytes result sent to driver
[2026-04-12T06:22:33.818+0000] {subprocess.py:106} INFO - 26/04/12 06:22:33 INFO TaskSetManager: Finished task 2.0 in stage 19.0 (TID 66) in 468 ms on spark-master (executor driver) (3/3)
[2026-04-12T06:22:33.819+0000] {subprocess.py:106} INFO - 26/04/12 06:22:33 INFO TaskSchedulerImpl: Removed TaskSet 19.0 whose tasks have all completed, from pool
[2026-04-12T06:22:33.819+0000] {subprocess.py:106} INFO - 26/04/12 06:22:33 INFO DAGScheduler: ResultStage 19 (start at NativeMethodAccessorImpl.java:0) finished in 479 ms
[2026-04-12T06:22:33.820+0000] {subprocess.py:106} INFO - 26/04/12 06:22:33 INFO DAGScheduler: Job 15 is finished. Cancelling potential speculative or zombie tasks for this job
[2026-04-12T06:22:33.820+0000] {subprocess.py:106} INFO - 26/04/12 06:22:33 INFO TaskSchedulerImpl: Canceling stage 19
[2026-04-12T06:22:33.821+0000] {subprocess.py:106} INFO - 26/04/12 06:22:33 INFO TaskSchedulerImpl: Killing all running tasks in stage 19: Stage finished
[2026-04-12T06:22:33.822+0000] {subprocess.py:106} INFO - 26/04/12 06:22:33 INFO DAGScheduler: Job 15 finished: start at NativeMethodAccessorImpl.java:0, took 487.933789 ms
[2026-04-12T06:22:33.822+0000] {subprocess.py:106} INFO - 26/04/12 06:22:33 INFO AppendDataExec: Data source write support IcebergBatchWrite(table=iceberg.air_quality_db.air_quality_silver, format=PARQUET) is committing.
[2026-04-12T06:22:33.823+0000] {subprocess.py:106} INFO - 26/04/12 06:22:33 INFO SparkWrite: Committing append with 3 new data files to table iceberg.air_quality_db.air_quality_silver
[2026-04-12T06:22:34.435+0000] {subprocess.py:106} INFO - 26/04/12 06:22:34 INFO HiveTableOperations: Committed to table iceberg.air_quality_db.air_quality_silver with the new metadata location hdfs://23133083thuyvan-master:9000/user/hive/lakehouse/air_quality_db.db/air_quality_silver/metadata/00012-8666920e-d6cf-4187-940b-ce676d6a8d90.metadata.json
[2026-04-12T06:22:34.435+0000] {subprocess.py:106} INFO - 26/04/12 06:22:34 INFO BaseMetastoreTableOperations: Successfully committed to table iceberg.air_quality_db.air_quality_silver in 514 ms
[2026-04-12T06:22:34.436+0000] {subprocess.py:106} INFO - 26/04/12 06:22:34 INFO SnapshotProducer: Committed snapshot 91221050817502331 (MergeAppend)
[2026-04-12T06:22:34.461+0000] {subprocess.py:106} INFO - 26/04/12 06:22:34 INFO BaseMetastoreTableOperations: Refreshing table metadata from new version: hdfs://23133083thuyvan-master:9000/user/hive/lakehouse/air_quality_db.db/air_quality_silver/metadata/00012-8666920e-d6cf-4187-940b-ce676d6a8d90.metadata.json
[2026-04-12T06:22:34.468+0000] {subprocess.py:106} INFO - 26/04/12 06:22:34 INFO LoggingMetricsReporter: Received metrics report: CommitReport{tableName=iceberg.air_quality_db.air_quality_silver, snapshotId=91221050817502331, sequenceNumber=12, operation=append, commitMetrics=CommitMetricsResult{totalDuration=TimerResult{timeUnit=NANOSECONDS, totalDuration=PT0.62318162S, count=1}, attempts=CounterResult{unit=COUNT, value=1}, addedDataFiles=CounterResult{unit=COUNT, value=3}, removedDataFiles=null, totalDataFiles=CounterResult{unit=COUNT, value=33}, addedDeleteFiles=null, addedEqualityDeleteFiles=null, addedPositionalDeleteFiles=null, addedDVs=null, removedDeleteFiles=null, removedEqualityDeleteFiles=null, removedPositionalDeleteFiles=null, removedDVs=null, totalDeleteFiles=CounterResult{unit=COUNT, value=0}, addedRecords=CounterResult{unit=COUNT, value=20}, removedRecords=null, totalRecords=CounterResult{unit=COUNT, value=320}, addedFilesSizeInBytes=CounterResult{unit=BYTES, value=26120}, removedFilesSizeInBytes=null, totalFilesSizeInBytes=CounterResult{unit=BYTES, value=301002}, addedPositionalDeletes=null, removedPositionalDeletes=null, totalPositionalDeletes=CounterResult{unit=COUNT, value=0}, addedEqualityDeletes=null, removedEqualityDeletes=null, totalEqualityDeletes=CounterResult{unit=COUNT, value=0}, manifestsCreated=null, manifestsReplaced=null, manifestsKept=null, manifestEntriesProcessed=null}, metadata={engine-version=4.0.2, app-id=local-1775974688107, engine-name=spark, iceberg-version=Apache Iceberg 1.10.1 (commit ccb8bc435062171e64bc8b7e5f56e6aed9c5b934)}}
[2026-04-12T06:22:34.469+0000] {subprocess.py:106} INFO - 26/04/12 06:22:34 INFO SparkWrite: Committed in 647 ms
[2026-04-12T06:22:34.470+0000] {subprocess.py:106} INFO - 26/04/12 06:22:34 INFO AppendDataExec: Data source write support IcebergBatchWrite(table=iceberg.air_quality_db.air_quality_silver, format=PARQUET) committed.
[2026-04-12T06:22:34.471+0000] {subprocess.py:106} INFO - 26/04/12 06:22:34 INFO MapPartitionsRDD: Removing RDD 87 from persistence list
[2026-04-12T06:22:34.472+0000] {subprocess.py:106} INFO - 26/04/12 06:22:34 INFO BlockManager: Removing RDD 87
[2026-04-12T06:22:34.480+0000] {subprocess.py:106} INFO - 26/04/12 06:22:34 INFO CheckpointFileManager: Writing atomically to hdfs://23133083thuyvan-master:9000/user/hive/checkpoints/air_quality_realtime/commits/8 using temp file hdfs://23133083thuyvan-master:9000/user/hive/checkpoints/air_quality_realtime/commits/.8.015dff97-f40c-4a35-8905-b5000cc47205.tmp
[2026-04-12T06:22:34.900+0000] {subprocess.py:106} INFO - 26/04/12 06:22:34 INFO CheckpointFileManager: Renamed temp file hdfs://23133083thuyvan-master:9000/user/hive/checkpoints/air_quality_realtime/commits/.8.015dff97-f40c-4a35-8905-b5000cc47205.tmp to hdfs://23133083thuyvan-master:9000/user/hive/checkpoints/air_quality_realtime/commits/8
[2026-04-12T06:22:34.901+0000] {subprocess.py:106} INFO - 26/04/12 06:22:34 INFO MicroBatchExecutionContext: Extracting source progress metrics for source=KafkaV2[Subscribe[weather-topic]] took duration_ms=0
[2026-04-12T06:22:34.902+0000] {subprocess.py:106} INFO - 26/04/12 06:22:34 INFO MicroBatchExecutionContext: Extracting sink progress metrics for sink=ForeachBatchSink took duration_ms=0
[2026-04-12T06:22:34.903+0000] {subprocess.py:106} INFO - 26/04/12 06:22:34 INFO ProgressReporter: Streaming query made progress: {
[2026-04-12T06:22:34.904+0000] {subprocess.py:106} INFO -   "id" : "97df26eb-363e-4a9d-81a0-5bee41c3e2e1",
[2026-04-12T06:22:34.904+0000] {subprocess.py:106} INFO -   "runId" : "f9a5a65f-487c-4ad7-9952-1960991ab62e",
[2026-04-12T06:22:34.905+0000] {subprocess.py:106} INFO -   "name" : null,
[2026-04-12T06:22:34.905+0000] {subprocess.py:106} INFO -   "timestamp" : "2026-04-12T06:22:30.000Z",
[2026-04-12T06:22:34.906+0000] {subprocess.py:106} INFO -   "batchId" : 8,
[2026-04-12T06:22:34.906+0000] {subprocess.py:106} INFO -   "batchDuration" : 4900,
[2026-04-12T06:22:34.907+0000] {subprocess.py:106} INFO -   "numInputRows" : 40,
[2026-04-12T06:22:34.908+0000] {subprocess.py:106} INFO -   "inputRowsPerSecond" : 1.3333777792593087,
[2026-04-12T06:22:34.908+0000] {subprocess.py:106} INFO -   "processedRowsPerSecond" : 8.16326530612245,
[2026-04-12T06:22:34.909+0000] {subprocess.py:106} INFO -   "durationMs" : {
[2026-04-12T06:22:34.909+0000] {subprocess.py:106} INFO -     "addBatch" : 3981,
[2026-04-12T06:22:34.910+0000] {subprocess.py:106} INFO -     "commitOffsets" : 428,
[2026-04-12T06:22:34.910+0000] {subprocess.py:106} INFO -     "getBatch" : 0,
[2026-04-12T06:22:34.911+0000] {subprocess.py:106} INFO -     "latestOffset" : 15,
[2026-04-12T06:22:34.912+0000] {subprocess.py:106} INFO -     "queryPlanning" : 24,
[2026-04-12T06:22:34.912+0000] {subprocess.py:106} INFO -     "triggerExecution" : 4900,
[2026-04-12T06:22:34.912+0000] {subprocess.py:106} INFO -     "walCommit" : 445
[2026-04-12T06:22:34.913+0000] {subprocess.py:106} INFO -   },
[2026-04-12T06:22:34.914+0000] {subprocess.py:106} INFO -   "stateOperators" : [ ],
[2026-04-12T06:22:34.915+0000] {subprocess.py:106} INFO -   "sources" : [ {
[2026-04-12T06:22:34.916+0000] {subprocess.py:106} INFO -     "description" : "KafkaV2[Subscribe[weather-topic]]",
[2026-04-12T06:22:34.916+0000] {subprocess.py:106} INFO -     "startOffset" : {
[2026-04-12T06:22:34.917+0000] {subprocess.py:106} INFO -       "weather-topic" : {
[2026-04-12T06:22:34.917+0000] {subprocess.py:106} INFO -         "0" : 129,
[2026-04-12T06:22:34.918+0000] {subprocess.py:106} INFO -         "1" : 130,
[2026-04-12T06:22:34.918+0000] {subprocess.py:106} INFO -         "2" : 121
[2026-04-12T06:22:34.919+0000] {subprocess.py:106} INFO -       }
[2026-04-12T06:22:34.919+0000] {subprocess.py:106} INFO -     },
[2026-04-12T06:22:34.920+0000] {subprocess.py:106} INFO -     "endOffset" : {
[2026-04-12T06:22:34.920+0000] {subprocess.py:106} INFO -       "weather-topic" : {
[2026-04-12T06:22:34.921+0000] {subprocess.py:106} INFO -         "0" : 133,
[2026-04-12T06:22:34.921+0000] {subprocess.py:106} INFO -         "1" : 138,
[2026-04-12T06:22:34.922+0000] {subprocess.py:106} INFO -         "2" : 129
[2026-04-12T06:22:34.922+0000] {subprocess.py:106} INFO -       }
[2026-04-12T06:22:34.923+0000] {subprocess.py:106} INFO -     },
[2026-04-12T06:22:34.928+0000] {subprocess.py:106} INFO -     "latestOffset" : {
[2026-04-12T06:22:34.928+0000] {subprocess.py:106} INFO -       "weather-topic" : {
[2026-04-12T06:22:34.929+0000] {subprocess.py:106} INFO -         "0" : 133,
[2026-04-12T06:22:34.929+0000] {subprocess.py:106} INFO -         "1" : 138,
[2026-04-12T06:22:34.930+0000] {subprocess.py:106} INFO -         "2" : 129
[2026-04-12T06:22:34.930+0000] {subprocess.py:106} INFO -       }
[2026-04-12T06:22:34.931+0000] {subprocess.py:106} INFO -     },
[2026-04-12T06:22:34.931+0000] {subprocess.py:106} INFO -     "numInputRows" : 40,
[2026-04-12T06:22:34.932+0000] {subprocess.py:106} INFO -     "inputRowsPerSecond" : 1.3333777792593087,
[2026-04-12T06:22:34.933+0000] {subprocess.py:106} INFO -     "processedRowsPerSecond" : 8.16326530612245,
[2026-04-12T06:22:34.933+0000] {subprocess.py:106} INFO -     "metrics" : {
[2026-04-12T06:22:34.934+0000] {subprocess.py:106} INFO -       "avgOffsetsBehindLatest" : "0.0",
[2026-04-12T06:22:34.934+0000] {subprocess.py:106} INFO -       "maxOffsetsBehindLatest" : "0",
[2026-04-12T06:22:34.935+0000] {subprocess.py:106} INFO -       "minOffsetsBehindLatest" : "0"
[2026-04-12T06:22:34.935+0000] {subprocess.py:106} INFO -     }
[2026-04-12T06:22:34.936+0000] {subprocess.py:106} INFO -   } ],
[2026-04-12T06:22:34.936+0000] {subprocess.py:106} INFO -   "sink" : {
[2026-04-12T06:22:34.937+0000] {subprocess.py:106} INFO -     "description" : "ForeachBatchSink",
[2026-04-12T06:22:34.937+0000] {subprocess.py:106} INFO -     "numOutputRows" : -1
[2026-04-12T06:22:34.938+0000] {subprocess.py:106} INFO -   }
[2026-04-12T06:22:34.941+0000] {subprocess.py:106} INFO - }
[2026-04-12T06:23:00.024+0000] {subprocess.py:106} INFO - 26/04/12 06:23:00 INFO MicroBatchExecutionContext: Extracting source progress metrics for source=KafkaV2[Subscribe[weather-topic]] took duration_ms=0
[2026-04-12T06:23:00.025+0000] {subprocess.py:106} INFO - 26/04/12 06:23:00 INFO MicroBatchExecutionContext: Extracting sink progress metrics for sink=ForeachBatchSink took duration_ms=0
[2026-04-12T06:23:00.025+0000] {subprocess.py:106} INFO - 26/04/12 06:23:00 INFO ProgressReporter: Streaming query has been idle and waiting for new data more than 10000 ms.
[2026-04-12T06:23:30.013+0000] {subprocess.py:106} INFO - 26/04/12 06:23:30 INFO MicroBatchExecutionContext: Extracting source progress metrics for source=KafkaV2[Subscribe[weather-topic]] took duration_ms=0
[2026-04-12T06:23:30.014+0000] {subprocess.py:106} INFO - 26/04/12 06:23:30 INFO MicroBatchExecutionContext: Extracting sink progress metrics for sink=ForeachBatchSink took duration_ms=0
[2026-04-12T06:23:30.015+0000] {subprocess.py:106} INFO - 26/04/12 06:23:30 INFO ProgressReporter: Streaming query has been idle and waiting for new data more than 10000 ms.
[2026-04-12T06:24:00.026+0000] {subprocess.py:106} INFO - 26/04/12 06:24:00 INFO MicroBatchExecutionContext: Extracting source progress metrics for source=KafkaV2[Subscribe[weather-topic]] took duration_ms=0
[2026-04-12T06:24:00.027+0000] {subprocess.py:106} INFO - 26/04/12 06:24:00 INFO MicroBatchExecutionContext: Extracting sink progress metrics for sink=ForeachBatchSink took duration_ms=0
[2026-04-12T06:24:00.028+0000] {subprocess.py:106} INFO - 26/04/12 06:24:00 INFO ProgressReporter: Streaming query has been idle and waiting for new data more than 10000 ms.
[2026-04-12T06:24:30.049+0000] {subprocess.py:106} INFO - 26/04/12 06:24:30 INFO CheckpointFileManager: Writing atomically to hdfs://23133083thuyvan-master:9000/user/hive/checkpoints/air_quality_realtime/offsets/9 using temp file hdfs://23133083thuyvan-master:9000/user/hive/checkpoints/air_quality_realtime/offsets/.9.4c0fbc91-9577-4211-8041-d1d0e0d29f4e.tmp
[2026-04-12T06:24:30.102+0000] {subprocess.py:106} INFO - 26/04/12 06:24:30 INFO CheckpointFileManager: Renamed temp file hdfs://23133083thuyvan-master:9000/user/hive/checkpoints/air_quality_realtime/offsets/.9.4c0fbc91-9577-4211-8041-d1d0e0d29f4e.tmp to hdfs://23133083thuyvan-master:9000/user/hive/checkpoints/air_quality_realtime/offsets/9
[2026-04-12T06:24:30.104+0000] {subprocess.py:106} INFO - 26/04/12 06:24:30 INFO MicroBatchExecution: Committed offsets for batch 9. Metadata OffsetSeqMetadata(0,1775975070022,HashMap(spark.sql.streaming.stateStore.providerClass -> org.apache.spark.sql.execution.streaming.state.HDFSBackedStateStoreProvider, spark.sql.streaming.stateStore.rocksdb.formatVersion -> 5, spark.sql.streaming.stateStore.encodingFormat -> unsaferow, spark.sql.streaming.statefulOperator.useStrictDistribution -> true, spark.sql.streaming.flatMapGroupsWithState.stateFormatVersion -> 2, spark.sql.streaming.multipleWatermarkPolicy -> min, spark.sql.streaming.aggregation.stateFormatVersion -> 2, spark.sql.shuffle.partitions -> 50, spark.sql.streaming.join.stateFormatVersion -> 2, spark.sql.streaming.stateStore.compression.codec -> lz4, spark.sql.optimizer.pruneFiltersCanPruneStreamingSubplan -> false))
[2026-04-12T06:24:30.156+0000] {subprocess.py:106} INFO - 26/04/12 06:24:30 INFO IncrementalExecution: Current batch timestamp = 1775975070022
[2026-04-12T06:24:30.193+0000] {subprocess.py:106} INFO - 26/04/12 06:24:30 INFO IncrementalExecution: Current batch timestamp = 1775975070022
[2026-04-12T06:24:30.256+0000] {subprocess.py:106} INFO - 26/04/12 06:24:30 INFO CodeGenerator: Code generated in 39.030205 ms
[2026-04-12T06:24:30.260+0000] {subprocess.py:106} INFO - 26/04/12 06:24:30 INFO KafkaOffsetReaderAdmin: Partitions added: Map()
[2026-04-12T06:24:30.350+0000] {subprocess.py:106} INFO - 26/04/12 06:24:30 INFO SparkContext: Starting job: start at NativeMethodAccessorImpl.java:0
[2026-04-12T06:24:30.353+0000] {subprocess.py:106} INFO - 26/04/12 06:24:30 INFO DAGScheduler: Registering RDD 106 (start at NativeMethodAccessorImpl.java:0) as input to shuffle 4
[2026-04-12T06:24:30.354+0000] {subprocess.py:106} INFO - 26/04/12 06:24:30 INFO DAGScheduler: Got job 16 (start at NativeMethodAccessorImpl.java:0) with 1 output partitions
[2026-04-12T06:24:30.354+0000] {subprocess.py:106} INFO - 26/04/12 06:24:30 INFO DAGScheduler: Final stage: ResultStage 21 (start at NativeMethodAccessorImpl.java:0)
[2026-04-12T06:24:30.355+0000] {subprocess.py:106} INFO - 26/04/12 06:24:30 INFO DAGScheduler: Parents of final stage: List(ShuffleMapStage 20)
[2026-04-12T06:24:30.356+0000] {subprocess.py:106} INFO - 26/04/12 06:24:30 INFO DAGScheduler: Missing parents: List(ShuffleMapStage 20)
[2026-04-12T06:24:30.357+0000] {subprocess.py:106} INFO - 26/04/12 06:24:30 INFO DAGScheduler: Submitting ShuffleMapStage 20 (MapPartitionsRDD[106] at start at NativeMethodAccessorImpl.java:0), which has no missing parents
[2026-04-12T06:24:30.361+0000] {subprocess.py:106} INFO - 26/04/12 06:24:30 INFO MemoryStore: Block broadcast_36 stored as values in memory (estimated size 43.0 KiB, free 1044.4 MiB)
[2026-04-12T06:24:30.362+0000] {subprocess.py:106} INFO - 26/04/12 06:24:30 INFO MemoryStore: Block broadcast_36_piece0 stored as bytes in memory (estimated size 16.4 KiB, free 1044.4 MiB)
[2026-04-12T06:24:30.364+0000] {subprocess.py:106} INFO - 26/04/12 06:24:30 INFO SparkContext: Created broadcast 36 from broadcast at DAGScheduler.scala:1676
[2026-04-12T06:24:30.367+0000] {subprocess.py:106} INFO - 26/04/12 06:24:30 INFO DAGScheduler: Submitting 3 missing tasks from ShuffleMapStage 20 (MapPartitionsRDD[106] at start at NativeMethodAccessorImpl.java:0) (first 15 tasks are for partitions Vector(0, 1, 2))
[2026-04-12T06:24:30.368+0000] {subprocess.py:106} INFO - 26/04/12 06:24:30 INFO TaskSchedulerImpl: Adding task set 20.0 with 3 tasks resource profile 0
[2026-04-12T06:24:30.372+0000] {subprocess.py:106} INFO - 26/04/12 06:24:30 INFO TaskSetManager: Starting task 0.0 in stage 20.0 (TID 67) (spark-master,executor driver, partition 0, PROCESS_LOCAL, 13492 bytes)
[2026-04-12T06:24:30.374+0000] {subprocess.py:106} INFO - 26/04/12 06:24:30 INFO TaskSetManager: Starting task 1.0 in stage 20.0 (TID 68) (spark-master,executor driver, partition 1, PROCESS_LOCAL, 13492 bytes)
[2026-04-12T06:24:30.379+0000] {subprocess.py:106} INFO - 26/04/12 06:24:30 INFO TaskSetManager: Starting task 2.0 in stage 20.0 (TID 69) (spark-master,executor driver, partition 2, PROCESS_LOCAL, 13492 bytes)
[2026-04-12T06:24:30.382+0000] {subprocess.py:106} INFO - 26/04/12 06:24:30 INFO Executor: Running task 1.0 in stage 20.0 (TID 68)
[2026-04-12T06:24:30.383+0000] {subprocess.py:106} INFO - 26/04/12 06:24:30 INFO Executor: Running task 0.0 in stage 20.0 (TID 67)
[2026-04-12T06:24:30.384+0000] {subprocess.py:106} INFO - 26/04/12 06:24:30 INFO Executor: Running task 2.0 in stage 20.0 (TID 69)
[2026-04-12T06:24:30.416+0000] {subprocess.py:106} INFO - 26/04/12 06:24:30 INFO CodeGenerator: Code generated in 29.291735 ms
[2026-04-12T06:24:30.419+0000] {subprocess.py:106} INFO - 26/04/12 06:24:30 INFO KafkaBatchReaderFactory: Creating Kafka reader topicPartition=weather-topic-2 fromOffset=129} untilOffset=137, for query queryId=97df26eb-363e-4a9d-81a0-5bee41c3e2e1 batchId=9 taskId=67 partitionId=0
[2026-04-12T06:24:30.422+0000] {subprocess.py:106} INFO - 26/04/12 06:24:30 INFO KafkaBatchReaderFactory: Creating Kafka reader topicPartition=weather-topic-1 fromOffset=138} untilOffset=144, for query queryId=97df26eb-363e-4a9d-81a0-5bee41c3e2e1 batchId=9 taskId=68 partitionId=1
[2026-04-12T06:24:30.426+0000] {subprocess.py:106} INFO - 26/04/12 06:24:30 INFO KafkaBatchReaderFactory: Creating Kafka reader topicPartition=weather-topic-0 fromOffset=133} untilOffset=139, for query queryId=97df26eb-363e-4a9d-81a0-5bee41c3e2e1 batchId=9 taskId=69 partitionId=2
[2026-04-12T06:24:30.426+0000] {subprocess.py:106} INFO - 26/04/12 06:24:30 INFO ClassicKafkaConsumer: [Consumer clientId=consumer-spark-kafka-source-979b0fad-c3f5-47c4-b708-f769449d314b--983882313-executor-1, groupId=spark-kafka-source-979b0fad-c3f5-47c4-b708-f769449d314b--983882313-executor] Seeking to offset 129 for partition weather-topic-2
[2026-04-12T06:24:30.427+0000] {subprocess.py:106} INFO - 26/04/12 06:24:30 INFO ClassicKafkaConsumer: [Consumer clientId=consumer-spark-kafka-source-979b0fad-c3f5-47c4-b708-f769449d314b--983882313-executor-2, groupId=spark-kafka-source-979b0fad-c3f5-47c4-b708-f769449d314b--983882313-executor] Seeking to offset 138 for partition weather-topic-1
[2026-04-12T06:24:30.428+0000] {subprocess.py:106} INFO - 26/04/12 06:24:30 INFO ClassicKafkaConsumer: [Consumer clientId=consumer-spark-kafka-source-979b0fad-c3f5-47c4-b708-f769449d314b--983882313-executor-3, groupId=spark-kafka-source-979b0fad-c3f5-47c4-b708-f769449d314b--983882313-executor] Seeking to offset 133 for partition weather-topic-0
[2026-04-12T06:24:30.440+0000] {subprocess.py:106} INFO - 26/04/12 06:24:30 INFO SubscriptionState: [Consumer clientId=consumer-spark-kafka-source-979b0fad-c3f5-47c4-b708-f769449d314b--983882313-executor-1, groupId=spark-kafka-source-979b0fad-c3f5-47c4-b708-f769449d314b--983882313-executor] Seeking to earliest offset of partition weather-topic-2
[2026-04-12T06:24:30.441+0000] {subprocess.py:106} INFO - 26/04/12 06:24:30 INFO SubscriptionState: [Consumer clientId=consumer-spark-kafka-source-979b0fad-c3f5-47c4-b708-f769449d314b--983882313-executor-3, groupId=spark-kafka-source-979b0fad-c3f5-47c4-b708-f769449d314b--983882313-executor] Seeking to earliest offset of partition weather-topic-0
[2026-04-12T06:24:30.442+0000] {subprocess.py:106} INFO - 26/04/12 06:24:30 INFO SubscriptionState: [Consumer clientId=consumer-spark-kafka-source-979b0fad-c3f5-47c4-b708-f769449d314b--983882313-executor-2, groupId=spark-kafka-source-979b0fad-c3f5-47c4-b708-f769449d314b--983882313-executor] Seeking to earliest offset of partition weather-topic-1
[2026-04-12T06:24:30.943+0000] {subprocess.py:106} INFO - 26/04/12 06:24:30 INFO SubscriptionState: [Consumer clientId=consumer-spark-kafka-source-979b0fad-c3f5-47c4-b708-f769449d314b--983882313-executor-1, groupId=spark-kafka-source-979b0fad-c3f5-47c4-b708-f769449d314b--983882313-executor] Resetting offset for partition weather-topic-2 to position FetchPosition{offset=0, offsetEpoch=Optional.empty, currentLeader=LeaderAndEpoch{leader=Optional[kafka:9092 (id: 1 rack: null)], epoch=0}}.
[2026-04-12T06:24:30.944+0000] {subprocess.py:106} INFO - 26/04/12 06:24:30 INFO SubscriptionState: [Consumer clientId=consumer-spark-kafka-source-979b0fad-c3f5-47c4-b708-f769449d314b--983882313-executor-1, groupId=spark-kafka-source-979b0fad-c3f5-47c4-b708-f769449d314b--983882313-executor] Seeking to latest offset of partition weather-topic-2
[2026-04-12T06:24:30.948+0000] {subprocess.py:106} INFO - 26/04/12 06:24:30 INFO SubscriptionState: [Consumer clientId=consumer-spark-kafka-source-979b0fad-c3f5-47c4-b708-f769449d314b--983882313-executor-3, groupId=spark-kafka-source-979b0fad-c3f5-47c4-b708-f769449d314b--983882313-executor] Resetting offset for partition weather-topic-0 to position FetchPosition{offset=0, offsetEpoch=Optional.empty, currentLeader=LeaderAndEpoch{leader=Optional[kafka:9092 (id: 1 rack: null)], epoch=0}}.
[2026-04-12T06:24:30.949+0000] {subprocess.py:106} INFO - 26/04/12 06:24:30 INFO SubscriptionState: [Consumer clientId=consumer-spark-kafka-source-979b0fad-c3f5-47c4-b708-f769449d314b--983882313-executor-3, groupId=spark-kafka-source-979b0fad-c3f5-47c4-b708-f769449d314b--983882313-executor] Seeking to latest offset of partition weather-topic-0
[2026-04-12T06:24:30.950+0000] {subprocess.py:106} INFO - 26/04/12 06:24:30 INFO SubscriptionState: [Consumer clientId=consumer-spark-kafka-source-979b0fad-c3f5-47c4-b708-f769449d314b--983882313-executor-2, groupId=spark-kafka-source-979b0fad-c3f5-47c4-b708-f769449d314b--983882313-executor] Resetting offset for partition weather-topic-1 to position FetchPosition{offset=0, offsetEpoch=Optional.empty, currentLeader=LeaderAndEpoch{leader=Optional[kafka:9092 (id: 1 rack: null)], epoch=0}}.
[2026-04-12T06:24:30.950+0000] {subprocess.py:106} INFO - 26/04/12 06:24:30 INFO SubscriptionState: [Consumer clientId=consumer-spark-kafka-source-979b0fad-c3f5-47c4-b708-f769449d314b--983882313-executor-2, groupId=spark-kafka-source-979b0fad-c3f5-47c4-b708-f769449d314b--983882313-executor] Seeking to latest offset of partition weather-topic-1
[2026-04-12T06:24:30.950+0000] {subprocess.py:106} INFO - 26/04/12 06:24:30 INFO SubscriptionState: [Consumer clientId=consumer-spark-kafka-source-979b0fad-c3f5-47c4-b708-f769449d314b--983882313-executor-3, groupId=spark-kafka-source-979b0fad-c3f5-47c4-b708-f769449d314b--983882313-executor] Resetting offset for partition weather-topic-0 to position FetchPosition{offset=139, offsetEpoch=Optional.empty, currentLeader=LeaderAndEpoch{leader=Optional[kafka:9092 (id: 1 rack: null)], epoch=0}}.
[2026-04-12T06:24:30.951+0000] {subprocess.py:106} INFO - 26/04/12 06:24:30 INFO SubscriptionState: [Consumer clientId=consumer-spark-kafka-source-979b0fad-c3f5-47c4-b708-f769449d314b--983882313-executor-1, groupId=spark-kafka-source-979b0fad-c3f5-47c4-b708-f769449d314b--983882313-executor] Resetting offset for partition weather-topic-2 to position FetchPosition{offset=137, offsetEpoch=Optional.empty, currentLeader=LeaderAndEpoch{leader=Optional[kafka:9092 (id: 1 rack: null)], epoch=0}}.
[2026-04-12T06:24:30.952+0000] {subprocess.py:106} INFO - 26/04/12 06:24:30 INFO SubscriptionState: [Consumer clientId=consumer-spark-kafka-source-979b0fad-c3f5-47c4-b708-f769449d314b--983882313-executor-2, groupId=spark-kafka-source-979b0fad-c3f5-47c4-b708-f769449d314b--983882313-executor] Resetting offset for partition weather-topic-1 to position FetchPosition{offset=144, offsetEpoch=Optional.empty, currentLeader=LeaderAndEpoch{leader=Optional[kafka:9092 (id: 1 rack: null)], epoch=0}}.
[2026-04-12T06:24:30.953+0000] {subprocess.py:106} INFO - 26/04/12 06:24:30 INFO KafkaDataConsumer: From Kafka topicPartition=weather-topic-0 groupId=spark-kafka-source-979b0fad-c3f5-47c4-b708-f769449d314b--983882313-executor read 6 records through 1 polls (polled out 6 records), taking 516.701509 ms, during time span of 523.461502 ms.
[2026-04-12T06:24:30.953+0000] {subprocess.py:106} INFO - 26/04/12 06:24:30 INFO KafkaDataConsumer: From Kafka topicPartition=weather-topic-2 groupId=spark-kafka-source-979b0fad-c3f5-47c4-b708-f769449d314b--983882313-executor read 8 records through 1 polls (polled out 8 records), taking 519.095415 ms, during time span of 526.562816 ms.
[2026-04-12T06:24:30.954+0000] {subprocess.py:106} INFO - 26/04/12 06:24:30 INFO Executor: Finished task 2.0 in stage 20.0 (TID 69). 2296 bytes result sent to driver
[2026-04-12T06:24:30.954+0000] {subprocess.py:106} INFO - 26/04/12 06:24:30 INFO Executor: Finished task 0.0 in stage 20.0 (TID 67). 2296 bytes result sent to driver
[2026-04-12T06:24:30.955+0000] {subprocess.py:106} INFO - 26/04/12 06:24:30 INFO KafkaDataConsumer: From Kafka topicPartition=weather-topic-1 groupId=spark-kafka-source-979b0fad-c3f5-47c4-b708-f769449d314b--983882313-executor read 6 records through 1 polls (polled out 6 records), taking 519.300975 ms, during time span of 527.735761 ms.
[2026-04-12T06:24:30.955+0000] {subprocess.py:106} INFO - 26/04/12 06:24:30 INFO TaskSetManager: Finished task 2.0 in stage 20.0 (TID 69) in 585 ms on spark-master (executor driver) (1/3)
[2026-04-12T06:24:30.956+0000] {subprocess.py:106} INFO - 26/04/12 06:24:30 INFO Executor: Finished task 1.0 in stage 20.0 (TID 68). 2296 bytes result sent to driver
[2026-04-12T06:24:30.956+0000] {subprocess.py:106} INFO - 26/04/12 06:24:30 INFO TaskSetManager: Finished task 0.0 in stage 20.0 (TID 67) in 588 ms on spark-master (executor driver) (2/3)
[2026-04-12T06:24:30.956+0000] {subprocess.py:106} INFO - 26/04/12 06:24:30 INFO TaskSetManager: Finished task 1.0 in stage 20.0 (TID 68) in 587 ms on spark-master (executor driver) (3/3)
[2026-04-12T06:24:30.957+0000] {subprocess.py:106} INFO - 26/04/12 06:24:30 INFO TaskSchedulerImpl: Removed TaskSet 20.0 whose tasks have all completed, from pool
[2026-04-12T06:24:30.957+0000] {subprocess.py:106} INFO - 26/04/12 06:24:30 INFO DAGScheduler: ShuffleMapStage 20 (start at NativeMethodAccessorImpl.java:0) finished in 599 ms
[2026-04-12T06:24:30.958+0000] {subprocess.py:106} INFO - 26/04/12 06:24:30 INFO DAGScheduler: looking for newly runnable stages
[2026-04-12T06:24:30.958+0000] {subprocess.py:106} INFO - 26/04/12 06:24:30 INFO DAGScheduler: running: HashSet()
[2026-04-12T06:24:30.958+0000] {subprocess.py:106} INFO - 26/04/12 06:24:30 INFO DAGScheduler: waiting: HashSet(ResultStage 21)
[2026-04-12T06:24:30.959+0000] {subprocess.py:106} INFO - 26/04/12 06:24:30 INFO DAGScheduler: failed: HashSet()
[2026-04-12T06:24:30.959+0000] {subprocess.py:106} INFO - 26/04/12 06:24:30 INFO DAGScheduler: Submitting ResultStage 21 (MapPartitionsRDD[109] at start at NativeMethodAccessorImpl.java:0), which has no missing parents
[2026-04-12T06:24:30.960+0000] {subprocess.py:106} INFO - 26/04/12 06:24:30 INFO MemoryStore: Block broadcast_37 stored as values in memory (estimated size 13.6 KiB, free 1044.4 MiB)
[2026-04-12T06:24:30.960+0000] {subprocess.py:106} INFO - 26/04/12 06:24:30 INFO MemoryStore: Block broadcast_37_piece0 stored as bytes in memory (estimated size 6.5 KiB, free 1044.4 MiB)
[2026-04-12T06:24:30.961+0000] {subprocess.py:106} INFO - 26/04/12 06:24:30 INFO SparkContext: Created broadcast 37 from broadcast at DAGScheduler.scala:1676
[2026-04-12T06:24:30.962+0000] {subprocess.py:106} INFO - 26/04/12 06:24:30 INFO DAGScheduler: Submitting 1 missing tasks from ResultStage 21 (MapPartitionsRDD[109] at start at NativeMethodAccessorImpl.java:0) (first 15 tasks are for partitions Vector(0))
[2026-04-12T06:24:30.962+0000] {subprocess.py:106} INFO - 26/04/12 06:24:30 INFO TaskSchedulerImpl: Adding task set 21.0 with 1 tasks resource profile 0
[2026-04-12T06:24:30.963+0000] {subprocess.py:106} INFO - 26/04/12 06:24:30 INFO TaskSetManager: Starting task 0.0 in stage 21.0 (TID 70) (spark-master,executor driver, partition 0, NODE_LOCAL, 12446 bytes)
[2026-04-12T06:24:30.967+0000] {subprocess.py:106} INFO - 26/04/12 06:24:30 INFO Executor: Running task 0.0 in stage 21.0 (TID 70)
[2026-04-12T06:24:30.972+0000] {subprocess.py:106} INFO - 26/04/12 06:24:30 INFO ShuffleBlockFetcherIterator: Getting 3 (180.0 B) non-empty blocks including 3 (180.0 B) local and 0 (0.0 B) host-local and 0 (0.0 B) push-merged-local and 0 (0.0 B) remote blocks
[2026-04-12T06:24:30.973+0000] {subprocess.py:106} INFO - 26/04/12 06:24:30 INFO ShuffleBlockFetcherIterator: Started 0 remote fetches in 0 ms
[2026-04-12T06:24:30.974+0000] {subprocess.py:106} INFO - 26/04/12 06:24:30 INFO Executor: Finished task 0.0 in stage 21.0 (TID 70). 3895 bytes result sent to driver
[2026-04-12T06:24:30.974+0000] {subprocess.py:106} INFO - 26/04/12 06:24:30 INFO TaskSetManager: Finished task 0.0 in stage 21.0 (TID 70) in 9 ms on spark-master (executor driver) (1/1)
[2026-04-12T06:24:30.974+0000] {subprocess.py:106} INFO - 26/04/12 06:24:30 INFO TaskSchedulerImpl: Removed TaskSet 21.0 whose tasks have all completed, from pool
[2026-04-12T06:24:30.975+0000] {subprocess.py:106} INFO - 26/04/12 06:24:30 INFO DAGScheduler: ResultStage 21 (start at NativeMethodAccessorImpl.java:0) finished in 14 ms
[2026-04-12T06:24:30.975+0000] {subprocess.py:106} INFO - 26/04/12 06:24:30 INFO DAGScheduler: Job 16 is finished. Cancelling potential speculative or zombie tasks for this job
[2026-04-12T06:24:30.976+0000] {subprocess.py:106} INFO - 26/04/12 06:24:30 INFO TaskSchedulerImpl: Canceling stage 21
[2026-04-12T06:24:30.977+0000] {subprocess.py:106} INFO - 26/04/12 06:24:30 INFO TaskSchedulerImpl: Killing all running tasks in stage 21: Stage finished
[2026-04-12T06:24:30.977+0000] {subprocess.py:106} INFO - 26/04/12 06:24:30 INFO DAGScheduler: Job 16 finished: start at NativeMethodAccessorImpl.java:0, took 623.300331 ms
[2026-04-12T06:24:30.996+0000] {subprocess.py:106} INFO - 26/04/12 06:24:30 INFO ParquetUtils: Using default output committer for Parquet: org.apache.parquet.hadoop.ParquetOutputCommitter
[2026-04-12T06:24:30.998+0000] {subprocess.py:106} INFO - 26/04/12 06:24:30 INFO FileOutputCommitter: File Output Committer Algorithm version is 1
[2026-04-12T06:24:30.998+0000] {subprocess.py:106} INFO - 26/04/12 06:24:30 INFO FileOutputCommitter: FileOutputCommitter skip cleanup _temporary folders under output directory:false, ignore cleanup failures: false
[2026-04-12T06:24:31.001+0000] {subprocess.py:106} INFO - 26/04/12 06:24:30 INFO SQLHadoopMapReduceCommitProtocol: Using user defined output committer class org.apache.parquet.hadoop.ParquetOutputCommitter
[2026-04-12T06:24:31.001+0000] {subprocess.py:106} INFO - 26/04/12 06:24:30 INFO FileOutputCommitter: File Output Committer Algorithm version is 1
[2026-04-12T06:24:31.002+0000] {subprocess.py:106} INFO - 26/04/12 06:24:30 INFO FileOutputCommitter: FileOutputCommitter skip cleanup _temporary folders under output directory:false, ignore cleanup failures: false
[2026-04-12T06:24:31.002+0000] {subprocess.py:106} INFO - 26/04/12 06:24:30 INFO SQLHadoopMapReduceCommitProtocol: Using output committer class org.apache.parquet.hadoop.ParquetOutputCommitter
[2026-04-12T06:24:31.025+0000] {subprocess.py:106} INFO - 26/04/12 06:24:31 INFO SparkContext: Starting job: start at NativeMethodAccessorImpl.java:0
[2026-04-12T06:24:31.026+0000] {subprocess.py:106} INFO - 26/04/12 06:24:31 INFO DAGScheduler: Got job 17 (start at NativeMethodAccessorImpl.java:0) with 3 output partitions
[2026-04-12T06:24:31.026+0000] {subprocess.py:106} INFO - 26/04/12 06:24:31 INFO DAGScheduler: Final stage: ResultStage 22 (start at NativeMethodAccessorImpl.java:0)
[2026-04-12T06:24:31.027+0000] {subprocess.py:106} INFO - 26/04/12 06:24:31 INFO DAGScheduler: Parents of final stage: List()
[2026-04-12T06:24:31.027+0000] {subprocess.py:106} INFO - 26/04/12 06:24:31 INFO DAGScheduler: Missing parents: List()
[2026-04-12T06:24:31.028+0000] {subprocess.py:106} INFO - 26/04/12 06:24:31 INFO DAGScheduler: Submitting ResultStage 22 (MapPartitionsRDD[116] at start at NativeMethodAccessorImpl.java:0), which has no missing parents
[2026-04-12T06:24:31.049+0000] {subprocess.py:106} INFO - 26/04/12 06:24:31 INFO MemoryStore: Block broadcast_38 stored as values in memory (estimated size 298.8 KiB, free 1044.1 MiB)
[2026-04-12T06:24:31.053+0000] {subprocess.py:106} INFO - 26/04/12 06:24:31 INFO MemoryStore: Block broadcast_38_piece0 stored as bytes in memory (estimated size 105.8 KiB, free 1044.0 MiB)
[2026-04-12T06:24:31.054+0000] {subprocess.py:106} INFO - 26/04/12 06:24:31 INFO SparkContext: Created broadcast 38 from broadcast at DAGScheduler.scala:1676
[2026-04-12T06:24:31.055+0000] {subprocess.py:106} INFO - 26/04/12 06:24:31 INFO DAGScheduler: Submitting 3 missing tasks from ResultStage 22 (MapPartitionsRDD[116] at start at NativeMethodAccessorImpl.java:0) (first 15 tasks are for partitions Vector(0, 1, 2))
[2026-04-12T06:24:31.055+0000] {subprocess.py:106} INFO - 26/04/12 06:24:31 INFO TaskSchedulerImpl: Adding task set 22.0 with 3 tasks resource profile 0
[2026-04-12T06:24:31.056+0000] {subprocess.py:106} INFO - 26/04/12 06:24:31 INFO TaskSetManager: Starting task 0.0 in stage 22.0 (TID 71) (spark-master,executor driver, partition 0, PROCESS_LOCAL, 13503 bytes)
[2026-04-12T06:24:31.057+0000] {subprocess.py:106} INFO - 26/04/12 06:24:31 INFO TaskSetManager: Starting task 1.0 in stage 22.0 (TID 72) (spark-master,executor driver, partition 1, PROCESS_LOCAL, 13503 bytes)
[2026-04-12T06:24:31.058+0000] {subprocess.py:106} INFO - 26/04/12 06:24:31 INFO TaskSetManager: Starting task 2.0 in stage 22.0 (TID 73) (spark-master,executor driver, partition 2, PROCESS_LOCAL, 13503 bytes)
[2026-04-12T06:24:31.060+0000] {subprocess.py:106} INFO - 26/04/12 06:24:31 INFO Executor: Running task 1.0 in stage 22.0 (TID 72)
[2026-04-12T06:24:31.060+0000] {subprocess.py:106} INFO - 26/04/12 06:24:31 INFO Executor: Running task 0.0 in stage 22.0 (TID 71)
[2026-04-12T06:24:31.061+0000] {subprocess.py:106} INFO - 26/04/12 06:24:31 INFO Executor: Running task 2.0 in stage 22.0 (TID 73)
[2026-04-12T06:24:31.136+0000] {subprocess.py:106} INFO - 26/04/12 06:24:31 INFO BlockManager: Removing RDD 87
[2026-04-12T06:24:31.142+0000] {subprocess.py:106} INFO - 26/04/12 06:24:31 INFO KafkaBatchReaderFactory: Creating Kafka reader topicPartition=weather-topic-1 fromOffset=138} untilOffset=144, for query queryId=97df26eb-363e-4a9d-81a0-5bee41c3e2e1 batchId=9 taskId=72 partitionId=1
[2026-04-12T06:24:31.142+0000] {subprocess.py:106} INFO - 26/04/12 06:24:31 INFO KafkaBatchReaderFactory: Creating Kafka reader topicPartition=weather-topic-0 fromOffset=133} untilOffset=139, for query queryId=97df26eb-363e-4a9d-81a0-5bee41c3e2e1 batchId=9 taskId=73 partitionId=2
[2026-04-12T06:24:31.145+0000] {subprocess.py:106} INFO - 26/04/12 06:24:31 INFO ClassicKafkaConsumer: [Consumer clientId=consumer-spark-kafka-source-979b0fad-c3f5-47c4-b708-f769449d314b--983882313-executor-2, groupId=spark-kafka-source-979b0fad-c3f5-47c4-b708-f769449d314b--983882313-executor] Seeking to offset 138 for partition weather-topic-1
[2026-04-12T06:24:31.149+0000] {subprocess.py:106} INFO - 26/04/12 06:24:31 INFO ClassicKafkaConsumer: [Consumer clientId=consumer-spark-kafka-source-979b0fad-c3f5-47c4-b708-f769449d314b--983882313-executor-3, groupId=spark-kafka-source-979b0fad-c3f5-47c4-b708-f769449d314b--983882313-executor] Seeking to offset 133 for partition weather-topic-0
[2026-04-12T06:24:31.154+0000] {subprocess.py:106} INFO - 26/04/12 06:24:31 INFO SubscriptionState: [Consumer clientId=consumer-spark-kafka-source-979b0fad-c3f5-47c4-b708-f769449d314b--983882313-executor-2, groupId=spark-kafka-source-979b0fad-c3f5-47c4-b708-f769449d314b--983882313-executor] Seeking to earliest offset of partition weather-topic-1
[2026-04-12T06:24:31.155+0000] {subprocess.py:106} INFO - 26/04/12 06:24:31 INFO SubscriptionState: [Consumer clientId=consumer-spark-kafka-source-979b0fad-c3f5-47c4-b708-f769449d314b--983882313-executor-3, groupId=spark-kafka-source-979b0fad-c3f5-47c4-b708-f769449d314b--983882313-executor] Seeking to earliest offset of partition weather-topic-0
[2026-04-12T06:24:31.162+0000] {subprocess.py:106} INFO - 26/04/12 06:24:31 INFO KafkaBatchReaderFactory: Creating Kafka reader topicPartition=weather-topic-2 fromOffset=129} untilOffset=137, for query queryId=97df26eb-363e-4a9d-81a0-5bee41c3e2e1 batchId=9 taskId=71 partitionId=0
[2026-04-12T06:24:31.169+0000] {subprocess.py:106} INFO - 26/04/12 06:24:31 INFO ClassicKafkaConsumer: [Consumer clientId=consumer-spark-kafka-source-979b0fad-c3f5-47c4-b708-f769449d314b--983882313-executor-1, groupId=spark-kafka-source-979b0fad-c3f5-47c4-b708-f769449d314b--983882313-executor] Seeking to offset 129 for partition weather-topic-2
[2026-04-12T06:24:31.173+0000] {subprocess.py:106} INFO - 26/04/12 06:24:31 INFO SubscriptionState: [Consumer clientId=consumer-spark-kafka-source-979b0fad-c3f5-47c4-b708-f769449d314b--983882313-executor-1, groupId=spark-kafka-source-979b0fad-c3f5-47c4-b708-f769449d314b--983882313-executor] Seeking to earliest offset of partition weather-topic-2
[2026-04-12T06:24:31.659+0000] {subprocess.py:106} INFO - 26/04/12 06:24:31 INFO SubscriptionState: [Consumer clientId=consumer-spark-kafka-source-979b0fad-c3f5-47c4-b708-f769449d314b--983882313-executor-3, groupId=spark-kafka-source-979b0fad-c3f5-47c4-b708-f769449d314b--983882313-executor] Resetting offset for partition weather-topic-0 to position FetchPosition{offset=0, offsetEpoch=Optional.empty, currentLeader=LeaderAndEpoch{leader=Optional[kafka:9092 (id: 1 rack: null)], epoch=0}}.
[2026-04-12T06:24:31.659+0000] {subprocess.py:106} INFO - 26/04/12 06:24:31 INFO SubscriptionState: [Consumer clientId=consumer-spark-kafka-source-979b0fad-c3f5-47c4-b708-f769449d314b--983882313-executor-3, groupId=spark-kafka-source-979b0fad-c3f5-47c4-b708-f769449d314b--983882313-executor] Seeking to latest offset of partition weather-topic-0
[2026-04-12T06:24:31.660+0000] {subprocess.py:106} INFO - 26/04/12 06:24:31 INFO SubscriptionState: [Consumer clientId=consumer-spark-kafka-source-979b0fad-c3f5-47c4-b708-f769449d314b--983882313-executor-2, groupId=spark-kafka-source-979b0fad-c3f5-47c4-b708-f769449d314b--983882313-executor] Resetting offset for partition weather-topic-1 to position FetchPosition{offset=0, offsetEpoch=Optional.empty, currentLeader=LeaderAndEpoch{leader=Optional[kafka:9092 (id: 1 rack: null)], epoch=0}}.
[2026-04-12T06:24:31.661+0000] {subprocess.py:106} INFO - 26/04/12 06:24:31 INFO SubscriptionState: [Consumer clientId=consumer-spark-kafka-source-979b0fad-c3f5-47c4-b708-f769449d314b--983882313-executor-2, groupId=spark-kafka-source-979b0fad-c3f5-47c4-b708-f769449d314b--983882313-executor] Seeking to latest offset of partition weather-topic-1
[2026-04-12T06:24:31.662+0000] {subprocess.py:106} INFO - 26/04/12 06:24:31 INFO SubscriptionState: [Consumer clientId=consumer-spark-kafka-source-979b0fad-c3f5-47c4-b708-f769449d314b--983882313-executor-3, groupId=spark-kafka-source-979b0fad-c3f5-47c4-b708-f769449d314b--983882313-executor] Resetting offset for partition weather-topic-0 to position FetchPosition{offset=139, offsetEpoch=Optional.empty, currentLeader=LeaderAndEpoch{leader=Optional[kafka:9092 (id: 1 rack: null)], epoch=0}}.
[2026-04-12T06:24:31.663+0000] {subprocess.py:106} INFO - 26/04/12 06:24:31 INFO SubscriptionState: [Consumer clientId=consumer-spark-kafka-source-979b0fad-c3f5-47c4-b708-f769449d314b--983882313-executor-2, groupId=spark-kafka-source-979b0fad-c3f5-47c4-b708-f769449d314b--983882313-executor] Resetting offset for partition weather-topic-1 to position FetchPosition{offset=144, offsetEpoch=Optional.empty, currentLeader=LeaderAndEpoch{leader=Optional[kafka:9092 (id: 1 rack: null)], epoch=0}}.
[2026-04-12T06:24:31.670+0000] {subprocess.py:106} INFO - 26/04/12 06:24:31 INFO MemoryStore: Block rdd_112_1 stored as values in memory (estimated size 3.8 KiB, free 1048.4 MiB)
[2026-04-12T06:24:31.672+0000] {subprocess.py:106} INFO - 26/04/12 06:24:31 INFO MemoryStore: Block rdd_112_2 stored as values in memory (estimated size 3.8 KiB, free 1048.4 MiB)
[2026-04-12T06:24:31.673+0000] {subprocess.py:106} INFO - 26/04/12 06:24:31 INFO FileOutputCommitter: File Output Committer Algorithm version is 1
[2026-04-12T06:24:31.674+0000] {subprocess.py:106} INFO - 26/04/12 06:24:31 INFO FileOutputCommitter: File Output Committer Algorithm version is 1
[2026-04-12T06:24:31.675+0000] {subprocess.py:106} INFO - 26/04/12 06:24:31 INFO FileOutputCommitter: FileOutputCommitter skip cleanup _temporary folders under output directory:false, ignore cleanup failures: false
[2026-04-12T06:24:31.676+0000] {subprocess.py:106} INFO - 26/04/12 06:24:31 INFO FileOutputCommitter: FileOutputCommitter skip cleanup _temporary folders under output directory:false, ignore cleanup failures: false
[2026-04-12T06:24:31.676+0000] {subprocess.py:106} INFO - 26/04/12 06:24:31 INFO SQLHadoopMapReduceCommitProtocol: Using user defined output committer class org.apache.parquet.hadoop.ParquetOutputCommitter
[2026-04-12T06:24:31.677+0000] {subprocess.py:106} INFO - 26/04/12 06:24:31 INFO SQLHadoopMapReduceCommitProtocol: Using user defined output committer class org.apache.parquet.hadoop.ParquetOutputCommitter
[2026-04-12T06:24:31.678+0000] {subprocess.py:106} INFO - 26/04/12 06:24:31 INFO FileOutputCommitter: File Output Committer Algorithm version is 1
[2026-04-12T06:24:31.679+0000] {subprocess.py:106} INFO - 26/04/12 06:24:31 INFO FileOutputCommitter: File Output Committer Algorithm version is 1
[2026-04-12T06:24:31.679+0000] {subprocess.py:106} INFO - 26/04/12 06:24:31 INFO FileOutputCommitter: FileOutputCommitter skip cleanup _temporary folders under output directory:false, ignore cleanup failures: false
[2026-04-12T06:24:31.680+0000] {subprocess.py:106} INFO - 26/04/12 06:24:31 INFO FileOutputCommitter: FileOutputCommitter skip cleanup _temporary folders under output directory:false, ignore cleanup failures: false
[2026-04-12T06:24:31.680+0000] {subprocess.py:106} INFO - 26/04/12 06:24:31 INFO SQLHadoopMapReduceCommitProtocol: Using output committer class org.apache.parquet.hadoop.ParquetOutputCommitter
[2026-04-12T06:24:31.681+0000] {subprocess.py:106} INFO - 26/04/12 06:24:31 INFO CodecConfig: Compression: SNAPPY
[2026-04-12T06:24:31.681+0000] {subprocess.py:106} INFO - 26/04/12 06:24:31 INFO CodecConfig: Compression: SNAPPY
[2026-04-12T06:24:31.682+0000] {subprocess.py:106} INFO - 26/04/12 06:24:31 INFO SQLHadoopMapReduceCommitProtocol: Using output committer class org.apache.parquet.hadoop.ParquetOutputCommitter
[2026-04-12T06:24:31.683+0000] {subprocess.py:106} INFO - 26/04/12 06:24:31 INFO CodecConfig: Compression: SNAPPY
[2026-04-12T06:24:31.683+0000] {subprocess.py:106} INFO - 26/04/12 06:24:31 INFO CodecConfig: Compression: SNAPPY
[2026-04-12T06:24:31.684+0000] {subprocess.py:106} INFO - 26/04/12 06:24:31 INFO ParquetOutputFormat: ParquetRecordWriter [block size: 134217728b, row group padding size: 8388608b, validating: false]
[2026-04-12T06:24:31.684+0000] {subprocess.py:106} INFO - 26/04/12 06:24:31 INFO SubscriptionState: [Consumer clientId=consumer-spark-kafka-source-979b0fad-c3f5-47c4-b708-f769449d314b--983882313-executor-1, groupId=spark-kafka-source-979b0fad-c3f5-47c4-b708-f769449d314b--983882313-executor] Resetting offset for partition weather-topic-2 to position FetchPosition{offset=0, offsetEpoch=Optional.empty, currentLeader=LeaderAndEpoch{leader=Optional[kafka:9092 (id: 1 rack: null)], epoch=0}}.
[2026-04-12T06:24:31.685+0000] {subprocess.py:106} INFO - 26/04/12 06:24:31 INFO SubscriptionState: [Consumer clientId=consumer-spark-kafka-source-979b0fad-c3f5-47c4-b708-f769449d314b--983882313-executor-1, groupId=spark-kafka-source-979b0fad-c3f5-47c4-b708-f769449d314b--983882313-executor] Seeking to latest offset of partition weather-topic-2
[2026-04-12T06:24:31.686+0000] {subprocess.py:106} INFO - 26/04/12 06:24:31 INFO ParquetOutputFormat: ParquetRecordWriter [block size: 134217728b, row group padding size: 8388608b, validating: false]
[2026-04-12T06:24:31.686+0000] {subprocess.py:106} INFO - 26/04/12 06:24:31 INFO SubscriptionState: [Consumer clientId=consumer-spark-kafka-source-979b0fad-c3f5-47c4-b708-f769449d314b--983882313-executor-1, groupId=spark-kafka-source-979b0fad-c3f5-47c4-b708-f769449d314b--983882313-executor] Resetting offset for partition weather-topic-2 to position FetchPosition{offset=137, offsetEpoch=Optional.empty, currentLeader=LeaderAndEpoch{leader=Optional[kafka:9092 (id: 1 rack: null)], epoch=0}}.
[2026-04-12T06:24:31.709+0000] {subprocess.py:106} INFO - 26/04/12 06:24:31 INFO MemoryStore: Block rdd_112_0 stored as values in memory (estimated size 4.1 KiB, free 1048.4 MiB)
[2026-04-12T06:24:31.718+0000] {subprocess.py:106} INFO - 26/04/12 06:24:31 INFO FileOutputCommitter: File Output Committer Algorithm version is 1
[2026-04-12T06:24:31.719+0000] {subprocess.py:106} INFO - 26/04/12 06:24:31 INFO FileOutputCommitter: FileOutputCommitter skip cleanup _temporary folders under output directory:false, ignore cleanup failures: false
[2026-04-12T06:24:31.719+0000] {subprocess.py:106} INFO - 26/04/12 06:24:31 INFO SQLHadoopMapReduceCommitProtocol: Using user defined output committer class org.apache.parquet.hadoop.ParquetOutputCommitter
[2026-04-12T06:24:31.720+0000] {subprocess.py:106} INFO - 26/04/12 06:24:31 INFO FileOutputCommitter: File Output Committer Algorithm version is 1
[2026-04-12T06:24:31.720+0000] {subprocess.py:106} INFO - 26/04/12 06:24:31 INFO FileOutputCommitter: FileOutputCommitter skip cleanup _temporary folders under output directory:false, ignore cleanup failures: false
[2026-04-12T06:24:31.724+0000] {subprocess.py:106} INFO - 26/04/12 06:24:31 INFO SQLHadoopMapReduceCommitProtocol: Using output committer class org.apache.parquet.hadoop.ParquetOutputCommitter
[2026-04-12T06:24:31.726+0000] {subprocess.py:106} INFO - 26/04/12 06:24:31 INFO CodecConfig: Compression: SNAPPY
[2026-04-12T06:24:31.726+0000] {subprocess.py:106} INFO - 26/04/12 06:24:31 INFO CodecConfig: Compression: SNAPPY
[2026-04-12T06:24:31.727+0000] {subprocess.py:106} INFO - 26/04/12 06:24:31 INFO ParquetOutputFormat: ParquetRecordWriter [block size: 134217728b, row group padding size: 8388608b, validating: false]
[2026-04-12T06:24:31.772+0000] {subprocess.py:106} INFO - 26/04/12 06:24:31 INFO FileOutputCommitter: Saved output of task 'attempt_202604120624315816772624957704338_0022_m_000002_73' to hdfs://23133083thuyvan-master:9000/user/hive/lakehouse/bronze/raw_api/_temporary/0/task_202604120624315816772624957704338_0022_m_000002
[2026-04-12T06:24:31.773+0000] {subprocess.py:106} INFO - 26/04/12 06:24:31 INFO SparkHadoopMapRedUtil: attempt_202604120624315816772624957704338_0022_m_000002_73: Committed. Elapsed time: 18 ms.
[2026-04-12T06:24:31.774+0000] {subprocess.py:106} INFO - 26/04/12 06:24:31 INFO KafkaDataConsumer: From Kafka topicPartition=weather-topic-0 groupId=spark-kafka-source-979b0fad-c3f5-47c4-b708-f769449d314b--983882313-executor read 6 records through 1 polls (polled out 6 records), taking 515.648832 ms, during time span of 628.043409 ms.
[2026-04-12T06:24:31.778+0000] {subprocess.py:106} INFO - 26/04/12 06:24:31 INFO Executor: Finished task 2.0 in stage 22.0 (TID 73). 3324 bytes result sent to driver
[2026-04-12T06:24:31.780+0000] {subprocess.py:106} INFO - 26/04/12 06:24:31 INFO TaskSetManager: Finished task 2.0 in stage 22.0 (TID 73) in 722 ms on spark-master (executor driver) (1/3)
[2026-04-12T06:24:31.798+0000] {subprocess.py:106} INFO - 26/04/12 06:24:31 INFO FileOutputCommitter: Saved output of task 'attempt_202604120624315816772624957704338_0022_m_000000_71' to hdfs://23133083thuyvan-master:9000/user/hive/lakehouse/bronze/raw_api/_temporary/0/task_202604120624315816772624957704338_0022_m_000000
[2026-04-12T06:24:31.798+0000] {subprocess.py:106} INFO - 26/04/12 06:24:31 INFO SparkHadoopMapRedUtil: attempt_202604120624315816772624957704338_0022_m_000000_71: Committed. Elapsed time: 9 ms.
[2026-04-12T06:24:31.799+0000] {subprocess.py:106} INFO - 26/04/12 06:24:31 INFO KafkaDataConsumer: From Kafka topicPartition=weather-topic-2 groupId=spark-kafka-source-979b0fad-c3f5-47c4-b708-f769449d314b--983882313-executor read 8 records through 1 polls (polled out 8 records), taking 512.466182 ms, during time span of 627.266879 ms.
[2026-04-12T06:24:31.800+0000] {subprocess.py:106} INFO - 26/04/12 06:24:31 INFO Executor: Finished task 0.0 in stage 22.0 (TID 71). 3324 bytes result sent to driver
[2026-04-12T06:24:31.801+0000] {subprocess.py:106} INFO - 26/04/12 06:24:31 INFO TaskSetManager: Finished task 0.0 in stage 22.0 (TID 71) in 744 ms on spark-master (executor driver) (2/3)
[2026-04-12T06:24:32.157+0000] {subprocess.py:106} INFO - 26/04/12 06:24:32 INFO FileOutputCommitter: Saved output of task 'attempt_202604120624315816772624957704338_0022_m_000001_72' to hdfs://23133083thuyvan-master:9000/user/hive/lakehouse/bronze/raw_api/_temporary/0/task_202604120624315816772624957704338_0022_m_000001
[2026-04-12T06:24:32.157+0000] {subprocess.py:106} INFO - 26/04/12 06:24:32 INFO SparkHadoopMapRedUtil: attempt_202604120624315816772624957704338_0022_m_000001_72: Committed. Elapsed time: 5 ms.
[2026-04-12T06:24:32.158+0000] {subprocess.py:106} INFO - 26/04/12 06:24:32 INFO KafkaDataConsumer: From Kafka topicPartition=weather-topic-1 groupId=spark-kafka-source-979b0fad-c3f5-47c4-b708-f769449d314b--983882313-executor read 6 records through 1 polls (polled out 6 records), taking 518.516948 ms, during time span of 1011.828514 ms.
[2026-04-12T06:24:32.159+0000] {subprocess.py:106} INFO - 26/04/12 06:24:32 INFO Executor: Finished task 1.0 in stage 22.0 (TID 72). 3324 bytes result sent to driver
[2026-04-12T06:24:32.160+0000] {subprocess.py:106} INFO - 26/04/12 06:24:32 INFO TaskSetManager: Finished task 1.0 in stage 22.0 (TID 72) in 1103 ms on spark-master (executor driver) (3/3)
[2026-04-12T06:24:32.160+0000] {subprocess.py:106} INFO - 26/04/12 06:24:32 INFO TaskSchedulerImpl: Removed TaskSet 22.0 whose tasks have all completed, from pool
[2026-04-12T06:24:32.161+0000] {subprocess.py:106} INFO - 26/04/12 06:24:32 INFO DAGScheduler: ResultStage 22 (start at NativeMethodAccessorImpl.java:0) finished in 1141 ms
[2026-04-12T06:24:32.162+0000] {subprocess.py:106} INFO - 26/04/12 06:24:32 INFO DAGScheduler: Job 17 is finished. Cancelling potential speculative or zombie tasks for this job
[2026-04-12T06:24:32.162+0000] {subprocess.py:106} INFO - 26/04/12 06:24:32 INFO TaskSchedulerImpl: Canceling stage 22
[2026-04-12T06:24:32.163+0000] {subprocess.py:106} INFO - 26/04/12 06:24:32 INFO TaskSchedulerImpl: Killing all running tasks in stage 22: Stage finished
[2026-04-12T06:24:32.163+0000] {subprocess.py:106} INFO - 26/04/12 06:24:32 INFO DAGScheduler: Job 17 finished: start at NativeMethodAccessorImpl.java:0, took 1145.002293 ms
[2026-04-12T06:24:32.164+0000] {subprocess.py:106} INFO - 26/04/12 06:24:32 INFO FileFormatWriter: Start to commit write Job 5fd8769d-1621-46bc-bce2-cb031ca08a0b.
[2026-04-12T06:24:32.217+0000] {subprocess.py:106} INFO - 26/04/12 06:24:32 INFO FileFormatWriter: Write Job 5fd8769d-1621-46bc-bce2-cb031ca08a0b committed. Elapsed time: 53 ms.
[2026-04-12T06:24:32.218+0000] {subprocess.py:106} INFO - 26/04/12 06:24:32 INFO FileFormatWriter: Finished processing stats for write job 5fd8769d-1621-46bc-bce2-cb031ca08a0b.
[2026-04-12T06:24:32.444+0000] {subprocess.py:106} INFO - 26/04/12 06:24:32 INFO BaseMetastoreTableOperations: Refreshing table metadata from new version: hdfs://23133083thuyvan-master:9000/user/hive/lakehouse/air_quality_db.db/air_quality_silver/metadata/00013-8d555504-cd5f-4761-9c69-05e6b30034d3.metadata.json
[2026-04-12T06:24:32.455+0000] {subprocess.py:106} INFO - 26/04/12 06:24:32 INFO BaseMetastoreCatalog: Table loaded by catalog: iceberg.air_quality_db.air_quality_silver
[2026-04-12T06:24:32.500+0000] {subprocess.py:106} INFO - 26/04/12 06:24:32 INFO V2ScanRelationPushDown:
[2026-04-12T06:24:32.500+0000] {subprocess.py:106} INFO - Pushing operators to iceberg.air_quality_db.air_quality_silver
[2026-04-12T06:24:32.501+0000] {subprocess.py:106} INFO - Pushed Filters: location IS NOT NULL, timestamp IS NOT NULL
[2026-04-12T06:24:32.501+0000] {subprocess.py:106} INFO - Post-Scan Filters: isnotnull(location#5717),isnotnull(timestamp#5716)
[2026-04-12T06:24:32.504+0000] {subprocess.py:106} INFO - 
[2026-04-12T06:24:32.504+0000] {subprocess.py:106} INFO - 26/04/12 06:24:32 INFO V2ScanRelationPushDown:
[2026-04-12T06:24:32.505+0000] {subprocess.py:106} INFO - Output: timestamp#5716, location#5717
[2026-04-12T06:24:32.505+0000] {subprocess.py:106} INFO - 
[2026-04-12T06:24:32.506+0000] {subprocess.py:106} INFO - 26/04/12 06:24:32 INFO SnapshotScan: Scanning table iceberg.air_quality_db.air_quality_silver snapshot 1326050734775783562 created at 2026-04-12T06:22:43.196+00:00 with filter (location IS NOT NULL AND timestamp IS NOT NULL)
[2026-04-12T06:24:32.517+0000] {subprocess.py:106} INFO - 26/04/12 06:24:32 INFO BaseDistributedDataScan: Planning file tasks locally for table iceberg.air_quality_db.air_quality_silver
[2026-04-12T06:24:32.562+0000] {subprocess.py:106} INFO - 26/04/12 06:24:32 INFO SparkPartitioningAwareScan: Reporting UnknownPartitioning with 9 partition(s) for table iceberg.air_quality_db.air_quality_silver
[2026-04-12T06:24:32.590+0000] {subprocess.py:106} INFO - 26/04/12 06:24:32 INFO MemoryStore: Block broadcast_39 stored as values in memory (estimated size 32.0 KiB, free 1048.4 MiB)
[2026-04-12T06:24:32.596+0000] {subprocess.py:106} INFO - 26/04/12 06:24:32 INFO MemoryStore: Block broadcast_39_piece0 stored as bytes in memory (estimated size 36.2 KiB, free 1048.3 MiB)
[2026-04-12T06:24:32.597+0000] {subprocess.py:106} INFO - 26/04/12 06:24:32 INFO SparkContext: Created broadcast 39 from start at NativeMethodAccessorImpl.java:0
[2026-04-12T06:24:32.630+0000] {subprocess.py:106} INFO - 26/04/12 06:24:32 INFO MemoryStore: Block broadcast_40 stored as values in memory (estimated size 32.0 KiB, free 1048.3 MiB)
[2026-04-12T06:24:32.636+0000] {subprocess.py:106} INFO - 26/04/12 06:24:32 INFO MemoryStore: Block broadcast_40_piece0 stored as bytes in memory (estimated size 36.2 KiB, free 1048.3 MiB)
[2026-04-12T06:24:32.636+0000] {subprocess.py:106} INFO - 26/04/12 06:24:32 INFO SparkContext: Created broadcast 40 from start at NativeMethodAccessorImpl.java:0
[2026-04-12T06:24:32.683+0000] {subprocess.py:106} INFO - 26/04/12 06:24:32 INFO SparkContext: Starting job: start at NativeMethodAccessorImpl.java:0
[2026-04-12T06:24:32.684+0000] {subprocess.py:106} INFO - 26/04/12 06:24:32 INFO DAGScheduler: Got job 18 (start at NativeMethodAccessorImpl.java:0) with 9 output partitions
[2026-04-12T06:24:32.685+0000] {subprocess.py:106} INFO - 26/04/12 06:24:32 INFO DAGScheduler: Final stage: ResultStage 23 (start at NativeMethodAccessorImpl.java:0)
[2026-04-12T06:24:32.686+0000] {subprocess.py:106} INFO - 26/04/12 06:24:32 INFO DAGScheduler: Parents of final stage: List()
[2026-04-12T06:24:32.686+0000] {subprocess.py:106} INFO - 26/04/12 06:24:32 INFO DAGScheduler: Missing parents: List()
[2026-04-12T06:24:32.687+0000] {subprocess.py:106} INFO - 26/04/12 06:24:32 INFO DAGScheduler: Submitting ResultStage 23 (MapPartitionsRDD[120] at start at NativeMethodAccessorImpl.java:0), which has no missing parents
[2026-04-12T06:24:32.688+0000] {subprocess.py:106} INFO - 26/04/12 06:24:32 INFO MemoryStore: Block broadcast_41 stored as values in memory (estimated size 15.1 KiB, free 1048.2 MiB)
[2026-04-12T06:24:32.691+0000] {subprocess.py:106} INFO - 26/04/12 06:24:32 INFO MemoryStore: Block broadcast_41_piece0 stored as bytes in memory (estimated size 6.0 KiB, free 1048.2 MiB)
[2026-04-12T06:24:32.692+0000] {subprocess.py:106} INFO - 26/04/12 06:24:32 INFO SparkContext: Created broadcast 41 from broadcast at DAGScheduler.scala:1676
[2026-04-12T06:24:32.693+0000] {subprocess.py:106} INFO - 26/04/12 06:24:32 INFO DAGScheduler: Submitting 9 missing tasks from ResultStage 23 (MapPartitionsRDD[120] at start at NativeMethodAccessorImpl.java:0) (first 15 tasks are for partitions Vector(0, 1, 2, 3, 4, 5, 6, 7, 8))
[2026-04-12T06:24:32.694+0000] {subprocess.py:106} INFO - 26/04/12 06:24:32 INFO TaskSchedulerImpl: Adding task set 23.0 with 9 tasks resource profile 0
[2026-04-12T06:24:32.695+0000] {subprocess.py:106} INFO - 26/04/12 06:24:32 INFO TaskSetManager: Starting task 0.0 in stage 23.0 (TID 74) (spark-master,executor driver, partition 0, ANY, 20457 bytes)
[2026-04-12T06:24:32.696+0000] {subprocess.py:106} INFO - 26/04/12 06:24:32 INFO TaskSetManager: Starting task 1.0 in stage 23.0 (TID 75) (spark-master,executor driver, partition 1, ANY, 20460 bytes)
[2026-04-12T06:24:32.696+0000] {subprocess.py:106} INFO - 26/04/12 06:24:32 INFO TaskSetManager: Starting task 2.0 in stage 23.0 (TID 76) (spark-master,executor driver, partition 2, ANY, 20469 bytes)
[2026-04-12T06:24:32.698+0000] {subprocess.py:106} INFO - 26/04/12 06:24:32 INFO TaskSetManager: Starting task 3.0 in stage 23.0 (TID 77) (spark-master,executor driver, partition 3, ANY, 20468 bytes)
[2026-04-12T06:24:32.699+0000] {subprocess.py:106} INFO - 26/04/12 06:24:32 INFO TaskSetManager: Starting task 4.0 in stage 23.0 (TID 78) (spark-master,executor driver, partition 4, ANY, 20759 bytes)
[2026-04-12T06:24:32.700+0000] {subprocess.py:106} INFO - 26/04/12 06:24:32 INFO TaskSetManager: Starting task 5.0 in stage 23.0 (TID 79) (spark-master,executor driver, partition 5, ANY, 20460 bytes)
[2026-04-12T06:24:32.701+0000] {subprocess.py:106} INFO - 26/04/12 06:24:32 INFO TaskSetManager: Starting task 6.0 in stage 23.0 (TID 80) (spark-master,executor driver, partition 6, ANY, 20441 bytes)
[2026-04-12T06:24:32.702+0000] {subprocess.py:106} INFO - 26/04/12 06:24:32 INFO TaskSetManager: Starting task 7.0 in stage 23.0 (TID 81) (spark-master,executor driver, partition 7, ANY, 20440 bytes)
[2026-04-12T06:24:32.705+0000] {subprocess.py:106} INFO - 26/04/12 06:24:32 INFO TaskSetManager: Starting task 8.0 in stage 23.0 (TID 82) (spark-master,executor driver, partition 8, ANY, 19113 bytes)
[2026-04-12T06:24:32.706+0000] {subprocess.py:106} INFO - 26/04/12 06:24:32 INFO Executor: Running task 0.0 in stage 23.0 (TID 74)
[2026-04-12T06:24:32.709+0000] {subprocess.py:106} INFO - 26/04/12 06:24:32 INFO Executor: Running task 2.0 in stage 23.0 (TID 76)
[2026-04-12T06:24:32.711+0000] {subprocess.py:106} INFO - 26/04/12 06:24:32 INFO Executor: Running task 1.0 in stage 23.0 (TID 75)
[2026-04-12T06:24:32.712+0000] {subprocess.py:106} INFO - 26/04/12 06:24:32 INFO Executor: Running task 3.0 in stage 23.0 (TID 77)
[2026-04-12T06:24:32.713+0000] {subprocess.py:106} INFO - 26/04/12 06:24:32 INFO Executor: Running task 4.0 in stage 23.0 (TID 78)
[2026-04-12T06:24:32.714+0000] {subprocess.py:106} INFO - 26/04/12 06:24:32 INFO Executor: Running task 5.0 in stage 23.0 (TID 79)
[2026-04-12T06:24:32.717+0000] {subprocess.py:106} INFO - 26/04/12 06:24:32 INFO Executor: Running task 6.0 in stage 23.0 (TID 80)
[2026-04-12T06:24:32.717+0000] {subprocess.py:106} INFO - 26/04/12 06:24:32 INFO Executor: Running task 7.0 in stage 23.0 (TID 81)
[2026-04-12T06:24:32.718+0000] {subprocess.py:106} INFO - 26/04/12 06:24:32 INFO Executor: Running task 8.0 in stage 23.0 (TID 82)
[2026-04-12T06:24:32.748+0000] {subprocess.py:106} INFO - 26/04/12 06:24:32 INFO CodecPool: Got brand-new decompressor [.zstd]
[2026-04-12T06:24:32.749+0000] {subprocess.py:106} INFO - 26/04/12 06:24:32 INFO CodecPool: Got brand-new decompressor [.zstd]
[2026-04-12T06:24:32.750+0000] {subprocess.py:106} INFO - 26/04/12 06:24:32 INFO CodecPool: Got brand-new decompressor [.zstd]
[2026-04-12T06:24:32.750+0000] {subprocess.py:106} INFO - 26/04/12 06:24:32 INFO CodecPool: Got brand-new decompressor [.zstd]
[2026-04-12T06:24:32.750+0000] {subprocess.py:106} INFO - 26/04/12 06:24:32 INFO CodecPool: Got brand-new decompressor [.zstd]
[2026-04-12T06:24:32.751+0000] {subprocess.py:106} INFO - 26/04/12 06:24:32 INFO CodecPool: Got brand-new decompressor [.zstd]
[2026-04-12T06:24:32.751+0000] {subprocess.py:106} INFO - 26/04/12 06:24:32 INFO CodecPool: Got brand-new decompressor [.zstd]
[2026-04-12T06:24:32.752+0000] {subprocess.py:106} INFO - 26/04/12 06:24:32 INFO CodecPool: Got brand-new decompressor [.zstd]
[2026-04-12T06:24:32.753+0000] {subprocess.py:106} INFO - 26/04/12 06:24:32 INFO Executor: Finished task 8.0 in stage 23.0 (TID 82). 4576 bytes result sent to driver
[2026-04-12T06:24:32.757+0000] {subprocess.py:106} INFO - 26/04/12 06:24:32 INFO TaskSetManager: Finished task 8.0 in stage 23.0 (TID 82) in 52 ms on spark-master (executor driver) (1/9)
[2026-04-12T06:24:32.759+0000] {subprocess.py:106} INFO - 26/04/12 06:24:32 INFO CodecPool: Got brand-new decompressor [.zstd]
[2026-04-12T06:24:32.772+0000] {subprocess.py:106} INFO - 26/04/12 06:24:32 INFO CodecPool: Got brand-new decompressor [.zstd]
[2026-04-12T06:24:32.775+0000] {subprocess.py:106} INFO - 26/04/12 06:24:32 INFO CodecPool: Got brand-new decompressor [.zstd]
[2026-04-12T06:24:32.777+0000] {subprocess.py:106} INFO - 26/04/12 06:24:32 INFO CodecPool: Got brand-new decompressor [.zstd]
[2026-04-12T06:24:32.778+0000] {subprocess.py:106} INFO - 26/04/12 06:24:32 INFO CodecPool: Got brand-new decompressor [.zstd]
[2026-04-12T06:24:32.780+0000] {subprocess.py:106} INFO - 26/04/12 06:24:32 INFO CodecPool: Got brand-new decompressor [.zstd]
[2026-04-12T06:24:32.781+0000] {subprocess.py:106} INFO - 26/04/12 06:24:32 INFO CodecPool: Got brand-new decompressor [.zstd]
[2026-04-12T06:24:32.781+0000] {subprocess.py:106} INFO - 26/04/12 06:24:32 INFO CodecPool: Got brand-new decompressor [.zstd]
[2026-04-12T06:24:32.782+0000] {subprocess.py:106} INFO - 26/04/12 06:24:32 INFO CodecPool: Got brand-new decompressor [.zstd]
[2026-04-12T06:24:32.791+0000] {subprocess.py:106} INFO - 26/04/12 06:24:32 INFO CodecPool: Got brand-new decompressor [.zstd]
[2026-04-12T06:24:32.794+0000] {subprocess.py:106} INFO - 26/04/12 06:24:32 INFO CodecPool: Got brand-new decompressor [.zstd]
[2026-04-12T06:24:32.800+0000] {subprocess.py:106} INFO - 26/04/12 06:24:32 INFO CodecPool: Got brand-new decompressor [.zstd]
[2026-04-12T06:24:32.801+0000] {subprocess.py:106} INFO - 26/04/12 06:24:32 INFO CodecPool: Got brand-new decompressor [.zstd]
[2026-04-12T06:24:32.804+0000] {subprocess.py:106} INFO - 26/04/12 06:24:32 INFO CodecPool: Got brand-new decompressor [.zstd]
[2026-04-12T06:24:32.805+0000] {subprocess.py:106} INFO - 26/04/12 06:24:32 INFO CodecPool: Got brand-new decompressor [.zstd]
[2026-04-12T06:24:32.813+0000] {subprocess.py:106} INFO - 26/04/12 06:24:32 INFO CodecPool: Got brand-new decompressor [.zstd]
[2026-04-12T06:24:32.814+0000] {subprocess.py:106} INFO - 26/04/12 06:24:32 INFO CodecPool: Got brand-new decompressor [.zstd]
[2026-04-12T06:24:32.817+0000] {subprocess.py:106} INFO - 26/04/12 06:24:32 INFO CodecPool: Got brand-new decompressor [.zstd]
[2026-04-12T06:24:32.818+0000] {subprocess.py:106} INFO - 26/04/12 06:24:32 INFO CodecPool: Got brand-new decompressor [.zstd]
[2026-04-12T06:24:32.822+0000] {subprocess.py:106} INFO - 26/04/12 06:24:32 INFO CodecPool: Got brand-new decompressor [.zstd]
[2026-04-12T06:24:32.824+0000] {subprocess.py:106} INFO - 26/04/12 06:24:32 INFO Executor: Finished task 6.0 in stage 23.0 (TID 80). 4936 bytes result sent to driver
[2026-04-12T06:24:32.826+0000] {subprocess.py:106} INFO - 26/04/12 06:24:32 INFO CodecPool: Got brand-new decompressor [.zstd]
[2026-04-12T06:24:32.827+0000] {subprocess.py:106} INFO - 26/04/12 06:24:32 INFO TaskSetManager: Finished task 6.0 in stage 23.0 (TID 80) in 125 ms on spark-master (executor driver) (2/9)
[2026-04-12T06:24:32.827+0000] {subprocess.py:106} INFO - 26/04/12 06:24:32 INFO CodecPool: Got brand-new decompressor [.zstd]
[2026-04-12T06:24:32.828+0000] {subprocess.py:106} INFO - 26/04/12 06:24:32 INFO Executor: Finished task 0.0 in stage 23.0 (TID 74). 4930 bytes result sent to driver
[2026-04-12T06:24:32.829+0000] {subprocess.py:106} INFO - 26/04/12 06:24:32 INFO CodecPool: Got brand-new decompressor [.zstd]
[2026-04-12T06:24:32.830+0000] {subprocess.py:106} INFO - 26/04/12 06:24:32 INFO TaskSetManager: Finished task 0.0 in stage 23.0 (TID 74) in 134 ms on spark-master (executor driver) (3/9)
[2026-04-12T06:24:32.831+0000] {subprocess.py:106} INFO - 26/04/12 06:24:32 INFO Executor: Finished task 3.0 in stage 23.0 (TID 77). 5349 bytes result sent to driver
[2026-04-12T06:24:32.832+0000] {subprocess.py:106} INFO - 26/04/12 06:24:32 INFO Executor: Finished task 1.0 in stage 23.0 (TID 75). 5206 bytes result sent to driver
[2026-04-12T06:24:32.833+0000] {subprocess.py:106} INFO - 26/04/12 06:24:32 INFO Executor: Finished task 2.0 in stage 23.0 (TID 76). 5230 bytes result sent to driver
[2026-04-12T06:24:32.834+0000] {subprocess.py:106} INFO - 26/04/12 06:24:32 INFO Executor: Finished task 4.0 in stage 23.0 (TID 78). 4939 bytes result sent to driver
[2026-04-12T06:24:32.834+0000] {subprocess.py:106} INFO - 26/04/12 06:24:32 INFO TaskSetManager: Finished task 3.0 in stage 23.0 (TID 77) in 136 ms on spark-master (executor driver) (4/9)
[2026-04-12T06:24:32.835+0000] {subprocess.py:106} INFO - 26/04/12 06:24:32 INFO CodecPool: Got brand-new decompressor [.zstd]
[2026-04-12T06:24:32.836+0000] {subprocess.py:106} INFO - 26/04/12 06:24:32 INFO TaskSetManager: Finished task 2.0 in stage 23.0 (TID 76) in 138 ms on spark-master (executor driver) (5/9)
[2026-04-12T06:24:32.837+0000] {subprocess.py:106} INFO - 26/04/12 06:24:32 INFO TaskSetManager: Finished task 1.0 in stage 23.0 (TID 75) in 139 ms on spark-master (executor driver) (6/9)
[2026-04-12T06:24:32.837+0000] {subprocess.py:106} INFO - 26/04/12 06:24:32 INFO TaskSetManager: Finished task 4.0 in stage 23.0 (TID 78) in 138 ms on spark-master (executor driver) (7/9)
[2026-04-12T06:24:32.838+0000] {subprocess.py:106} INFO - 26/04/12 06:24:32 INFO Executor: Finished task 5.0 in stage 23.0 (TID 79). 4816 bytes result sent to driver
[2026-04-12T06:24:32.840+0000] {subprocess.py:106} INFO - 26/04/12 06:24:32 INFO TaskSetManager: Finished task 5.0 in stage 23.0 (TID 79) in 140 ms on spark-master (executor driver) (8/9)
[2026-04-12T06:24:32.847+0000] {subprocess.py:106} INFO - 26/04/12 06:24:32 INFO CodecPool: Got brand-new decompressor [.zstd]
[2026-04-12T06:24:32.850+0000] {subprocess.py:106} INFO - 26/04/12 06:24:32 INFO Executor: Finished task 7.0 in stage 23.0 (TID 81). 4928 bytes result sent to driver
[2026-04-12T06:24:32.851+0000] {subprocess.py:106} INFO - 26/04/12 06:24:32 INFO TaskSetManager: Finished task 7.0 in stage 23.0 (TID 81) in 149 ms on spark-master (executor driver) (9/9)
[2026-04-12T06:24:32.852+0000] {subprocess.py:106} INFO - 26/04/12 06:24:32 INFO TaskSchedulerImpl: Removed TaskSet 23.0 whose tasks have all completed, from pool
[2026-04-12T06:24:32.854+0000] {subprocess.py:106} INFO - 26/04/12 06:24:32 INFO DAGScheduler: ResultStage 23 (start at NativeMethodAccessorImpl.java:0) finished in 167 ms
[2026-04-12T06:24:32.854+0000] {subprocess.py:106} INFO - 26/04/12 06:24:32 INFO DAGScheduler: Job 18 is finished. Cancelling potential speculative or zombie tasks for this job
[2026-04-12T06:24:32.858+0000] {subprocess.py:106} INFO - 26/04/12 06:24:32 INFO TaskSchedulerImpl: Canceling stage 23
[2026-04-12T06:24:32.858+0000] {subprocess.py:106} INFO - 26/04/12 06:24:32 INFO TaskSchedulerImpl: Killing all running tasks in stage 23: Stage finished
[2026-04-12T06:24:32.860+0000] {subprocess.py:106} INFO - 26/04/12 06:24:32 INFO DAGScheduler: Job 18 finished: start at NativeMethodAccessorImpl.java:0, took 170.851115 ms
[2026-04-12T06:24:32.861+0000] {subprocess.py:106} INFO - 26/04/12 06:24:32 INFO MemoryStore: Block broadcast_42 stored as values in memory (estimated size 4.0 MiB, free 1044.2 MiB)
[2026-04-12T06:24:32.863+0000] {subprocess.py:106} INFO - 26/04/12 06:24:32 INFO MemoryStore: Block broadcast_42_piece0 stored as bytes in memory (estimated size 8.8 KiB, free 1044.2 MiB)
[2026-04-12T06:24:32.864+0000] {subprocess.py:106} INFO - 26/04/12 06:24:32 INFO SparkContext: Created broadcast 42 from start at NativeMethodAccessorImpl.java:0
[2026-04-12T06:24:32.879+0000] {subprocess.py:106} INFO - 26/04/12 06:24:32 INFO MemoryStore: Block broadcast_43 stored as values in memory (estimated size 32.0 KiB, free 1044.2 MiB)
[2026-04-12T06:24:32.881+0000] {subprocess.py:106} INFO - 26/04/12 06:24:32 INFO MemoryStore: Block broadcast_43_piece0 stored as bytes in memory (estimated size 36.2 KiB, free 1044.1 MiB)
[2026-04-12T06:24:32.882+0000] {subprocess.py:106} INFO - 26/04/12 06:24:32 INFO SparkContext: Created broadcast 43 from start at NativeMethodAccessorImpl.java:0
[2026-04-12T06:24:32.883+0000] {subprocess.py:106} INFO - 26/04/12 06:24:32 INFO AppendDataExec: Start processing data source write support: IcebergBatchWrite(table=iceberg.air_quality_db.air_quality_silver, format=PARQUET). The input RDD has 3} partitions.
[2026-04-12T06:24:32.884+0000] {subprocess.py:106} INFO - 26/04/12 06:24:32 INFO SparkContext: Starting job: start at NativeMethodAccessorImpl.java:0
[2026-04-12T06:24:32.885+0000] {subprocess.py:106} INFO - 26/04/12 06:24:32 INFO DAGScheduler: Got job 19 (start at NativeMethodAccessorImpl.java:0) with 3 output partitions
[2026-04-12T06:24:32.886+0000] {subprocess.py:106} INFO - 26/04/12 06:24:32 INFO DAGScheduler: Final stage: ResultStage 24 (start at NativeMethodAccessorImpl.java:0)
[2026-04-12T06:24:32.886+0000] {subprocess.py:106} INFO - 26/04/12 06:24:32 INFO DAGScheduler: Parents of final stage: List()
[2026-04-12T06:24:32.887+0000] {subprocess.py:106} INFO - 26/04/12 06:24:32 INFO DAGScheduler: Missing parents: List()
[2026-04-12T06:24:32.887+0000] {subprocess.py:106} INFO - 26/04/12 06:24:32 INFO DAGScheduler: Submitting ResultStage 24 (MapPartitionsRDD[124] at start at NativeMethodAccessorImpl.java:0), which has no missing parents
[2026-04-12T06:24:32.891+0000] {subprocess.py:106} INFO - 26/04/12 06:24:32 INFO MemoryStore: Block broadcast_44 stored as values in memory (estimated size 72.8 KiB, free 1044.1 MiB)
[2026-04-12T06:24:32.893+0000] {subprocess.py:106} INFO - 26/04/12 06:24:32 INFO MemoryStore: Block broadcast_44_piece0 stored as bytes in memory (estimated size 25.2 KiB, free 1044.1 MiB)
[2026-04-12T06:24:32.896+0000] {subprocess.py:106} INFO - 26/04/12 06:24:32 INFO SparkContext: Created broadcast 44 from broadcast at DAGScheduler.scala:1676
[2026-04-12T06:24:32.897+0000] {subprocess.py:106} INFO - 26/04/12 06:24:32 INFO DAGScheduler: Submitting 3 missing tasks from ResultStage 24 (MapPartitionsRDD[124] at start at NativeMethodAccessorImpl.java:0) (first 15 tasks are for partitions Vector(0, 1, 2))
[2026-04-12T06:24:32.897+0000] {subprocess.py:106} INFO - 26/04/12 06:24:32 INFO TaskSchedulerImpl: Adding task set 24.0 with 3 tasks resource profile 0
[2026-04-12T06:24:32.899+0000] {subprocess.py:106} INFO - 26/04/12 06:24:32 INFO TaskSetManager: Starting task 0.0 in stage 24.0 (TID 83) (spark-master,executor driver, partition 0, PROCESS_LOCAL, 13503 bytes)
[2026-04-12T06:24:32.900+0000] {subprocess.py:106} INFO - 26/04/12 06:24:32 INFO TaskSetManager: Starting task 1.0 in stage 24.0 (TID 84) (spark-master,executor driver, partition 1, PROCESS_LOCAL, 13503 bytes)
[2026-04-12T06:24:32.900+0000] {subprocess.py:106} INFO - 26/04/12 06:24:32 INFO TaskSetManager: Starting task 2.0 in stage 24.0 (TID 85) (spark-master,executor driver, partition 2, PROCESS_LOCAL, 13503 bytes)
[2026-04-12T06:24:32.901+0000] {subprocess.py:106} INFO - 26/04/12 06:24:32 INFO Executor: Running task 1.0 in stage 24.0 (TID 84)
[2026-04-12T06:24:32.901+0000] {subprocess.py:106} INFO - 26/04/12 06:24:32 INFO Executor: Running task 2.0 in stage 24.0 (TID 85)
[2026-04-12T06:24:32.902+0000] {subprocess.py:106} INFO - 26/04/12 06:24:32 INFO Executor: Running task 0.0 in stage 24.0 (TID 83)
[2026-04-12T06:24:32.905+0000] {subprocess.py:106} INFO - 26/04/12 06:24:32 INFO BlockManager: Found block rdd_112_1 locally
[2026-04-12T06:24:32.905+0000] {subprocess.py:106} INFO - 26/04/12 06:24:32 INFO BlockManager: Found block rdd_112_0 locally
[2026-04-12T06:24:32.906+0000] {subprocess.py:106} INFO - 26/04/12 06:24:32 INFO BlockManager: Found block rdd_112_2 locally
[2026-04-12T06:24:32.909+0000] {subprocess.py:106} INFO - 26/04/12 06:24:32 INFO CodecPool: Got brand-new compressor [.zstd]
[2026-04-12T06:24:32.909+0000] {subprocess.py:106} INFO - 26/04/12 06:24:32 INFO CodecPool: Got brand-new compressor [.zstd]
[2026-04-12T06:24:32.910+0000] {subprocess.py:106} INFO - 26/04/12 06:24:32 INFO CodecPool: Got brand-new compressor [.zstd]
[2026-04-12T06:24:32.913+0000] {subprocess.py:106} INFO - 26/04/12 06:24:32 INFO DataWritingSparkTask: Writer for partition 0 is committing.
[2026-04-12T06:24:32.916+0000] {subprocess.py:106} INFO - 26/04/12 06:24:32 INFO DataWritingSparkTask: Writer for partition 1 is committing.
[2026-04-12T06:24:32.921+0000] {subprocess.py:106} INFO - 26/04/12 06:24:32 INFO DataWritingSparkTask: Writer for partition 2 is committing.
[2026-04-12T06:24:33.356+0000] {subprocess.py:106} INFO - 26/04/12 06:24:33 INFO DataWritingSparkTask: Committed partition 0 (task 83, attempt 0, stage 24.0)
[2026-04-12T06:24:33.368+0000] {subprocess.py:106} INFO - 26/04/12 06:24:33 INFO DataWritingSparkTask: Committed partition 1 (task 84, attempt 0, stage 24.0)
[2026-04-12T06:24:33.368+0000] {subprocess.py:106} INFO - 26/04/12 06:24:33 INFO Executor: Finished task 0.0 in stage 24.0 (TID 83). 7388 bytes result sent to driver
[2026-04-12T06:24:33.372+0000] {subprocess.py:106} INFO - 26/04/12 06:24:33 INFO Executor: Finished task 1.0 in stage 24.0 (TID 84). 7397 bytes result sent to driver
[2026-04-12T06:24:33.373+0000] {subprocess.py:106} INFO - 26/04/12 06:24:33 INFO TaskSetManager: Finished task 0.0 in stage 24.0 (TID 83) in 475 ms on spark-master (executor driver) (1/3)
[2026-04-12T06:24:33.373+0000] {subprocess.py:106} INFO - 26/04/12 06:24:33 INFO DataWritingSparkTask: Committed partition 2 (task 85, attempt 0, stage 24.0)
[2026-04-12T06:24:33.374+0000] {subprocess.py:106} INFO - 26/04/12 06:24:33 INFO TaskSetManager: Finished task 1.0 in stage 24.0 (TID 84) in 476 ms on spark-master (executor driver) (2/3)
[2026-04-12T06:24:33.375+0000] {subprocess.py:106} INFO - 26/04/12 06:24:33 INFO Executor: Finished task 2.0 in stage 24.0 (TID 85). 7318 bytes result sent to driver
[2026-04-12T06:24:33.375+0000] {subprocess.py:106} INFO - 26/04/12 06:24:33 INFO TaskSetManager: Finished task 2.0 in stage 24.0 (TID 85) in 478 ms on spark-master (executor driver) (3/3)
[2026-04-12T06:24:33.376+0000] {subprocess.py:106} INFO - 26/04/12 06:24:33 INFO TaskSchedulerImpl: Removed TaskSet 24.0 whose tasks have all completed, from pool
[2026-04-12T06:24:33.376+0000] {subprocess.py:106} INFO - 26/04/12 06:24:33 INFO DAGScheduler: ResultStage 24 (start at NativeMethodAccessorImpl.java:0) finished in 486 ms
[2026-04-12T06:24:33.377+0000] {subprocess.py:106} INFO - 26/04/12 06:24:33 INFO DAGScheduler: Job 19 is finished. Cancelling potential speculative or zombie tasks for this job
[2026-04-12T06:24:33.378+0000] {subprocess.py:106} INFO - 26/04/12 06:24:33 INFO TaskSchedulerImpl: Canceling stage 24
[2026-04-12T06:24:33.378+0000] {subprocess.py:106} INFO - 26/04/12 06:24:33 INFO TaskSchedulerImpl: Killing all running tasks in stage 24: Stage finished
[2026-04-12T06:24:33.379+0000] {subprocess.py:106} INFO - 26/04/12 06:24:33 INFO DAGScheduler: Job 19 finished: start at NativeMethodAccessorImpl.java:0, took 492.13457 ms
[2026-04-12T06:24:33.379+0000] {subprocess.py:106} INFO - 26/04/12 06:24:33 INFO AppendDataExec: Data source write support IcebergBatchWrite(table=iceberg.air_quality_db.air_quality_silver, format=PARQUET) is committing.
[2026-04-12T06:24:33.380+0000] {subprocess.py:106} INFO - 26/04/12 06:24:33 INFO SparkWrite: Committing append with 3 new data files to table iceberg.air_quality_db.air_quality_silver
[2026-04-12T06:24:34.034+0000] {subprocess.py:106} INFO - 26/04/12 06:24:34 INFO HiveTableOperations: Committed to table iceberg.air_quality_db.air_quality_silver with the new metadata location hdfs://23133083thuyvan-master:9000/user/hive/lakehouse/air_quality_db.db/air_quality_silver/metadata/00014-6174a36f-568e-4199-a8f1-34bba1bd89ab.metadata.json
[2026-04-12T06:24:34.035+0000] {subprocess.py:106} INFO - 26/04/12 06:24:34 INFO BaseMetastoreTableOperations: Successfully committed to table iceberg.air_quality_db.air_quality_silver in 148 ms
[2026-04-12T06:24:34.035+0000] {subprocess.py:106} INFO - 26/04/12 06:24:34 INFO SnapshotProducer: Committed snapshot 6985659810059448599 (MergeAppend)
[2026-04-12T06:24:34.062+0000] {subprocess.py:106} INFO - 26/04/12 06:24:34 INFO BaseMetastoreTableOperations: Refreshing table metadata from new version: hdfs://23133083thuyvan-master:9000/user/hive/lakehouse/air_quality_db.db/air_quality_silver/metadata/00014-6174a36f-568e-4199-a8f1-34bba1bd89ab.metadata.json
[2026-04-12T06:24:34.069+0000] {subprocess.py:106} INFO - 26/04/12 06:24:34 INFO LoggingMetricsReporter: Received metrics report: CommitReport{tableName=iceberg.air_quality_db.air_quality_silver, snapshotId=6985659810059448599, sequenceNumber=14, operation=append, commitMetrics=CommitMetricsResult{totalDuration=TimerResult{timeUnit=NANOSECONDS, totalDuration=PT0.662389408S, count=1}, attempts=CounterResult{unit=COUNT, value=1}, addedDataFiles=CounterResult{unit=COUNT, value=3}, removedDataFiles=null, totalDataFiles=CounterResult{unit=COUNT, value=36}, addedDeleteFiles=null, addedEqualityDeleteFiles=null, addedPositionalDeleteFiles=null, addedDVs=null, removedDeleteFiles=null, removedEqualityDeleteFiles=null, removedPositionalDeleteFiles=null, removedDVs=null, totalDeleteFiles=CounterResult{unit=COUNT, value=0}, addedRecords=CounterResult{unit=COUNT, value=20}, removedRecords=null, totalRecords=CounterResult{unit=COUNT, value=340}, addedFilesSizeInBytes=CounterResult{unit=BYTES, value=26292}, removedFilesSizeInBytes=null, totalFilesSizeInBytes=CounterResult{unit=BYTES, value=327294}, addedPositionalDeletes=null, removedPositionalDeletes=null, totalPositionalDeletes=CounterResult{unit=COUNT, value=0}, addedEqualityDeletes=null, removedEqualityDeletes=null, totalEqualityDeletes=CounterResult{unit=COUNT, value=0}, manifestsCreated=null, manifestsReplaced=null, manifestsKept=null, manifestEntriesProcessed=null}, metadata={engine-version=4.0.2, app-id=local-1775974688107, engine-name=spark, iceberg-version=Apache Iceberg 1.10.1 (commit ccb8bc435062171e64bc8b7e5f56e6aed9c5b934)}}
[2026-04-12T06:24:34.070+0000] {subprocess.py:106} INFO - 26/04/12 06:24:34 INFO SparkWrite: Committed in 692 ms
[2026-04-12T06:24:34.072+0000] {subprocess.py:106} INFO - 26/04/12 06:24:34 INFO AppendDataExec: Data source write support IcebergBatchWrite(table=iceberg.air_quality_db.air_quality_silver, format=PARQUET) committed.
[2026-04-12T06:24:34.078+0000] {subprocess.py:106} INFO - 26/04/12 06:24:34 INFO MapPartitionsRDD: Removing RDD 112 from persistence list
[2026-04-12T06:24:34.088+0000] {subprocess.py:106} INFO - 26/04/12 06:24:34 INFO BlockManager: Removing RDD 112
[2026-04-12T06:24:34.103+0000] {subprocess.py:106} INFO - 26/04/12 06:24:34 INFO CheckpointFileManager: Writing atomically to hdfs://23133083thuyvan-master:9000/user/hive/checkpoints/air_quality_realtime/commits/9 using temp file hdfs://23133083thuyvan-master:9000/user/hive/checkpoints/air_quality_realtime/commits/.9.74cf0343-13be-40f7-91fd-5a2937d305f7.tmp
[2026-04-12T06:24:34.528+0000] {subprocess.py:106} INFO - 26/04/12 06:24:34 INFO CheckpointFileManager: Renamed temp file hdfs://23133083thuyvan-master:9000/user/hive/checkpoints/air_quality_realtime/commits/.9.74cf0343-13be-40f7-91fd-5a2937d305f7.tmp to hdfs://23133083thuyvan-master:9000/user/hive/checkpoints/air_quality_realtime/commits/9
[2026-04-12T06:24:34.530+0000] {subprocess.py:106} INFO - 26/04/12 06:24:34 INFO MicroBatchExecutionContext: Extracting source progress metrics for source=KafkaV2[Subscribe[weather-topic]] took duration_ms=0
[2026-04-12T06:24:34.530+0000] {subprocess.py:106} INFO - 26/04/12 06:24:34 INFO MicroBatchExecutionContext: Extracting sink progress metrics for sink=ForeachBatchSink took duration_ms=0
[2026-04-12T06:24:34.531+0000] {subprocess.py:106} INFO - 26/04/12 06:24:34 INFO ProgressReporter: Streaming query made progress: {
[2026-04-12T06:24:34.532+0000] {subprocess.py:106} INFO -   "id" : "97df26eb-363e-4a9d-81a0-5bee41c3e2e1",
[2026-04-12T06:24:34.533+0000] {subprocess.py:106} INFO -   "runId" : "f9a5a65f-487c-4ad7-9952-1960991ab62e",
[2026-04-12T06:24:34.533+0000] {subprocess.py:106} INFO -   "name" : null,
[2026-04-12T06:24:34.533+0000] {subprocess.py:106} INFO -   "timestamp" : "2026-04-12T06:24:30.001Z",
[2026-04-12T06:24:34.534+0000] {subprocess.py:106} INFO -   "batchId" : 9,
[2026-04-12T06:24:34.534+0000] {subprocess.py:106} INFO -   "batchDuration" : 4526,
[2026-04-12T06:24:34.535+0000] {subprocess.py:106} INFO -   "numInputRows" : 40,
[2026-04-12T06:24:34.535+0000] {subprocess.py:106} INFO -   "inputRowsPerSecond" : 1.3332888903703208,
[2026-04-12T06:24:34.535+0000] {subprocess.py:106} INFO -   "processedRowsPerSecond" : 8.837825894829873,
[2026-04-12T06:24:34.536+0000] {subprocess.py:106} INFO -   "durationMs" : {
[2026-04-12T06:24:34.536+0000] {subprocess.py:106} INFO -     "addBatch" : 3911,
[2026-04-12T06:24:34.536+0000] {subprocess.py:106} INFO -     "commitOffsets" : 444,
[2026-04-12T06:24:34.537+0000] {subprocess.py:106} INFO -     "getBatch" : 3,
[2026-04-12T06:24:34.537+0000] {subprocess.py:106} INFO -     "latestOffset" : 17,
[2026-04-12T06:24:34.537+0000] {subprocess.py:106} INFO -     "queryPlanning" : 51,
[2026-04-12T06:24:34.538+0000] {subprocess.py:106} INFO -     "triggerExecution" : 4526,
[2026-04-12T06:24:34.538+0000] {subprocess.py:106} INFO -     "walCommit" : 86
[2026-04-12T06:24:34.538+0000] {subprocess.py:106} INFO -   },
[2026-04-12T06:24:34.539+0000] {subprocess.py:106} INFO -   "stateOperators" : [ ],
[2026-04-12T06:24:34.539+0000] {subprocess.py:106} INFO -   "sources" : [ {
[2026-04-12T06:24:34.539+0000] {subprocess.py:106} INFO -     "description" : "KafkaV2[Subscribe[weather-topic]]",
[2026-04-12T06:24:34.539+0000] {subprocess.py:106} INFO -     "startOffset" : {
[2026-04-12T06:24:34.540+0000] {subprocess.py:106} INFO -       "weather-topic" : {
[2026-04-12T06:24:34.540+0000] {subprocess.py:106} INFO -         "0" : 133,
[2026-04-12T06:24:34.540+0000] {subprocess.py:106} INFO -         "1" : 138,
[2026-04-12T06:24:34.541+0000] {subprocess.py:106} INFO -         "2" : 129
[2026-04-12T06:24:34.541+0000] {subprocess.py:106} INFO -       }
[2026-04-12T06:24:34.541+0000] {subprocess.py:106} INFO -     },
[2026-04-12T06:24:34.542+0000] {subprocess.py:106} INFO -     "endOffset" : {
[2026-04-12T06:24:34.542+0000] {subprocess.py:106} INFO -       "weather-topic" : {
[2026-04-12T06:24:34.542+0000] {subprocess.py:106} INFO -         "0" : 139,
[2026-04-12T06:24:34.543+0000] {subprocess.py:106} INFO -         "1" : 144,
[2026-04-12T06:24:34.543+0000] {subprocess.py:106} INFO -         "2" : 137
[2026-04-12T06:24:34.543+0000] {subprocess.py:106} INFO -       }
[2026-04-12T06:24:34.544+0000] {subprocess.py:106} INFO -     },
[2026-04-12T06:24:34.544+0000] {subprocess.py:106} INFO -     "latestOffset" : {
[2026-04-12T06:24:34.544+0000] {subprocess.py:106} INFO -       "weather-topic" : {
[2026-04-12T06:24:34.545+0000] {subprocess.py:106} INFO -         "0" : 139,
[2026-04-12T06:24:34.545+0000] {subprocess.py:106} INFO -         "1" : 144,
[2026-04-12T06:24:34.545+0000] {subprocess.py:106} INFO -         "2" : 137
[2026-04-12T06:24:34.546+0000] {subprocess.py:106} INFO -       }
[2026-04-12T06:24:34.546+0000] {subprocess.py:106} INFO -     },
[2026-04-12T06:24:34.546+0000] {subprocess.py:106} INFO -     "numInputRows" : 40,
[2026-04-12T06:24:34.547+0000] {subprocess.py:106} INFO -     "inputRowsPerSecond" : 1.3332888903703208,
[2026-04-12T06:24:34.547+0000] {subprocess.py:106} INFO -     "processedRowsPerSecond" : 8.837825894829873,
[2026-04-12T06:24:34.547+0000] {subprocess.py:106} INFO -     "metrics" : {
[2026-04-12T06:24:34.548+0000] {subprocess.py:106} INFO -       "avgOffsetsBehindLatest" : "0.0",
[2026-04-12T06:24:34.548+0000] {subprocess.py:106} INFO -       "maxOffsetsBehindLatest" : "0",
[2026-04-12T06:24:34.548+0000] {subprocess.py:106} INFO -       "minOffsetsBehindLatest" : "0"
[2026-04-12T06:24:34.549+0000] {subprocess.py:106} INFO -     }
[2026-04-12T06:24:34.549+0000] {subprocess.py:106} INFO -   } ],
[2026-04-12T06:24:34.549+0000] {subprocess.py:106} INFO -   "sink" : {
[2026-04-12T06:24:34.549+0000] {subprocess.py:106} INFO -     "description" : "ForeachBatchSink",
[2026-04-12T06:24:34.550+0000] {subprocess.py:106} INFO -     "numOutputRows" : -1
[2026-04-12T06:24:34.550+0000] {subprocess.py:106} INFO -   }
[2026-04-12T06:24:34.550+0000] {subprocess.py:106} INFO - }
[2026-04-12T06:25:00.012+0000] {subprocess.py:106} INFO - 26/04/12 06:25:00 INFO MicroBatchExecutionContext: Extracting source progress metrics for source=KafkaV2[Subscribe[weather-topic]] took duration_ms=0
[2026-04-12T06:25:00.013+0000] {subprocess.py:106} INFO - 26/04/12 06:25:00 INFO MicroBatchExecutionContext: Extracting sink progress metrics for sink=ForeachBatchSink took duration_ms=0
[2026-04-12T06:25:00.013+0000] {subprocess.py:106} INFO - 26/04/12 06:25:00 INFO ProgressReporter: Streaming query has been idle and waiting for new data more than 10000 ms.
[2026-04-12T06:25:30.013+0000] {subprocess.py:106} INFO - 26/04/12 06:25:30 INFO MicroBatchExecutionContext: Extracting source progress metrics for source=KafkaV2[Subscribe[weather-topic]] took duration_ms=0
[2026-04-12T06:25:30.013+0000] {subprocess.py:106} INFO - 26/04/12 06:25:30 INFO MicroBatchExecutionContext: Extracting sink progress metrics for sink=ForeachBatchSink took duration_ms=0
[2026-04-12T06:25:30.015+0000] {subprocess.py:106} INFO - 26/04/12 06:25:30 INFO ProgressReporter: Streaming query has been idle and waiting for new data more than 10000 ms.
[2026-04-12T06:26:00.023+0000] {subprocess.py:106} INFO - 26/04/12 06:26:00 INFO MicroBatchExecutionContext: Extracting source progress metrics for source=KafkaV2[Subscribe[weather-topic]] took duration_ms=0
[2026-04-12T06:26:00.024+0000] {subprocess.py:106} INFO - 26/04/12 06:26:00 INFO MicroBatchExecutionContext: Extracting sink progress metrics for sink=ForeachBatchSink took duration_ms=0
[2026-04-12T06:26:00.026+0000] {subprocess.py:106} INFO - 26/04/12 06:26:00 INFO ProgressReporter: Streaming query has been idle and waiting for new data more than 10000 ms.
[2026-04-12T06:26:30.024+0000] {subprocess.py:106} INFO - 26/04/12 06:26:30 INFO CheckpointFileManager: Writing atomically to hdfs://23133083thuyvan-master:9000/user/hive/checkpoints/air_quality_realtime/offsets/10 using temp file hdfs://23133083thuyvan-master:9000/user/hive/checkpoints/air_quality_realtime/offsets/.10.fac56017-dcbc-4ed7-b215-a981c9bce68d.tmp
[2026-04-12T06:26:30.046+0000] {subprocess.py:106} INFO - 26/04/12 06:26:30 INFO CheckpointFileManager: Renamed temp file hdfs://23133083thuyvan-master:9000/user/hive/checkpoints/air_quality_realtime/offsets/.10.fac56017-dcbc-4ed7-b215-a981c9bce68d.tmp to hdfs://23133083thuyvan-master:9000/user/hive/checkpoints/air_quality_realtime/offsets/10
[2026-04-12T06:26:30.047+0000] {subprocess.py:106} INFO - 26/04/12 06:26:30 INFO MicroBatchExecution: Committed offsets for batch 10. Metadata OffsetSeqMetadata(0,1775975190009,HashMap(spark.sql.streaming.stateStore.providerClass -> org.apache.spark.sql.execution.streaming.state.HDFSBackedStateStoreProvider, spark.sql.streaming.stateStore.rocksdb.formatVersion -> 5, spark.sql.streaming.stateStore.encodingFormat -> unsaferow, spark.sql.streaming.statefulOperator.useStrictDistribution -> true, spark.sql.streaming.flatMapGroupsWithState.stateFormatVersion -> 2, spark.sql.streaming.multipleWatermarkPolicy -> min, spark.sql.streaming.aggregation.stateFormatVersion -> 2, spark.sql.shuffle.partitions -> 50, spark.sql.streaming.join.stateFormatVersion -> 2, spark.sql.streaming.stateStore.compression.codec -> lz4, spark.sql.optimizer.pruneFiltersCanPruneStreamingSubplan -> false))
[2026-04-12T06:26:30.069+0000] {subprocess.py:106} INFO - 26/04/12 06:26:30 INFO IncrementalExecution: Current batch timestamp = 1775975190009
[2026-04-12T06:26:30.091+0000] {subprocess.py:106} INFO - 26/04/12 06:26:30 INFO IncrementalExecution: Current batch timestamp = 1775975190009
[2026-04-12T06:26:30.133+0000] {subprocess.py:106} INFO - 26/04/12 06:26:30 INFO CodeGenerator: Code generated in 23.799577 ms
[2026-04-12T06:26:30.134+0000] {subprocess.py:106} INFO - 26/04/12 06:26:30 INFO KafkaOffsetReaderAdmin: Partitions added: Map()
[2026-04-12T06:26:30.190+0000] {subprocess.py:106} INFO - 26/04/12 06:26:30 INFO SparkContext: Starting job: start at NativeMethodAccessorImpl.java:0
[2026-04-12T06:26:30.193+0000] {subprocess.py:106} INFO - 26/04/12 06:26:30 INFO DAGScheduler: Registering RDD 131 (start at NativeMethodAccessorImpl.java:0) as input to shuffle 5
[2026-04-12T06:26:30.193+0000] {subprocess.py:106} INFO - 26/04/12 06:26:30 INFO DAGScheduler: Got job 20 (start at NativeMethodAccessorImpl.java:0) with 1 output partitions
[2026-04-12T06:26:30.194+0000] {subprocess.py:106} INFO - 26/04/12 06:26:30 INFO DAGScheduler: Final stage: ResultStage 26 (start at NativeMethodAccessorImpl.java:0)
[2026-04-12T06:26:30.194+0000] {subprocess.py:106} INFO - 26/04/12 06:26:30 INFO DAGScheduler: Parents of final stage: List(ShuffleMapStage 25)
[2026-04-12T06:26:30.195+0000] {subprocess.py:106} INFO - 26/04/12 06:26:30 INFO DAGScheduler: Missing parents: List(ShuffleMapStage 25)
[2026-04-12T06:26:30.195+0000] {subprocess.py:106} INFO - 26/04/12 06:26:30 INFO DAGScheduler: Submitting ShuffleMapStage 25 (MapPartitionsRDD[131] at start at NativeMethodAccessorImpl.java:0), which has no missing parents
[2026-04-12T06:26:30.196+0000] {subprocess.py:106} INFO - 26/04/12 06:26:30 INFO MemoryStore: Block broadcast_45 stored as values in memory (estimated size 43.0 KiB, free 1044.4 MiB)
[2026-04-12T06:26:30.198+0000] {subprocess.py:106} INFO - 26/04/12 06:26:30 INFO MemoryStore: Block broadcast_45_piece0 stored as bytes in memory (estimated size 16.4 KiB, free 1044.4 MiB)
[2026-04-12T06:26:30.200+0000] {subprocess.py:106} INFO - 26/04/12 06:26:30 INFO SparkContext: Created broadcast 45 from broadcast at DAGScheduler.scala:1676
[2026-04-12T06:26:30.201+0000] {subprocess.py:106} INFO - 26/04/12 06:26:30 INFO DAGScheduler: Submitting 3 missing tasks from ShuffleMapStage 25 (MapPartitionsRDD[131] at start at NativeMethodAccessorImpl.java:0) (first 15 tasks are for partitions Vector(0, 1, 2))
[2026-04-12T06:26:30.201+0000] {subprocess.py:106} INFO - 26/04/12 06:26:30 INFO TaskSchedulerImpl: Adding task set 25.0 with 3 tasks resource profile 0
[2026-04-12T06:26:30.202+0000] {subprocess.py:106} INFO - 26/04/12 06:26:30 INFO TaskSetManager: Starting task 0.0 in stage 25.0 (TID 86) (spark-master,executor driver, partition 0, PROCESS_LOCAL, 13492 bytes)
[2026-04-12T06:26:30.203+0000] {subprocess.py:106} INFO - 26/04/12 06:26:30 INFO TaskSetManager: Starting task 1.0 in stage 25.0 (TID 87) (spark-master,executor driver, partition 1, PROCESS_LOCAL, 13492 bytes)
[2026-04-12T06:26:30.207+0000] {subprocess.py:106} INFO - 26/04/12 06:26:30 INFO TaskSetManager: Starting task 2.0 in stage 25.0 (TID 88) (spark-master,executor driver, partition 2, PROCESS_LOCAL, 13492 bytes)
[2026-04-12T06:26:30.208+0000] {subprocess.py:106} INFO - 26/04/12 06:26:30 INFO Executor: Running task 0.0 in stage 25.0 (TID 86)
[2026-04-12T06:26:30.209+0000] {subprocess.py:106} INFO - 26/04/12 06:26:30 INFO Executor: Running task 1.0 in stage 25.0 (TID 87)
[2026-04-12T06:26:30.209+0000] {subprocess.py:106} INFO - 26/04/12 06:26:30 INFO Executor: Running task 2.0 in stage 25.0 (TID 88)
[2026-04-12T06:26:30.230+0000] {subprocess.py:106} INFO - 26/04/12 06:26:30 INFO CodeGenerator: Code generated in 17.794203 ms
[2026-04-12T06:26:30.232+0000] {subprocess.py:106} INFO - 26/04/12 06:26:30 INFO KafkaBatchReaderFactory: Creating Kafka reader topicPartition=weather-topic-0 fromOffset=139} untilOffset=148, for query queryId=97df26eb-363e-4a9d-81a0-5bee41c3e2e1 batchId=10 taskId=88 partitionId=2
[2026-04-12T06:26:30.236+0000] {subprocess.py:106} INFO - 26/04/12 06:26:30 INFO KafkaBatchReaderFactory: Creating Kafka reader topicPartition=weather-topic-2 fromOffset=137} untilOffset=145, for query queryId=97df26eb-363e-4a9d-81a0-5bee41c3e2e1 batchId=10 taskId=86 partitionId=0
[2026-04-12T06:26:30.236+0000] {subprocess.py:106} INFO - 26/04/12 06:26:30 INFO KafkaBatchReaderFactory: Creating Kafka reader topicPartition=weather-topic-1 fromOffset=144} untilOffset=147, for query queryId=97df26eb-363e-4a9d-81a0-5bee41c3e2e1 batchId=10 taskId=87 partitionId=1
[2026-04-12T06:26:30.238+0000] {subprocess.py:106} INFO - 26/04/12 06:26:30 INFO ClassicKafkaConsumer: [Consumer clientId=consumer-spark-kafka-source-979b0fad-c3f5-47c4-b708-f769449d314b--983882313-executor-2, groupId=spark-kafka-source-979b0fad-c3f5-47c4-b708-f769449d314b--983882313-executor] Seeking to offset 144 for partition weather-topic-1
[2026-04-12T06:26:30.239+0000] {subprocess.py:106} INFO - 26/04/12 06:26:30 INFO ClassicKafkaConsumer: [Consumer clientId=consumer-spark-kafka-source-979b0fad-c3f5-47c4-b708-f769449d314b--983882313-executor-3, groupId=spark-kafka-source-979b0fad-c3f5-47c4-b708-f769449d314b--983882313-executor] Seeking to offset 139 for partition weather-topic-0
[2026-04-12T06:26:30.240+0000] {subprocess.py:106} INFO - 26/04/12 06:26:30 INFO ClassicKafkaConsumer: [Consumer clientId=consumer-spark-kafka-source-979b0fad-c3f5-47c4-b708-f769449d314b--983882313-executor-1, groupId=spark-kafka-source-979b0fad-c3f5-47c4-b708-f769449d314b--983882313-executor] Seeking to offset 137 for partition weather-topic-2
[2026-04-12T06:26:30.244+0000] {subprocess.py:106} INFO - 26/04/12 06:26:30 INFO SubscriptionState: [Consumer clientId=consumer-spark-kafka-source-979b0fad-c3f5-47c4-b708-f769449d314b--983882313-executor-2, groupId=spark-kafka-source-979b0fad-c3f5-47c4-b708-f769449d314b--983882313-executor] Seeking to earliest offset of partition weather-topic-1
[2026-04-12T06:26:30.244+0000] {subprocess.py:106} INFO - 26/04/12 06:26:30 INFO SubscriptionState: [Consumer clientId=consumer-spark-kafka-source-979b0fad-c3f5-47c4-b708-f769449d314b--983882313-executor-3, groupId=spark-kafka-source-979b0fad-c3f5-47c4-b708-f769449d314b--983882313-executor] Seeking to earliest offset of partition weather-topic-0
[2026-04-12T06:26:30.244+0000] {subprocess.py:106} INFO - 26/04/12 06:26:30 INFO SubscriptionState: [Consumer clientId=consumer-spark-kafka-source-979b0fad-c3f5-47c4-b708-f769449d314b--983882313-executor-1, groupId=spark-kafka-source-979b0fad-c3f5-47c4-b708-f769449d314b--983882313-executor] Seeking to earliest offset of partition weather-topic-2
[2026-04-12T06:26:30.746+0000] {subprocess.py:106} INFO - 26/04/12 06:26:30 INFO SubscriptionState: [Consumer clientId=consumer-spark-kafka-source-979b0fad-c3f5-47c4-b708-f769449d314b--983882313-executor-2, groupId=spark-kafka-source-979b0fad-c3f5-47c4-b708-f769449d314b--983882313-executor] Resetting offset for partition weather-topic-1 to position FetchPosition{offset=0, offsetEpoch=Optional.empty, currentLeader=LeaderAndEpoch{leader=Optional[kafka:9092 (id: 1 rack: null)], epoch=0}}.
[2026-04-12T06:26:30.747+0000] {subprocess.py:106} INFO - 26/04/12 06:26:30 INFO SubscriptionState: [Consumer clientId=consumer-spark-kafka-source-979b0fad-c3f5-47c4-b708-f769449d314b--983882313-executor-2, groupId=spark-kafka-source-979b0fad-c3f5-47c4-b708-f769449d314b--983882313-executor] Seeking to latest offset of partition weather-topic-1
[2026-04-12T06:26:30.748+0000] {subprocess.py:106} INFO - 26/04/12 06:26:30 INFO SubscriptionState: [Consumer clientId=consumer-spark-kafka-source-979b0fad-c3f5-47c4-b708-f769449d314b--983882313-executor-1, groupId=spark-kafka-source-979b0fad-c3f5-47c4-b708-f769449d314b--983882313-executor] Resetting offset for partition weather-topic-2 to position FetchPosition{offset=0, offsetEpoch=Optional.empty, currentLeader=LeaderAndEpoch{leader=Optional[kafka:9092 (id: 1 rack: null)], epoch=0}}.
[2026-04-12T06:26:30.749+0000] {subprocess.py:106} INFO - 26/04/12 06:26:30 INFO SubscriptionState: [Consumer clientId=consumer-spark-kafka-source-979b0fad-c3f5-47c4-b708-f769449d314b--983882313-executor-1, groupId=spark-kafka-source-979b0fad-c3f5-47c4-b708-f769449d314b--983882313-executor] Seeking to latest offset of partition weather-topic-2
[2026-04-12T06:26:30.750+0000] {subprocess.py:106} INFO - 26/04/12 06:26:30 INFO SubscriptionState: [Consumer clientId=consumer-spark-kafka-source-979b0fad-c3f5-47c4-b708-f769449d314b--983882313-executor-2, groupId=spark-kafka-source-979b0fad-c3f5-47c4-b708-f769449d314b--983882313-executor] Resetting offset for partition weather-topic-1 to position FetchPosition{offset=147, offsetEpoch=Optional.empty, currentLeader=LeaderAndEpoch{leader=Optional[kafka:9092 (id: 1 rack: null)], epoch=0}}.
[2026-04-12T06:26:30.750+0000] {subprocess.py:106} INFO - 26/04/12 06:26:30 INFO SubscriptionState: [Consumer clientId=consumer-spark-kafka-source-979b0fad-c3f5-47c4-b708-f769449d314b--983882313-executor-3, groupId=spark-kafka-source-979b0fad-c3f5-47c4-b708-f769449d314b--983882313-executor] Resetting offset for partition weather-topic-0 to position FetchPosition{offset=0, offsetEpoch=Optional.empty, currentLeader=LeaderAndEpoch{leader=Optional[kafka:9092 (id: 1 rack: null)], epoch=0}}.
[2026-04-12T06:26:30.751+0000] {subprocess.py:106} INFO - 26/04/12 06:26:30 INFO SubscriptionState: [Consumer clientId=consumer-spark-kafka-source-979b0fad-c3f5-47c4-b708-f769449d314b--983882313-executor-3, groupId=spark-kafka-source-979b0fad-c3f5-47c4-b708-f769449d314b--983882313-executor] Seeking to latest offset of partition weather-topic-0
[2026-04-12T06:26:30.751+0000] {subprocess.py:106} INFO - 26/04/12 06:26:30 INFO SubscriptionState: [Consumer clientId=consumer-spark-kafka-source-979b0fad-c3f5-47c4-b708-f769449d314b--983882313-executor-1, groupId=spark-kafka-source-979b0fad-c3f5-47c4-b708-f769449d314b--983882313-executor] Resetting offset for partition weather-topic-2 to position FetchPosition{offset=145, offsetEpoch=Optional.empty, currentLeader=LeaderAndEpoch{leader=Optional[kafka:9092 (id: 1 rack: null)], epoch=0}}.
[2026-04-12T06:26:30.752+0000] {subprocess.py:106} INFO - 26/04/12 06:26:30 INFO SubscriptionState: [Consumer clientId=consumer-spark-kafka-source-979b0fad-c3f5-47c4-b708-f769449d314b--983882313-executor-3, groupId=spark-kafka-source-979b0fad-c3f5-47c4-b708-f769449d314b--983882313-executor] Resetting offset for partition weather-topic-0 to position FetchPosition{offset=148, offsetEpoch=Optional.empty, currentLeader=LeaderAndEpoch{leader=Optional[kafka:9092 (id: 1 rack: null)], epoch=0}}.
[2026-04-12T06:26:30.754+0000] {subprocess.py:106} INFO - 26/04/12 06:26:30 INFO KafkaDataConsumer: From Kafka topicPartition=weather-topic-1 groupId=spark-kafka-source-979b0fad-c3f5-47c4-b708-f769449d314b--983882313-executor read 3 records through 1 polls (polled out 3 records), taking 510.43195 ms, during time span of 516.323614 ms.
[2026-04-12T06:26:30.756+0000] {subprocess.py:106} INFO - 26/04/12 06:26:30 INFO KafkaDataConsumer: From Kafka topicPartition=weather-topic-2 groupId=spark-kafka-source-979b0fad-c3f5-47c4-b708-f769449d314b--983882313-executor read 8 records through 1 polls (polled out 8 records), taking 511.430929 ms, during time span of 516.485128 ms.
[2026-04-12T06:26:30.757+0000] {subprocess.py:106} INFO - 26/04/12 06:26:30 INFO KafkaDataConsumer: From Kafka topicPartition=weather-topic-0 groupId=spark-kafka-source-979b0fad-c3f5-47c4-b708-f769449d314b--983882313-executor read 9 records through 1 polls (polled out 9 records), taking 512.867443 ms, during time span of 516.914061 ms.
[2026-04-12T06:26:30.757+0000] {subprocess.py:106} INFO - 26/04/12 06:26:30 INFO Executor: Finished task 1.0 in stage 25.0 (TID 87). 2296 bytes result sent to driver
[2026-04-12T06:26:30.758+0000] {subprocess.py:106} INFO - 26/04/12 06:26:30 INFO Executor: Finished task 2.0 in stage 25.0 (TID 88). 2296 bytes result sent to driver
[2026-04-12T06:26:30.759+0000] {subprocess.py:106} INFO - 26/04/12 06:26:30 INFO Executor: Finished task 0.0 in stage 25.0 (TID 86). 2296 bytes result sent to driver
[2026-04-12T06:26:30.759+0000] {subprocess.py:106} INFO - 26/04/12 06:26:30 INFO TaskSetManager: Finished task 0.0 in stage 25.0 (TID 86) in 554 ms on spark-master (executor driver) (1/3)
[2026-04-12T06:26:30.760+0000] {subprocess.py:106} INFO - 26/04/12 06:26:30 INFO TaskSetManager: Finished task 2.0 in stage 25.0 (TID 88) in 554 ms on spark-master (executor driver) (2/3)
[2026-04-12T06:26:30.760+0000] {subprocess.py:106} INFO - 26/04/12 06:26:30 INFO TaskSetManager: Finished task 1.0 in stage 25.0 (TID 87) in 554 ms on spark-master (executor driver) (3/3)
[2026-04-12T06:26:30.761+0000] {subprocess.py:106} INFO - 26/04/12 06:26:30 INFO TaskSchedulerImpl: Removed TaskSet 25.0 whose tasks have all completed, from pool
[2026-04-12T06:26:30.761+0000] {subprocess.py:106} INFO - 26/04/12 06:26:30 INFO DAGScheduler: ShuffleMapStage 25 (start at NativeMethodAccessorImpl.java:0) finished in 565 ms
[2026-04-12T06:26:30.762+0000] {subprocess.py:106} INFO - 26/04/12 06:26:30 INFO DAGScheduler: looking for newly runnable stages
[2026-04-12T06:26:30.762+0000] {subprocess.py:106} INFO - 26/04/12 06:26:30 INFO DAGScheduler: running: HashSet()
[2026-04-12T06:26:30.762+0000] {subprocess.py:106} INFO - 26/04/12 06:26:30 INFO DAGScheduler: waiting: HashSet(ResultStage 26)
[2026-04-12T06:26:30.763+0000] {subprocess.py:106} INFO - 26/04/12 06:26:30 INFO DAGScheduler: failed: HashSet()
[2026-04-12T06:26:30.763+0000] {subprocess.py:106} INFO - 26/04/12 06:26:30 INFO DAGScheduler: Submitting ResultStage 26 (MapPartitionsRDD[134] at start at NativeMethodAccessorImpl.java:0), which has no missing parents
[2026-04-12T06:26:30.763+0000] {subprocess.py:106} INFO - 26/04/12 06:26:30 INFO MemoryStore: Block broadcast_46 stored as values in memory (estimated size 13.6 KiB, free 1044.4 MiB)
[2026-04-12T06:26:30.764+0000] {subprocess.py:106} INFO - 26/04/12 06:26:30 INFO MemoryStore: Block broadcast_46_piece0 stored as bytes in memory (estimated size 6.5 KiB, free 1044.4 MiB)
[2026-04-12T06:26:30.764+0000] {subprocess.py:106} INFO - 26/04/12 06:26:30 INFO SparkContext: Created broadcast 46 from broadcast at DAGScheduler.scala:1676
[2026-04-12T06:26:30.765+0000] {subprocess.py:106} INFO - 26/04/12 06:26:30 INFO DAGScheduler: Submitting 1 missing tasks from ResultStage 26 (MapPartitionsRDD[134] at start at NativeMethodAccessorImpl.java:0) (first 15 tasks are for partitions Vector(0))
[2026-04-12T06:26:30.765+0000] {subprocess.py:106} INFO - 26/04/12 06:26:30 INFO TaskSchedulerImpl: Adding task set 26.0 with 1 tasks resource profile 0
[2026-04-12T06:26:30.766+0000] {subprocess.py:106} INFO - 26/04/12 06:26:30 INFO TaskSetManager: Starting task 0.0 in stage 26.0 (TID 89) (spark-master,executor driver, partition 0, NODE_LOCAL, 12446 bytes)
[2026-04-12T06:26:30.766+0000] {subprocess.py:106} INFO - 26/04/12 06:26:30 INFO Executor: Running task 0.0 in stage 26.0 (TID 89)
[2026-04-12T06:26:30.768+0000] {subprocess.py:106} INFO - 26/04/12 06:26:30 INFO ShuffleBlockFetcherIterator: Getting 3 (180.0 B) non-empty blocks including 3 (180.0 B) local and 0 (0.0 B) host-local and 0 (0.0 B) push-merged-local and 0 (0.0 B) remote blocks
[2026-04-12T06:26:30.769+0000] {subprocess.py:106} INFO - 26/04/12 06:26:30 INFO ShuffleBlockFetcherIterator: Started 0 remote fetches in 0 ms
[2026-04-12T06:26:30.773+0000] {subprocess.py:106} INFO - 26/04/12 06:26:30 INFO Executor: Finished task 0.0 in stage 26.0 (TID 89). 3895 bytes result sent to driver
[2026-04-12T06:26:30.773+0000] {subprocess.py:106} INFO - 26/04/12 06:26:30 INFO TaskSetManager: Finished task 0.0 in stage 26.0 (TID 89) in 7 ms on spark-master (executor driver) (1/1)
[2026-04-12T06:26:30.774+0000] {subprocess.py:106} INFO - 26/04/12 06:26:30 INFO TaskSchedulerImpl: Removed TaskSet 26.0 whose tasks have all completed, from pool
[2026-04-12T06:26:30.774+0000] {subprocess.py:106} INFO - 26/04/12 06:26:30 INFO DAGScheduler: ResultStage 26 (start at NativeMethodAccessorImpl.java:0) finished in 13 ms
[2026-04-12T06:26:30.775+0000] {subprocess.py:106} INFO - 26/04/12 06:26:30 INFO DAGScheduler: Job 20 is finished. Cancelling potential speculative or zombie tasks for this job
[2026-04-12T06:26:30.775+0000] {subprocess.py:106} INFO - 26/04/12 06:26:30 INFO TaskSchedulerImpl: Canceling stage 26
[2026-04-12T06:26:30.775+0000] {subprocess.py:106} INFO - 26/04/12 06:26:30 INFO TaskSchedulerImpl: Killing all running tasks in stage 26: Stage finished
[2026-04-12T06:26:30.776+0000] {subprocess.py:106} INFO - 26/04/12 06:26:30 INFO DAGScheduler: Job 20 finished: start at NativeMethodAccessorImpl.java:0, took 583.259393 ms
[2026-04-12T06:26:30.798+0000] {subprocess.py:106} INFO - 26/04/12 06:26:30 INFO ParquetUtils: Using default output committer for Parquet: org.apache.parquet.hadoop.ParquetOutputCommitter
[2026-04-12T06:26:30.800+0000] {subprocess.py:106} INFO - 26/04/12 06:26:30 INFO FileOutputCommitter: File Output Committer Algorithm version is 1
[2026-04-12T06:26:30.800+0000] {subprocess.py:106} INFO - 26/04/12 06:26:30 INFO FileOutputCommitter: FileOutputCommitter skip cleanup _temporary folders under output directory:false, ignore cleanup failures: false
[2026-04-12T06:26:30.801+0000] {subprocess.py:106} INFO - 26/04/12 06:26:30 INFO SQLHadoopMapReduceCommitProtocol: Using user defined output committer class org.apache.parquet.hadoop.ParquetOutputCommitter
[2026-04-12T06:26:30.802+0000] {subprocess.py:106} INFO - 26/04/12 06:26:30 INFO FileOutputCommitter: File Output Committer Algorithm version is 1
[2026-04-12T06:26:30.802+0000] {subprocess.py:106} INFO - 26/04/12 06:26:30 INFO FileOutputCommitter: FileOutputCommitter skip cleanup _temporary folders under output directory:false, ignore cleanup failures: false
[2026-04-12T06:26:30.803+0000] {subprocess.py:106} INFO - 26/04/12 06:26:30 INFO SQLHadoopMapReduceCommitProtocol: Using output committer class org.apache.parquet.hadoop.ParquetOutputCommitter
[2026-04-12T06:26:30.815+0000] {subprocess.py:106} INFO - 26/04/12 06:26:30 INFO SparkContext: Starting job: start at NativeMethodAccessorImpl.java:0
[2026-04-12T06:26:30.821+0000] {subprocess.py:106} INFO - 26/04/12 06:26:30 INFO DAGScheduler: Got job 21 (start at NativeMethodAccessorImpl.java:0) with 3 output partitions
[2026-04-12T06:26:30.822+0000] {subprocess.py:106} INFO - 26/04/12 06:26:30 INFO DAGScheduler: Final stage: ResultStage 27 (start at NativeMethodAccessorImpl.java:0)
[2026-04-12T06:26:30.822+0000] {subprocess.py:106} INFO - 26/04/12 06:26:30 INFO DAGScheduler: Parents of final stage: List()
[2026-04-12T06:26:30.823+0000] {subprocess.py:106} INFO - 26/04/12 06:26:30 INFO DAGScheduler: Missing parents: List()
[2026-04-12T06:26:30.823+0000] {subprocess.py:106} INFO - 26/04/12 06:26:30 INFO DAGScheduler: Submitting ResultStage 27 (MapPartitionsRDD[141] at start at NativeMethodAccessorImpl.java:0), which has no missing parents
[2026-04-12T06:26:30.839+0000] {subprocess.py:106} INFO - 26/04/12 06:26:30 INFO MemoryStore: Block broadcast_47 stored as values in memory (estimated size 298.8 KiB, free 1044.1 MiB)
[2026-04-12T06:26:30.842+0000] {subprocess.py:106} INFO - 26/04/12 06:26:30 INFO MemoryStore: Block broadcast_47_piece0 stored as bytes in memory (estimated size 105.8 KiB, free 1044.0 MiB)
[2026-04-12T06:26:30.843+0000] {subprocess.py:106} INFO - 26/04/12 06:26:30 INFO SparkContext: Created broadcast 47 from broadcast at DAGScheduler.scala:1676
[2026-04-12T06:26:30.843+0000] {subprocess.py:106} INFO - 26/04/12 06:26:30 INFO DAGScheduler: Submitting 3 missing tasks from ResultStage 27 (MapPartitionsRDD[141] at start at NativeMethodAccessorImpl.java:0) (first 15 tasks are for partitions Vector(0, 1, 2))
[2026-04-12T06:26:30.844+0000] {subprocess.py:106} INFO - 26/04/12 06:26:30 INFO TaskSchedulerImpl: Adding task set 27.0 with 3 tasks resource profile 0
[2026-04-12T06:26:30.844+0000] {subprocess.py:106} INFO - 26/04/12 06:26:30 INFO TaskSetManager: Starting task 0.0 in stage 27.0 (TID 90) (spark-master,executor driver, partition 0, PROCESS_LOCAL, 13503 bytes)
[2026-04-12T06:26:30.845+0000] {subprocess.py:106} INFO - 26/04/12 06:26:30 INFO TaskSetManager: Starting task 1.0 in stage 27.0 (TID 91) (spark-master,executor driver, partition 1, PROCESS_LOCAL, 13503 bytes)
[2026-04-12T06:26:30.846+0000] {subprocess.py:106} INFO - 26/04/12 06:26:30 INFO TaskSetManager: Starting task 2.0 in stage 27.0 (TID 92) (spark-master,executor driver, partition 2, PROCESS_LOCAL, 13503 bytes)
[2026-04-12T06:26:30.850+0000] {subprocess.py:106} INFO - 26/04/12 06:26:30 INFO Executor: Running task 0.0 in stage 27.0 (TID 90)
[2026-04-12T06:26:30.851+0000] {subprocess.py:106} INFO - 26/04/12 06:26:30 INFO Executor: Running task 2.0 in stage 27.0 (TID 92)
[2026-04-12T06:26:30.851+0000] {subprocess.py:106} INFO - 26/04/12 06:26:30 INFO Executor: Running task 1.0 in stage 27.0 (TID 91)
[2026-04-12T06:26:30.884+0000] {subprocess.py:106} INFO - 26/04/12 06:26:30 INFO KafkaBatchReaderFactory: Creating Kafka reader topicPartition=weather-topic-0 fromOffset=139} untilOffset=148, for query queryId=97df26eb-363e-4a9d-81a0-5bee41c3e2e1 batchId=10 taskId=92 partitionId=2
[2026-04-12T06:26:30.888+0000] {subprocess.py:106} INFO - 26/04/12 06:26:30 INFO KafkaBatchReaderFactory: Creating Kafka reader topicPartition=weather-topic-2 fromOffset=137} untilOffset=145, for query queryId=97df26eb-363e-4a9d-81a0-5bee41c3e2e1 batchId=10 taskId=90 partitionId=0
[2026-04-12T06:26:30.889+0000] {subprocess.py:106} INFO - 26/04/12 06:26:30 INFO KafkaBatchReaderFactory: Creating Kafka reader topicPartition=weather-topic-1 fromOffset=144} untilOffset=147, for query queryId=97df26eb-363e-4a9d-81a0-5bee41c3e2e1 batchId=10 taskId=91 partitionId=1
[2026-04-12T06:26:30.890+0000] {subprocess.py:106} INFO - 26/04/12 06:26:30 INFO ClassicKafkaConsumer: [Consumer clientId=consumer-spark-kafka-source-979b0fad-c3f5-47c4-b708-f769449d314b--983882313-executor-3, groupId=spark-kafka-source-979b0fad-c3f5-47c4-b708-f769449d314b--983882313-executor] Seeking to offset 139 for partition weather-topic-0
[2026-04-12T06:26:30.895+0000] {subprocess.py:106} INFO - 26/04/12 06:26:30 INFO ClassicKafkaConsumer: [Consumer clientId=consumer-spark-kafka-source-979b0fad-c3f5-47c4-b708-f769449d314b--983882313-executor-2, groupId=spark-kafka-source-979b0fad-c3f5-47c4-b708-f769449d314b--983882313-executor] Seeking to offset 144 for partition weather-topic-1
[2026-04-12T06:26:30.896+0000] {subprocess.py:106} INFO - 26/04/12 06:26:30 INFO ClassicKafkaConsumer: [Consumer clientId=consumer-spark-kafka-source-979b0fad-c3f5-47c4-b708-f769449d314b--983882313-executor-1, groupId=spark-kafka-source-979b0fad-c3f5-47c4-b708-f769449d314b--983882313-executor] Seeking to offset 137 for partition weather-topic-2
[2026-04-12T06:26:30.897+0000] {subprocess.py:106} INFO - 26/04/12 06:26:30 INFO SubscriptionState: [Consumer clientId=consumer-spark-kafka-source-979b0fad-c3f5-47c4-b708-f769449d314b--983882313-executor-3, groupId=spark-kafka-source-979b0fad-c3f5-47c4-b708-f769449d314b--983882313-executor] Seeking to earliest offset of partition weather-topic-0
[2026-04-12T06:26:30.899+0000] {subprocess.py:106} INFO - 26/04/12 06:26:30 INFO SubscriptionState: [Consumer clientId=consumer-spark-kafka-source-979b0fad-c3f5-47c4-b708-f769449d314b--983882313-executor-1, groupId=spark-kafka-source-979b0fad-c3f5-47c4-b708-f769449d314b--983882313-executor] Seeking to earliest offset of partition weather-topic-2
[2026-04-12T06:26:30.900+0000] {subprocess.py:106} INFO - 26/04/12 06:26:30 INFO SubscriptionState: [Consumer clientId=consumer-spark-kafka-source-979b0fad-c3f5-47c4-b708-f769449d314b--983882313-executor-2, groupId=spark-kafka-source-979b0fad-c3f5-47c4-b708-f769449d314b--983882313-executor] Seeking to earliest offset of partition weather-topic-1
[2026-04-12T06:26:31.399+0000] {subprocess.py:106} INFO - 26/04/12 06:26:31 INFO SubscriptionState: [Consumer clientId=consumer-spark-kafka-source-979b0fad-c3f5-47c4-b708-f769449d314b--983882313-executor-3, groupId=spark-kafka-source-979b0fad-c3f5-47c4-b708-f769449d314b--983882313-executor] Resetting offset for partition weather-topic-0 to position FetchPosition{offset=0, offsetEpoch=Optional.empty, currentLeader=LeaderAndEpoch{leader=Optional[kafka:9092 (id: 1 rack: null)], epoch=0}}.
[2026-04-12T06:26:31.400+0000] {subprocess.py:106} INFO - 26/04/12 06:26:31 INFO SubscriptionState: [Consumer clientId=consumer-spark-kafka-source-979b0fad-c3f5-47c4-b708-f769449d314b--983882313-executor-3, groupId=spark-kafka-source-979b0fad-c3f5-47c4-b708-f769449d314b--983882313-executor] Seeking to latest offset of partition weather-topic-0
[2026-04-12T06:26:31.401+0000] {subprocess.py:106} INFO - 26/04/12 06:26:31 INFO SubscriptionState: [Consumer clientId=consumer-spark-kafka-source-979b0fad-c3f5-47c4-b708-f769449d314b--983882313-executor-3, groupId=spark-kafka-source-979b0fad-c3f5-47c4-b708-f769449d314b--983882313-executor] Resetting offset for partition weather-topic-0 to position FetchPosition{offset=148, offsetEpoch=Optional.empty, currentLeader=LeaderAndEpoch{leader=Optional[kafka:9092 (id: 1 rack: null)], epoch=0}}.
[2026-04-12T06:26:31.403+0000] {subprocess.py:106} INFO - 26/04/12 06:26:31 INFO SubscriptionState: [Consumer clientId=consumer-spark-kafka-source-979b0fad-c3f5-47c4-b708-f769449d314b--983882313-executor-1, groupId=spark-kafka-source-979b0fad-c3f5-47c4-b708-f769449d314b--983882313-executor] Resetting offset for partition weather-topic-2 to position FetchPosition{offset=0, offsetEpoch=Optional.empty, currentLeader=LeaderAndEpoch{leader=Optional[kafka:9092 (id: 1 rack: null)], epoch=0}}.
[2026-04-12T06:26:31.404+0000] {subprocess.py:106} INFO - 26/04/12 06:26:31 INFO SubscriptionState: [Consumer clientId=consumer-spark-kafka-source-979b0fad-c3f5-47c4-b708-f769449d314b--983882313-executor-1, groupId=spark-kafka-source-979b0fad-c3f5-47c4-b708-f769449d314b--983882313-executor] Seeking to latest offset of partition weather-topic-2
[2026-04-12T06:26:31.405+0000] {subprocess.py:106} INFO - 26/04/12 06:26:31 INFO SubscriptionState: [Consumer clientId=consumer-spark-kafka-source-979b0fad-c3f5-47c4-b708-f769449d314b--983882313-executor-2, groupId=spark-kafka-source-979b0fad-c3f5-47c4-b708-f769449d314b--983882313-executor] Resetting offset for partition weather-topic-1 to position FetchPosition{offset=0, offsetEpoch=Optional.empty, currentLeader=LeaderAndEpoch{leader=Optional[kafka:9092 (id: 1 rack: null)], epoch=0}}.
[2026-04-12T06:26:31.406+0000] {subprocess.py:106} INFO - 26/04/12 06:26:31 INFO SubscriptionState: [Consumer clientId=consumer-spark-kafka-source-979b0fad-c3f5-47c4-b708-f769449d314b--983882313-executor-1, groupId=spark-kafka-source-979b0fad-c3f5-47c4-b708-f769449d314b--983882313-executor] Resetting offset for partition weather-topic-2 to position FetchPosition{offset=145, offsetEpoch=Optional.empty, currentLeader=LeaderAndEpoch{leader=Optional[kafka:9092 (id: 1 rack: null)], epoch=0}}.
[2026-04-12T06:26:31.406+0000] {subprocess.py:106} INFO - 26/04/12 06:26:31 INFO SubscriptionState: [Consumer clientId=consumer-spark-kafka-source-979b0fad-c3f5-47c4-b708-f769449d314b--983882313-executor-2, groupId=spark-kafka-source-979b0fad-c3f5-47c4-b708-f769449d314b--983882313-executor] Seeking to latest offset of partition weather-topic-1
[2026-04-12T06:26:31.407+0000] {subprocess.py:106} INFO - 26/04/12 06:26:31 INFO SubscriptionState: [Consumer clientId=consumer-spark-kafka-source-979b0fad-c3f5-47c4-b708-f769449d314b--983882313-executor-2, groupId=spark-kafka-source-979b0fad-c3f5-47c4-b708-f769449d314b--983882313-executor] Resetting offset for partition weather-topic-1 to position FetchPosition{offset=147, offsetEpoch=Optional.empty, currentLeader=LeaderAndEpoch{leader=Optional[kafka:9092 (id: 1 rack: null)], epoch=0}}.
[2026-04-12T06:26:31.409+0000] {subprocess.py:106} INFO - 26/04/12 06:26:31 INFO MemoryStore: Block rdd_137_2 stored as values in memory (estimated size 4.2 KiB, free 1044.0 MiB)
[2026-04-12T06:26:31.410+0000] {subprocess.py:106} INFO - 26/04/12 06:26:31 INFO MemoryStore: Block rdd_137_0 stored as values in memory (estimated size 4.1 KiB, free 1044.0 MiB)
[2026-04-12T06:26:31.410+0000] {subprocess.py:106} INFO - 26/04/12 06:26:31 INFO MemoryStore: Block rdd_137_1 stored as values in memory (estimated size 3.3 KiB, free 1044.0 MiB)
[2026-04-12T06:26:31.412+0000] {subprocess.py:106} INFO - 26/04/12 06:26:31 INFO FileOutputCommitter: File Output Committer Algorithm version is 1
[2026-04-12T06:26:31.413+0000] {subprocess.py:106} INFO - 26/04/12 06:26:31 INFO FileOutputCommitter: File Output Committer Algorithm version is 1
[2026-04-12T06:26:31.414+0000] {subprocess.py:106} INFO - 26/04/12 06:26:31 INFO FileOutputCommitter: FileOutputCommitter skip cleanup _temporary folders under output directory:false, ignore cleanup failures: false
[2026-04-12T06:26:31.417+0000] {subprocess.py:106} INFO - 26/04/12 06:26:31 INFO FileOutputCommitter: File Output Committer Algorithm version is 1
[2026-04-12T06:26:31.418+0000] {subprocess.py:106} INFO - 26/04/12 06:26:31 INFO FileOutputCommitter: FileOutputCommitter skip cleanup _temporary folders under output directory:false, ignore cleanup failures: false
[2026-04-12T06:26:31.419+0000] {subprocess.py:106} INFO - 26/04/12 06:26:31 INFO FileOutputCommitter: FileOutputCommitter skip cleanup _temporary folders under output directory:false, ignore cleanup failures: false
[2026-04-12T06:26:31.420+0000] {subprocess.py:106} INFO - 26/04/12 06:26:31 INFO SQLHadoopMapReduceCommitProtocol: Using user defined output committer class org.apache.parquet.hadoop.ParquetOutputCommitter
[2026-04-12T06:26:31.421+0000] {subprocess.py:106} INFO - 26/04/12 06:26:31 INFO SQLHadoopMapReduceCommitProtocol: Using user defined output committer class org.apache.parquet.hadoop.ParquetOutputCommitter
[2026-04-12T06:26:31.422+0000] {subprocess.py:106} INFO - 26/04/12 06:26:31 INFO SQLHadoopMapReduceCommitProtocol: Using user defined output committer class org.apache.parquet.hadoop.ParquetOutputCommitter
[2026-04-12T06:26:31.422+0000] {subprocess.py:106} INFO - 26/04/12 06:26:31 INFO FileOutputCommitter: File Output Committer Algorithm version is 1
[2026-04-12T06:26:31.423+0000] {subprocess.py:106} INFO - 26/04/12 06:26:31 INFO FileOutputCommitter: File Output Committer Algorithm version is 1
[2026-04-12T06:26:31.423+0000] {subprocess.py:106} INFO - 26/04/12 06:26:31 INFO FileOutputCommitter: FileOutputCommitter skip cleanup _temporary folders under output directory:false, ignore cleanup failures: false
[2026-04-12T06:26:31.424+0000] {subprocess.py:106} INFO - 26/04/12 06:26:31 INFO FileOutputCommitter: FileOutputCommitter skip cleanup _temporary folders under output directory:false, ignore cleanup failures: false
[2026-04-12T06:26:31.424+0000] {subprocess.py:106} INFO - 26/04/12 06:26:31 INFO FileOutputCommitter: File Output Committer Algorithm version is 1
[2026-04-12T06:26:31.425+0000] {subprocess.py:106} INFO - 26/04/12 06:26:31 INFO SQLHadoopMapReduceCommitProtocol: Using output committer class org.apache.parquet.hadoop.ParquetOutputCommitter
[2026-04-12T06:26:31.426+0000] {subprocess.py:106} INFO - 26/04/12 06:26:31 INFO FileOutputCommitter: FileOutputCommitter skip cleanup _temporary folders under output directory:false, ignore cleanup failures: false
[2026-04-12T06:26:31.426+0000] {subprocess.py:106} INFO - 26/04/12 06:26:31 INFO SQLHadoopMapReduceCommitProtocol: Using output committer class org.apache.parquet.hadoop.ParquetOutputCommitter
[2026-04-12T06:26:31.427+0000] {subprocess.py:106} INFO - 26/04/12 06:26:31 INFO CodecConfig: Compression: SNAPPY
[2026-04-12T06:26:31.427+0000] {subprocess.py:106} INFO - 26/04/12 06:26:31 INFO CodecConfig: Compression: SNAPPY
[2026-04-12T06:26:31.428+0000] {subprocess.py:106} INFO - 26/04/12 06:26:31 INFO CodecConfig: Compression: SNAPPY
[2026-04-12T06:26:31.428+0000] {subprocess.py:106} INFO - 26/04/12 06:26:31 INFO CodecConfig: Compression: SNAPPY
[2026-04-12T06:26:31.429+0000] {subprocess.py:106} INFO - 26/04/12 06:26:31 INFO SQLHadoopMapReduceCommitProtocol: Using output committer class org.apache.parquet.hadoop.ParquetOutputCommitter
[2026-04-12T06:26:31.429+0000] {subprocess.py:106} INFO - 26/04/12 06:26:31 INFO CodecConfig: Compression: SNAPPY
[2026-04-12T06:26:31.430+0000] {subprocess.py:106} INFO - 26/04/12 06:26:31 INFO ParquetOutputFormat: ParquetRecordWriter [block size: 134217728b, row group padding size: 8388608b, validating: false]
[2026-04-12T06:26:31.431+0000] {subprocess.py:106} INFO - 26/04/12 06:26:31 INFO CodecConfig: Compression: SNAPPY
[2026-04-12T06:26:31.431+0000] {subprocess.py:106} INFO - 26/04/12 06:26:31 INFO ParquetOutputFormat: ParquetRecordWriter [block size: 134217728b, row group padding size: 8388608b, validating: false]
[2026-04-12T06:26:31.431+0000] {subprocess.py:106} INFO - 26/04/12 06:26:31 INFO ParquetOutputFormat: ParquetRecordWriter [block size: 134217728b, row group padding size: 8388608b, validating: false]
[2026-04-12T06:26:31.866+0000] {subprocess.py:106} INFO - 26/04/12 06:26:31 INFO FileOutputCommitter: Saved output of task 'attempt_202604120626305478042832474245801_0027_m_000000_90' to hdfs://23133083thuyvan-master:9000/user/hive/lakehouse/bronze/raw_api/_temporary/0/task_202604120626305478042832474245801_0027_m_000000
[2026-04-12T06:26:31.867+0000] {subprocess.py:106} INFO - 26/04/12 06:26:31 INFO SparkHadoopMapRedUtil: attempt_202604120626305478042832474245801_0027_m_000000_90: Committed. Elapsed time: 4 ms.
[2026-04-12T06:26:31.868+0000] {subprocess.py:106} INFO - 26/04/12 06:26:31 INFO KafkaDataConsumer: From Kafka topicPartition=weather-topic-2 groupId=spark-kafka-source-979b0fad-c3f5-47c4-b708-f769449d314b--983882313-executor read 8 records through 1 polls (polled out 8 records), taking 509.213132 ms, during time span of 972.806455 ms.
[2026-04-12T06:26:31.868+0000] {subprocess.py:106} INFO - 26/04/12 06:26:31 INFO Executor: Finished task 0.0 in stage 27.0 (TID 90). 3281 bytes result sent to driver
[2026-04-12T06:26:31.869+0000] {subprocess.py:106} INFO - 26/04/12 06:26:31 INFO FileOutputCommitter: Saved output of task 'attempt_202604120626305478042832474245801_0027_m_000001_91' to hdfs://23133083thuyvan-master:9000/user/hive/lakehouse/bronze/raw_api/_temporary/0/task_202604120626305478042832474245801_0027_m_000001
[2026-04-12T06:26:31.869+0000] {subprocess.py:106} INFO - 26/04/12 06:26:31 INFO SparkHadoopMapRedUtil: attempt_202604120626305478042832474245801_0027_m_000001_91: Committed. Elapsed time: 5 ms.
[2026-04-12T06:26:31.870+0000] {subprocess.py:106} INFO - 26/04/12 06:26:31 INFO TaskSetManager: Finished task 0.0 in stage 27.0 (TID 90) in 1025 ms on spark-master (executor driver) (1/3)
[2026-04-12T06:26:31.870+0000] {subprocess.py:106} INFO - 26/04/12 06:26:31 INFO KafkaDataConsumer: From Kafka topicPartition=weather-topic-1 groupId=spark-kafka-source-979b0fad-c3f5-47c4-b708-f769449d314b--983882313-executor read 3 records through 1 polls (polled out 3 records), taking 511.487642 ms, during time span of 975.737015 ms.
[2026-04-12T06:26:31.871+0000] {subprocess.py:106} INFO - 26/04/12 06:26:31 INFO FileOutputCommitter: Saved output of task 'attempt_202604120626305478042832474245801_0027_m_000002_92' to hdfs://23133083thuyvan-master:9000/user/hive/lakehouse/bronze/raw_api/_temporary/0/task_202604120626305478042832474245801_0027_m_000002
[2026-04-12T06:26:31.871+0000] {subprocess.py:106} INFO - 26/04/12 06:26:31 INFO SparkHadoopMapRedUtil: attempt_202604120626305478042832474245801_0027_m_000002_92: Committed. Elapsed time: 6 ms.
[2026-04-12T06:26:31.872+0000] {subprocess.py:106} INFO - 26/04/12 06:26:31 INFO KafkaDataConsumer: From Kafka topicPartition=weather-topic-0 groupId=spark-kafka-source-979b0fad-c3f5-47c4-b708-f769449d314b--983882313-executor read 9 records through 1 polls (polled out 9 records), taking 511.180055 ms, during time span of 981.337457 ms.
[2026-04-12T06:26:31.872+0000] {subprocess.py:106} INFO - 26/04/12 06:26:31 INFO Executor: Finished task 1.0 in stage 27.0 (TID 91). 3281 bytes result sent to driver
[2026-04-12T06:26:31.873+0000] {subprocess.py:106} INFO - 26/04/12 06:26:31 INFO TaskSetManager: Finished task 1.0 in stage 27.0 (TID 91) in 1027 ms on spark-master (executor driver) (2/3)
[2026-04-12T06:26:31.874+0000] {subprocess.py:106} INFO - 26/04/12 06:26:31 INFO Executor: Finished task 2.0 in stage 27.0 (TID 92). 3281 bytes result sent to driver
[2026-04-12T06:26:31.875+0000] {subprocess.py:106} INFO - 26/04/12 06:26:31 INFO TaskSetManager: Finished task 2.0 in stage 27.0 (TID 92) in 1027 ms on spark-master (executor driver) (3/3)
[2026-04-12T06:26:31.875+0000] {subprocess.py:106} INFO - 26/04/12 06:26:31 INFO TaskSchedulerImpl: Removed TaskSet 27.0 whose tasks have all completed, from pool
[2026-04-12T06:26:31.876+0000] {subprocess.py:106} INFO - 26/04/12 06:26:31 INFO DAGScheduler: ResultStage 27 (start at NativeMethodAccessorImpl.java:0) finished in 1056 ms
[2026-04-12T06:26:31.876+0000] {subprocess.py:106} INFO - 26/04/12 06:26:31 INFO DAGScheduler: Job 21 is finished. Cancelling potential speculative or zombie tasks for this job
[2026-04-12T06:26:31.877+0000] {subprocess.py:106} INFO - 26/04/12 06:26:31 INFO TaskSchedulerImpl: Canceling stage 27
[2026-04-12T06:26:31.877+0000] {subprocess.py:106} INFO - 26/04/12 06:26:31 INFO TaskSchedulerImpl: Killing all running tasks in stage 27: Stage finished
[2026-04-12T06:26:31.878+0000] {subprocess.py:106} INFO - 26/04/12 06:26:31 INFO DAGScheduler: Job 21 finished: start at NativeMethodAccessorImpl.java:0, took 1058.812156 ms
[2026-04-12T06:26:31.878+0000] {subprocess.py:106} INFO - 26/04/12 06:26:31 INFO FileFormatWriter: Start to commit write Job 38028e21-5c53-4732-849d-0a5fb0a3719b.
[2026-04-12T06:26:31.904+0000] {subprocess.py:106} INFO - 26/04/12 06:26:31 INFO FileFormatWriter: Write Job 38028e21-5c53-4732-849d-0a5fb0a3719b committed. Elapsed time: 29 ms.
[2026-04-12T06:26:31.905+0000] {subprocess.py:106} INFO - 26/04/12 06:26:31 INFO FileFormatWriter: Finished processing stats for write job 38028e21-5c53-4732-849d-0a5fb0a3719b.
[2026-04-12T06:26:32.043+0000] {subprocess.py:106} INFO - 26/04/12 06:26:32 INFO BaseMetastoreTableOperations: Refreshing table metadata from new version: hdfs://23133083thuyvan-master:9000/user/hive/lakehouse/air_quality_db.db/air_quality_silver/metadata/00014-6174a36f-568e-4199-a8f1-34bba1bd89ab.metadata.json
[2026-04-12T06:26:32.049+0000] {subprocess.py:106} INFO - 26/04/12 06:26:32 INFO BaseMetastoreCatalog: Table loaded by catalog: iceberg.air_quality_db.air_quality_silver
[2026-04-12T06:26:32.081+0000] {subprocess.py:106} INFO - 26/04/12 06:26:32 INFO V2ScanRelationPushDown:
[2026-04-12T06:26:32.082+0000] {subprocess.py:106} INFO - Pushing operators to iceberg.air_quality_db.air_quality_silver
[2026-04-12T06:26:32.083+0000] {subprocess.py:106} INFO - Pushed Filters: location IS NOT NULL, timestamp IS NOT NULL
[2026-04-12T06:26:32.083+0000] {subprocess.py:106} INFO - Post-Scan Filters: isnotnull(location#6959),isnotnull(timestamp#6958)
[2026-04-12T06:26:32.084+0000] {subprocess.py:106} INFO - 
[2026-04-12T06:26:32.084+0000] {subprocess.py:106} INFO - 26/04/12 06:26:32 INFO V2ScanRelationPushDown:
[2026-04-12T06:26:32.085+0000] {subprocess.py:106} INFO - Output: timestamp#6958, location#6959
[2026-04-12T06:26:32.085+0000] {subprocess.py:106} INFO - 
[2026-04-12T06:26:32.086+0000] {subprocess.py:106} INFO - 26/04/12 06:26:32 INFO SnapshotScan: Scanning table iceberg.air_quality_db.air_quality_silver snapshot 6985659810059448599 created at 2026-04-12T06:24:33.880+00:00 with filter (location IS NOT NULL AND timestamp IS NOT NULL)
[2026-04-12T06:26:32.092+0000] {subprocess.py:106} INFO - 26/04/12 06:26:32 INFO BaseDistributedDataScan: Planning file tasks locally for table iceberg.air_quality_db.air_quality_silver
[2026-04-12T06:26:32.127+0000] {subprocess.py:106} INFO - 26/04/12 06:26:32 INFO SparkPartitioningAwareScan: Reporting UnknownPartitioning with 9 partition(s) for table iceberg.air_quality_db.air_quality_silver
[2026-04-12T06:26:32.147+0000] {subprocess.py:106} INFO - 26/04/12 06:26:32 INFO MemoryStore: Block broadcast_48 stored as values in memory (estimated size 32.0 KiB, free 1044.0 MiB)
[2026-04-12T06:26:32.150+0000] {subprocess.py:106} INFO - 26/04/12 06:26:32 INFO MemoryStore: Block broadcast_48_piece0 stored as bytes in memory (estimated size 36.2 KiB, free 1043.9 MiB)
[2026-04-12T06:26:32.152+0000] {subprocess.py:106} INFO - 26/04/12 06:26:32 INFO SparkContext: Created broadcast 48 from start at NativeMethodAccessorImpl.java:0
[2026-04-12T06:26:32.187+0000] {subprocess.py:106} INFO - 26/04/12 06:26:32 INFO MemoryStore: Block broadcast_49 stored as values in memory (estimated size 32.0 KiB, free 1043.9 MiB)
[2026-04-12T06:26:32.191+0000] {subprocess.py:106} INFO - 26/04/12 06:26:32 INFO MemoryStore: Block broadcast_49_piece0 stored as bytes in memory (estimated size 36.2 KiB, free 1043.9 MiB)
[2026-04-12T06:26:32.192+0000] {subprocess.py:106} INFO - 26/04/12 06:26:32 INFO SparkContext: Created broadcast 49 from start at NativeMethodAccessorImpl.java:0
[2026-04-12T06:26:32.252+0000] {subprocess.py:106} INFO - 26/04/12 06:26:32 INFO SparkContext: Starting job: start at NativeMethodAccessorImpl.java:0
[2026-04-12T06:26:32.254+0000] {subprocess.py:106} INFO - 26/04/12 06:26:32 INFO DAGScheduler: Got job 22 (start at NativeMethodAccessorImpl.java:0) with 9 output partitions
[2026-04-12T06:26:32.257+0000] {subprocess.py:106} INFO - 26/04/12 06:26:32 INFO DAGScheduler: Final stage: ResultStage 28 (start at NativeMethodAccessorImpl.java:0)
[2026-04-12T06:26:32.257+0000] {subprocess.py:106} INFO - 26/04/12 06:26:32 INFO DAGScheduler: Parents of final stage: List()
[2026-04-12T06:26:32.258+0000] {subprocess.py:106} INFO - 26/04/12 06:26:32 INFO DAGScheduler: Missing parents: List()
[2026-04-12T06:26:32.258+0000] {subprocess.py:106} INFO - 26/04/12 06:26:32 INFO DAGScheduler: Submitting ResultStage 28 (MapPartitionsRDD[145] at start at NativeMethodAccessorImpl.java:0), which has no missing parents
[2026-04-12T06:26:32.259+0000] {subprocess.py:106} INFO - 26/04/12 06:26:32 INFO BlockManager: Removing RDD 112
[2026-04-12T06:26:32.259+0000] {subprocess.py:106} INFO - 26/04/12 06:26:32 INFO MemoryStore: Block broadcast_50 stored as values in memory (estimated size 15.1 KiB, free 1047.9 MiB)
[2026-04-12T06:26:32.270+0000] {subprocess.py:106} INFO - 26/04/12 06:26:32 INFO MemoryStore: Block broadcast_50_piece0 stored as bytes in memory (estimated size 6.0 KiB, free 1048.3 MiB)
[2026-04-12T06:26:32.271+0000] {subprocess.py:106} INFO - 26/04/12 06:26:32 INFO SparkContext: Created broadcast 50 from broadcast at DAGScheduler.scala:1676
[2026-04-12T06:26:32.273+0000] {subprocess.py:106} INFO - 26/04/12 06:26:32 INFO DAGScheduler: Submitting 9 missing tasks from ResultStage 28 (MapPartitionsRDD[145] at start at NativeMethodAccessorImpl.java:0) (first 15 tasks are for partitions Vector(0, 1, 2, 3, 4, 5, 6, 7, 8))
[2026-04-12T06:26:32.274+0000] {subprocess.py:106} INFO - 26/04/12 06:26:32 INFO TaskSchedulerImpl: Adding task set 28.0 with 9 tasks resource profile 0
[2026-04-12T06:26:32.277+0000] {subprocess.py:106} INFO - 26/04/12 06:26:32 INFO TaskSetManager: Starting task 0.0 in stage 28.0 (TID 93) (spark-master,executor driver, partition 0, ANY, 20467 bytes)
[2026-04-12T06:26:32.278+0000] {subprocess.py:106} INFO - 26/04/12 06:26:32 INFO TaskSetManager: Starting task 1.0 in stage 28.0 (TID 94) (spark-master,executor driver, partition 1, ANY, 20751 bytes)
[2026-04-12T06:26:32.280+0000] {subprocess.py:106} INFO - 26/04/12 06:26:32 INFO TaskSetManager: Starting task 2.0 in stage 28.0 (TID 95) (spark-master,executor driver, partition 2, ANY, 20742 bytes)
[2026-04-12T06:26:32.281+0000] {subprocess.py:106} INFO - 26/04/12 06:26:32 INFO TaskSetManager: Starting task 3.0 in stage 28.0 (TID 96) (spark-master,executor driver, partition 3, ANY, 20741 bytes)
[2026-04-12T06:26:32.281+0000] {subprocess.py:106} INFO - 26/04/12 06:26:32 INFO TaskSetManager: Starting task 4.0 in stage 28.0 (TID 97) (spark-master,executor driver, partition 4, ANY, 20449 bytes)
[2026-04-12T06:26:32.282+0000] {subprocess.py:106} INFO - 26/04/12 06:26:32 INFO TaskSetManager: Starting task 5.0 in stage 28.0 (TID 98) (spark-master,executor driver, partition 5, ANY, 20469 bytes)
[2026-04-12T06:26:32.284+0000] {subprocess.py:106} INFO - 26/04/12 06:26:32 INFO TaskSetManager: Starting task 6.0 in stage 28.0 (TID 99) (spark-master,executor driver, partition 6, ANY, 20451 bytes)
[2026-04-12T06:26:32.285+0000] {subprocess.py:106} INFO - 26/04/12 06:26:32 INFO TaskSetManager: Starting task 7.0 in stage 28.0 (TID 100) (spark-master,executor driver, partition 7, ANY, 20458 bytes)
[2026-04-12T06:26:32.286+0000] {subprocess.py:106} INFO - 26/04/12 06:26:32 INFO TaskSetManager: Starting task 8.0 in stage 28.0 (TID 101) (spark-master,executor driver, partition 8, ANY, 20450 bytes)
[2026-04-12T06:26:32.289+0000] {subprocess.py:106} INFO - 26/04/12 06:26:32 INFO Executor: Running task 1.0 in stage 28.0 (TID 94)
[2026-04-12T06:26:32.290+0000] {subprocess.py:106} INFO - 26/04/12 06:26:32 INFO Executor: Running task 2.0 in stage 28.0 (TID 95)
[2026-04-12T06:26:32.294+0000] {subprocess.py:106} INFO - 26/04/12 06:26:32 INFO Executor: Running task 0.0 in stage 28.0 (TID 93)
[2026-04-12T06:26:32.296+0000] {subprocess.py:106} INFO - 26/04/12 06:26:32 INFO Executor: Running task 3.0 in stage 28.0 (TID 96)
[2026-04-12T06:26:32.301+0000] {subprocess.py:106} INFO - 26/04/12 06:26:32 INFO Executor: Running task 4.0 in stage 28.0 (TID 97)
[2026-04-12T06:26:32.302+0000] {subprocess.py:106} INFO - 26/04/12 06:26:32 INFO Executor: Running task 5.0 in stage 28.0 (TID 98)
[2026-04-12T06:26:32.307+0000] {subprocess.py:106} INFO - 26/04/12 06:26:32 INFO Executor: Running task 6.0 in stage 28.0 (TID 99)
[2026-04-12T06:26:32.311+0000] {subprocess.py:106} INFO - 26/04/12 06:26:32 INFO Executor: Running task 7.0 in stage 28.0 (TID 100)
[2026-04-12T06:26:32.313+0000] {subprocess.py:106} INFO - 26/04/12 06:26:32 INFO Executor: Running task 8.0 in stage 28.0 (TID 101)
[2026-04-12T06:26:32.371+0000] {subprocess.py:106} INFO - 26/04/12 06:26:32 INFO BlockManager: Removing RDD 12
[2026-04-12T06:26:32.373+0000] {subprocess.py:106} INFO - 26/04/12 06:26:32 INFO CodecPool: Got brand-new decompressor [.zstd]
[2026-04-12T06:26:32.375+0000] {subprocess.py:106} INFO - 26/04/12 06:26:32 INFO CodecPool: Got brand-new decompressor [.zstd]
[2026-04-12T06:26:32.376+0000] {subprocess.py:106} INFO - 26/04/12 06:26:32 INFO CodecPool: Got brand-new decompressor [.zstd]
[2026-04-12T06:26:32.378+0000] {subprocess.py:106} INFO - 26/04/12 06:26:32 INFO CodecPool: Got brand-new decompressor [.zstd]
[2026-04-12T06:26:32.378+0000] {subprocess.py:106} INFO - 26/04/12 06:26:32 INFO CodecPool: Got brand-new decompressor [.zstd]
[2026-04-12T06:26:32.380+0000] {subprocess.py:106} INFO - 26/04/12 06:26:32 INFO CodecPool: Got brand-new decompressor [.zstd]
[2026-04-12T06:26:32.383+0000] {subprocess.py:106} INFO - 26/04/12 06:26:32 INFO CodecPool: Got brand-new decompressor [.zstd]
[2026-04-12T06:26:32.383+0000] {subprocess.py:106} INFO - 26/04/12 06:26:32 INFO CodecPool: Got brand-new decompressor [.zstd]
[2026-04-12T06:26:32.386+0000] {subprocess.py:106} INFO - 26/04/12 06:26:32 INFO CodecPool: Got brand-new decompressor [.zstd]
[2026-04-12T06:26:32.420+0000] {subprocess.py:106} INFO - 26/04/12 06:26:32 INFO CodecPool: Got brand-new decompressor [.zstd]
[2026-04-12T06:26:32.421+0000] {subprocess.py:106} INFO - 26/04/12 06:26:32 INFO CodecPool: Got brand-new decompressor [.zstd]
[2026-04-12T06:26:32.425+0000] {subprocess.py:106} INFO - 26/04/12 06:26:32 INFO CodecPool: Got brand-new decompressor [.zstd]
[2026-04-12T06:26:32.427+0000] {subprocess.py:106} INFO - 26/04/12 06:26:32 INFO CodecPool: Got brand-new decompressor [.zstd]
[2026-04-12T06:26:32.428+0000] {subprocess.py:106} INFO - 26/04/12 06:26:32 INFO CodecPool: Got brand-new decompressor [.zstd]
[2026-04-12T06:26:32.429+0000] {subprocess.py:106} INFO - 26/04/12 06:26:32 INFO CodecPool: Got brand-new decompressor [.zstd]
[2026-04-12T06:26:32.430+0000] {subprocess.py:106} INFO - 26/04/12 06:26:32 INFO CodecPool: Got brand-new decompressor [.zstd]
[2026-04-12T06:26:32.441+0000] {subprocess.py:106} INFO - 26/04/12 06:26:32 INFO CodecPool: Got brand-new decompressor [.zstd]
[2026-04-12T06:26:32.444+0000] {subprocess.py:106} INFO - 26/04/12 06:26:32 INFO CodecPool: Got brand-new decompressor [.zstd]
[2026-04-12T06:26:32.445+0000] {subprocess.py:106} INFO - 26/04/12 06:26:32 INFO CodecPool: Got brand-new decompressor [.zstd]
[2026-04-12T06:26:32.459+0000] {subprocess.py:106} INFO - 26/04/12 06:26:32 INFO CodecPool: Got brand-new decompressor [.zstd]
[2026-04-12T06:26:32.460+0000] {subprocess.py:106} INFO - 26/04/12 06:26:32 INFO CodecPool: Got brand-new decompressor [.zstd]
[2026-04-12T06:26:32.467+0000] {subprocess.py:106} INFO - 26/04/12 06:26:32 INFO CodecPool: Got brand-new decompressor [.zstd]
[2026-04-12T06:26:32.469+0000] {subprocess.py:106} INFO - 26/04/12 06:26:32 INFO CodecPool: Got brand-new decompressor [.zstd]
[2026-04-12T06:26:32.471+0000] {subprocess.py:106} INFO - 26/04/12 06:26:32 INFO CodecPool: Got brand-new decompressor [.zstd]
[2026-04-12T06:26:32.473+0000] {subprocess.py:106} INFO - 26/04/12 06:26:32 INFO CodecPool: Got brand-new decompressor [.zstd]
[2026-04-12T06:26:32.481+0000] {subprocess.py:106} INFO - 26/04/12 06:26:32 INFO CodecPool: Got brand-new decompressor [.zstd]
[2026-04-12T06:26:32.485+0000] {subprocess.py:106} INFO - 26/04/12 06:26:32 INFO CodecPool: Got brand-new decompressor [.zstd]
[2026-04-12T06:26:32.486+0000] {subprocess.py:106} INFO - 26/04/12 06:26:32 INFO CodecPool: Got brand-new decompressor [.zstd]
[2026-04-12T06:26:32.490+0000] {subprocess.py:106} INFO - 26/04/12 06:26:32 INFO CodecPool: Got brand-new decompressor [.zstd]
[2026-04-12T06:26:32.490+0000] {subprocess.py:106} INFO - 26/04/12 06:26:32 INFO CodecPool: Got brand-new decompressor [.zstd]
[2026-04-12T06:26:32.491+0000] {subprocess.py:106} INFO - 26/04/12 06:26:32 INFO CodecPool: Got brand-new decompressor [.zstd]
[2026-04-12T06:26:32.492+0000] {subprocess.py:106} INFO - 26/04/12 06:26:32 INFO CodecPool: Got brand-new decompressor [.zstd]
[2026-04-12T06:26:32.493+0000] {subprocess.py:106} INFO - 26/04/12 06:26:32 INFO Executor: Finished task 8.0 in stage 28.0 (TID 101). 4990 bytes result sent to driver
[2026-04-12T06:26:32.493+0000] {subprocess.py:106} INFO - 26/04/12 06:26:32 INFO Executor: Finished task 5.0 in stage 28.0 (TID 98). 5361 bytes result sent to driver
[2026-04-12T06:26:32.494+0000] {subprocess.py:106} INFO - 26/04/12 06:26:32 INFO Executor: Finished task 1.0 in stage 28.0 (TID 94). 5037 bytes result sent to driver
[2026-04-12T06:26:32.494+0000] {subprocess.py:106} INFO - 26/04/12 06:26:32 INFO TaskSetManager: Finished task 5.0 in stage 28.0 (TID 98) in 212 ms on spark-master (executor driver) (1/9)
[2026-04-12T06:26:32.495+0000] {subprocess.py:106} INFO - 26/04/12 06:26:32 INFO TaskSetManager: Finished task 1.0 in stage 28.0 (TID 94) in 216 ms on spark-master (executor driver) (2/9)
[2026-04-12T06:26:32.496+0000] {subprocess.py:106} INFO - 26/04/12 06:26:32 INFO CodecPool: Got brand-new decompressor [.zstd]
[2026-04-12T06:26:32.496+0000] {subprocess.py:106} INFO - 26/04/12 06:26:32 INFO CodecPool: Got brand-new decompressor [.zstd]
[2026-04-12T06:26:32.497+0000] {subprocess.py:106} INFO - 26/04/12 06:26:32 INFO Executor: Finished task 2.0 in stage 28.0 (TID 95). 4865 bytes result sent to driver
[2026-04-12T06:26:32.497+0000] {subprocess.py:106} INFO - 26/04/12 06:26:32 INFO Executor: Finished task 7.0 in stage 28.0 (TID 100). 5211 bytes result sent to driver
[2026-04-12T06:26:32.499+0000] {subprocess.py:106} INFO - 26/04/12 06:26:32 INFO Executor: Finished task 3.0 in stage 28.0 (TID 96). 5075 bytes result sent to driver
[2026-04-12T06:26:32.500+0000] {subprocess.py:106} INFO - 26/04/12 06:26:32 INFO Executor: Finished task 6.0 in stage 28.0 (TID 99). 5091 bytes result sent to driver
[2026-04-12T06:26:32.501+0000] {subprocess.py:106} INFO - 26/04/12 06:26:32 INFO TaskSetManager: Finished task 8.0 in stage 28.0 (TID 101) in 215 ms on spark-master (executor driver) (3/9)
[2026-04-12T06:26:32.502+0000] {subprocess.py:106} INFO - 26/04/12 06:26:32 INFO TaskSetManager: Finished task 3.0 in stage 28.0 (TID 96) in 221 ms on spark-master (executor driver) (4/9)
[2026-04-12T06:26:32.503+0000] {subprocess.py:106} INFO - 26/04/12 06:26:32 INFO TaskSetManager: Finished task 2.0 in stage 28.0 (TID 95) in 223 ms on spark-master (executor driver) (5/9)
[2026-04-12T06:26:32.503+0000] {subprocess.py:106} INFO - 26/04/12 06:26:32 INFO TaskSetManager: Finished task 7.0 in stage 28.0 (TID 100) in 218 ms on spark-master (executor driver) (6/9)
[2026-04-12T06:26:32.504+0000] {subprocess.py:106} INFO - 26/04/12 06:26:32 INFO TaskSetManager: Finished task 6.0 in stage 28.0 (TID 99) in 221 ms on spark-master (executor driver) (7/9)
[2026-04-12T06:26:32.504+0000] {subprocess.py:106} INFO - 26/04/12 06:26:32 INFO CodecPool: Got brand-new decompressor [.zstd]
[2026-04-12T06:26:32.507+0000] {subprocess.py:106} INFO - 26/04/12 06:26:32 INFO Executor: Finished task 4.0 in stage 28.0 (TID 97). 5013 bytes result sent to driver
[2026-04-12T06:26:32.509+0000] {subprocess.py:106} INFO - 26/04/12 06:26:32 INFO TaskSetManager: Finished task 4.0 in stage 28.0 (TID 97) in 229 ms on spark-master (executor driver) (8/9)
[2026-04-12T06:26:32.511+0000] {subprocess.py:106} INFO - 26/04/12 06:26:32 INFO CodecPool: Got brand-new decompressor [.zstd]
[2026-04-12T06:26:32.513+0000] {subprocess.py:106} INFO - 26/04/12 06:26:32 INFO Executor: Finished task 0.0 in stage 28.0 (TID 93). 4938 bytes result sent to driver
[2026-04-12T06:26:32.514+0000] {subprocess.py:106} INFO - 26/04/12 06:26:32 INFO TaskSetManager: Finished task 0.0 in stage 28.0 (TID 93) in 239 ms on spark-master (executor driver) (9/9)
[2026-04-12T06:26:32.515+0000] {subprocess.py:106} INFO - 26/04/12 06:26:32 INFO TaskSchedulerImpl: Removed TaskSet 28.0 whose tasks have all completed, from pool
[2026-04-12T06:26:32.516+0000] {subprocess.py:106} INFO - 26/04/12 06:26:32 INFO DAGScheduler: ResultStage 28 (start at NativeMethodAccessorImpl.java:0) finished in 260 ms
[2026-04-12T06:26:32.516+0000] {subprocess.py:106} INFO - 26/04/12 06:26:32 INFO DAGScheduler: Job 22 is finished. Cancelling potential speculative or zombie tasks for this job
[2026-04-12T06:26:32.517+0000] {subprocess.py:106} INFO - 26/04/12 06:26:32 INFO TaskSchedulerImpl: Canceling stage 28
[2026-04-12T06:26:32.518+0000] {subprocess.py:106} INFO - 26/04/12 06:26:32 INFO TaskSchedulerImpl: Killing all running tasks in stage 28: Stage finished
[2026-04-12T06:26:32.518+0000] {subprocess.py:106} INFO - 26/04/12 06:26:32 INFO DAGScheduler: Job 22 finished: start at NativeMethodAccessorImpl.java:0, took 264.265768 ms
[2026-04-12T06:26:32.525+0000] {subprocess.py:106} INFO - 26/04/12 06:26:32 INFO MemoryStore: Block broadcast_51 stored as values in memory (estimated size 4.0 MiB, free 1044.6 MiB)
[2026-04-12T06:26:32.527+0000] {subprocess.py:106} INFO - 26/04/12 06:26:32 INFO MemoryStore: Block broadcast_51_piece0 stored as bytes in memory (estimated size 8.7 KiB, free 1044.6 MiB)
[2026-04-12T06:26:32.529+0000] {subprocess.py:106} INFO - 26/04/12 06:26:32 INFO SparkContext: Created broadcast 51 from start at NativeMethodAccessorImpl.java:0
[2026-04-12T06:26:32.542+0000] {subprocess.py:106} INFO - 26/04/12 06:26:32 INFO MemoryStore: Block broadcast_52 stored as values in memory (estimated size 32.0 KiB, free 1044.6 MiB)
[2026-04-12T06:26:32.544+0000] {subprocess.py:106} INFO - 26/04/12 06:26:32 INFO MemoryStore: Block broadcast_52_piece0 stored as bytes in memory (estimated size 36.2 KiB, free 1044.5 MiB)
[2026-04-12T06:26:32.546+0000] {subprocess.py:106} INFO - 26/04/12 06:26:32 INFO SparkContext: Created broadcast 52 from start at NativeMethodAccessorImpl.java:0
[2026-04-12T06:26:32.549+0000] {subprocess.py:106} INFO - 26/04/12 06:26:32 INFO AppendDataExec: Start processing data source write support: IcebergBatchWrite(table=iceberg.air_quality_db.air_quality_silver, format=PARQUET). The input RDD has 3} partitions.
[2026-04-12T06:26:32.550+0000] {subprocess.py:106} INFO - 26/04/12 06:26:32 INFO SparkContext: Starting job: start at NativeMethodAccessorImpl.java:0
[2026-04-12T06:26:32.550+0000] {subprocess.py:106} INFO - 26/04/12 06:26:32 INFO DAGScheduler: Got job 23 (start at NativeMethodAccessorImpl.java:0) with 3 output partitions
[2026-04-12T06:26:32.551+0000] {subprocess.py:106} INFO - 26/04/12 06:26:32 INFO DAGScheduler: Final stage: ResultStage 29 (start at NativeMethodAccessorImpl.java:0)
[2026-04-12T06:26:32.551+0000] {subprocess.py:106} INFO - 26/04/12 06:26:32 INFO DAGScheduler: Parents of final stage: List()
[2026-04-12T06:26:32.552+0000] {subprocess.py:106} INFO - 26/04/12 06:26:32 INFO DAGScheduler: Missing parents: List()
[2026-04-12T06:26:32.552+0000] {subprocess.py:106} INFO - 26/04/12 06:26:32 INFO DAGScheduler: Submitting ResultStage 29 (MapPartitionsRDD[149] at start at NativeMethodAccessorImpl.java:0), which has no missing parents
[2026-04-12T06:26:32.553+0000] {subprocess.py:106} INFO - 26/04/12 06:26:32 INFO MemoryStore: Block broadcast_53 stored as values in memory (estimated size 72.8 KiB, free 1044.5 MiB)
[2026-04-12T06:26:32.554+0000] {subprocess.py:106} INFO - 26/04/12 06:26:32 INFO MemoryStore: Block broadcast_53_piece0 stored as bytes in memory (estimated size 25.2 KiB, free 1044.4 MiB)
[2026-04-12T06:26:32.555+0000] {subprocess.py:106} INFO - 26/04/12 06:26:32 INFO SparkContext: Created broadcast 53 from broadcast at DAGScheduler.scala:1676
[2026-04-12T06:26:32.556+0000] {subprocess.py:106} INFO - 26/04/12 06:26:32 INFO DAGScheduler: Submitting 3 missing tasks from ResultStage 29 (MapPartitionsRDD[149] at start at NativeMethodAccessorImpl.java:0) (first 15 tasks are for partitions Vector(0, 1, 2))
[2026-04-12T06:26:32.556+0000] {subprocess.py:106} INFO - 26/04/12 06:26:32 INFO TaskSchedulerImpl: Adding task set 29.0 with 3 tasks resource profile 0
[2026-04-12T06:26:32.558+0000] {subprocess.py:106} INFO - 26/04/12 06:26:32 INFO TaskSetManager: Starting task 0.0 in stage 29.0 (TID 102) (spark-master,executor driver, partition 0, PROCESS_LOCAL, 13503 bytes)
[2026-04-12T06:26:32.559+0000] {subprocess.py:106} INFO - 26/04/12 06:26:32 INFO TaskSetManager: Starting task 1.0 in stage 29.0 (TID 103) (spark-master,executor driver, partition 1, PROCESS_LOCAL, 13503 bytes)
[2026-04-12T06:26:32.559+0000] {subprocess.py:106} INFO - 26/04/12 06:26:32 INFO TaskSetManager: Starting task 2.0 in stage 29.0 (TID 104) (spark-master,executor driver, partition 2, PROCESS_LOCAL, 13503 bytes)
[2026-04-12T06:26:32.560+0000] {subprocess.py:106} INFO - 26/04/12 06:26:32 INFO Executor: Running task 2.0 in stage 29.0 (TID 104)
[2026-04-12T06:26:32.560+0000] {subprocess.py:106} INFO - 26/04/12 06:26:32 INFO Executor: Running task 0.0 in stage 29.0 (TID 102)
[2026-04-12T06:26:32.563+0000] {subprocess.py:106} INFO - 26/04/12 06:26:32 INFO Executor: Running task 1.0 in stage 29.0 (TID 103)
[2026-04-12T06:26:32.565+0000] {subprocess.py:106} INFO - 26/04/12 06:26:32 INFO BlockManager: Found block rdd_137_0 locally
[2026-04-12T06:26:32.566+0000] {subprocess.py:106} INFO - 26/04/12 06:26:32 INFO BlockManager: Found block rdd_137_2 locally
[2026-04-12T06:26:32.566+0000] {subprocess.py:106} INFO - 26/04/12 06:26:32 INFO BlockManager: Found block rdd_137_1 locally
[2026-04-12T06:26:32.570+0000] {subprocess.py:106} INFO - 26/04/12 06:26:32 INFO CodecPool: Got brand-new compressor [.zstd]
[2026-04-12T06:26:32.571+0000] {subprocess.py:106} INFO - 26/04/12 06:26:32 INFO CodecPool: Got brand-new compressor [.zstd]
[2026-04-12T06:26:32.572+0000] {subprocess.py:106} INFO - 26/04/12 06:26:32 INFO CodecPool: Got brand-new compressor [.zstd]
[2026-04-12T06:26:32.573+0000] {subprocess.py:106} INFO - 26/04/12 06:26:32 INFO DataWritingSparkTask: Writer for partition 0 is committing.
[2026-04-12T06:26:32.574+0000] {subprocess.py:106} INFO - 26/04/12 06:26:32 INFO DataWritingSparkTask: Writer for partition 1 is committing.
[2026-04-12T06:26:32.574+0000] {subprocess.py:106} INFO - 26/04/12 06:26:32 INFO DataWritingSparkTask: Writer for partition 2 is committing.
[2026-04-12T06:26:32.606+0000] {subprocess.py:106} INFO - 26/04/12 06:26:32 INFO DataWritingSparkTask: Committed partition 0 (task 102, attempt 0, stage 29.0)
[2026-04-12T06:26:32.607+0000] {subprocess.py:106} INFO - 26/04/12 06:26:32 INFO Executor: Finished task 0.0 in stage 29.0 (TID 102). 7322 bytes result sent to driver
[2026-04-12T06:26:32.608+0000] {subprocess.py:106} INFO - 26/04/12 06:26:32 INFO TaskSetManager: Finished task 0.0 in stage 29.0 (TID 102) in 51 ms on spark-master (executor driver) (1/3)
[2026-04-12T06:26:32.609+0000] {subprocess.py:106} INFO - 26/04/12 06:26:32 INFO DataWritingSparkTask: Committed partition 2 (task 104, attempt 0, stage 29.0)
[2026-04-12T06:26:32.610+0000] {subprocess.py:106} INFO - 26/04/12 06:26:32 INFO DataWritingSparkTask: Committed partition 1 (task 103, attempt 0, stage 29.0)
[2026-04-12T06:26:32.610+0000] {subprocess.py:106} INFO - 26/04/12 06:26:32 INFO Executor: Finished task 2.0 in stage 29.0 (TID 104). 7317 bytes result sent to driver
[2026-04-12T06:26:32.611+0000] {subprocess.py:106} INFO - 26/04/12 06:26:32 INFO Executor: Finished task 1.0 in stage 29.0 (TID 103). 7289 bytes result sent to driver
[2026-04-12T06:26:32.612+0000] {subprocess.py:106} INFO - 26/04/12 06:26:32 INFO TaskSetManager: Finished task 2.0 in stage 29.0 (TID 104) in 53 ms on spark-master (executor driver) (2/3)
[2026-04-12T06:26:32.613+0000] {subprocess.py:106} INFO - 26/04/12 06:26:32 INFO TaskSetManager: Finished task 1.0 in stage 29.0 (TID 103) in 54 ms on spark-master (executor driver) (3/3)
[2026-04-12T06:26:32.613+0000] {subprocess.py:106} INFO - 26/04/12 06:26:32 INFO TaskSchedulerImpl: Removed TaskSet 29.0 whose tasks have all completed, from pool
[2026-04-12T06:26:32.614+0000] {subprocess.py:106} INFO - 26/04/12 06:26:32 INFO DAGScheduler: ResultStage 29 (start at NativeMethodAccessorImpl.java:0) finished in 63 ms
[2026-04-12T06:26:32.614+0000] {subprocess.py:106} INFO - 26/04/12 06:26:32 INFO DAGScheduler: Job 23 is finished. Cancelling potential speculative or zombie tasks for this job
[2026-04-12T06:26:32.615+0000] {subprocess.py:106} INFO - 26/04/12 06:26:32 INFO TaskSchedulerImpl: Canceling stage 29
[2026-04-12T06:26:32.615+0000] {subprocess.py:106} INFO - 26/04/12 06:26:32 INFO TaskSchedulerImpl: Killing all running tasks in stage 29: Stage finished
[2026-04-12T06:26:32.616+0000] {subprocess.py:106} INFO - 26/04/12 06:26:32 INFO DAGScheduler: Job 23 finished: start at NativeMethodAccessorImpl.java:0, took 66.595853 ms
[2026-04-12T06:26:32.616+0000] {subprocess.py:106} INFO - 26/04/12 06:26:32 INFO AppendDataExec: Data source write support IcebergBatchWrite(table=iceberg.air_quality_db.air_quality_silver, format=PARQUET) is committing.
[2026-04-12T06:26:32.616+0000] {subprocess.py:106} INFO - 26/04/12 06:26:32 INFO SparkWrite: Committing append with 3 new data files to table iceberg.air_quality_db.air_quality_silver
[2026-04-12T06:26:33.191+0000] {subprocess.py:106} INFO - 26/04/12 06:26:33 INFO HiveTableOperations: Committed to table iceberg.air_quality_db.air_quality_silver with the new metadata location hdfs://23133083thuyvan-master:9000/user/hive/lakehouse/air_quality_db.db/air_quality_silver/metadata/00015-ea27ef59-f4ad-421f-8312-16c13a1a07fe.metadata.json
[2026-04-12T06:26:33.192+0000] {subprocess.py:106} INFO - 26/04/12 06:26:33 INFO BaseMetastoreTableOperations: Successfully committed to table iceberg.air_quality_db.air_quality_silver in 79 ms
[2026-04-12T06:26:33.192+0000] {subprocess.py:106} INFO - 26/04/12 06:26:33 INFO SnapshotProducer: Committed snapshot 2892548801056630838 (MergeAppend)
[2026-04-12T06:26:33.209+0000] {subprocess.py:106} INFO - 26/04/12 06:26:33 INFO BaseMetastoreTableOperations: Refreshing table metadata from new version: hdfs://23133083thuyvan-master:9000/user/hive/lakehouse/air_quality_db.db/air_quality_silver/metadata/00015-ea27ef59-f4ad-421f-8312-16c13a1a07fe.metadata.json
[2026-04-12T06:26:33.215+0000] {subprocess.py:106} INFO - 26/04/12 06:26:33 INFO LoggingMetricsReporter: Received metrics report: CommitReport{tableName=iceberg.air_quality_db.air_quality_silver, snapshotId=2892548801056630838, sequenceNumber=15, operation=append, commitMetrics=CommitMetricsResult{totalDuration=TimerResult{timeUnit=NANOSECONDS, totalDuration=PT0.583073188S, count=1}, attempts=CounterResult{unit=COUNT, value=1}, addedDataFiles=CounterResult{unit=COUNT, value=3}, removedDataFiles=null, totalDataFiles=CounterResult{unit=COUNT, value=39}, addedDeleteFiles=null, addedEqualityDeleteFiles=null, addedPositionalDeleteFiles=null, addedDVs=null, removedDeleteFiles=null, removedEqualityDeleteFiles=null, removedPositionalDeleteFiles=null, removedDVs=null, totalDeleteFiles=CounterResult{unit=COUNT, value=0}, addedRecords=CounterResult{unit=COUNT, value=20}, removedRecords=null, totalRecords=CounterResult{unit=COUNT, value=360}, addedFilesSizeInBytes=CounterResult{unit=BYTES, value=26226}, removedFilesSizeInBytes=null, totalFilesSizeInBytes=CounterResult{unit=BYTES, value=353520}, addedPositionalDeletes=null, removedPositionalDeletes=null, totalPositionalDeletes=CounterResult{unit=COUNT, value=0}, addedEqualityDeletes=null, removedEqualityDeletes=null, totalEqualityDeletes=CounterResult{unit=COUNT, value=0}, manifestsCreated=null, manifestsReplaced=null, manifestsKept=null, manifestEntriesProcessed=null}, metadata={engine-version=4.0.2, app-id=local-1775974688107, engine-name=spark, iceberg-version=Apache Iceberg 1.10.1 (commit ccb8bc435062171e64bc8b7e5f56e6aed9c5b934)}}
[2026-04-12T06:26:33.215+0000] {subprocess.py:106} INFO - 26/04/12 06:26:33 INFO SparkWrite: Committed in 599 ms
[2026-04-12T06:26:33.216+0000] {subprocess.py:106} INFO - 26/04/12 06:26:33 INFO AppendDataExec: Data source write support IcebergBatchWrite(table=iceberg.air_quality_db.air_quality_silver, format=PARQUET) committed.
[2026-04-12T06:26:33.217+0000] {subprocess.py:106} INFO - 26/04/12 06:26:33 INFO MapPartitionsRDD: Removing RDD 137 from persistence list
[2026-04-12T06:26:33.218+0000] {subprocess.py:106} INFO - 26/04/12 06:26:33 INFO BlockManager: Removing RDD 137
[2026-04-12T06:26:33.224+0000] {subprocess.py:106} INFO - 26/04/12 06:26:33 INFO CheckpointFileManager: Writing atomically to hdfs://23133083thuyvan-master:9000/user/hive/checkpoints/air_quality_realtime/commits/10 using temp file hdfs://23133083thuyvan-master:9000/user/hive/checkpoints/air_quality_realtime/commits/.10.56b3d6e0-2352-452d-b06a-e6dacd9d9ee5.tmp
[2026-04-12T06:26:33.244+0000] {subprocess.py:106} INFO - 26/04/12 06:26:33 INFO CheckpointFileManager: Renamed temp file hdfs://23133083thuyvan-master:9000/user/hive/checkpoints/air_quality_realtime/commits/.10.56b3d6e0-2352-452d-b06a-e6dacd9d9ee5.tmp to hdfs://23133083thuyvan-master:9000/user/hive/checkpoints/air_quality_realtime/commits/10
[2026-04-12T06:26:33.245+0000] {subprocess.py:106} INFO - 26/04/12 06:26:33 INFO MicroBatchExecutionContext: Extracting source progress metrics for source=KafkaV2[Subscribe[weather-topic]] took duration_ms=0
[2026-04-12T06:26:33.245+0000] {subprocess.py:106} INFO - 26/04/12 06:26:33 INFO MicroBatchExecutionContext: Extracting sink progress metrics for sink=ForeachBatchSink took duration_ms=0
[2026-04-12T06:26:33.247+0000] {subprocess.py:106} INFO - 26/04/12 06:26:33 INFO ProgressReporter: Streaming query made progress: {
[2026-04-12T06:26:33.247+0000] {subprocess.py:106} INFO -   "id" : "97df26eb-363e-4a9d-81a0-5bee41c3e2e1",
[2026-04-12T06:26:33.248+0000] {subprocess.py:106} INFO -   "runId" : "f9a5a65f-487c-4ad7-9952-1960991ab62e",
[2026-04-12T06:26:33.248+0000] {subprocess.py:106} INFO -   "name" : null,
[2026-04-12T06:26:33.249+0000] {subprocess.py:106} INFO -   "timestamp" : "2026-04-12T06:26:30.000Z",
[2026-04-12T06:26:33.249+0000] {subprocess.py:106} INFO -   "batchId" : 10,
[2026-04-12T06:26:33.250+0000] {subprocess.py:106} INFO -   "batchDuration" : 3243,
[2026-04-12T06:26:33.250+0000] {subprocess.py:106} INFO -   "numInputRows" : 40,
[2026-04-12T06:26:33.251+0000] {subprocess.py:106} INFO -   "inputRowsPerSecond" : 1.3333333333333333,
[2026-04-12T06:26:33.251+0000] {subprocess.py:106} INFO -   "processedRowsPerSecond" : 12.334258402713537,
[2026-04-12T06:26:33.251+0000] {subprocess.py:106} INFO -   "durationMs" : {
[2026-04-12T06:26:33.252+0000] {subprocess.py:106} INFO -     "addBatch" : 3138,
[2026-04-12T06:26:33.252+0000] {subprocess.py:106} INFO -     "commitOffsets" : 26,
[2026-04-12T06:26:33.252+0000] {subprocess.py:106} INFO -     "getBatch" : 1,
[2026-04-12T06:26:33.253+0000] {subprocess.py:106} INFO -     "latestOffset" : 9,
[2026-04-12T06:26:33.253+0000] {subprocess.py:106} INFO -     "queryPlanning" : 24,
[2026-04-12T06:26:33.254+0000] {subprocess.py:106} INFO -     "triggerExecution" : 3243,
[2026-04-12T06:26:33.254+0000] {subprocess.py:106} INFO -     "walCommit" : 36
[2026-04-12T06:26:33.254+0000] {subprocess.py:106} INFO -   },
[2026-04-12T06:26:33.255+0000] {subprocess.py:106} INFO -   "stateOperators" : [ ],
[2026-04-12T06:26:33.255+0000] {subprocess.py:106} INFO -   "sources" : [ {
[2026-04-12T06:26:33.256+0000] {subprocess.py:106} INFO -     "description" : "KafkaV2[Subscribe[weather-topic]]",
[2026-04-12T06:26:33.256+0000] {subprocess.py:106} INFO -     "startOffset" : {
[2026-04-12T06:26:33.257+0000] {subprocess.py:106} INFO -       "weather-topic" : {
[2026-04-12T06:26:33.257+0000] {subprocess.py:106} INFO -         "0" : 139,
[2026-04-12T06:26:33.257+0000] {subprocess.py:106} INFO -         "1" : 144,
[2026-04-12T06:26:33.258+0000] {subprocess.py:106} INFO -         "2" : 137
[2026-04-12T06:26:33.258+0000] {subprocess.py:106} INFO -       }
[2026-04-12T06:26:33.259+0000] {subprocess.py:106} INFO -     },
[2026-04-12T06:26:33.259+0000] {subprocess.py:106} INFO -     "endOffset" : {
[2026-04-12T06:26:33.259+0000] {subprocess.py:106} INFO -       "weather-topic" : {
[2026-04-12T06:26:33.260+0000] {subprocess.py:106} INFO -         "0" : 148,
[2026-04-12T06:26:33.260+0000] {subprocess.py:106} INFO -         "1" : 147,
[2026-04-12T06:26:33.261+0000] {subprocess.py:106} INFO -         "2" : 145
[2026-04-12T06:26:33.261+0000] {subprocess.py:106} INFO -       }
[2026-04-12T06:26:33.261+0000] {subprocess.py:106} INFO -     },
[2026-04-12T06:26:33.262+0000] {subprocess.py:106} INFO -     "latestOffset" : {
[2026-04-12T06:26:33.262+0000] {subprocess.py:106} INFO -       "weather-topic" : {
[2026-04-12T06:26:33.262+0000] {subprocess.py:106} INFO -         "0" : 148,
[2026-04-12T06:26:33.263+0000] {subprocess.py:106} INFO -         "1" : 147,
[2026-04-12T06:26:33.263+0000] {subprocess.py:106} INFO -         "2" : 145
[2026-04-12T06:26:33.264+0000] {subprocess.py:106} INFO -       }
[2026-04-12T06:26:33.264+0000] {subprocess.py:106} INFO -     },
[2026-04-12T06:26:33.264+0000] {subprocess.py:106} INFO -     "numInputRows" : 40,
[2026-04-12T06:26:33.265+0000] {subprocess.py:106} INFO -     "inputRowsPerSecond" : 1.3333333333333333,
[2026-04-12T06:26:33.265+0000] {subprocess.py:106} INFO -     "processedRowsPerSecond" : 12.334258402713537,
[2026-04-12T06:26:33.266+0000] {subprocess.py:106} INFO -     "metrics" : {
[2026-04-12T06:26:33.266+0000] {subprocess.py:106} INFO -       "avgOffsetsBehindLatest" : "0.0",
[2026-04-12T06:26:33.266+0000] {subprocess.py:106} INFO -       "maxOffsetsBehindLatest" : "0",
[2026-04-12T06:26:33.266+0000] {subprocess.py:106} INFO -       "minOffsetsBehindLatest" : "0"
[2026-04-12T06:26:33.267+0000] {subprocess.py:106} INFO -     }
[2026-04-12T06:26:33.267+0000] {subprocess.py:106} INFO -   } ],
[2026-04-12T06:26:33.267+0000] {subprocess.py:106} INFO -   "sink" : {
[2026-04-12T06:26:33.268+0000] {subprocess.py:106} INFO -     "description" : "ForeachBatchSink",
[2026-04-12T06:26:33.268+0000] {subprocess.py:106} INFO -     "numOutputRows" : -1
[2026-04-12T06:26:33.268+0000] {subprocess.py:106} INFO -   }
[2026-04-12T06:26:33.269+0000] {subprocess.py:106} INFO - }
[2026-04-12T06:27:00.015+0000] {subprocess.py:106} INFO - 26/04/12 06:27:00 INFO MicroBatchExecutionContext: Extracting source progress metrics for source=KafkaV2[Subscribe[weather-topic]] took duration_ms=0
[2026-04-12T06:27:00.016+0000] {subprocess.py:106} INFO - 26/04/12 06:27:00 INFO MicroBatchExecutionContext: Extracting sink progress metrics for sink=ForeachBatchSink took duration_ms=0
[2026-04-12T06:27:00.017+0000] {subprocess.py:106} INFO - 26/04/12 06:27:00 INFO ProgressReporter: Streaming query has been idle and waiting for new data more than 10000 ms.
[2026-04-12T06:27:30.013+0000] {subprocess.py:106} INFO - 26/04/12 06:27:30 INFO MicroBatchExecutionContext: Extracting source progress metrics for source=KafkaV2[Subscribe[weather-topic]] took duration_ms=0
[2026-04-12T06:27:30.014+0000] {subprocess.py:106} INFO - 26/04/12 06:27:30 INFO MicroBatchExecutionContext: Extracting sink progress metrics for sink=ForeachBatchSink took duration_ms=0
[2026-04-12T06:27:30.015+0000] {subprocess.py:106} INFO - 26/04/12 06:27:30 INFO ProgressReporter: Streaming query has been idle and waiting for new data more than 10000 ms.
[2026-04-12T06:28:00.011+0000] {subprocess.py:106} INFO - 26/04/12 06:28:00 INFO MicroBatchExecutionContext: Extracting source progress metrics for source=KafkaV2[Subscribe[weather-topic]] took duration_ms=0
[2026-04-12T06:28:00.011+0000] {subprocess.py:106} INFO - 26/04/12 06:28:00 INFO MicroBatchExecutionContext: Extracting sink progress metrics for sink=ForeachBatchSink took duration_ms=0
[2026-04-12T06:28:00.012+0000] {subprocess.py:106} INFO - 26/04/12 06:28:00 INFO ProgressReporter: Streaming query has been idle and waiting for new data more than 10000 ms.
[2026-04-12T06:28:30.014+0000] {subprocess.py:106} INFO - 26/04/12 06:28:30 INFO MicroBatchExecutionContext: Extracting source progress metrics for source=KafkaV2[Subscribe[weather-topic]] took duration_ms=0
[2026-04-12T06:28:30.019+0000] {subprocess.py:106} INFO - 26/04/12 06:28:30 INFO MicroBatchExecutionContext: Extracting sink progress metrics for sink=ForeachBatchSink took duration_ms=0
[2026-04-12T06:28:30.020+0000] {subprocess.py:106} INFO - 26/04/12 06:28:30 INFO ProgressReporter: Streaming query has been idle and waiting for new data more than 10000 ms.
[2026-04-12T06:29:00.014+0000] {subprocess.py:106} INFO - 26/04/12 06:29:00 INFO MicroBatchExecutionContext: Extracting source progress metrics for source=KafkaV2[Subscribe[weather-topic]] took duration_ms=0
[2026-04-12T06:29:00.015+0000] {subprocess.py:106} INFO - 26/04/12 06:29:00 INFO MicroBatchExecutionContext: Extracting sink progress metrics for sink=ForeachBatchSink took duration_ms=0
[2026-04-12T06:29:00.015+0000] {subprocess.py:106} INFO - 26/04/12 06:29:00 INFO ProgressReporter: Streaming query has been idle and waiting for new data more than 10000 ms.
[2026-04-12T06:29:30.016+0000] {subprocess.py:106} INFO - 26/04/12 06:29:30 INFO MicroBatchExecutionContext: Extracting source progress metrics for source=KafkaV2[Subscribe[weather-topic]] took duration_ms=0
[2026-04-12T06:29:30.017+0000] {subprocess.py:106} INFO - 26/04/12 06:29:30 INFO MicroBatchExecutionContext: Extracting sink progress metrics for sink=ForeachBatchSink took duration_ms=0
[2026-04-12T06:29:30.018+0000] {subprocess.py:106} INFO - 26/04/12 06:29:30 INFO ProgressReporter: Streaming query has been idle and waiting for new data more than 10000 ms.
[2026-04-12T06:30:00.012+0000] {subprocess.py:106} INFO - 26/04/12 06:30:00 INFO MicroBatchExecutionContext: Extracting source progress metrics for source=KafkaV2[Subscribe[weather-topic]] took duration_ms=0
[2026-04-12T06:30:00.012+0000] {subprocess.py:106} INFO - 26/04/12 06:30:00 INFO MicroBatchExecutionContext: Extracting sink progress metrics for sink=ForeachBatchSink took duration_ms=0
[2026-04-12T06:30:00.013+0000] {subprocess.py:106} INFO - 26/04/12 06:30:00 INFO ProgressReporter: Streaming query has been idle and waiting for new data more than 10000 ms.
[2026-04-12T06:30:30.012+0000] {subprocess.py:106} INFO - 26/04/12 06:30:30 INFO MicroBatchExecutionContext: Extracting source progress metrics for source=KafkaV2[Subscribe[weather-topic]] took duration_ms=0
[2026-04-12T06:30:30.013+0000] {subprocess.py:106} INFO - 26/04/12 06:30:30 INFO MicroBatchExecutionContext: Extracting sink progress metrics for sink=ForeachBatchSink took duration_ms=0
[2026-04-12T06:30:30.014+0000] {subprocess.py:106} INFO - 26/04/12 06:30:30 INFO ProgressReporter: Streaming query has been idle and waiting for new data more than 10000 ms.
[2026-04-12T06:31:00.011+0000] {subprocess.py:106} INFO - 26/04/12 06:31:00 INFO MicroBatchExecutionContext: Extracting source progress metrics for source=KafkaV2[Subscribe[weather-topic]] took duration_ms=0
[2026-04-12T06:31:00.011+0000] {subprocess.py:106} INFO - 26/04/12 06:31:00 INFO MicroBatchExecutionContext: Extracting sink progress metrics for sink=ForeachBatchSink took duration_ms=0
[2026-04-12T06:31:00.011+0000] {subprocess.py:106} INFO - 26/04/12 06:31:00 INFO ProgressReporter: Streaming query has been idle and waiting for new data more than 10000 ms.
[2026-04-12T06:31:30.009+0000] {subprocess.py:106} INFO - 26/04/12 06:31:30 INFO MicroBatchExecutionContext: Extracting source progress metrics for source=KafkaV2[Subscribe[weather-topic]] took duration_ms=0
[2026-04-12T06:31:30.009+0000] {subprocess.py:106} INFO - 26/04/12 06:31:30 INFO MicroBatchExecutionContext: Extracting sink progress metrics for sink=ForeachBatchSink took duration_ms=0
[2026-04-12T06:31:30.009+0000] {subprocess.py:106} INFO - 26/04/12 06:31:30 INFO ProgressReporter: Streaming query has been idle and waiting for new data more than 10000 ms.
[2026-04-12T06:31:33.127+0000] {subprocess.py:106} INFO - 26/04/12 06:31:33 INFO metastore: Closed a connection to metastore, current connections: 0
[2026-04-12T06:32:00.014+0000] {subprocess.py:106} INFO - 26/04/12 06:32:00 INFO MicroBatchExecutionContext: Extracting source progress metrics for source=KafkaV2[Subscribe[weather-topic]] took duration_ms=0
[2026-04-12T06:32:00.014+0000] {subprocess.py:106} INFO - 26/04/12 06:32:00 INFO MicroBatchExecutionContext: Extracting sink progress metrics for sink=ForeachBatchSink took duration_ms=0
[2026-04-12T06:32:00.015+0000] {subprocess.py:106} INFO - 26/04/12 06:32:00 INFO ProgressReporter: Streaming query has been idle and waiting for new data more than 10000 ms.
[2026-04-12T06:32:20.012+0000] {subprocess.py:106} INFO - 26/04/12 06:32:20 INFO ConsumerCoordinator: [Consumer clientId=consumer-spark-kafka-source-979b0fad-c3f5-47c4-b708-f769449d314b--983882313-executor-1, groupId=spark-kafka-source-979b0fad-c3f5-47c4-b708-f769449d314b--983882313-executor] Resetting generation and member id due to: consumer pro-actively leaving the group
[2026-04-12T06:32:20.013+0000] {subprocess.py:106} INFO - 26/04/12 06:32:20 INFO ConsumerCoordinator: [Consumer clientId=consumer-spark-kafka-source-979b0fad-c3f5-47c4-b708-f769449d314b--983882313-executor-1, groupId=spark-kafka-source-979b0fad-c3f5-47c4-b708-f769449d314b--983882313-executor] Request joining group due to: consumer pro-actively leaving the group
[2026-04-12T06:32:20.017+0000] {subprocess.py:106} INFO - 26/04/12 06:32:20 INFO NetworkClient: [Consumer clientId=consumer-spark-kafka-source-979b0fad-c3f5-47c4-b708-f769449d314b--983882313-executor-1, groupId=spark-kafka-source-979b0fad-c3f5-47c4-b708-f769449d314b--983882313-executor] Node -1 disconnected.
[2026-04-12T06:32:20.022+0000] {subprocess.py:106} INFO - 26/04/12 06:32:20 INFO Metrics: Metrics scheduler closed
[2026-04-12T06:32:20.022+0000] {subprocess.py:106} INFO - 26/04/12 06:32:20 INFO Metrics: Closing reporter org.apache.kafka.common.metrics.JmxReporter
[2026-04-12T06:32:20.023+0000] {subprocess.py:106} INFO - 26/04/12 06:32:20 INFO Metrics: Closing reporter org.apache.kafka.common.telemetry.internals.ClientTelemetryReporter
[2026-04-12T06:32:20.023+0000] {subprocess.py:106} INFO - 26/04/12 06:32:20 INFO Metrics: Metrics reporters closed
[2026-04-12T06:32:20.030+0000] {subprocess.py:106} INFO - 26/04/12 06:32:20 INFO AppInfoParser: App info kafka.consumer for consumer-spark-kafka-source-979b0fad-c3f5-47c4-b708-f769449d314b--983882313-executor-1 unregistered
[2026-04-12T06:32:20.031+0000] {subprocess.py:106} INFO - 26/04/12 06:32:20 INFO ConsumerCoordinator: [Consumer clientId=consumer-spark-kafka-source-979b0fad-c3f5-47c4-b708-f769449d314b--983882313-executor-3, groupId=spark-kafka-source-979b0fad-c3f5-47c4-b708-f769449d314b--983882313-executor] Resetting generation and member id due to: consumer pro-actively leaving the group
[2026-04-12T06:32:20.031+0000] {subprocess.py:106} INFO - 26/04/12 06:32:20 INFO ConsumerCoordinator: [Consumer clientId=consumer-spark-kafka-source-979b0fad-c3f5-47c4-b708-f769449d314b--983882313-executor-3, groupId=spark-kafka-source-979b0fad-c3f5-47c4-b708-f769449d314b--983882313-executor] Request joining group due to: consumer pro-actively leaving the group
[2026-04-12T06:32:20.032+0000] {subprocess.py:106} INFO - 26/04/12 06:32:20 INFO NetworkClient: [Consumer clientId=consumer-spark-kafka-source-979b0fad-c3f5-47c4-b708-f769449d314b--983882313-executor-3, groupId=spark-kafka-source-979b0fad-c3f5-47c4-b708-f769449d314b--983882313-executor] Node -1 disconnected.
[2026-04-12T06:32:20.035+0000] {subprocess.py:106} INFO - 26/04/12 06:32:20 INFO Metrics: Metrics scheduler closed
[2026-04-12T06:32:20.036+0000] {subprocess.py:106} INFO - 26/04/12 06:32:20 INFO Metrics: Closing reporter org.apache.kafka.common.metrics.JmxReporter
[2026-04-12T06:32:20.036+0000] {subprocess.py:106} INFO - 26/04/12 06:32:20 INFO Metrics: Closing reporter org.apache.kafka.common.telemetry.internals.ClientTelemetryReporter
[2026-04-12T06:32:20.036+0000] {subprocess.py:106} INFO - 26/04/12 06:32:20 INFO Metrics: Metrics reporters closed
[2026-04-12T06:32:20.039+0000] {subprocess.py:106} INFO - 26/04/12 06:32:20 INFO AppInfoParser: App info kafka.consumer for consumer-spark-kafka-source-979b0fad-c3f5-47c4-b708-f769449d314b--983882313-executor-3 unregistered
[2026-04-12T06:32:20.040+0000] {subprocess.py:106} INFO - 26/04/12 06:32:20 INFO ConsumerCoordinator: [Consumer clientId=consumer-spark-kafka-source-979b0fad-c3f5-47c4-b708-f769449d314b--983882313-executor-2, groupId=spark-kafka-source-979b0fad-c3f5-47c4-b708-f769449d314b--983882313-executor] Resetting generation and member id due to: consumer pro-actively leaving the group
[2026-04-12T06:32:20.040+0000] {subprocess.py:106} INFO - 26/04/12 06:32:20 INFO ConsumerCoordinator: [Consumer clientId=consumer-spark-kafka-source-979b0fad-c3f5-47c4-b708-f769449d314b--983882313-executor-2, groupId=spark-kafka-source-979b0fad-c3f5-47c4-b708-f769449d314b--983882313-executor] Request joining group due to: consumer pro-actively leaving the group
[2026-04-12T06:32:20.041+0000] {subprocess.py:106} INFO - 26/04/12 06:32:20 INFO NetworkClient: [Consumer clientId=consumer-spark-kafka-source-979b0fad-c3f5-47c4-b708-f769449d314b--983882313-executor-2, groupId=spark-kafka-source-979b0fad-c3f5-47c4-b708-f769449d314b--983882313-executor] Node -1 disconnected.
[2026-04-12T06:32:20.043+0000] {subprocess.py:106} INFO - 26/04/12 06:32:20 INFO Metrics: Metrics scheduler closed
[2026-04-12T06:32:20.044+0000] {subprocess.py:106} INFO - 26/04/12 06:32:20 INFO Metrics: Closing reporter org.apache.kafka.common.metrics.JmxReporter
[2026-04-12T06:32:20.044+0000] {subprocess.py:106} INFO - 26/04/12 06:32:20 INFO Metrics: Closing reporter org.apache.kafka.common.telemetry.internals.ClientTelemetryReporter
[2026-04-12T06:32:20.045+0000] {subprocess.py:106} INFO - 26/04/12 06:32:20 INFO Metrics: Metrics reporters closed
[2026-04-12T06:32:20.047+0000] {subprocess.py:106} INFO - 26/04/12 06:32:20 INFO AppInfoParser: App info kafka.consumer for consumer-spark-kafka-source-979b0fad-c3f5-47c4-b708-f769449d314b--983882313-executor-2 unregistered
[2026-04-12T06:32:30.011+0000] {subprocess.py:106} INFO - 26/04/12 06:32:30 INFO MicroBatchExecutionContext: Extracting source progress metrics for source=KafkaV2[Subscribe[weather-topic]] took duration_ms=0
[2026-04-12T06:32:30.012+0000] {subprocess.py:106} INFO - 26/04/12 06:32:30 INFO MicroBatchExecutionContext: Extracting sink progress metrics for sink=ForeachBatchSink took duration_ms=0
[2026-04-12T06:32:30.012+0000] {subprocess.py:106} INFO - 26/04/12 06:32:30 INFO ProgressReporter: Streaming query has been idle and waiting for new data more than 10000 ms.
[2026-04-12T06:33:00.012+0000] {subprocess.py:106} INFO - 26/04/12 06:33:00 INFO MicroBatchExecutionContext: Extracting source progress metrics for source=KafkaV2[Subscribe[weather-topic]] took duration_ms=0
[2026-04-12T06:33:00.013+0000] {subprocess.py:106} INFO - 26/04/12 06:33:00 INFO MicroBatchExecutionContext: Extracting sink progress metrics for sink=ForeachBatchSink took duration_ms=0
[2026-04-12T06:33:00.014+0000] {subprocess.py:106} INFO - 26/04/12 06:33:00 INFO ProgressReporter: Streaming query has been idle and waiting for new data more than 10000 ms.
[2026-04-12T06:33:30.010+0000] {subprocess.py:106} INFO - 26/04/12 06:33:30 INFO MicroBatchExecutionContext: Extracting source progress metrics for source=KafkaV2[Subscribe[weather-topic]] took duration_ms=0
[2026-04-12T06:33:30.011+0000] {subprocess.py:106} INFO - 26/04/12 06:33:30 INFO MicroBatchExecutionContext: Extracting sink progress metrics for sink=ForeachBatchSink took duration_ms=0
[2026-04-12T06:33:30.012+0000] {subprocess.py:106} INFO - 26/04/12 06:33:30 INFO ProgressReporter: Streaming query has been idle and waiting for new data more than 10000 ms.
[2026-04-12T06:34:00.010+0000] {subprocess.py:106} INFO - 26/04/12 06:34:00 INFO MicroBatchExecutionContext: Extracting source progress metrics for source=KafkaV2[Subscribe[weather-topic]] took duration_ms=0
[2026-04-12T06:34:00.011+0000] {subprocess.py:106} INFO - 26/04/12 06:34:00 INFO MicroBatchExecutionContext: Extracting sink progress metrics for sink=ForeachBatchSink took duration_ms=0
[2026-04-12T06:34:00.011+0000] {subprocess.py:106} INFO - 26/04/12 06:34:00 INFO ProgressReporter: Streaming query has been idle and waiting for new data more than 10000 ms.
[2026-04-12T06:34:30.009+0000] {subprocess.py:106} INFO - 26/04/12 06:34:30 INFO MicroBatchExecutionContext: Extracting source progress metrics for source=KafkaV2[Subscribe[weather-topic]] took duration_ms=0
[2026-04-12T06:34:30.009+0000] {subprocess.py:106} INFO - 26/04/12 06:34:30 INFO MicroBatchExecutionContext: Extracting sink progress metrics for sink=ForeachBatchSink took duration_ms=0
[2026-04-12T06:34:30.010+0000] {subprocess.py:106} INFO - 26/04/12 06:34:30 INFO ProgressReporter: Streaming query has been idle and waiting for new data more than 10000 ms.
[2026-04-12T06:35:00.014+0000] {subprocess.py:106} INFO - 26/04/12 06:35:00 INFO MicroBatchExecutionContext: Extracting source progress metrics for source=KafkaV2[Subscribe[weather-topic]] took duration_ms=0
[2026-04-12T06:35:00.014+0000] {subprocess.py:106} INFO - 26/04/12 06:35:00 INFO MicroBatchExecutionContext: Extracting sink progress metrics for sink=ForeachBatchSink took duration_ms=0
[2026-04-12T06:35:00.015+0000] {subprocess.py:106} INFO - 26/04/12 06:35:00 INFO ProgressReporter: Streaming query has been idle and waiting for new data more than 10000 ms.
[2026-04-12T06:35:30.009+0000] {subprocess.py:106} INFO - 26/04/12 06:35:30 INFO MicroBatchExecutionContext: Extracting source progress metrics for source=KafkaV2[Subscribe[weather-topic]] took duration_ms=0
[2026-04-12T06:35:30.009+0000] {subprocess.py:106} INFO - 26/04/12 06:35:30 INFO MicroBatchExecutionContext: Extracting sink progress metrics for sink=ForeachBatchSink took duration_ms=0
[2026-04-12T06:35:30.010+0000] {subprocess.py:106} INFO - 26/04/12 06:35:30 INFO ProgressReporter: Streaming query has been idle and waiting for new data more than 10000 ms.
[2026-04-12T06:35:40.668+0000] {local_task_job_runner.py:346} WARNING - State of this instance has been externally set to None. Terminating instance.
[2026-04-12T06:35:40.672+0000] {local_task_job_runner.py:245} INFO - ::endgroup::
[2026-04-12T06:35:40.676+0000] {process_utils.py:132} INFO - Sending 15 to group 10924. PIDs of all processes in the group: [10938, 10924]
[2026-04-12T06:35:40.677+0000] {process_utils.py:87} INFO - Sending the signal 15 to group 10924
[2026-04-12T06:35:40.679+0000] {taskinstance.py:3093} ERROR - Received SIGTERM. Terminating subprocesses.
[2026-04-12T06:35:40.680+0000] {subprocess.py:117} INFO - Sending SIGTERM signal to process group
[2026-04-12T06:35:40.768+0000] {taskinstance.py:3311} ERROR - Task failed with exception
Traceback (most recent call last):
  File "/home/airflow/airflow/venv/lib/python3.12/site-packages/airflow/models/taskinstance.py", line 767, in _execute_task
    result = _execute_callable(context=context, **execute_callable_kwargs)
             ^^^^^^^^^^^^^^^^^^^^^^^^^^^^^^^^^^^^^^^^^^^^^^^^^^^^^^^^^^^^^
  File "/home/airflow/airflow/venv/lib/python3.12/site-packages/airflow/models/taskinstance.py", line 733, in _execute_callable
    return ExecutionCallableRunner(
           ^^^^^^^^^^^^^^^^^^^^^^^^
  File "/home/airflow/airflow/venv/lib/python3.12/site-packages/airflow/utils/operator_helpers.py", line 252, in run
    return self.func(*args, **kwargs)
           ^^^^^^^^^^^^^^^^^^^^^^^^^^
  File "/home/airflow/airflow/venv/lib/python3.12/site-packages/airflow/models/baseoperator.py", line 422, in wrapper
    return func(self, *args, **kwargs)
           ^^^^^^^^^^^^^^^^^^^^^^^^^^^
  File "/home/airflow/airflow/venv/lib/python3.12/site-packages/airflow/operators/bash.py", line 257, in execute
    result = self._run_inline_command(bash_path=bash_path, env=env)
             ^^^^^^^^^^^^^^^^^^^^^^^^^^^^^^^^^^^^^^^^^^^^^^^^^^^^^^
  File "/home/airflow/airflow/venv/lib/python3.12/site-packages/airflow/operators/bash.py", line 284, in _run_inline_command
    return self.subprocess_hook.run_command(
           ^^^^^^^^^^^^^^^^^^^^^^^^^^^^^^^^^
  File "/home/airflow/airflow/venv/lib/python3.12/site-packages/airflow/hooks/subprocess.py", line 104, in run_command
    for raw_line in iter(self.sub_process.stdout.readline, b""):
                    ^^^^^^^^^^^^^^^^^^^^^^^^^^^^^^^^^^^^^^^^^^^
  File "/home/airflow/airflow/venv/lib/python3.12/site-packages/airflow/models/taskinstance.py", line 3095, in signal_handler
    raise AirflowTaskTerminated("Task received SIGTERM signal")
airflow.exceptions.AirflowTaskTerminated: Task received SIGTERM signal
[2026-04-12T06:35:40.794+0000] {taskinstance.py:1225} INFO - Marking task as UP_FOR_RETRY. dag_id=weather_real_time_pipeline_v2, task_id=start_spark_streaming_job, run_id=scheduled__2026-04-12T06:16:00+00:00, execution_date=20260412T061600, start_date=20260412T061802, end_date=20260412T063540
[2026-04-12T06:35:40.872+0000] {taskinstance.py:340} INFO - ::group::Post task execution logs
[2026-04-12T06:35:40.877+0000] {standard_task_runner.py:124} ERROR - Failed to execute job 283 for task start_spark_streaming_job ((psycopg2.errors.ForeignKeyViolation) insert or update on table "task_fail" violates foreign key constraint "task_fail_ti_fkey"
DETAIL:  Key (dag_id, task_id, run_id, map_index)=(weather_real_time_pipeline_v2, start_spark_streaming_job, scheduled__2026-04-12T06:16:00+00:00, -1) is not present in table "task_instance".

[SQL: INSERT INTO task_fail (task_id, dag_id, run_id, map_index, start_date, end_date, duration) VALUES (%(task_id)s, %(dag_id)s, %(run_id)s, %(map_index)s, %(start_date)s, %(end_date)s, %(duration)s) RETURNING task_fail.id]
[parameters: {'task_id': 'start_spark_streaming_job', 'dag_id': 'weather_real_time_pipeline_v2', 'run_id': 'scheduled__2026-04-12T06:16:00+00:00', 'map_index': -1, 'start_date': datetime.datetime(2026, 4, 12, 6, 18, 2, 133857, tzinfo=Timezone('UTC')), 'end_date': datetime.datetime(2026, 4, 12, 6, 35, 40, 784457, tzinfo=Timezone('UTC')), 'duration': 1058}]
(Background on this error at: https://sqlalche.me/e/14/gkpj); 10924)
Traceback (most recent call last):
  File "/home/airflow/airflow/venv/lib/python3.12/site-packages/airflow/models/taskinstance.py", line 273, in _run_raw_task
    TaskInstance._execute_task_with_callbacks(
  File "/home/airflow/airflow/venv/lib/python3.12/site-packages/airflow/models/taskinstance.py", line 3159, in _execute_task_with_callbacks
    result = self._execute_task(context, task_orig)
             ^^^^^^^^^^^^^^^^^^^^^^^^^^^^^^^^^^^^^^
  File "/home/airflow/airflow/venv/lib/python3.12/site-packages/airflow/models/taskinstance.py", line 3183, in _execute_task
    return _execute_task(self, context, task_orig)
           ^^^^^^^^^^^^^^^^^^^^^^^^^^^^^^^^^^^^^^^
  File "/home/airflow/airflow/venv/lib/python3.12/site-packages/airflow/models/taskinstance.py", line 767, in _execute_task
    result = _execute_callable(context=context, **execute_callable_kwargs)
             ^^^^^^^^^^^^^^^^^^^^^^^^^^^^^^^^^^^^^^^^^^^^^^^^^^^^^^^^^^^^^
  File "/home/airflow/airflow/venv/lib/python3.12/site-packages/airflow/models/taskinstance.py", line 733, in _execute_callable
    return ExecutionCallableRunner(
           ^^^^^^^^^^^^^^^^^^^^^^^^
  File "/home/airflow/airflow/venv/lib/python3.12/site-packages/airflow/utils/operator_helpers.py", line 252, in run
    return self.func(*args, **kwargs)
           ^^^^^^^^^^^^^^^^^^^^^^^^^^
  File "/home/airflow/airflow/venv/lib/python3.12/site-packages/airflow/models/baseoperator.py", line 422, in wrapper
    return func(self, *args, **kwargs)
           ^^^^^^^^^^^^^^^^^^^^^^^^^^^
  File "/home/airflow/airflow/venv/lib/python3.12/site-packages/airflow/operators/bash.py", line 257, in execute
    result = self._run_inline_command(bash_path=bash_path, env=env)
             ^^^^^^^^^^^^^^^^^^^^^^^^^^^^^^^^^^^^^^^^^^^^^^^^^^^^^^
  File "/home/airflow/airflow/venv/lib/python3.12/site-packages/airflow/operators/bash.py", line 284, in _run_inline_command
    return self.subprocess_hook.run_command(
           ^^^^^^^^^^^^^^^^^^^^^^^^^^^^^^^^^
  File "/home/airflow/airflow/venv/lib/python3.12/site-packages/airflow/hooks/subprocess.py", line 104, in run_command
    for raw_line in iter(self.sub_process.stdout.readline, b""):
                    ^^^^^^^^^^^^^^^^^^^^^^^^^^^^^^^^^^^^^^^^^^^
  File "/home/airflow/airflow/venv/lib/python3.12/site-packages/airflow/models/taskinstance.py", line 3095, in signal_handler
    raise AirflowTaskTerminated("Task received SIGTERM signal")
airflow.exceptions.AirflowTaskTerminated: Task received SIGTERM signal

During handling of the above exception, another exception occurred:

Traceback (most recent call last):
  File "/home/airflow/airflow/venv/lib/python3.12/site-packages/sqlalchemy/engine/base.py", line 1910, in _execute_context
    self.dialect.do_execute(
  File "/home/airflow/airflow/venv/lib/python3.12/site-packages/sqlalchemy/engine/default.py", line 736, in do_execute
    cursor.execute(statement, parameters)
psycopg2.errors.ForeignKeyViolation: insert or update on table "task_fail" violates foreign key constraint "task_fail_ti_fkey"
DETAIL:  Key (dag_id, task_id, run_id, map_index)=(weather_real_time_pipeline_v2, start_spark_streaming_job, scheduled__2026-04-12T06:16:00+00:00, -1) is not present in table "task_instance".


The above exception was the direct cause of the following exception:

Traceback (most recent call last):
  File "/home/airflow/airflow/venv/lib/python3.12/site-packages/airflow/task/task_runner/standard_task_runner.py", line 117, in _start_by_fork
    ret = args.func(args, dag=self.dag)
          ^^^^^^^^^^^^^^^^^^^^^^^^^^^^^
  File "/home/airflow/airflow/venv/lib/python3.12/site-packages/airflow/cli/cli_config.py", line 49, in command
    return func(*args, **kwargs)
           ^^^^^^^^^^^^^^^^^^^^^
  File "/home/airflow/airflow/venv/lib/python3.12/site-packages/airflow/utils/cli.py", line 116, in wrapper
    return f(*args, **kwargs)
           ^^^^^^^^^^^^^^^^^^
  File "/home/airflow/airflow/venv/lib/python3.12/site-packages/airflow/cli/commands/task_command.py", line 483, in task_run
    task_return_code = _run_task_by_selected_method(args, _dag, ti)
                       ^^^^^^^^^^^^^^^^^^^^^^^^^^^^^^^^^^^^^^^^^^^^
  File "/home/airflow/airflow/venv/lib/python3.12/site-packages/airflow/cli/commands/task_command.py", line 256, in _run_task_by_selected_method
    return _run_raw_task(args, ti)
           ^^^^^^^^^^^^^^^^^^^^^^^
  File "/home/airflow/airflow/venv/lib/python3.12/site-packages/airflow/cli/commands/task_command.py", line 341, in _run_raw_task
    return ti._run_raw_task(
           ^^^^^^^^^^^^^^^^^
  File "/home/airflow/airflow/venv/lib/python3.12/site-packages/airflow/utils/session.py", line 97, in wrapper
    return func(*args, session=session, **kwargs)
           ^^^^^^^^^^^^^^^^^^^^^^^^^^^^^^^^^^^^^^
  File "/home/airflow/airflow/venv/lib/python3.12/site-packages/airflow/models/taskinstance.py", line 3005, in _run_raw_task
    return _run_raw_task(
           ^^^^^^^^^^^^^^
  File "/home/airflow/airflow/venv/lib/python3.12/site-packages/airflow/models/taskinstance.py", line 327, in _run_raw_task
    ti.handle_failure(e, test_mode, context, session=session)
  File "/home/airflow/airflow/venv/lib/python3.12/site-packages/airflow/utils/session.py", line 94, in wrapper
    return func(*args, **kwargs)
           ^^^^^^^^^^^^^^^^^^^^^
  File "/home/airflow/airflow/venv/lib/python3.12/site-packages/airflow/models/taskinstance.py", line 3428, in handle_failure
    _handle_failure(
  File "/home/airflow/airflow/venv/lib/python3.12/site-packages/airflow/utils/session.py", line 94, in wrapper
    return func(*args, **kwargs)
           ^^^^^^^^^^^^^^^^^^^^^
  File "/home/airflow/airflow/venv/lib/python3.12/site-packages/airflow/api_internal/internal_api_call.py", line 166, in wrapper
    return func(*args, **kwargs)
           ^^^^^^^^^^^^^^^^^^^^^
  File "/home/airflow/airflow/venv/lib/python3.12/site-packages/airflow/models/taskinstance.py", line 1243, in _handle_failure
    TaskInstance.save_to_db(failure_context["ti"], session)
  File "/home/airflow/airflow/venv/lib/python3.12/site-packages/airflow/api_internal/internal_api_call.py", line 166, in wrapper
    return func(*args, **kwargs)
           ^^^^^^^^^^^^^^^^^^^^^
  File "/home/airflow/airflow/venv/lib/python3.12/site-packages/airflow/utils/session.py", line 94, in wrapper
    return func(*args, **kwargs)
           ^^^^^^^^^^^^^^^^^^^^^
  File "/home/airflow/airflow/venv/lib/python3.12/site-packages/airflow/models/taskinstance.py", line 3400, in save_to_db
    session.flush()
  File "/home/airflow/airflow/venv/lib/python3.12/site-packages/sqlalchemy/orm/session.py", line 3449, in flush
    self._flush(objects)
  File "/home/airflow/airflow/venv/lib/python3.12/site-packages/sqlalchemy/orm/session.py", line 3588, in _flush
    with util.safe_reraise():
         ^^^^^^^^^^^^^^^^^^^
  File "/home/airflow/airflow/venv/lib/python3.12/site-packages/sqlalchemy/util/langhelpers.py", line 70, in __exit__
    compat.raise_(
  File "/home/airflow/airflow/venv/lib/python3.12/site-packages/sqlalchemy/util/compat.py", line 211, in raise_
    raise exception
  File "/home/airflow/airflow/venv/lib/python3.12/site-packages/sqlalchemy/orm/session.py", line 3549, in _flush
    flush_context.execute()
  File "/home/airflow/airflow/venv/lib/python3.12/site-packages/sqlalchemy/orm/unitofwork.py", line 456, in execute
    rec.execute(self)
  File "/home/airflow/airflow/venv/lib/python3.12/site-packages/sqlalchemy/orm/unitofwork.py", line 630, in execute
    util.preloaded.orm_persistence.save_obj(
  File "/home/airflow/airflow/venv/lib/python3.12/site-packages/sqlalchemy/orm/persistence.py", line 245, in save_obj
    _emit_insert_statements(
  File "/home/airflow/airflow/venv/lib/python3.12/site-packages/sqlalchemy/orm/persistence.py", line 1238, in _emit_insert_statements
    result = connection._execute_20(
             ^^^^^^^^^^^^^^^^^^^^^^^
  File "/home/airflow/airflow/venv/lib/python3.12/site-packages/sqlalchemy/engine/base.py", line 1710, in _execute_20
    return meth(self, args_10style, kwargs_10style, execution_options)
           ^^^^^^^^^^^^^^^^^^^^^^^^^^^^^^^^^^^^^^^^^^^^^^^^^^^^^^^^^^^
  File "/home/airflow/airflow/venv/lib/python3.12/site-packages/sqlalchemy/sql/elements.py", line 334, in _execute_on_connection
    return connection._execute_clauseelement(
           ^^^^^^^^^^^^^^^^^^^^^^^^^^^^^^^^^^
  File "/home/airflow/airflow/venv/lib/python3.12/site-packages/sqlalchemy/engine/base.py", line 1577, in _execute_clauseelement
    ret = self._execute_context(
          ^^^^^^^^^^^^^^^^^^^^^^
  File "/home/airflow/airflow/venv/lib/python3.12/site-packages/sqlalchemy/engine/base.py", line 1953, in _execute_context
    self._handle_dbapi_exception(
  File "/home/airflow/airflow/venv/lib/python3.12/site-packages/sqlalchemy/engine/base.py", line 2134, in _handle_dbapi_exception
    util.raise_(
  File "/home/airflow/airflow/venv/lib/python3.12/site-packages/sqlalchemy/util/compat.py", line 211, in raise_
    raise exception
  File "/home/airflow/airflow/venv/lib/python3.12/site-packages/sqlalchemy/engine/base.py", line 1910, in _execute_context
    self.dialect.do_execute(
  File "/home/airflow/airflow/venv/lib/python3.12/site-packages/sqlalchemy/engine/default.py", line 736, in do_execute
    cursor.execute(statement, parameters)
sqlalchemy.exc.IntegrityError: (psycopg2.errors.ForeignKeyViolation) insert or update on table "task_fail" violates foreign key constraint "task_fail_ti_fkey"
DETAIL:  Key (dag_id, task_id, run_id, map_index)=(weather_real_time_pipeline_v2, start_spark_streaming_job, scheduled__2026-04-12T06:16:00+00:00, -1) is not present in table "task_instance".

[SQL: INSERT INTO task_fail (task_id, dag_id, run_id, map_index, start_date, end_date, duration) VALUES (%(task_id)s, %(dag_id)s, %(run_id)s, %(map_index)s, %(start_date)s, %(end_date)s, %(duration)s) RETURNING task_fail.id]
[parameters: {'task_id': 'start_spark_streaming_job', 'dag_id': 'weather_real_time_pipeline_v2', 'run_id': 'scheduled__2026-04-12T06:16:00+00:00', 'map_index': -1, 'start_date': datetime.datetime(2026, 4, 12, 6, 18, 2, 133857, tzinfo=Timezone('UTC')), 'end_date': datetime.datetime(2026, 4, 12, 6, 35, 40, 784457, tzinfo=Timezone('UTC')), 'duration': 1058}]
(Background on this error at: https://sqlalche.me/e/14/gkpj)
[2026-04-12T06:35:40.916+0000] {process_utils.py:80} INFO - Process psutil.Process(pid=10924, status='terminated', exitcode=1) (10924) terminated with exit code 1
[2026-04-12T06:35:41.851+0000] {standard_task_runner.py:217} INFO - Process not found (most likely exited), stop collecting metrics
[2026-04-12T06:36:40.667+0000] {process_utils.py:150} WARNING - process psutil.Process(pid=10938, name='docker', status='zombie', started='06:18:01') did not respond to SIGTERM. Trying SIGKILL
[2026-04-12T06:36:40.675+0000] {process_utils.py:87} INFO - Sending the signal 9 to group 10924
[2026-04-12T06:36:40.676+0000] {process_utils.py:101} INFO - Sending the signal 9 to process 10924 as process group is missing.
[2026-04-12T06:37:40.672+0000] {process_utils.py:161} ERROR - Process psutil.Process(pid=10938, name='docker', status='zombie', started='06:18:01') (10938) could not be killed. Giving up.
