[2026-04-13T14:14:10.982+0000] {local_task_job_runner.py:123} INFO - ::group::Pre task execution logs
[2026-04-13T14:14:11.038+0000] {taskinstance.py:2613} INFO - Dependencies all met for dep_context=non-requeueable deps ti=<TaskInstance: predict_aqi.train_model manual__2026-04-13T14:13:06.049161+00:00 [queued]>
[2026-04-13T14:14:11.060+0000] {taskinstance.py:2613} INFO - Dependencies all met for dep_context=requeueable deps ti=<TaskInstance: predict_aqi.train_model manual__2026-04-13T14:13:06.049161+00:00 [queued]>
[2026-04-13T14:14:11.062+0000] {taskinstance.py:2866} INFO - Starting attempt 1 of 3
[2026-04-13T14:14:11.093+0000] {taskinstance.py:2889} INFO - Executing <Task(BashOperator): train_model> on 2026-04-13 14:13:06.049161+00:00
[2026-04-13T14:14:11.107+0000] {standard_task_runner.py:104} INFO - Running: ['airflow', 'tasks', 'run', 'predict_aqi', 'train_model', 'manual__2026-04-13T14:13:06.049161+00:00', '--job-id', '165', '--raw', '--subdir', 'DAGS_FOLDER/dag_ml.py', '--cfg-path', '/tmp/tmp2ok5zkgu']
[2026-04-13T14:14:11.109+0000] {standard_task_runner.py:105} INFO - Job 165: Subtask train_model
[2026-04-13T14:14:11.166+0000] {logging_mixin.py:190} WARNING - /home/airflow/airflow/venv/lib/python3.12/site-packages/airflow/task/task_runner/standard_task_runner.py:70 DeprecationWarning: This process (pid=75956) is multi-threaded, use of fork() may lead to deadlocks in the child.
[2026-04-13T14:14:11.167+0000] {standard_task_runner.py:72} INFO - Started process 76037 to run task
[2026-04-13T14:14:11.224+0000] {task_command.py:467} INFO - Running <TaskInstance: predict_aqi.train_model manual__2026-04-13T14:13:06.049161+00:00 [running]> on host airflow
[2026-04-13T14:14:11.421+0000] {taskinstance.py:3132} INFO - Exporting env vars: AIRFLOW_CTX_DAG_OWNER='airflow' AIRFLOW_CTX_DAG_ID='predict_aqi' AIRFLOW_CTX_TASK_ID='train_model' AIRFLOW_CTX_EXECUTION_DATE='2026-04-13T14:13:06.049161+00:00' AIRFLOW_CTX_TRY_NUMBER='1' AIRFLOW_CTX_DAG_RUN_ID='manual__2026-04-13T14:13:06.049161+00:00'
[2026-04-13T14:14:11.424+0000] {taskinstance.py:731} INFO - ::endgroup::
[2026-04-13T14:14:11.476+0000] {subprocess.py:78} INFO - Tmp dir root location: /tmp
[2026-04-13T14:14:11.484+0000] {subprocess.py:88} INFO - Running command: ['/usr/bin/bash', '-c', '\n            docker exec spark-master spark-submit                 --conf spark.pyspark.python=python3                 --packages org.apache.iceberg:iceberg-spark-runtime-4.0_2.13:1.10.1                 /home/spark/spark/spark_jobs/train_model.py 2026-04-13\n        ']
[2026-04-13T14:14:11.500+0000] {subprocess.py:99} INFO - Output:
[2026-04-13T14:14:12.428+0000] {subprocess.py:106} INFO - WARNING: Using incubator modules: jdk.incubator.vector
[2026-04-13T14:14:15.451+0000] {subprocess.py:106} INFO - :: loading settings :: url = jar:file:/home/spark/spark/jars/ivy-2.5.3.jar!/org/apache/ivy/core/settings/ivysettings.xml
[2026-04-13T14:14:15.645+0000] {subprocess.py:106} INFO - Ivy Default Cache set to: /home/spark/.ivy2.5.2/cache
[2026-04-13T14:14:15.647+0000] {subprocess.py:106} INFO - The jars for the packages stored in: /home/spark/.ivy2.5.2/jars
[2026-04-13T14:14:15.663+0000] {subprocess.py:106} INFO - org.apache.iceberg#iceberg-spark-runtime-4.0_2.13 added as a dependency
[2026-04-13T14:14:15.665+0000] {subprocess.py:106} INFO - :: resolving dependencies :: org.apache.spark#spark-submit-parent-eca734b3-30e0-4e0f-91df-dba493264d46;1.0
[2026-04-13T14:14:15.666+0000] {subprocess.py:106} INFO - 	confs: [default]
[2026-04-13T14:14:15.953+0000] {subprocess.py:106} INFO - 	found org.apache.iceberg#iceberg-spark-runtime-4.0_2.13;1.10.1 in central
[2026-04-13T14:14:15.993+0000] {subprocess.py:106} INFO - :: resolution report :: resolve 317ms :: artifacts dl 11ms
[2026-04-13T14:14:15.994+0000] {subprocess.py:106} INFO - 	:: modules in use:
[2026-04-13T14:14:15.996+0000] {subprocess.py:106} INFO - 	org.apache.iceberg#iceberg-spark-runtime-4.0_2.13;1.10.1 from central in [default]
[2026-04-13T14:14:15.997+0000] {subprocess.py:106} INFO - 	---------------------------------------------------------------------
[2026-04-13T14:14:16.000+0000] {subprocess.py:106} INFO - 	|                  |            modules            ||   artifacts   |
[2026-04-13T14:14:16.001+0000] {subprocess.py:106} INFO - 	|       conf       | number| search|dwnlded|evicted|| number|dwnlded|
[2026-04-13T14:14:16.002+0000] {subprocess.py:106} INFO - 	---------------------------------------------------------------------
[2026-04-13T14:14:16.003+0000] {subprocess.py:106} INFO - 	|      default     |   1   |   0   |   0   |   0   ||   1   |   0   |
[2026-04-13T14:14:16.004+0000] {subprocess.py:106} INFO - 	---------------------------------------------------------------------
[2026-04-13T14:14:16.005+0000] {subprocess.py:106} INFO - :: retrieving :: org.apache.spark#spark-submit-parent-eca734b3-30e0-4e0f-91df-dba493264d46
[2026-04-13T14:14:16.006+0000] {subprocess.py:106} INFO - 	confs: [default]
[2026-04-13T14:14:16.017+0000] {subprocess.py:106} INFO - 	0 artifacts copied, 1 already retrieved (0kB/14ms)
[2026-04-13T14:14:16.541+0000] {subprocess.py:106} INFO - 26/04/13 14:14:16 WARN NativeCodeLoader: Unable to load native-hadoop library for your platform... using builtin-java classes where applicable
[2026-04-13T14:14:20.745+0000] {subprocess.py:106} INFO - Using Spark's default log4j profile: org/apache/spark/log4j2-defaults.properties
[2026-04-13T14:14:20.762+0000] {subprocess.py:106} INFO - 26/04/13 14:14:20 INFO SparkContext: Running Spark version 4.0.2
[2026-04-13T14:14:20.766+0000] {subprocess.py:106} INFO - 26/04/13 14:14:20 INFO SparkContext: OS info Linux, 6.6.87.2-microsoft-standard-WSL2, amd64
[2026-04-13T14:14:20.769+0000] {subprocess.py:106} INFO - 26/04/13 14:14:20 INFO SparkContext: Java version 21.0.10
[2026-04-13T14:14:20.824+0000] {subprocess.py:106} INFO - 26/04/13 14:14:20 INFO ResourceUtils: ==============================================================
[2026-04-13T14:14:20.825+0000] {subprocess.py:106} INFO - 26/04/13 14:14:20 INFO ResourceUtils: No custom resources configured for spark.driver.
[2026-04-13T14:14:20.827+0000] {subprocess.py:106} INFO - 26/04/13 14:14:20 INFO ResourceUtils: ==============================================================
[2026-04-13T14:14:20.828+0000] {subprocess.py:106} INFO - 26/04/13 14:14:20 INFO SparkContext: Submitted application: TrainModel
[2026-04-13T14:14:20.909+0000] {subprocess.py:106} INFO - 26/04/13 14:14:20 INFO ResourceProfile: Default ResourceProfile created, executor resources: Map(cores -> name: cores, amount: 2, script: , vendor: , memory -> name: memory, amount: 2048, script: , vendor: , offHeap -> name: offHeap, amount: 0, script: , vendor: ), task resources: Map(cpus -> name: cpus, amount: 1.0)
[2026-04-13T14:14:20.923+0000] {subprocess.py:106} INFO - 26/04/13 14:14:20 INFO ResourceProfile: Limiting resource is cpus at 2 tasks per executor
[2026-04-13T14:14:20.930+0000] {subprocess.py:106} INFO - 26/04/13 14:14:20 INFO ResourceProfileManager: Added ResourceProfile id: 0
[2026-04-13T14:14:21.032+0000] {subprocess.py:106} INFO - 26/04/13 14:14:21 INFO SecurityManager: Changing view acls to: spark
[2026-04-13T14:14:21.035+0000] {subprocess.py:106} INFO - 26/04/13 14:14:21 INFO SecurityManager: Changing modify acls to: spark
[2026-04-13T14:14:21.036+0000] {subprocess.py:106} INFO - 26/04/13 14:14:21 INFO SecurityManager: Changing view acls groups to: spark
[2026-04-13T14:14:21.037+0000] {subprocess.py:106} INFO - 26/04/13 14:14:21 INFO SecurityManager: Changing modify acls groups to: spark
[2026-04-13T14:14:21.043+0000] {subprocess.py:106} INFO - 26/04/13 14:14:21 INFO SecurityManager: SecurityManager: authentication disabled; ui acls disabled; users with view permissions: spark groups with view permissions: EMPTY; users with modify permissions: spark; groups with modify permissions: EMPTY; RPC SSL disabled
[2026-04-13T14:14:21.510+0000] {subprocess.py:106} INFO - 26/04/13 14:14:21 INFO Utils: Successfully started service 'sparkDriver' on port 38177.
[2026-04-13T14:14:21.568+0000] {subprocess.py:106} INFO - 26/04/13 14:14:21 INFO SparkEnv: Registering MapOutputTracker
[2026-04-13T14:14:21.592+0000] {subprocess.py:106} INFO - 26/04/13 14:14:21 INFO SparkEnv: Registering BlockManagerMaster
[2026-04-13T14:14:21.618+0000] {subprocess.py:106} INFO - 26/04/13 14:14:21 INFO BlockManagerMasterEndpoint: Using org.apache.spark.storage.DefaultTopologyMapper for getting topology information
[2026-04-13T14:14:21.619+0000] {subprocess.py:106} INFO - 26/04/13 14:14:21 INFO BlockManagerMasterEndpoint: BlockManagerMasterEndpoint up
[2026-04-13T14:14:21.625+0000] {subprocess.py:106} INFO - 26/04/13 14:14:21 INFO SparkEnv: Registering BlockManagerMasterHeartbeat
[2026-04-13T14:14:21.668+0000] {subprocess.py:106} INFO - 26/04/13 14:14:21 INFO DiskBlockManager: Created local directory at /tmp/blockmgr-f02578e3-98d8-4ecd-81fa-13dd728eddab
[2026-04-13T14:14:21.720+0000] {subprocess.py:106} INFO - 26/04/13 14:14:21 INFO SparkEnv: Registering OutputCommitCoordinator
[2026-04-13T14:14:21.958+0000] {subprocess.py:106} INFO - 26/04/13 14:14:21 INFO JettyUtils: Start Jetty 0.0.0.0:4040 for SparkUI
[2026-04-13T14:14:22.125+0000] {subprocess.py:106} INFO - 26/04/13 14:14:22 INFO Utils: Successfully started service 'SparkUI' on port 4040.
[2026-04-13T14:14:22.207+0000] {subprocess.py:106} INFO - 26/04/13 14:14:22 INFO SparkContext: Added JAR file:///home/spark/.ivy2.5.2/jars/org.apache.iceberg_iceberg-spark-runtime-4.0_2.13-1.10.1.jar at spark://spark-master:38177/jars/org.apache.iceberg_iceberg-spark-runtime-4.0_2.13-1.10.1.jar with timestamp 1776089660724
[2026-04-13T14:14:22.213+0000] {subprocess.py:106} INFO - 26/04/13 14:14:22 INFO SparkContext: Added file file:///home/spark/.ivy2.5.2/jars/org.apache.iceberg_iceberg-spark-runtime-4.0_2.13-1.10.1.jar at file:///home/spark/.ivy2.5.2/jars/org.apache.iceberg_iceberg-spark-runtime-4.0_2.13-1.10.1.jar with timestamp 1776089660724
[2026-04-13T14:14:22.217+0000] {subprocess.py:106} INFO - 26/04/13 14:14:22 INFO Utils: Copying /home/spark/.ivy2.5.2/jars/org.apache.iceberg_iceberg-spark-runtime-4.0_2.13-1.10.1.jar to /tmp/spark-7dc681a5-4905-46f6-aee9-2a630cf49b68/userFiles-29fab027-0269-4b2c-9a91-d29dd7af6207/org.apache.iceberg_iceberg-spark-runtime-4.0_2.13-1.10.1.jar
[2026-04-13T14:14:22.391+0000] {subprocess.py:106} INFO - 26/04/13 14:14:22 INFO SecurityManager: Changing view acls to: spark
[2026-04-13T14:14:22.393+0000] {subprocess.py:106} INFO - 26/04/13 14:14:22 INFO SecurityManager: Changing modify acls to: spark
[2026-04-13T14:14:22.394+0000] {subprocess.py:106} INFO - 26/04/13 14:14:22 INFO SecurityManager: Changing view acls groups to: spark
[2026-04-13T14:14:22.396+0000] {subprocess.py:106} INFO - 26/04/13 14:14:22 INFO SecurityManager: Changing modify acls groups to: spark
[2026-04-13T14:14:22.397+0000] {subprocess.py:106} INFO - 26/04/13 14:14:22 INFO SecurityManager: SecurityManager: authentication disabled; ui acls disabled; users with view permissions: spark groups with view permissions: EMPTY; users with modify permissions: spark; groups with modify permissions: EMPTY; RPC SSL disabled
[2026-04-13T14:14:22.663+0000] {subprocess.py:106} INFO - 26/04/13 14:14:22 INFO Executor: Starting executor ID driver on host spark-master
[2026-04-13T14:14:22.664+0000] {subprocess.py:106} INFO - 26/04/13 14:14:22 INFO Executor: OS info Linux, 6.6.87.2-microsoft-standard-WSL2, amd64
[2026-04-13T14:14:22.665+0000] {subprocess.py:106} INFO - 26/04/13 14:14:22 INFO Executor: Java version 21.0.10
[2026-04-13T14:14:22.691+0000] {subprocess.py:106} INFO - 26/04/13 14:14:22 INFO Executor: Starting executor with user classpath (userClassPathFirst = false): ''
[2026-04-13T14:14:22.693+0000] {subprocess.py:106} INFO - 26/04/13 14:14:22 INFO Executor: Created or updated repl class loader org.apache.spark.util.MutableURLClassLoader@1e11fc63 for default.
[2026-04-13T14:14:22.716+0000] {subprocess.py:106} INFO - 26/04/13 14:14:22 INFO Executor: Fetching file:///home/spark/.ivy2.5.2/jars/org.apache.iceberg_iceberg-spark-runtime-4.0_2.13-1.10.1.jar with timestamp 1776089660724
[2026-04-13T14:14:22.780+0000] {subprocess.py:106} INFO - 26/04/13 14:14:22 INFO Utils: /home/spark/.ivy2.5.2/jars/org.apache.iceberg_iceberg-spark-runtime-4.0_2.13-1.10.1.jar has been previously copied to /tmp/spark-7dc681a5-4905-46f6-aee9-2a630cf49b68/userFiles-29fab027-0269-4b2c-9a91-d29dd7af6207/org.apache.iceberg_iceberg-spark-runtime-4.0_2.13-1.10.1.jar
[2026-04-13T14:14:22.796+0000] {subprocess.py:106} INFO - 26/04/13 14:14:22 INFO Executor: Fetching spark://spark-master:38177/jars/org.apache.iceberg_iceberg-spark-runtime-4.0_2.13-1.10.1.jar with timestamp 1776089660724
[2026-04-13T14:14:22.849+0000] {subprocess.py:106} INFO - 26/04/13 14:14:22 INFO TransportClientFactory: Successfully created connection to spark-master/172.20.0.5:38177 after 35 ms (0 ms spent in bootstraps)
[2026-04-13T14:14:22.862+0000] {subprocess.py:106} INFO - 26/04/13 14:14:22 INFO Utils: Fetching spark://spark-master:38177/jars/org.apache.iceberg_iceberg-spark-runtime-4.0_2.13-1.10.1.jar to /tmp/spark-7dc681a5-4905-46f6-aee9-2a630cf49b68/userFiles-29fab027-0269-4b2c-9a91-d29dd7af6207/fetchFileTemp6678637540237389905.tmp
[2026-04-13T14:14:23.335+0000] {subprocess.py:106} INFO - 26/04/13 14:14:23 INFO Utils: /tmp/spark-7dc681a5-4905-46f6-aee9-2a630cf49b68/userFiles-29fab027-0269-4b2c-9a91-d29dd7af6207/fetchFileTemp6678637540237389905.tmp has been previously copied to /tmp/spark-7dc681a5-4905-46f6-aee9-2a630cf49b68/userFiles-29fab027-0269-4b2c-9a91-d29dd7af6207/org.apache.iceberg_iceberg-spark-runtime-4.0_2.13-1.10.1.jar
[2026-04-13T14:14:23.360+0000] {subprocess.py:106} INFO - 26/04/13 14:14:23 INFO Executor: Adding file:/tmp/spark-7dc681a5-4905-46f6-aee9-2a630cf49b68/userFiles-29fab027-0269-4b2c-9a91-d29dd7af6207/org.apache.iceberg_iceberg-spark-runtime-4.0_2.13-1.10.1.jar to class loader default
[2026-04-13T14:14:23.379+0000] {subprocess.py:106} INFO - 26/04/13 14:14:23 INFO Utils: Successfully started service 'org.apache.spark.network.netty.NettyBlockTransferService' on port 37637.
[2026-04-13T14:14:23.380+0000] {subprocess.py:106} INFO - 26/04/13 14:14:23 INFO NettyBlockTransferService: Server created on spark-master:37637
[2026-04-13T14:14:23.381+0000] {subprocess.py:106} INFO - 26/04/13 14:14:23 INFO BlockManager: Using org.apache.spark.storage.RandomBlockReplicationPolicy for block replication policy
[2026-04-13T14:14:23.405+0000] {subprocess.py:106} INFO - 26/04/13 14:14:23 INFO BlockManagerMaster: Registering BlockManager BlockManagerId(driver, spark-master, 37637, None)
[2026-04-13T14:14:23.415+0000] {subprocess.py:106} INFO - 26/04/13 14:14:23 INFO BlockManagerMasterEndpoint: Registering block manager spark-master:37637 with 1048.8 MiB RAM, BlockManagerId(driver, spark-master, 37637, None)
[2026-04-13T14:14:23.419+0000] {subprocess.py:106} INFO - 26/04/13 14:14:23 INFO BlockManagerMaster: Registered BlockManager BlockManagerId(driver, spark-master, 37637, None)
[2026-04-13T14:14:23.423+0000] {subprocess.py:106} INFO - 26/04/13 14:14:23 INFO BlockManager: Initialized BlockManager: BlockManagerId(driver, spark-master, 37637, None)
[2026-04-13T14:14:27.637+0000] {subprocess.py:106} INFO - Đọc dữ liệu Gold từ iceberg.air_quality_ml.air_quality_gold
[2026-04-13T14:14:27.657+0000] {subprocess.py:106} INFO - 26/04/13 14:14:27 INFO SharedState: spark.sql.warehouse.dir is not set, but hive.metastore.warehouse.dir is set. Setting spark.sql.warehouse.dir to the value of hive.metastore.warehouse.dir.
[2026-04-13T14:14:28.048+0000] {subprocess.py:106} INFO - 26/04/13 14:14:28 INFO SharedState: Warehouse path is 'hdfs://23133083thuyvan-master:9000/user/hive/lakehouse'.
[2026-04-13T14:14:29.794+0000] {subprocess.py:106} INFO - 26/04/13 14:14:29 INFO CatalogUtil: Loading custom FileIO implementation: org.apache.iceberg.hadoop.HadoopFileIO
[2026-04-13T14:14:29.953+0000] {subprocess.py:106} INFO - 26/04/13 14:14:29 INFO HiveConf: Found configuration file file:/home/spark/spark/conf/hive-site.xml
[2026-04-13T14:14:30.198+0000] {subprocess.py:106} INFO - 26/04/13 14:14:30 INFO metastore: Trying to connect to metastore with URI thrift://23133083thuyvan-master:9083
[2026-04-13T14:14:30.227+0000] {subprocess.py:106} INFO - 26/04/13 14:14:30 INFO metastore: Opened a connection to metastore, current connections: 1
[2026-04-13T14:14:30.272+0000] {subprocess.py:106} INFO - 26/04/13 14:14:30 INFO metastore: Connected to metastore.
[2026-04-13T14:14:30.500+0000] {subprocess.py:106} INFO - 26/04/13 14:14:30 INFO BaseMetastoreTableOperations: Refreshing table metadata from new version: hdfs://23133083thuyvan-master:9000/user/hive/lakehouse/gold/ml/air_quality_gold/metadata/00012-c6e7dea7-6916-43e3-a88f-2d09408fe112.metadata.json
[2026-04-13T14:14:31.207+0000] {subprocess.py:106} INFO - 26/04/13 14:14:31 INFO BaseMetastoreCatalog: Table loaded by catalog: iceberg.air_quality_ml.air_quality_gold
[2026-04-13T14:14:32.777+0000] {subprocess.py:106} INFO - 26/04/13 14:14:32 INFO BaseMetastoreCatalog: Table properties set at catalog level through catalog properties: {}
[2026-04-13T14:14:32.786+0000] {subprocess.py:106} INFO - 26/04/13 14:14:32 INFO BaseMetastoreCatalog: Table properties enforced at catalog level through catalog properties: {}
[2026-04-13T14:14:32.949+0000] {subprocess.py:106} INFO - 26/04/13 14:14:32 INFO V2ScanRelationPushDown:
[2026-04-13T14:14:32.950+0000] {subprocess.py:106} INFO - Output: timestamp#0, location#1, latitude#2, longitude#3, country#4, condition_text#5, timezone#6, temperature_2m#7, relative_humidity_2m#8, apparent_temperature#9, precipitation#10, cloud_cover#11, wind_speed_10m#12, wind_direction_10m#13, wind_gusts_10m#14, uv_index#15, weather_code#16, european_aqi#17, us_aqi#18, us_aqi_index#19, aqi_label#20, pm10#21, pm2_5#22, carbon_monoxide#23, nitrogen_dioxide#24, sulphur_dioxide#25, ozone#26, processing_time#27, data_source#28
[2026-04-13T14:14:32.952+0000] {subprocess.py:106} INFO - 
[2026-04-13T14:14:32.966+0000] {subprocess.py:106} INFO - 26/04/13 14:14:32 INFO SnapshotScan: Scanning table iceberg.air_quality_ml.air_quality_gold snapshot 1489285760171063216 created at 2026-04-13T14:14:06.652+00:00 with filter true
[2026-04-13T14:14:33.263+0000] {subprocess.py:106} INFO - 26/04/13 14:14:33 INFO BaseDistributedDataScan: Planning file tasks locally for table iceberg.air_quality_ml.air_quality_gold
[2026-04-13T14:14:33.504+0000] {subprocess.py:106} INFO - 26/04/13 14:14:33 INFO SparkPartitioningAwareScan: Reporting UnknownPartitioning with 49 partition(s) for table iceberg.air_quality_ml.air_quality_gold
[2026-04-13T14:14:33.689+0000] {subprocess.py:106} INFO - 26/04/13 14:14:33 INFO MemoryStore: MemoryStore started with capacity 1048.8 MiB
[2026-04-13T14:14:33.719+0000] {subprocess.py:106} INFO - 26/04/13 14:14:33 INFO MemoryStore: Block broadcast_0 stored as values in memory (estimated size 32.0 KiB, free 1048.8 MiB)
[2026-04-13T14:14:33.806+0000] {subprocess.py:106} INFO - 26/04/13 14:14:33 INFO MemoryStore: Block broadcast_0_piece0 stored as bytes in memory (estimated size 34.8 KiB, free 1048.7 MiB)
[2026-04-13T14:14:33.821+0000] {subprocess.py:106} INFO - 26/04/13 14:14:33 INFO SparkContext: Created broadcast 0 from broadcast at SparkBatch.java:87
[2026-04-13T14:14:34.018+0000] {subprocess.py:106} INFO - 26/04/13 14:14:34 INFO MemoryStore: Block broadcast_1 stored as values in memory (estimated size 32.0 KiB, free 1048.7 MiB)
[2026-04-13T14:14:34.027+0000] {subprocess.py:106} INFO - 26/04/13 14:14:34 INFO MemoryStore: Block broadcast_1_piece0 stored as bytes in memory (estimated size 34.8 KiB, free 1048.7 MiB)
[2026-04-13T14:14:34.029+0000] {subprocess.py:106} INFO - 26/04/13 14:14:34 INFO SparkContext: Created broadcast 1 from broadcast at SparkBatch.java:87
[2026-04-13T14:14:34.177+0000] {subprocess.py:106} INFO - 26/04/13 14:14:34 WARN SparkStringUtils: Truncated the string representation of a plan since it was too large. This behavior can be adjusted by setting 'spark.sql.debug.maxToStringFields'.
[2026-04-13T14:14:35.077+0000] {subprocess.py:106} INFO - 26/04/13 14:14:35 INFO CodeGenerator: Code generated in 571.516044 ms
[2026-04-13T14:14:35.322+0000] {subprocess.py:106} INFO - 26/04/13 14:14:35 INFO MemoryStore: Block broadcast_2 stored as values in memory (estimated size 32.0 KiB, free 1048.6 MiB)
[2026-04-13T14:14:35.344+0000] {subprocess.py:106} INFO - 26/04/13 14:14:35 INFO MemoryStore: Block broadcast_2_piece0 stored as bytes in memory (estimated size 34.5 KiB, free 1048.6 MiB)
[2026-04-13T14:14:35.350+0000] {subprocess.py:106} INFO - 26/04/13 14:14:35 INFO SparkContext: Created broadcast 2 from broadcast at SparkWrite.java:198
[2026-04-13T14:14:35.357+0000] {subprocess.py:106} INFO - 26/04/13 14:14:35 INFO OverwriteByExpressionExec: Start processing data source write support: IcebergBatchWrite(table=air_quality_ml.air_quality_train, format=PARQUET). The input RDD has 49} partitions.
[2026-04-13T14:14:35.410+0000] {subprocess.py:106} INFO - 26/04/13 14:14:35 INFO SparkContext: Starting job: createOrReplace at NativeMethodAccessorImpl.java:0
[2026-04-13T14:14:35.434+0000] {subprocess.py:106} INFO - 26/04/13 14:14:35 INFO DAGScheduler: Got job 0 (createOrReplace at NativeMethodAccessorImpl.java:0) with 49 output partitions
[2026-04-13T14:14:35.437+0000] {subprocess.py:106} INFO - 26/04/13 14:14:35 INFO DAGScheduler: Final stage: ResultStage 0 (createOrReplace at NativeMethodAccessorImpl.java:0)
[2026-04-13T14:14:35.438+0000] {subprocess.py:106} INFO - 26/04/13 14:14:35 INFO DAGScheduler: Parents of final stage: List()
[2026-04-13T14:14:35.443+0000] {subprocess.py:106} INFO - 26/04/13 14:14:35 INFO DAGScheduler: Missing parents: List()
[2026-04-13T14:14:35.451+0000] {subprocess.py:106} INFO - 26/04/13 14:14:35 INFO DAGScheduler: Submitting ResultStage 0 (MapPartitionsRDD[2] at createOrReplace at NativeMethodAccessorImpl.java:0), which has no missing parents
[2026-04-13T14:14:35.495+0000] {subprocess.py:106} INFO - 26/04/13 14:14:35 INFO MemoryStore: Block broadcast_3 stored as values in memory (estimated size 53.3 KiB, free 1048.6 MiB)
[2026-04-13T14:14:35.500+0000] {subprocess.py:106} INFO - 26/04/13 14:14:35 INFO MemoryStore: Block broadcast_3_piece0 stored as bytes in memory (estimated size 16.3 KiB, free 1048.5 MiB)
[2026-04-13T14:14:35.503+0000] {subprocess.py:106} INFO - 26/04/13 14:14:35 INFO SparkContext: Created broadcast 3 from broadcast at DAGScheduler.scala:1676
[2026-04-13T14:14:35.535+0000] {subprocess.py:106} INFO - 26/04/13 14:14:35 INFO DAGScheduler: Submitting 49 missing tasks from ResultStage 0 (MapPartitionsRDD[2] at createOrReplace at NativeMethodAccessorImpl.java:0) (first 15 tasks are for partitions Vector(0, 1, 2, 3, 4, 5, 6, 7, 8, 9, 10, 11, 12, 13, 14))
[2026-04-13T14:14:35.539+0000] {subprocess.py:106} INFO - 26/04/13 14:14:35 INFO TaskSchedulerImpl: Adding task set 0.0 with 49 tasks resource profile 0
[2026-04-13T14:14:35.612+0000] {subprocess.py:106} INFO - 26/04/13 14:14:35 INFO TaskSetManager: Starting task 0.0 in stage 0.0 (TID 0) (spark-master,executor driver, partition 0, ANY, 19962 bytes)
[2026-04-13T14:14:35.619+0000] {subprocess.py:106} INFO - 26/04/13 14:14:35 INFO TaskSetManager: Starting task 1.0 in stage 0.0 (TID 1) (spark-master,executor driver, partition 1, ANY, 19944 bytes)
[2026-04-13T14:14:35.620+0000] {subprocess.py:106} INFO - 26/04/13 14:14:35 INFO TaskSetManager: Starting task 2.0 in stage 0.0 (TID 2) (spark-master,executor driver, partition 2, ANY, 19694 bytes)
[2026-04-13T14:14:35.623+0000] {subprocess.py:106} INFO - 26/04/13 14:14:35 INFO TaskSetManager: Starting task 3.0 in stage 0.0 (TID 3) (spark-master,executor driver, partition 3, ANY, 19712 bytes)
[2026-04-13T14:14:35.625+0000] {subprocess.py:106} INFO - 26/04/13 14:14:35 INFO TaskSetManager: Starting task 4.0 in stage 0.0 (TID 4) (spark-master,executor driver, partition 4, ANY, 19962 bytes)
[2026-04-13T14:14:35.629+0000] {subprocess.py:106} INFO - 26/04/13 14:14:35 INFO TaskSetManager: Starting task 5.0 in stage 0.0 (TID 5) (spark-master,executor driver, partition 5, ANY, 19694 bytes)
[2026-04-13T14:14:35.630+0000] {subprocess.py:106} INFO - 26/04/13 14:14:35 INFO TaskSetManager: Starting task 6.0 in stage 0.0 (TID 6) (spark-master,executor driver, partition 6, ANY, 19962 bytes)
[2026-04-13T14:14:35.632+0000] {subprocess.py:106} INFO - 26/04/13 14:14:35 INFO TaskSetManager: Starting task 7.0 in stage 0.0 (TID 7) (spark-master,executor driver, partition 7, ANY, 19694 bytes)
[2026-04-13T14:14:35.633+0000] {subprocess.py:106} INFO - 26/04/13 14:14:35 INFO TaskSetManager: Starting task 8.0 in stage 0.0 (TID 8) (spark-master,executor driver, partition 8, ANY, 19694 bytes)
[2026-04-13T14:14:35.636+0000] {subprocess.py:106} INFO - 26/04/13 14:14:35 INFO TaskSetManager: Starting task 9.0 in stage 0.0 (TID 9) (spark-master,executor driver, partition 9, ANY, 19703 bytes)
[2026-04-13T14:14:35.639+0000] {subprocess.py:106} INFO - 26/04/13 14:14:35 INFO TaskSetManager: Starting task 10.0 in stage 0.0 (TID 10) (spark-master,executor driver, partition 10, ANY, 19962 bytes)
[2026-04-13T14:14:35.640+0000] {subprocess.py:106} INFO - 26/04/13 14:14:35 INFO TaskSetManager: Starting task 11.0 in stage 0.0 (TID 11) (spark-master,executor driver, partition 11, ANY, 19971 bytes)
[2026-04-13T14:14:35.643+0000] {subprocess.py:106} INFO - 26/04/13 14:14:35 INFO TaskSetManager: Starting task 12.0 in stage 0.0 (TID 12) (spark-master,executor driver, partition 12, ANY, 19953 bytes)
[2026-04-13T14:14:35.645+0000] {subprocess.py:106} INFO - 26/04/13 14:14:35 INFO TaskSetManager: Starting task 13.0 in stage 0.0 (TID 13) (spark-master,executor driver, partition 13, ANY, 19972 bytes)
[2026-04-13T14:14:35.647+0000] {subprocess.py:106} INFO - 26/04/13 14:14:35 INFO TaskSetManager: Starting task 14.0 in stage 0.0 (TID 14) (spark-master,executor driver, partition 14, ANY, 19973 bytes)
[2026-04-13T14:14:35.649+0000] {subprocess.py:106} INFO - 26/04/13 14:14:35 INFO TaskSetManager: Starting task 15.0 in stage 0.0 (TID 15) (spark-master,executor driver, partition 15, ANY, 19981 bytes)
[2026-04-13T14:14:35.669+0000] {subprocess.py:106} INFO - 26/04/13 14:14:35 INFO Executor: Running task 3.0 in stage 0.0 (TID 3)
[2026-04-13T14:14:35.672+0000] {subprocess.py:106} INFO - 26/04/13 14:14:35 INFO Executor: Running task 4.0 in stage 0.0 (TID 4)
[2026-04-13T14:14:35.674+0000] {subprocess.py:106} INFO - 26/04/13 14:14:35 INFO Executor: Running task 2.0 in stage 0.0 (TID 2)
[2026-04-13T14:14:35.675+0000] {subprocess.py:106} INFO - 26/04/13 14:14:35 INFO Executor: Running task 5.0 in stage 0.0 (TID 5)
[2026-04-13T14:14:35.676+0000] {subprocess.py:106} INFO - 26/04/13 14:14:35 INFO Executor: Running task 1.0 in stage 0.0 (TID 1)
[2026-04-13T14:14:35.678+0000] {subprocess.py:106} INFO - 26/04/13 14:14:35 INFO Executor: Running task 0.0 in stage 0.0 (TID 0)
[2026-04-13T14:14:35.679+0000] {subprocess.py:106} INFO - 26/04/13 14:14:35 INFO Executor: Running task 6.0 in stage 0.0 (TID 6)
[2026-04-13T14:14:35.680+0000] {subprocess.py:106} INFO - 26/04/13 14:14:35 INFO Executor: Running task 7.0 in stage 0.0 (TID 7)
[2026-04-13T14:14:35.681+0000] {subprocess.py:106} INFO - 26/04/13 14:14:35 INFO Executor: Running task 8.0 in stage 0.0 (TID 8)
[2026-04-13T14:14:35.682+0000] {subprocess.py:106} INFO - 26/04/13 14:14:35 INFO Executor: Running task 9.0 in stage 0.0 (TID 9)
[2026-04-13T14:14:35.683+0000] {subprocess.py:106} INFO - 26/04/13 14:14:35 INFO Executor: Running task 10.0 in stage 0.0 (TID 10)
[2026-04-13T14:14:35.683+0000] {subprocess.py:106} INFO - 26/04/13 14:14:35 INFO Executor: Running task 12.0 in stage 0.0 (TID 12)
[2026-04-13T14:14:35.685+0000] {subprocess.py:106} INFO - 26/04/13 14:14:35 INFO Executor: Running task 11.0 in stage 0.0 (TID 11)
[2026-04-13T14:14:35.686+0000] {subprocess.py:106} INFO - 26/04/13 14:14:35 INFO Executor: Running task 14.0 in stage 0.0 (TID 14)
[2026-04-13T14:14:35.688+0000] {subprocess.py:106} INFO - 26/04/13 14:14:35 INFO Executor: Running task 13.0 in stage 0.0 (TID 13)
[2026-04-13T14:14:35.689+0000] {subprocess.py:106} INFO - 26/04/13 14:14:35 INFO Executor: Running task 15.0 in stage 0.0 (TID 15)
[2026-04-13T14:14:36.111+0000] {subprocess.py:106} INFO - 26/04/13 14:14:36 INFO CodeGenerator: Code generated in 129.441197 ms
[2026-04-13T14:14:36.416+0000] {subprocess.py:106} INFO - 26/04/13 14:14:36 INFO CodeGenerator: Code generated in 136.271323 ms
[2026-04-13T14:14:36.528+0000] {subprocess.py:106} INFO - 26/04/13 14:14:36 INFO CodeGenerator: Code generated in 44.242969 ms
[2026-04-13T14:14:36.737+0000] {subprocess.py:106} INFO - 26/04/13 14:14:36 INFO CodecPool: Got brand-new compressor [.zstd]
[2026-04-13T14:14:36.738+0000] {subprocess.py:106} INFO - 26/04/13 14:14:36 INFO CodecPool: Got brand-new compressor [.zstd]
[2026-04-13T14:14:36.739+0000] {subprocess.py:106} INFO - 26/04/13 14:14:36 INFO CodecPool: Got brand-new compressor [.zstd]
[2026-04-13T14:14:36.740+0000] {subprocess.py:106} INFO - 26/04/13 14:14:36 INFO CodecPool: Got brand-new compressor [.zstd]
[2026-04-13T14:14:36.741+0000] {subprocess.py:106} INFO - 26/04/13 14:14:36 INFO CodecPool: Got brand-new compressor [.zstd]
[2026-04-13T14:14:36.742+0000] {subprocess.py:106} INFO - 26/04/13 14:14:36 INFO CodecPool: Got brand-new compressor [.zstd]
[2026-04-13T14:14:36.743+0000] {subprocess.py:106} INFO - 26/04/13 14:14:36 INFO CodecPool: Got brand-new compressor [.zstd]
[2026-04-13T14:14:36.744+0000] {subprocess.py:106} INFO - 26/04/13 14:14:36 INFO CodecPool: Got brand-new compressor [.zstd]
[2026-04-13T14:14:36.745+0000] {subprocess.py:106} INFO - 26/04/13 14:14:36 INFO CodecPool: Got brand-new compressor [.zstd]
[2026-04-13T14:14:36.746+0000] {subprocess.py:106} INFO - 26/04/13 14:14:36 INFO CodecPool: Got brand-new compressor [.zstd]
[2026-04-13T14:14:36.747+0000] {subprocess.py:106} INFO - 26/04/13 14:14:36 INFO CodecPool: Got brand-new compressor [.zstd]
[2026-04-13T14:14:36.748+0000] {subprocess.py:106} INFO - 26/04/13 14:14:36 INFO CodecPool: Got brand-new compressor [.zstd]
[2026-04-13T14:14:36.749+0000] {subprocess.py:106} INFO - 26/04/13 14:14:36 INFO CodecPool: Got brand-new compressor [.zstd]
[2026-04-13T14:14:36.750+0000] {subprocess.py:106} INFO - 26/04/13 14:14:36 INFO CodecPool: Got brand-new compressor [.zstd]
[2026-04-13T14:14:36.751+0000] {subprocess.py:106} INFO - 26/04/13 14:14:36 INFO CodecPool: Got brand-new compressor [.zstd]
[2026-04-13T14:14:36.752+0000] {subprocess.py:106} INFO - 26/04/13 14:14:36 INFO CodecPool: Got brand-new compressor [.zstd]
[2026-04-13T14:14:37.944+0000] {subprocess.py:106} INFO - 26/04/13 14:14:37 INFO VectorizedSparkParquetReaders: Enabling arrow.enable_unsafe_memory_access
[2026-04-13T14:14:37.945+0000] {subprocess.py:106} INFO - 26/04/13 14:14:37 INFO VectorizedSparkParquetReaders: Disabling arrow.enable_null_check_for_get
[2026-04-13T14:14:37.956+0000] {subprocess.py:106} INFO - 26/04/13 14:14:37 INFO BaseAllocator: Debug mode disabled. Enable with the VM option -Darrow.memory.debug.allocator=true.
[2026-04-13T14:14:37.960+0000] {subprocess.py:106} INFO - 26/04/13 14:14:37 INFO DefaultAllocationManagerOption: allocation manager type not specified, using netty as the default type
[2026-04-13T14:14:37.962+0000] {subprocess.py:106} INFO - 26/04/13 14:14:37 INFO CheckAllocator: Using DefaultAllocationManager at memory/DefaultAllocationManagerFactory.class
[2026-04-13T14:14:38.280+0000] {subprocess.py:106} INFO - 26/04/13 14:14:38 INFO CodecPool: Got brand-new decompressor [.zstd]
[2026-04-13T14:14:38.282+0000] {subprocess.py:106} INFO - 26/04/13 14:14:38 INFO CodecPool: Got brand-new decompressor [.zstd]
[2026-04-13T14:14:38.285+0000] {subprocess.py:106} INFO - 26/04/13 14:14:38 INFO CodecPool: Got brand-new decompressor [.zstd]
[2026-04-13T14:14:38.293+0000] {subprocess.py:106} INFO - 26/04/13 14:14:38 INFO CodecPool: Got brand-new decompressor [.zstd]
[2026-04-13T14:14:38.294+0000] {subprocess.py:106} INFO - 26/04/13 14:14:38 INFO CodecPool: Got brand-new decompressor [.zstd]
[2026-04-13T14:14:38.297+0000] {subprocess.py:106} INFO - 26/04/13 14:14:38 INFO CodecPool: Got brand-new decompressor [.zstd]
[2026-04-13T14:14:38.298+0000] {subprocess.py:106} INFO - 26/04/13 14:14:38 INFO CodecPool: Got brand-new decompressor [.zstd]
[2026-04-13T14:14:38.300+0000] {subprocess.py:106} INFO - 26/04/13 14:14:38 INFO CodecPool: Got brand-new decompressor [.zstd]
[2026-04-13T14:14:38.301+0000] {subprocess.py:106} INFO - 26/04/13 14:14:38 INFO CodecPool: Got brand-new decompressor [.zstd]
[2026-04-13T14:14:38.303+0000] {subprocess.py:106} INFO - 26/04/13 14:14:38 INFO CodecPool: Got brand-new decompressor [.zstd]
[2026-04-13T14:14:38.304+0000] {subprocess.py:106} INFO - 26/04/13 14:14:38 INFO CodecPool: Got brand-new decompressor [.zstd]
[2026-04-13T14:14:38.309+0000] {subprocess.py:106} INFO - 26/04/13 14:14:38 INFO CodecPool: Got brand-new decompressor [.zstd]
[2026-04-13T14:14:38.311+0000] {subprocess.py:106} INFO - 26/04/13 14:14:38 INFO CodecPool: Got brand-new decompressor [.zstd]
[2026-04-13T14:14:38.313+0000] {subprocess.py:106} INFO - 26/04/13 14:14:38 INFO CodecPool: Got brand-new decompressor [.zstd]
[2026-04-13T14:14:38.314+0000] {subprocess.py:106} INFO - 26/04/13 14:14:38 INFO CodecPool: Got brand-new decompressor [.zstd]
[2026-04-13T14:14:38.315+0000] {subprocess.py:106} INFO - 26/04/13 14:14:38 INFO CodecPool: Got brand-new decompressor [.zstd]
[2026-04-13T14:14:39.002+0000] {subprocess.py:106} INFO - 26/04/13 14:14:38 INFO CodecPool: Got brand-new decompressor [.zstd]
[2026-04-13T14:14:39.008+0000] {subprocess.py:106} INFO - 26/04/13 14:14:39 INFO CodecPool: Got brand-new decompressor [.zstd]
[2026-04-13T14:14:39.009+0000] {subprocess.py:106} INFO - 26/04/13 14:14:39 INFO CodecPool: Got brand-new decompressor [.zstd]
[2026-04-13T14:14:39.012+0000] {subprocess.py:106} INFO - 26/04/13 14:14:39 INFO CodecPool: Got brand-new decompressor [.zstd]
[2026-04-13T14:14:39.020+0000] {subprocess.py:106} INFO - 26/04/13 14:14:39 INFO CodecPool: Got brand-new decompressor [.zstd]
[2026-04-13T14:14:39.026+0000] {subprocess.py:106} INFO - 26/04/13 14:14:39 INFO CodecPool: Got brand-new decompressor [.zstd]
[2026-04-13T14:14:39.033+0000] {subprocess.py:106} INFO - 26/04/13 14:14:39 INFO CodecPool: Got brand-new decompressor [.zstd]
[2026-04-13T14:14:39.043+0000] {subprocess.py:106} INFO - 26/04/13 14:14:39 INFO CodecPool: Got brand-new decompressor [.zstd]
[2026-04-13T14:14:39.046+0000] {subprocess.py:106} INFO - 26/04/13 14:14:39 INFO CodecPool: Got brand-new decompressor [.zstd]
[2026-04-13T14:14:39.047+0000] {subprocess.py:106} INFO - 26/04/13 14:14:39 INFO CodecPool: Got brand-new decompressor [.zstd]
[2026-04-13T14:14:39.053+0000] {subprocess.py:106} INFO - 26/04/13 14:14:39 INFO CodecPool: Got brand-new decompressor [.zstd]
[2026-04-13T14:14:39.056+0000] {subprocess.py:106} INFO - 26/04/13 14:14:39 INFO CodecPool: Got brand-new decompressor [.zstd]
[2026-04-13T14:14:39.065+0000] {subprocess.py:106} INFO - 26/04/13 14:14:39 INFO CodecPool: Got brand-new decompressor [.zstd]
[2026-04-13T14:14:39.066+0000] {subprocess.py:106} INFO - 26/04/13 14:14:39 INFO CodecPool: Got brand-new decompressor [.zstd]
[2026-04-13T14:14:39.069+0000] {subprocess.py:106} INFO - 26/04/13 14:14:39 INFO CodecPool: Got brand-new decompressor [.zstd]
[2026-04-13T14:14:39.083+0000] {subprocess.py:106} INFO - 26/04/13 14:14:39 INFO CodecPool: Got brand-new decompressor [.zstd]
[2026-04-13T14:14:39.095+0000] {subprocess.py:106} INFO - 26/04/13 14:14:39 INFO CodecPool: Got brand-new decompressor [.zstd]
[2026-04-13T14:14:39.096+0000] {subprocess.py:106} INFO - 26/04/13 14:14:39 INFO CodecPool: Got brand-new decompressor [.zstd]
[2026-04-13T14:14:39.101+0000] {subprocess.py:106} INFO - 26/04/13 14:14:39 INFO CodecPool: Got brand-new decompressor [.zstd]
[2026-04-13T14:14:39.127+0000] {subprocess.py:106} INFO - 26/04/13 14:14:39 INFO CodecPool: Got brand-new decompressor [.zstd]
[2026-04-13T14:14:39.142+0000] {subprocess.py:106} INFO - 26/04/13 14:14:39 INFO CodecPool: Got brand-new decompressor [.zstd]
[2026-04-13T14:14:39.150+0000] {subprocess.py:106} INFO - 26/04/13 14:14:39 INFO CodecPool: Got brand-new decompressor [.zstd]
[2026-04-13T14:14:39.161+0000] {subprocess.py:106} INFO - 26/04/13 14:14:39 INFO CodecPool: Got brand-new decompressor [.zstd]
[2026-04-13T14:14:39.172+0000] {subprocess.py:106} INFO - 26/04/13 14:14:39 INFO CodecPool: Got brand-new decompressor [.zstd]
[2026-04-13T14:14:39.175+0000] {subprocess.py:106} INFO - 26/04/13 14:14:39 INFO CodecPool: Got brand-new decompressor [.zstd]
[2026-04-13T14:14:39.177+0000] {subprocess.py:106} INFO - 26/04/13 14:14:39 INFO CodecPool: Got brand-new decompressor [.zstd]
[2026-04-13T14:14:39.206+0000] {subprocess.py:106} INFO - 26/04/13 14:14:39 INFO CodecPool: Got brand-new decompressor [.zstd]
[2026-04-13T14:14:39.211+0000] {subprocess.py:106} INFO - 26/04/13 14:14:39 INFO CodecPool: Got brand-new decompressor [.zstd]
[2026-04-13T14:14:39.217+0000] {subprocess.py:106} INFO - 26/04/13 14:14:39 INFO CodecPool: Got brand-new decompressor [.zstd]
[2026-04-13T14:14:39.219+0000] {subprocess.py:106} INFO - 26/04/13 14:14:39 INFO CodecPool: Got brand-new decompressor [.zstd]
[2026-04-13T14:14:39.222+0000] {subprocess.py:106} INFO - 26/04/13 14:14:39 INFO CodecPool: Got brand-new decompressor [.zstd]
[2026-04-13T14:14:39.231+0000] {subprocess.py:106} INFO - 26/04/13 14:14:39 INFO CodecPool: Got brand-new decompressor [.zstd]
[2026-04-13T14:14:39.237+0000] {subprocess.py:106} INFO - 26/04/13 14:14:39 INFO CodecPool: Got brand-new decompressor [.zstd]
[2026-04-13T14:14:39.238+0000] {subprocess.py:106} INFO - 26/04/13 14:14:39 INFO CodecPool: Got brand-new decompressor [.zstd]
[2026-04-13T14:14:39.255+0000] {subprocess.py:106} INFO - 26/04/13 14:14:39 INFO CodecPool: Got brand-new decompressor [.zstd]
[2026-04-13T14:14:39.263+0000] {subprocess.py:106} INFO - 26/04/13 14:14:39 INFO CodecPool: Got brand-new decompressor [.zstd]
[2026-04-13T14:14:39.267+0000] {subprocess.py:106} INFO - 26/04/13 14:14:39 INFO CodecPool: Got brand-new decompressor [.zstd]
[2026-04-13T14:14:39.280+0000] {subprocess.py:106} INFO - 26/04/13 14:14:39 INFO CodecPool: Got brand-new decompressor [.zstd]
[2026-04-13T14:14:39.283+0000] {subprocess.py:106} INFO - 26/04/13 14:14:39 INFO CodecPool: Got brand-new decompressor [.zstd]
[2026-04-13T14:14:39.309+0000] {subprocess.py:106} INFO - 26/04/13 14:14:39 INFO CodecPool: Got brand-new decompressor [.zstd]
[2026-04-13T14:14:39.310+0000] {subprocess.py:106} INFO - 26/04/13 14:14:39 INFO CodecPool: Got brand-new decompressor [.zstd]
[2026-04-13T14:14:39.317+0000] {subprocess.py:106} INFO - 26/04/13 14:14:39 INFO CodecPool: Got brand-new decompressor [.zstd]
[2026-04-13T14:14:39.323+0000] {subprocess.py:106} INFO - 26/04/13 14:14:39 INFO CodecPool: Got brand-new decompressor [.zstd]
[2026-04-13T14:14:39.479+0000] {subprocess.py:106} INFO - 26/04/13 14:14:39 INFO DataWritingSparkTask: Writer for partition 8 is committing.
[2026-04-13T14:14:39.481+0000] {subprocess.py:106} INFO - 26/04/13 14:14:39 INFO DataWritingSparkTask: Writer for partition 10 is committing.
[2026-04-13T14:14:39.482+0000] {subprocess.py:106} INFO - 26/04/13 14:14:39 INFO CodecPool: Got brand-new decompressor [.zstd]
[2026-04-13T14:14:39.483+0000] {subprocess.py:106} INFO - 26/04/13 14:14:39 INFO DataWritingSparkTask: Writer for partition 0 is committing.
[2026-04-13T14:14:39.486+0000] {subprocess.py:106} INFO - 26/04/13 14:14:39 INFO CodecPool: Got brand-new decompressor [.zstd]
[2026-04-13T14:14:39.497+0000] {subprocess.py:106} INFO - 26/04/13 14:14:39 INFO CodecPool: Got brand-new decompressor [.zstd]
[2026-04-13T14:14:39.501+0000] {subprocess.py:106} INFO - 26/04/13 14:14:39 INFO DataWritingSparkTask: Writer for partition 4 is committing.
[2026-04-13T14:14:39.503+0000] {subprocess.py:106} INFO - 26/04/13 14:14:39 INFO CodecPool: Got brand-new decompressor [.zstd]
[2026-04-13T14:14:39.504+0000] {subprocess.py:106} INFO - 26/04/13 14:14:39 INFO DataWritingSparkTask: Writer for partition 11 is committing.
[2026-04-13T14:14:39.505+0000] {subprocess.py:106} INFO - 26/04/13 14:14:39 INFO DataWritingSparkTask: Writer for partition 15 is committing.
[2026-04-13T14:14:39.506+0000] {subprocess.py:106} INFO - 26/04/13 14:14:39 INFO DataWritingSparkTask: Writer for partition 12 is committing.
[2026-04-13T14:14:39.513+0000] {subprocess.py:106} INFO - 26/04/13 14:14:39 INFO DataWritingSparkTask: Writer for partition 5 is committing.
[2026-04-13T14:14:39.516+0000] {subprocess.py:106} INFO - 26/04/13 14:14:39 INFO DataWritingSparkTask: Writer for partition 14 is committing.
[2026-04-13T14:14:39.518+0000] {subprocess.py:106} INFO - 26/04/13 14:14:39 INFO DataWritingSparkTask: Writer for partition 3 is committing.
[2026-04-13T14:14:39.519+0000] {subprocess.py:106} INFO - 26/04/13 14:14:39 INFO DataWritingSparkTask: Writer for partition 1 is committing.
[2026-04-13T14:14:39.520+0000] {subprocess.py:106} INFO - 26/04/13 14:14:39 INFO DataWritingSparkTask: Writer for partition 7 is committing.
[2026-04-13T14:14:39.521+0000] {subprocess.py:106} INFO - 26/04/13 14:14:39 INFO DataWritingSparkTask: Writer for partition 13 is committing.
[2026-04-13T14:14:39.522+0000] {subprocess.py:106} INFO - 26/04/13 14:14:39 INFO DataWritingSparkTask: Writer for partition 9 is committing.
[2026-04-13T14:14:39.533+0000] {subprocess.py:106} INFO - 26/04/13 14:14:39 INFO DataWritingSparkTask: Writer for partition 2 is committing.
[2026-04-13T14:14:39.538+0000] {subprocess.py:106} INFO - 26/04/13 14:14:39 INFO CodecPool: Got brand-new decompressor [.zstd]
[2026-04-13T14:14:39.559+0000] {subprocess.py:106} INFO - 26/04/13 14:14:39 INFO DataWritingSparkTask: Writer for partition 6 is committing.
[2026-04-13T14:14:40.112+0000] {subprocess.py:106} INFO - 26/04/13 14:14:40 INFO DataWritingSparkTask: Committed partition 13 (task 13, attempt 0, stage 0.0)
[2026-04-13T14:14:40.114+0000] {subprocess.py:106} INFO - 26/04/13 14:14:40 INFO DataWritingSparkTask: Committed partition 3 (task 3, attempt 0, stage 0.0)
[2026-04-13T14:14:40.119+0000] {subprocess.py:106} INFO - 26/04/13 14:14:40 INFO DataWritingSparkTask: Committed partition 12 (task 12, attempt 0, stage 0.0)
[2026-04-13T14:14:40.120+0000] {subprocess.py:106} INFO - 26/04/13 14:14:40 INFO DataWritingSparkTask: Committed partition 15 (task 15, attempt 0, stage 0.0)
[2026-04-13T14:14:40.121+0000] {subprocess.py:106} INFO - 26/04/13 14:14:40 INFO DataWritingSparkTask: Committed partition 0 (task 0, attempt 0, stage 0.0)
[2026-04-13T14:14:40.123+0000] {subprocess.py:106} INFO - 26/04/13 14:14:40 INFO DataWritingSparkTask: Committed partition 4 (task 4, attempt 0, stage 0.0)
[2026-04-13T14:14:40.165+0000] {subprocess.py:106} INFO - 26/04/13 14:14:40 INFO Executor: Finished task 0.0 in stage 0.0 (TID 0). 9909 bytes result sent to driver
[2026-04-13T14:14:40.166+0000] {subprocess.py:106} INFO - 26/04/13 14:14:40 INFO Executor: Finished task 12.0 in stage 0.0 (TID 12). 9950 bytes result sent to driver
[2026-04-13T14:14:40.169+0000] {subprocess.py:106} INFO - 26/04/13 14:14:40 INFO Executor: Finished task 3.0 in stage 0.0 (TID 3). 9923 bytes result sent to driver
[2026-04-13T14:14:40.170+0000] {subprocess.py:106} INFO - 26/04/13 14:14:40 INFO Executor: Finished task 13.0 in stage 0.0 (TID 13). 9935 bytes result sent to driver
[2026-04-13T14:14:40.171+0000] {subprocess.py:106} INFO - 26/04/13 14:14:40 INFO Executor: Finished task 15.0 in stage 0.0 (TID 15). 9957 bytes result sent to driver
[2026-04-13T14:14:40.190+0000] {subprocess.py:106} INFO - 26/04/13 14:14:40 INFO TaskSetManager: Starting task 16.0 in stage 0.0 (TID 16) (spark-master,executor driver, partition 16, ANY, 19955 bytes)
[2026-04-13T14:14:40.192+0000] {subprocess.py:106} INFO - 26/04/13 14:14:40 INFO Executor: Finished task 4.0 in stage 0.0 (TID 4). 9957 bytes result sent to driver
[2026-04-13T14:14:40.195+0000] {subprocess.py:106} INFO - 26/04/13 14:14:40 INFO Executor: Running task 16.0 in stage 0.0 (TID 16)
[2026-04-13T14:14:40.196+0000] {subprocess.py:106} INFO - 26/04/13 14:14:40 INFO TaskSetManager: Starting task 17.0 in stage 0.0 (TID 17) (spark-master,executor driver, partition 17, ANY, 19972 bytes)
[2026-04-13T14:14:40.198+0000] {subprocess.py:106} INFO - 26/04/13 14:14:40 INFO Executor: Running task 17.0 in stage 0.0 (TID 17)
[2026-04-13T14:14:40.200+0000] {subprocess.py:106} INFO - 26/04/13 14:14:40 INFO TaskSetManager: Starting task 18.0 in stage 0.0 (TID 18) (spark-master,executor driver, partition 18, ANY, 19973 bytes)
[2026-04-13T14:14:40.202+0000] {subprocess.py:106} INFO - 26/04/13 14:14:40 INFO Executor: Running task 18.0 in stage 0.0 (TID 18)
[2026-04-13T14:14:40.207+0000] {subprocess.py:106} INFO - 26/04/13 14:14:40 INFO TaskSetManager: Starting task 19.0 in stage 0.0 (TID 19) (spark-master,executor driver, partition 19, ANY, 19964 bytes)
[2026-04-13T14:14:40.208+0000] {subprocess.py:106} INFO - 26/04/13 14:14:40 INFO TaskSetManager: Starting task 20.0 in stage 0.0 (TID 20) (spark-master,executor driver, partition 20, ANY, 19990 bytes)
[2026-04-13T14:14:40.210+0000] {subprocess.py:106} INFO - 26/04/13 14:14:40 INFO Executor: Running task 19.0 in stage 0.0 (TID 19)
[2026-04-13T14:14:40.211+0000] {subprocess.py:106} INFO - 26/04/13 14:14:40 INFO Executor: Running task 20.0 in stage 0.0 (TID 20)
[2026-04-13T14:14:40.217+0000] {subprocess.py:106} INFO - 26/04/13 14:14:40 INFO TaskSetManager: Starting task 21.0 in stage 0.0 (TID 21) (spark-master,executor driver, partition 21, ANY, 19991 bytes)
[2026-04-13T14:14:40.222+0000] {subprocess.py:106} INFO - 26/04/13 14:14:40 INFO Executor: Running task 21.0 in stage 0.0 (TID 21)
[2026-04-13T14:14:40.235+0000] {subprocess.py:106} INFO - 26/04/13 14:14:40 INFO TaskSetManager: Finished task 3.0 in stage 0.0 (TID 3) in 4608 ms on spark-master (executor driver) (1/49)
[2026-04-13T14:14:40.240+0000] {subprocess.py:106} INFO - 26/04/13 14:14:40 INFO TaskSetManager: Finished task 13.0 in stage 0.0 (TID 13) in 4595 ms on spark-master (executor driver) (2/49)
[2026-04-13T14:14:40.243+0000] {subprocess.py:106} INFO - 26/04/13 14:14:40 INFO TaskSetManager: Finished task 15.0 in stage 0.0 (TID 15) in 4592 ms on spark-master (executor driver) (3/49)
[2026-04-13T14:14:40.244+0000] {subprocess.py:106} INFO - 26/04/13 14:14:40 INFO TaskSetManager: Finished task 0.0 in stage 0.0 (TID 0) in 4672 ms on spark-master (executor driver) (4/49)
[2026-04-13T14:14:40.254+0000] {subprocess.py:106} INFO - 26/04/13 14:14:40 INFO TaskSetManager: Finished task 4.0 in stage 0.0 (TID 4) in 4629 ms on spark-master (executor driver) (5/49)
[2026-04-13T14:14:40.267+0000] {subprocess.py:106} INFO - 26/04/13 14:14:40 INFO TaskSetManager: Finished task 12.0 in stage 0.0 (TID 12) in 4622 ms on spark-master (executor driver) (6/49)
[2026-04-13T14:14:40.293+0000] {subprocess.py:106} INFO - 26/04/13 14:14:40 INFO CodecPool: Got brand-new compressor [.zstd]
[2026-04-13T14:14:40.303+0000] {subprocess.py:106} INFO - 26/04/13 14:14:40 INFO CodecPool: Got brand-new compressor [.zstd]
[2026-04-13T14:14:40.315+0000] {subprocess.py:106} INFO - 26/04/13 14:14:40 INFO CodecPool: Got brand-new compressor [.zstd]
[2026-04-13T14:14:40.317+0000] {subprocess.py:106} INFO - 26/04/13 14:14:40 INFO CodecPool: Got brand-new compressor [.zstd]
[2026-04-13T14:14:40.322+0000] {subprocess.py:106} INFO - 26/04/13 14:14:40 INFO CodecPool: Got brand-new compressor [.zstd]
[2026-04-13T14:14:40.336+0000] {subprocess.py:106} INFO - 26/04/13 14:14:40 INFO CodecPool: Got brand-new compressor [.zstd]
[2026-04-13T14:14:40.339+0000] {subprocess.py:106} INFO - 26/04/13 14:14:40 INFO CodecPool: Got brand-new decompressor [.zstd]
[2026-04-13T14:14:40.347+0000] {subprocess.py:106} INFO - 26/04/13 14:14:40 INFO CodecPool: Got brand-new decompressor [.zstd]
[2026-04-13T14:14:40.354+0000] {subprocess.py:106} INFO - 26/04/13 14:14:40 INFO CodecPool: Got brand-new decompressor [.zstd]
[2026-04-13T14:14:40.367+0000] {subprocess.py:106} INFO - 26/04/13 14:14:40 INFO CodecPool: Got brand-new decompressor [.zstd]
[2026-04-13T14:14:40.370+0000] {subprocess.py:106} INFO - 26/04/13 14:14:40 INFO CodecPool: Got brand-new decompressor [.zstd]
[2026-04-13T14:14:40.376+0000] {subprocess.py:106} INFO - 26/04/13 14:14:40 INFO CodecPool: Got brand-new decompressor [.zstd]
[2026-04-13T14:14:40.379+0000] {subprocess.py:106} INFO - 26/04/13 14:14:40 INFO CodecPool: Got brand-new decompressor [.zstd]
[2026-04-13T14:14:40.397+0000] {subprocess.py:106} INFO - 26/04/13 14:14:40 INFO CodecPool: Got brand-new decompressor [.zstd]
[2026-04-13T14:14:40.401+0000] {subprocess.py:106} INFO - 26/04/13 14:14:40 INFO CodecPool: Got brand-new decompressor [.zstd]
[2026-04-13T14:14:40.414+0000] {subprocess.py:106} INFO - 26/04/13 14:14:40 INFO CodecPool: Got brand-new decompressor [.zstd]
[2026-04-13T14:14:40.416+0000] {subprocess.py:106} INFO - 26/04/13 14:14:40 INFO CodecPool: Got brand-new decompressor [.zstd]
[2026-04-13T14:14:40.425+0000] {subprocess.py:106} INFO - 26/04/13 14:14:40 INFO CodecPool: Got brand-new decompressor [.zstd]
[2026-04-13T14:14:40.430+0000] {subprocess.py:106} INFO - 26/04/13 14:14:40 INFO CodecPool: Got brand-new decompressor [.zstd]
[2026-04-13T14:14:40.452+0000] {subprocess.py:106} INFO - 26/04/13 14:14:40 INFO CodecPool: Got brand-new decompressor [.zstd]
[2026-04-13T14:14:40.465+0000] {subprocess.py:106} INFO - 26/04/13 14:14:40 INFO CodecPool: Got brand-new decompressor [.zstd]
[2026-04-13T14:14:40.473+0000] {subprocess.py:106} INFO - 26/04/13 14:14:40 INFO CodecPool: Got brand-new decompressor [.zstd]
[2026-04-13T14:14:40.489+0000] {subprocess.py:106} INFO - 26/04/13 14:14:40 INFO CodecPool: Got brand-new decompressor [.zstd]
[2026-04-13T14:14:40.491+0000] {subprocess.py:106} INFO - 26/04/13 14:14:40 INFO DataWritingSparkTask: Committed partition 10 (task 10, attempt 0, stage 0.0)
[2026-04-13T14:14:40.492+0000] {subprocess.py:106} INFO - 26/04/13 14:14:40 INFO CodecPool: Got brand-new decompressor [.zstd]
[2026-04-13T14:14:40.494+0000] {subprocess.py:106} INFO - 26/04/13 14:14:40 INFO DataWritingSparkTask: Committed partition 2 (task 2, attempt 0, stage 0.0)
[2026-04-13T14:14:40.499+0000] {subprocess.py:106} INFO - 26/04/13 14:14:40 INFO DataWritingSparkTask: Committed partition 6 (task 6, attempt 0, stage 0.0)
[2026-04-13T14:14:40.518+0000] {subprocess.py:106} INFO - 26/04/13 14:14:40 INFO DataWritingSparkTask: Committed partition 11 (task 11, attempt 0, stage 0.0)
[2026-04-13T14:14:40.519+0000] {subprocess.py:106} INFO - 26/04/13 14:14:40 INFO Executor: Finished task 2.0 in stage 0.0 (TID 2). 9900 bytes result sent to driver
[2026-04-13T14:14:40.520+0000] {subprocess.py:106} INFO - 26/04/13 14:14:40 INFO DataWritingSparkTask: Committed partition 7 (task 7, attempt 0, stage 0.0)
[2026-04-13T14:14:40.524+0000] {subprocess.py:106} INFO - 26/04/13 14:14:40 INFO DataWritingSparkTask: Committed partition 14 (task 14, attempt 0, stage 0.0)
[2026-04-13T14:14:40.526+0000] {subprocess.py:106} INFO - 26/04/13 14:14:40 INFO CodecPool: Got brand-new decompressor [.zstd]
[2026-04-13T14:14:40.527+0000] {subprocess.py:106} INFO - 26/04/13 14:14:40 INFO DataWritingSparkTask: Committed partition 9 (task 9, attempt 0, stage 0.0)
[2026-04-13T14:14:40.529+0000] {subprocess.py:106} INFO - 26/04/13 14:14:40 INFO DataWritingSparkTask: Committed partition 5 (task 5, attempt 0, stage 0.0)
[2026-04-13T14:14:40.530+0000] {subprocess.py:106} INFO - 26/04/13 14:14:40 INFO Executor: Finished task 7.0 in stage 0.0 (TID 7). 9942 bytes result sent to driver
[2026-04-13T14:14:40.531+0000] {subprocess.py:106} INFO - 26/04/13 14:14:40 INFO Executor: Finished task 6.0 in stage 0.0 (TID 6). 9948 bytes result sent to driver
[2026-04-13T14:14:40.533+0000] {subprocess.py:106} INFO - 26/04/13 14:14:40 INFO Executor: Finished task 10.0 in stage 0.0 (TID 10). 9927 bytes result sent to driver
[2026-04-13T14:14:40.534+0000] {subprocess.py:106} INFO - 26/04/13 14:14:40 INFO Executor: Finished task 9.0 in stage 0.0 (TID 9). 9951 bytes result sent to driver
[2026-04-13T14:14:40.535+0000] {subprocess.py:106} INFO - 26/04/13 14:14:40 INFO Executor: Finished task 14.0 in stage 0.0 (TID 14). 9936 bytes result sent to driver
[2026-04-13T14:14:40.536+0000] {subprocess.py:106} INFO - 26/04/13 14:14:40 INFO DataWritingSparkTask: Writer for partition 16 is committing.
[2026-04-13T14:14:40.537+0000] {subprocess.py:106} INFO - 26/04/13 14:14:40 INFO DataWritingSparkTask: Committed partition 1 (task 1, attempt 0, stage 0.0)
[2026-04-13T14:14:40.578+0000] {subprocess.py:106} INFO - 26/04/13 14:14:40 INFO Executor: Finished task 11.0 in stage 0.0 (TID 11). 9948 bytes result sent to driver
[2026-04-13T14:14:40.580+0000] {subprocess.py:106} INFO - 26/04/13 14:14:40 INFO TaskSetManager: Starting task 22.0 in stage 0.0 (TID 22) (spark-master,executor driver, partition 22, ANY, 19972 bytes)
[2026-04-13T14:14:40.584+0000] {subprocess.py:106} INFO - 26/04/13 14:14:40 INFO DataWritingSparkTask: Committed partition 8 (task 8, attempt 0, stage 0.0)
[2026-04-13T14:14:40.605+0000] {subprocess.py:106} INFO - 26/04/13 14:14:40 INFO CodecPool: Got brand-new decompressor [.zstd]
[2026-04-13T14:14:40.608+0000] {subprocess.py:106} INFO - 26/04/13 14:14:40 INFO Executor: Finished task 1.0 in stage 0.0 (TID 1). 9917 bytes result sent to driver
[2026-04-13T14:14:40.610+0000] {subprocess.py:106} INFO - 26/04/13 14:14:40 INFO TaskSetManager: Starting task 23.0 in stage 0.0 (TID 23) (spark-master,executor driver, partition 23, ANY, 19989 bytes)
[2026-04-13T14:14:40.615+0000] {subprocess.py:106} INFO - 26/04/13 14:14:40 INFO Executor: Finished task 8.0 in stage 0.0 (TID 8). 9957 bytes result sent to driver
[2026-04-13T14:14:40.616+0000] {subprocess.py:106} INFO - 26/04/13 14:14:40 INFO Executor: Running task 22.0 in stage 0.0 (TID 22)
[2026-04-13T14:14:40.618+0000] {subprocess.py:106} INFO - 26/04/13 14:14:40 INFO Executor: Running task 23.0 in stage 0.0 (TID 23)
[2026-04-13T14:14:40.622+0000] {subprocess.py:106} INFO - 26/04/13 14:14:40 INFO TaskSetManager: Starting task 24.0 in stage 0.0 (TID 24) (spark-master,executor driver, partition 24, ANY, 19695 bytes)
[2026-04-13T14:14:40.636+0000] {subprocess.py:106} INFO - 26/04/13 14:14:40 INFO TaskSetManager: Finished task 6.0 in stage 0.0 (TID 6) in 4990 ms on spark-master (executor driver) (7/49)
[2026-04-13T14:14:40.637+0000] {subprocess.py:106} INFO - 26/04/13 14:14:40 INFO Executor: Running task 24.0 in stage 0.0 (TID 24)
[2026-04-13T14:14:40.639+0000] {subprocess.py:106} INFO - 26/04/13 14:14:40 INFO Executor: Finished task 5.0 in stage 0.0 (TID 5). 9942 bytes result sent to driver
[2026-04-13T14:14:40.643+0000] {subprocess.py:106} INFO - 26/04/13 14:14:40 INFO TaskSetManager: Starting task 25.0 in stage 0.0 (TID 25) (spark-master,executor driver, partition 25, ANY, 19972 bytes)
[2026-04-13T14:14:40.646+0000] {subprocess.py:106} INFO - 26/04/13 14:14:40 INFO DataWritingSparkTask: Writer for partition 21 is committing.
[2026-04-13T14:14:40.647+0000] {subprocess.py:106} INFO - 26/04/13 14:14:40 INFO Executor: Running task 25.0 in stage 0.0 (TID 25)
[2026-04-13T14:14:40.650+0000] {subprocess.py:106} INFO - 26/04/13 14:14:40 INFO TaskSetManager: Finished task 10.0 in stage 0.0 (TID 10) in 5009 ms on spark-master (executor driver) (8/49)
[2026-04-13T14:14:40.656+0000] {subprocess.py:106} INFO - 26/04/13 14:14:40 INFO TaskSetManager: Starting task 26.0 in stage 0.0 (TID 26) (spark-master,executor driver, partition 26, ANY, 19694 bytes)
[2026-04-13T14:14:40.659+0000] {subprocess.py:106} INFO - 26/04/13 14:14:40 INFO CodecPool: Got brand-new decompressor [.zstd]
[2026-04-13T14:14:40.661+0000] {subprocess.py:106} INFO - 26/04/13 14:14:40 INFO CodecPool: Got brand-new decompressor [.zstd]
[2026-04-13T14:14:40.671+0000] {subprocess.py:106} INFO - 26/04/13 14:14:40 INFO Executor: Running task 26.0 in stage 0.0 (TID 26)
[2026-04-13T14:14:40.673+0000] {subprocess.py:106} INFO - 26/04/13 14:14:40 INFO TaskSetManager: Finished task 2.0 in stage 0.0 (TID 2) in 5050 ms on spark-master (executor driver) (9/49)
[2026-04-13T14:14:40.687+0000] {subprocess.py:106} INFO - 26/04/13 14:14:40 INFO TaskSetManager: Finished task 9.0 in stage 0.0 (TID 9) in 5044 ms on spark-master (executor driver) (10/49)
[2026-04-13T14:14:40.702+0000] {subprocess.py:106} INFO - 26/04/13 14:14:40 INFO TaskSetManager: Starting task 27.0 in stage 0.0 (TID 27) (spark-master,executor driver, partition 27, ANY, 19704 bytes)
[2026-04-13T14:14:40.760+0000] {subprocess.py:106} INFO - 26/04/13 14:14:40 INFO Executor: Running task 27.0 in stage 0.0 (TID 27)
[2026-04-13T14:14:40.767+0000] {subprocess.py:106} INFO - 26/04/13 14:14:40 INFO TaskSetManager: Starting task 28.0 in stage 0.0 (TID 28) (spark-master,executor driver, partition 28, ANY, 19973 bytes)
[2026-04-13T14:14:40.770+0000] {subprocess.py:106} INFO - 26/04/13 14:14:40 INFO DataWritingSparkTask: Writer for partition 20 is committing.
[2026-04-13T14:14:40.771+0000] {subprocess.py:106} INFO - 26/04/13 14:14:40 INFO TaskSetManager: Finished task 14.0 in stage 0.0 (TID 14) in 5123 ms on spark-master (executor driver) (11/49)
[2026-04-13T14:14:40.785+0000] {subprocess.py:106} INFO - 26/04/13 14:14:40 INFO Executor: Running task 28.0 in stage 0.0 (TID 28)
[2026-04-13T14:14:40.800+0000] {subprocess.py:106} INFO - 26/04/13 14:14:40 INFO CodecPool: Got brand-new decompressor [.zstd]
[2026-04-13T14:14:40.809+0000] {subprocess.py:106} INFO - 26/04/13 14:14:40 INFO TaskSetManager: Starting task 29.0 in stage 0.0 (TID 29) (spark-master,executor driver, partition 29, ANY, 19963 bytes)
[2026-04-13T14:14:40.813+0000] {subprocess.py:106} INFO - 26/04/13 14:14:40 INFO Executor: Running task 29.0 in stage 0.0 (TID 29)
[2026-04-13T14:14:40.818+0000] {subprocess.py:106} INFO - 26/04/13 14:14:40 INFO CodecPool: Got brand-new decompressor [.zstd]
[2026-04-13T14:14:40.819+0000] {subprocess.py:106} INFO - 26/04/13 14:14:40 INFO DataWritingSparkTask: Writer for partition 18 is committing.
[2026-04-13T14:14:40.850+0000] {subprocess.py:106} INFO - 26/04/13 14:14:40 INFO TaskSetManager: Starting task 30.0 in stage 0.0 (TID 30) (spark-master,executor driver, partition 30, ANY, 19963 bytes)
[2026-04-13T14:14:40.855+0000] {subprocess.py:106} INFO - 26/04/13 14:14:40 INFO Executor: Running task 30.0 in stage 0.0 (TID 30)
[2026-04-13T14:14:40.875+0000] {subprocess.py:106} INFO - 26/04/13 14:14:40 INFO TaskSetManager: Starting task 31.0 in stage 0.0 (TID 31) (spark-master,executor driver, partition 31, ANY, 19963 bytes)
[2026-04-13T14:14:40.877+0000] {subprocess.py:106} INFO - 26/04/13 14:14:40 INFO TaskSetManager: Finished task 7.0 in stage 0.0 (TID 7) in 5245 ms on spark-master (executor driver) (12/49)
[2026-04-13T14:14:40.892+0000] {subprocess.py:106} INFO - 26/04/13 14:14:40 INFO TaskSetManager: Finished task 1.0 in stage 0.0 (TID 1) in 5272 ms on spark-master (executor driver) (13/49)
[2026-04-13T14:14:40.896+0000] {subprocess.py:106} INFO - 26/04/13 14:14:40 INFO TaskSetManager: Finished task 11.0 in stage 0.0 (TID 11) in 5254 ms on spark-master (executor driver) (14/49)
[2026-04-13T14:14:40.932+0000] {subprocess.py:106} INFO - 26/04/13 14:14:40 INFO TaskSetManager: Finished task 8.0 in stage 0.0 (TID 8) in 5295 ms on spark-master (executor driver) (15/49)
[2026-04-13T14:14:40.934+0000] {subprocess.py:106} INFO - 26/04/13 14:14:40 INFO TaskSetManager: Finished task 5.0 in stage 0.0 (TID 5) in 5306 ms on spark-master (executor driver) (16/49)
[2026-04-13T14:14:40.951+0000] {subprocess.py:106} INFO - 26/04/13 14:14:40 INFO Executor: Running task 31.0 in stage 0.0 (TID 31)
[2026-04-13T14:14:40.966+0000] {subprocess.py:106} INFO - 26/04/13 14:14:40 INFO CodecPool: Got brand-new compressor [.zstd]
[2026-04-13T14:14:40.980+0000] {subprocess.py:106} INFO - 26/04/13 14:14:40 INFO DataWritingSparkTask: Writer for partition 17 is committing.
[2026-04-13T14:14:40.990+0000] {subprocess.py:106} INFO - 26/04/13 14:14:40 INFO DataWritingSparkTask: Writer for partition 19 is committing.
[2026-04-13T14:14:40.993+0000] {subprocess.py:106} INFO - 26/04/13 14:14:40 INFO CodecPool: Got brand-new compressor [.zstd]
[2026-04-13T14:14:41.031+0000] {subprocess.py:106} INFO - 26/04/13 14:14:41 INFO CodecPool: Got brand-new compressor [.zstd]
[2026-04-13T14:14:41.051+0000] {subprocess.py:106} INFO - 26/04/13 14:14:41 INFO CodecPool: Got brand-new compressor [.zstd]
[2026-04-13T14:14:41.059+0000] {subprocess.py:106} INFO - 26/04/13 14:14:41 INFO DataWritingSparkTask: Committed partition 21 (task 21, attempt 0, stage 0.0)
[2026-04-13T14:14:41.083+0000] {subprocess.py:106} INFO - 26/04/13 14:14:41 INFO CodecPool: Got brand-new compressor [.zstd]
[2026-04-13T14:14:41.103+0000] {subprocess.py:106} INFO - 26/04/13 14:14:41 INFO Executor: Finished task 21.0 in stage 0.0 (TID 21). 9952 bytes result sent to driver
[2026-04-13T14:14:41.116+0000] {subprocess.py:106} INFO - 26/04/13 14:14:41 INFO TaskSetManager: Starting task 32.0 in stage 0.0 (TID 32) (spark-master,executor driver, partition 32, ANY, 19973 bytes)
[2026-04-13T14:14:41.119+0000] {subprocess.py:106} INFO - 26/04/13 14:14:41 INFO CodecPool: Got brand-new compressor [.zstd]
[2026-04-13T14:14:41.135+0000] {subprocess.py:106} INFO - 26/04/13 14:14:41 INFO TaskSetManager: Finished task 21.0 in stage 0.0 (TID 21) in 921 ms on spark-master (executor driver) (17/49)
[2026-04-13T14:14:41.146+0000] {subprocess.py:106} INFO - 26/04/13 14:14:41 INFO Executor: Running task 32.0 in stage 0.0 (TID 32)
[2026-04-13T14:14:41.148+0000] {subprocess.py:106} INFO - 26/04/13 14:14:41 INFO CodecPool: Got brand-new decompressor [.zstd]
[2026-04-13T14:14:41.191+0000] {subprocess.py:106} INFO - 26/04/13 14:14:41 INFO DataWritingSparkTask: Committed partition 20 (task 20, attempt 0, stage 0.0)
[2026-04-13T14:14:41.193+0000] {subprocess.py:106} INFO - 26/04/13 14:14:41 INFO CodecPool: Got brand-new compressor [.zstd]
[2026-04-13T14:14:41.199+0000] {subprocess.py:106} INFO - 26/04/13 14:14:41 INFO CodecPool: Got brand-new compressor [.zstd]
[2026-04-13T14:14:41.218+0000] {subprocess.py:106} INFO - 26/04/13 14:14:41 INFO CodecPool: Got brand-new compressor [.zstd]
[2026-04-13T14:14:41.221+0000] {subprocess.py:106} INFO - 26/04/13 14:14:41 INFO Executor: Finished task 20.0 in stage 0.0 (TID 20). 9922 bytes result sent to driver
[2026-04-13T14:14:41.259+0000] {subprocess.py:106} INFO - 26/04/13 14:14:41 INFO CodecPool: Got brand-new decompressor [.zstd]
[2026-04-13T14:14:41.268+0000] {subprocess.py:106} INFO - 26/04/13 14:14:41 INFO TaskSetManager: Starting task 33.0 in stage 0.0 (TID 33) (spark-master,executor driver, partition 33, ANY, 19705 bytes)
[2026-04-13T14:14:41.270+0000] {subprocess.py:106} INFO - 26/04/13 14:14:41 INFO CodecPool: Got brand-new decompressor [.zstd]
[2026-04-13T14:14:41.274+0000] {subprocess.py:106} INFO - 26/04/13 14:14:41 INFO DataWritingSparkTask: Committed partition 18 (task 18, attempt 0, stage 0.0)
[2026-04-13T14:14:41.277+0000] {subprocess.py:106} INFO - 26/04/13 14:14:41 INFO CodecPool: Got brand-new decompressor [.zstd]
[2026-04-13T14:14:41.279+0000] {subprocess.py:106} INFO - 26/04/13 14:14:41 INFO DataWritingSparkTask: Committed partition 16 (task 16, attempt 0, stage 0.0)
[2026-04-13T14:14:41.281+0000] {subprocess.py:106} INFO - 26/04/13 14:14:41 INFO DataWritingSparkTask: Committed partition 19 (task 19, attempt 0, stage 0.0)
[2026-04-13T14:14:41.287+0000] {subprocess.py:106} INFO - 26/04/13 14:14:41 INFO CodecPool: Got brand-new decompressor [.zstd]
[2026-04-13T14:14:41.291+0000] {subprocess.py:106} INFO - 26/04/13 14:14:41 INFO TaskSetManager: Finished task 20.0 in stage 0.0 (TID 20) in 1085 ms on spark-master (executor driver) (18/49)
[2026-04-13T14:14:41.311+0000] {subprocess.py:106} INFO - 26/04/13 14:14:41 INFO CodecPool: Got brand-new decompressor [.zstd]
[2026-04-13T14:14:41.316+0000] {subprocess.py:106} INFO - 26/04/13 14:14:41 INFO CodecPool: Got brand-new decompressor [.zstd]
[2026-04-13T14:14:41.319+0000] {subprocess.py:106} INFO - 26/04/13 14:14:41 INFO DataWritingSparkTask: Committed partition 17 (task 17, attempt 0, stage 0.0)
[2026-04-13T14:14:41.327+0000] {subprocess.py:106} INFO - 26/04/13 14:14:41 INFO Executor: Running task 33.0 in stage 0.0 (TID 33)
[2026-04-13T14:14:41.329+0000] {subprocess.py:106} INFO - 26/04/13 14:14:41 INFO Executor: Finished task 16.0 in stage 0.0 (TID 16). 9931 bytes result sent to driver
[2026-04-13T14:14:41.340+0000] {subprocess.py:106} INFO - 26/04/13 14:14:41 INFO Executor: Finished task 18.0 in stage 0.0 (TID 18). 9909 bytes result sent to driver
[2026-04-13T14:14:41.344+0000] {subprocess.py:106} INFO - 26/04/13 14:14:41 INFO Executor: Finished task 17.0 in stage 0.0 (TID 17). 9943 bytes result sent to driver
[2026-04-13T14:14:41.351+0000] {subprocess.py:106} INFO - 26/04/13 14:14:41 INFO Executor: Finished task 19.0 in stage 0.0 (TID 19). 9948 bytes result sent to driver
[2026-04-13T14:14:41.352+0000] {subprocess.py:106} INFO - 26/04/13 14:14:41 INFO CodecPool: Got brand-new compressor [.zstd]
[2026-04-13T14:14:41.356+0000] {subprocess.py:106} INFO - 26/04/13 14:14:41 INFO TaskSetManager: Starting task 34.0 in stage 0.0 (TID 34) (spark-master,executor driver, partition 34, ANY, 19715 bytes)
[2026-04-13T14:14:41.367+0000] {subprocess.py:106} INFO - 26/04/13 14:14:41 INFO CodecPool: Got brand-new decompressor [.zstd]
[2026-04-13T14:14:41.369+0000] {subprocess.py:106} INFO - 26/04/13 14:14:41 INFO TaskSetManager: Finished task 16.0 in stage 0.0 (TID 16) in 1185 ms on spark-master (executor driver) (19/49)
[2026-04-13T14:14:41.397+0000] {subprocess.py:106} INFO - 26/04/13 14:14:41 INFO Executor: Running task 34.0 in stage 0.0 (TID 34)
[2026-04-13T14:14:41.404+0000] {subprocess.py:106} INFO - 26/04/13 14:14:41 INFO CodecPool: Got brand-new decompressor [.zstd]
[2026-04-13T14:14:41.406+0000] {subprocess.py:106} INFO - 26/04/13 14:14:41 INFO CodecPool: Got brand-new decompressor [.zstd]
[2026-04-13T14:14:41.408+0000] {subprocess.py:106} INFO - 26/04/13 14:14:41 INFO TaskSetManager: Starting task 35.0 in stage 0.0 (TID 35) (spark-master,executor driver, partition 35, ANY, 19715 bytes)
[2026-04-13T14:14:41.413+0000] {subprocess.py:106} INFO - 26/04/13 14:14:41 INFO Executor: Running task 35.0 in stage 0.0 (TID 35)
[2026-04-13T14:14:41.417+0000] {subprocess.py:106} INFO - 26/04/13 14:14:41 INFO TaskSetManager: Starting task 36.0 in stage 0.0 (TID 36) (spark-master,executor driver, partition 36, ANY, 19439 bytes)
[2026-04-13T14:14:41.421+0000] {subprocess.py:106} INFO - 26/04/13 14:14:41 INFO TaskSetManager: Starting task 37.0 in stage 0.0 (TID 37) (spark-master,executor driver, partition 37, ANY, 19723 bytes)
[2026-04-13T14:14:41.424+0000] {subprocess.py:106} INFO - 26/04/13 14:14:41 INFO TaskSetManager: Finished task 18.0 in stage 0.0 (TID 18) in 1224 ms on spark-master (executor driver) (20/49)
[2026-04-13T14:14:41.426+0000] {subprocess.py:106} INFO - 26/04/13 14:14:41 INFO TaskSetManager: Finished task 17.0 in stage 0.0 (TID 17) in 1232 ms on spark-master (executor driver) (21/49)
[2026-04-13T14:14:41.427+0000] {subprocess.py:106} INFO - 26/04/13 14:14:41 INFO TaskSetManager: Finished task 19.0 in stage 0.0 (TID 19) in 1224 ms on spark-master (executor driver) (22/49)
[2026-04-13T14:14:41.435+0000] {subprocess.py:106} INFO - 26/04/13 14:14:41 INFO Executor: Running task 36.0 in stage 0.0 (TID 36)
[2026-04-13T14:14:41.437+0000] {subprocess.py:106} INFO - 26/04/13 14:14:41 INFO CodecPool: Got brand-new compressor [.zstd]
[2026-04-13T14:14:41.439+0000] {subprocess.py:106} INFO - 26/04/13 14:14:41 INFO CodecPool: Got brand-new decompressor [.zstd]
[2026-04-13T14:14:41.447+0000] {subprocess.py:106} INFO - 26/04/13 14:14:41 INFO Executor: Running task 37.0 in stage 0.0 (TID 37)
[2026-04-13T14:14:41.453+0000] {subprocess.py:106} INFO - 26/04/13 14:14:41 INFO CodecPool: Got brand-new decompressor [.zstd]
[2026-04-13T14:14:41.458+0000] {subprocess.py:106} INFO - 26/04/13 14:14:41 INFO CodecPool: Got brand-new compressor [.zstd]
[2026-04-13T14:14:41.462+0000] {subprocess.py:106} INFO - 26/04/13 14:14:41 INFO CodecPool: Got brand-new decompressor [.zstd]
[2026-04-13T14:14:41.464+0000] {subprocess.py:106} INFO - 26/04/13 14:14:41 INFO CodecPool: Got brand-new decompressor [.zstd]
[2026-04-13T14:14:41.477+0000] {subprocess.py:106} INFO - 26/04/13 14:14:41 INFO CodecPool: Got brand-new decompressor [.zstd]
[2026-04-13T14:14:41.494+0000] {subprocess.py:106} INFO - 26/04/13 14:14:41 INFO CodecPool: Got brand-new decompressor [.zstd]
[2026-04-13T14:14:41.498+0000] {subprocess.py:106} INFO - 26/04/13 14:14:41 INFO CodecPool: Got brand-new decompressor [.zstd]
[2026-04-13T14:14:41.499+0000] {subprocess.py:106} INFO - 26/04/13 14:14:41 INFO CodecPool: Got brand-new decompressor [.zstd]
[2026-04-13T14:14:41.500+0000] {subprocess.py:106} INFO - 26/04/13 14:14:41 INFO CodecPool: Got brand-new decompressor [.zstd]
[2026-04-13T14:14:41.507+0000] {subprocess.py:106} INFO - 26/04/13 14:14:41 INFO CodecPool: Got brand-new decompressor [.zstd]
[2026-04-13T14:14:41.510+0000] {subprocess.py:106} INFO - 26/04/13 14:14:41 INFO CodecPool: Got brand-new compressor [.zstd]
[2026-04-13T14:14:41.513+0000] {subprocess.py:106} INFO - 26/04/13 14:14:41 INFO CodecPool: Got brand-new decompressor [.zstd]
[2026-04-13T14:14:41.515+0000] {subprocess.py:106} INFO - 26/04/13 14:14:41 INFO CodecPool: Got brand-new compressor [.zstd]
[2026-04-13T14:14:41.523+0000] {subprocess.py:106} INFO - 26/04/13 14:14:41 INFO CodecPool: Got brand-new decompressor [.zstd]
[2026-04-13T14:14:41.525+0000] {subprocess.py:106} INFO - 26/04/13 14:14:41 INFO DataWritingSparkTask: Writer for partition 22 is committing.
[2026-04-13T14:14:41.533+0000] {subprocess.py:106} INFO - 26/04/13 14:14:41 INFO CodecPool: Got brand-new decompressor [.zstd]
[2026-04-13T14:14:41.537+0000] {subprocess.py:106} INFO - 26/04/13 14:14:41 INFO CodecPool: Got brand-new decompressor [.zstd]
[2026-04-13T14:14:41.538+0000] {subprocess.py:106} INFO - 26/04/13 14:14:41 INFO CodecPool: Got brand-new decompressor [.zstd]
[2026-04-13T14:14:41.540+0000] {subprocess.py:106} INFO - 26/04/13 14:14:41 INFO CodecPool: Got brand-new compressor [.zstd]
[2026-04-13T14:14:41.562+0000] {subprocess.py:106} INFO - 26/04/13 14:14:41 INFO CodecPool: Got brand-new compressor [.zstd]
[2026-04-13T14:14:41.575+0000] {subprocess.py:106} INFO - 26/04/13 14:14:41 INFO CodecPool: Got brand-new decompressor [.zstd]
[2026-04-13T14:14:41.578+0000] {subprocess.py:106} INFO - 26/04/13 14:14:41 INFO CodecPool: Got brand-new decompressor [.zstd]
[2026-04-13T14:14:41.582+0000] {subprocess.py:106} INFO - 26/04/13 14:14:41 INFO CodecPool: Got brand-new decompressor [.zstd]
[2026-04-13T14:14:41.591+0000] {subprocess.py:106} INFO - 26/04/13 14:14:41 INFO CodecPool: Got brand-new decompressor [.zstd]
[2026-04-13T14:14:41.601+0000] {subprocess.py:106} INFO - 26/04/13 14:14:41 INFO CodecPool: Got brand-new decompressor [.zstd]
[2026-04-13T14:14:41.610+0000] {subprocess.py:106} INFO - 26/04/13 14:14:41 INFO DataWritingSparkTask: Writer for partition 23 is committing.
[2026-04-13T14:14:41.621+0000] {subprocess.py:106} INFO - 26/04/13 14:14:41 INFO CodecPool: Got brand-new decompressor [.zstd]
[2026-04-13T14:14:41.627+0000] {subprocess.py:106} INFO - 26/04/13 14:14:41 INFO CodecPool: Got brand-new decompressor [.zstd]
[2026-04-13T14:14:41.631+0000] {subprocess.py:106} INFO - 26/04/13 14:14:41 INFO CodecPool: Got brand-new decompressor [.zstd]
[2026-04-13T14:14:41.633+0000] {subprocess.py:106} INFO - 26/04/13 14:14:41 INFO CodecPool: Got brand-new decompressor [.zstd]
[2026-04-13T14:14:41.639+0000] {subprocess.py:106} INFO - 26/04/13 14:14:41 INFO CodecPool: Got brand-new decompressor [.zstd]
[2026-04-13T14:14:41.650+0000] {subprocess.py:106} INFO - 26/04/13 14:14:41 INFO CodecPool: Got brand-new decompressor [.zstd]
[2026-04-13T14:14:41.653+0000] {subprocess.py:106} INFO - 26/04/13 14:14:41 INFO CodecPool: Got brand-new decompressor [.zstd]
[2026-04-13T14:14:41.659+0000] {subprocess.py:106} INFO - 26/04/13 14:14:41 INFO CodecPool: Got brand-new decompressor [.zstd]
[2026-04-13T14:14:41.676+0000] {subprocess.py:106} INFO - 26/04/13 14:14:41 INFO DataWritingSparkTask: Writer for partition 26 is committing.
[2026-04-13T14:14:41.690+0000] {subprocess.py:106} INFO - 26/04/13 14:14:41 INFO CodecPool: Got brand-new decompressor [.zstd]
[2026-04-13T14:14:41.703+0000] {subprocess.py:106} INFO - 26/04/13 14:14:41 INFO CodecPool: Got brand-new decompressor [.zstd]
[2026-04-13T14:14:41.704+0000] {subprocess.py:106} INFO - 26/04/13 14:14:41 INFO CodecPool: Got brand-new decompressor [.zstd]
[2026-04-13T14:14:41.709+0000] {subprocess.py:106} INFO - 26/04/13 14:14:41 INFO CodecPool: Got brand-new decompressor [.zstd]
[2026-04-13T14:14:41.713+0000] {subprocess.py:106} INFO - 26/04/13 14:14:41 INFO CodecPool: Got brand-new decompressor [.zstd]
[2026-04-13T14:14:41.715+0000] {subprocess.py:106} INFO - 26/04/13 14:14:41 INFO DataWritingSparkTask: Writer for partition 27 is committing.
[2026-04-13T14:14:41.720+0000] {subprocess.py:106} INFO - 26/04/13 14:14:41 INFO DataWritingSparkTask: Writer for partition 29 is committing.
[2026-04-13T14:14:41.721+0000] {subprocess.py:106} INFO - 26/04/13 14:14:41 INFO CodecPool: Got brand-new decompressor [.zstd]
[2026-04-13T14:14:41.722+0000] {subprocess.py:106} INFO - 26/04/13 14:14:41 INFO CodecPool: Got brand-new decompressor [.zstd]
[2026-04-13T14:14:41.734+0000] {subprocess.py:106} INFO - 26/04/13 14:14:41 INFO DataWritingSparkTask: Writer for partition 25 is committing.
[2026-04-13T14:14:41.735+0000] {subprocess.py:106} INFO - 26/04/13 14:14:41 INFO CodecPool: Got brand-new decompressor [.zstd]
[2026-04-13T14:14:41.747+0000] {subprocess.py:106} INFO - 26/04/13 14:14:41 INFO DataWritingSparkTask: Writer for partition 28 is committing.
[2026-04-13T14:14:41.752+0000] {subprocess.py:106} INFO - 26/04/13 14:14:41 INFO CodecPool: Got brand-new decompressor [.zstd]
[2026-04-13T14:14:41.753+0000] {subprocess.py:106} INFO - 26/04/13 14:14:41 INFO CodecPool: Got brand-new decompressor [.zstd]
[2026-04-13T14:14:41.760+0000] {subprocess.py:106} INFO - 26/04/13 14:14:41 INFO CodecPool: Got brand-new decompressor [.zstd]
[2026-04-13T14:14:41.763+0000] {subprocess.py:106} INFO - 26/04/13 14:14:41 INFO CodecPool: Got brand-new decompressor [.zstd]
[2026-04-13T14:14:41.766+0000] {subprocess.py:106} INFO - 26/04/13 14:14:41 INFO CodecPool: Got brand-new decompressor [.zstd]
[2026-04-13T14:14:41.800+0000] {subprocess.py:106} INFO - 26/04/13 14:14:41 INFO DataWritingSparkTask: Writer for partition 30 is committing.
[2026-04-13T14:14:41.810+0000] {subprocess.py:106} INFO - 26/04/13 14:14:41 INFO CodecPool: Got brand-new decompressor [.zstd]
[2026-04-13T14:14:41.929+0000] {subprocess.py:106} INFO - 26/04/13 14:14:41 INFO CodecPool: Got brand-new decompressor [.zstd]
[2026-04-13T14:14:41.932+0000] {subprocess.py:106} INFO - 26/04/13 14:14:41 INFO DataWritingSparkTask: Writer for partition 24 is committing.
[2026-04-13T14:14:41.942+0000] {subprocess.py:106} INFO - 26/04/13 14:14:41 INFO DataWritingSparkTask: Committed partition 29 (task 29, attempt 0, stage 0.0)
[2026-04-13T14:14:41.943+0000] {subprocess.py:106} INFO - 26/04/13 14:14:41 INFO CodecPool: Got brand-new decompressor [.zstd]
[2026-04-13T14:14:41.945+0000] {subprocess.py:106} INFO - 26/04/13 14:14:41 INFO CodecPool: Got brand-new decompressor [.zstd]
[2026-04-13T14:14:41.947+0000] {subprocess.py:106} INFO - 26/04/13 14:14:41 INFO CodecPool: Got brand-new decompressor [.zstd]
[2026-04-13T14:14:41.948+0000] {subprocess.py:106} INFO - 26/04/13 14:14:41 INFO CodecPool: Got brand-new decompressor [.zstd]
[2026-04-13T14:14:41.949+0000] {subprocess.py:106} INFO - 26/04/13 14:14:41 INFO CodecPool: Got brand-new decompressor [.zstd]
[2026-04-13T14:14:41.951+0000] {subprocess.py:106} INFO - 26/04/13 14:14:41 INFO DataWritingSparkTask: Writer for partition 31 is committing.
[2026-04-13T14:14:41.956+0000] {subprocess.py:106} INFO - 26/04/13 14:14:41 INFO DataWritingSparkTask: Writer for partition 33 is committing.
[2026-04-13T14:14:41.966+0000] {subprocess.py:106} INFO - 26/04/13 14:14:41 INFO DataWritingSparkTask: Writer for partition 32 is committing.
[2026-04-13T14:14:41.975+0000] {subprocess.py:106} INFO - 26/04/13 14:14:41 INFO Executor: Finished task 29.0 in stage 0.0 (TID 29). 9936 bytes result sent to driver
[2026-04-13T14:14:41.996+0000] {subprocess.py:106} INFO - 26/04/13 14:14:41 INFO DataWritingSparkTask: Committed partition 23 (task 23, attempt 0, stage 0.0)
[2026-04-13T14:14:42.007+0000] {subprocess.py:106} INFO - 26/04/13 14:14:42 INFO TaskSetManager: Starting task 38.0 in stage 0.0 (TID 38) (spark-master,executor driver, partition 38, ANY, 19716 bytes)
[2026-04-13T14:14:42.036+0000] {subprocess.py:106} INFO - 26/04/13 14:14:42 INFO Executor: Finished task 23.0 in stage 0.0 (TID 23). 9905 bytes result sent to driver
[2026-04-13T14:14:42.038+0000] {subprocess.py:106} INFO - 26/04/13 14:14:42 INFO Executor: Running task 38.0 in stage 0.0 (TID 38)
[2026-04-13T14:14:42.040+0000] {subprocess.py:106} INFO - 26/04/13 14:14:42 INFO DataWritingSparkTask: Committed partition 26 (task 26, attempt 0, stage 0.0)
[2026-04-13T14:14:42.045+0000] {subprocess.py:106} INFO - 26/04/13 14:14:42 INFO CodecPool: Got brand-new decompressor [.zstd]
[2026-04-13T14:14:42.048+0000] {subprocess.py:106} INFO - 26/04/13 14:14:42 INFO Executor: Finished task 26.0 in stage 0.0 (TID 26). 9887 bytes result sent to driver
[2026-04-13T14:14:42.061+0000] {subprocess.py:106} INFO - 26/04/13 14:14:42 INFO CodecPool: Got brand-new decompressor [.zstd]
[2026-04-13T14:14:42.070+0000] {subprocess.py:106} INFO - 26/04/13 14:14:42 INFO CodecPool: Got brand-new decompressor [.zstd]
[2026-04-13T14:14:42.075+0000] {subprocess.py:106} INFO - 26/04/13 14:14:42 INFO DataWritingSparkTask: Writer for partition 34 is committing.
[2026-04-13T14:14:42.081+0000] {subprocess.py:106} INFO - 26/04/13 14:14:42 INFO TaskSetManager: Starting task 39.0 in stage 0.0 (TID 39) (spark-master,executor driver, partition 39, ANY, 19439 bytes)
[2026-04-13T14:14:42.084+0000] {subprocess.py:106} INFO - 26/04/13 14:14:42 INFO Executor: Running task 39.0 in stage 0.0 (TID 39)
[2026-04-13T14:14:42.087+0000] {subprocess.py:106} INFO - 26/04/13 14:14:42 INFO CodecPool: Got brand-new decompressor [.zstd]
[2026-04-13T14:14:42.092+0000] {subprocess.py:106} INFO - 26/04/13 14:14:42 INFO DataWritingSparkTask: Writer for partition 35 is committing.
[2026-04-13T14:14:42.104+0000] {subprocess.py:106} INFO - 26/04/13 14:14:42 INFO DataWritingSparkTask: Committed partition 28 (task 28, attempt 0, stage 0.0)
[2026-04-13T14:14:42.105+0000] {subprocess.py:106} INFO - 26/04/13 14:14:42 INFO DataWritingSparkTask: Committed partition 25 (task 25, attempt 0, stage 0.0)
[2026-04-13T14:14:42.112+0000] {subprocess.py:106} INFO - 26/04/13 14:14:42 INFO Executor: Finished task 25.0 in stage 0.0 (TID 25). 9953 bytes result sent to driver
[2026-04-13T14:14:42.116+0000] {subprocess.py:106} INFO - 26/04/13 14:14:42 INFO TaskSetManager: Starting task 40.0 in stage 0.0 (TID 40) (spark-master,executor driver, partition 40, ANY, 19198 bytes)
[2026-04-13T14:14:42.117+0000] {subprocess.py:106} INFO - 26/04/13 14:14:42 INFO Executor: Running task 40.0 in stage 0.0 (TID 40)
[2026-04-13T14:14:42.119+0000] {subprocess.py:106} INFO - 26/04/13 14:14:42 INFO TaskSetManager: Starting task 41.0 in stage 0.0 (TID 41) (spark-master,executor driver, partition 41, ANY, 19713 bytes)
[2026-04-13T14:14:42.122+0000] {subprocess.py:106} INFO - 26/04/13 14:14:42 INFO DataWritingSparkTask: Committed partition 27 (task 27, attempt 0, stage 0.0)
[2026-04-13T14:14:42.130+0000] {subprocess.py:106} INFO - 26/04/13 14:14:42 INFO TaskSetManager: Finished task 29.0 in stage 0.0 (TID 29) in 1319 ms on spark-master (executor driver) (23/49)
[2026-04-13T14:14:42.131+0000] {subprocess.py:106} INFO - 26/04/13 14:14:42 INFO TaskSetManager: Finished task 26.0 in stage 0.0 (TID 26) in 1469 ms on spark-master (executor driver) (24/49)
[2026-04-13T14:14:42.132+0000] {subprocess.py:106} INFO - 26/04/13 14:14:42 INFO TaskSetManager: Finished task 23.0 in stage 0.0 (TID 23) in 1518 ms on spark-master (executor driver) (25/49)
[2026-04-13T14:14:42.134+0000] {subprocess.py:106} INFO - 26/04/13 14:14:42 INFO Executor: Finished task 28.0 in stage 0.0 (TID 28). 9961 bytes result sent to driver
[2026-04-13T14:14:42.136+0000] {subprocess.py:106} INFO - 26/04/13 14:14:42 INFO Executor: Running task 41.0 in stage 0.0 (TID 41)
[2026-04-13T14:14:42.137+0000] {subprocess.py:106} INFO - 26/04/13 14:14:42 INFO DataWritingSparkTask: Committed partition 31 (task 31, attempt 0, stage 0.0)
[2026-04-13T14:14:42.138+0000] {subprocess.py:106} INFO - 26/04/13 14:14:42 INFO Executor: Finished task 31.0 in stage 0.0 (TID 31). 9943 bytes result sent to driver
[2026-04-13T14:14:42.143+0000] {subprocess.py:106} INFO - 26/04/13 14:14:42 INFO CodecPool: Got brand-new compressor [.zstd]
[2026-04-13T14:14:42.149+0000] {subprocess.py:106} INFO - 26/04/13 14:14:42 INFO Executor: Finished task 27.0 in stage 0.0 (TID 27). 9905 bytes result sent to driver
[2026-04-13T14:14:42.153+0000] {subprocess.py:106} INFO - 26/04/13 14:14:42 INFO TaskSetManager: Starting task 42.0 in stage 0.0 (TID 42) (spark-master,executor driver, partition 42, ANY, 19731 bytes)
[2026-04-13T14:14:42.156+0000] {subprocess.py:106} INFO - 26/04/13 14:14:42 INFO TaskSetManager: Finished task 25.0 in stage 0.0 (TID 25) in 1519 ms on spark-master (executor driver) (26/49)
[2026-04-13T14:14:42.163+0000] {subprocess.py:106} INFO - 26/04/13 14:14:42 INFO CodecPool: Got brand-new decompressor [.zstd]
[2026-04-13T14:14:42.164+0000] {subprocess.py:106} INFO - 26/04/13 14:14:42 INFO Executor: Running task 42.0 in stage 0.0 (TID 42)
[2026-04-13T14:14:42.166+0000] {subprocess.py:106} INFO - 26/04/13 14:14:42 INFO TaskSetManager: Finished task 28.0 in stage 0.0 (TID 28) in 1417 ms on spark-master (executor driver) (27/49)
[2026-04-13T14:14:42.167+0000] {subprocess.py:106} INFO - 26/04/13 14:14:42 INFO CodecPool: Got brand-new compressor [.zstd]
[2026-04-13T14:14:42.171+0000] {subprocess.py:106} INFO - 26/04/13 14:14:42 INFO TaskSetManager: Starting task 43.0 in stage 0.0 (TID 43) (spark-master,executor driver, partition 43, ANY, 19714 bytes)
[2026-04-13T14:14:42.172+0000] {subprocess.py:106} INFO - 26/04/13 14:14:42 INFO DataWritingSparkTask: Writer for partition 36 is committing.
[2026-04-13T14:14:42.174+0000] {subprocess.py:106} INFO - 26/04/13 14:14:42 INFO CodecPool: Got brand-new compressor [.zstd]
[2026-04-13T14:14:42.175+0000] {subprocess.py:106} INFO - 26/04/13 14:14:42 INFO TaskSetManager: Finished task 31.0 in stage 0.0 (TID 31) in 1319 ms on spark-master (executor driver) (28/49)
[2026-04-13T14:14:42.176+0000] {subprocess.py:106} INFO - 26/04/13 14:14:42 INFO Executor: Running task 43.0 in stage 0.0 (TID 43)
[2026-04-13T14:14:42.182+0000] {subprocess.py:106} INFO - 26/04/13 14:14:42 INFO CodecPool: Got brand-new decompressor [.zstd]
[2026-04-13T14:14:42.192+0000] {subprocess.py:106} INFO - 26/04/13 14:14:42 INFO TaskSetManager: Starting task 44.0 in stage 0.0 (TID 44) (spark-master,executor driver, partition 44, ANY, 19435 bytes)
[2026-04-13T14:14:42.194+0000] {subprocess.py:106} INFO - 26/04/13 14:14:42 INFO DataWritingSparkTask: Writer for partition 37 is committing.
[2026-04-13T14:14:42.199+0000] {subprocess.py:106} INFO - 26/04/13 14:14:42 INFO TaskSetManager: Finished task 27.0 in stage 0.0 (TID 27) in 1501 ms on spark-master (executor driver) (29/49)
[2026-04-13T14:14:42.200+0000] {subprocess.py:106} INFO - 26/04/13 14:14:42 INFO Executor: Running task 44.0 in stage 0.0 (TID 44)
[2026-04-13T14:14:42.202+0000] {subprocess.py:106} INFO - 26/04/13 14:14:42 INFO DataWritingSparkTask: Committed partition 34 (task 34, attempt 0, stage 0.0)
[2026-04-13T14:14:42.205+0000] {subprocess.py:106} INFO - 26/04/13 14:14:42 INFO CodecPool: Got brand-new decompressor [.zstd]
[2026-04-13T14:14:42.212+0000] {subprocess.py:106} INFO - 26/04/13 14:14:42 INFO Executor: Finished task 34.0 in stage 0.0 (TID 34). 9946 bytes result sent to driver
[2026-04-13T14:14:42.230+0000] {subprocess.py:106} INFO - 26/04/13 14:14:42 INFO TaskSetManager: Starting task 45.0 in stage 0.0 (TID 45) (spark-master,executor driver, partition 45, ANY, 19445 bytes)
[2026-04-13T14:14:42.233+0000] {subprocess.py:106} INFO - 26/04/13 14:14:42 INFO TaskSetManager: Finished task 34.0 in stage 0.0 (TID 34) in 902 ms on spark-master (executor driver) (30/49)
[2026-04-13T14:14:42.237+0000] {subprocess.py:106} INFO - 26/04/13 14:14:42 INFO CodecPool: Got brand-new compressor [.zstd]
[2026-04-13T14:14:42.241+0000] {subprocess.py:106} INFO - 26/04/13 14:14:42 INFO CodecPool: Got brand-new compressor [.zstd]
[2026-04-13T14:14:42.244+0000] {subprocess.py:106} INFO - 26/04/13 14:14:42 INFO DataWritingSparkTask: Committed partition 32 (task 32, attempt 0, stage 0.0)
[2026-04-13T14:14:42.247+0000] {subprocess.py:106} INFO - 26/04/13 14:14:42 INFO Executor: Running task 45.0 in stage 0.0 (TID 45)
[2026-04-13T14:14:42.253+0000] {subprocess.py:106} INFO - 26/04/13 14:14:42 INFO CodecPool: Got brand-new decompressor [.zstd]
[2026-04-13T14:14:42.256+0000] {subprocess.py:106} INFO - 26/04/13 14:14:42 INFO Executor: Finished task 32.0 in stage 0.0 (TID 32). 9950 bytes result sent to driver
[2026-04-13T14:14:42.257+0000] {subprocess.py:106} INFO - 26/04/13 14:14:42 INFO TaskSetManager: Starting task 46.0 in stage 0.0 (TID 46) (spark-master,executor driver, partition 46, ANY, 19455 bytes)
[2026-04-13T14:14:42.259+0000] {subprocess.py:106} INFO - 26/04/13 14:14:42 INFO TaskSetManager: Finished task 32.0 in stage 0.0 (TID 32) in 1145 ms on spark-master (executor driver) (31/49)
[2026-04-13T14:14:42.261+0000] {subprocess.py:106} INFO - 26/04/13 14:14:42 INFO CodecPool: Got brand-new decompressor [.zstd]
[2026-04-13T14:14:42.266+0000] {subprocess.py:106} INFO - 26/04/13 14:14:42 INFO Executor: Running task 46.0 in stage 0.0 (TID 46)
[2026-04-13T14:14:42.287+0000] {subprocess.py:106} INFO - 26/04/13 14:14:42 INFO CodecPool: Got brand-new decompressor [.zstd]
[2026-04-13T14:14:42.299+0000] {subprocess.py:106} INFO - 26/04/13 14:14:42 INFO CodecPool: Got brand-new compressor [.zstd]
[2026-04-13T14:14:42.301+0000] {subprocess.py:106} INFO - 26/04/13 14:14:42 INFO CodecPool: Got brand-new compressor [.zstd]
[2026-04-13T14:14:42.311+0000] {subprocess.py:106} INFO - 26/04/13 14:14:42 INFO CodecPool: Got brand-new decompressor [.zstd]
[2026-04-13T14:14:42.315+0000] {subprocess.py:106} INFO - 26/04/13 14:14:42 INFO CodecPool: Got brand-new decompressor [.zstd]
[2026-04-13T14:14:42.331+0000] {subprocess.py:106} INFO - 26/04/13 14:14:42 INFO DataWritingSparkTask: Committed partition 37 (task 37, attempt 0, stage 0.0)
[2026-04-13T14:14:42.333+0000] {subprocess.py:106} INFO - 26/04/13 14:14:42 INFO CodecPool: Got brand-new decompressor [.zstd]
[2026-04-13T14:14:42.348+0000] {subprocess.py:106} INFO - 26/04/13 14:14:42 INFO CodecPool: Got brand-new compressor [.zstd]
[2026-04-13T14:14:42.366+0000] {subprocess.py:106} INFO - 26/04/13 14:14:42 INFO Executor: Finished task 37.0 in stage 0.0 (TID 37). 9891 bytes result sent to driver
[2026-04-13T14:14:42.377+0000] {subprocess.py:106} INFO - 26/04/13 14:14:42 INFO CodecPool: Got brand-new compressor [.zstd]
[2026-04-13T14:14:42.390+0000] {subprocess.py:106} INFO - 26/04/13 14:14:42 INFO CodecPool: Got brand-new decompressor [.zstd]
[2026-04-13T14:14:42.395+0000] {subprocess.py:106} INFO - 26/04/13 14:14:42 INFO TaskSetManager: Starting task 47.0 in stage 0.0 (TID 47) (spark-master,executor driver, partition 47, ANY, 19466 bytes)
[2026-04-13T14:14:42.402+0000] {subprocess.py:106} INFO - 26/04/13 14:14:42 INFO Executor: Running task 47.0 in stage 0.0 (TID 47)
[2026-04-13T14:14:42.410+0000] {subprocess.py:106} INFO - 26/04/13 14:14:42 INFO TaskSetManager: Finished task 37.0 in stage 0.0 (TID 37) in 936 ms on spark-master (executor driver) (32/49)
[2026-04-13T14:14:42.423+0000] {subprocess.py:106} INFO - 26/04/13 14:14:42 INFO CodecPool: Got brand-new decompressor [.zstd]
[2026-04-13T14:14:42.439+0000] {subprocess.py:106} INFO - 26/04/13 14:14:42 INFO CodecPool: Got brand-new decompressor [.zstd]
[2026-04-13T14:14:42.445+0000] {subprocess.py:106} INFO - 26/04/13 14:14:42 INFO CodecPool: Got brand-new decompressor [.zstd]
[2026-04-13T14:14:42.454+0000] {subprocess.py:106} INFO - 26/04/13 14:14:42 INFO CodecPool: Got brand-new compressor [.zstd]
[2026-04-13T14:14:42.461+0000] {subprocess.py:106} INFO - 26/04/13 14:14:42 INFO DataWritingSparkTask: Writer for partition 40 is committing.
[2026-04-13T14:14:42.467+0000] {subprocess.py:106} INFO - 26/04/13 14:14:42 INFO CodecPool: Got brand-new decompressor [.zstd]
[2026-04-13T14:14:42.476+0000] {subprocess.py:106} INFO - 26/04/13 14:14:42 INFO CodecPool: Got brand-new decompressor [.zstd]
[2026-04-13T14:14:42.486+0000] {subprocess.py:106} INFO - 26/04/13 14:14:42 INFO CodecPool: Got brand-new decompressor [.zstd]
[2026-04-13T14:14:42.498+0000] {subprocess.py:106} INFO - 26/04/13 14:14:42 INFO DataWritingSparkTask: Committed partition 22 (task 22, attempt 0, stage 0.0)
[2026-04-13T14:14:42.507+0000] {subprocess.py:106} INFO - 26/04/13 14:14:42 INFO Executor: Finished task 22.0 in stage 0.0 (TID 22). 9936 bytes result sent to driver
[2026-04-13T14:14:42.523+0000] {subprocess.py:106} INFO - 26/04/13 14:14:42 INFO CodecPool: Got brand-new decompressor [.zstd]
[2026-04-13T14:14:42.527+0000] {subprocess.py:106} INFO - 26/04/13 14:14:42 INFO CodecPool: Got brand-new decompressor [.zstd]
[2026-04-13T14:14:42.534+0000] {subprocess.py:106} INFO - 26/04/13 14:14:42 INFO TaskSetManager: Starting task 48.0 in stage 0.0 (TID 48) (spark-master,executor driver, partition 48, ANY, 19114 bytes)
[2026-04-13T14:14:42.537+0000] {subprocess.py:106} INFO - 26/04/13 14:14:42 INFO TaskSetManager: Finished task 22.0 in stage 0.0 (TID 22) in 1936 ms on spark-master (executor driver) (33/49)
[2026-04-13T14:14:42.539+0000] {subprocess.py:106} INFO - 26/04/13 14:14:42 INFO CodecPool: Got brand-new decompressor [.zstd]
[2026-04-13T14:14:42.542+0000] {subprocess.py:106} INFO - 26/04/13 14:14:42 INFO Executor: Running task 48.0 in stage 0.0 (TID 48)
[2026-04-13T14:14:42.544+0000] {subprocess.py:106} INFO - 26/04/13 14:14:42 INFO CodecPool: Got brand-new decompressor [.zstd]
[2026-04-13T14:14:42.546+0000] {subprocess.py:106} INFO - 26/04/13 14:14:42 INFO CodecPool: Got brand-new decompressor [.zstd]
[2026-04-13T14:14:42.550+0000] {subprocess.py:106} INFO - 26/04/13 14:14:42 INFO CodecPool: Got brand-new decompressor [.zstd]
[2026-04-13T14:14:42.562+0000] {subprocess.py:106} INFO - 26/04/13 14:14:42 INFO CodecPool: Got brand-new decompressor [.zstd]
[2026-04-13T14:14:42.572+0000] {subprocess.py:106} INFO - 26/04/13 14:14:42 INFO CodecPool: Got brand-new decompressor [.zstd]
[2026-04-13T14:14:42.584+0000] {subprocess.py:106} INFO - 26/04/13 14:14:42 INFO CodecPool: Got brand-new compressor [.zstd]
[2026-04-13T14:14:42.589+0000] {subprocess.py:106} INFO - 26/04/13 14:14:42 INFO DataWritingSparkTask: Writer for partition 39 is committing.
[2026-04-13T14:14:42.590+0000] {subprocess.py:106} INFO - 26/04/13 14:14:42 INFO CodecPool: Got brand-new decompressor [.zstd]
[2026-04-13T14:14:42.592+0000] {subprocess.py:106} INFO - 26/04/13 14:14:42 INFO CodecPool: Got brand-new decompressor [.zstd]
[2026-04-13T14:14:42.593+0000] {subprocess.py:106} INFO - 26/04/13 14:14:42 INFO CodecPool: Got brand-new decompressor [.zstd]
[2026-04-13T14:14:42.595+0000] {subprocess.py:106} INFO - 26/04/13 14:14:42 INFO CodecPool: Got brand-new decompressor [.zstd]
[2026-04-13T14:14:42.603+0000] {subprocess.py:106} INFO - 26/04/13 14:14:42 INFO DataWritingSparkTask: Committed partition 33 (task 33, attempt 0, stage 0.0)
[2026-04-13T14:14:42.607+0000] {subprocess.py:106} INFO - 26/04/13 14:14:42 INFO Executor: Finished task 33.0 in stage 0.0 (TID 33). 9943 bytes result sent to driver
[2026-04-13T14:14:42.609+0000] {subprocess.py:106} INFO - 26/04/13 14:14:42 INFO CodecPool: Got brand-new decompressor [.zstd]
[2026-04-13T14:14:42.611+0000] {subprocess.py:106} INFO - 26/04/13 14:14:42 INFO TaskSetManager: Finished task 33.0 in stage 0.0 (TID 33) in 1307 ms on spark-master (executor driver) (34/49)
[2026-04-13T14:14:42.612+0000] {subprocess.py:106} INFO - 26/04/13 14:14:42 INFO DataWritingSparkTask: Committed partition 24 (task 24, attempt 0, stage 0.0)
[2026-04-13T14:14:42.614+0000] {subprocess.py:106} INFO - 26/04/13 14:14:42 INFO CodecPool: Got brand-new decompressor [.zstd]
[2026-04-13T14:14:42.619+0000] {subprocess.py:106} INFO - 26/04/13 14:14:42 INFO CodecPool: Got brand-new decompressor [.zstd]
[2026-04-13T14:14:42.625+0000] {subprocess.py:106} INFO - 26/04/13 14:14:42 INFO Executor: Finished task 24.0 in stage 0.0 (TID 24). 9934 bytes result sent to driver
[2026-04-13T14:14:42.628+0000] {subprocess.py:106} INFO - 26/04/13 14:14:42 INFO TaskSetManager: Finished task 24.0 in stage 0.0 (TID 24) in 1964 ms on spark-master (executor driver) (35/49)
[2026-04-13T14:14:42.631+0000] {subprocess.py:106} INFO - 26/04/13 14:14:42 INFO DataWritingSparkTask: Writer for partition 41 is committing.
[2026-04-13T14:14:42.632+0000] {subprocess.py:106} INFO - 26/04/13 14:14:42 INFO DataWritingSparkTask: Committed partition 30 (task 30, attempt 0, stage 0.0)
[2026-04-13T14:14:42.634+0000] {subprocess.py:106} INFO - 26/04/13 14:14:42 INFO CodecPool: Got brand-new decompressor [.zstd]
[2026-04-13T14:14:42.635+0000] {subprocess.py:106} INFO - 26/04/13 14:14:42 INFO CodecPool: Got brand-new decompressor [.zstd]
[2026-04-13T14:14:42.636+0000] {subprocess.py:106} INFO - 26/04/13 14:14:42 INFO CodecPool: Got brand-new decompressor [.zstd]
[2026-04-13T14:14:42.637+0000] {subprocess.py:106} INFO - 26/04/13 14:14:42 INFO Executor: Finished task 30.0 in stage 0.0 (TID 30). 9948 bytes result sent to driver
[2026-04-13T14:14:42.638+0000] {subprocess.py:106} INFO - 26/04/13 14:14:42 INFO CodecPool: Got brand-new decompressor [.zstd]
[2026-04-13T14:14:42.640+0000] {subprocess.py:106} INFO - 26/04/13 14:14:42 INFO CodecPool: Got brand-new decompressor [.zstd]
[2026-04-13T14:14:42.642+0000] {subprocess.py:106} INFO - 26/04/13 14:14:42 INFO TaskSetManager: Finished task 30.0 in stage 0.0 (TID 30) in 1817 ms on spark-master (executor driver) (36/49)
[2026-04-13T14:14:42.799+0000] {subprocess.py:106} INFO - 26/04/13 14:14:42 INFO CodecPool: Got brand-new decompressor [.zstd]
[2026-04-13T14:14:42.804+0000] {subprocess.py:106} INFO - 26/04/13 14:14:42 INFO CodecPool: Got brand-new decompressor [.zstd]
[2026-04-13T14:14:42.817+0000] {subprocess.py:106} INFO - 26/04/13 14:14:42 INFO DataWritingSparkTask: Writer for partition 38 is committing.
[2026-04-13T14:14:42.822+0000] {subprocess.py:106} INFO - 26/04/13 14:14:42 INFO DataWritingSparkTask: Committed partition 36 (task 36, attempt 0, stage 0.0)
[2026-04-13T14:14:42.824+0000] {subprocess.py:106} INFO - 26/04/13 14:14:42 INFO DataWritingSparkTask: Committed partition 35 (task 35, attempt 0, stage 0.0)
[2026-04-13T14:14:42.856+0000] {subprocess.py:106} INFO - 26/04/13 14:14:42 INFO DataWritingSparkTask: Writer for partition 45 is committing.
[2026-04-13T14:14:42.858+0000] {subprocess.py:106} INFO - 26/04/13 14:14:42 INFO DataWritingSparkTask: Writer for partition 44 is committing.
[2026-04-13T14:14:42.867+0000] {subprocess.py:106} INFO - 26/04/13 14:14:42 INFO Executor: Finished task 36.0 in stage 0.0 (TID 36). 9946 bytes result sent to driver
[2026-04-13T14:14:42.869+0000] {subprocess.py:106} INFO - 26/04/13 14:14:42 INFO Executor: Finished task 35.0 in stage 0.0 (TID 35). 9947 bytes result sent to driver
[2026-04-13T14:14:42.871+0000] {subprocess.py:106} INFO - 26/04/13 14:14:42 INFO CodecPool: Got brand-new decompressor [.zstd]
[2026-04-13T14:14:42.883+0000] {subprocess.py:106} INFO - 26/04/13 14:14:42 INFO DataWritingSparkTask: Writer for partition 42 is committing.
[2026-04-13T14:14:42.886+0000] {subprocess.py:106} INFO - 26/04/13 14:14:42 INFO TaskSetManager: Finished task 35.0 in stage 0.0 (TID 35) in 1485 ms on spark-master (executor driver) (37/49)
[2026-04-13T14:14:42.889+0000] {subprocess.py:106} INFO - 26/04/13 14:14:42 INFO TaskSetManager: Finished task 36.0 in stage 0.0 (TID 36) in 1474 ms on spark-master (executor driver) (38/49)
[2026-04-13T14:14:42.890+0000] {subprocess.py:106} INFO - 26/04/13 14:14:42 INFO CodecPool: Got brand-new decompressor [.zstd]
[2026-04-13T14:14:42.895+0000] {subprocess.py:106} INFO - 26/04/13 14:14:42 INFO DataWritingSparkTask: Committed partition 39 (task 39, attempt 0, stage 0.0)
[2026-04-13T14:14:42.897+0000] {subprocess.py:106} INFO - 26/04/13 14:14:42 INFO CodecPool: Got brand-new decompressor [.zstd]
[2026-04-13T14:14:42.903+0000] {subprocess.py:106} INFO - 26/04/13 14:14:42 INFO Executor: Finished task 39.0 in stage 0.0 (TID 39). 9929 bytes result sent to driver
[2026-04-13T14:14:42.906+0000] {subprocess.py:106} INFO - 26/04/13 14:14:42 INFO TaskSetManager: Finished task 39.0 in stage 0.0 (TID 39) in 869 ms on spark-master (executor driver) (39/49)
[2026-04-13T14:14:42.928+0000] {subprocess.py:106} INFO - 26/04/13 14:14:42 INFO DataWritingSparkTask: Writer for partition 46 is committing.
[2026-04-13T14:14:42.946+0000] {subprocess.py:106} INFO - 26/04/13 14:14:42 INFO CodecPool: Got brand-new decompressor [.zstd]
[2026-04-13T14:14:42.957+0000] {subprocess.py:106} INFO - 26/04/13 14:14:42 INFO CodecPool: Got brand-new decompressor [.zstd]
[2026-04-13T14:14:42.965+0000] {subprocess.py:106} INFO - 26/04/13 14:14:42 INFO CodecPool: Got brand-new decompressor [.zstd]
[2026-04-13T14:14:42.969+0000] {subprocess.py:106} INFO - 26/04/13 14:14:42 INFO DataWritingSparkTask: Writer for partition 47 is committing.
[2026-04-13T14:14:42.975+0000] {subprocess.py:106} INFO - 26/04/13 14:14:42 INFO DataWritingSparkTask: Committed partition 40 (task 40, attempt 0, stage 0.0)
[2026-04-13T14:14:42.980+0000] {subprocess.py:106} INFO - 26/04/13 14:14:42 INFO Executor: Finished task 40.0 in stage 0.0 (TID 40). 9932 bytes result sent to driver
[2026-04-13T14:14:42.984+0000] {subprocess.py:106} INFO - 26/04/13 14:14:42 INFO TaskSetManager: Finished task 40.0 in stage 0.0 (TID 40) in 894 ms on spark-master (executor driver) (40/49)
[2026-04-13T14:14:43.035+0000] {subprocess.py:106} INFO - 26/04/13 14:14:43 INFO DataWritingSparkTask: Writer for partition 48 is committing.
[2026-04-13T14:14:43.047+0000] {subprocess.py:106} INFO - 26/04/13 14:14:43 INFO DataWritingSparkTask: Committed partition 38 (task 38, attempt 0, stage 0.0)
[2026-04-13T14:14:43.051+0000] {subprocess.py:106} INFO - 26/04/13 14:14:43 INFO CodecPool: Got brand-new decompressor [.zstd]
[2026-04-13T14:14:43.055+0000] {subprocess.py:106} INFO - 26/04/13 14:14:43 INFO Executor: Finished task 38.0 in stage 0.0 (TID 38). 9944 bytes result sent to driver
[2026-04-13T14:14:43.057+0000] {subprocess.py:106} INFO - 26/04/13 14:14:43 INFO DataWritingSparkTask: Committed partition 42 (task 42, attempt 0, stage 0.0)
[2026-04-13T14:14:43.064+0000] {subprocess.py:106} INFO - 26/04/13 14:14:43 INFO Executor: Finished task 42.0 in stage 0.0 (TID 42). 9958 bytes result sent to driver
[2026-04-13T14:14:43.067+0000] {subprocess.py:106} INFO - 26/04/13 14:14:43 INFO DataWritingSparkTask: Committed partition 45 (task 45, attempt 0, stage 0.0)
[2026-04-13T14:14:43.068+0000] {subprocess.py:106} INFO - 26/04/13 14:14:43 INFO DataWritingSparkTask: Committed partition 44 (task 44, attempt 0, stage 0.0)
[2026-04-13T14:14:43.083+0000] {subprocess.py:106} INFO - 26/04/13 14:14:43 INFO DataWritingSparkTask: Writer for partition 43 is committing.
[2026-04-13T14:14:43.084+0000] {subprocess.py:106} INFO - 26/04/13 14:14:43 INFO TaskSetManager: Finished task 38.0 in stage 0.0 (TID 38) in 1074 ms on spark-master (executor driver) (41/49)
[2026-04-13T14:14:43.086+0000] {subprocess.py:106} INFO - 26/04/13 14:14:43 INFO Executor: Finished task 45.0 in stage 0.0 (TID 45). 9941 bytes result sent to driver
[2026-04-13T14:14:43.087+0000] {subprocess.py:106} INFO - 26/04/13 14:14:43 INFO DataWritingSparkTask: Committed partition 46 (task 46, attempt 0, stage 0.0)
[2026-04-13T14:14:43.089+0000] {subprocess.py:106} INFO - 26/04/13 14:14:43 INFO TaskSetManager: Finished task 42.0 in stage 0.0 (TID 42) in 953 ms on spark-master (executor driver) (42/49)
[2026-04-13T14:14:43.095+0000] {subprocess.py:106} INFO - 26/04/13 14:14:43 INFO Executor: Finished task 44.0 in stage 0.0 (TID 44). 9900 bytes result sent to driver
[2026-04-13T14:14:43.096+0000] {subprocess.py:106} INFO - 26/04/13 14:14:43 INFO Executor: Finished task 46.0 in stage 0.0 (TID 46). 9901 bytes result sent to driver
[2026-04-13T14:14:43.098+0000] {subprocess.py:106} INFO - 26/04/13 14:14:43 INFO TaskSetManager: Finished task 45.0 in stage 0.0 (TID 45) in 884 ms on spark-master (executor driver) (43/49)
[2026-04-13T14:14:43.104+0000] {subprocess.py:106} INFO - 26/04/13 14:14:43 INFO TaskSetManager: Finished task 46.0 in stage 0.0 (TID 46) in 849 ms on spark-master (executor driver) (44/49)
[2026-04-13T14:14:43.114+0000] {subprocess.py:106} INFO - 26/04/13 14:14:43 INFO DataWritingSparkTask: Committed partition 47 (task 47, attempt 0, stage 0.0)
[2026-04-13T14:14:43.118+0000] {subprocess.py:106} INFO - 26/04/13 14:14:43 INFO TaskSetManager: Finished task 44.0 in stage 0.0 (TID 44) in 935 ms on spark-master (executor driver) (45/49)
[2026-04-13T14:14:43.135+0000] {subprocess.py:106} INFO - 26/04/13 14:14:43 INFO Executor: Finished task 47.0 in stage 0.0 (TID 47). 9948 bytes result sent to driver
[2026-04-13T14:14:43.139+0000] {subprocess.py:106} INFO - 26/04/13 14:14:43 INFO TaskSetManager: Finished task 47.0 in stage 0.0 (TID 47) in 795 ms on spark-master (executor driver) (46/49)
[2026-04-13T14:14:43.154+0000] {subprocess.py:106} INFO - 26/04/13 14:14:43 INFO DataWritingSparkTask: Committed partition 48 (task 48, attempt 0, stage 0.0)
[2026-04-13T14:14:43.158+0000] {subprocess.py:106} INFO - 26/04/13 14:14:43 INFO Executor: Finished task 48.0 in stage 0.0 (TID 48). 9914 bytes result sent to driver
[2026-04-13T14:14:43.162+0000] {subprocess.py:106} INFO - 26/04/13 14:14:43 INFO TaskSetManager: Finished task 48.0 in stage 0.0 (TID 48) in 721 ms on spark-master (executor driver) (47/49)
[2026-04-13T14:14:43.357+0000] {subprocess.py:106} INFO - 26/04/13 14:14:43 INFO DataWritingSparkTask: Committed partition 41 (task 41, attempt 0, stage 0.0)
[2026-04-13T14:14:43.361+0000] {subprocess.py:106} INFO - 26/04/13 14:14:43 INFO Executor: Finished task 41.0 in stage 0.0 (TID 41). 9905 bytes result sent to driver
[2026-04-13T14:14:43.364+0000] {subprocess.py:106} INFO - 26/04/13 14:14:43 INFO TaskSetManager: Finished task 41.0 in stage 0.0 (TID 41) in 1249 ms on spark-master (executor driver) (48/49)
[2026-04-13T14:14:43.578+0000] {subprocess.py:106} INFO - 26/04/13 14:14:43 INFO DataWritingSparkTask: Committed partition 43 (task 43, attempt 0, stage 0.0)
[2026-04-13T14:14:43.581+0000] {subprocess.py:106} INFO - 26/04/13 14:14:43 INFO Executor: Finished task 43.0 in stage 0.0 (TID 43). 9891 bytes result sent to driver
[2026-04-13T14:14:43.586+0000] {subprocess.py:106} INFO - 26/04/13 14:14:43 INFO TaskSetManager: Finished task 43.0 in stage 0.0 (TID 43) in 1417 ms on spark-master (executor driver) (49/49)
[2026-04-13T14:14:43.587+0000] {subprocess.py:106} INFO - 26/04/13 14:14:43 INFO TaskSchedulerImpl: Removed TaskSet 0.0 whose tasks have all completed, from pool
[2026-04-13T14:14:43.589+0000] {subprocess.py:106} INFO - 26/04/13 14:14:43 INFO DAGScheduler: ResultStage 0 (createOrReplace at NativeMethodAccessorImpl.java:0) finished in 8105 ms
[2026-04-13T14:14:43.597+0000] {subprocess.py:106} INFO - 26/04/13 14:14:43 INFO DAGScheduler: Job 0 is finished. Cancelling potential speculative or zombie tasks for this job
[2026-04-13T14:14:43.598+0000] {subprocess.py:106} INFO - 26/04/13 14:14:43 INFO TaskSchedulerImpl: Canceling stage 0
[2026-04-13T14:14:43.604+0000] {subprocess.py:106} INFO - 26/04/13 14:14:43 INFO TaskSchedulerImpl: Killing all running tasks in stage 0: Stage finished
[2026-04-13T14:14:43.611+0000] {subprocess.py:106} INFO - 26/04/13 14:14:43 INFO DAGScheduler: Job 0 finished: createOrReplace at NativeMethodAccessorImpl.java:0, took 8198.517064 ms
[2026-04-13T14:14:43.616+0000] {subprocess.py:106} INFO - 26/04/13 14:14:43 INFO OverwriteByExpressionExec: Data source write support IcebergBatchWrite(table=air_quality_ml.air_quality_train, format=PARQUET) is committing.
[2026-04-13T14:14:43.646+0000] {subprocess.py:106} INFO - 26/04/13 14:14:43 INFO SparkWrite: Committing overwrite by filter true with 49 new data files to table air_quality_ml.air_quality_train
[2026-04-13T14:14:43.904+0000] {subprocess.py:106} INFO - 26/04/13 14:14:43 INFO SnapshotProducer: Committed snapshot 2494185258411903033 (BaseOverwriteFiles)
[2026-04-13T14:14:43.947+0000] {subprocess.py:106} INFO - 26/04/13 14:14:43 INFO LoggingMetricsReporter: Received metrics report: CommitReport{tableName=air_quality_ml.air_quality_train, snapshotId=2494185258411903033, sequenceNumber=1, operation=overwrite, commitMetrics=CommitMetricsResult{totalDuration=TimerResult{timeUnit=NANOSECONDS, totalDuration=PT0.276541775S, count=1}, attempts=CounterResult{unit=COUNT, value=1}, addedDataFiles=CounterResult{unit=COUNT, value=49}, removedDataFiles=null, totalDataFiles=CounterResult{unit=COUNT, value=49}, addedDeleteFiles=null, addedEqualityDeleteFiles=null, addedPositionalDeleteFiles=null, addedDVs=null, removedDeleteFiles=null, removedEqualityDeleteFiles=null, removedPositionalDeleteFiles=null, removedDVs=null, totalDeleteFiles=CounterResult{unit=COUNT, value=0}, addedRecords=CounterResult{unit=COUNT, value=1042}, removedRecords=null, totalRecords=CounterResult{unit=COUNT, value=1042}, addedFilesSizeInBytes=CounterResult{unit=BYTES, value=536469}, removedFilesSizeInBytes=null, totalFilesSizeInBytes=CounterResult{unit=BYTES, value=536469}, addedPositionalDeletes=null, removedPositionalDeletes=null, totalPositionalDeletes=CounterResult{unit=COUNT, value=0}, addedEqualityDeletes=null, removedEqualityDeletes=null, totalEqualityDeletes=CounterResult{unit=COUNT, value=0}, manifestsCreated=null, manifestsReplaced=null, manifestsKept=null, manifestEntriesProcessed=null}, metadata={engine-version=4.0.2, app-id=local-1776089662434, engine-name=spark, iceberg-version=Apache Iceberg 1.10.1 (commit ccb8bc435062171e64bc8b7e5f56e6aed9c5b934)}}
[2026-04-13T14:14:43.948+0000] {subprocess.py:106} INFO - 26/04/13 14:14:43 INFO SparkWrite: Committed in 299 ms
[2026-04-13T14:14:43.950+0000] {subprocess.py:106} INFO - 26/04/13 14:14:43 INFO OverwriteByExpressionExec: Data source write support IcebergBatchWrite(table=air_quality_ml.air_quality_train, format=PARQUET) committed.
[2026-04-13T14:14:48.085+0000] {subprocess.py:106} INFO - 26/04/13 14:14:48 INFO HiveTableOperations: Committed to table iceberg.air_quality_ml.air_quality_train with the new metadata location hdfs://23133083thuyvan-master:9000/user/hive/lakehouse/gold/ml/air_quality_train/metadata/00000-a2daf09f-ffd4-49a5-90da-c6d4c2359d67.metadata.json
[2026-04-13T14:14:48.086+0000] {subprocess.py:106} INFO - 26/04/13 14:14:48 INFO BaseMetastoreTableOperations: Successfully committed to table iceberg.air_quality_ml.air_quality_train in 4118 ms
[2026-04-13T14:14:48.144+0000] {subprocess.py:106} INFO - 26/04/13 14:14:48 INFO BaseMetastoreCatalog: Table properties set at catalog level through catalog properties: {}
[2026-04-13T14:14:48.154+0000] {subprocess.py:106} INFO - 26/04/13 14:14:48 INFO BaseMetastoreCatalog: Table properties enforced at catalog level through catalog properties: {}
[2026-04-13T14:14:48.209+0000] {subprocess.py:106} INFO - 26/04/13 14:14:48 INFO V2ScanRelationPushDown:
[2026-04-13T14:14:48.216+0000] {subprocess.py:106} INFO - Output: timestamp#0, location#1, latitude#2, longitude#3, country#4, condition_text#5, timezone#6, temperature_2m#7, relative_humidity_2m#8, apparent_temperature#9, precipitation#10, cloud_cover#11, wind_speed_10m#12, wind_direction_10m#13, wind_gusts_10m#14, uv_index#15, weather_code#16, european_aqi#17, us_aqi#18, us_aqi_index#19, aqi_label#20, pm10#21, pm2_5#22, carbon_monoxide#23, nitrogen_dioxide#24, sulphur_dioxide#25, ozone#26, processing_time#27, data_source#28
[2026-04-13T14:14:48.224+0000] {subprocess.py:106} INFO - 
[2026-04-13T14:14:48.228+0000] {subprocess.py:106} INFO - 26/04/13 14:14:48 INFO SnapshotScan: Scanning table iceberg.air_quality_ml.air_quality_gold snapshot 1489285760171063216 created at 2026-04-13T14:14:06.652+00:00 with filter true
[2026-04-13T14:14:48.235+0000] {subprocess.py:106} INFO - 26/04/13 14:14:48 INFO BaseDistributedDataScan: Planning file tasks locally for table iceberg.air_quality_ml.air_quality_gold
[2026-04-13T14:14:48.324+0000] {subprocess.py:106} INFO - 26/04/13 14:14:48 INFO SparkPartitioningAwareScan: Reporting UnknownPartitioning with 49 partition(s) for table iceberg.air_quality_ml.air_quality_gold
[2026-04-13T14:14:48.341+0000] {subprocess.py:106} INFO - 26/04/13 14:14:48 INFO MemoryStore: Block broadcast_4 stored as values in memory (estimated size 32.0 KiB, free 1048.5 MiB)
[2026-04-13T14:14:48.350+0000] {subprocess.py:106} INFO - 26/04/13 14:14:48 INFO MemoryStore: Block broadcast_4_piece0 stored as bytes in memory (estimated size 34.8 KiB, free 1048.5 MiB)
[2026-04-13T14:14:48.360+0000] {subprocess.py:106} INFO - 26/04/13 14:14:48 INFO SparkContext: Created broadcast 4 from broadcast at SparkBatch.java:87
[2026-04-13T14:14:48.566+0000] {subprocess.py:106} INFO - 26/04/13 14:14:48 INFO MemoryStore: Block broadcast_5 stored as values in memory (estimated size 32.0 KiB, free 1048.4 MiB)
[2026-04-13T14:14:48.585+0000] {subprocess.py:106} INFO - 26/04/13 14:14:48 INFO MemoryStore: Block broadcast_5_piece0 stored as bytes in memory (estimated size 34.8 KiB, free 1048.4 MiB)
[2026-04-13T14:14:48.591+0000] {subprocess.py:106} INFO - 26/04/13 14:14:48 INFO SparkContext: Created broadcast 5 from broadcast at SparkBatch.java:87
[2026-04-13T14:14:49.214+0000] {subprocess.py:106} INFO - 26/04/13 14:14:49 INFO CodeGenerator: Code generated in 96.707232 ms
[2026-04-13T14:14:49.248+0000] {subprocess.py:106} INFO - 26/04/13 14:14:49 INFO MemoryStore: Block broadcast_6 stored as values in memory (estimated size 32.0 KiB, free 1048.4 MiB)
[2026-04-13T14:14:49.270+0000] {subprocess.py:106} INFO - 26/04/13 14:14:49 INFO MemoryStore: Block broadcast_6_piece0 stored as bytes in memory (estimated size 34.5 KiB, free 1048.3 MiB)
[2026-04-13T14:14:49.274+0000] {subprocess.py:106} INFO - 26/04/13 14:14:49 INFO SparkContext: Created broadcast 6 from broadcast at SparkWrite.java:198
[2026-04-13T14:14:49.277+0000] {subprocess.py:106} INFO - 26/04/13 14:14:49 INFO OverwriteByExpressionExec: Start processing data source write support: IcebergBatchWrite(table=air_quality_ml.air_quality_test, format=PARQUET). The input RDD has 49} partitions.
[2026-04-13T14:14:49.284+0000] {subprocess.py:106} INFO - 26/04/13 14:14:49 INFO SparkContext: Starting job: createOrReplace at NativeMethodAccessorImpl.java:0
[2026-04-13T14:14:49.288+0000] {subprocess.py:106} INFO - 26/04/13 14:14:49 INFO DAGScheduler: Got job 1 (createOrReplace at NativeMethodAccessorImpl.java:0) with 49 output partitions
[2026-04-13T14:14:49.290+0000] {subprocess.py:106} INFO - 26/04/13 14:14:49 INFO DAGScheduler: Final stage: ResultStage 1 (createOrReplace at NativeMethodAccessorImpl.java:0)
[2026-04-13T14:14:49.294+0000] {subprocess.py:106} INFO - 26/04/13 14:14:49 INFO DAGScheduler: Parents of final stage: List()
[2026-04-13T14:14:49.296+0000] {subprocess.py:106} INFO - 26/04/13 14:14:49 INFO DAGScheduler: Missing parents: List()
[2026-04-13T14:14:49.297+0000] {subprocess.py:106} INFO - 26/04/13 14:14:49 INFO DAGScheduler: Submitting ResultStage 1 (MapPartitionsRDD[5] at createOrReplace at NativeMethodAccessorImpl.java:0), which has no missing parents
[2026-04-13T14:14:49.305+0000] {subprocess.py:106} INFO - 26/04/13 14:14:49 INFO MemoryStore: Block broadcast_7 stored as values in memory (estimated size 53.3 KiB, free 1048.3 MiB)
[2026-04-13T14:14:49.310+0000] {subprocess.py:106} INFO - 26/04/13 14:14:49 INFO MemoryStore: Block broadcast_7_piece0 stored as bytes in memory (estimated size 16.3 KiB, free 1048.3 MiB)
[2026-04-13T14:14:49.317+0000] {subprocess.py:106} INFO - 26/04/13 14:14:49 INFO SparkContext: Created broadcast 7 from broadcast at DAGScheduler.scala:1676
[2026-04-13T14:14:49.320+0000] {subprocess.py:106} INFO - 26/04/13 14:14:49 INFO DAGScheduler: Submitting 49 missing tasks from ResultStage 1 (MapPartitionsRDD[5] at createOrReplace at NativeMethodAccessorImpl.java:0) (first 15 tasks are for partitions Vector(0, 1, 2, 3, 4, 5, 6, 7, 8, 9, 10, 11, 12, 13, 14))
[2026-04-13T14:14:49.323+0000] {subprocess.py:106} INFO - 26/04/13 14:14:49 INFO TaskSchedulerImpl: Adding task set 1.0 with 49 tasks resource profile 0
[2026-04-13T14:14:49.325+0000] {subprocess.py:106} INFO - 26/04/13 14:14:49 INFO TaskSetManager: Starting task 0.0 in stage 1.0 (TID 49) (spark-master,executor driver, partition 0, ANY, 19190 bytes)
[2026-04-13T14:14:49.326+0000] {subprocess.py:106} INFO - 26/04/13 14:14:49 INFO TaskSetManager: Starting task 1.0 in stage 1.0 (TID 50) (spark-master,executor driver, partition 1, ANY, 19181 bytes)
[2026-04-13T14:14:49.327+0000] {subprocess.py:106} INFO - 26/04/13 14:14:49 INFO TaskSetManager: Starting task 2.0 in stage 1.0 (TID 51) (spark-master,executor driver, partition 2, ANY, 19192 bytes)
[2026-04-13T14:14:49.331+0000] {subprocess.py:106} INFO - 26/04/13 14:14:49 INFO TaskSetManager: Starting task 3.0 in stage 1.0 (TID 52) (spark-master,executor driver, partition 3, ANY, 19461 bytes)
[2026-04-13T14:14:49.332+0000] {subprocess.py:106} INFO - 26/04/13 14:14:49 INFO TaskSetManager: Starting task 4.0 in stage 1.0 (TID 53) (spark-master,executor driver, partition 4, ANY, 19172 bytes)
[2026-04-13T14:14:49.334+0000] {subprocess.py:106} INFO - 26/04/13 14:14:49 INFO TaskSetManager: Starting task 5.0 in stage 1.0 (TID 54) (spark-master,executor driver, partition 5, ANY, 19190 bytes)
[2026-04-13T14:14:49.336+0000] {subprocess.py:106} INFO - 26/04/13 14:14:49 INFO TaskSetManager: Starting task 6.0 in stage 1.0 (TID 55) (spark-master,executor driver, partition 6, ANY, 19202 bytes)
[2026-04-13T14:14:49.337+0000] {subprocess.py:106} INFO - 26/04/13 14:14:49 INFO TaskSetManager: Starting task 7.0 in stage 1.0 (TID 56) (spark-master,executor driver, partition 7, ANY, 19451 bytes)
[2026-04-13T14:14:49.340+0000] {subprocess.py:106} INFO - 26/04/13 14:14:49 INFO TaskSetManager: Starting task 8.0 in stage 1.0 (TID 57) (spark-master,executor driver, partition 8, ANY, 19181 bytes)
[2026-04-13T14:14:49.341+0000] {subprocess.py:106} INFO - 26/04/13 14:14:49 INFO TaskSetManager: Starting task 9.0 in stage 1.0 (TID 58) (spark-master,executor driver, partition 9, ANY, 19181 bytes)
[2026-04-13T14:14:49.343+0000] {subprocess.py:106} INFO - 26/04/13 14:14:49 INFO TaskSetManager: Starting task 10.0 in stage 1.0 (TID 59) (spark-master,executor driver, partition 10, ANY, 19185 bytes)
[2026-04-13T14:14:49.344+0000] {subprocess.py:106} INFO - 26/04/13 14:14:49 INFO TaskSetManager: Starting task 11.0 in stage 1.0 (TID 60) (spark-master,executor driver, partition 11, ANY, 19459 bytes)
[2026-04-13T14:14:49.346+0000] {subprocess.py:106} INFO - 26/04/13 14:14:49 INFO TaskSetManager: Starting task 12.0 in stage 1.0 (TID 61) (spark-master,executor driver, partition 12, ANY, 19181 bytes)
[2026-04-13T14:14:49.349+0000] {subprocess.py:106} INFO - 26/04/13 14:14:49 INFO TaskSetManager: Starting task 13.0 in stage 1.0 (TID 62) (spark-master,executor driver, partition 13, ANY, 19182 bytes)
[2026-04-13T14:14:49.353+0000] {subprocess.py:106} INFO - 26/04/13 14:14:49 INFO TaskSetManager: Starting task 14.0 in stage 1.0 (TID 63) (spark-master,executor driver, partition 14, ANY, 19185 bytes)
[2026-04-13T14:14:49.355+0000] {subprocess.py:106} INFO - 26/04/13 14:14:49 INFO TaskSetManager: Starting task 15.0 in stage 1.0 (TID 64) (spark-master,executor driver, partition 15, ANY, 19181 bytes)
[2026-04-13T14:14:49.357+0000] {subprocess.py:106} INFO - 26/04/13 14:14:49 INFO Executor: Running task 8.0 in stage 1.0 (TID 57)
[2026-04-13T14:14:49.363+0000] {subprocess.py:106} INFO - 26/04/13 14:14:49 INFO Executor: Running task 3.0 in stage 1.0 (TID 52)
[2026-04-13T14:14:49.365+0000] {subprocess.py:106} INFO - 26/04/13 14:14:49 INFO Executor: Running task 0.0 in stage 1.0 (TID 49)
[2026-04-13T14:14:49.366+0000] {subprocess.py:106} INFO - 26/04/13 14:14:49 INFO Executor: Running task 4.0 in stage 1.0 (TID 53)
[2026-04-13T14:14:49.371+0000] {subprocess.py:106} INFO - 26/04/13 14:14:49 INFO Executor: Running task 2.0 in stage 1.0 (TID 51)
[2026-04-13T14:14:49.373+0000] {subprocess.py:106} INFO - 26/04/13 14:14:49 INFO Executor: Running task 6.0 in stage 1.0 (TID 55)
[2026-04-13T14:14:49.375+0000] {subprocess.py:106} INFO - 26/04/13 14:14:49 INFO Executor: Running task 7.0 in stage 1.0 (TID 56)
[2026-04-13T14:14:49.376+0000] {subprocess.py:106} INFO - 26/04/13 14:14:49 INFO Executor: Running task 1.0 in stage 1.0 (TID 50)
[2026-04-13T14:14:49.377+0000] {subprocess.py:106} INFO - 26/04/13 14:14:49 INFO Executor: Running task 12.0 in stage 1.0 (TID 61)
[2026-04-13T14:14:49.379+0000] {subprocess.py:106} INFO - 26/04/13 14:14:49 INFO Executor: Running task 9.0 in stage 1.0 (TID 58)
[2026-04-13T14:14:49.380+0000] {subprocess.py:106} INFO - 26/04/13 14:14:49 INFO Executor: Running task 5.0 in stage 1.0 (TID 54)
[2026-04-13T14:14:49.381+0000] {subprocess.py:106} INFO - 26/04/13 14:14:49 INFO Executor: Running task 13.0 in stage 1.0 (TID 62)
[2026-04-13T14:14:49.387+0000] {subprocess.py:106} INFO - 26/04/13 14:14:49 INFO Executor: Running task 11.0 in stage 1.0 (TID 60)
[2026-04-13T14:14:49.388+0000] {subprocess.py:106} INFO - 26/04/13 14:14:49 INFO Executor: Running task 15.0 in stage 1.0 (TID 64)
[2026-04-13T14:14:49.389+0000] {subprocess.py:106} INFO - 26/04/13 14:14:49 INFO Executor: Running task 10.0 in stage 1.0 (TID 59)
[2026-04-13T14:14:49.390+0000] {subprocess.py:106} INFO - 26/04/13 14:14:49 INFO Executor: Running task 14.0 in stage 1.0 (TID 63)
[2026-04-13T14:14:49.454+0000] {subprocess.py:106} INFO - 26/04/13 14:14:49 INFO CodeGenerator: Code generated in 88.346919 ms
[2026-04-13T14:14:49.489+0000] {subprocess.py:106} INFO - 26/04/13 14:14:49 INFO CodecPool: Got brand-new compressor [.zstd]
[2026-04-13T14:14:49.491+0000] {subprocess.py:106} INFO - 26/04/13 14:14:49 INFO CodecPool: Got brand-new compressor [.zstd]
[2026-04-13T14:14:49.492+0000] {subprocess.py:106} INFO - 26/04/13 14:14:49 INFO CodecPool: Got brand-new compressor [.zstd]
[2026-04-13T14:14:49.493+0000] {subprocess.py:106} INFO - 26/04/13 14:14:49 INFO CodecPool: Got brand-new compressor [.zstd]
[2026-04-13T14:14:49.494+0000] {subprocess.py:106} INFO - 26/04/13 14:14:49 INFO CodecPool: Got brand-new compressor [.zstd]
[2026-04-13T14:14:49.505+0000] {subprocess.py:106} INFO - 26/04/13 14:14:49 INFO CodecPool: Got brand-new compressor [.zstd]
[2026-04-13T14:14:49.508+0000] {subprocess.py:106} INFO - 26/04/13 14:14:49 INFO CodecPool: Got brand-new compressor [.zstd]
[2026-04-13T14:14:49.509+0000] {subprocess.py:106} INFO - 26/04/13 14:14:49 INFO CodecPool: Got brand-new compressor [.zstd]
[2026-04-13T14:14:49.511+0000] {subprocess.py:106} INFO - 26/04/13 14:14:49 INFO CodecPool: Got brand-new compressor [.zstd]
[2026-04-13T14:14:49.512+0000] {subprocess.py:106} INFO - 26/04/13 14:14:49 INFO CodecPool: Got brand-new compressor [.zstd]
[2026-04-13T14:14:49.514+0000] {subprocess.py:106} INFO - 26/04/13 14:14:49 INFO CodecPool: Got brand-new compressor [.zstd]
[2026-04-13T14:14:49.516+0000] {subprocess.py:106} INFO - 26/04/13 14:14:49 INFO CodecPool: Got brand-new compressor [.zstd]
[2026-04-13T14:14:49.520+0000] {subprocess.py:106} INFO - 26/04/13 14:14:49 INFO CodecPool: Got brand-new compressor [.zstd]
[2026-04-13T14:14:49.521+0000] {subprocess.py:106} INFO - 26/04/13 14:14:49 INFO CodecPool: Got brand-new compressor [.zstd]
[2026-04-13T14:14:49.524+0000] {subprocess.py:106} INFO - 26/04/13 14:14:49 INFO CodecPool: Got brand-new compressor [.zstd]
[2026-04-13T14:14:49.536+0000] {subprocess.py:106} INFO - 26/04/13 14:14:49 INFO CodecPool: Got brand-new compressor [.zstd]
[2026-04-13T14:14:49.553+0000] {subprocess.py:106} INFO - 26/04/13 14:14:49 INFO CodecPool: Got brand-new decompressor [.zstd]
[2026-04-13T14:14:49.563+0000] {subprocess.py:106} INFO - 26/04/13 14:14:49 INFO CodecPool: Got brand-new decompressor [.zstd]
[2026-04-13T14:14:49.572+0000] {subprocess.py:106} INFO - 26/04/13 14:14:49 INFO CodecPool: Got brand-new decompressor [.zstd]
[2026-04-13T14:14:49.578+0000] {subprocess.py:106} INFO - 26/04/13 14:14:49 INFO CodecPool: Got brand-new decompressor [.zstd]
[2026-04-13T14:14:49.583+0000] {subprocess.py:106} INFO - 26/04/13 14:14:49 INFO CodecPool: Got brand-new decompressor [.zstd]
[2026-04-13T14:14:49.584+0000] {subprocess.py:106} INFO - 26/04/13 14:14:49 INFO CodecPool: Got brand-new decompressor [.zstd]
[2026-04-13T14:14:49.592+0000] {subprocess.py:106} INFO - 26/04/13 14:14:49 INFO CodecPool: Got brand-new decompressor [.zstd]
[2026-04-13T14:14:49.599+0000] {subprocess.py:106} INFO - 26/04/13 14:14:49 INFO CodecPool: Got brand-new decompressor [.zstd]
[2026-04-13T14:14:49.600+0000] {subprocess.py:106} INFO - 26/04/13 14:14:49 INFO CodecPool: Got brand-new decompressor [.zstd]
[2026-04-13T14:14:49.601+0000] {subprocess.py:106} INFO - 26/04/13 14:14:49 INFO CodecPool: Got brand-new decompressor [.zstd]
[2026-04-13T14:14:49.603+0000] {subprocess.py:106} INFO - 26/04/13 14:14:49 INFO CodecPool: Got brand-new decompressor [.zstd]
[2026-04-13T14:14:49.618+0000] {subprocess.py:106} INFO - 26/04/13 14:14:49 INFO CodecPool: Got brand-new decompressor [.zstd]
[2026-04-13T14:14:49.622+0000] {subprocess.py:106} INFO - 26/04/13 14:14:49 INFO CodecPool: Got brand-new decompressor [.zstd]
[2026-04-13T14:14:49.627+0000] {subprocess.py:106} INFO - 26/04/13 14:14:49 INFO CodecPool: Got brand-new decompressor [.zstd]
[2026-04-13T14:14:49.629+0000] {subprocess.py:106} INFO - 26/04/13 14:14:49 INFO CodecPool: Got brand-new decompressor [.zstd]
[2026-04-13T14:14:49.630+0000] {subprocess.py:106} INFO - 26/04/13 14:14:49 INFO CodecPool: Got brand-new decompressor [.zstd]
[2026-04-13T14:14:49.638+0000] {subprocess.py:106} INFO - 26/04/13 14:14:49 INFO CodecPool: Got brand-new decompressor [.zstd]
[2026-04-13T14:14:49.639+0000] {subprocess.py:106} INFO - 26/04/13 14:14:49 INFO CodecPool: Got brand-new decompressor [.zstd]
[2026-04-13T14:14:49.648+0000] {subprocess.py:106} INFO - 26/04/13 14:14:49 INFO CodecPool: Got brand-new decompressor [.zstd]
[2026-04-13T14:14:49.654+0000] {subprocess.py:106} INFO - 26/04/13 14:14:49 INFO CodecPool: Got brand-new decompressor [.zstd]
[2026-04-13T14:14:49.656+0000] {subprocess.py:106} INFO - 26/04/13 14:14:49 INFO CodecPool: Got brand-new decompressor [.zstd]
[2026-04-13T14:14:49.660+0000] {subprocess.py:106} INFO - 26/04/13 14:14:49 INFO CodecPool: Got brand-new decompressor [.zstd]
[2026-04-13T14:14:49.664+0000] {subprocess.py:106} INFO - 26/04/13 14:14:49 INFO CodecPool: Got brand-new decompressor [.zstd]
[2026-04-13T14:14:49.677+0000] {subprocess.py:106} INFO - 26/04/13 14:14:49 INFO CodecPool: Got brand-new decompressor [.zstd]
[2026-04-13T14:14:49.680+0000] {subprocess.py:106} INFO - 26/04/13 14:14:49 INFO CodecPool: Got brand-new decompressor [.zstd]
[2026-04-13T14:14:49.694+0000] {subprocess.py:106} INFO - 26/04/13 14:14:49 INFO CodecPool: Got brand-new decompressor [.zstd]
[2026-04-13T14:14:49.696+0000] {subprocess.py:106} INFO - 26/04/13 14:14:49 INFO CodecPool: Got brand-new decompressor [.zstd]
[2026-04-13T14:14:49.708+0000] {subprocess.py:106} INFO - 26/04/13 14:14:49 INFO CodecPool: Got brand-new decompressor [.zstd]
[2026-04-13T14:14:49.711+0000] {subprocess.py:106} INFO - 26/04/13 14:14:49 INFO CodecPool: Got brand-new decompressor [.zstd]
[2026-04-13T14:14:49.713+0000] {subprocess.py:106} INFO - 26/04/13 14:14:49 INFO CodecPool: Got brand-new decompressor [.zstd]
[2026-04-13T14:14:49.722+0000] {subprocess.py:106} INFO - 26/04/13 14:14:49 INFO CodecPool: Got brand-new decompressor [.zstd]
[2026-04-13T14:14:49.724+0000] {subprocess.py:106} INFO - 26/04/13 14:14:49 INFO CodecPool: Got brand-new decompressor [.zstd]
[2026-04-13T14:14:49.728+0000] {subprocess.py:106} INFO - 26/04/13 14:14:49 INFO CodecPool: Got brand-new decompressor [.zstd]
[2026-04-13T14:14:49.734+0000] {subprocess.py:106} INFO - 26/04/13 14:14:49 INFO CodecPool: Got brand-new decompressor [.zstd]
[2026-04-13T14:14:49.739+0000] {subprocess.py:106} INFO - 26/04/13 14:14:49 INFO CodecPool: Got brand-new decompressor [.zstd]
[2026-04-13T14:14:49.741+0000] {subprocess.py:106} INFO - 26/04/13 14:14:49 INFO CodecPool: Got brand-new decompressor [.zstd]
[2026-04-13T14:14:49.745+0000] {subprocess.py:106} INFO - 26/04/13 14:14:49 INFO CodecPool: Got brand-new decompressor [.zstd]
[2026-04-13T14:14:49.753+0000] {subprocess.py:106} INFO - 26/04/13 14:14:49 INFO CodecPool: Got brand-new decompressor [.zstd]
[2026-04-13T14:14:49.756+0000] {subprocess.py:106} INFO - 26/04/13 14:14:49 INFO CodecPool: Got brand-new decompressor [.zstd]
[2026-04-13T14:14:49.773+0000] {subprocess.py:106} INFO - 26/04/13 14:14:49 INFO CodecPool: Got brand-new decompressor [.zstd]
[2026-04-13T14:14:49.781+0000] {subprocess.py:106} INFO - 26/04/13 14:14:49 INFO CodecPool: Got brand-new decompressor [.zstd]
[2026-04-13T14:14:49.790+0000] {subprocess.py:106} INFO - 26/04/13 14:14:49 INFO CodecPool: Got brand-new decompressor [.zstd]
[2026-04-13T14:14:49.793+0000] {subprocess.py:106} INFO - 26/04/13 14:14:49 INFO CodecPool: Got brand-new decompressor [.zstd]
[2026-04-13T14:14:49.794+0000] {subprocess.py:106} INFO - 26/04/13 14:14:49 INFO DataWritingSparkTask: Writer for partition 4 is committing.
[2026-04-13T14:14:49.799+0000] {subprocess.py:106} INFO - 26/04/13 14:14:49 INFO CodecPool: Got brand-new decompressor [.zstd]
[2026-04-13T14:14:49.802+0000] {subprocess.py:106} INFO - 26/04/13 14:14:49 INFO CodecPool: Got brand-new decompressor [.zstd]
[2026-04-13T14:14:49.804+0000] {subprocess.py:106} INFO - 26/04/13 14:14:49 INFO CodecPool: Got brand-new decompressor [.zstd]
[2026-04-13T14:14:49.806+0000] {subprocess.py:106} INFO - 26/04/13 14:14:49 INFO CodecPool: Got brand-new decompressor [.zstd]
[2026-04-13T14:14:49.808+0000] {subprocess.py:106} INFO - 26/04/13 14:14:49 INFO CodecPool: Got brand-new decompressor [.zstd]
[2026-04-13T14:14:49.811+0000] {subprocess.py:106} INFO - 26/04/13 14:14:49 INFO CodecPool: Got brand-new decompressor [.zstd]
[2026-04-13T14:14:49.813+0000] {subprocess.py:106} INFO - 26/04/13 14:14:49 INFO DataWritingSparkTask: Writer for partition 10 is committing.
[2026-04-13T14:14:49.819+0000] {subprocess.py:106} INFO - 26/04/13 14:14:49 INFO DataWritingSparkTask: Writer for partition 11 is committing.
[2026-04-13T14:14:49.823+0000] {subprocess.py:106} INFO - 26/04/13 14:14:49 INFO CodecPool: Got brand-new decompressor [.zstd]
[2026-04-13T14:14:49.825+0000] {subprocess.py:106} INFO - 26/04/13 14:14:49 INFO DataWritingSparkTask: Writer for partition 12 is committing.
[2026-04-13T14:14:49.831+0000] {subprocess.py:106} INFO - 26/04/13 14:14:49 INFO DataWritingSparkTask: Writer for partition 1 is committing.
[2026-04-13T14:14:49.833+0000] {subprocess.py:106} INFO - 26/04/13 14:14:49 INFO CodecPool: Got brand-new decompressor [.zstd]
[2026-04-13T14:14:49.834+0000] {subprocess.py:106} INFO - 26/04/13 14:14:49 INFO DataWritingSparkTask: Writer for partition 14 is committing.
[2026-04-13T14:14:49.836+0000] {subprocess.py:106} INFO - 26/04/13 14:14:49 INFO DataWritingSparkTask: Writer for partition 15 is committing.
[2026-04-13T14:14:49.837+0000] {subprocess.py:106} INFO - 26/04/13 14:14:49 INFO CodecPool: Got brand-new decompressor [.zstd]
[2026-04-13T14:14:49.843+0000] {subprocess.py:106} INFO - 26/04/13 14:14:49 INFO DataWritingSparkTask: Writer for partition 6 is committing.
[2026-04-13T14:14:49.887+0000] {subprocess.py:106} INFO - 26/04/13 14:14:49 INFO CodecPool: Got brand-new decompressor [.zstd]
[2026-04-13T14:14:49.899+0000] {subprocess.py:106} INFO - 26/04/13 14:14:49 INFO DataWritingSparkTask: Writer for partition 9 is committing.
[2026-04-13T14:14:49.901+0000] {subprocess.py:106} INFO - 26/04/13 14:14:49 INFO CodecPool: Got brand-new decompressor [.zstd]
[2026-04-13T14:14:49.918+0000] {subprocess.py:106} INFO - 26/04/13 14:14:49 INFO CodecPool: Got brand-new decompressor [.zstd]
[2026-04-13T14:14:49.921+0000] {subprocess.py:106} INFO - 26/04/13 14:14:49 INFO CodecPool: Got brand-new decompressor [.zstd]
[2026-04-13T14:14:49.925+0000] {subprocess.py:106} INFO - 26/04/13 14:14:49 INFO CodecPool: Got brand-new decompressor [.zstd]
[2026-04-13T14:14:49.930+0000] {subprocess.py:106} INFO - 26/04/13 14:14:49 INFO DataWritingSparkTask: Writer for partition 5 is committing.
[2026-04-13T14:14:49.939+0000] {subprocess.py:106} INFO - 26/04/13 14:14:49 INFO DataWritingSparkTask: Writer for partition 0 is committing.
[2026-04-13T14:14:49.942+0000] {subprocess.py:106} INFO - 26/04/13 14:14:49 INFO CodecPool: Got brand-new decompressor [.zstd]
[2026-04-13T14:14:49.944+0000] {subprocess.py:106} INFO - 26/04/13 14:14:49 INFO DataWritingSparkTask: Writer for partition 7 is committing.
[2026-04-13T14:14:49.948+0000] {subprocess.py:106} INFO - 26/04/13 14:14:49 INFO CodecPool: Got brand-new decompressor [.zstd]
[2026-04-13T14:14:49.955+0000] {subprocess.py:106} INFO - 26/04/13 14:14:49 INFO DataWritingSparkTask: Writer for partition 13 is committing.
[2026-04-13T14:14:49.980+0000] {subprocess.py:106} INFO - 26/04/13 14:14:49 INFO CodecPool: Got brand-new decompressor [.zstd]
[2026-04-13T14:14:49.983+0000] {subprocess.py:106} INFO - 26/04/13 14:14:49 INFO DataWritingSparkTask: Committed partition 1 (task 50, attempt 0, stage 1.0)
[2026-04-13T14:14:50.020+0000] {subprocess.py:106} INFO - 26/04/13 14:14:50 INFO Executor: Finished task 1.0 in stage 1.0 (TID 50). 9890 bytes result sent to driver
[2026-04-13T14:14:50.049+0000] {subprocess.py:106} INFO - 26/04/13 14:14:50 INFO TaskSetManager: Starting task 16.0 in stage 1.0 (TID 65) (spark-master,executor driver, partition 16, ANY, 19181 bytes)
[2026-04-13T14:14:50.060+0000] {subprocess.py:106} INFO - 26/04/13 14:14:50 INFO Executor: Running task 16.0 in stage 1.0 (TID 65)
[2026-04-13T14:14:50.069+0000] {subprocess.py:106} INFO - 26/04/13 14:14:50 INFO TaskSetManager: Finished task 1.0 in stage 1.0 (TID 50) in 738 ms on spark-master (executor driver) (1/49)
[2026-04-13T14:14:50.079+0000] {subprocess.py:106} INFO - 26/04/13 14:14:50 INFO CodecPool: Got brand-new decompressor [.zstd]
[2026-04-13T14:14:50.081+0000] {subprocess.py:106} INFO - 26/04/13 14:14:50 INFO CodecPool: Got brand-new decompressor [.zstd]
[2026-04-13T14:14:50.095+0000] {subprocess.py:106} INFO - 26/04/13 14:14:50 INFO DataWritingSparkTask: Committed partition 10 (task 59, attempt 0, stage 1.0)
[2026-04-13T14:14:50.102+0000] {subprocess.py:106} INFO - 26/04/13 14:14:50 INFO DataWritingSparkTask: Writer for partition 8 is committing.
[2026-04-13T14:14:50.104+0000] {subprocess.py:106} INFO - 26/04/13 14:14:50 INFO Executor: Finished task 10.0 in stage 1.0 (TID 59). 9857 bytes result sent to driver
[2026-04-13T14:14:50.105+0000] {subprocess.py:106} INFO - 26/04/13 14:14:50 INFO TaskSetManager: Starting task 17.0 in stage 1.0 (TID 66) (spark-master,executor driver, partition 17, ANY, 19183 bytes)
[2026-04-13T14:14:50.107+0000] {subprocess.py:106} INFO - 26/04/13 14:14:50 INFO CodecPool: Got brand-new decompressor [.zstd]
[2026-04-13T14:14:50.112+0000] {subprocess.py:106} INFO - 26/04/13 14:14:50 INFO Executor: Running task 17.0 in stage 1.0 (TID 66)
[2026-04-13T14:14:50.117+0000] {subprocess.py:106} INFO - 26/04/13 14:14:50 INFO TaskSetManager: Finished task 10.0 in stage 1.0 (TID 59) in 759 ms on spark-master (executor driver) (2/49)
[2026-04-13T14:14:50.118+0000] {subprocess.py:106} INFO - 26/04/13 14:14:50 INFO DataWritingSparkTask: Writer for partition 2 is committing.
[2026-04-13T14:14:50.137+0000] {subprocess.py:106} INFO - 26/04/13 14:14:50 INFO CodecPool: Got brand-new compressor [.zstd]
[2026-04-13T14:14:50.139+0000] {subprocess.py:106} INFO - 26/04/13 14:14:50 INFO CodecPool: Got brand-new compressor [.zstd]
[2026-04-13T14:14:50.195+0000] {subprocess.py:106} INFO - 26/04/13 14:14:50 INFO CodecPool: Got brand-new decompressor [.zstd]
[2026-04-13T14:14:50.197+0000] {subprocess.py:106} INFO - 26/04/13 14:14:50 INFO CodecPool: Got brand-new decompressor [.zstd]
[2026-04-13T14:14:50.198+0000] {subprocess.py:106} INFO - 26/04/13 14:14:50 INFO CodecPool: Got brand-new decompressor [.zstd]
[2026-04-13T14:14:50.260+0000] {subprocess.py:106} INFO - 26/04/13 14:14:50 INFO DataWritingSparkTask: Writer for partition 3 is committing.
[2026-04-13T14:14:50.286+0000] {subprocess.py:106} INFO - 26/04/13 14:14:50 INFO CodecPool: Got brand-new decompressor [.zstd]
[2026-04-13T14:14:50.290+0000] {subprocess.py:106} INFO - 26/04/13 14:14:50 INFO DataWritingSparkTask: Committed partition 2 (task 51, attempt 0, stage 1.0)
[2026-04-13T14:14:50.354+0000] {subprocess.py:106} INFO - 26/04/13 14:14:50 INFO CodecPool: Got brand-new decompressor [.zstd]
[2026-04-13T14:14:50.362+0000] {subprocess.py:106} INFO - 26/04/13 14:14:50 INFO Executor: Finished task 2.0 in stage 1.0 (TID 51). 9909 bytes result sent to driver
[2026-04-13T14:14:50.364+0000] {subprocess.py:106} INFO - 26/04/13 14:14:50 INFO TaskSetManager: Starting task 18.0 in stage 1.0 (TID 67) (spark-master,executor driver, partition 18, ANY, 19461 bytes)
[2026-04-13T14:14:50.373+0000] {subprocess.py:106} INFO - 26/04/13 14:14:50 INFO TaskSetManager: Finished task 2.0 in stage 1.0 (TID 51) in 1046 ms on spark-master (executor driver) (3/49)
[2026-04-13T14:14:50.380+0000] {subprocess.py:106} INFO - 26/04/13 14:14:50 INFO Executor: Running task 18.0 in stage 1.0 (TID 67)
[2026-04-13T14:14:50.382+0000] {subprocess.py:106} INFO - 26/04/13 14:14:50 INFO CodecPool: Got brand-new decompressor [.zstd]
[2026-04-13T14:14:50.413+0000] {subprocess.py:106} INFO - 26/04/13 14:14:50 INFO CodecPool: Got brand-new decompressor [.zstd]
[2026-04-13T14:14:50.414+0000] {subprocess.py:106} INFO - 26/04/13 14:14:50 INFO CodecPool: Got brand-new decompressor [.zstd]
[2026-04-13T14:14:50.415+0000] {subprocess.py:106} INFO - 26/04/13 14:14:50 INFO DataWritingSparkTask: Committed partition 11 (task 60, attempt 0, stage 1.0)
[2026-04-13T14:14:50.417+0000] {subprocess.py:106} INFO - 26/04/13 14:14:50 INFO CodecPool: Got brand-new compressor [.zstd]
[2026-04-13T14:14:50.419+0000] {subprocess.py:106} INFO - 26/04/13 14:14:50 INFO DataWritingSparkTask: Writer for partition 17 is committing.
[2026-04-13T14:14:50.521+0000] {subprocess.py:106} INFO - 26/04/13 14:14:50 INFO Executor: Finished task 11.0 in stage 1.0 (TID 60). 9890 bytes result sent to driver
[2026-04-13T14:14:50.522+0000] {subprocess.py:106} INFO - 26/04/13 14:14:50 INFO CodecPool: Got brand-new decompressor [.zstd]
[2026-04-13T14:14:50.538+0000] {subprocess.py:106} INFO - 26/04/13 14:14:50 INFO DataWritingSparkTask: Committed partition 4 (task 53, attempt 0, stage 1.0)
[2026-04-13T14:14:50.540+0000] {subprocess.py:106} INFO - 26/04/13 14:14:50 INFO DataWritingSparkTask: Committed partition 12 (task 61, attempt 0, stage 1.0)
[2026-04-13T14:14:50.542+0000] {subprocess.py:106} INFO - 26/04/13 14:14:50 INFO DataWritingSparkTask: Committed partition 9 (task 58, attempt 0, stage 1.0)
[2026-04-13T14:14:50.544+0000] {subprocess.py:106} INFO - 26/04/13 14:14:50 INFO DataWritingSparkTask: Committed partition 14 (task 63, attempt 0, stage 1.0)
[2026-04-13T14:14:50.546+0000] {subprocess.py:106} INFO - 26/04/13 14:14:50 INFO TaskSetManager: Starting task 19.0 in stage 1.0 (TID 68) (spark-master,executor driver, partition 19, ANY, 19163 bytes)
[2026-04-13T14:14:50.556+0000] {subprocess.py:106} INFO - 26/04/13 14:14:50 INFO Executor: Finished task 12.0 in stage 1.0 (TID 61). 9882 bytes result sent to driver
[2026-04-13T14:14:50.557+0000] {subprocess.py:106} INFO - 26/04/13 14:14:50 INFO CodecPool: Got brand-new decompressor [.zstd]
[2026-04-13T14:14:50.563+0000] {subprocess.py:106} INFO - 26/04/13 14:14:50 INFO Executor: Running task 19.0 in stage 1.0 (TID 68)
[2026-04-13T14:14:50.575+0000] {subprocess.py:106} INFO - 26/04/13 14:14:50 INFO DataWritingSparkTask: Writer for partition 16 is committing.
[2026-04-13T14:14:50.577+0000] {subprocess.py:106} INFO - 26/04/13 14:14:50 INFO DataWritingSparkTask: Committed partition 15 (task 64, attempt 0, stage 1.0)
[2026-04-13T14:14:50.579+0000] {subprocess.py:106} INFO - 26/04/13 14:14:50 INFO DataWritingSparkTask: Committed partition 6 (task 55, attempt 0, stage 1.0)
[2026-04-13T14:14:50.580+0000] {subprocess.py:106} INFO - 26/04/13 14:14:50 INFO Executor: Finished task 14.0 in stage 1.0 (TID 63). 9730 bytes result sent to driver
[2026-04-13T14:14:50.584+0000] {subprocess.py:106} INFO - 26/04/13 14:14:50 INFO TaskSetManager: Starting task 20.0 in stage 1.0 (TID 69) (spark-master,executor driver, partition 20, ANY, 19172 bytes)
[2026-04-13T14:14:50.586+0000] {subprocess.py:106} INFO - 26/04/13 14:14:50 INFO Executor: Finished task 9.0 in stage 1.0 (TID 58). 9818 bytes result sent to driver
[2026-04-13T14:14:50.588+0000] {subprocess.py:106} INFO - 26/04/13 14:14:50 INFO TaskSetManager: Finished task 11.0 in stage 1.0 (TID 60) in 1219 ms on spark-master (executor driver) (4/49)
[2026-04-13T14:14:50.589+0000] {subprocess.py:106} INFO - 26/04/13 14:14:50 INFO Executor: Running task 20.0 in stage 1.0 (TID 69)
[2026-04-13T14:14:50.593+0000] {subprocess.py:106} INFO - 26/04/13 14:14:50 INFO Executor: Finished task 4.0 in stage 1.0 (TID 53). 9787 bytes result sent to driver
[2026-04-13T14:14:50.595+0000] {subprocess.py:106} INFO - 26/04/13 14:14:50 INFO Executor: Finished task 6.0 in stage 1.0 (TID 55). 9879 bytes result sent to driver
[2026-04-13T14:14:50.601+0000] {subprocess.py:106} INFO - 26/04/13 14:14:50 INFO Executor: Finished task 15.0 in stage 1.0 (TID 64). 9793 bytes result sent to driver
[2026-04-13T14:14:50.603+0000] {subprocess.py:106} INFO - 26/04/13 14:14:50 INFO TaskSetManager: Starting task 21.0 in stage 1.0 (TID 70) (spark-master,executor driver, partition 21, ANY, 19175 bytes)
[2026-04-13T14:14:50.605+0000] {subprocess.py:106} INFO - 26/04/13 14:14:50 INFO Executor: Running task 21.0 in stage 1.0 (TID 70)
[2026-04-13T14:14:50.606+0000] {subprocess.py:106} INFO - 26/04/13 14:14:50 INFO TaskSetManager: Starting task 22.0 in stage 1.0 (TID 71) (spark-master,executor driver, partition 22, ANY, 19460 bytes)
[2026-04-13T14:14:50.610+0000] {subprocess.py:106} INFO - 26/04/13 14:14:50 INFO TaskSetManager: Finished task 9.0 in stage 1.0 (TID 58) in 1259 ms on spark-master (executor driver) (5/49)
[2026-04-13T14:14:50.614+0000] {subprocess.py:106} INFO - 26/04/13 14:14:50 INFO TaskSetManager: Finished task 14.0 in stage 1.0 (TID 63) in 1253 ms on spark-master (executor driver) (6/49)
[2026-04-13T14:14:50.622+0000] {subprocess.py:106} INFO - 26/04/13 14:14:50 INFO DataWritingSparkTask: Committed partition 0 (task 49, attempt 0, stage 1.0)
[2026-04-13T14:14:50.626+0000] {subprocess.py:106} INFO - 26/04/13 14:14:50 INFO TaskSetManager: Finished task 12.0 in stage 1.0 (TID 61) in 1257 ms on spark-master (executor driver) (7/49)
[2026-04-13T14:14:50.627+0000] {subprocess.py:106} INFO - 26/04/13 14:14:50 INFO DataWritingSparkTask: Committed partition 7 (task 56, attempt 0, stage 1.0)
[2026-04-13T14:14:50.633+0000] {subprocess.py:106} INFO - 26/04/13 14:14:50 INFO DataWritingSparkTask: Committed partition 5 (task 54, attempt 0, stage 1.0)
[2026-04-13T14:14:50.636+0000] {subprocess.py:106} INFO - 26/04/13 14:14:50 INFO CodecPool: Got brand-new decompressor [.zstd]
[2026-04-13T14:14:50.638+0000] {subprocess.py:106} INFO - 26/04/13 14:14:50 INFO TaskSetManager: Starting task 23.0 in stage 1.0 (TID 72) (spark-master,executor driver, partition 23, ANY, 19449 bytes)
[2026-04-13T14:14:50.641+0000] {subprocess.py:106} INFO - 26/04/13 14:14:50 INFO Executor: Finished task 5.0 in stage 1.0 (TID 54). 9901 bytes result sent to driver
[2026-04-13T14:14:50.642+0000] {subprocess.py:106} INFO - 26/04/13 14:14:50 INFO Executor: Running task 22.0 in stage 1.0 (TID 71)
[2026-04-13T14:14:50.644+0000] {subprocess.py:106} INFO - 26/04/13 14:14:50 INFO TaskSetManager: Starting task 24.0 in stage 1.0 (TID 73) (spark-master,executor driver, partition 24, ANY, 19440 bytes)
[2026-04-13T14:14:50.645+0000] {subprocess.py:106} INFO - 26/04/13 14:14:50 INFO TaskSetManager: Starting task 25.0 in stage 1.0 (TID 74) (spark-master,executor driver, partition 25, ANY, 19440 bytes)
[2026-04-13T14:14:50.647+0000] {subprocess.py:106} INFO - 26/04/13 14:14:50 INFO Executor: Running task 23.0 in stage 1.0 (TID 72)
[2026-04-13T14:14:50.649+0000] {subprocess.py:106} INFO - 26/04/13 14:14:50 INFO TaskSetManager: Starting task 26.0 in stage 1.0 (TID 75) (spark-master,executor driver, partition 26, ANY, 19440 bytes)
[2026-04-13T14:14:50.651+0000] {subprocess.py:106} INFO - 26/04/13 14:14:50 INFO Executor: Running task 24.0 in stage 1.0 (TID 73)
[2026-04-13T14:14:50.653+0000] {subprocess.py:106} INFO - 26/04/13 14:14:50 INFO Executor: Running task 25.0 in stage 1.0 (TID 74)
[2026-04-13T14:14:50.654+0000] {subprocess.py:106} INFO - 26/04/13 14:14:50 INFO DataWritingSparkTask: Committed partition 17 (task 66, attempt 0, stage 1.0)
[2026-04-13T14:14:50.655+0000] {subprocess.py:106} INFO - 26/04/13 14:14:50 INFO Executor: Running task 26.0 in stage 1.0 (TID 75)
[2026-04-13T14:14:50.657+0000] {subprocess.py:106} INFO - 26/04/13 14:14:50 INFO Executor: Finished task 17.0 in stage 1.0 (TID 66). 9881 bytes result sent to driver
[2026-04-13T14:14:50.658+0000] {subprocess.py:106} INFO - 26/04/13 14:14:50 INFO DataWritingSparkTask: Committed partition 13 (task 62, attempt 0, stage 1.0)
[2026-04-13T14:14:50.659+0000] {subprocess.py:106} INFO - 26/04/13 14:14:50 INFO Executor: Finished task 13.0 in stage 1.0 (TID 62). 9822 bytes result sent to driver
[2026-04-13T14:14:50.663+0000] {subprocess.py:106} INFO - 26/04/13 14:14:50 INFO CodecPool: Got brand-new compressor [.zstd]
[2026-04-13T14:14:50.664+0000] {subprocess.py:106} INFO - 26/04/13 14:14:50 INFO CodecPool: Got brand-new compressor [.zstd]
[2026-04-13T14:14:50.670+0000] {subprocess.py:106} INFO - 26/04/13 14:14:50 INFO TaskSetManager: Finished task 15.0 in stage 1.0 (TID 64) in 1285 ms on spark-master (executor driver) (8/49)
[2026-04-13T14:14:50.672+0000] {subprocess.py:106} INFO - 26/04/13 14:14:50 INFO Executor: Finished task 0.0 in stage 1.0 (TID 49). 9847 bytes result sent to driver
[2026-04-13T14:14:50.674+0000] {subprocess.py:106} INFO - 26/04/13 14:14:50 INFO CodecPool: Got brand-new compressor [.zstd]
[2026-04-13T14:14:50.682+0000] {subprocess.py:106} INFO - 26/04/13 14:14:50 INFO TaskSetManager: Finished task 6.0 in stage 1.0 (TID 55) in 1326 ms on spark-master (executor driver) (9/49)
[2026-04-13T14:14:50.684+0000] {subprocess.py:106} INFO - 26/04/13 14:14:50 INFO CodecPool: Got brand-new compressor [.zstd]
[2026-04-13T14:14:50.687+0000] {subprocess.py:106} INFO - 26/04/13 14:14:50 INFO TaskSetManager: Finished task 4.0 in stage 1.0 (TID 53) in 1336 ms on spark-master (executor driver) (10/49)
[2026-04-13T14:14:50.688+0000] {subprocess.py:106} INFO - 26/04/13 14:14:50 INFO TaskSetManager: Finished task 5.0 in stage 1.0 (TID 54) in 1334 ms on spark-master (executor driver) (11/49)
[2026-04-13T14:14:50.695+0000] {subprocess.py:106} INFO - 26/04/13 14:14:50 INFO TaskSetManager: Starting task 27.0 in stage 1.0 (TID 76) (spark-master,executor driver, partition 27, ANY, 19443 bytes)
[2026-04-13T14:14:50.696+0000] {subprocess.py:106} INFO - 26/04/13 14:14:50 INFO TaskSetManager: Starting task 28.0 in stage 1.0 (TID 77) (spark-master,executor driver, partition 28, ANY, 19443 bytes)
[2026-04-13T14:14:50.697+0000] {subprocess.py:106} INFO - 26/04/13 14:14:50 INFO TaskSetManager: Finished task 13.0 in stage 1.0 (TID 62) in 1335 ms on spark-master (executor driver) (12/49)
[2026-04-13T14:14:50.699+0000] {subprocess.py:106} INFO - 26/04/13 14:14:50 INFO Executor: Running task 28.0 in stage 1.0 (TID 77)
[2026-04-13T14:14:50.703+0000] {subprocess.py:106} INFO - 26/04/13 14:14:50 INFO CodecPool: Got brand-new compressor [.zstd]
[2026-04-13T14:14:50.704+0000] {subprocess.py:106} INFO - 26/04/13 14:14:50 INFO Executor: Finished task 7.0 in stage 1.0 (TID 56). 9837 bytes result sent to driver
[2026-04-13T14:14:50.711+0000] {subprocess.py:106} INFO - 26/04/13 14:14:50 INFO TaskSetManager: Starting task 29.0 in stage 1.0 (TID 78) (spark-master,executor driver, partition 29, ANY, 19176 bytes)
[2026-04-13T14:14:50.722+0000] {subprocess.py:106} INFO - 26/04/13 14:14:50 INFO CodecPool: Got brand-new compressor [.zstd]
[2026-04-13T14:14:50.727+0000] {subprocess.py:106} INFO - 26/04/13 14:14:50 INFO Executor: Running task 29.0 in stage 1.0 (TID 78)
[2026-04-13T14:14:50.729+0000] {subprocess.py:106} INFO - 26/04/13 14:14:50 INFO TaskSetManager: Starting task 30.0 in stage 1.0 (TID 79) (spark-master,executor driver, partition 30, ANY, 19190 bytes)
[2026-04-13T14:14:50.731+0000] {subprocess.py:106} INFO - 26/04/13 14:14:50 INFO CodecPool: Got brand-new compressor [.zstd]
[2026-04-13T14:14:50.733+0000] {subprocess.py:106} INFO - 26/04/13 14:14:50 INFO TaskSetManager: Finished task 17.0 in stage 1.0 (TID 66) in 609 ms on spark-master (executor driver) (13/49)
[2026-04-13T14:14:50.737+0000] {subprocess.py:106} INFO - 26/04/13 14:14:50 INFO Executor: Running task 30.0 in stage 1.0 (TID 79)
[2026-04-13T14:14:50.738+0000] {subprocess.py:106} INFO - 26/04/13 14:14:50 INFO CodecPool: Got brand-new decompressor [.zstd]
[2026-04-13T14:14:50.740+0000] {subprocess.py:106} INFO - 26/04/13 14:14:50 INFO Executor: Running task 27.0 in stage 1.0 (TID 76)
[2026-04-13T14:14:50.741+0000] {subprocess.py:106} INFO - 26/04/13 14:14:50 INFO DataWritingSparkTask: Committed partition 8 (task 57, attempt 0, stage 1.0)
[2026-04-13T14:14:50.742+0000] {subprocess.py:106} INFO - 26/04/13 14:14:50 INFO TaskSetManager: Finished task 0.0 in stage 1.0 (TID 49) in 1401 ms on spark-master (executor driver) (14/49)
[2026-04-13T14:14:50.744+0000] {subprocess.py:106} INFO - 26/04/13 14:14:50 INFO CodecPool: Got brand-new decompressor [.zstd]
[2026-04-13T14:14:50.745+0000] {subprocess.py:106} INFO - 26/04/13 14:14:50 INFO Executor: Finished task 8.0 in stage 1.0 (TID 57). 9749 bytes result sent to driver
[2026-04-13T14:14:50.746+0000] {subprocess.py:106} INFO - 26/04/13 14:14:50 INFO CodecPool: Got brand-new compressor [.zstd]
[2026-04-13T14:14:50.747+0000] {subprocess.py:106} INFO - 26/04/13 14:14:50 INFO TaskSetManager: Starting task 31.0 in stage 1.0 (TID 80) (spark-master,executor driver, partition 31, ANY, 19181 bytes)
[2026-04-13T14:14:50.751+0000] {subprocess.py:106} INFO - 26/04/13 14:14:50 INFO TaskSetManager: Finished task 7.0 in stage 1.0 (TID 56) in 1404 ms on spark-master (executor driver) (15/49)
[2026-04-13T14:14:50.753+0000] {subprocess.py:106} INFO - 26/04/13 14:14:50 INFO TaskSetManager: Finished task 8.0 in stage 1.0 (TID 57) in 1409 ms on spark-master (executor driver) (16/49)
[2026-04-13T14:14:50.756+0000] {subprocess.py:106} INFO - 26/04/13 14:14:50 INFO CodecPool: Got brand-new decompressor [.zstd]
[2026-04-13T14:14:50.758+0000] {subprocess.py:106} INFO - 26/04/13 14:14:50 INFO CodecPool: Got brand-new decompressor [.zstd]
[2026-04-13T14:14:50.759+0000] {subprocess.py:106} INFO - 26/04/13 14:14:50 INFO CodecPool: Got brand-new decompressor [.zstd]
[2026-04-13T14:14:50.760+0000] {subprocess.py:106} INFO - 26/04/13 14:14:50 INFO Executor: Running task 31.0 in stage 1.0 (TID 80)
[2026-04-13T14:14:50.765+0000] {subprocess.py:106} INFO - 26/04/13 14:14:50 INFO CodecPool: Got brand-new compressor [.zstd]
[2026-04-13T14:14:50.773+0000] {subprocess.py:106} INFO - 26/04/13 14:14:50 INFO CodecPool: Got brand-new decompressor [.zstd]
[2026-04-13T14:14:50.775+0000] {subprocess.py:106} INFO - 26/04/13 14:14:50 INFO CodecPool: Got brand-new decompressor [.zstd]
[2026-04-13T14:14:50.787+0000] {subprocess.py:106} INFO - 26/04/13 14:14:50 INFO CodecPool: Got brand-new decompressor [.zstd]
[2026-04-13T14:14:50.789+0000] {subprocess.py:106} INFO - 26/04/13 14:14:50 INFO CodecPool: Got brand-new decompressor [.zstd]
[2026-04-13T14:14:50.795+0000] {subprocess.py:106} INFO - 26/04/13 14:14:50 INFO CodecPool: Got brand-new decompressor [.zstd]
[2026-04-13T14:14:50.796+0000] {subprocess.py:106} INFO - 26/04/13 14:14:50 INFO CodecPool: Got brand-new compressor [.zstd]
[2026-04-13T14:14:50.800+0000] {subprocess.py:106} INFO - 26/04/13 14:14:50 INFO DataWritingSparkTask: Writer for partition 18 is committing.
[2026-04-13T14:14:50.809+0000] {subprocess.py:106} INFO - 26/04/13 14:14:50 INFO CodecPool: Got brand-new decompressor [.zstd]
[2026-04-13T14:14:50.811+0000] {subprocess.py:106} INFO - 26/04/13 14:14:50 INFO CodecPool: Got brand-new decompressor [.zstd]
[2026-04-13T14:14:50.817+0000] {subprocess.py:106} INFO - 26/04/13 14:14:50 INFO CodecPool: Got brand-new decompressor [.zstd]
[2026-04-13T14:14:50.824+0000] {subprocess.py:106} INFO - 26/04/13 14:14:50 INFO CodecPool: Got brand-new decompressor [.zstd]
[2026-04-13T14:14:50.827+0000] {subprocess.py:106} INFO - 26/04/13 14:14:50 INFO DataWritingSparkTask: Committed partition 3 (task 52, attempt 0, stage 1.0)
[2026-04-13T14:14:50.835+0000] {subprocess.py:106} INFO - 26/04/13 14:14:50 INFO CodecPool: Got brand-new compressor [.zstd]
[2026-04-13T14:14:50.837+0000] {subprocess.py:106} INFO - 26/04/13 14:14:50 INFO Executor: Finished task 3.0 in stage 1.0 (TID 52). 9734 bytes result sent to driver
[2026-04-13T14:14:50.842+0000] {subprocess.py:106} INFO - 26/04/13 14:14:50 INFO CodecPool: Got brand-new compressor [.zstd]
[2026-04-13T14:14:50.845+0000] {subprocess.py:106} INFO - 26/04/13 14:14:50 INFO TaskSetManager: Starting task 32.0 in stage 1.0 (TID 81) (spark-master,executor driver, partition 32, ANY, 19183 bytes)
[2026-04-13T14:14:50.855+0000] {subprocess.py:106} INFO - 26/04/13 14:14:50 INFO CodecPool: Got brand-new decompressor [.zstd]
[2026-04-13T14:14:50.858+0000] {subprocess.py:106} INFO - 26/04/13 14:14:50 INFO Executor: Running task 32.0 in stage 1.0 (TID 81)
[2026-04-13T14:14:50.864+0000] {subprocess.py:106} INFO - 26/04/13 14:14:50 INFO TaskSetManager: Finished task 3.0 in stage 1.0 (TID 52) in 1534 ms on spark-master (executor driver) (17/49)
[2026-04-13T14:14:50.865+0000] {subprocess.py:106} INFO - 26/04/13 14:14:50 INFO CodecPool: Got brand-new decompressor [.zstd]
[2026-04-13T14:14:50.874+0000] {subprocess.py:106} INFO - 26/04/13 14:14:50 INFO CodecPool: Got brand-new compressor [.zstd]
[2026-04-13T14:14:50.879+0000] {subprocess.py:106} INFO - 26/04/13 14:14:50 INFO CodecPool: Got brand-new decompressor [.zstd]
[2026-04-13T14:14:50.881+0000] {subprocess.py:106} INFO - 26/04/13 14:14:50 INFO CodecPool: Got brand-new decompressor [.zstd]
[2026-04-13T14:14:50.882+0000] {subprocess.py:106} INFO - 26/04/13 14:14:50 INFO CodecPool: Got brand-new decompressor [.zstd]
[2026-04-13T14:14:50.888+0000] {subprocess.py:106} INFO - 26/04/13 14:14:50 INFO CodecPool: Got brand-new decompressor [.zstd]
[2026-04-13T14:14:50.905+0000] {subprocess.py:106} INFO - 26/04/13 14:14:50 INFO CodecPool: Got brand-new decompressor [.zstd]
[2026-04-13T14:14:50.917+0000] {subprocess.py:106} INFO - 26/04/13 14:14:50 INFO CodecPool: Got brand-new decompressor [.zstd]
[2026-04-13T14:14:50.922+0000] {subprocess.py:106} INFO - 26/04/13 14:14:50 INFO CodecPool: Got brand-new decompressor [.zstd]
[2026-04-13T14:14:50.924+0000] {subprocess.py:106} INFO - 26/04/13 14:14:50 INFO CodecPool: Got brand-new decompressor [.zstd]
[2026-04-13T14:14:50.926+0000] {subprocess.py:106} INFO - 26/04/13 14:14:50 INFO CodecPool: Got brand-new decompressor [.zstd]
[2026-04-13T14:14:50.931+0000] {subprocess.py:106} INFO - 26/04/13 14:14:50 INFO CodecPool: Got brand-new decompressor [.zstd]
[2026-04-13T14:14:50.942+0000] {subprocess.py:106} INFO - 26/04/13 14:14:50 INFO CodecPool: Got brand-new decompressor [.zstd]
[2026-04-13T14:14:50.945+0000] {subprocess.py:106} INFO - 26/04/13 14:14:50 INFO CodecPool: Got brand-new decompressor [.zstd]
[2026-04-13T14:14:50.950+0000] {subprocess.py:106} INFO - 26/04/13 14:14:50 INFO CodecPool: Got brand-new decompressor [.zstd]
[2026-04-13T14:14:50.951+0000] {subprocess.py:106} INFO - 26/04/13 14:14:50 INFO DataWritingSparkTask: Writer for partition 22 is committing.
[2026-04-13T14:14:50.960+0000] {subprocess.py:106} INFO - 26/04/13 14:14:50 INFO CodecPool: Got brand-new decompressor [.zstd]
[2026-04-13T14:14:50.961+0000] {subprocess.py:106} INFO - 26/04/13 14:14:50 INFO CodecPool: Got brand-new decompressor [.zstd]
[2026-04-13T14:14:50.962+0000] {subprocess.py:106} INFO - 26/04/13 14:14:50 INFO CodecPool: Got brand-new decompressor [.zstd]
[2026-04-13T14:14:50.968+0000] {subprocess.py:106} INFO - 26/04/13 14:14:50 INFO CodecPool: Got brand-new decompressor [.zstd]
[2026-04-13T14:14:50.969+0000] {subprocess.py:106} INFO - 26/04/13 14:14:50 INFO CodecPool: Got brand-new compressor [.zstd]
[2026-04-13T14:14:50.973+0000] {subprocess.py:106} INFO - 26/04/13 14:14:50 INFO CodecPool: Got brand-new decompressor [.zstd]
[2026-04-13T14:14:50.975+0000] {subprocess.py:106} INFO - 26/04/13 14:14:50 INFO CodecPool: Got brand-new decompressor [.zstd]
[2026-04-13T14:14:50.978+0000] {subprocess.py:106} INFO - 26/04/13 14:14:50 INFO DataWritingSparkTask: Writer for partition 25 is committing.
[2026-04-13T14:14:50.988+0000] {subprocess.py:106} INFO - 26/04/13 14:14:50 INFO CodecPool: Got brand-new decompressor [.zstd]
[2026-04-13T14:14:50.996+0000] {subprocess.py:106} INFO - 26/04/13 14:14:50 INFO CodecPool: Got brand-new decompressor [.zstd]
[2026-04-13T14:14:50.998+0000] {subprocess.py:106} INFO - 26/04/13 14:14:50 INFO CodecPool: Got brand-new decompressor [.zstd]
[2026-04-13T14:14:50.999+0000] {subprocess.py:106} INFO - 26/04/13 14:14:50 INFO CodecPool: Got brand-new decompressor [.zstd]
[2026-04-13T14:14:51.001+0000] {subprocess.py:106} INFO - 26/04/13 14:14:50 INFO DataWritingSparkTask: Committed partition 18 (task 67, attempt 0, stage 1.0)
[2026-04-13T14:14:51.003+0000] {subprocess.py:106} INFO - 26/04/13 14:14:50 INFO Executor: Finished task 18.0 in stage 1.0 (TID 67). 9841 bytes result sent to driver
[2026-04-13T14:14:51.006+0000] {subprocess.py:106} INFO - 26/04/13 14:14:51 INFO TaskSetManager: Finished task 18.0 in stage 1.0 (TID 67) in 643 ms on spark-master (executor driver) (18/49)
[2026-04-13T14:14:51.015+0000] {subprocess.py:106} INFO - 26/04/13 14:14:51 INFO TaskSetManager: Starting task 33.0 in stage 1.0 (TID 82) (spark-master,executor driver, partition 33, ANY, 19452 bytes)
[2026-04-13T14:14:51.016+0000] {subprocess.py:106} INFO - 26/04/13 14:14:51 INFO CodecPool: Got brand-new decompressor [.zstd]
[2026-04-13T14:14:51.022+0000] {subprocess.py:106} INFO - 26/04/13 14:14:51 INFO Executor: Running task 33.0 in stage 1.0 (TID 82)
[2026-04-13T14:14:51.029+0000] {subprocess.py:106} INFO - 26/04/13 14:14:51 INFO CodecPool: Got brand-new decompressor [.zstd]
[2026-04-13T14:14:51.044+0000] {subprocess.py:106} INFO - 26/04/13 14:14:51 INFO CodecPool: Got brand-new decompressor [.zstd]
[2026-04-13T14:14:51.050+0000] {subprocess.py:106} INFO - 26/04/13 14:14:51 INFO CodecPool: Got brand-new decompressor [.zstd]
[2026-04-13T14:14:51.054+0000] {subprocess.py:106} INFO - 26/04/13 14:14:51 INFO CodecPool: Got brand-new decompressor [.zstd]
[2026-04-13T14:14:51.059+0000] {subprocess.py:106} INFO - 26/04/13 14:14:51 INFO CodecPool: Got brand-new decompressor [.zstd]
[2026-04-13T14:14:51.065+0000] {subprocess.py:106} INFO - 26/04/13 14:14:51 INFO CodecPool: Got brand-new decompressor [.zstd]
[2026-04-13T14:14:51.069+0000] {subprocess.py:106} INFO - 26/04/13 14:14:51 INFO CodecPool: Got brand-new decompressor [.zstd]
[2026-04-13T14:14:51.082+0000] {subprocess.py:106} INFO - 26/04/13 14:14:51 INFO DataWritingSparkTask: Writer for partition 21 is committing.
[2026-04-13T14:14:51.097+0000] {subprocess.py:106} INFO - 26/04/13 14:14:51 INFO CodecPool: Got brand-new decompressor [.zstd]
[2026-04-13T14:14:51.099+0000] {subprocess.py:106} INFO - 26/04/13 14:14:51 INFO DataWritingSparkTask: Writer for partition 19 is committing.
[2026-04-13T14:14:51.103+0000] {subprocess.py:106} INFO - 26/04/13 14:14:51 INFO DataWritingSparkTask: Writer for partition 28 is committing.
[2026-04-13T14:14:51.115+0000] {subprocess.py:106} INFO - 26/04/13 14:14:51 INFO DataWritingSparkTask: Writer for partition 26 is committing.
[2026-04-13T14:14:51.123+0000] {subprocess.py:106} INFO - 26/04/13 14:14:51 INFO CodecPool: Got brand-new decompressor [.zstd]
[2026-04-13T14:14:51.125+0000] {subprocess.py:106} INFO - 26/04/13 14:14:51 INFO CodecPool: Got brand-new decompressor [.zstd]
[2026-04-13T14:14:51.143+0000] {subprocess.py:106} INFO - 26/04/13 14:14:51 INFO DataWritingSparkTask: Writer for partition 20 is committing.
[2026-04-13T14:14:51.151+0000] {subprocess.py:106} INFO - 26/04/13 14:14:51 INFO CodecPool: Got brand-new decompressor [.zstd]
[2026-04-13T14:14:51.190+0000] {subprocess.py:106} INFO - 26/04/13 14:14:51 INFO DataWritingSparkTask: Committed partition 16 (task 65, attempt 0, stage 1.0)
[2026-04-13T14:14:51.192+0000] {subprocess.py:106} INFO - 26/04/13 14:14:51 INFO DataWritingSparkTask: Writer for partition 24 is committing.
[2026-04-13T14:14:51.194+0000] {subprocess.py:106} INFO - 26/04/13 14:14:51 INFO Executor: Finished task 16.0 in stage 1.0 (TID 65). 9918 bytes result sent to driver
[2026-04-13T14:14:51.202+0000] {subprocess.py:106} INFO - 26/04/13 14:14:51 INFO CodecPool: Got brand-new decompressor [.zstd]
[2026-04-13T14:14:51.247+0000] {subprocess.py:106} INFO - 26/04/13 14:14:51 INFO CodecPool: Got brand-new decompressor [.zstd]
[2026-04-13T14:14:51.248+0000] {subprocess.py:106} INFO - 26/04/13 14:14:51 INFO TaskSetManager: Starting task 34.0 in stage 1.0 (TID 83) (spark-master,executor driver, partition 34, ANY, 19190 bytes)
[2026-04-13T14:14:51.263+0000] {subprocess.py:106} INFO - 26/04/13 14:14:51 INFO DataWritingSparkTask: Committed partition 21 (task 70, attempt 0, stage 1.0)
[2026-04-13T14:14:51.264+0000] {subprocess.py:106} INFO - 26/04/13 14:14:51 INFO Executor: Running task 34.0 in stage 1.0 (TID 83)
[2026-04-13T14:14:51.265+0000] {subprocess.py:106} INFO - 26/04/13 14:14:51 INFO Executor: Finished task 21.0 in stage 1.0 (TID 70). 9871 bytes result sent to driver
[2026-04-13T14:14:51.267+0000] {subprocess.py:106} INFO - 26/04/13 14:14:51 INFO TaskSetManager: Finished task 16.0 in stage 1.0 (TID 65) in 1240 ms on spark-master (executor driver) (19/49)
[2026-04-13T14:14:51.279+0000] {subprocess.py:106} INFO - 26/04/13 14:14:51 INFO DataWritingSparkTask: Committed partition 26 (task 75, attempt 0, stage 1.0)
[2026-04-13T14:14:51.304+0000] {subprocess.py:106} INFO - 26/04/13 14:14:51 INFO DataWritingSparkTask: Writer for partition 27 is committing.
[2026-04-13T14:14:51.306+0000] {subprocess.py:106} INFO - 26/04/13 14:14:51 INFO TaskSetManager: Starting task 35.0 in stage 1.0 (TID 84) (spark-master,executor driver, partition 35, ANY, 19181 bytes)
[2026-04-13T14:14:51.320+0000] {subprocess.py:106} INFO - 26/04/13 14:14:51 INFO CodecPool: Got brand-new decompressor [.zstd]
[2026-04-13T14:14:51.322+0000] {subprocess.py:106} INFO - 26/04/13 14:14:51 INFO DataWritingSparkTask: Committed partition 25 (task 74, attempt 0, stage 1.0)
[2026-04-13T14:14:51.324+0000] {subprocess.py:106} INFO - 26/04/13 14:14:51 INFO DataWritingSparkTask: Committed partition 28 (task 77, attempt 0, stage 1.0)
[2026-04-13T14:14:51.325+0000] {subprocess.py:106} INFO - 26/04/13 14:14:51 INFO Executor: Finished task 26.0 in stage 1.0 (TID 75). 9853 bytes result sent to driver
[2026-04-13T14:14:51.331+0000] {subprocess.py:106} INFO - 26/04/13 14:14:51 INFO DataWritingSparkTask: Committed partition 19 (task 68, attempt 0, stage 1.0)
[2026-04-13T14:14:51.335+0000] {subprocess.py:106} INFO - 26/04/13 14:14:51 INFO Executor: Finished task 28.0 in stage 1.0 (TID 77). 9794 bytes result sent to driver
[2026-04-13T14:14:51.336+0000] {subprocess.py:106} INFO - 26/04/13 14:14:51 INFO Executor: Finished task 25.0 in stage 1.0 (TID 74). 9801 bytes result sent to driver
[2026-04-13T14:14:51.342+0000] {subprocess.py:106} INFO - 26/04/13 14:14:51 INFO Executor: Running task 35.0 in stage 1.0 (TID 84)
[2026-04-13T14:14:51.343+0000] {subprocess.py:106} INFO - 26/04/13 14:14:51 INFO CodecPool: Got brand-new decompressor [.zstd]
[2026-04-13T14:14:51.349+0000] {subprocess.py:106} INFO - 26/04/13 14:14:51 INFO CodecPool: Got brand-new decompressor [.zstd]
[2026-04-13T14:14:51.355+0000] {subprocess.py:106} INFO - 26/04/13 14:14:51 INFO Executor: Finished task 19.0 in stage 1.0 (TID 68). 9775 bytes result sent to driver
[2026-04-13T14:14:51.358+0000] {subprocess.py:106} INFO - 26/04/13 14:14:51 INFO TaskSetManager: Starting task 36.0 in stage 1.0 (TID 85) (spark-master,executor driver, partition 36, ANY, 19184 bytes)
[2026-04-13T14:14:51.362+0000] {subprocess.py:106} INFO - 26/04/13 14:14:51 INFO CodecPool: Got brand-new decompressor [.zstd]
[2026-04-13T14:14:51.363+0000] {subprocess.py:106} INFO - 26/04/13 14:14:51 INFO Executor: Running task 36.0 in stage 1.0 (TID 85)
[2026-04-13T14:14:51.383+0000] {subprocess.py:106} INFO - 26/04/13 14:14:51 INFO DataWritingSparkTask: Writer for partition 23 is committing.
[2026-04-13T14:14:51.386+0000] {subprocess.py:106} INFO - 26/04/13 14:14:51 INFO TaskSetManager: Starting task 37.0 in stage 1.0 (TID 86) (spark-master,executor driver, partition 37, ANY, 19469 bytes)
[2026-04-13T14:14:51.402+0000] {subprocess.py:106} INFO - 26/04/13 14:14:51 INFO Executor: Running task 37.0 in stage 1.0 (TID 86)
[2026-04-13T14:14:51.404+0000] {subprocess.py:106} INFO - 26/04/13 14:14:51 INFO DataWritingSparkTask: Writer for partition 30 is committing.
[2026-04-13T14:14:51.413+0000] {subprocess.py:106} INFO - 26/04/13 14:14:51 INFO DataWritingSparkTask: Writer for partition 31 is committing.
[2026-04-13T14:14:51.418+0000] {subprocess.py:106} INFO - 26/04/13 14:14:51 INFO TaskSetManager: Starting task 38.0 in stage 1.0 (TID 87) (spark-master,executor driver, partition 38, ANY, 19190 bytes)
[2026-04-13T14:14:51.421+0000] {subprocess.py:106} INFO - 26/04/13 14:14:51 INFO CodecPool: Got brand-new decompressor [.zstd]
[2026-04-13T14:14:51.422+0000] {subprocess.py:106} INFO - 26/04/13 14:14:51 INFO DataWritingSparkTask: Writer for partition 29 is committing.
[2026-04-13T14:14:51.431+0000] {subprocess.py:106} INFO - 26/04/13 14:14:51 INFO Executor: Running task 38.0 in stage 1.0 (TID 87)
[2026-04-13T14:14:51.434+0000] {subprocess.py:106} INFO - 26/04/13 14:14:51 INFO TaskSetManager: Starting task 39.0 in stage 1.0 (TID 88) (spark-master,executor driver, partition 39, ANY, 19163 bytes)
[2026-04-13T14:14:51.439+0000] {subprocess.py:106} INFO - 26/04/13 14:14:51 INFO TaskSetManager: Finished task 21.0 in stage 1.0 (TID 70) in 870 ms on spark-master (executor driver) (20/49)
[2026-04-13T14:14:51.444+0000] {subprocess.py:106} INFO - 26/04/13 14:14:51 INFO TaskSetManager: Finished task 25.0 in stage 1.0 (TID 74) in 822 ms on spark-master (executor driver) (21/49)
[2026-04-13T14:14:51.448+0000] {subprocess.py:106} INFO - 26/04/13 14:14:51 INFO Executor: Running task 39.0 in stage 1.0 (TID 88)
[2026-04-13T14:14:51.449+0000] {subprocess.py:106} INFO - 26/04/13 14:14:51 INFO TaskSetManager: Finished task 26.0 in stage 1.0 (TID 75) in 824 ms on spark-master (executor driver) (22/49)
[2026-04-13T14:14:51.455+0000] {subprocess.py:106} INFO - 26/04/13 14:14:51 INFO TaskSetManager: Finished task 28.0 in stage 1.0 (TID 77) in 777 ms on spark-master (executor driver) (23/49)
[2026-04-13T14:14:51.472+0000] {subprocess.py:106} INFO - 26/04/13 14:14:51 INFO TaskSetManager: Finished task 19.0 in stage 1.0 (TID 68) in 951 ms on spark-master (executor driver) (24/49)
[2026-04-13T14:14:51.523+0000] {subprocess.py:106} INFO - 26/04/13 14:14:51 INFO DataWritingSparkTask: Committed partition 27 (task 76, attempt 0, stage 1.0)
[2026-04-13T14:14:51.532+0000] {subprocess.py:106} INFO - 26/04/13 14:14:51 INFO DataWritingSparkTask: Committed partition 22 (task 71, attempt 0, stage 1.0)
[2026-04-13T14:14:51.545+0000] {subprocess.py:106} INFO - 26/04/13 14:14:51 INFO CodecPool: Got brand-new compressor [.zstd]
[2026-04-13T14:14:51.551+0000] {subprocess.py:106} INFO - 26/04/13 14:14:51 INFO Executor: Finished task 22.0 in stage 1.0 (TID 71). 9804 bytes result sent to driver
[2026-04-13T14:14:51.563+0000] {subprocess.py:106} INFO - 26/04/13 14:14:51 INFO Executor: Finished task 27.0 in stage 1.0 (TID 76). 9689 bytes result sent to driver
[2026-04-13T14:14:51.573+0000] {subprocess.py:106} INFO - 26/04/13 14:14:51 INFO DataWritingSparkTask: Committed partition 23 (task 72, attempt 0, stage 1.0)
[2026-04-13T14:14:51.574+0000] {subprocess.py:106} INFO - 26/04/13 14:14:51 INFO DataWritingSparkTask: Writer for partition 32 is committing.
[2026-04-13T14:14:51.578+0000] {subprocess.py:106} INFO - 26/04/13 14:14:51 INFO Executor: Finished task 23.0 in stage 1.0 (TID 72). 9795 bytes result sent to driver
[2026-04-13T14:14:51.593+0000] {subprocess.py:106} INFO - 26/04/13 14:14:51 INFO TaskSetManager: Starting task 40.0 in stage 1.0 (TID 89) (spark-master,executor driver, partition 40, ANY, 19194 bytes)
[2026-04-13T14:14:51.599+0000] {subprocess.py:106} INFO - 26/04/13 14:14:51 INFO TaskSetManager: Finished task 22.0 in stage 1.0 (TID 71) in 1015 ms on spark-master (executor driver) (25/49)
[2026-04-13T14:14:51.605+0000] {subprocess.py:106} INFO - 26/04/13 14:14:51 INFO Executor: Running task 40.0 in stage 1.0 (TID 89)
[2026-04-13T14:14:51.620+0000] {subprocess.py:106} INFO - 26/04/13 14:14:51 INFO TaskSetManager: Starting task 41.0 in stage 1.0 (TID 90) (spark-master,executor driver, partition 41, ANY, 19459 bytes)
[2026-04-13T14:14:51.621+0000] {subprocess.py:106} INFO - 26/04/13 14:14:51 INFO DataWritingSparkTask: Committed partition 30 (task 79, attempt 0, stage 1.0)
[2026-04-13T14:14:51.627+0000] {subprocess.py:106} INFO - 26/04/13 14:14:51 INFO Executor: Finished task 30.0 in stage 1.0 (TID 79). 9819 bytes result sent to driver
[2026-04-13T14:14:51.629+0000] {subprocess.py:106} INFO - 26/04/13 14:14:51 INFO TaskSetManager: Starting task 42.0 in stage 1.0 (TID 91) (spark-master,executor driver, partition 42, ANY, 19172 bytes)
[2026-04-13T14:14:51.635+0000] {subprocess.py:106} INFO - 26/04/13 14:14:51 INFO TaskSetManager: Starting task 43.0 in stage 1.0 (TID 92) (spark-master,executor driver, partition 43, ANY, 19182 bytes)
[2026-04-13T14:14:51.638+0000] {subprocess.py:106} INFO - 26/04/13 14:14:51 INFO Executor: Running task 41.0 in stage 1.0 (TID 90)
[2026-04-13T14:14:51.642+0000] {subprocess.py:106} INFO - 26/04/13 14:14:51 INFO CodecPool: Got brand-new compressor [.zstd]
[2026-04-13T14:14:51.643+0000] {subprocess.py:106} INFO - 26/04/13 14:14:51 INFO CodecPool: Got brand-new compressor [.zstd]
[2026-04-13T14:14:51.652+0000] {subprocess.py:106} INFO - 26/04/13 14:14:51 INFO DataWritingSparkTask: Committed partition 31 (task 80, attempt 0, stage 1.0)
[2026-04-13T14:14:51.659+0000] {subprocess.py:106} INFO - 26/04/13 14:14:51 INFO Executor: Running task 42.0 in stage 1.0 (TID 91)
[2026-04-13T14:14:51.661+0000] {subprocess.py:106} INFO - 26/04/13 14:14:51 INFO Executor: Running task 43.0 in stage 1.0 (TID 92)
[2026-04-13T14:14:51.664+0000] {subprocess.py:106} INFO - 26/04/13 14:14:51 INFO TaskSetManager: Finished task 30.0 in stage 1.0 (TID 79) in 964 ms on spark-master (executor driver) (26/49)
[2026-04-13T14:14:51.673+0000] {subprocess.py:106} INFO - 26/04/13 14:14:51 INFO TaskSetManager: Finished task 23.0 in stage 1.0 (TID 72) in 1053 ms on spark-master (executor driver) (27/49)
[2026-04-13T14:14:51.677+0000] {subprocess.py:106} INFO - 26/04/13 14:14:51 INFO CodecPool: Got brand-new decompressor [.zstd]
[2026-04-13T14:14:51.683+0000] {subprocess.py:106} INFO - 26/04/13 14:14:51 INFO CodecPool: Got brand-new compressor [.zstd]
[2026-04-13T14:14:51.685+0000] {subprocess.py:106} INFO - 26/04/13 14:14:51 INFO TaskSetManager: Finished task 27.0 in stage 1.0 (TID 76) in 1006 ms on spark-master (executor driver) (28/49)
[2026-04-13T14:14:51.686+0000] {subprocess.py:106} INFO - 26/04/13 14:14:51 INFO Executor: Finished task 31.0 in stage 1.0 (TID 80). 9775 bytes result sent to driver
[2026-04-13T14:14:51.693+0000] {subprocess.py:106} INFO - 26/04/13 14:14:51 INFO TaskSetManager: Starting task 44.0 in stage 1.0 (TID 93) (spark-master,executor driver, partition 44, ANY, 19185 bytes)
[2026-04-13T14:14:51.694+0000] {subprocess.py:106} INFO - 26/04/13 14:14:51 INFO TaskSetManager: Finished task 31.0 in stage 1.0 (TID 80) in 962 ms on spark-master (executor driver) (29/49)
[2026-04-13T14:14:51.707+0000] {subprocess.py:106} INFO - 26/04/13 14:14:51 INFO Executor: Running task 44.0 in stage 1.0 (TID 93)
[2026-04-13T14:14:51.712+0000] {subprocess.py:106} INFO - 26/04/13 14:14:51 INFO CodecPool: Got brand-new compressor [.zstd]
[2026-04-13T14:14:51.714+0000] {subprocess.py:106} INFO - 26/04/13 14:14:51 INFO CodecPool: Got brand-new compressor [.zstd]
[2026-04-13T14:14:51.718+0000] {subprocess.py:106} INFO - 26/04/13 14:14:51 INFO CodecPool: Got brand-new compressor [.zstd]
[2026-04-13T14:14:51.721+0000] {subprocess.py:106} INFO - 26/04/13 14:14:51 INFO CodecPool: Got brand-new compressor [.zstd]
[2026-04-13T14:14:51.741+0000] {subprocess.py:106} INFO - 26/04/13 14:14:51 INFO CodecPool: Got brand-new compressor [.zstd]
[2026-04-13T14:14:51.758+0000] {subprocess.py:106} INFO - 26/04/13 14:14:51 INFO CodecPool: Got brand-new decompressor [.zstd]
[2026-04-13T14:14:51.762+0000] {subprocess.py:106} INFO - 26/04/13 14:14:51 INFO CodecPool: Got brand-new compressor [.zstd]
[2026-04-13T14:14:51.770+0000] {subprocess.py:106} INFO - 26/04/13 14:14:51 INFO CodecPool: Got brand-new decompressor [.zstd]
[2026-04-13T14:14:51.772+0000] {subprocess.py:106} INFO - 26/04/13 14:14:51 INFO CodecPool: Got brand-new compressor [.zstd]
[2026-04-13T14:14:51.782+0000] {subprocess.py:106} INFO - 26/04/13 14:14:51 INFO CodecPool: Got brand-new decompressor [.zstd]
[2026-04-13T14:14:51.786+0000] {subprocess.py:106} INFO - 26/04/13 14:14:51 INFO CodecPool: Got brand-new decompressor [.zstd]
[2026-04-13T14:14:51.788+0000] {subprocess.py:106} INFO - 26/04/13 14:14:51 INFO CodecPool: Got brand-new decompressor [.zstd]
[2026-04-13T14:14:51.789+0000] {subprocess.py:106} INFO - 26/04/13 14:14:51 INFO CodecPool: Got brand-new compressor [.zstd]
[2026-04-13T14:14:51.790+0000] {subprocess.py:106} INFO - 26/04/13 14:14:51 INFO CodecPool: Got brand-new decompressor [.zstd]
[2026-04-13T14:14:51.822+0000] {subprocess.py:106} INFO - 26/04/13 14:14:51 INFO CodecPool: Got brand-new decompressor [.zstd]
[2026-04-13T14:14:51.834+0000] {subprocess.py:106} INFO - 26/04/13 14:14:51 INFO DataWritingSparkTask: Committed partition 24 (task 73, attempt 0, stage 1.0)
[2026-04-13T14:14:51.843+0000] {subprocess.py:106} INFO - 26/04/13 14:14:51 INFO Executor: Finished task 24.0 in stage 1.0 (TID 73). 9814 bytes result sent to driver
[2026-04-13T14:14:51.846+0000] {subprocess.py:106} INFO - 26/04/13 14:14:51 INFO CodecPool: Got brand-new decompressor [.zstd]
[2026-04-13T14:14:51.853+0000] {subprocess.py:106} INFO - 26/04/13 14:14:51 INFO CodecPool: Got brand-new decompressor [.zstd]
[2026-04-13T14:14:51.859+0000] {subprocess.py:106} INFO - 26/04/13 14:14:51 INFO DataWritingSparkTask: Committed partition 20 (task 69, attempt 0, stage 1.0)
[2026-04-13T14:14:51.860+0000] {subprocess.py:106} INFO - 26/04/13 14:14:51 INFO CodecPool: Got brand-new decompressor [.zstd]
[2026-04-13T14:14:51.862+0000] {subprocess.py:106} INFO - 26/04/13 14:14:51 INFO CodecPool: Got brand-new decompressor [.zstd]
[2026-04-13T14:14:51.864+0000] {subprocess.py:106} INFO - 26/04/13 14:14:51 INFO Executor: Finished task 20.0 in stage 1.0 (TID 69). 9807 bytes result sent to driver
[2026-04-13T14:14:51.876+0000] {subprocess.py:106} INFO - 26/04/13 14:14:51 INFO TaskSetManager: Starting task 45.0 in stage 1.0 (TID 94) (spark-master,executor driver, partition 45, ANY, 19199 bytes)
[2026-04-13T14:14:51.877+0000] {subprocess.py:106} INFO - 26/04/13 14:14:51 INFO TaskSetManager: Starting task 46.0 in stage 1.0 (TID 95) (spark-master,executor driver, partition 46, ANY, 19181 bytes)
[2026-04-13T14:14:51.891+0000] {subprocess.py:106} INFO - 26/04/13 14:14:51 INFO CodecPool: Got brand-new decompressor [.zstd]
[2026-04-13T14:14:51.892+0000] {subprocess.py:106} INFO - 26/04/13 14:14:51 INFO Executor: Running task 45.0 in stage 1.0 (TID 94)
[2026-04-13T14:14:51.894+0000] {subprocess.py:106} INFO - 26/04/13 14:14:51 INFO TaskSetManager: Finished task 24.0 in stage 1.0 (TID 73) in 1258 ms on spark-master (executor driver) (30/49)
[2026-04-13T14:14:51.907+0000] {subprocess.py:106} INFO - 26/04/13 14:14:51 INFO CodecPool: Got brand-new decompressor [.zstd]
[2026-04-13T14:14:51.911+0000] {subprocess.py:106} INFO - 26/04/13 14:14:51 INFO CodecPool: Got brand-new decompressor [.zstd]
[2026-04-13T14:14:51.914+0000] {subprocess.py:106} INFO - 26/04/13 14:14:51 INFO Executor: Running task 46.0 in stage 1.0 (TID 95)
[2026-04-13T14:14:51.917+0000] {subprocess.py:106} INFO - 26/04/13 14:14:51 INFO TaskSetManager: Finished task 20.0 in stage 1.0 (TID 69) in 1339 ms on spark-master (executor driver) (31/49)
[2026-04-13T14:14:51.919+0000] {subprocess.py:106} INFO - 26/04/13 14:14:51 INFO CodecPool: Got brand-new decompressor [.zstd]
[2026-04-13T14:14:51.921+0000] {subprocess.py:106} INFO - 26/04/13 14:14:51 INFO CodecPool: Got brand-new decompressor [.zstd]
[2026-04-13T14:14:51.924+0000] {subprocess.py:106} INFO - 26/04/13 14:14:51 INFO CodecPool: Got brand-new decompressor [.zstd]
[2026-04-13T14:14:51.929+0000] {subprocess.py:106} INFO - 26/04/13 14:14:51 INFO CodecPool: Got brand-new decompressor [.zstd]
[2026-04-13T14:14:51.934+0000] {subprocess.py:106} INFO - 26/04/13 14:14:51 INFO CodecPool: Got brand-new decompressor [.zstd]
[2026-04-13T14:14:51.936+0000] {subprocess.py:106} INFO - 26/04/13 14:14:51 INFO CodecPool: Got brand-new decompressor [.zstd]
[2026-04-13T14:14:51.938+0000] {subprocess.py:106} INFO - 26/04/13 14:14:51 INFO CodecPool: Got brand-new compressor [.zstd]
[2026-04-13T14:14:51.941+0000] {subprocess.py:106} INFO - 26/04/13 14:14:51 INFO CodecPool: Got brand-new decompressor [.zstd]
[2026-04-13T14:14:51.942+0000] {subprocess.py:106} INFO - 26/04/13 14:14:51 INFO CodecPool: Got brand-new decompressor [.zstd]
[2026-04-13T14:14:51.944+0000] {subprocess.py:106} INFO - 26/04/13 14:14:51 INFO DataWritingSparkTask: Writer for partition 33 is committing.
[2026-04-13T14:14:51.953+0000] {subprocess.py:106} INFO - 26/04/13 14:14:51 INFO CodecPool: Got brand-new decompressor [.zstd]
[2026-04-13T14:14:51.954+0000] {subprocess.py:106} INFO - 26/04/13 14:14:51 INFO CodecPool: Got brand-new decompressor [.zstd]
[2026-04-13T14:14:51.955+0000] {subprocess.py:106} INFO - 26/04/13 14:14:51 INFO CodecPool: Got brand-new decompressor [.zstd]
[2026-04-13T14:14:51.958+0000] {subprocess.py:106} INFO - 26/04/13 14:14:51 INFO CodecPool: Got brand-new decompressor [.zstd]
[2026-04-13T14:14:51.960+0000] {subprocess.py:106} INFO - 26/04/13 14:14:51 INFO CodecPool: Got brand-new decompressor [.zstd]
[2026-04-13T14:14:51.966+0000] {subprocess.py:106} INFO - 26/04/13 14:14:51 INFO CodecPool: Got brand-new decompressor [.zstd]
[2026-04-13T14:14:51.968+0000] {subprocess.py:106} INFO - 26/04/13 14:14:51 INFO CodecPool: Got brand-new decompressor [.zstd]
[2026-04-13T14:14:51.986+0000] {subprocess.py:106} INFO - 26/04/13 14:14:51 INFO CodecPool: Got brand-new decompressor [.zstd]
[2026-04-13T14:14:51.988+0000] {subprocess.py:106} INFO - 26/04/13 14:14:51 INFO CodecPool: Got brand-new decompressor [.zstd]
[2026-04-13T14:14:51.995+0000] {subprocess.py:106} INFO - 26/04/13 14:14:51 INFO CodecPool: Got brand-new decompressor [.zstd]
[2026-04-13T14:14:51.997+0000] {subprocess.py:106} INFO - 26/04/13 14:14:51 INFO CodecPool: Got brand-new decompressor [.zstd]
[2026-04-13T14:14:51.999+0000] {subprocess.py:106} INFO - 26/04/13 14:14:51 INFO CodecPool: Got brand-new decompressor [.zstd]
[2026-04-13T14:14:52.005+0000] {subprocess.py:106} INFO - 26/04/13 14:14:51 INFO CodecPool: Got brand-new decompressor [.zstd]
[2026-04-13T14:14:52.008+0000] {subprocess.py:106} INFO - 26/04/13 14:14:51 INFO DataWritingSparkTask: Writer for partition 39 is committing.
[2026-04-13T14:14:52.010+0000] {subprocess.py:106} INFO - 26/04/13 14:14:51 INFO CodecPool: Got brand-new decompressor [.zstd]
[2026-04-13T14:14:52.010+0000] {subprocess.py:106} INFO - 26/04/13 14:14:51 INFO CodecPool: Got brand-new decompressor [.zstd]
[2026-04-13T14:14:52.012+0000] {subprocess.py:106} INFO - 26/04/13 14:14:52 INFO DataWritingSparkTask: Writer for partition 40 is committing.
[2026-04-13T14:14:52.013+0000] {subprocess.py:106} INFO - 26/04/13 14:14:52 INFO CodecPool: Got brand-new decompressor [.zstd]
[2026-04-13T14:14:52.015+0000] {subprocess.py:106} INFO - 26/04/13 14:14:52 INFO CodecPool: Got brand-new decompressor [.zstd]
[2026-04-13T14:14:52.020+0000] {subprocess.py:106} INFO - 26/04/13 14:14:52 INFO CodecPool: Got brand-new decompressor [.zstd]
[2026-04-13T14:14:52.022+0000] {subprocess.py:106} INFO - 26/04/13 14:14:52 INFO CodecPool: Got brand-new decompressor [.zstd]
[2026-04-13T14:14:52.023+0000] {subprocess.py:106} INFO - 26/04/13 14:14:52 INFO CodecPool: Got brand-new compressor [.zstd]
[2026-04-13T14:14:52.029+0000] {subprocess.py:106} INFO - 26/04/13 14:14:52 INFO CodecPool: Got brand-new decompressor [.zstd]
[2026-04-13T14:14:52.031+0000] {subprocess.py:106} INFO - 26/04/13 14:14:52 INFO DataWritingSparkTask: Writer for partition 35 is committing.
[2026-04-13T14:14:52.033+0000] {subprocess.py:106} INFO - 26/04/13 14:14:52 INFO DataWritingSparkTask: Writer for partition 34 is committing.
[2026-04-13T14:14:52.040+0000] {subprocess.py:106} INFO - 26/04/13 14:14:52 INFO DataWritingSparkTask: Committed partition 29 (task 78, attempt 0, stage 1.0)
[2026-04-13T14:14:52.045+0000] {subprocess.py:106} INFO - 26/04/13 14:14:52 INFO DataWritingSparkTask: Writer for partition 36 is committing.
[2026-04-13T14:14:52.050+0000] {subprocess.py:106} INFO - 26/04/13 14:14:52 INFO Executor: Finished task 29.0 in stage 1.0 (TID 78). 9887 bytes result sent to driver
[2026-04-13T14:14:52.051+0000] {subprocess.py:106} INFO - 26/04/13 14:14:52 INFO CodecPool: Got brand-new decompressor [.zstd]
[2026-04-13T14:14:52.056+0000] {subprocess.py:106} INFO - 26/04/13 14:14:52 INFO TaskSetManager: Starting task 47.0 in stage 1.0 (TID 96) (spark-master,executor driver, partition 47, ANY, 19174 bytes)
[2026-04-13T14:14:52.061+0000] {subprocess.py:106} INFO - 26/04/13 14:14:52 INFO CodecPool: Got brand-new decompressor [.zstd]
[2026-04-13T14:14:52.062+0000] {subprocess.py:106} INFO - 26/04/13 14:14:52 INFO DataWritingSparkTask: Writer for partition 43 is committing.
[2026-04-13T14:14:52.063+0000] {subprocess.py:106} INFO - 26/04/13 14:14:52 INFO Executor: Running task 47.0 in stage 1.0 (TID 96)
[2026-04-13T14:14:52.075+0000] {subprocess.py:106} INFO - 26/04/13 14:14:52 INFO CodecPool: Got brand-new decompressor [.zstd]
[2026-04-13T14:14:52.078+0000] {subprocess.py:106} INFO - 26/04/13 14:14:52 INFO CodecPool: Got brand-new decompressor [.zstd]
[2026-04-13T14:14:52.079+0000] {subprocess.py:106} INFO - 26/04/13 14:14:52 INFO CodecPool: Got brand-new decompressor [.zstd]
[2026-04-13T14:14:52.081+0000] {subprocess.py:106} INFO - 26/04/13 14:14:52 INFO TaskSetManager: Finished task 29.0 in stage 1.0 (TID 78) in 1389 ms on spark-master (executor driver) (32/49)
[2026-04-13T14:14:52.092+0000] {subprocess.py:106} INFO - 26/04/13 14:14:52 INFO DataWritingSparkTask: Writer for partition 42 is committing.
[2026-04-13T14:14:52.097+0000] {subprocess.py:106} INFO - 26/04/13 14:14:52 INFO DataWritingSparkTask: Writer for partition 37 is committing.
[2026-04-13T14:14:52.115+0000] {subprocess.py:106} INFO - 26/04/13 14:14:52 INFO CodecPool: Got brand-new compressor [.zstd]
[2026-04-13T14:14:52.124+0000] {subprocess.py:106} INFO - 26/04/13 14:14:52 INFO CodecPool: Got brand-new decompressor [.zstd]
[2026-04-13T14:14:52.143+0000] {subprocess.py:106} INFO - 26/04/13 14:14:52 INFO CodecPool: Got brand-new decompressor [.zstd]
[2026-04-13T14:14:52.148+0000] {subprocess.py:106} INFO - 26/04/13 14:14:52 INFO DataWritingSparkTask: Writer for partition 41 is committing.
[2026-04-13T14:14:52.154+0000] {subprocess.py:106} INFO - 26/04/13 14:14:52 INFO DataWritingSparkTask: Committed partition 33 (task 82, attempt 0, stage 1.0)
[2026-04-13T14:14:52.157+0000] {subprocess.py:106} INFO - 26/04/13 14:14:52 INFO DataWritingSparkTask: Committed partition 39 (task 88, attempt 0, stage 1.0)
[2026-04-13T14:14:52.158+0000] {subprocess.py:106} INFO - 26/04/13 14:14:52 INFO CodecPool: Got brand-new decompressor [.zstd]
[2026-04-13T14:14:52.160+0000] {subprocess.py:106} INFO - 26/04/13 14:14:52 INFO Executor: Finished task 39.0 in stage 1.0 (TID 88). 9856 bytes result sent to driver
[2026-04-13T14:14:52.163+0000] {subprocess.py:106} INFO - 26/04/13 14:14:52 INFO Executor: Finished task 33.0 in stage 1.0 (TID 82). 9775 bytes result sent to driver
[2026-04-13T14:14:52.170+0000] {subprocess.py:106} INFO - 26/04/13 14:14:52 INFO TaskSetManager: Starting task 48.0 in stage 1.0 (TID 97) (spark-master,executor driver, partition 48, ANY, 18851 bytes)
[2026-04-13T14:14:52.172+0000] {subprocess.py:106} INFO - 26/04/13 14:14:52 INFO TaskSetManager: Finished task 33.0 in stage 1.0 (TID 82) in 1162 ms on spark-master (executor driver) (33/49)
[2026-04-13T14:14:52.174+0000] {subprocess.py:106} INFO - 26/04/13 14:14:52 INFO Executor: Running task 48.0 in stage 1.0 (TID 97)
[2026-04-13T14:14:52.184+0000] {subprocess.py:106} INFO - 26/04/13 14:14:52 INFO DataWritingSparkTask: Writer for partition 44 is committing.
[2026-04-13T14:14:52.186+0000] {subprocess.py:106} INFO - 26/04/13 14:14:52 INFO TaskSetManager: Finished task 39.0 in stage 1.0 (TID 88) in 761 ms on spark-master (executor driver) (34/49)
[2026-04-13T14:14:52.192+0000] {subprocess.py:106} INFO - 26/04/13 14:14:52 INFO CodecPool: Got brand-new decompressor [.zstd]
[2026-04-13T14:14:52.200+0000] {subprocess.py:106} INFO - 26/04/13 14:14:52 INFO DataWritingSparkTask: Committed partition 32 (task 81, attempt 0, stage 1.0)
[2026-04-13T14:14:52.206+0000] {subprocess.py:106} INFO - 26/04/13 14:14:52 INFO DataWritingSparkTask: Writer for partition 38 is committing.
[2026-04-13T14:14:52.208+0000] {subprocess.py:106} INFO - 26/04/13 14:14:52 INFO Executor: Finished task 32.0 in stage 1.0 (TID 81). 9809 bytes result sent to driver
[2026-04-13T14:14:52.212+0000] {subprocess.py:106} INFO - 26/04/13 14:14:52 INFO CodecPool: Got brand-new decompressor [.zstd]
[2026-04-13T14:14:52.215+0000] {subprocess.py:106} INFO - 26/04/13 14:14:52 INFO CodecPool: Got brand-new decompressor [.zstd]
[2026-04-13T14:14:52.219+0000] {subprocess.py:106} INFO - 26/04/13 14:14:52 INFO DataWritingSparkTask: Committed partition 36 (task 85, attempt 0, stage 1.0)
[2026-04-13T14:14:52.226+0000] {subprocess.py:106} INFO - 26/04/13 14:14:52 INFO CodecPool: Got brand-new compressor [.zstd]
[2026-04-13T14:14:52.228+0000] {subprocess.py:106} INFO - 26/04/13 14:14:52 INFO Executor: Finished task 36.0 in stage 1.0 (TID 85). 9775 bytes result sent to driver
[2026-04-13T14:14:52.229+0000] {subprocess.py:106} INFO - 26/04/13 14:14:52 INFO CodecPool: Got brand-new decompressor [.zstd]
[2026-04-13T14:14:52.236+0000] {subprocess.py:106} INFO - 26/04/13 14:14:52 INFO TaskSetManager: Finished task 32.0 in stage 1.0 (TID 81) in 1390 ms on spark-master (executor driver) (35/49)
[2026-04-13T14:14:52.240+0000] {subprocess.py:106} INFO - 26/04/13 14:14:52 INFO TaskSetManager: Finished task 36.0 in stage 1.0 (TID 85) in 906 ms on spark-master (executor driver) (36/49)
[2026-04-13T14:14:52.247+0000] {subprocess.py:106} INFO - 26/04/13 14:14:52 INFO DataWritingSparkTask: Committed partition 37 (task 86, attempt 0, stage 1.0)
[2026-04-13T14:14:52.248+0000] {subprocess.py:106} INFO - 26/04/13 14:14:52 INFO Executor: Finished task 37.0 in stage 1.0 (TID 86). 9811 bytes result sent to driver
[2026-04-13T14:14:52.255+0000] {subprocess.py:106} INFO - 26/04/13 14:14:52 INFO DataWritingSparkTask: Committed partition 42 (task 91, attempt 0, stage 1.0)
[2026-04-13T14:14:52.257+0000] {subprocess.py:106} INFO - 26/04/13 14:14:52 INFO Executor: Finished task 42.0 in stage 1.0 (TID 91). 9885 bytes result sent to driver
[2026-04-13T14:14:52.259+0000] {subprocess.py:106} INFO - 26/04/13 14:14:52 INFO TaskSetManager: Finished task 37.0 in stage 1.0 (TID 86) in 875 ms on spark-master (executor driver) (37/49)
[2026-04-13T14:14:52.263+0000] {subprocess.py:106} INFO - 26/04/13 14:14:52 INFO TaskSetManager: Finished task 42.0 in stage 1.0 (TID 91) in 635 ms on spark-master (executor driver) (38/49)
[2026-04-13T14:14:52.286+0000] {subprocess.py:106} INFO - 26/04/13 14:14:52 INFO CodecPool: Got brand-new decompressor [.zstd]
[2026-04-13T14:14:52.294+0000] {subprocess.py:106} INFO - 26/04/13 14:14:52 INFO CodecPool: Got brand-new decompressor [.zstd]
[2026-04-13T14:14:52.302+0000] {subprocess.py:106} INFO - 26/04/13 14:14:52 INFO DataWritingSparkTask: Committed partition 38 (task 87, attempt 0, stage 1.0)
[2026-04-13T14:14:52.303+0000] {subprocess.py:106} INFO - 26/04/13 14:14:52 INFO Executor: Finished task 38.0 in stage 1.0 (TID 87). 9801 bytes result sent to driver
[2026-04-13T14:14:52.308+0000] {subprocess.py:106} INFO - 26/04/13 14:14:52 INFO DataWritingSparkTask: Committed partition 41 (task 90, attempt 0, stage 1.0)
[2026-04-13T14:14:52.309+0000] {subprocess.py:106} INFO - 26/04/13 14:14:52 INFO TaskSetManager: Finished task 38.0 in stage 1.0 (TID 87) in 901 ms on spark-master (executor driver) (39/49)
[2026-04-13T14:14:52.313+0000] {subprocess.py:106} INFO - 26/04/13 14:14:52 INFO Executor: Finished task 41.0 in stage 1.0 (TID 90). 9839 bytes result sent to driver
[2026-04-13T14:14:52.315+0000] {subprocess.py:106} INFO - 26/04/13 14:14:52 INFO TaskSetManager: Finished task 41.0 in stage 1.0 (TID 90) in 688 ms on spark-master (executor driver) (40/49)
[2026-04-13T14:14:52.317+0000] {subprocess.py:106} INFO - 26/04/13 14:14:52 INFO CodecPool: Got brand-new decompressor [.zstd]
[2026-04-13T14:14:52.318+0000] {subprocess.py:106} INFO - 26/04/13 14:14:52 INFO CodecPool: Got brand-new decompressor [.zstd]
[2026-04-13T14:14:52.324+0000] {subprocess.py:106} INFO - 26/04/13 14:14:52 INFO DataWritingSparkTask: Writer for partition 46 is committing.
[2026-04-13T14:14:52.329+0000] {subprocess.py:106} INFO - 26/04/13 14:14:52 INFO CodecPool: Got brand-new decompressor [.zstd]
[2026-04-13T14:14:52.330+0000] {subprocess.py:106} INFO - 26/04/13 14:14:52 INFO DataWritingSparkTask: Writer for partition 45 is committing.
[2026-04-13T14:14:52.334+0000] {subprocess.py:106} INFO - 26/04/13 14:14:52 INFO CodecPool: Got brand-new decompressor [.zstd]
[2026-04-13T14:14:52.366+0000] {subprocess.py:106} INFO - 26/04/13 14:14:52 INFO CodecPool: Got brand-new decompressor [.zstd]
[2026-04-13T14:14:52.374+0000] {subprocess.py:106} INFO - 26/04/13 14:14:52 INFO CodecPool: Got brand-new decompressor [.zstd]
[2026-04-13T14:14:52.376+0000] {subprocess.py:106} INFO - 26/04/13 14:14:52 INFO DataWritingSparkTask: Writer for partition 47 is committing.
[2026-04-13T14:14:52.381+0000] {subprocess.py:106} INFO - 26/04/13 14:14:52 INFO DataWritingSparkTask: Writer for partition 48 is committing.
[2026-04-13T14:14:52.403+0000] {subprocess.py:106} INFO - 26/04/13 14:14:52 INFO DataWritingSparkTask: Committed partition 46 (task 95, attempt 0, stage 1.0)
[2026-04-13T14:14:52.406+0000] {subprocess.py:106} INFO - 26/04/13 14:14:52 INFO Executor: Finished task 46.0 in stage 1.0 (TID 95). 9695 bytes result sent to driver
[2026-04-13T14:14:52.408+0000] {subprocess.py:106} INFO - 26/04/13 14:14:52 INFO TaskSetManager: Finished task 46.0 in stage 1.0 (TID 95) in 534 ms on spark-master (executor driver) (41/49)
[2026-04-13T14:14:52.435+0000] {subprocess.py:106} INFO - 26/04/13 14:14:52 INFO DataWritingSparkTask: Committed partition 47 (task 96, attempt 0, stage 1.0)
[2026-04-13T14:14:52.437+0000] {subprocess.py:106} INFO - 26/04/13 14:14:52 INFO Executor: Finished task 47.0 in stage 1.0 (TID 96). 9811 bytes result sent to driver
[2026-04-13T14:14:52.441+0000] {subprocess.py:106} INFO - 26/04/13 14:14:52 INFO TaskSetManager: Finished task 47.0 in stage 1.0 (TID 96) in 390 ms on spark-master (executor driver) (42/49)
[2026-04-13T14:14:52.571+0000] {subprocess.py:106} INFO - 26/04/13 14:14:52 INFO DataWritingSparkTask: Committed partition 35 (task 84, attempt 0, stage 1.0)
[2026-04-13T14:14:52.574+0000] {subprocess.py:106} INFO - 26/04/13 14:14:52 INFO Executor: Finished task 35.0 in stage 1.0 (TID 84). 9887 bytes result sent to driver
[2026-04-13T14:14:52.578+0000] {subprocess.py:106} INFO - 26/04/13 14:14:52 INFO TaskSetManager: Finished task 35.0 in stage 1.0 (TID 84) in 1284 ms on spark-master (executor driver) (43/49)
[2026-04-13T14:14:52.579+0000] {subprocess.py:106} INFO - 26/04/13 14:14:52 INFO DataWritingSparkTask: Committed partition 40 (task 89, attempt 0, stage 1.0)
[2026-04-13T14:14:52.581+0000] {subprocess.py:106} INFO - 26/04/13 14:14:52 INFO Executor: Finished task 40.0 in stage 1.0 (TID 89). 9825 bytes result sent to driver
[2026-04-13T14:14:52.584+0000] {subprocess.py:106} INFO - 26/04/13 14:14:52 INFO TaskSetManager: Finished task 40.0 in stage 1.0 (TID 89) in 1000 ms on spark-master (executor driver) (44/49)
[2026-04-13T14:14:52.608+0000] {subprocess.py:106} INFO - 26/04/13 14:14:52 INFO DataWritingSparkTask: Committed partition 34 (task 83, attempt 0, stage 1.0)
[2026-04-13T14:14:52.613+0000] {subprocess.py:106} INFO - 26/04/13 14:14:52 INFO Executor: Finished task 34.0 in stage 1.0 (TID 83). 9804 bytes result sent to driver
[2026-04-13T14:14:52.615+0000] {subprocess.py:106} INFO - 26/04/13 14:14:52 INFO DataWritingSparkTask: Committed partition 43 (task 92, attempt 0, stage 1.0)
[2026-04-13T14:14:52.617+0000] {subprocess.py:106} INFO - 26/04/13 14:14:52 INFO TaskSetManager: Finished task 34.0 in stage 1.0 (TID 83) in 1416 ms on spark-master (executor driver) (45/49)
[2026-04-13T14:14:52.619+0000] {subprocess.py:106} INFO - 26/04/13 14:14:52 INFO Executor: Finished task 43.0 in stage 1.0 (TID 92). 9852 bytes result sent to driver
[2026-04-13T14:14:52.623+0000] {subprocess.py:106} INFO - 26/04/13 14:14:52 INFO TaskSetManager: Finished task 43.0 in stage 1.0 (TID 92) in 988 ms on spark-master (executor driver) (46/49)
[2026-04-13T14:14:52.700+0000] {subprocess.py:106} INFO - 26/04/13 14:14:52 INFO DataWritingSparkTask: Committed partition 44 (task 93, attempt 0, stage 1.0)
[2026-04-13T14:14:52.704+0000] {subprocess.py:106} INFO - 26/04/13 14:14:52 INFO Executor: Finished task 44.0 in stage 1.0 (TID 93). 9808 bytes result sent to driver
[2026-04-13T14:14:52.707+0000] {subprocess.py:106} INFO - 26/04/13 14:14:52 INFO TaskSetManager: Finished task 44.0 in stage 1.0 (TID 93) in 1021 ms on spark-master (executor driver) (47/49)
[2026-04-13T14:14:52.793+0000] {subprocess.py:106} INFO - 26/04/13 14:14:52 INFO DataWritingSparkTask: Committed partition 45 (task 94, attempt 0, stage 1.0)
[2026-04-13T14:14:52.795+0000] {subprocess.py:106} INFO - 26/04/13 14:14:52 INFO Executor: Finished task 45.0 in stage 1.0 (TID 94). 9805 bytes result sent to driver
[2026-04-13T14:14:52.797+0000] {subprocess.py:106} INFO - 26/04/13 14:14:52 INFO TaskSetManager: Finished task 45.0 in stage 1.0 (TID 94) in 928 ms on spark-master (executor driver) (48/49)
[2026-04-13T14:14:52.848+0000] {subprocess.py:106} INFO - 26/04/13 14:14:52 INFO DataWritingSparkTask: Committed partition 48 (task 97, attempt 0, stage 1.0)
[2026-04-13T14:14:52.849+0000] {subprocess.py:106} INFO - 26/04/13 14:14:52 INFO Executor: Finished task 48.0 in stage 1.0 (TID 97). 9720 bytes result sent to driver
[2026-04-13T14:14:52.853+0000] {subprocess.py:106} INFO - 26/04/13 14:14:52 INFO TaskSetManager: Finished task 48.0 in stage 1.0 (TID 97) in 684 ms on spark-master (executor driver) (49/49)
[2026-04-13T14:14:52.856+0000] {subprocess.py:106} INFO - 26/04/13 14:14:52 INFO TaskSchedulerImpl: Removed TaskSet 1.0 whose tasks have all completed, from pool
[2026-04-13T14:14:52.857+0000] {subprocess.py:106} INFO - 26/04/13 14:14:52 INFO DAGScheduler: ResultStage 1 (createOrReplace at NativeMethodAccessorImpl.java:0) finished in 3557 ms
[2026-04-13T14:14:52.858+0000] {subprocess.py:106} INFO - 26/04/13 14:14:52 INFO DAGScheduler: Job 1 is finished. Cancelling potential speculative or zombie tasks for this job
[2026-04-13T14:14:52.859+0000] {subprocess.py:106} INFO - 26/04/13 14:14:52 INFO TaskSchedulerImpl: Canceling stage 1
[2026-04-13T14:14:52.861+0000] {subprocess.py:106} INFO - 26/04/13 14:14:52 INFO TaskSchedulerImpl: Killing all running tasks in stage 1: Stage finished
[2026-04-13T14:14:52.862+0000] {subprocess.py:106} INFO - 26/04/13 14:14:52 INFO DAGScheduler: Job 1 finished: createOrReplace at NativeMethodAccessorImpl.java:0, took 3586.499437 ms
[2026-04-13T14:14:52.864+0000] {subprocess.py:106} INFO - 26/04/13 14:14:52 INFO OverwriteByExpressionExec: Data source write support IcebergBatchWrite(table=air_quality_ml.air_quality_test, format=PARQUET) is committing.
[2026-04-13T14:14:52.865+0000] {subprocess.py:106} INFO - 26/04/13 14:14:52 INFO SparkWrite: Committing overwrite by filter true with 49 new data files to table air_quality_ml.air_quality_test
[2026-04-13T14:14:53.045+0000] {subprocess.py:106} INFO - 26/04/13 14:14:53 INFO SnapshotProducer: Committed snapshot 1696973180366473973 (BaseOverwriteFiles)
[2026-04-13T14:14:53.067+0000] {subprocess.py:106} INFO - 26/04/13 14:14:53 INFO LoggingMetricsReporter: Received metrics report: CommitReport{tableName=air_quality_ml.air_quality_test, snapshotId=1696973180366473973, sequenceNumber=1, operation=overwrite, commitMetrics=CommitMetricsResult{totalDuration=TimerResult{timeUnit=NANOSECONDS, totalDuration=PT0.2014711S, count=1}, attempts=CounterResult{unit=COUNT, value=1}, addedDataFiles=CounterResult{unit=COUNT, value=49}, removedDataFiles=null, totalDataFiles=CounterResult{unit=COUNT, value=49}, addedDeleteFiles=null, addedEqualityDeleteFiles=null, addedPositionalDeleteFiles=null, addedDVs=null, removedDeleteFiles=null, removedEqualityDeleteFiles=null, removedPositionalDeleteFiles=null, removedDVs=null, totalDeleteFiles=CounterResult{unit=COUNT, value=0}, addedRecords=CounterResult{unit=COUNT, value=248}, removedRecords=null, totalRecords=CounterResult{unit=COUNT, value=248}, addedFilesSizeInBytes=CounterResult{unit=BYTES, value=463286}, removedFilesSizeInBytes=null, totalFilesSizeInBytes=CounterResult{unit=BYTES, value=463286}, addedPositionalDeletes=null, removedPositionalDeletes=null, totalPositionalDeletes=CounterResult{unit=COUNT, value=0}, addedEqualityDeletes=null, removedEqualityDeletes=null, totalEqualityDeletes=CounterResult{unit=COUNT, value=0}, manifestsCreated=null, manifestsReplaced=null, manifestsKept=null, manifestEntriesProcessed=null}, metadata={engine-version=4.0.2, app-id=local-1776089662434, engine-name=spark, iceberg-version=Apache Iceberg 1.10.1 (commit ccb8bc435062171e64bc8b7e5f56e6aed9c5b934)}}
[2026-04-13T14:14:53.069+0000] {subprocess.py:106} INFO - 26/04/13 14:14:53 INFO SparkWrite: Committed in 203 ms
[2026-04-13T14:14:53.073+0000] {subprocess.py:106} INFO - 26/04/13 14:14:53 INFO OverwriteByExpressionExec: Data source write support IcebergBatchWrite(table=air_quality_ml.air_quality_test, format=PARQUET) committed.
[2026-04-13T14:14:53.393+0000] {subprocess.py:106} INFO - 26/04/13 14:14:53 INFO HiveTableOperations: Committed to table iceberg.air_quality_ml.air_quality_test with the new metadata location hdfs://23133083thuyvan-master:9000/user/hive/lakehouse/gold/ml/air_quality_test/metadata/00000-ca654924-ce58-441b-a652-fcb988e5cf6e.metadata.json
[2026-04-13T14:14:53.394+0000] {subprocess.py:106} INFO - 26/04/13 14:14:53 INFO BaseMetastoreTableOperations: Successfully committed to table iceberg.air_quality_ml.air_quality_test in 307 ms
[2026-04-13T14:14:53.920+0000] {subprocess.py:106} INFO - Traceback (most recent call last):
[2026-04-13T14:14:53.922+0000] {subprocess.py:106} INFO -   File "/home/spark/spark/spark_jobs/train_model.py", line 41, in <module>
[2026-04-13T14:14:53.930+0000] {subprocess.py:106} INFO -     pipeline_model = pipeline.fit(train)
[2026-04-13T14:14:53.931+0000] {subprocess.py:106} INFO -   File "/home/spark/spark/python/lib/pyspark.zip/pyspark/ml/base.py", line 203, in fit
[2026-04-13T14:14:53.937+0000] {subprocess.py:106} INFO -   File "/home/spark/spark/python/lib/pyspark.zip/pyspark/ml/pipeline.py", line 138, in _fit
[2026-04-13T14:14:53.938+0000] {subprocess.py:106} INFO -   File "/home/spark/spark/python/lib/pyspark.zip/pyspark/ml/base.py", line 203, in fit
[2026-04-13T14:14:53.939+0000] {subprocess.py:106} INFO -   File "/home/spark/spark/python/lib/pyspark.zip/pyspark/ml/util.py", line 164, in wrapped
[2026-04-13T14:14:53.940+0000] {subprocess.py:106} INFO -   File "/home/spark/spark/python/lib/pyspark.zip/pyspark/ml/wrapper.py", line 411, in _fit
[2026-04-13T14:14:53.942+0000] {subprocess.py:106} INFO -   File "/home/spark/spark/python/lib/pyspark.zip/pyspark/ml/wrapper.py", line 407, in _fit_java
[2026-04-13T14:14:53.943+0000] {subprocess.py:106} INFO -   File "/home/spark/spark/python/lib/py4j-0.10.9.9-src.zip/py4j/java_gateway.py", line 1362, in __call__
[2026-04-13T14:14:53.944+0000] {subprocess.py:106} INFO -   File "/home/spark/spark/python/lib/pyspark.zip/pyspark/errors/exceptions/captured.py", line 288, in deco
[2026-04-13T14:14:53.956+0000] {subprocess.py:106} INFO - pyspark.errors.exceptions.captured.IllegalArgumentException: [FIELD_NOT_FOUND] No such struct field `AQI` in `timestamp`, `location`, `latitude`, `longitude`, `country`, `condition_text`, `timezone`, `temperature_2m`, `relative_humidity_2m`, `apparent_temperature`, `precipitation`, `cloud_cover`, `wind_speed_10m`, `wind_direction_10m`, `wind_gusts_10m`, `uv_index`, `weather_code`, `european_aqi`, `us_aqi`, `us_aqi_index`, `aqi_label`, `pm10`, `pm2_5`, `carbon_monoxide`, `nitrogen_dioxide`, `sulphur_dioxide`, `ozone`, `processing_time`, `data_source`, `features`. SQLSTATE: 42704
[2026-04-13T14:14:54.597+0000] {subprocess.py:106} INFO - 26/04/13 14:14:54 INFO SparkContext: Invoking stop() from shutdown hook
[2026-04-13T14:14:54.601+0000] {subprocess.py:106} INFO - 26/04/13 14:14:54 INFO SparkContext: SparkContext is stopping with exitCode 0 from run at Executors.java:572.
[2026-04-13T14:14:54.626+0000] {subprocess.py:106} INFO - 26/04/13 14:14:54 INFO SparkUI: Stopped Spark web UI at http://spark-master:4040
[2026-04-13T14:14:54.645+0000] {subprocess.py:106} INFO - 26/04/13 14:14:54 INFO MapOutputTrackerMasterEndpoint: MapOutputTrackerMasterEndpoint stopped!
[2026-04-13T14:14:54.688+0000] {subprocess.py:106} INFO - 26/04/13 14:14:54 INFO MemoryStore: MemoryStore cleared
[2026-04-13T14:14:54.689+0000] {subprocess.py:106} INFO - 26/04/13 14:14:54 INFO BlockManager: BlockManager stopped
[2026-04-13T14:14:54.694+0000] {subprocess.py:106} INFO - 26/04/13 14:14:54 INFO BlockManagerMaster: BlockManagerMaster stopped
[2026-04-13T14:14:54.699+0000] {subprocess.py:106} INFO - 26/04/13 14:14:54 INFO OutputCommitCoordinator$OutputCommitCoordinatorEndpoint: OutputCommitCoordinator stopped!
[2026-04-13T14:14:54.785+0000] {subprocess.py:106} INFO - 26/04/13 14:14:54 INFO SparkContext: Successfully stopped SparkContext
[2026-04-13T14:14:54.786+0000] {subprocess.py:106} INFO - 26/04/13 14:14:54 INFO ShutdownHookManager: Shutdown hook called
[2026-04-13T14:14:54.787+0000] {subprocess.py:106} INFO - 26/04/13 14:14:54 INFO ShutdownHookManager: Deleting directory /tmp/artifacts-6747a0bf-f5b3-44d3-9505-36c2e4940865
[2026-04-13T14:14:54.809+0000] {subprocess.py:106} INFO - 26/04/13 14:14:54 INFO ShutdownHookManager: Deleting directory /tmp/spark-7dc681a5-4905-46f6-aee9-2a630cf49b68
[2026-04-13T14:14:54.836+0000] {subprocess.py:106} INFO - 26/04/13 14:14:54 INFO ShutdownHookManager: Deleting directory /tmp/spark-7dc681a5-4905-46f6-aee9-2a630cf49b68/pyspark-4c33ebbd-1b13-41c7-8225-bf28d6b15f2e
[2026-04-13T14:14:54.853+0000] {subprocess.py:106} INFO - 26/04/13 14:14:54 INFO ShutdownHookManager: Deleting directory /tmp/spark-7add3770-282c-4a90-8137-89c391904959
[2026-04-13T14:14:55.091+0000] {subprocess.py:110} INFO - Command exited with return code 1
[2026-04-13T14:14:55.152+0000] {taskinstance.py:3311} ERROR - Task failed with exception
Traceback (most recent call last):
  File "/home/airflow/airflow/venv/lib/python3.12/site-packages/airflow/models/taskinstance.py", line 767, in _execute_task
    result = _execute_callable(context=context, **execute_callable_kwargs)
             ^^^^^^^^^^^^^^^^^^^^^^^^^^^^^^^^^^^^^^^^^^^^^^^^^^^^^^^^^^^^^
  File "/home/airflow/airflow/venv/lib/python3.12/site-packages/airflow/models/taskinstance.py", line 733, in _execute_callable
    return ExecutionCallableRunner(
           ^^^^^^^^^^^^^^^^^^^^^^^^
  File "/home/airflow/airflow/venv/lib/python3.12/site-packages/airflow/utils/operator_helpers.py", line 252, in run
    return self.func(*args, **kwargs)
           ^^^^^^^^^^^^^^^^^^^^^^^^^^
  File "/home/airflow/airflow/venv/lib/python3.12/site-packages/airflow/models/baseoperator.py", line 422, in wrapper
    return func(self, *args, **kwargs)
           ^^^^^^^^^^^^^^^^^^^^^^^^^^^
  File "/home/airflow/airflow/venv/lib/python3.12/site-packages/airflow/operators/bash.py", line 276, in execute
    raise AirflowException(
airflow.exceptions.AirflowException: Bash command failed. The command returned a non-zero exit code 1.
[2026-04-13T14:14:55.226+0000] {taskinstance.py:1225} INFO - Marking task as UP_FOR_RETRY. dag_id=predict_aqi, task_id=train_model, run_id=manual__2026-04-13T14:13:06.049161+00:00, execution_date=20260413T141306, start_date=20260413T141411, end_date=20260413T141455
[2026-04-13T14:14:55.310+0000] {taskinstance.py:340} INFO - ::group::Post task execution logs
[2026-04-13T14:14:55.313+0000] {standard_task_runner.py:124} ERROR - Failed to execute job 165 for task train_model (Bash command failed. The command returned a non-zero exit code 1.; 76037)
Traceback (most recent call last):
  File "/home/airflow/airflow/venv/lib/python3.12/site-packages/airflow/task/task_runner/standard_task_runner.py", line 117, in _start_by_fork
    ret = args.func(args, dag=self.dag)
          ^^^^^^^^^^^^^^^^^^^^^^^^^^^^^
  File "/home/airflow/airflow/venv/lib/python3.12/site-packages/airflow/cli/cli_config.py", line 49, in command
    return func(*args, **kwargs)
           ^^^^^^^^^^^^^^^^^^^^^
  File "/home/airflow/airflow/venv/lib/python3.12/site-packages/airflow/utils/cli.py", line 116, in wrapper
    return f(*args, **kwargs)
           ^^^^^^^^^^^^^^^^^^
  File "/home/airflow/airflow/venv/lib/python3.12/site-packages/airflow/cli/commands/task_command.py", line 483, in task_run
    task_return_code = _run_task_by_selected_method(args, _dag, ti)
                       ^^^^^^^^^^^^^^^^^^^^^^^^^^^^^^^^^^^^^^^^^^^^
  File "/home/airflow/airflow/venv/lib/python3.12/site-packages/airflow/cli/commands/task_command.py", line 256, in _run_task_by_selected_method
    return _run_raw_task(args, ti)
           ^^^^^^^^^^^^^^^^^^^^^^^
  File "/home/airflow/airflow/venv/lib/python3.12/site-packages/airflow/cli/commands/task_command.py", line 341, in _run_raw_task
    return ti._run_raw_task(
           ^^^^^^^^^^^^^^^^^
  File "/home/airflow/airflow/venv/lib/python3.12/site-packages/airflow/utils/session.py", line 97, in wrapper
    return func(*args, session=session, **kwargs)
           ^^^^^^^^^^^^^^^^^^^^^^^^^^^^^^^^^^^^^^
  File "/home/airflow/airflow/venv/lib/python3.12/site-packages/airflow/models/taskinstance.py", line 3005, in _run_raw_task
    return _run_raw_task(
           ^^^^^^^^^^^^^^
  File "/home/airflow/airflow/venv/lib/python3.12/site-packages/airflow/models/taskinstance.py", line 273, in _run_raw_task
    TaskInstance._execute_task_with_callbacks(
  File "/home/airflow/airflow/venv/lib/python3.12/site-packages/airflow/models/taskinstance.py", line 3159, in _execute_task_with_callbacks
    result = self._execute_task(context, task_orig)
             ^^^^^^^^^^^^^^^^^^^^^^^^^^^^^^^^^^^^^^
  File "/home/airflow/airflow/venv/lib/python3.12/site-packages/airflow/models/taskinstance.py", line 3183, in _execute_task
    return _execute_task(self, context, task_orig)
           ^^^^^^^^^^^^^^^^^^^^^^^^^^^^^^^^^^^^^^^
  File "/home/airflow/airflow/venv/lib/python3.12/site-packages/airflow/models/taskinstance.py", line 767, in _execute_task
    result = _execute_callable(context=context, **execute_callable_kwargs)
             ^^^^^^^^^^^^^^^^^^^^^^^^^^^^^^^^^^^^^^^^^^^^^^^^^^^^^^^^^^^^^
  File "/home/airflow/airflow/venv/lib/python3.12/site-packages/airflow/models/taskinstance.py", line 733, in _execute_callable
    return ExecutionCallableRunner(
           ^^^^^^^^^^^^^^^^^^^^^^^^
  File "/home/airflow/airflow/venv/lib/python3.12/site-packages/airflow/utils/operator_helpers.py", line 252, in run
    return self.func(*args, **kwargs)
           ^^^^^^^^^^^^^^^^^^^^^^^^^^
  File "/home/airflow/airflow/venv/lib/python3.12/site-packages/airflow/models/baseoperator.py", line 422, in wrapper
    return func(self, *args, **kwargs)
           ^^^^^^^^^^^^^^^^^^^^^^^^^^^
  File "/home/airflow/airflow/venv/lib/python3.12/site-packages/airflow/operators/bash.py", line 276, in execute
    raise AirflowException(
airflow.exceptions.AirflowException: Bash command failed. The command returned a non-zero exit code 1.
[2026-04-13T14:14:55.352+0000] {local_task_job_runner.py:266} INFO - Task exited with return code 1
[2026-04-13T14:14:55.418+0000] {taskinstance.py:3895} INFO - 0 downstream tasks scheduled from follow-on schedule check
[2026-04-13T14:14:55.424+0000] {local_task_job_runner.py:245} INFO - ::endgroup::
