[2026-04-12T09:50:55.197+0000] {local_task_job_runner.py:123} INFO - ::group::Pre task execution logs
[2026-04-12T09:50:55.318+0000] {taskinstance.py:2613} INFO - Dependencies all met for dep_context=non-requeueable deps ti=<TaskInstance: weather_real_time_pipeline_v2.start_spark_streaming_job scheduled__2026-04-12T09:46:00+00:00 [queued]>
[2026-04-12T09:50:55.335+0000] {taskinstance.py:2613} INFO - Dependencies all met for dep_context=requeueable deps ti=<TaskInstance: weather_real_time_pipeline_v2.start_spark_streaming_job scheduled__2026-04-12T09:46:00+00:00 [queued]>
[2026-04-12T09:50:55.335+0000] {taskinstance.py:2866} INFO - Starting attempt 3 of 4
[2026-04-12T09:50:55.396+0000] {taskinstance.py:2889} INFO - Executing <Task(BashOperator): start_spark_streaming_job> on 2026-04-12 09:46:00+00:00
[2026-04-12T09:50:55.406+0000] {standard_task_runner.py:104} INFO - Running: ['airflow', 'tasks', 'run', 'weather_real_time_pipeline_v2', 'start_spark_streaming_job', 'scheduled__2026-04-12T09:46:00+00:00', '--job-id', '24', '--raw', '--subdir', 'DAGS_FOLDER/weather_pipeline_dag.py', '--cfg-path', '/tmp/tmp5an0bf8s']
[2026-04-12T09:50:55.409+0000] {standard_task_runner.py:105} INFO - Job 24: Subtask start_spark_streaming_job
[2026-04-12T09:50:55.410+0000] {logging_mixin.py:190} WARNING - /home/airflow/airflow/venv/lib/python3.12/site-packages/airflow/task/task_runner/standard_task_runner.py:70 DeprecationWarning: This process (pid=41500) is multi-threaded, use of fork() may lead to deadlocks in the child.
[2026-04-12T09:50:55.411+0000] {standard_task_runner.py:72} INFO - Started process 41683 to run task
[2026-04-12T09:50:55.556+0000] {task_command.py:467} INFO - Running <TaskInstance: weather_real_time_pipeline_v2.start_spark_streaming_job scheduled__2026-04-12T09:46:00+00:00 [running]> on host airflow
[2026-04-12T09:50:55.757+0000] {taskinstance.py:3132} INFO - Exporting env vars: AIRFLOW_CTX_DAG_OWNER='airflow' AIRFLOW_CTX_DAG_ID='weather_real_time_pipeline_v2' AIRFLOW_CTX_TASK_ID='start_spark_streaming_job' AIRFLOW_CTX_EXECUTION_DATE='2026-04-12T09:46:00+00:00' AIRFLOW_CTX_TRY_NUMBER='3' AIRFLOW_CTX_DAG_RUN_ID='scheduled__2026-04-12T09:46:00+00:00'
[2026-04-12T09:50:55.758+0000] {taskinstance.py:731} INFO - ::endgroup::
[2026-04-12T09:50:55.797+0000] {subprocess.py:78} INFO - Tmp dir root location: /tmp
[2026-04-12T09:50:55.822+0000] {subprocess.py:88} INFO - Running command: ['/usr/bin/bash', '-c', 'docker exec spark-master spark-submit                 --packages org.apache.spark:spark-sql-kafka-0-10_2.13:4.0.0,org.apache.iceberg:iceberg-spark-runtime-4.0_2.13:1.10.1                 /home/spark/spark/spark_jobs/weather_streaming.py']
[2026-04-12T09:50:55.842+0000] {subprocess.py:99} INFO - Output:
[2026-04-12T09:50:56.957+0000] {subprocess.py:106} INFO - WARNING: Using incubator modules: jdk.incubator.vector
[2026-04-12T09:51:00.855+0000] {subprocess.py:106} INFO - :: loading settings :: url = jar:file:/home/spark/spark/jars/ivy-2.5.3.jar!/org/apache/ivy/core/settings/ivysettings.xml
[2026-04-12T09:51:00.960+0000] {subprocess.py:106} INFO - Ivy Default Cache set to: /home/spark/.ivy2.5.2/cache
[2026-04-12T09:51:00.961+0000] {subprocess.py:106} INFO - The jars for the packages stored in: /home/spark/.ivy2.5.2/jars
[2026-04-12T09:51:00.967+0000] {subprocess.py:106} INFO - org.apache.spark#spark-sql-kafka-0-10_2.13 added as a dependency
[2026-04-12T09:51:00.975+0000] {subprocess.py:106} INFO - org.apache.iceberg#iceberg-spark-runtime-4.0_2.13 added as a dependency
[2026-04-12T09:51:00.978+0000] {subprocess.py:106} INFO - :: resolving dependencies :: org.apache.spark#spark-submit-parent-816c4463-aacb-4f96-8989-69619280fba8;1.0
[2026-04-12T09:51:00.979+0000] {subprocess.py:106} INFO - 	confs: [default]
[2026-04-12T09:51:01.230+0000] {subprocess.py:106} INFO - 	found org.apache.spark#spark-sql-kafka-0-10_2.13;4.0.0 in central
[2026-04-12T09:51:01.328+0000] {subprocess.py:106} INFO - 	found org.apache.spark#spark-token-provider-kafka-0-10_2.13;4.0.0 in central
[2026-04-12T09:51:01.379+0000] {subprocess.py:106} INFO - 	found org.apache.kafka#kafka-clients;3.9.0 in central
[2026-04-12T09:51:01.425+0000] {subprocess.py:106} INFO - 	found org.lz4#lz4-java;1.8.0 in central
[2026-04-12T09:51:01.456+0000] {subprocess.py:106} INFO - 	found org.xerial.snappy#snappy-java;1.1.10.7 in central
[2026-04-12T09:51:01.482+0000] {subprocess.py:106} INFO - 	found org.slf4j#slf4j-api;2.0.16 in central
[2026-04-12T09:51:01.522+0000] {subprocess.py:106} INFO - 	found org.apache.hadoop#hadoop-client-runtime;3.4.1 in central
[2026-04-12T09:51:01.573+0000] {subprocess.py:106} INFO - 	found org.apache.hadoop#hadoop-client-api;3.4.1 in central
[2026-04-12T09:51:01.632+0000] {subprocess.py:106} INFO - 	found com.google.code.findbugs#jsr305;3.0.0 in central
[2026-04-12T09:51:01.658+0000] {subprocess.py:106} INFO - 	found org.scala-lang.modules#scala-parallel-collections_2.13;1.2.0 in central
[2026-04-12T09:51:01.688+0000] {subprocess.py:106} INFO - 	found org.apache.commons#commons-pool2;2.12.0 in central
[2026-04-12T09:51:01.708+0000] {subprocess.py:106} INFO - 	found org.apache.iceberg#iceberg-spark-runtime-4.0_2.13;1.10.1 in central
[2026-04-12T09:51:01.759+0000] {subprocess.py:106} INFO - :: resolution report :: resolve 750ms :: artifacts dl 30ms
[2026-04-12T09:51:01.760+0000] {subprocess.py:106} INFO - 	:: modules in use:
[2026-04-12T09:51:01.761+0000] {subprocess.py:106} INFO - 	com.google.code.findbugs#jsr305;3.0.0 from central in [default]
[2026-04-12T09:51:01.762+0000] {subprocess.py:106} INFO - 	org.apache.commons#commons-pool2;2.12.0 from central in [default]
[2026-04-12T09:51:01.763+0000] {subprocess.py:106} INFO - 	org.apache.hadoop#hadoop-client-api;3.4.1 from central in [default]
[2026-04-12T09:51:01.764+0000] {subprocess.py:106} INFO - 	org.apache.hadoop#hadoop-client-runtime;3.4.1 from central in [default]
[2026-04-12T09:51:01.765+0000] {subprocess.py:106} INFO - 	org.apache.iceberg#iceberg-spark-runtime-4.0_2.13;1.10.1 from central in [default]
[2026-04-12T09:51:01.766+0000] {subprocess.py:106} INFO - 	org.apache.kafka#kafka-clients;3.9.0 from central in [default]
[2026-04-12T09:51:01.767+0000] {subprocess.py:106} INFO - 	org.apache.spark#spark-sql-kafka-0-10_2.13;4.0.0 from central in [default]
[2026-04-12T09:51:01.770+0000] {subprocess.py:106} INFO - 	org.apache.spark#spark-token-provider-kafka-0-10_2.13;4.0.0 from central in [default]
[2026-04-12T09:51:01.771+0000] {subprocess.py:106} INFO - 	org.lz4#lz4-java;1.8.0 from central in [default]
[2026-04-12T09:51:01.772+0000] {subprocess.py:106} INFO - 	org.scala-lang.modules#scala-parallel-collections_2.13;1.2.0 from central in [default]
[2026-04-12T09:51:01.774+0000] {subprocess.py:106} INFO - 	org.slf4j#slf4j-api;2.0.16 from central in [default]
[2026-04-12T09:51:01.777+0000] {subprocess.py:106} INFO - 	org.xerial.snappy#snappy-java;1.1.10.7 from central in [default]
[2026-04-12T09:51:01.781+0000] {subprocess.py:106} INFO - 	---------------------------------------------------------------------
[2026-04-12T09:51:01.783+0000] {subprocess.py:106} INFO - 	|                  |            modules            ||   artifacts   |
[2026-04-12T09:51:01.784+0000] {subprocess.py:106} INFO - 	|       conf       | number| search|dwnlded|evicted|| number|dwnlded|
[2026-04-12T09:51:01.785+0000] {subprocess.py:106} INFO - 	---------------------------------------------------------------------
[2026-04-12T09:51:01.786+0000] {subprocess.py:106} INFO - 	|      default     |   12  |   0   |   0   |   0   ||   12  |   0   |
[2026-04-12T09:51:01.788+0000] {subprocess.py:106} INFO - 	---------------------------------------------------------------------
[2026-04-12T09:51:01.789+0000] {subprocess.py:106} INFO - :: retrieving :: org.apache.spark#spark-submit-parent-816c4463-aacb-4f96-8989-69619280fba8
[2026-04-12T09:51:01.789+0000] {subprocess.py:106} INFO - 	confs: [default]
[2026-04-12T09:51:01.794+0000] {subprocess.py:106} INFO - 	0 artifacts copied, 12 already retrieved (0kB/18ms)
[2026-04-12T09:51:02.253+0000] {subprocess.py:106} INFO - 26/04/12 09:51:02 WARN NativeCodeLoader: Unable to load native-hadoop library for your platform... using builtin-java classes where applicable
[2026-04-12T09:51:04.471+0000] {subprocess.py:106} INFO - Using Spark's default log4j profile: org/apache/spark/log4j2-defaults.properties
[2026-04-12T09:51:04.485+0000] {subprocess.py:106} INFO - 26/04/12 09:51:04 INFO SparkContext: Running Spark version 4.0.2
[2026-04-12T09:51:04.489+0000] {subprocess.py:106} INFO - 26/04/12 09:51:04 INFO SparkContext: OS info Linux, 6.6.87.2-microsoft-standard-WSL2, amd64
[2026-04-12T09:51:04.491+0000] {subprocess.py:106} INFO - 26/04/12 09:51:04 INFO SparkContext: Java version 21.0.10
[2026-04-12T09:51:04.538+0000] {subprocess.py:106} INFO - 26/04/12 09:51:04 INFO ResourceUtils: ==============================================================
[2026-04-12T09:51:04.538+0000] {subprocess.py:106} INFO - 26/04/12 09:51:04 INFO ResourceUtils: No custom resources configured for spark.driver.
[2026-04-12T09:51:04.539+0000] {subprocess.py:106} INFO - 26/04/12 09:51:04 INFO ResourceUtils: ==============================================================
[2026-04-12T09:51:04.542+0000] {subprocess.py:106} INFO - 26/04/12 09:51:04 INFO SparkContext: Submitted application: Weather_Kafka_to_Iceberg
[2026-04-12T09:51:04.589+0000] {subprocess.py:106} INFO - 26/04/12 09:51:04 INFO ResourceProfile: Default ResourceProfile created, executor resources: Map(cores -> name: cores, amount: 2, script: , vendor: , memory -> name: memory, amount: 2048, script: , vendor: , offHeap -> name: offHeap, amount: 0, script: , vendor: ), task resources: Map(cpus -> name: cpus, amount: 1.0)
[2026-04-12T09:51:04.599+0000] {subprocess.py:106} INFO - 26/04/12 09:51:04 INFO ResourceProfile: Limiting resource is cpus at 2 tasks per executor
[2026-04-12T09:51:04.603+0000] {subprocess.py:106} INFO - 26/04/12 09:51:04 INFO ResourceProfileManager: Added ResourceProfile id: 0
[2026-04-12T09:51:04.680+0000] {subprocess.py:106} INFO - 26/04/12 09:51:04 INFO SecurityManager: Changing view acls to: spark
[2026-04-12T09:51:04.683+0000] {subprocess.py:106} INFO - 26/04/12 09:51:04 INFO SecurityManager: Changing modify acls to: spark
[2026-04-12T09:51:04.684+0000] {subprocess.py:106} INFO - 26/04/12 09:51:04 INFO SecurityManager: Changing view acls groups to: spark
[2026-04-12T09:51:04.686+0000] {subprocess.py:106} INFO - 26/04/12 09:51:04 INFO SecurityManager: Changing modify acls groups to: spark
[2026-04-12T09:51:04.691+0000] {subprocess.py:106} INFO - 26/04/12 09:51:04 INFO SecurityManager: SecurityManager: authentication disabled; ui acls disabled; users with view permissions: spark groups with view permissions: EMPTY; users with modify permissions: spark; groups with modify permissions: EMPTY; RPC SSL disabled
[2026-04-12T09:51:05.128+0000] {subprocess.py:106} INFO - 26/04/12 09:51:05 INFO Utils: Successfully started service 'sparkDriver' on port 35359.
[2026-04-12T09:51:05.164+0000] {subprocess.py:106} INFO - 26/04/12 09:51:05 INFO SparkEnv: Registering MapOutputTracker
[2026-04-12T09:51:05.179+0000] {subprocess.py:106} INFO - 26/04/12 09:51:05 INFO SparkEnv: Registering BlockManagerMaster
[2026-04-12T09:51:05.202+0000] {subprocess.py:106} INFO - 26/04/12 09:51:05 INFO BlockManagerMasterEndpoint: Using org.apache.spark.storage.DefaultTopologyMapper for getting topology information
[2026-04-12T09:51:05.203+0000] {subprocess.py:106} INFO - 26/04/12 09:51:05 INFO BlockManagerMasterEndpoint: BlockManagerMasterEndpoint up
[2026-04-12T09:51:05.207+0000] {subprocess.py:106} INFO - 26/04/12 09:51:05 INFO SparkEnv: Registering BlockManagerMasterHeartbeat
[2026-04-12T09:51:05.238+0000] {subprocess.py:106} INFO - 26/04/12 09:51:05 INFO DiskBlockManager: Created local directory at /tmp/blockmgr-3d98dda8-0a0e-4f07-b44e-58d6660b593d
[2026-04-12T09:51:05.270+0000] {subprocess.py:106} INFO - 26/04/12 09:51:05 INFO SparkEnv: Registering OutputCommitCoordinator
[2026-04-12T09:51:05.451+0000] {subprocess.py:106} INFO - 26/04/12 09:51:05 INFO JettyUtils: Start Jetty 0.0.0.0:4040 for SparkUI
[2026-04-12T09:51:05.558+0000] {subprocess.py:106} INFO - 26/04/12 09:51:05 WARN Utils: Service 'SparkUI' could not bind on port 4040. Attempting port 4041.
[2026-04-12T09:51:05.573+0000] {subprocess.py:106} INFO - 26/04/12 09:51:05 INFO Utils: Successfully started service 'SparkUI' on port 4041.
[2026-04-12T09:51:05.633+0000] {subprocess.py:106} INFO - 26/04/12 09:51:05 INFO SparkContext: Added JAR file:///home/spark/.ivy2.5.2/jars/org.apache.spark_spark-sql-kafka-0-10_2.13-4.0.0.jar at spark://spark-master:35359/jars/org.apache.spark_spark-sql-kafka-0-10_2.13-4.0.0.jar with timestamp 1775987464452
[2026-04-12T09:51:05.635+0000] {subprocess.py:106} INFO - 26/04/12 09:51:05 INFO SparkContext: Added JAR file:///home/spark/.ivy2.5.2/jars/org.apache.iceberg_iceberg-spark-runtime-4.0_2.13-1.10.1.jar at spark://spark-master:35359/jars/org.apache.iceberg_iceberg-spark-runtime-4.0_2.13-1.10.1.jar with timestamp 1775987464452
[2026-04-12T09:51:05.636+0000] {subprocess.py:106} INFO - 26/04/12 09:51:05 INFO SparkContext: Added JAR file:///home/spark/.ivy2.5.2/jars/org.apache.spark_spark-token-provider-kafka-0-10_2.13-4.0.0.jar at spark://spark-master:35359/jars/org.apache.spark_spark-token-provider-kafka-0-10_2.13-4.0.0.jar with timestamp 1775987464452
[2026-04-12T09:51:05.636+0000] {subprocess.py:106} INFO - 26/04/12 09:51:05 INFO SparkContext: Added JAR file:///home/spark/.ivy2.5.2/jars/org.scala-lang.modules_scala-parallel-collections_2.13-1.2.0.jar at spark://spark-master:35359/jars/org.scala-lang.modules_scala-parallel-collections_2.13-1.2.0.jar with timestamp 1775987464452
[2026-04-12T09:51:05.637+0000] {subprocess.py:106} INFO - 26/04/12 09:51:05 INFO SparkContext: Added JAR file:///home/spark/.ivy2.5.2/jars/org.apache.kafka_kafka-clients-3.9.0.jar at spark://spark-master:35359/jars/org.apache.kafka_kafka-clients-3.9.0.jar with timestamp 1775987464452
[2026-04-12T09:51:05.637+0000] {subprocess.py:106} INFO - 26/04/12 09:51:05 INFO SparkContext: Added JAR file:///home/spark/.ivy2.5.2/jars/com.google.code.findbugs_jsr305-3.0.0.jar at spark://spark-master:35359/jars/com.google.code.findbugs_jsr305-3.0.0.jar with timestamp 1775987464452
[2026-04-12T09:51:05.638+0000] {subprocess.py:106} INFO - 26/04/12 09:51:05 INFO SparkContext: Added JAR file:///home/spark/.ivy2.5.2/jars/org.apache.commons_commons-pool2-2.12.0.jar at spark://spark-master:35359/jars/org.apache.commons_commons-pool2-2.12.0.jar with timestamp 1775987464452
[2026-04-12T09:51:05.639+0000] {subprocess.py:106} INFO - 26/04/12 09:51:05 INFO SparkContext: Added JAR file:///home/spark/.ivy2.5.2/jars/org.apache.hadoop_hadoop-client-runtime-3.4.1.jar at spark://spark-master:35359/jars/org.apache.hadoop_hadoop-client-runtime-3.4.1.jar with timestamp 1775987464452
[2026-04-12T09:51:05.640+0000] {subprocess.py:106} INFO - 26/04/12 09:51:05 INFO SparkContext: Added JAR file:///home/spark/.ivy2.5.2/jars/org.lz4_lz4-java-1.8.0.jar at spark://spark-master:35359/jars/org.lz4_lz4-java-1.8.0.jar with timestamp 1775987464452
[2026-04-12T09:51:05.640+0000] {subprocess.py:106} INFO - 26/04/12 09:51:05 INFO SparkContext: Added JAR file:///home/spark/.ivy2.5.2/jars/org.xerial.snappy_snappy-java-1.1.10.7.jar at spark://spark-master:35359/jars/org.xerial.snappy_snappy-java-1.1.10.7.jar with timestamp 1775987464452
[2026-04-12T09:51:05.641+0000] {subprocess.py:106} INFO - 26/04/12 09:51:05 INFO SparkContext: Added JAR file:///home/spark/.ivy2.5.2/jars/org.slf4j_slf4j-api-2.0.16.jar at spark://spark-master:35359/jars/org.slf4j_slf4j-api-2.0.16.jar with timestamp 1775987464452
[2026-04-12T09:51:05.642+0000] {subprocess.py:106} INFO - 26/04/12 09:51:05 INFO SparkContext: Added JAR file:///home/spark/.ivy2.5.2/jars/org.apache.hadoop_hadoop-client-api-3.4.1.jar at spark://spark-master:35359/jars/org.apache.hadoop_hadoop-client-api-3.4.1.jar with timestamp 1775987464452
[2026-04-12T09:51:05.648+0000] {subprocess.py:106} INFO - 26/04/12 09:51:05 INFO SparkContext: Added file file:///home/spark/.ivy2.5.2/jars/org.apache.spark_spark-sql-kafka-0-10_2.13-4.0.0.jar at file:///home/spark/.ivy2.5.2/jars/org.apache.spark_spark-sql-kafka-0-10_2.13-4.0.0.jar with timestamp 1775987464452
[2026-04-12T09:51:05.652+0000] {subprocess.py:106} INFO - 26/04/12 09:51:05 INFO Utils: Copying /home/spark/.ivy2.5.2/jars/org.apache.spark_spark-sql-kafka-0-10_2.13-4.0.0.jar to /tmp/spark-965b97cb-dbc6-41ef-82ca-9bd42cbd4aef/userFiles-d7b676b6-5bba-4c27-9776-8b293ff5a139/org.apache.spark_spark-sql-kafka-0-10_2.13-4.0.0.jar
[2026-04-12T09:51:05.668+0000] {subprocess.py:106} INFO - 26/04/12 09:51:05 INFO SparkContext: Added file file:///home/spark/.ivy2.5.2/jars/org.apache.iceberg_iceberg-spark-runtime-4.0_2.13-1.10.1.jar at file:///home/spark/.ivy2.5.2/jars/org.apache.iceberg_iceberg-spark-runtime-4.0_2.13-1.10.1.jar with timestamp 1775987464452
[2026-04-12T09:51:05.669+0000] {subprocess.py:106} INFO - 26/04/12 09:51:05 INFO Utils: Copying /home/spark/.ivy2.5.2/jars/org.apache.iceberg_iceberg-spark-runtime-4.0_2.13-1.10.1.jar to /tmp/spark-965b97cb-dbc6-41ef-82ca-9bd42cbd4aef/userFiles-d7b676b6-5bba-4c27-9776-8b293ff5a139/org.apache.iceberg_iceberg-spark-runtime-4.0_2.13-1.10.1.jar
[2026-04-12T09:51:05.714+0000] {subprocess.py:106} INFO - 26/04/12 09:51:05 INFO SparkContext: Added file file:///home/spark/.ivy2.5.2/jars/org.apache.spark_spark-token-provider-kafka-0-10_2.13-4.0.0.jar at file:///home/spark/.ivy2.5.2/jars/org.apache.spark_spark-token-provider-kafka-0-10_2.13-4.0.0.jar with timestamp 1775987464452
[2026-04-12T09:51:05.715+0000] {subprocess.py:106} INFO - 26/04/12 09:51:05 INFO Utils: Copying /home/spark/.ivy2.5.2/jars/org.apache.spark_spark-token-provider-kafka-0-10_2.13-4.0.0.jar to /tmp/spark-965b97cb-dbc6-41ef-82ca-9bd42cbd4aef/userFiles-d7b676b6-5bba-4c27-9776-8b293ff5a139/org.apache.spark_spark-token-provider-kafka-0-10_2.13-4.0.0.jar
[2026-04-12T09:51:05.720+0000] {subprocess.py:106} INFO - 26/04/12 09:51:05 INFO SparkContext: Added file file:///home/spark/.ivy2.5.2/jars/org.scala-lang.modules_scala-parallel-collections_2.13-1.2.0.jar at file:///home/spark/.ivy2.5.2/jars/org.scala-lang.modules_scala-parallel-collections_2.13-1.2.0.jar with timestamp 1775987464452
[2026-04-12T09:51:05.721+0000] {subprocess.py:106} INFO - 26/04/12 09:51:05 INFO Utils: Copying /home/spark/.ivy2.5.2/jars/org.scala-lang.modules_scala-parallel-collections_2.13-1.2.0.jar to /tmp/spark-965b97cb-dbc6-41ef-82ca-9bd42cbd4aef/userFiles-d7b676b6-5bba-4c27-9776-8b293ff5a139/org.scala-lang.modules_scala-parallel-collections_2.13-1.2.0.jar
[2026-04-12T09:51:05.727+0000] {subprocess.py:106} INFO - 26/04/12 09:51:05 INFO SparkContext: Added file file:///home/spark/.ivy2.5.2/jars/org.apache.kafka_kafka-clients-3.9.0.jar at file:///home/spark/.ivy2.5.2/jars/org.apache.kafka_kafka-clients-3.9.0.jar with timestamp 1775987464452
[2026-04-12T09:51:05.730+0000] {subprocess.py:106} INFO - 26/04/12 09:51:05 INFO Utils: Copying /home/spark/.ivy2.5.2/jars/org.apache.kafka_kafka-clients-3.9.0.jar to /tmp/spark-965b97cb-dbc6-41ef-82ca-9bd42cbd4aef/userFiles-d7b676b6-5bba-4c27-9776-8b293ff5a139/org.apache.kafka_kafka-clients-3.9.0.jar
[2026-04-12T09:51:05.742+0000] {subprocess.py:106} INFO - 26/04/12 09:51:05 INFO SparkContext: Added file file:///home/spark/.ivy2.5.2/jars/com.google.code.findbugs_jsr305-3.0.0.jar at file:///home/spark/.ivy2.5.2/jars/com.google.code.findbugs_jsr305-3.0.0.jar with timestamp 1775987464452
[2026-04-12T09:51:05.742+0000] {subprocess.py:106} INFO - 26/04/12 09:51:05 INFO Utils: Copying /home/spark/.ivy2.5.2/jars/com.google.code.findbugs_jsr305-3.0.0.jar to /tmp/spark-965b97cb-dbc6-41ef-82ca-9bd42cbd4aef/userFiles-d7b676b6-5bba-4c27-9776-8b293ff5a139/com.google.code.findbugs_jsr305-3.0.0.jar
[2026-04-12T09:51:05.747+0000] {subprocess.py:106} INFO - 26/04/12 09:51:05 INFO SparkContext: Added file file:///home/spark/.ivy2.5.2/jars/org.apache.commons_commons-pool2-2.12.0.jar at file:///home/spark/.ivy2.5.2/jars/org.apache.commons_commons-pool2-2.12.0.jar with timestamp 1775987464452
[2026-04-12T09:51:05.748+0000] {subprocess.py:106} INFO - 26/04/12 09:51:05 INFO Utils: Copying /home/spark/.ivy2.5.2/jars/org.apache.commons_commons-pool2-2.12.0.jar to /tmp/spark-965b97cb-dbc6-41ef-82ca-9bd42cbd4aef/userFiles-d7b676b6-5bba-4c27-9776-8b293ff5a139/org.apache.commons_commons-pool2-2.12.0.jar
[2026-04-12T09:51:05.753+0000] {subprocess.py:106} INFO - 26/04/12 09:51:05 INFO SparkContext: Added file file:///home/spark/.ivy2.5.2/jars/org.apache.hadoop_hadoop-client-runtime-3.4.1.jar at file:///home/spark/.ivy2.5.2/jars/org.apache.hadoop_hadoop-client-runtime-3.4.1.jar with timestamp 1775987464452
[2026-04-12T09:51:05.755+0000] {subprocess.py:106} INFO - 26/04/12 09:51:05 INFO Utils: Copying /home/spark/.ivy2.5.2/jars/org.apache.hadoop_hadoop-client-runtime-3.4.1.jar to /tmp/spark-965b97cb-dbc6-41ef-82ca-9bd42cbd4aef/userFiles-d7b676b6-5bba-4c27-9776-8b293ff5a139/org.apache.hadoop_hadoop-client-runtime-3.4.1.jar
[2026-04-12T09:51:05.786+0000] {subprocess.py:106} INFO - 26/04/12 09:51:05 INFO SparkContext: Added file file:///home/spark/.ivy2.5.2/jars/org.lz4_lz4-java-1.8.0.jar at file:///home/spark/.ivy2.5.2/jars/org.lz4_lz4-java-1.8.0.jar with timestamp 1775987464452
[2026-04-12T09:51:05.786+0000] {subprocess.py:106} INFO - 26/04/12 09:51:05 INFO Utils: Copying /home/spark/.ivy2.5.2/jars/org.lz4_lz4-java-1.8.0.jar to /tmp/spark-965b97cb-dbc6-41ef-82ca-9bd42cbd4aef/userFiles-d7b676b6-5bba-4c27-9776-8b293ff5a139/org.lz4_lz4-java-1.8.0.jar
[2026-04-12T09:51:05.793+0000] {subprocess.py:106} INFO - 26/04/12 09:51:05 INFO SparkContext: Added file file:///home/spark/.ivy2.5.2/jars/org.xerial.snappy_snappy-java-1.1.10.7.jar at file:///home/spark/.ivy2.5.2/jars/org.xerial.snappy_snappy-java-1.1.10.7.jar with timestamp 1775987464452
[2026-04-12T09:51:05.794+0000] {subprocess.py:106} INFO - 26/04/12 09:51:05 INFO Utils: Copying /home/spark/.ivy2.5.2/jars/org.xerial.snappy_snappy-java-1.1.10.7.jar to /tmp/spark-965b97cb-dbc6-41ef-82ca-9bd42cbd4aef/userFiles-d7b676b6-5bba-4c27-9776-8b293ff5a139/org.xerial.snappy_snappy-java-1.1.10.7.jar
[2026-04-12T09:51:05.801+0000] {subprocess.py:106} INFO - 26/04/12 09:51:05 INFO SparkContext: Added file file:///home/spark/.ivy2.5.2/jars/org.slf4j_slf4j-api-2.0.16.jar at file:///home/spark/.ivy2.5.2/jars/org.slf4j_slf4j-api-2.0.16.jar with timestamp 1775987464452
[2026-04-12T09:51:05.802+0000] {subprocess.py:106} INFO - 26/04/12 09:51:05 INFO Utils: Copying /home/spark/.ivy2.5.2/jars/org.slf4j_slf4j-api-2.0.16.jar to /tmp/spark-965b97cb-dbc6-41ef-82ca-9bd42cbd4aef/userFiles-d7b676b6-5bba-4c27-9776-8b293ff5a139/org.slf4j_slf4j-api-2.0.16.jar
[2026-04-12T09:51:05.806+0000] {subprocess.py:106} INFO - 26/04/12 09:51:05 INFO SparkContext: Added file file:///home/spark/.ivy2.5.2/jars/org.apache.hadoop_hadoop-client-api-3.4.1.jar at file:///home/spark/.ivy2.5.2/jars/org.apache.hadoop_hadoop-client-api-3.4.1.jar with timestamp 1775987464452
[2026-04-12T09:51:05.807+0000] {subprocess.py:106} INFO - 26/04/12 09:51:05 INFO Utils: Copying /home/spark/.ivy2.5.2/jars/org.apache.hadoop_hadoop-client-api-3.4.1.jar to /tmp/spark-965b97cb-dbc6-41ef-82ca-9bd42cbd4aef/userFiles-d7b676b6-5bba-4c27-9776-8b293ff5a139/org.apache.hadoop_hadoop-client-api-3.4.1.jar
[2026-04-12T09:51:05.860+0000] {subprocess.py:106} INFO - 26/04/12 09:51:05 INFO SecurityManager: Changing view acls to: spark
[2026-04-12T09:51:05.861+0000] {subprocess.py:106} INFO - 26/04/12 09:51:05 INFO SecurityManager: Changing modify acls to: spark
[2026-04-12T09:51:05.862+0000] {subprocess.py:106} INFO - 26/04/12 09:51:05 INFO SecurityManager: Changing view acls groups to: spark
[2026-04-12T09:51:05.862+0000] {subprocess.py:106} INFO - 26/04/12 09:51:05 INFO SecurityManager: Changing modify acls groups to: spark
[2026-04-12T09:51:05.862+0000] {subprocess.py:106} INFO - 26/04/12 09:51:05 INFO SecurityManager: SecurityManager: authentication disabled; ui acls disabled; users with view permissions: spark groups with view permissions: EMPTY; users with modify permissions: spark; groups with modify permissions: EMPTY; RPC SSL disabled
[2026-04-12T09:51:06.126+0000] {subprocess.py:106} INFO - 26/04/12 09:51:06 INFO Executor: Starting executor ID driver on host spark-master
[2026-04-12T09:51:06.127+0000] {subprocess.py:106} INFO - 26/04/12 09:51:06 INFO Executor: OS info Linux, 6.6.87.2-microsoft-standard-WSL2, amd64
[2026-04-12T09:51:06.127+0000] {subprocess.py:106} INFO - 26/04/12 09:51:06 INFO Executor: Java version 21.0.10
[2026-04-12T09:51:06.148+0000] {subprocess.py:106} INFO - 26/04/12 09:51:06 INFO Executor: Starting executor with user classpath (userClassPathFirst = false): ''
[2026-04-12T09:51:06.150+0000] {subprocess.py:106} INFO - 26/04/12 09:51:06 INFO Executor: Created or updated repl class loader org.apache.spark.util.MutableURLClassLoader@fbe4d76 for default.
[2026-04-12T09:51:06.172+0000] {subprocess.py:106} INFO - 26/04/12 09:51:06 INFO Executor: Fetching file:///home/spark/.ivy2.5.2/jars/org.lz4_lz4-java-1.8.0.jar with timestamp 1775987464452
[2026-04-12T09:51:06.201+0000] {subprocess.py:106} INFO - 26/04/12 09:51:06 INFO Utils: /home/spark/.ivy2.5.2/jars/org.lz4_lz4-java-1.8.0.jar has been previously copied to /tmp/spark-965b97cb-dbc6-41ef-82ca-9bd42cbd4aef/userFiles-d7b676b6-5bba-4c27-9776-8b293ff5a139/org.lz4_lz4-java-1.8.0.jar
[2026-04-12T09:51:06.206+0000] {subprocess.py:106} INFO - 26/04/12 09:51:06 INFO Executor: Fetching file:///home/spark/.ivy2.5.2/jars/org.scala-lang.modules_scala-parallel-collections_2.13-1.2.0.jar with timestamp 1775987464452
[2026-04-12T09:51:06.210+0000] {subprocess.py:106} INFO - 26/04/12 09:51:06 INFO Utils: /home/spark/.ivy2.5.2/jars/org.scala-lang.modules_scala-parallel-collections_2.13-1.2.0.jar has been previously copied to /tmp/spark-965b97cb-dbc6-41ef-82ca-9bd42cbd4aef/userFiles-d7b676b6-5bba-4c27-9776-8b293ff5a139/org.scala-lang.modules_scala-parallel-collections_2.13-1.2.0.jar
[2026-04-12T09:51:06.216+0000] {subprocess.py:106} INFO - 26/04/12 09:51:06 INFO Executor: Fetching file:///home/spark/.ivy2.5.2/jars/org.apache.kafka_kafka-clients-3.9.0.jar with timestamp 1775987464452
[2026-04-12T09:51:06.224+0000] {subprocess.py:106} INFO - 26/04/12 09:51:06 INFO Utils: /home/spark/.ivy2.5.2/jars/org.apache.kafka_kafka-clients-3.9.0.jar has been previously copied to /tmp/spark-965b97cb-dbc6-41ef-82ca-9bd42cbd4aef/userFiles-d7b676b6-5bba-4c27-9776-8b293ff5a139/org.apache.kafka_kafka-clients-3.9.0.jar
[2026-04-12T09:51:06.230+0000] {subprocess.py:106} INFO - 26/04/12 09:51:06 INFO Executor: Fetching file:///home/spark/.ivy2.5.2/jars/org.apache.spark_spark-sql-kafka-0-10_2.13-4.0.0.jar with timestamp 1775987464452
[2026-04-12T09:51:06.231+0000] {subprocess.py:106} INFO - 26/04/12 09:51:06 INFO Utils: /home/spark/.ivy2.5.2/jars/org.apache.spark_spark-sql-kafka-0-10_2.13-4.0.0.jar has been previously copied to /tmp/spark-965b97cb-dbc6-41ef-82ca-9bd42cbd4aef/userFiles-d7b676b6-5bba-4c27-9776-8b293ff5a139/org.apache.spark_spark-sql-kafka-0-10_2.13-4.0.0.jar
[2026-04-12T09:51:06.237+0000] {subprocess.py:106} INFO - 26/04/12 09:51:06 INFO Executor: Fetching file:///home/spark/.ivy2.5.2/jars/org.apache.hadoop_hadoop-client-api-3.4.1.jar with timestamp 1775987464452
[2026-04-12T09:51:06.255+0000] {subprocess.py:106} INFO - 26/04/12 09:51:06 INFO Utils: /home/spark/.ivy2.5.2/jars/org.apache.hadoop_hadoop-client-api-3.4.1.jar has been previously copied to /tmp/spark-965b97cb-dbc6-41ef-82ca-9bd42cbd4aef/userFiles-d7b676b6-5bba-4c27-9776-8b293ff5a139/org.apache.hadoop_hadoop-client-api-3.4.1.jar
[2026-04-12T09:51:06.261+0000] {subprocess.py:106} INFO - 26/04/12 09:51:06 INFO Executor: Fetching file:///home/spark/.ivy2.5.2/jars/org.apache.commons_commons-pool2-2.12.0.jar with timestamp 1775987464452
[2026-04-12T09:51:06.264+0000] {subprocess.py:106} INFO - 26/04/12 09:51:06 INFO Utils: /home/spark/.ivy2.5.2/jars/org.apache.commons_commons-pool2-2.12.0.jar has been previously copied to /tmp/spark-965b97cb-dbc6-41ef-82ca-9bd42cbd4aef/userFiles-d7b676b6-5bba-4c27-9776-8b293ff5a139/org.apache.commons_commons-pool2-2.12.0.jar
[2026-04-12T09:51:06.267+0000] {subprocess.py:106} INFO - 26/04/12 09:51:06 INFO Executor: Fetching file:///home/spark/.ivy2.5.2/jars/org.slf4j_slf4j-api-2.0.16.jar with timestamp 1775987464452
[2026-04-12T09:51:06.268+0000] {subprocess.py:106} INFO - 26/04/12 09:51:06 INFO Utils: /home/spark/.ivy2.5.2/jars/org.slf4j_slf4j-api-2.0.16.jar has been previously copied to /tmp/spark-965b97cb-dbc6-41ef-82ca-9bd42cbd4aef/userFiles-d7b676b6-5bba-4c27-9776-8b293ff5a139/org.slf4j_slf4j-api-2.0.16.jar
[2026-04-12T09:51:06.274+0000] {subprocess.py:106} INFO - 26/04/12 09:51:06 INFO Executor: Fetching file:///home/spark/.ivy2.5.2/jars/org.apache.iceberg_iceberg-spark-runtime-4.0_2.13-1.10.1.jar with timestamp 1775987464452
[2026-04-12T09:51:06.311+0000] {subprocess.py:106} INFO - 26/04/12 09:51:06 INFO Utils: /home/spark/.ivy2.5.2/jars/org.apache.iceberg_iceberg-spark-runtime-4.0_2.13-1.10.1.jar has been previously copied to /tmp/spark-965b97cb-dbc6-41ef-82ca-9bd42cbd4aef/userFiles-d7b676b6-5bba-4c27-9776-8b293ff5a139/org.apache.iceberg_iceberg-spark-runtime-4.0_2.13-1.10.1.jar
[2026-04-12T09:51:06.316+0000] {subprocess.py:106} INFO - 26/04/12 09:51:06 INFO Executor: Fetching file:///home/spark/.ivy2.5.2/jars/org.apache.hadoop_hadoop-client-runtime-3.4.1.jar with timestamp 1775987464452
[2026-04-12T09:51:06.337+0000] {subprocess.py:106} INFO - 26/04/12 09:51:06 INFO Utils: /home/spark/.ivy2.5.2/jars/org.apache.hadoop_hadoop-client-runtime-3.4.1.jar has been previously copied to /tmp/spark-965b97cb-dbc6-41ef-82ca-9bd42cbd4aef/userFiles-d7b676b6-5bba-4c27-9776-8b293ff5a139/org.apache.hadoop_hadoop-client-runtime-3.4.1.jar
[2026-04-12T09:51:06.342+0000] {subprocess.py:106} INFO - 26/04/12 09:51:06 INFO Executor: Fetching file:///home/spark/.ivy2.5.2/jars/org.apache.spark_spark-token-provider-kafka-0-10_2.13-4.0.0.jar with timestamp 1775987464452
[2026-04-12T09:51:06.342+0000] {subprocess.py:106} INFO - 26/04/12 09:51:06 INFO Utils: /home/spark/.ivy2.5.2/jars/org.apache.spark_spark-token-provider-kafka-0-10_2.13-4.0.0.jar has been previously copied to /tmp/spark-965b97cb-dbc6-41ef-82ca-9bd42cbd4aef/userFiles-d7b676b6-5bba-4c27-9776-8b293ff5a139/org.apache.spark_spark-token-provider-kafka-0-10_2.13-4.0.0.jar
[2026-04-12T09:51:06.349+0000] {subprocess.py:106} INFO - 26/04/12 09:51:06 INFO Executor: Fetching file:///home/spark/.ivy2.5.2/jars/com.google.code.findbugs_jsr305-3.0.0.jar with timestamp 1775987464452
[2026-04-12T09:51:06.350+0000] {subprocess.py:106} INFO - 26/04/12 09:51:06 INFO Utils: /home/spark/.ivy2.5.2/jars/com.google.code.findbugs_jsr305-3.0.0.jar has been previously copied to /tmp/spark-965b97cb-dbc6-41ef-82ca-9bd42cbd4aef/userFiles-d7b676b6-5bba-4c27-9776-8b293ff5a139/com.google.code.findbugs_jsr305-3.0.0.jar
[2026-04-12T09:51:06.355+0000] {subprocess.py:106} INFO - 26/04/12 09:51:06 INFO Executor: Fetching file:///home/spark/.ivy2.5.2/jars/org.xerial.snappy_snappy-java-1.1.10.7.jar with timestamp 1775987464452
[2026-04-12T09:51:06.358+0000] {subprocess.py:106} INFO - 26/04/12 09:51:06 INFO Utils: /home/spark/.ivy2.5.2/jars/org.xerial.snappy_snappy-java-1.1.10.7.jar has been previously copied to /tmp/spark-965b97cb-dbc6-41ef-82ca-9bd42cbd4aef/userFiles-d7b676b6-5bba-4c27-9776-8b293ff5a139/org.xerial.snappy_snappy-java-1.1.10.7.jar
[2026-04-12T09:51:06.368+0000] {subprocess.py:106} INFO - 26/04/12 09:51:06 INFO Executor: Fetching spark://spark-master:35359/jars/org.apache.kafka_kafka-clients-3.9.0.jar with timestamp 1775987464452
[2026-04-12T09:51:06.433+0000] {subprocess.py:106} INFO - 26/04/12 09:51:06 INFO TransportClientFactory: Successfully created connection to spark-master/172.20.0.5:35359 after 40 ms (0 ms spent in bootstraps)
[2026-04-12T09:51:06.444+0000] {subprocess.py:106} INFO - 26/04/12 09:51:06 INFO Utils: Fetching spark://spark-master:35359/jars/org.apache.kafka_kafka-clients-3.9.0.jar to /tmp/spark-965b97cb-dbc6-41ef-82ca-9bd42cbd4aef/userFiles-d7b676b6-5bba-4c27-9776-8b293ff5a139/fetchFileTemp13804006660836376243.tmp
[2026-04-12T09:51:06.548+0000] {subprocess.py:106} INFO - 26/04/12 09:51:06 INFO Utils: /tmp/spark-965b97cb-dbc6-41ef-82ca-9bd42cbd4aef/userFiles-d7b676b6-5bba-4c27-9776-8b293ff5a139/fetchFileTemp13804006660836376243.tmp has been previously copied to /tmp/spark-965b97cb-dbc6-41ef-82ca-9bd42cbd4aef/userFiles-d7b676b6-5bba-4c27-9776-8b293ff5a139/org.apache.kafka_kafka-clients-3.9.0.jar
[2026-04-12T09:51:06.614+0000] {subprocess.py:106} INFO - 26/04/12 09:51:06 INFO Executor: Adding file:/tmp/spark-965b97cb-dbc6-41ef-82ca-9bd42cbd4aef/userFiles-d7b676b6-5bba-4c27-9776-8b293ff5a139/org.apache.kafka_kafka-clients-3.9.0.jar to class loader default
[2026-04-12T09:51:06.615+0000] {subprocess.py:106} INFO - 26/04/12 09:51:06 INFO Executor: Fetching spark://spark-master:35359/jars/org.slf4j_slf4j-api-2.0.16.jar with timestamp 1775987464452
[2026-04-12T09:51:06.622+0000] {subprocess.py:106} INFO - 26/04/12 09:51:06 INFO Utils: Fetching spark://spark-master:35359/jars/org.slf4j_slf4j-api-2.0.16.jar to /tmp/spark-965b97cb-dbc6-41ef-82ca-9bd42cbd4aef/userFiles-d7b676b6-5bba-4c27-9776-8b293ff5a139/fetchFileTemp13190350688785097463.tmp
[2026-04-12T09:51:06.623+0000] {subprocess.py:106} INFO - 26/04/12 09:51:06 INFO Utils: /tmp/spark-965b97cb-dbc6-41ef-82ca-9bd42cbd4aef/userFiles-d7b676b6-5bba-4c27-9776-8b293ff5a139/fetchFileTemp13190350688785097463.tmp has been previously copied to /tmp/spark-965b97cb-dbc6-41ef-82ca-9bd42cbd4aef/userFiles-d7b676b6-5bba-4c27-9776-8b293ff5a139/org.slf4j_slf4j-api-2.0.16.jar
[2026-04-12T09:51:06.625+0000] {subprocess.py:106} INFO - 26/04/12 09:51:06 INFO Executor: Adding file:/tmp/spark-965b97cb-dbc6-41ef-82ca-9bd42cbd4aef/userFiles-d7b676b6-5bba-4c27-9776-8b293ff5a139/org.slf4j_slf4j-api-2.0.16.jar to class loader default
[2026-04-12T09:51:06.625+0000] {subprocess.py:106} INFO - 26/04/12 09:51:06 INFO Executor: Fetching spark://spark-master:35359/jars/org.apache.hadoop_hadoop-client-runtime-3.4.1.jar with timestamp 1775987464452
[2026-04-12T09:51:06.626+0000] {subprocess.py:106} INFO - 26/04/12 09:51:06 INFO Utils: Fetching spark://spark-master:35359/jars/org.apache.hadoop_hadoop-client-runtime-3.4.1.jar to /tmp/spark-965b97cb-dbc6-41ef-82ca-9bd42cbd4aef/userFiles-d7b676b6-5bba-4c27-9776-8b293ff5a139/fetchFileTemp13839829713590053853.tmp
[2026-04-12T09:51:06.794+0000] {subprocess.py:106} INFO - 26/04/12 09:51:06 INFO Utils: /tmp/spark-965b97cb-dbc6-41ef-82ca-9bd42cbd4aef/userFiles-d7b676b6-5bba-4c27-9776-8b293ff5a139/fetchFileTemp13839829713590053853.tmp has been previously copied to /tmp/spark-965b97cb-dbc6-41ef-82ca-9bd42cbd4aef/userFiles-d7b676b6-5bba-4c27-9776-8b293ff5a139/org.apache.hadoop_hadoop-client-runtime-3.4.1.jar
[2026-04-12T09:51:07.002+0000] {subprocess.py:106} INFO - 26/04/12 09:51:07 INFO Executor: Adding file:/tmp/spark-965b97cb-dbc6-41ef-82ca-9bd42cbd4aef/userFiles-d7b676b6-5bba-4c27-9776-8b293ff5a139/org.apache.hadoop_hadoop-client-runtime-3.4.1.jar to class loader default
[2026-04-12T09:51:07.002+0000] {subprocess.py:106} INFO - 26/04/12 09:51:07 INFO Executor: Fetching spark://spark-master:35359/jars/org.xerial.snappy_snappy-java-1.1.10.7.jar with timestamp 1775987464452
[2026-04-12T09:51:07.003+0000] {subprocess.py:106} INFO - 26/04/12 09:51:07 INFO Utils: Fetching spark://spark-master:35359/jars/org.xerial.snappy_snappy-java-1.1.10.7.jar to /tmp/spark-965b97cb-dbc6-41ef-82ca-9bd42cbd4aef/userFiles-d7b676b6-5bba-4c27-9776-8b293ff5a139/fetchFileTemp13255281573295008489.tmp
[2026-04-12T09:51:07.016+0000] {subprocess.py:106} INFO - 26/04/12 09:51:07 INFO Utils: /tmp/spark-965b97cb-dbc6-41ef-82ca-9bd42cbd4aef/userFiles-d7b676b6-5bba-4c27-9776-8b293ff5a139/fetchFileTemp13255281573295008489.tmp has been previously copied to /tmp/spark-965b97cb-dbc6-41ef-82ca-9bd42cbd4aef/userFiles-d7b676b6-5bba-4c27-9776-8b293ff5a139/org.xerial.snappy_snappy-java-1.1.10.7.jar
[2026-04-12T09:51:07.038+0000] {subprocess.py:106} INFO - 26/04/12 09:51:07 INFO Executor: Adding file:/tmp/spark-965b97cb-dbc6-41ef-82ca-9bd42cbd4aef/userFiles-d7b676b6-5bba-4c27-9776-8b293ff5a139/org.xerial.snappy_snappy-java-1.1.10.7.jar to class loader default
[2026-04-12T09:51:07.039+0000] {subprocess.py:106} INFO - 26/04/12 09:51:07 INFO Executor: Fetching spark://spark-master:35359/jars/org.lz4_lz4-java-1.8.0.jar with timestamp 1775987464452
[2026-04-12T09:51:07.040+0000] {subprocess.py:106} INFO - 26/04/12 09:51:07 INFO Utils: Fetching spark://spark-master:35359/jars/org.lz4_lz4-java-1.8.0.jar to /tmp/spark-965b97cb-dbc6-41ef-82ca-9bd42cbd4aef/userFiles-d7b676b6-5bba-4c27-9776-8b293ff5a139/fetchFileTemp5213078197401899328.tmp
[2026-04-12T09:51:07.044+0000] {subprocess.py:106} INFO - 26/04/12 09:51:07 INFO Utils: /tmp/spark-965b97cb-dbc6-41ef-82ca-9bd42cbd4aef/userFiles-d7b676b6-5bba-4c27-9776-8b293ff5a139/fetchFileTemp5213078197401899328.tmp has been previously copied to /tmp/spark-965b97cb-dbc6-41ef-82ca-9bd42cbd4aef/userFiles-d7b676b6-5bba-4c27-9776-8b293ff5a139/org.lz4_lz4-java-1.8.0.jar
[2026-04-12T09:51:07.055+0000] {subprocess.py:106} INFO - 26/04/12 09:51:07 INFO Executor: Adding file:/tmp/spark-965b97cb-dbc6-41ef-82ca-9bd42cbd4aef/userFiles-d7b676b6-5bba-4c27-9776-8b293ff5a139/org.lz4_lz4-java-1.8.0.jar to class loader default
[2026-04-12T09:51:07.055+0000] {subprocess.py:106} INFO - 26/04/12 09:51:07 INFO Executor: Fetching spark://spark-master:35359/jars/org.apache.spark_spark-token-provider-kafka-0-10_2.13-4.0.0.jar with timestamp 1775987464452
[2026-04-12T09:51:07.056+0000] {subprocess.py:106} INFO - 26/04/12 09:51:07 INFO Utils: Fetching spark://spark-master:35359/jars/org.apache.spark_spark-token-provider-kafka-0-10_2.13-4.0.0.jar to /tmp/spark-965b97cb-dbc6-41ef-82ca-9bd42cbd4aef/userFiles-d7b676b6-5bba-4c27-9776-8b293ff5a139/fetchFileTemp15463307712765725984.tmp
[2026-04-12T09:51:07.057+0000] {subprocess.py:106} INFO - 26/04/12 09:51:07 INFO Utils: /tmp/spark-965b97cb-dbc6-41ef-82ca-9bd42cbd4aef/userFiles-d7b676b6-5bba-4c27-9776-8b293ff5a139/fetchFileTemp15463307712765725984.tmp has been previously copied to /tmp/spark-965b97cb-dbc6-41ef-82ca-9bd42cbd4aef/userFiles-d7b676b6-5bba-4c27-9776-8b293ff5a139/org.apache.spark_spark-token-provider-kafka-0-10_2.13-4.0.0.jar
[2026-04-12T09:51:07.062+0000] {subprocess.py:106} INFO - 26/04/12 09:51:07 INFO Executor: Adding file:/tmp/spark-965b97cb-dbc6-41ef-82ca-9bd42cbd4aef/userFiles-d7b676b6-5bba-4c27-9776-8b293ff5a139/org.apache.spark_spark-token-provider-kafka-0-10_2.13-4.0.0.jar to class loader default
[2026-04-12T09:51:07.062+0000] {subprocess.py:106} INFO - 26/04/12 09:51:07 INFO Executor: Fetching spark://spark-master:35359/jars/org.scala-lang.modules_scala-parallel-collections_2.13-1.2.0.jar with timestamp 1775987464452
[2026-04-12T09:51:07.063+0000] {subprocess.py:106} INFO - 26/04/12 09:51:07 INFO Utils: Fetching spark://spark-master:35359/jars/org.scala-lang.modules_scala-parallel-collections_2.13-1.2.0.jar to /tmp/spark-965b97cb-dbc6-41ef-82ca-9bd42cbd4aef/userFiles-d7b676b6-5bba-4c27-9776-8b293ff5a139/fetchFileTemp9749557139608382160.tmp
[2026-04-12T09:51:07.069+0000] {subprocess.py:106} INFO - 26/04/12 09:51:07 INFO Utils: /tmp/spark-965b97cb-dbc6-41ef-82ca-9bd42cbd4aef/userFiles-d7b676b6-5bba-4c27-9776-8b293ff5a139/fetchFileTemp9749557139608382160.tmp has been previously copied to /tmp/spark-965b97cb-dbc6-41ef-82ca-9bd42cbd4aef/userFiles-d7b676b6-5bba-4c27-9776-8b293ff5a139/org.scala-lang.modules_scala-parallel-collections_2.13-1.2.0.jar
[2026-04-12T09:51:07.081+0000] {subprocess.py:106} INFO - 26/04/12 09:51:07 INFO Executor: Adding file:/tmp/spark-965b97cb-dbc6-41ef-82ca-9bd42cbd4aef/userFiles-d7b676b6-5bba-4c27-9776-8b293ff5a139/org.scala-lang.modules_scala-parallel-collections_2.13-1.2.0.jar to class loader default
[2026-04-12T09:51:07.082+0000] {subprocess.py:106} INFO - 26/04/12 09:51:07 INFO Executor: Fetching spark://spark-master:35359/jars/org.apache.spark_spark-sql-kafka-0-10_2.13-4.0.0.jar with timestamp 1775987464452
[2026-04-12T09:51:07.083+0000] {subprocess.py:106} INFO - 26/04/12 09:51:07 INFO Utils: Fetching spark://spark-master:35359/jars/org.apache.spark_spark-sql-kafka-0-10_2.13-4.0.0.jar to /tmp/spark-965b97cb-dbc6-41ef-82ca-9bd42cbd4aef/userFiles-d7b676b6-5bba-4c27-9776-8b293ff5a139/fetchFileTemp17645256537350869485.tmp
[2026-04-12T09:51:07.087+0000] {subprocess.py:106} INFO - 26/04/12 09:51:07 INFO Utils: /tmp/spark-965b97cb-dbc6-41ef-82ca-9bd42cbd4aef/userFiles-d7b676b6-5bba-4c27-9776-8b293ff5a139/fetchFileTemp17645256537350869485.tmp has been previously copied to /tmp/spark-965b97cb-dbc6-41ef-82ca-9bd42cbd4aef/userFiles-d7b676b6-5bba-4c27-9776-8b293ff5a139/org.apache.spark_spark-sql-kafka-0-10_2.13-4.0.0.jar
[2026-04-12T09:51:07.094+0000] {subprocess.py:106} INFO - 26/04/12 09:51:07 INFO Executor: Adding file:/tmp/spark-965b97cb-dbc6-41ef-82ca-9bd42cbd4aef/userFiles-d7b676b6-5bba-4c27-9776-8b293ff5a139/org.apache.spark_spark-sql-kafka-0-10_2.13-4.0.0.jar to class loader default
[2026-04-12T09:51:07.095+0000] {subprocess.py:106} INFO - 26/04/12 09:51:07 INFO Executor: Fetching spark://spark-master:35359/jars/org.apache.hadoop_hadoop-client-api-3.4.1.jar with timestamp 1775987464452
[2026-04-12T09:51:07.096+0000] {subprocess.py:106} INFO - 26/04/12 09:51:07 INFO Utils: Fetching spark://spark-master:35359/jars/org.apache.hadoop_hadoop-client-api-3.4.1.jar to /tmp/spark-965b97cb-dbc6-41ef-82ca-9bd42cbd4aef/userFiles-d7b676b6-5bba-4c27-9776-8b293ff5a139/fetchFileTemp12256445077849002308.tmp
[2026-04-12T09:51:07.175+0000] {subprocess.py:106} INFO - 26/04/12 09:51:07 INFO Utils: /tmp/spark-965b97cb-dbc6-41ef-82ca-9bd42cbd4aef/userFiles-d7b676b6-5bba-4c27-9776-8b293ff5a139/fetchFileTemp12256445077849002308.tmp has been previously copied to /tmp/spark-965b97cb-dbc6-41ef-82ca-9bd42cbd4aef/userFiles-d7b676b6-5bba-4c27-9776-8b293ff5a139/org.apache.hadoop_hadoop-client-api-3.4.1.jar
[2026-04-12T09:51:07.317+0000] {subprocess.py:106} INFO - 26/04/12 09:51:07 INFO Executor: Adding file:/tmp/spark-965b97cb-dbc6-41ef-82ca-9bd42cbd4aef/userFiles-d7b676b6-5bba-4c27-9776-8b293ff5a139/org.apache.hadoop_hadoop-client-api-3.4.1.jar to class loader default
[2026-04-12T09:51:07.318+0000] {subprocess.py:106} INFO - 26/04/12 09:51:07 INFO Executor: Fetching spark://spark-master:35359/jars/org.apache.iceberg_iceberg-spark-runtime-4.0_2.13-1.10.1.jar with timestamp 1775987464452
[2026-04-12T09:51:07.319+0000] {subprocess.py:106} INFO - 26/04/12 09:51:07 INFO Utils: Fetching spark://spark-master:35359/jars/org.apache.iceberg_iceberg-spark-runtime-4.0_2.13-1.10.1.jar to /tmp/spark-965b97cb-dbc6-41ef-82ca-9bd42cbd4aef/userFiles-d7b676b6-5bba-4c27-9776-8b293ff5a139/fetchFileTemp14078350683294127501.tmp
[2026-04-12T09:51:07.415+0000] {subprocess.py:106} INFO - 26/04/12 09:51:07 INFO Utils: /tmp/spark-965b97cb-dbc6-41ef-82ca-9bd42cbd4aef/userFiles-d7b676b6-5bba-4c27-9776-8b293ff5a139/fetchFileTemp14078350683294127501.tmp has been previously copied to /tmp/spark-965b97cb-dbc6-41ef-82ca-9bd42cbd4aef/userFiles-d7b676b6-5bba-4c27-9776-8b293ff5a139/org.apache.iceberg_iceberg-spark-runtime-4.0_2.13-1.10.1.jar
[2026-04-12T09:51:08.074+0000] {subprocess.py:106} INFO - 26/04/12 09:51:08 INFO Executor: Adding file:/tmp/spark-965b97cb-dbc6-41ef-82ca-9bd42cbd4aef/userFiles-d7b676b6-5bba-4c27-9776-8b293ff5a139/org.apache.iceberg_iceberg-spark-runtime-4.0_2.13-1.10.1.jar to class loader default
[2026-04-12T09:51:08.075+0000] {subprocess.py:106} INFO - 26/04/12 09:51:08 INFO Executor: Fetching spark://spark-master:35359/jars/com.google.code.findbugs_jsr305-3.0.0.jar with timestamp 1775987464452
[2026-04-12T09:51:08.076+0000] {subprocess.py:106} INFO - 26/04/12 09:51:08 INFO Utils: Fetching spark://spark-master:35359/jars/com.google.code.findbugs_jsr305-3.0.0.jar to /tmp/spark-965b97cb-dbc6-41ef-82ca-9bd42cbd4aef/userFiles-d7b676b6-5bba-4c27-9776-8b293ff5a139/fetchFileTemp6685295621947098256.tmp
[2026-04-12T09:51:08.077+0000] {subprocess.py:106} INFO - 26/04/12 09:51:08 INFO Utils: /tmp/spark-965b97cb-dbc6-41ef-82ca-9bd42cbd4aef/userFiles-d7b676b6-5bba-4c27-9776-8b293ff5a139/fetchFileTemp6685295621947098256.tmp has been previously copied to /tmp/spark-965b97cb-dbc6-41ef-82ca-9bd42cbd4aef/userFiles-d7b676b6-5bba-4c27-9776-8b293ff5a139/com.google.code.findbugs_jsr305-3.0.0.jar
[2026-04-12T09:51:08.374+0000] {subprocess.py:106} INFO - 26/04/12 09:51:08 INFO Executor: Adding file:/tmp/spark-965b97cb-dbc6-41ef-82ca-9bd42cbd4aef/userFiles-d7b676b6-5bba-4c27-9776-8b293ff5a139/com.google.code.findbugs_jsr305-3.0.0.jar to class loader default
[2026-04-12T09:51:08.375+0000] {subprocess.py:106} INFO - 26/04/12 09:51:08 INFO Executor: Fetching spark://spark-master:35359/jars/org.apache.commons_commons-pool2-2.12.0.jar with timestamp 1775987464452
[2026-04-12T09:51:08.376+0000] {subprocess.py:106} INFO - 26/04/12 09:51:08 INFO Utils: Fetching spark://spark-master:35359/jars/org.apache.commons_commons-pool2-2.12.0.jar to /tmp/spark-965b97cb-dbc6-41ef-82ca-9bd42cbd4aef/userFiles-d7b676b6-5bba-4c27-9776-8b293ff5a139/fetchFileTemp8192302239151008533.tmp
[2026-04-12T09:51:08.382+0000] {subprocess.py:106} INFO - 26/04/12 09:51:08 INFO Utils: /tmp/spark-965b97cb-dbc6-41ef-82ca-9bd42cbd4aef/userFiles-d7b676b6-5bba-4c27-9776-8b293ff5a139/fetchFileTemp8192302239151008533.tmp has been previously copied to /tmp/spark-965b97cb-dbc6-41ef-82ca-9bd42cbd4aef/userFiles-d7b676b6-5bba-4c27-9776-8b293ff5a139/org.apache.commons_commons-pool2-2.12.0.jar
[2026-04-12T09:51:08.389+0000] {subprocess.py:106} INFO - 26/04/12 09:51:08 INFO Executor: Adding file:/tmp/spark-965b97cb-dbc6-41ef-82ca-9bd42cbd4aef/userFiles-d7b676b6-5bba-4c27-9776-8b293ff5a139/org.apache.commons_commons-pool2-2.12.0.jar to class loader default
[2026-04-12T09:51:08.419+0000] {subprocess.py:106} INFO - 26/04/12 09:51:08 INFO Utils: Successfully started service 'org.apache.spark.network.netty.NettyBlockTransferService' on port 40115.
[2026-04-12T09:51:08.422+0000] {subprocess.py:106} INFO - 26/04/12 09:51:08 INFO NettyBlockTransferService: Server created on spark-master:40115
[2026-04-12T09:51:08.429+0000] {subprocess.py:106} INFO - 26/04/12 09:51:08 INFO BlockManager: Using org.apache.spark.storage.RandomBlockReplicationPolicy for block replication policy
[2026-04-12T09:51:08.452+0000] {subprocess.py:106} INFO - 26/04/12 09:51:08 INFO BlockManagerMaster: Registering BlockManager BlockManagerId(driver, spark-master, 40115, None)
[2026-04-12T09:51:08.466+0000] {subprocess.py:106} INFO - 26/04/12 09:51:08 INFO BlockManagerMasterEndpoint: Registering block manager spark-master:40115 with 1048.8 MiB RAM, BlockManagerId(driver, spark-master, 40115, None)
[2026-04-12T09:51:08.472+0000] {subprocess.py:106} INFO - 26/04/12 09:51:08 INFO BlockManagerMaster: Registered BlockManager BlockManagerId(driver, spark-master, 40115, None)
[2026-04-12T09:51:08.474+0000] {subprocess.py:106} INFO - 26/04/12 09:51:08 INFO BlockManager: Initialized BlockManager: BlockManagerId(driver, spark-master, 40115, None)
[2026-04-12T09:51:12.831+0000] {subprocess.py:106} INFO - Spark + Iceberg ready!
[2026-04-12T09:51:12.855+0000] {subprocess.py:106} INFO - 26/04/12 09:51:12 INFO SharedState: spark.sql.warehouse.dir is not set, but hive.metastore.warehouse.dir is set. Setting spark.sql.warehouse.dir to the value of hive.metastore.warehouse.dir.
[2026-04-12T09:51:13.254+0000] {subprocess.py:106} INFO - 26/04/12 09:51:13 INFO SharedState: Warehouse path is 'hdfs://23133083thuyvan-master:9000/user/hive/warehouse'.
[2026-04-12T09:51:14.533+0000] {subprocess.py:106} INFO - 26/04/12 09:51:14 INFO CatalogUtil: Loading custom FileIO implementation: org.apache.iceberg.hadoop.HadoopFileIO
[2026-04-12T09:51:15.326+0000] {subprocess.py:106} INFO - 26/04/12 09:51:15 INFO HiveConf: Found configuration file file:/home/spark/spark/conf/hive-site.xml
[2026-04-12T09:51:15.591+0000] {subprocess.py:106} INFO - 26/04/12 09:51:15 INFO metastore: Trying to connect to metastore with URI thrift://23133083thuyvan-master:9083
[2026-04-12T09:51:15.627+0000] {subprocess.py:106} INFO - 26/04/12 09:51:15 INFO metastore: Opened a connection to metastore, current connections: 1
[2026-04-12T09:51:15.653+0000] {subprocess.py:106} INFO - 26/04/12 09:51:15 INFO metastore: Connected to metastore.
[2026-04-12T09:51:15.766+0000] {subprocess.py:106} INFO - Iceberg schema 'iceberg.air_quality_db' ready!
[2026-04-12T09:51:16.062+0000] {subprocess.py:106} INFO - 26/04/12 09:51:16 WARN SparkStringUtils: Truncated the string representation of a plan since it was too large. This behavior can be adjusted by setting 'spark.sql.debug.maxToStringFields'.
[2026-04-12T09:51:16.148+0000] {subprocess.py:106} INFO - 26/04/12 09:51:16 INFO BaseMetastoreTableOperations: Refreshing table metadata from new version: hdfs://23133083thuyvan-master:9000/user/hive/lakehouse/silver/air_quality_silver/metadata/00000-dcc929a9-39b0-49f7-ab4e-d198189dc5b1.metadata.json
[2026-04-12T09:51:16.786+0000] {subprocess.py:106} INFO - 26/04/12 09:51:16 INFO BaseMetastoreCatalog: Table loaded by catalog: iceberg.air_quality_db.air_quality_silver
[2026-04-12T09:51:16.798+0000] {subprocess.py:106} INFO - Iceberg table 'weather_real_time' ready!
[2026-04-12T09:51:18.099+0000] {subprocess.py:106} INFO - 26/04/12 09:51:18 INFO StateStoreCoordinatorRef: Registered StateStoreCoordinator endpoint
[2026-04-12T09:51:18.184+0000] {subprocess.py:106} INFO - 26/04/12 09:51:18 INFO ResolveWriteToStream: Checkpoint root hdfs://23133083thuyvan-master:9000/user/hive/checkpoints/air_quality_realtime resolved to hdfs://23133083thuyvan-master:9000/user/hive/checkpoints/air_quality_realtime.
[2026-04-12T09:51:18.189+0000] {subprocess.py:106} INFO - 26/04/12 09:51:18 WARN ResolveWriteToStream: spark.sql.adaptive.enabled is not supported in streaming DataFrames/Datasets and will be disabled.
[2026-04-12T09:51:18.436+0000] {subprocess.py:106} INFO - 26/04/12 09:51:18 INFO MicroBatchExecution: Starting [id = fffa4a28-b831-4a17-a849-992bff20d106, runId = c37c35e9-bfcc-475d-bba9-09e0618e5aed]. Use hdfs://23133083thuyvan-master:9000/user/hive/checkpoints/air_quality_realtime to store the query checkpoint.
[2026-04-12T09:51:18.445+0000] {subprocess.py:106} INFO - Streaming job started! Listening to 'weather-topic'...
[2026-04-12T09:51:18.453+0000] {subprocess.py:106} INFO - 26/04/12 09:51:18 INFO MicroBatchExecution: Reading table [org.apache.spark.sql.kafka010.KafkaSourceProvider$KafkaTable@63e810e0] from DataSourceV2 named 'kafka' [org.apache.spark.sql.kafka010.KafkaSourceProvider@266a612d]
[2026-04-12T09:51:18.509+0000] {subprocess.py:106} INFO - 26/04/12 09:51:18 INFO MicroBatchExecution: Finish initializing with logical plan:
[2026-04-12T09:51:18.510+0000] {subprocess.py:106} INFO - ~WriteToMicroBatchDataSourceV1 ForeachBatchSink, fffa4a28-b831-4a17-a849-992bff20d106, [checkpointLocation=hdfs://23133083thuyvan-master:9000/user/hive/checkpoints/air_quality_realtime], Append
[2026-04-12T09:51:18.511+0000] {subprocess.py:106} INFO - +- ~Project [timestamp#42, location#17, latitude#18, longitude#19, country#20, condition_text#21, timezone#22, temperature_2m#23, relative_humidity_2m#24, apparent_temperature#25, precipitation#26, cloud_cover#27, wind_speed_10m#28, wind_direction_10m#29, wind_gusts_10m#30, uv_index#31, weather_code#32, european_aqi#33, us_aqi#34, pm10#35, pm2_5#36, carbon_monoxide#37, nitrogen_dioxide#38, sulphur_dioxide#39, ozone#40, ... 2 more fields]
[2026-04-12T09:51:18.511+0000] {subprocess.py:106} INFO -    +- ~Project [to_timestamp(timestamp#16, None, TimestampType, Some(GMT), true) AS timestamp#42, location#17, latitude#18, longitude#19, country#20, condition_text#21, timezone#22, temperature_2m#23, relative_humidity_2m#24, apparent_temperature#25, precipitation#26, cloud_cover#27, wind_speed_10m#28, wind_direction_10m#29, wind_gusts_10m#30, uv_index#31, weather_code#32, european_aqi#33, us_aqi#34, pm10#35, pm2_5#36, carbon_monoxide#37, nitrogen_dioxide#38, sulphur_dioxide#39, ozone#40, ... 1 more fields]
[2026-04-12T09:51:18.511+0000] {subprocess.py:106} INFO -       +- ~Project [timestamp#16, location#17, latitude#18, longitude#19, country#20, condition_text#21, timezone#22, temperature_2m#23, relative_humidity_2m#24, apparent_temperature#25, precipitation#26, cloud_cover#27, wind_speed_10m#28, wind_direction_10m#29, wind_gusts_10m#30, uv_index#31, weather_code#32, european_aqi#33, us_aqi#34, pm10#35, pm2_5#36, carbon_monoxide#37, nitrogen_dioxide#38, sulphur_dioxide#39, ozone#40, ... 1 more fields]
[2026-04-12T09:51:18.512+0000] {subprocess.py:106} INFO -          +- ~Project [data#15.timestamp AS timestamp#16, data#15.location AS location#17, data#15.latitude AS latitude#18, data#15.longitude AS longitude#19, data#15.country AS country#20, data#15.condition_text AS condition_text#21, data#15.timezone AS timezone#22, data#15.temperature_2m AS temperature_2m#23, data#15.relative_humidity_2m AS relative_humidity_2m#24, data#15.apparent_temperature AS apparent_temperature#25, data#15.precipitation AS precipitation#26, data#15.cloud_cover AS cloud_cover#27, data#15.wind_speed_10m AS wind_speed_10m#28, data#15.wind_direction_10m AS wind_direction_10m#29, data#15.wind_gusts_10m AS wind_gusts_10m#30, data#15.uv_index AS uv_index#31, data#15.weather_code AS weather_code#32, data#15.european_aqi AS european_aqi#33, data#15.us_aqi AS us_aqi#34, data#15.pm10 AS pm10#35, data#15.pm2_5 AS pm2_5#36, data#15.carbon_monoxide AS carbon_monoxide#37, data#15.nitrogen_dioxide AS nitrogen_dioxide#38, data#15.sulphur_dioxide AS sulphur_dioxide#39, data#15.ozone AS ozone#40]
[2026-04-12T09:51:18.512+0000] {subprocess.py:106} INFO -             +- ~Project [from_json(StructField(timestamp,StringType,true), StructField(location,StringType,true), StructField(latitude,DoubleType,true), StructField(longitude,DoubleType,true), StructField(country,StringType,true), StructField(condition_text,StringType,true), StructField(timezone,StringType,true), StructField(temperature_2m,DoubleType,true), StructField(relative_humidity_2m,DoubleType,true), StructField(apparent_temperature,DoubleType,true), StructField(precipitation,DoubleType,true), StructField(cloud_cover,DoubleType,true), StructField(wind_speed_10m,DoubleType,true), StructField(wind_direction_10m,DoubleType,true), StructField(wind_gusts_10m,DoubleType,true), StructField(uv_index,DoubleType,true), StructField(weather_code,IntegerType,true), StructField(european_aqi,IntegerType,true), StructField(us_aqi,IntegerType,true), StructField(pm10,DoubleType,true), StructField(pm2_5,DoubleType,true), StructField(carbon_monoxide,DoubleType,true), StructField(nitrogen_dioxide,DoubleType,true), StructField(sulphur_dioxide,DoubleType,true), StructField(ozone,DoubleType,true), ... 3 more fields) AS data#15]
[2026-04-12T09:51:18.513+0000] {subprocess.py:106} INFO -                +- ~Project [cast(value#8 as string) AS json#14]
[2026-04-12T09:51:18.513+0000] {subprocess.py:106} INFO -                   +- ~StreamingDataSourceV2ScanRelation[key#7, value#8, topic#9, partition#10, offset#11L, timestamp#12, timestampType#13] KafkaTable
[2026-04-12T09:51:18.514+0000] {subprocess.py:106} INFO - 
[2026-04-12T09:51:18.524+0000] {subprocess.py:106} INFO - 26/04/12 09:51:18 INFO OffsetSeqLog: BatchIds found from listing: 0, 1
[2026-04-12T09:51:18.542+0000] {subprocess.py:106} INFO - 26/04/12 09:51:18 INFO OffsetSeqLog: Getting latest batch 1
[2026-04-12T09:51:18.582+0000] {subprocess.py:106} INFO - 26/04/12 09:51:18 INFO OffsetSeqLog: BatchIds found from listing: 0, 1
[2026-04-12T09:51:18.583+0000] {subprocess.py:106} INFO - 26/04/12 09:51:18 INFO OffsetSeqLog: Getting latest batch 1
[2026-04-12T09:51:18.616+0000] {subprocess.py:106} INFO - 26/04/12 09:51:18 INFO CommitLog: BatchIds found from listing: 0
[2026-04-12T09:51:18.618+0000] {subprocess.py:106} INFO - 26/04/12 09:51:18 INFO CommitLog: Getting latest batch 0
[2026-04-12T09:51:18.872+0000] {subprocess.py:106} INFO - 26/04/12 09:51:18 INFO MicroBatchExecution: Resuming at batch 1 with committed offsets {KafkaV2[Subscribe[weather-topic]]: {"weather-topic":{"0":0,"1":0,"2":0}}} and available offsets {KafkaV2[Subscribe[weather-topic]]: {"weather-topic":{"0":7,"1":6,"2":7}}}
[2026-04-12T09:51:18.872+0000] {subprocess.py:106} INFO - 26/04/12 09:51:18 INFO MicroBatchExecution: Stream started from {KafkaV2[Subscribe[weather-topic]]: {"weather-topic":{"0":0,"1":0,"2":0}}}
[2026-04-12T09:51:18.989+0000] {subprocess.py:106} INFO - 26/04/12 09:51:18 INFO IncrementalExecution: Current batch timestamp = 1775987190013
[2026-04-12T09:51:19.137+0000] {subprocess.py:106} INFO - 26/04/12 09:51:19 INFO IncrementalExecution: Current batch timestamp = 1775987190013
[2026-04-12T09:51:19.665+0000] {subprocess.py:106} INFO - 26/04/12 09:51:19 INFO CodeGenerator: Code generated in 304.757134 ms
[2026-04-12T09:51:19.670+0000] {subprocess.py:106} INFO - 26/04/12 09:51:19 INFO KafkaOffsetReaderAdmin: Partitions added: Map()
[2026-04-12T09:51:20.028+0000] {subprocess.py:106} INFO - 26/04/12 09:51:20 INFO CodeGenerator: Code generated in 17.824483 ms
[2026-04-12T09:51:20.059+0000] {subprocess.py:106} INFO - 26/04/12 09:51:20 INFO CodeGenerator: Code generated in 17.012792 ms
[2026-04-12T09:51:20.177+0000] {subprocess.py:106} INFO - 26/04/12 09:51:20 INFO SparkContext: Starting job: start at NativeMethodAccessorImpl.java:0
[2026-04-12T09:51:20.203+0000] {subprocess.py:106} INFO - 26/04/12 09:51:20 INFO DAGScheduler: Registering RDD 6 (start at NativeMethodAccessorImpl.java:0) as input to shuffle 0
[2026-04-12T09:51:20.214+0000] {subprocess.py:106} INFO - 26/04/12 09:51:20 INFO DAGScheduler: Got job 0 (start at NativeMethodAccessorImpl.java:0) with 1 output partitions
[2026-04-12T09:51:20.216+0000] {subprocess.py:106} INFO - 26/04/12 09:51:20 INFO DAGScheduler: Final stage: ResultStage 1 (start at NativeMethodAccessorImpl.java:0)
[2026-04-12T09:51:20.218+0000] {subprocess.py:106} INFO - 26/04/12 09:51:20 INFO DAGScheduler: Parents of final stage: List(ShuffleMapStage 0)
[2026-04-12T09:51:20.222+0000] {subprocess.py:106} INFO - 26/04/12 09:51:20 INFO DAGScheduler: Missing parents: List(ShuffleMapStage 0)
[2026-04-12T09:51:20.226+0000] {subprocess.py:106} INFO - 26/04/12 09:51:20 INFO DAGScheduler: Submitting ShuffleMapStage 0 (MapPartitionsRDD[6] at start at NativeMethodAccessorImpl.java:0), which has no missing parents
[2026-04-12T09:51:20.330+0000] {subprocess.py:106} INFO - 26/04/12 09:51:20 INFO MemoryStore: MemoryStore started with capacity 1048.8 MiB
[2026-04-12T09:51:20.366+0000] {subprocess.py:106} INFO - 26/04/12 09:51:20 INFO MemoryStore: Block broadcast_0 stored as values in memory (estimated size 43.9 KiB, free 1048.8 MiB)
[2026-04-12T09:51:20.400+0000] {subprocess.py:106} INFO - 26/04/12 09:51:20 INFO MemoryStore: Block broadcast_0_piece0 stored as bytes in memory (estimated size 16.5 KiB, free 1048.7 MiB)
[2026-04-12T09:51:20.409+0000] {subprocess.py:106} INFO - 26/04/12 09:51:20 INFO SparkContext: Created broadcast 0 from broadcast at DAGScheduler.scala:1676
[2026-04-12T09:51:20.436+0000] {subprocess.py:106} INFO - 26/04/12 09:51:20 INFO DAGScheduler: Submitting 3 missing tasks from ShuffleMapStage 0 (MapPartitionsRDD[6] at start at NativeMethodAccessorImpl.java:0) (first 15 tasks are for partitions Vector(0, 1, 2))
[2026-04-12T09:51:20.441+0000] {subprocess.py:106} INFO - 26/04/12 09:51:20 INFO TaskSchedulerImpl: Adding task set 0.0 with 3 tasks resource profile 0
[2026-04-12T09:51:20.493+0000] {subprocess.py:106} INFO - 26/04/12 09:51:20 INFO TaskSetManager: Starting task 0.0 in stage 0.0 (TID 0) (spark-master,executor driver, partition 0, PROCESS_LOCAL, 13492 bytes)
[2026-04-12T09:51:20.502+0000] {subprocess.py:106} INFO - 26/04/12 09:51:20 INFO TaskSetManager: Starting task 1.0 in stage 0.0 (TID 1) (spark-master,executor driver, partition 1, PROCESS_LOCAL, 13492 bytes)
[2026-04-12T09:51:20.505+0000] {subprocess.py:106} INFO - 26/04/12 09:51:20 INFO TaskSetManager: Starting task 2.0 in stage 0.0 (TID 2) (spark-master,executor driver, partition 2, PROCESS_LOCAL, 13492 bytes)
[2026-04-12T09:51:20.519+0000] {subprocess.py:106} INFO - 26/04/12 09:51:20 INFO Executor: Running task 0.0 in stage 0.0 (TID 0)
[2026-04-12T09:51:20.521+0000] {subprocess.py:106} INFO - 26/04/12 09:51:20 INFO Executor: Running task 2.0 in stage 0.0 (TID 2)
[2026-04-12T09:51:20.521+0000] {subprocess.py:106} INFO - 26/04/12 09:51:20 INFO Executor: Running task 1.0 in stage 0.0 (TID 1)
[2026-04-12T09:51:20.745+0000] {subprocess.py:106} INFO - 26/04/12 09:51:20 INFO CodeGenerator: Code generated in 52.975983 ms
[2026-04-12T09:51:20.796+0000] {subprocess.py:106} INFO - 26/04/12 09:51:20 INFO CodeGenerator: Code generated in 44.706835 ms
[2026-04-12T09:51:20.831+0000] {subprocess.py:106} INFO - 26/04/12 09:51:20 INFO CodeGenerator: Code generated in 31.081416 ms
[2026-04-12T09:51:20.846+0000] {subprocess.py:106} INFO - 26/04/12 09:51:20 INFO SecurityManager: Changing view acls to: spark
[2026-04-12T09:51:20.847+0000] {subprocess.py:106} INFO - 26/04/12 09:51:20 INFO SecurityManager: Changing modify acls to: spark
[2026-04-12T09:51:20.848+0000] {subprocess.py:106} INFO - 26/04/12 09:51:20 INFO SecurityManager: Changing view acls groups to: spark
[2026-04-12T09:51:20.848+0000] {subprocess.py:106} INFO - 26/04/12 09:51:20 INFO SecurityManager: Changing modify acls groups to: spark
[2026-04-12T09:51:20.849+0000] {subprocess.py:106} INFO - 26/04/12 09:51:20 INFO SecurityManager: SecurityManager: authentication disabled; ui acls disabled; users with view permissions: spark groups with view permissions: EMPTY; users with modify permissions: spark; groups with modify permissions: EMPTY; RPC SSL disabled
[2026-04-12T09:51:20.880+0000] {subprocess.py:106} INFO - 26/04/12 09:51:20 INFO KafkaBatchReaderFactory: Creating Kafka reader topicPartition=weather-topic-2 fromOffset=0} untilOffset=7, for query queryId=fffa4a28-b831-4a17-a849-992bff20d106 batchId=1 taskId=2 partitionId=2
[2026-04-12T09:51:20.881+0000] {subprocess.py:106} INFO - 26/04/12 09:51:20 INFO KafkaBatchReaderFactory: Creating Kafka reader topicPartition=weather-topic-1 fromOffset=0} untilOffset=6, for query queryId=fffa4a28-b831-4a17-a849-992bff20d106 batchId=1 taskId=1 partitionId=1
[2026-04-12T09:51:20.881+0000] {subprocess.py:106} INFO - 26/04/12 09:51:20 INFO KafkaBatchReaderFactory: Creating Kafka reader topicPartition=weather-topic-0 fromOffset=0} untilOffset=7, for query queryId=fffa4a28-b831-4a17-a849-992bff20d106 batchId=1 taskId=0 partitionId=0
[2026-04-12T09:51:20.949+0000] {subprocess.py:106} INFO - 26/04/12 09:51:20 INFO CodeGenerator: Code generated in 22.470562 ms
[2026-04-12T09:51:21.010+0000] {subprocess.py:106} INFO - 26/04/12 09:51:21 INFO CodeGenerator: Code generated in 38.319662 ms
[2026-04-12T09:51:21.075+0000] {subprocess.py:106} INFO - 26/04/12 09:51:21 INFO ConsumerConfig: ConsumerConfig values:
[2026-04-12T09:51:21.076+0000] {subprocess.py:106} INFO - 	allow.auto.create.topics = true
[2026-04-12T09:51:21.076+0000] {subprocess.py:106} INFO - 	auto.commit.interval.ms = 5000
[2026-04-12T09:51:21.077+0000] {subprocess.py:106} INFO - 	auto.include.jmx.reporter = true
[2026-04-12T09:51:21.077+0000] {subprocess.py:106} INFO - 	auto.offset.reset = none
[2026-04-12T09:51:21.078+0000] {subprocess.py:106} INFO - 	bootstrap.servers = [kafka:9092]
[2026-04-12T09:51:21.078+0000] {subprocess.py:106} INFO - 	check.crcs = true
[2026-04-12T09:51:21.078+0000] {subprocess.py:106} INFO - 	client.dns.lookup = use_all_dns_ips
[2026-04-12T09:51:21.079+0000] {subprocess.py:106} INFO - 	client.id = consumer-spark-kafka-source-ce6a14bf-7b8f-4c2e-8c52-05fcf0153d61--983882313-executor-1
[2026-04-12T09:51:21.079+0000] {subprocess.py:106} INFO - 	client.rack =
[2026-04-12T09:51:21.080+0000] {subprocess.py:106} INFO - 	connections.max.idle.ms = 540000
[2026-04-12T09:51:21.080+0000] {subprocess.py:106} INFO - 	default.api.timeout.ms = 60000
[2026-04-12T09:51:21.080+0000] {subprocess.py:106} INFO - 	enable.auto.commit = false
[2026-04-12T09:51:21.081+0000] {subprocess.py:106} INFO - 	enable.metrics.push = true
[2026-04-12T09:51:21.081+0000] {subprocess.py:106} INFO - 	exclude.internal.topics = true
[2026-04-12T09:51:21.082+0000] {subprocess.py:106} INFO - 	fetch.max.bytes = 52428800
[2026-04-12T09:51:21.082+0000] {subprocess.py:106} INFO - 	fetch.max.wait.ms = 500
[2026-04-12T09:51:21.082+0000] {subprocess.py:106} INFO - 	fetch.min.bytes = 1
[2026-04-12T09:51:21.083+0000] {subprocess.py:106} INFO - 	group.id = spark-kafka-source-ce6a14bf-7b8f-4c2e-8c52-05fcf0153d61--983882313-executor
[2026-04-12T09:51:21.083+0000] {subprocess.py:106} INFO - 	group.instance.id = null
[2026-04-12T09:51:21.084+0000] {subprocess.py:106} INFO - 	group.protocol = classic
[2026-04-12T09:51:21.084+0000] {subprocess.py:106} INFO - 	group.remote.assignor = null
[2026-04-12T09:51:21.084+0000] {subprocess.py:106} INFO - 	heartbeat.interval.ms = 3000
[2026-04-12T09:51:21.085+0000] {subprocess.py:106} INFO - 	interceptor.classes = []
[2026-04-12T09:51:21.085+0000] {subprocess.py:106} INFO - 	internal.leave.group.on.close = true
[2026-04-12T09:51:21.086+0000] {subprocess.py:106} INFO - 	internal.throw.on.fetch.stable.offset.unsupported = false
[2026-04-12T09:51:21.087+0000] {subprocess.py:106} INFO - 	isolation.level = read_uncommitted
[2026-04-12T09:51:21.087+0000] {subprocess.py:106} INFO - 	key.deserializer = class org.apache.kafka.common.serialization.ByteArrayDeserializer
[2026-04-12T09:51:21.088+0000] {subprocess.py:106} INFO - 	max.partition.fetch.bytes = 1048576
[2026-04-12T09:51:21.088+0000] {subprocess.py:106} INFO - 	max.poll.interval.ms = 300000
[2026-04-12T09:51:21.089+0000] {subprocess.py:106} INFO - 	max.poll.records = 500
[2026-04-12T09:51:21.089+0000] {subprocess.py:106} INFO - 	metadata.max.age.ms = 300000
[2026-04-12T09:51:21.090+0000] {subprocess.py:106} INFO - 	metadata.recovery.strategy = none
[2026-04-12T09:51:21.090+0000] {subprocess.py:106} INFO - 	metric.reporters = []
[2026-04-12T09:51:21.091+0000] {subprocess.py:106} INFO - 	metrics.num.samples = 2
[2026-04-12T09:51:21.091+0000] {subprocess.py:106} INFO - 	metrics.recording.level = INFO
[2026-04-12T09:51:21.091+0000] {subprocess.py:106} INFO - 	metrics.sample.window.ms = 30000
[2026-04-12T09:51:21.092+0000] {subprocess.py:106} INFO - 	partition.assignment.strategy = [class org.apache.kafka.clients.consumer.RangeAssignor, class org.apache.kafka.clients.consumer.CooperativeStickyAssignor]
[2026-04-12T09:51:21.092+0000] {subprocess.py:106} INFO - 	receive.buffer.bytes = 65536
[2026-04-12T09:51:21.092+0000] {subprocess.py:106} INFO - 	reconnect.backoff.max.ms = 1000
[2026-04-12T09:51:21.093+0000] {subprocess.py:106} INFO - 	reconnect.backoff.ms = 50
[2026-04-12T09:51:21.093+0000] {subprocess.py:106} INFO - 	request.timeout.ms = 30000
[2026-04-12T09:51:21.094+0000] {subprocess.py:106} INFO - 	retry.backoff.max.ms = 1000
[2026-04-12T09:51:21.094+0000] {subprocess.py:106} INFO - 	retry.backoff.ms = 100
[2026-04-12T09:51:21.095+0000] {subprocess.py:106} INFO - 	sasl.client.callback.handler.class = null
[2026-04-12T09:51:21.095+0000] {subprocess.py:106} INFO - 	sasl.jaas.config = null
[2026-04-12T09:51:21.096+0000] {subprocess.py:106} INFO - 	sasl.kerberos.kinit.cmd = /usr/bin/kinit
[2026-04-12T09:51:21.096+0000] {subprocess.py:106} INFO - 	sasl.kerberos.min.time.before.relogin = 60000
[2026-04-12T09:51:21.097+0000] {subprocess.py:106} INFO - 	sasl.kerberos.service.name = null
[2026-04-12T09:51:21.097+0000] {subprocess.py:106} INFO - 	sasl.kerberos.ticket.renew.jitter = 0.05
[2026-04-12T09:51:21.098+0000] {subprocess.py:106} INFO - 	sasl.kerberos.ticket.renew.window.factor = 0.8
[2026-04-12T09:51:21.098+0000] {subprocess.py:106} INFO - 	sasl.login.callback.handler.class = null
[2026-04-12T09:51:21.098+0000] {subprocess.py:106} INFO - 	sasl.login.class = null
[2026-04-12T09:51:21.098+0000] {subprocess.py:106} INFO - 	sasl.login.connect.timeout.ms = null
[2026-04-12T09:51:21.099+0000] {subprocess.py:106} INFO - 	sasl.login.read.timeout.ms = null
[2026-04-12T09:51:21.099+0000] {subprocess.py:106} INFO - 	sasl.login.refresh.buffer.seconds = 300
[2026-04-12T09:51:21.100+0000] {subprocess.py:106} INFO - 	sasl.login.refresh.min.period.seconds = 60
[2026-04-12T09:51:21.100+0000] {subprocess.py:106} INFO - 	sasl.login.refresh.window.factor = 0.8
[2026-04-12T09:51:21.101+0000] {subprocess.py:106} INFO - 	sasl.login.refresh.window.jitter = 0.05
[2026-04-12T09:51:21.101+0000] {subprocess.py:106} INFO - 	sasl.login.retry.backoff.max.ms = 10000
[2026-04-12T09:51:21.101+0000] {subprocess.py:106} INFO - 	sasl.login.retry.backoff.ms = 100
[2026-04-12T09:51:21.102+0000] {subprocess.py:106} INFO - 	sasl.mechanism = GSSAPI
[2026-04-12T09:51:21.103+0000] {subprocess.py:106} INFO - 	sasl.oauthbearer.clock.skew.seconds = 30
[2026-04-12T09:51:21.103+0000] {subprocess.py:106} INFO - 	sasl.oauthbearer.expected.audience = null
[2026-04-12T09:51:21.104+0000] {subprocess.py:106} INFO - 	sasl.oauthbearer.expected.issuer = null
[2026-04-12T09:51:21.104+0000] {subprocess.py:106} INFO - 	sasl.oauthbearer.header.urlencode = false
[2026-04-12T09:51:21.104+0000] {subprocess.py:106} INFO - 	sasl.oauthbearer.jwks.endpoint.refresh.ms = 3600000
[2026-04-12T09:51:21.105+0000] {subprocess.py:106} INFO - 	sasl.oauthbearer.jwks.endpoint.retry.backoff.max.ms = 10000
[2026-04-12T09:51:21.106+0000] {subprocess.py:106} INFO - 	sasl.oauthbearer.jwks.endpoint.retry.backoff.ms = 100
[2026-04-12T09:51:21.106+0000] {subprocess.py:106} INFO - 	sasl.oauthbearer.jwks.endpoint.url = null
[2026-04-12T09:51:21.107+0000] {subprocess.py:106} INFO - 	sasl.oauthbearer.scope.claim.name = scope
[2026-04-12T09:51:21.107+0000] {subprocess.py:106} INFO - 	sasl.oauthbearer.sub.claim.name = sub
[2026-04-12T09:51:21.108+0000] {subprocess.py:106} INFO - 	sasl.oauthbearer.token.endpoint.url = null
[2026-04-12T09:51:21.108+0000] {subprocess.py:106} INFO - 	security.protocol = PLAINTEXT
[2026-04-12T09:51:21.109+0000] {subprocess.py:106} INFO - 	security.providers = null
[2026-04-12T09:51:21.109+0000] {subprocess.py:106} INFO - 	send.buffer.bytes = 131072
[2026-04-12T09:51:21.110+0000] {subprocess.py:106} INFO - 	session.timeout.ms = 45000
[2026-04-12T09:51:21.111+0000] {subprocess.py:106} INFO - 	socket.connection.setup.timeout.max.ms = 30000
[2026-04-12T09:51:21.112+0000] {subprocess.py:106} INFO - 	socket.connection.setup.timeout.ms = 10000
[2026-04-12T09:51:21.112+0000] {subprocess.py:106} INFO - 	ssl.cipher.suites = null
[2026-04-12T09:51:21.113+0000] {subprocess.py:106} INFO - 	ssl.enabled.protocols = [TLSv1.2, TLSv1.3]
[2026-04-12T09:51:21.114+0000] {subprocess.py:106} INFO - 	ssl.endpoint.identification.algorithm = https
[2026-04-12T09:51:21.114+0000] {subprocess.py:106} INFO - 	ssl.engine.factory.class = null
[2026-04-12T09:51:21.115+0000] {subprocess.py:106} INFO - 	ssl.key.password = null
[2026-04-12T09:51:21.115+0000] {subprocess.py:106} INFO - 	ssl.keymanager.algorithm = SunX509
[2026-04-12T09:51:21.115+0000] {subprocess.py:106} INFO - 	ssl.keystore.certificate.chain = null
[2026-04-12T09:51:21.116+0000] {subprocess.py:106} INFO - 	ssl.keystore.key = null
[2026-04-12T09:51:21.116+0000] {subprocess.py:106} INFO - 	ssl.keystore.location = null
[2026-04-12T09:51:21.116+0000] {subprocess.py:106} INFO - 	ssl.keystore.password = null
[2026-04-12T09:51:21.117+0000] {subprocess.py:106} INFO - 	ssl.keystore.type = JKS
[2026-04-12T09:51:21.117+0000] {subprocess.py:106} INFO - 	ssl.protocol = TLSv1.3
[2026-04-12T09:51:21.118+0000] {subprocess.py:106} INFO - 	ssl.provider = null
[2026-04-12T09:51:21.118+0000] {subprocess.py:106} INFO - 	ssl.secure.random.implementation = null
[2026-04-12T09:51:21.118+0000] {subprocess.py:106} INFO - 	ssl.trustmanager.algorithm = PKIX
[2026-04-12T09:51:21.119+0000] {subprocess.py:106} INFO - 	ssl.truststore.certificates = null
[2026-04-12T09:51:21.119+0000] {subprocess.py:106} INFO - 	ssl.truststore.location = null
[2026-04-12T09:51:21.119+0000] {subprocess.py:106} INFO - 	ssl.truststore.password = null
[2026-04-12T09:51:21.120+0000] {subprocess.py:106} INFO - 	ssl.truststore.type = JKS
[2026-04-12T09:51:21.120+0000] {subprocess.py:106} INFO - 	value.deserializer = class org.apache.kafka.common.serialization.ByteArrayDeserializer
[2026-04-12T09:51:21.121+0000] {subprocess.py:106} INFO - 
[2026-04-12T09:51:21.121+0000] {subprocess.py:106} INFO - 26/04/12 09:51:21 INFO ConsumerConfig: ConsumerConfig values:
[2026-04-12T09:51:21.121+0000] {subprocess.py:106} INFO - 	allow.auto.create.topics = true
[2026-04-12T09:51:21.122+0000] {subprocess.py:106} INFO - 	auto.commit.interval.ms = 5000
[2026-04-12T09:51:21.122+0000] {subprocess.py:106} INFO - 	auto.include.jmx.reporter = true
[2026-04-12T09:51:21.122+0000] {subprocess.py:106} INFO - 	auto.offset.reset = none
[2026-04-12T09:51:21.123+0000] {subprocess.py:106} INFO - 	bootstrap.servers = [kafka:9092]
[2026-04-12T09:51:21.123+0000] {subprocess.py:106} INFO - 	check.crcs = true
[2026-04-12T09:51:21.123+0000] {subprocess.py:106} INFO - 	client.dns.lookup = use_all_dns_ips
[2026-04-12T09:51:21.124+0000] {subprocess.py:106} INFO - 	client.id = consumer-spark-kafka-source-ce6a14bf-7b8f-4c2e-8c52-05fcf0153d61--983882313-executor-3
[2026-04-12T09:51:21.124+0000] {subprocess.py:106} INFO - 	client.rack =
[2026-04-12T09:51:21.124+0000] {subprocess.py:106} INFO - 	connections.max.idle.ms = 540000
[2026-04-12T09:51:21.125+0000] {subprocess.py:106} INFO - 	default.api.timeout.ms = 60000
[2026-04-12T09:51:21.125+0000] {subprocess.py:106} INFO - 	enable.auto.commit = false
[2026-04-12T09:51:21.125+0000] {subprocess.py:106} INFO - 	enable.metrics.push = true
[2026-04-12T09:51:21.126+0000] {subprocess.py:106} INFO - 	exclude.internal.topics = true
[2026-04-12T09:51:21.126+0000] {subprocess.py:106} INFO - 	fetch.max.bytes = 52428800
[2026-04-12T09:51:21.126+0000] {subprocess.py:106} INFO - 	fetch.max.wait.ms = 500
[2026-04-12T09:51:21.127+0000] {subprocess.py:106} INFO - 	fetch.min.bytes = 1
[2026-04-12T09:51:21.127+0000] {subprocess.py:106} INFO - 	group.id = spark-kafka-source-ce6a14bf-7b8f-4c2e-8c52-05fcf0153d61--983882313-executor
[2026-04-12T09:51:21.127+0000] {subprocess.py:106} INFO - 	group.instance.id = null
[2026-04-12T09:51:21.128+0000] {subprocess.py:106} INFO - 	group.protocol = classic
[2026-04-12T09:51:21.128+0000] {subprocess.py:106} INFO - 	group.remote.assignor = null
[2026-04-12T09:51:21.128+0000] {subprocess.py:106} INFO - 	heartbeat.interval.ms = 3000
[2026-04-12T09:51:21.129+0000] {subprocess.py:106} INFO - 	interceptor.classes = []
[2026-04-12T09:51:21.129+0000] {subprocess.py:106} INFO - 	internal.leave.group.on.close = true
[2026-04-12T09:51:21.129+0000] {subprocess.py:106} INFO - 	internal.throw.on.fetch.stable.offset.unsupported = false
[2026-04-12T09:51:21.130+0000] {subprocess.py:106} INFO - 	isolation.level = read_uncommitted
[2026-04-12T09:51:21.130+0000] {subprocess.py:106} INFO - 	key.deserializer = class org.apache.kafka.common.serialization.ByteArrayDeserializer
[2026-04-12T09:51:21.130+0000] {subprocess.py:106} INFO - 	max.partition.fetch.bytes = 1048576
[2026-04-12T09:51:21.131+0000] {subprocess.py:106} INFO - 	max.poll.interval.ms = 300000
[2026-04-12T09:51:21.131+0000] {subprocess.py:106} INFO - 	max.poll.records = 500
[2026-04-12T09:51:21.131+0000] {subprocess.py:106} INFO - 	metadata.max.age.ms = 300000
[2026-04-12T09:51:21.132+0000] {subprocess.py:106} INFO - 	metadata.recovery.strategy = none
[2026-04-12T09:51:21.132+0000] {subprocess.py:106} INFO - 	metric.reporters = []
[2026-04-12T09:51:21.132+0000] {subprocess.py:106} INFO - 	metrics.num.samples = 2
[2026-04-12T09:51:21.133+0000] {subprocess.py:106} INFO - 	metrics.recording.level = INFO
[2026-04-12T09:51:21.133+0000] {subprocess.py:106} INFO - 	metrics.sample.window.ms = 30000
[2026-04-12T09:51:21.134+0000] {subprocess.py:106} INFO - 	partition.assignment.strategy = [class org.apache.kafka.clients.consumer.RangeAssignor, class org.apache.kafka.clients.consumer.CooperativeStickyAssignor]
[2026-04-12T09:51:21.134+0000] {subprocess.py:106} INFO - 	receive.buffer.bytes = 65536
[2026-04-12T09:51:21.134+0000] {subprocess.py:106} INFO - 	reconnect.backoff.max.ms = 1000
[2026-04-12T09:51:21.135+0000] {subprocess.py:106} INFO - 	reconnect.backoff.ms = 50
[2026-04-12T09:51:21.135+0000] {subprocess.py:106} INFO - 	request.timeout.ms = 30000
[2026-04-12T09:51:21.136+0000] {subprocess.py:106} INFO - 	retry.backoff.max.ms = 1000
[2026-04-12T09:51:21.136+0000] {subprocess.py:106} INFO - 	retry.backoff.ms = 100
[2026-04-12T09:51:21.136+0000] {subprocess.py:106} INFO - 	sasl.client.callback.handler.class = null
[2026-04-12T09:51:21.137+0000] {subprocess.py:106} INFO - 	sasl.jaas.config = null
[2026-04-12T09:51:21.137+0000] {subprocess.py:106} INFO - 	sasl.kerberos.kinit.cmd = /usr/bin/kinit
[2026-04-12T09:51:21.138+0000] {subprocess.py:106} INFO - 	sasl.kerberos.min.time.before.relogin = 60000
[2026-04-12T09:51:21.138+0000] {subprocess.py:106} INFO - 	sasl.kerberos.service.name = null
[2026-04-12T09:51:21.138+0000] {subprocess.py:106} INFO - 	sasl.kerberos.ticket.renew.jitter = 0.05
[2026-04-12T09:51:21.139+0000] {subprocess.py:106} INFO - 	sasl.kerberos.ticket.renew.window.factor = 0.8
[2026-04-12T09:51:21.139+0000] {subprocess.py:106} INFO - 	sasl.login.callback.handler.class = null
[2026-04-12T09:51:21.139+0000] {subprocess.py:106} INFO - 	sasl.login.class = null
[2026-04-12T09:51:21.140+0000] {subprocess.py:106} INFO - 	sasl.login.connect.timeout.ms = null
[2026-04-12T09:51:21.140+0000] {subprocess.py:106} INFO - 	sasl.login.read.timeout.ms = null
[2026-04-12T09:51:21.141+0000] {subprocess.py:106} INFO - 	sasl.login.refresh.buffer.seconds = 300
[2026-04-12T09:51:21.141+0000] {subprocess.py:106} INFO - 	sasl.login.refresh.min.period.seconds = 60
[2026-04-12T09:51:21.141+0000] {subprocess.py:106} INFO - 	sasl.login.refresh.window.factor = 0.8
[2026-04-12T09:51:21.142+0000] {subprocess.py:106} INFO - 	sasl.login.refresh.window.jitter = 0.05
[2026-04-12T09:51:21.142+0000] {subprocess.py:106} INFO - 	sasl.login.retry.backoff.max.ms = 10000
[2026-04-12T09:51:21.142+0000] {subprocess.py:106} INFO - 	sasl.login.retry.backoff.ms = 100
[2026-04-12T09:51:21.143+0000] {subprocess.py:106} INFO - 	sasl.mechanism = GSSAPI
[2026-04-12T09:51:21.143+0000] {subprocess.py:106} INFO - 	sasl.oauthbearer.clock.skew.seconds = 30
[2026-04-12T09:51:21.143+0000] {subprocess.py:106} INFO - 	sasl.oauthbearer.expected.audience = null
[2026-04-12T09:51:21.144+0000] {subprocess.py:106} INFO - 	sasl.oauthbearer.expected.issuer = null
[2026-04-12T09:51:21.144+0000] {subprocess.py:106} INFO - 	sasl.oauthbearer.header.urlencode = false
[2026-04-12T09:51:21.145+0000] {subprocess.py:106} INFO - 	sasl.oauthbearer.jwks.endpoint.refresh.ms = 3600000
[2026-04-12T09:51:21.145+0000] {subprocess.py:106} INFO - 	sasl.oauthbearer.jwks.endpoint.retry.backoff.max.ms = 10000
[2026-04-12T09:51:21.145+0000] {subprocess.py:106} INFO - 	sasl.oauthbearer.jwks.endpoint.retry.backoff.ms = 100
[2026-04-12T09:51:21.146+0000] {subprocess.py:106} INFO - 	sasl.oauthbearer.jwks.endpoint.url = null
[2026-04-12T09:51:21.146+0000] {subprocess.py:106} INFO - 	sasl.oauthbearer.scope.claim.name = scope
[2026-04-12T09:51:21.146+0000] {subprocess.py:106} INFO - 	sasl.oauthbearer.sub.claim.name = sub
[2026-04-12T09:51:21.147+0000] {subprocess.py:106} INFO - 	sasl.oauthbearer.token.endpoint.url = null
[2026-04-12T09:51:21.147+0000] {subprocess.py:106} INFO - 	security.protocol = PLAINTEXT
[2026-04-12T09:51:21.147+0000] {subprocess.py:106} INFO - 	security.providers = null
[2026-04-12T09:51:21.148+0000] {subprocess.py:106} INFO - 	send.buffer.bytes = 131072
[2026-04-12T09:51:21.148+0000] {subprocess.py:106} INFO - 	session.timeout.ms = 45000
[2026-04-12T09:51:21.149+0000] {subprocess.py:106} INFO - 	socket.connection.setup.timeout.max.ms = 30000
[2026-04-12T09:51:21.149+0000] {subprocess.py:106} INFO - 	socket.connection.setup.timeout.ms = 10000
[2026-04-12T09:51:21.150+0000] {subprocess.py:106} INFO - 	ssl.cipher.suites = null
[2026-04-12T09:51:21.150+0000] {subprocess.py:106} INFO - 	ssl.enabled.protocols = [TLSv1.2, TLSv1.3]
[2026-04-12T09:51:21.151+0000] {subprocess.py:106} INFO - 	ssl.endpoint.identification.algorithm = https
[2026-04-12T09:51:21.151+0000] {subprocess.py:106} INFO - 	ssl.engine.factory.class = null
[2026-04-12T09:51:21.151+0000] {subprocess.py:106} INFO - 	ssl.key.password = null
[2026-04-12T09:51:21.152+0000] {subprocess.py:106} INFO - 	ssl.keymanager.algorithm = SunX509
[2026-04-12T09:51:21.152+0000] {subprocess.py:106} INFO - 	ssl.keystore.certificate.chain = null
[2026-04-12T09:51:21.153+0000] {subprocess.py:106} INFO - 	ssl.keystore.key = null
[2026-04-12T09:51:21.153+0000] {subprocess.py:106} INFO - 	ssl.keystore.location = null
[2026-04-12T09:51:21.154+0000] {subprocess.py:106} INFO - 	ssl.keystore.password = null
[2026-04-12T09:51:21.154+0000] {subprocess.py:106} INFO - 	ssl.keystore.type = JKS
[2026-04-12T09:51:21.155+0000] {subprocess.py:106} INFO - 	ssl.protocol = TLSv1.3
[2026-04-12T09:51:21.155+0000] {subprocess.py:106} INFO - 	ssl.provider = null
[2026-04-12T09:51:21.155+0000] {subprocess.py:106} INFO - 	ssl.secure.random.implementation = null
[2026-04-12T09:51:21.156+0000] {subprocess.py:106} INFO - 	ssl.trustmanager.algorithm = PKIX
[2026-04-12T09:51:21.156+0000] {subprocess.py:106} INFO - 	ssl.truststore.certificates = null
[2026-04-12T09:51:21.157+0000] {subprocess.py:106} INFO - 	ssl.truststore.location = null
[2026-04-12T09:51:21.157+0000] {subprocess.py:106} INFO - 	ssl.truststore.password = null
[2026-04-12T09:51:21.158+0000] {subprocess.py:106} INFO - 	ssl.truststore.type = JKS
[2026-04-12T09:51:21.158+0000] {subprocess.py:106} INFO - 	value.deserializer = class org.apache.kafka.common.serialization.ByteArrayDeserializer
[2026-04-12T09:51:21.159+0000] {subprocess.py:106} INFO - 
[2026-04-12T09:51:21.159+0000] {subprocess.py:106} INFO - 26/04/12 09:51:21 INFO ConsumerConfig: ConsumerConfig values:
[2026-04-12T09:51:21.160+0000] {subprocess.py:106} INFO - 	allow.auto.create.topics = true
[2026-04-12T09:51:21.161+0000] {subprocess.py:106} INFO - 	auto.commit.interval.ms = 5000
[2026-04-12T09:51:21.161+0000] {subprocess.py:106} INFO - 	auto.include.jmx.reporter = true
[2026-04-12T09:51:21.161+0000] {subprocess.py:106} INFO - 	auto.offset.reset = none
[2026-04-12T09:51:21.162+0000] {subprocess.py:106} INFO - 	bootstrap.servers = [kafka:9092]
[2026-04-12T09:51:21.162+0000] {subprocess.py:106} INFO - 	check.crcs = true
[2026-04-12T09:51:21.163+0000] {subprocess.py:106} INFO - 	client.dns.lookup = use_all_dns_ips
[2026-04-12T09:51:21.163+0000] {subprocess.py:106} INFO - 	client.id = consumer-spark-kafka-source-ce6a14bf-7b8f-4c2e-8c52-05fcf0153d61--983882313-executor-2
[2026-04-12T09:51:21.164+0000] {subprocess.py:106} INFO - 	client.rack =
[2026-04-12T09:51:21.164+0000] {subprocess.py:106} INFO - 	connections.max.idle.ms = 540000
[2026-04-12T09:51:21.164+0000] {subprocess.py:106} INFO - 	default.api.timeout.ms = 60000
[2026-04-12T09:51:21.165+0000] {subprocess.py:106} INFO - 	enable.auto.commit = false
[2026-04-12T09:51:21.165+0000] {subprocess.py:106} INFO - 	enable.metrics.push = true
[2026-04-12T09:51:21.166+0000] {subprocess.py:106} INFO - 	exclude.internal.topics = true
[2026-04-12T09:51:21.167+0000] {subprocess.py:106} INFO - 	fetch.max.bytes = 52428800
[2026-04-12T09:51:21.168+0000] {subprocess.py:106} INFO - 	fetch.max.wait.ms = 500
[2026-04-12T09:51:21.168+0000] {subprocess.py:106} INFO - 	fetch.min.bytes = 1
[2026-04-12T09:51:21.169+0000] {subprocess.py:106} INFO - 	group.id = spark-kafka-source-ce6a14bf-7b8f-4c2e-8c52-05fcf0153d61--983882313-executor
[2026-04-12T09:51:21.169+0000] {subprocess.py:106} INFO - 	group.instance.id = null
[2026-04-12T09:51:21.169+0000] {subprocess.py:106} INFO - 	group.protocol = classic
[2026-04-12T09:51:21.170+0000] {subprocess.py:106} INFO - 	group.remote.assignor = null
[2026-04-12T09:51:21.170+0000] {subprocess.py:106} INFO - 	heartbeat.interval.ms = 3000
[2026-04-12T09:51:21.170+0000] {subprocess.py:106} INFO - 	interceptor.classes = []
[2026-04-12T09:51:21.171+0000] {subprocess.py:106} INFO - 	internal.leave.group.on.close = true
[2026-04-12T09:51:21.171+0000] {subprocess.py:106} INFO - 	internal.throw.on.fetch.stable.offset.unsupported = false
[2026-04-12T09:51:21.171+0000] {subprocess.py:106} INFO - 	isolation.level = read_uncommitted
[2026-04-12T09:51:21.172+0000] {subprocess.py:106} INFO - 	key.deserializer = class org.apache.kafka.common.serialization.ByteArrayDeserializer
[2026-04-12T09:51:21.172+0000] {subprocess.py:106} INFO - 	max.partition.fetch.bytes = 1048576
[2026-04-12T09:51:21.172+0000] {subprocess.py:106} INFO - 	max.poll.interval.ms = 300000
[2026-04-12T09:51:21.173+0000] {subprocess.py:106} INFO - 	max.poll.records = 500
[2026-04-12T09:51:21.173+0000] {subprocess.py:106} INFO - 	metadata.max.age.ms = 300000
[2026-04-12T09:51:21.174+0000] {subprocess.py:106} INFO - 	metadata.recovery.strategy = none
[2026-04-12T09:51:21.174+0000] {subprocess.py:106} INFO - 	metric.reporters = []
[2026-04-12T09:51:21.174+0000] {subprocess.py:106} INFO - 	metrics.num.samples = 2
[2026-04-12T09:51:21.175+0000] {subprocess.py:106} INFO - 	metrics.recording.level = INFO
[2026-04-12T09:51:21.175+0000] {subprocess.py:106} INFO - 	metrics.sample.window.ms = 30000
[2026-04-12T09:51:21.175+0000] {subprocess.py:106} INFO - 	partition.assignment.strategy = [class org.apache.kafka.clients.consumer.RangeAssignor, class org.apache.kafka.clients.consumer.CooperativeStickyAssignor]
[2026-04-12T09:51:21.176+0000] {subprocess.py:106} INFO - 	receive.buffer.bytes = 65536
[2026-04-12T09:51:21.176+0000] {subprocess.py:106} INFO - 	reconnect.backoff.max.ms = 1000
[2026-04-12T09:51:21.176+0000] {subprocess.py:106} INFO - 	reconnect.backoff.ms = 50
[2026-04-12T09:51:21.177+0000] {subprocess.py:106} INFO - 	request.timeout.ms = 30000
[2026-04-12T09:51:21.177+0000] {subprocess.py:106} INFO - 	retry.backoff.max.ms = 1000
[2026-04-12T09:51:21.177+0000] {subprocess.py:106} INFO - 	retry.backoff.ms = 100
[2026-04-12T09:51:21.178+0000] {subprocess.py:106} INFO - 	sasl.client.callback.handler.class = null
[2026-04-12T09:51:21.178+0000] {subprocess.py:106} INFO - 	sasl.jaas.config = null
[2026-04-12T09:51:21.178+0000] {subprocess.py:106} INFO - 	sasl.kerberos.kinit.cmd = /usr/bin/kinit
[2026-04-12T09:51:21.179+0000] {subprocess.py:106} INFO - 	sasl.kerberos.min.time.before.relogin = 60000
[2026-04-12T09:51:21.179+0000] {subprocess.py:106} INFO - 	sasl.kerberos.service.name = null
[2026-04-12T09:51:21.179+0000] {subprocess.py:106} INFO - 	sasl.kerberos.ticket.renew.jitter = 0.05
[2026-04-12T09:51:21.180+0000] {subprocess.py:106} INFO - 	sasl.kerberos.ticket.renew.window.factor = 0.8
[2026-04-12T09:51:21.180+0000] {subprocess.py:106} INFO - 	sasl.login.callback.handler.class = null
[2026-04-12T09:51:21.180+0000] {subprocess.py:106} INFO - 	sasl.login.class = null
[2026-04-12T09:51:21.181+0000] {subprocess.py:106} INFO - 	sasl.login.connect.timeout.ms = null
[2026-04-12T09:51:21.181+0000] {subprocess.py:106} INFO - 	sasl.login.read.timeout.ms = null
[2026-04-12T09:51:21.181+0000] {subprocess.py:106} INFO - 	sasl.login.refresh.buffer.seconds = 300
[2026-04-12T09:51:21.182+0000] {subprocess.py:106} INFO - 	sasl.login.refresh.min.period.seconds = 60
[2026-04-12T09:51:21.182+0000] {subprocess.py:106} INFO - 	sasl.login.refresh.window.factor = 0.8
[2026-04-12T09:51:21.182+0000] {subprocess.py:106} INFO - 	sasl.login.refresh.window.jitter = 0.05
[2026-04-12T09:51:21.182+0000] {subprocess.py:106} INFO - 	sasl.login.retry.backoff.max.ms = 10000
[2026-04-12T09:51:21.183+0000] {subprocess.py:106} INFO - 	sasl.login.retry.backoff.ms = 100
[2026-04-12T09:51:21.183+0000] {subprocess.py:106} INFO - 	sasl.mechanism = GSSAPI
[2026-04-12T09:51:21.183+0000] {subprocess.py:106} INFO - 	sasl.oauthbearer.clock.skew.seconds = 30
[2026-04-12T09:51:21.184+0000] {subprocess.py:106} INFO - 	sasl.oauthbearer.expected.audience = null
[2026-04-12T09:51:21.184+0000] {subprocess.py:106} INFO - 	sasl.oauthbearer.expected.issuer = null
[2026-04-12T09:51:21.185+0000] {subprocess.py:106} INFO - 	sasl.oauthbearer.header.urlencode = false
[2026-04-12T09:51:21.185+0000] {subprocess.py:106} INFO - 	sasl.oauthbearer.jwks.endpoint.refresh.ms = 3600000
[2026-04-12T09:51:21.185+0000] {subprocess.py:106} INFO - 	sasl.oauthbearer.jwks.endpoint.retry.backoff.max.ms = 10000
[2026-04-12T09:51:21.186+0000] {subprocess.py:106} INFO - 	sasl.oauthbearer.jwks.endpoint.retry.backoff.ms = 100
[2026-04-12T09:51:21.186+0000] {subprocess.py:106} INFO - 	sasl.oauthbearer.jwks.endpoint.url = null
[2026-04-12T09:51:21.186+0000] {subprocess.py:106} INFO - 	sasl.oauthbearer.scope.claim.name = scope
[2026-04-12T09:51:21.187+0000] {subprocess.py:106} INFO - 	sasl.oauthbearer.sub.claim.name = sub
[2026-04-12T09:51:21.187+0000] {subprocess.py:106} INFO - 	sasl.oauthbearer.token.endpoint.url = null
[2026-04-12T09:51:21.187+0000] {subprocess.py:106} INFO - 	security.protocol = PLAINTEXT
[2026-04-12T09:51:21.188+0000] {subprocess.py:106} INFO - 	security.providers = null
[2026-04-12T09:51:21.188+0000] {subprocess.py:106} INFO - 	send.buffer.bytes = 131072
[2026-04-12T09:51:21.189+0000] {subprocess.py:106} INFO - 	session.timeout.ms = 45000
[2026-04-12T09:51:21.189+0000] {subprocess.py:106} INFO - 	socket.connection.setup.timeout.max.ms = 30000
[2026-04-12T09:51:21.189+0000] {subprocess.py:106} INFO - 	socket.connection.setup.timeout.ms = 10000
[2026-04-12T09:51:21.190+0000] {subprocess.py:106} INFO - 	ssl.cipher.suites = null
[2026-04-12T09:51:21.190+0000] {subprocess.py:106} INFO - 	ssl.enabled.protocols = [TLSv1.2, TLSv1.3]
[2026-04-12T09:51:21.191+0000] {subprocess.py:106} INFO - 	ssl.endpoint.identification.algorithm = https
[2026-04-12T09:51:21.191+0000] {subprocess.py:106} INFO - 	ssl.engine.factory.class = null
[2026-04-12T09:51:21.192+0000] {subprocess.py:106} INFO - 	ssl.key.password = null
[2026-04-12T09:51:21.192+0000] {subprocess.py:106} INFO - 	ssl.keymanager.algorithm = SunX509
[2026-04-12T09:51:21.192+0000] {subprocess.py:106} INFO - 	ssl.keystore.certificate.chain = null
[2026-04-12T09:51:21.193+0000] {subprocess.py:106} INFO - 	ssl.keystore.key = null
[2026-04-12T09:51:21.193+0000] {subprocess.py:106} INFO - 	ssl.keystore.location = null
[2026-04-12T09:51:21.193+0000] {subprocess.py:106} INFO - 	ssl.keystore.password = null
[2026-04-12T09:51:21.194+0000] {subprocess.py:106} INFO - 	ssl.keystore.type = JKS
[2026-04-12T09:51:21.194+0000] {subprocess.py:106} INFO - 	ssl.protocol = TLSv1.3
[2026-04-12T09:51:21.194+0000] {subprocess.py:106} INFO - 	ssl.provider = null
[2026-04-12T09:51:21.195+0000] {subprocess.py:106} INFO - 	ssl.secure.random.implementation = null
[2026-04-12T09:51:21.195+0000] {subprocess.py:106} INFO - 	ssl.trustmanager.algorithm = PKIX
[2026-04-12T09:51:21.196+0000] {subprocess.py:106} INFO - 	ssl.truststore.certificates = null
[2026-04-12T09:51:21.196+0000] {subprocess.py:106} INFO - 	ssl.truststore.location = null
[2026-04-12T09:51:21.196+0000] {subprocess.py:106} INFO - 	ssl.truststore.password = null
[2026-04-12T09:51:21.197+0000] {subprocess.py:106} INFO - 	ssl.truststore.type = JKS
[2026-04-12T09:51:21.197+0000] {subprocess.py:106} INFO - 	value.deserializer = class org.apache.kafka.common.serialization.ByteArrayDeserializer
[2026-04-12T09:51:21.197+0000] {subprocess.py:106} INFO - 
[2026-04-12T09:51:21.198+0000] {subprocess.py:106} INFO - 26/04/12 09:51:21 INFO KafkaMetricsCollector: initializing Kafka metrics collector
[2026-04-12T09:51:21.198+0000] {subprocess.py:106} INFO - 26/04/12 09:51:21 INFO KafkaMetricsCollector: initializing Kafka metrics collector
[2026-04-12T09:51:21.199+0000] {subprocess.py:106} INFO - 26/04/12 09:51:21 INFO KafkaMetricsCollector: initializing Kafka metrics collector
[2026-04-12T09:51:21.288+0000] {subprocess.py:106} INFO - 26/04/12 09:51:21 INFO AppInfoParser: Kafka version: 3.9.0
[2026-04-12T09:51:21.289+0000] {subprocess.py:106} INFO - 26/04/12 09:51:21 INFO AppInfoParser: Kafka commitId: 84caaa6e9da06435
[2026-04-12T09:51:21.289+0000] {subprocess.py:106} INFO - 26/04/12 09:51:21 INFO AppInfoParser: Kafka startTimeMs: 1775987481284
[2026-04-12T09:51:21.291+0000] {subprocess.py:106} INFO - 26/04/12 09:51:21 INFO AppInfoParser: Kafka version: 3.9.0
[2026-04-12T09:51:21.292+0000] {subprocess.py:106} INFO - 26/04/12 09:51:21 INFO AppInfoParser: Kafka commitId: 84caaa6e9da06435
[2026-04-12T09:51:21.293+0000] {subprocess.py:106} INFO - 26/04/12 09:51:21 INFO AppInfoParser: Kafka startTimeMs: 1775987481285
[2026-04-12T09:51:21.293+0000] {subprocess.py:106} INFO - 26/04/12 09:51:21 INFO AppInfoParser: Kafka version: 3.9.0
[2026-04-12T09:51:21.294+0000] {subprocess.py:106} INFO - 26/04/12 09:51:21 INFO AppInfoParser: Kafka commitId: 84caaa6e9da06435
[2026-04-12T09:51:21.294+0000] {subprocess.py:106} INFO - 26/04/12 09:51:21 INFO AppInfoParser: Kafka startTimeMs: 1775987481284
[2026-04-12T09:51:21.295+0000] {subprocess.py:106} INFO - 26/04/12 09:51:21 INFO ClassicKafkaConsumer: [Consumer clientId=consumer-spark-kafka-source-ce6a14bf-7b8f-4c2e-8c52-05fcf0153d61--983882313-executor-1, groupId=spark-kafka-source-ce6a14bf-7b8f-4c2e-8c52-05fcf0153d61--983882313-executor] Assigned to partition(s): weather-topic-2
[2026-04-12T09:51:21.296+0000] {subprocess.py:106} INFO - 26/04/12 09:51:21 INFO ClassicKafkaConsumer: [Consumer clientId=consumer-spark-kafka-source-ce6a14bf-7b8f-4c2e-8c52-05fcf0153d61--983882313-executor-2, groupId=spark-kafka-source-ce6a14bf-7b8f-4c2e-8c52-05fcf0153d61--983882313-executor] Assigned to partition(s): weather-topic-1
[2026-04-12T09:51:21.296+0000] {subprocess.py:106} INFO - 26/04/12 09:51:21 INFO ClassicKafkaConsumer: [Consumer clientId=consumer-spark-kafka-source-ce6a14bf-7b8f-4c2e-8c52-05fcf0153d61--983882313-executor-3, groupId=spark-kafka-source-ce6a14bf-7b8f-4c2e-8c52-05fcf0153d61--983882313-executor] Assigned to partition(s): weather-topic-0
[2026-04-12T09:51:21.307+0000] {subprocess.py:106} INFO - 26/04/12 09:51:21 INFO ClassicKafkaConsumer: [Consumer clientId=consumer-spark-kafka-source-ce6a14bf-7b8f-4c2e-8c52-05fcf0153d61--983882313-executor-3, groupId=spark-kafka-source-ce6a14bf-7b8f-4c2e-8c52-05fcf0153d61--983882313-executor] Seeking to offset 0 for partition weather-topic-0
[2026-04-12T09:51:21.308+0000] {subprocess.py:106} INFO - 26/04/12 09:51:21 INFO ClassicKafkaConsumer: [Consumer clientId=consumer-spark-kafka-source-ce6a14bf-7b8f-4c2e-8c52-05fcf0153d61--983882313-executor-2, groupId=spark-kafka-source-ce6a14bf-7b8f-4c2e-8c52-05fcf0153d61--983882313-executor] Seeking to offset 0 for partition weather-topic-1
[2026-04-12T09:51:21.308+0000] {subprocess.py:106} INFO - 26/04/12 09:51:21 INFO ClassicKafkaConsumer: [Consumer clientId=consumer-spark-kafka-source-ce6a14bf-7b8f-4c2e-8c52-05fcf0153d61--983882313-executor-1, groupId=spark-kafka-source-ce6a14bf-7b8f-4c2e-8c52-05fcf0153d61--983882313-executor] Seeking to offset 0 for partition weather-topic-2
[2026-04-12T09:51:21.839+0000] {subprocess.py:106} INFO - 26/04/12 09:51:21 INFO Metadata: [Consumer clientId=consumer-spark-kafka-source-ce6a14bf-7b8f-4c2e-8c52-05fcf0153d61--983882313-executor-1, groupId=spark-kafka-source-ce6a14bf-7b8f-4c2e-8c52-05fcf0153d61--983882313-executor] Cluster ID: gpK9xJXgQS6Leigq2_j9WA
[2026-04-12T09:51:21.840+0000] {subprocess.py:106} INFO - 26/04/12 09:51:21 INFO Metadata: [Consumer clientId=consumer-spark-kafka-source-ce6a14bf-7b8f-4c2e-8c52-05fcf0153d61--983882313-executor-3, groupId=spark-kafka-source-ce6a14bf-7b8f-4c2e-8c52-05fcf0153d61--983882313-executor] Cluster ID: gpK9xJXgQS6Leigq2_j9WA
[2026-04-12T09:51:21.840+0000] {subprocess.py:106} INFO - 26/04/12 09:51:21 INFO Metadata: [Consumer clientId=consumer-spark-kafka-source-ce6a14bf-7b8f-4c2e-8c52-05fcf0153d61--983882313-executor-2, groupId=spark-kafka-source-ce6a14bf-7b8f-4c2e-8c52-05fcf0153d61--983882313-executor] Cluster ID: gpK9xJXgQS6Leigq2_j9WA
[2026-04-12T09:51:21.908+0000] {subprocess.py:106} INFO - 26/04/12 09:51:21 INFO SubscriptionState: [Consumer clientId=consumer-spark-kafka-source-ce6a14bf-7b8f-4c2e-8c52-05fcf0153d61--983882313-executor-1, groupId=spark-kafka-source-ce6a14bf-7b8f-4c2e-8c52-05fcf0153d61--983882313-executor] Seeking to earliest offset of partition weather-topic-2
[2026-04-12T09:51:21.909+0000] {subprocess.py:106} INFO - 26/04/12 09:51:21 INFO SubscriptionState: [Consumer clientId=consumer-spark-kafka-source-ce6a14bf-7b8f-4c2e-8c52-05fcf0153d61--983882313-executor-3, groupId=spark-kafka-source-ce6a14bf-7b8f-4c2e-8c52-05fcf0153d61--983882313-executor] Seeking to earliest offset of partition weather-topic-0
[2026-04-12T09:51:21.909+0000] {subprocess.py:106} INFO - 26/04/12 09:51:21 INFO SubscriptionState: [Consumer clientId=consumer-spark-kafka-source-ce6a14bf-7b8f-4c2e-8c52-05fcf0153d61--983882313-executor-2, groupId=spark-kafka-source-ce6a14bf-7b8f-4c2e-8c52-05fcf0153d61--983882313-executor] Seeking to earliest offset of partition weather-topic-1
[2026-04-12T09:51:22.411+0000] {subprocess.py:106} INFO - 26/04/12 09:51:22 INFO SubscriptionState: [Consumer clientId=consumer-spark-kafka-source-ce6a14bf-7b8f-4c2e-8c52-05fcf0153d61--983882313-executor-3, groupId=spark-kafka-source-ce6a14bf-7b8f-4c2e-8c52-05fcf0153d61--983882313-executor] Resetting offset for partition weather-topic-0 to position FetchPosition{offset=0, offsetEpoch=Optional.empty, currentLeader=LeaderAndEpoch{leader=Optional[kafka:9092 (id: 1 rack: null)], epoch=0}}.
[2026-04-12T09:51:22.412+0000] {subprocess.py:106} INFO - 26/04/12 09:51:22 INFO SubscriptionState: [Consumer clientId=consumer-spark-kafka-source-ce6a14bf-7b8f-4c2e-8c52-05fcf0153d61--983882313-executor-1, groupId=spark-kafka-source-ce6a14bf-7b8f-4c2e-8c52-05fcf0153d61--983882313-executor] Resetting offset for partition weather-topic-2 to position FetchPosition{offset=0, offsetEpoch=Optional.empty, currentLeader=LeaderAndEpoch{leader=Optional[kafka:9092 (id: 1 rack: null)], epoch=0}}.
[2026-04-12T09:51:22.413+0000] {subprocess.py:106} INFO - 26/04/12 09:51:22 INFO SubscriptionState: [Consumer clientId=consumer-spark-kafka-source-ce6a14bf-7b8f-4c2e-8c52-05fcf0153d61--983882313-executor-2, groupId=spark-kafka-source-ce6a14bf-7b8f-4c2e-8c52-05fcf0153d61--983882313-executor] Resetting offset for partition weather-topic-1 to position FetchPosition{offset=0, offsetEpoch=Optional.empty, currentLeader=LeaderAndEpoch{leader=Optional[kafka:9092 (id: 1 rack: null)], epoch=0}}.
[2026-04-12T09:51:22.413+0000] {subprocess.py:106} INFO - 26/04/12 09:51:22 INFO SubscriptionState: [Consumer clientId=consumer-spark-kafka-source-ce6a14bf-7b8f-4c2e-8c52-05fcf0153d61--983882313-executor-3, groupId=spark-kafka-source-ce6a14bf-7b8f-4c2e-8c52-05fcf0153d61--983882313-executor] Seeking to latest offset of partition weather-topic-0
[2026-04-12T09:51:22.414+0000] {subprocess.py:106} INFO - 26/04/12 09:51:22 INFO SubscriptionState: [Consumer clientId=consumer-spark-kafka-source-ce6a14bf-7b8f-4c2e-8c52-05fcf0153d61--983882313-executor-1, groupId=spark-kafka-source-ce6a14bf-7b8f-4c2e-8c52-05fcf0153d61--983882313-executor] Seeking to latest offset of partition weather-topic-2
[2026-04-12T09:51:22.415+0000] {subprocess.py:106} INFO - 26/04/12 09:51:22 INFO SubscriptionState: [Consumer clientId=consumer-spark-kafka-source-ce6a14bf-7b8f-4c2e-8c52-05fcf0153d61--983882313-executor-2, groupId=spark-kafka-source-ce6a14bf-7b8f-4c2e-8c52-05fcf0153d61--983882313-executor] Seeking to latest offset of partition weather-topic-1
[2026-04-12T09:51:22.415+0000] {subprocess.py:106} INFO - 26/04/12 09:51:22 INFO SubscriptionState: [Consumer clientId=consumer-spark-kafka-source-ce6a14bf-7b8f-4c2e-8c52-05fcf0153d61--983882313-executor-3, groupId=spark-kafka-source-ce6a14bf-7b8f-4c2e-8c52-05fcf0153d61--983882313-executor] Resetting offset for partition weather-topic-0 to position FetchPosition{offset=7, offsetEpoch=Optional.empty, currentLeader=LeaderAndEpoch{leader=Optional[kafka:9092 (id: 1 rack: null)], epoch=0}}.
[2026-04-12T09:51:22.415+0000] {subprocess.py:106} INFO - 26/04/12 09:51:22 INFO SubscriptionState: [Consumer clientId=consumer-spark-kafka-source-ce6a14bf-7b8f-4c2e-8c52-05fcf0153d61--983882313-executor-2, groupId=spark-kafka-source-ce6a14bf-7b8f-4c2e-8c52-05fcf0153d61--983882313-executor] Resetting offset for partition weather-topic-1 to position FetchPosition{offset=6, offsetEpoch=Optional.empty, currentLeader=LeaderAndEpoch{leader=Optional[kafka:9092 (id: 1 rack: null)], epoch=0}}.
[2026-04-12T09:51:22.416+0000] {subprocess.py:106} INFO - 26/04/12 09:51:22 INFO SubscriptionState: [Consumer clientId=consumer-spark-kafka-source-ce6a14bf-7b8f-4c2e-8c52-05fcf0153d61--983882313-executor-1, groupId=spark-kafka-source-ce6a14bf-7b8f-4c2e-8c52-05fcf0153d61--983882313-executor] Resetting offset for partition weather-topic-2 to position FetchPosition{offset=7, offsetEpoch=Optional.empty, currentLeader=LeaderAndEpoch{leader=Optional[kafka:9092 (id: 1 rack: null)], epoch=0}}.
[2026-04-12T09:51:22.601+0000] {subprocess.py:106} INFO - 26/04/12 09:51:22 INFO KafkaDataConsumer: From Kafka topicPartition=weather-topic-0 groupId=spark-kafka-source-ce6a14bf-7b8f-4c2e-8c52-05fcf0153d61--983882313-executor read 7 records through 1 polls (polled out 7 records), taking 1107.864936 ms, during time span of 1292.470794 ms.
[2026-04-12T09:51:22.601+0000] {subprocess.py:106} INFO - 26/04/12 09:51:22 INFO KafkaDataConsumer: From Kafka topicPartition=weather-topic-1 groupId=spark-kafka-source-ce6a14bf-7b8f-4c2e-8c52-05fcf0153d61--983882313-executor read 6 records through 1 polls (polled out 6 records), taking 1108.081588 ms, during time span of 1292.50603 ms.
[2026-04-12T09:51:22.602+0000] {subprocess.py:106} INFO - 26/04/12 09:51:22 INFO KafkaDataConsumer: From Kafka topicPartition=weather-topic-2 groupId=spark-kafka-source-ce6a14bf-7b8f-4c2e-8c52-05fcf0153d61--983882313-executor read 7 records through 1 polls (polled out 7 records), taking 1107.836835 ms, during time span of 1292.422545 ms.
[2026-04-12T09:51:22.622+0000] {subprocess.py:106} INFO - 26/04/12 09:51:22 INFO Executor: Finished task 1.0 in stage 0.0 (TID 1). 2382 bytes result sent to driver
[2026-04-12T09:51:22.622+0000] {subprocess.py:106} INFO - 26/04/12 09:51:22 INFO Executor: Finished task 2.0 in stage 0.0 (TID 2). 2382 bytes result sent to driver
[2026-04-12T09:51:22.623+0000] {subprocess.py:106} INFO - 26/04/12 09:51:22 INFO Executor: Finished task 0.0 in stage 0.0 (TID 0). 2382 bytes result sent to driver
[2026-04-12T09:51:22.636+0000] {subprocess.py:106} INFO - 26/04/12 09:51:22 INFO TaskSetManager: Finished task 2.0 in stage 0.0 (TID 2) in 2133 ms on spark-master (executor driver) (1/3)
[2026-04-12T09:51:22.639+0000] {subprocess.py:106} INFO - 26/04/12 09:51:22 INFO TaskSetManager: Finished task 1.0 in stage 0.0 (TID 1) in 2138 ms on spark-master (executor driver) (2/3)
[2026-04-12T09:51:22.640+0000] {subprocess.py:106} INFO - 26/04/12 09:51:22 INFO TaskSetManager: Finished task 0.0 in stage 0.0 (TID 0) in 2175 ms on spark-master (executor driver) (3/3)
[2026-04-12T09:51:22.641+0000] {subprocess.py:106} INFO - 26/04/12 09:51:22 INFO TaskSchedulerImpl: Removed TaskSet 0.0 whose tasks have all completed, from pool
[2026-04-12T09:51:22.650+0000] {subprocess.py:106} INFO - 26/04/12 09:51:22 INFO DAGScheduler: ShuffleMapStage 0 (start at NativeMethodAccessorImpl.java:0) finished in 2404 ms
[2026-04-12T09:51:22.653+0000] {subprocess.py:106} INFO - 26/04/12 09:51:22 INFO DAGScheduler: looking for newly runnable stages
[2026-04-12T09:51:22.654+0000] {subprocess.py:106} INFO - 26/04/12 09:51:22 INFO DAGScheduler: running: HashSet()
[2026-04-12T09:51:22.657+0000] {subprocess.py:106} INFO - 26/04/12 09:51:22 INFO DAGScheduler: waiting: HashSet(ResultStage 1)
[2026-04-12T09:51:22.658+0000] {subprocess.py:106} INFO - 26/04/12 09:51:22 INFO DAGScheduler: failed: HashSet()
[2026-04-12T09:51:22.671+0000] {subprocess.py:106} INFO - 26/04/12 09:51:22 INFO DAGScheduler: Submitting ResultStage 1 (MapPartitionsRDD[9] at start at NativeMethodAccessorImpl.java:0), which has no missing parents
[2026-04-12T09:51:22.682+0000] {subprocess.py:106} INFO - 26/04/12 09:51:22 INFO MemoryStore: Block broadcast_1 stored as values in memory (estimated size 13.6 KiB, free 1048.7 MiB)
[2026-04-12T09:51:22.695+0000] {subprocess.py:106} INFO - 26/04/12 09:51:22 INFO MemoryStore: Block broadcast_1_piece0 stored as bytes in memory (estimated size 6.5 KiB, free 1048.7 MiB)
[2026-04-12T09:51:22.703+0000] {subprocess.py:106} INFO - 26/04/12 09:51:22 INFO SparkContext: Created broadcast 1 from broadcast at DAGScheduler.scala:1676
[2026-04-12T09:51:22.706+0000] {subprocess.py:106} INFO - 26/04/12 09:51:22 INFO DAGScheduler: Submitting 1 missing tasks from ResultStage 1 (MapPartitionsRDD[9] at start at NativeMethodAccessorImpl.java:0) (first 15 tasks are for partitions Vector(0))
[2026-04-12T09:51:22.707+0000] {subprocess.py:106} INFO - 26/04/12 09:51:22 INFO TaskSchedulerImpl: Adding task set 1.0 with 1 tasks resource profile 0
[2026-04-12T09:51:22.714+0000] {subprocess.py:106} INFO - 26/04/12 09:51:22 INFO TaskSetManager: Starting task 0.0 in stage 1.0 (TID 3) (spark-master,executor driver, partition 0, NODE_LOCAL, 12446 bytes)
[2026-04-12T09:51:22.715+0000] {subprocess.py:106} INFO - 26/04/12 09:51:22 INFO Executor: Running task 0.0 in stage 1.0 (TID 3)
[2026-04-12T09:51:22.784+0000] {subprocess.py:106} INFO - 26/04/12 09:51:22 INFO ShuffleBlockFetcherIterator: Getting 3 (180.0 B) non-empty blocks including 3 (180.0 B) local and 0 (0.0 B) host-local and 0 (0.0 B) push-merged-local and 0 (0.0 B) remote blocks
[2026-04-12T09:51:22.786+0000] {subprocess.py:106} INFO - 26/04/12 09:51:22 INFO ShuffleBlockFetcherIterator: Started 0 remote fetches in 14 ms
[2026-04-12T09:51:22.801+0000] {subprocess.py:106} INFO - 26/04/12 09:51:22 INFO CodeGenerator: Code generated in 11.467751 ms
[2026-04-12T09:51:22.814+0000] {subprocess.py:106} INFO - 26/04/12 09:51:22 INFO Executor: Finished task 0.0 in stage 1.0 (TID 3). 3981 bytes result sent to driver
[2026-04-12T09:51:22.818+0000] {subprocess.py:106} INFO - 26/04/12 09:51:22 INFO TaskSetManager: Finished task 0.0 in stage 1.0 (TID 3) in 107 ms on spark-master (executor driver) (1/1)
[2026-04-12T09:51:22.820+0000] {subprocess.py:106} INFO - 26/04/12 09:51:22 INFO TaskSchedulerImpl: Removed TaskSet 1.0 whose tasks have all completed, from pool
[2026-04-12T09:51:22.821+0000] {subprocess.py:106} INFO - 26/04/12 09:51:22 INFO DAGScheduler: ResultStage 1 (start at NativeMethodAccessorImpl.java:0) finished in 140 ms
[2026-04-12T09:51:22.824+0000] {subprocess.py:106} INFO - 26/04/12 09:51:22 INFO DAGScheduler: Job 0 is finished. Cancelling potential speculative or zombie tasks for this job
[2026-04-12T09:51:22.825+0000] {subprocess.py:106} INFO - 26/04/12 09:51:22 INFO TaskSchedulerImpl: Canceling stage 1
[2026-04-12T09:51:22.827+0000] {subprocess.py:106} INFO - 26/04/12 09:51:22 INFO TaskSchedulerImpl: Killing all running tasks in stage 1: Stage finished
[2026-04-12T09:51:22.831+0000] {subprocess.py:106} INFO - 26/04/12 09:51:22 INFO DAGScheduler: Job 0 finished: start at NativeMethodAccessorImpl.java:0, took 2653.196154 ms
[2026-04-12T09:51:22.972+0000] {subprocess.py:106} INFO - 26/04/12 09:51:22 INFO ParquetUtils: Using default output committer for Parquet: org.apache.parquet.hadoop.ParquetOutputCommitter
[2026-04-12T09:51:22.992+0000] {subprocess.py:106} INFO - 26/04/12 09:51:22 INFO FileOutputCommitter: File Output Committer Algorithm version is 1
[2026-04-12T09:51:22.993+0000] {subprocess.py:106} INFO - 26/04/12 09:51:22 INFO FileOutputCommitter: FileOutputCommitter skip cleanup _temporary folders under output directory:false, ignore cleanup failures: false
[2026-04-12T09:51:22.994+0000] {subprocess.py:106} INFO - 26/04/12 09:51:22 INFO SQLHadoopMapReduceCommitProtocol: Using user defined output committer class org.apache.parquet.hadoop.ParquetOutputCommitter
[2026-04-12T09:51:22.995+0000] {subprocess.py:106} INFO - 26/04/12 09:51:22 INFO FileOutputCommitter: File Output Committer Algorithm version is 1
[2026-04-12T09:51:22.996+0000] {subprocess.py:106} INFO - 26/04/12 09:51:22 INFO FileOutputCommitter: FileOutputCommitter skip cleanup _temporary folders under output directory:false, ignore cleanup failures: false
[2026-04-12T09:51:22.998+0000] {subprocess.py:106} INFO - 26/04/12 09:51:22 INFO SQLHadoopMapReduceCommitProtocol: Using output committer class org.apache.parquet.hadoop.ParquetOutputCommitter
[2026-04-12T09:51:23.243+0000] {subprocess.py:106} INFO - 26/04/12 09:51:23 ERROR MicroBatchExecution: Query [id = fffa4a28-b831-4a17-a849-992bff20d106, runId = c37c35e9-bfcc-475d-bba9-09e0618e5aed] terminated with error
[2026-04-12T09:51:23.243+0000] {subprocess.py:106} INFO - org.apache.spark.sql.execution.streaming.sources.ForeachBatchUserFuncException: [FOREACH_BATCH_USER_FUNCTION_ERROR] An error occurred in the user provided function in foreach batch sink. Reason: An exception was raised by the Python Proxy. Return Message: Traceback (most recent call last):
[2026-04-12T09:51:23.244+0000] {subprocess.py:106} INFO -   File "/home/spark/spark/python/lib/py4j-0.10.9.9-src.zip/py4j/clientserver.py", line 644, in _call_proxy
[2026-04-12T09:51:23.245+0000] {subprocess.py:106} INFO -     return_value = getattr(self.pool[obj_id], method)(*params)
[2026-04-12T09:51:23.246+0000] {subprocess.py:106} INFO -   File "/home/spark/spark/python/lib/pyspark.zip/pyspark/sql/utils.py", line 165, in call
[2026-04-12T09:51:23.246+0000] {subprocess.py:106} INFO -     raise e
[2026-04-12T09:51:23.247+0000] {subprocess.py:106} INFO -   File "/home/spark/spark/python/lib/pyspark.zip/pyspark/sql/utils.py", line 162, in call
[2026-04-12T09:51:23.248+0000] {subprocess.py:106} INFO -     self.func(DataFrame(jdf, wrapped_session_jdf), batch_id)
[2026-04-12T09:51:23.248+0000] {subprocess.py:106} INFO -   File "/home/spark/spark/spark_jobs/weather_streaming.py", line 114, in write_to_bronze_and_silver
[2026-04-12T09:51:23.249+0000] {subprocess.py:106} INFO -     .save("hdfs://23133083thuyvan-master:9000/user/hive/lakehouse/bronze/raw_api")
[2026-04-12T09:51:23.249+0000] {subprocess.py:106} INFO -   File "/home/spark/spark/python/lib/pyspark.zip/pyspark/sql/readwriter.py", line 1745, in save
[2026-04-12T09:51:23.250+0000] {subprocess.py:106} INFO -     self._jwrite.save(path)
[2026-04-12T09:51:23.251+0000] {subprocess.py:106} INFO -   File "/home/spark/spark/python/lib/py4j-0.10.9.9-src.zip/py4j/java_gateway.py", line 1362, in __call__
[2026-04-12T09:51:23.254+0000] {subprocess.py:106} INFO -     return_value = get_return_value(
[2026-04-12T09:51:23.255+0000] {subprocess.py:106} INFO -   File "/home/spark/spark/python/lib/pyspark.zip/pyspark/errors/exceptions/captured.py", line 282, in deco
[2026-04-12T09:51:23.255+0000] {subprocess.py:106} INFO -     return f(*a, **kw)
[2026-04-12T09:51:23.256+0000] {subprocess.py:106} INFO -   File "/home/spark/spark/python/lib/py4j-0.10.9.9-src.zip/py4j/protocol.py", line 327, in get_return_value
[2026-04-12T09:51:23.256+0000] {subprocess.py:106} INFO -     raise Py4JJavaError(
[2026-04-12T09:51:23.257+0000] {subprocess.py:106} INFO - py4j.protocol.Py4JJavaError: An error occurred while calling o104.save.
[2026-04-12T09:51:23.257+0000] {subprocess.py:106} INFO - : org.apache.hadoop.security.AccessControlException: Permission denied: user=spark, access=WRITE, inode="/user/hive/lakehouse/bronze":hadoop23133083thuyvan:supergroup:drwxr-xr-x
[2026-04-12T09:51:23.258+0000] {subprocess.py:106} INFO - 	at org.apache.hadoop.hdfs.server.namenode.FSPermissionChecker.check(FSPermissionChecker.java:661)
[2026-04-12T09:51:23.259+0000] {subprocess.py:106} INFO - 	at org.apache.hadoop.hdfs.server.namenode.FSPermissionChecker.checkPermission(FSPermissionChecker.java:501)
[2026-04-12T09:51:23.262+0000] {subprocess.py:106} INFO - 	at org.apache.hadoop.hdfs.server.namenode.FSPermissionChecker.checkPermissionWithContext(FSPermissionChecker.java:525)
[2026-04-12T09:51:23.263+0000] {subprocess.py:106} INFO - 	at org.apache.hadoop.hdfs.server.namenode.FSPermissionChecker.checkPermission(FSPermissionChecker.java:395)
[2026-04-12T09:51:23.263+0000] {subprocess.py:106} INFO - 	at org.apache.hadoop.hdfs.server.namenode.FSDirectory.checkPermission(FSDirectory.java:1964)
[2026-04-12T09:51:23.264+0000] {subprocess.py:106} INFO - 	at org.apache.hadoop.hdfs.server.namenode.FSDirectory.checkPermission(FSDirectory.java:1945)
[2026-04-12T09:51:23.265+0000] {subprocess.py:106} INFO - 	at org.apache.hadoop.hdfs.server.namenode.FSDirectory.checkAncestorAccess(FSDirectory.java:1904)
[2026-04-12T09:51:23.266+0000] {subprocess.py:106} INFO - 	at org.apache.hadoop.hdfs.server.namenode.FSDirMkdirOp.mkdirs(FSDirMkdirOp.java:60)
[2026-04-12T09:51:23.266+0000] {subprocess.py:106} INFO - 	at org.apache.hadoop.hdfs.server.namenode.FSNamesystem.mkdirs(FSNamesystem.java:3531)
[2026-04-12T09:51:23.267+0000] {subprocess.py:106} INFO - 	at org.apache.hadoop.hdfs.server.namenode.NameNodeRpcServer.mkdirs(NameNodeRpcServer.java:1173)
[2026-04-12T09:51:23.267+0000] {subprocess.py:106} INFO - 	at org.apache.hadoop.hdfs.protocolPB.ClientNamenodeProtocolServerSideTranslatorPB.mkdirs(ClientNamenodeProtocolServerSideTranslatorPB.java:750)
[2026-04-12T09:51:23.268+0000] {subprocess.py:106} INFO - 	at org.apache.hadoop.hdfs.protocol.proto.ClientNamenodeProtocolProtos$ClientNamenodeProtocol$2.callBlockingMethod(ClientNamenodeProtocolProtos.java)
[2026-04-12T09:51:23.268+0000] {subprocess.py:106} INFO - 	at org.apache.hadoop.ipc.ProtobufRpcEngine2$Server$ProtoBufRpcInvoker.call(ProtobufRpcEngine2.java:621)
[2026-04-12T09:51:23.269+0000] {subprocess.py:106} INFO - 	at org.apache.hadoop.ipc.ProtobufRpcEngine2$Server$ProtoBufRpcInvoker.call(ProtobufRpcEngine2.java:589)
[2026-04-12T09:51:23.269+0000] {subprocess.py:106} INFO - 	at org.apache.hadoop.ipc.ProtobufRpcEngine2$Server$ProtoBufRpcInvoker.call(ProtobufRpcEngine2.java:573)
[2026-04-12T09:51:23.270+0000] {subprocess.py:106} INFO - 	at org.apache.hadoop.ipc.RPC$Server.call(RPC.java:1227)
[2026-04-12T09:51:23.270+0000] {subprocess.py:106} INFO - 	at org.apache.hadoop.ipc.Server$RpcCall.run(Server.java:1246)
[2026-04-12T09:51:23.272+0000] {subprocess.py:106} INFO - 	at org.apache.hadoop.ipc.Server$RpcCall.run(Server.java:1169)
[2026-04-12T09:51:23.273+0000] {subprocess.py:106} INFO - 	at java.base/java.security.AccessController.doPrivileged(Native Method)
[2026-04-12T09:51:23.273+0000] {subprocess.py:106} INFO - 	at java.base/javax.security.auth.Subject.doAs(Subject.java:423)
[2026-04-12T09:51:23.274+0000] {subprocess.py:106} INFO - 	at org.apache.hadoop.security.UserGroupInformation.doAs(UserGroupInformation.java:1953)
[2026-04-12T09:51:23.274+0000] {subprocess.py:106} INFO - 	at org.apache.hadoop.ipc.Server$Handler.run(Server.java:3198)
[2026-04-12T09:51:23.275+0000] {subprocess.py:106} INFO - 
[2026-04-12T09:51:23.276+0000] {subprocess.py:106} INFO - 	at java.base/jdk.internal.reflect.NativeConstructorAccessorImpl.newInstance0(Native Method)
[2026-04-12T09:51:23.276+0000] {subprocess.py:106} INFO - 	at java.base/jdk.internal.reflect.NativeConstructorAccessorImpl.newInstance(NativeConstructorAccessorImpl.java:75)
[2026-04-12T09:51:23.277+0000] {subprocess.py:106} INFO - 	at java.base/jdk.internal.reflect.DelegatingConstructorAccessorImpl.newInstance(DelegatingConstructorAccessorImpl.java:53)
[2026-04-12T09:51:23.277+0000] {subprocess.py:106} INFO - 	at java.base/java.lang.reflect.Constructor.newInstanceWithCaller(Constructor.java:502)
[2026-04-12T09:51:23.278+0000] {subprocess.py:106} INFO - 	at java.base/java.lang.reflect.Constructor.newInstance(Constructor.java:486)
[2026-04-12T09:51:23.278+0000] {subprocess.py:106} INFO - 	at org.apache.hadoop.ipc.RemoteException.instantiateException(RemoteException.java:121)
[2026-04-12T09:51:23.279+0000] {subprocess.py:106} INFO - 	at org.apache.hadoop.ipc.RemoteException.unwrapRemoteException(RemoteException.java:88)
[2026-04-12T09:51:23.279+0000] {subprocess.py:106} INFO - 	at org.apache.hadoop.hdfs.DFSClient.primitiveMkdir(DFSClient.java:2557)
[2026-04-12T09:51:23.280+0000] {subprocess.py:106} INFO - 	at org.apache.hadoop.hdfs.DFSClient.mkdirs(DFSClient.java:2531)
[2026-04-12T09:51:23.280+0000] {subprocess.py:106} INFO - 	at org.apache.hadoop.hdfs.DistributedFileSystem$27.doCall(DistributedFileSystem.java:1497)
[2026-04-12T09:51:23.281+0000] {subprocess.py:106} INFO - 	at org.apache.hadoop.hdfs.DistributedFileSystem$27.doCall(DistributedFileSystem.java:1494)
[2026-04-12T09:51:23.281+0000] {subprocess.py:106} INFO - 	at org.apache.hadoop.fs.FileSystemLinkResolver.resolve(FileSystemLinkResolver.java:81)
[2026-04-12T09:51:23.281+0000] {subprocess.py:106} INFO - 	at org.apache.hadoop.hdfs.DistributedFileSystem.mkdirsInternal(DistributedFileSystem.java:1511)
[2026-04-12T09:51:23.282+0000] {subprocess.py:106} INFO - 	at org.apache.hadoop.hdfs.DistributedFileSystem.mkdirs(DistributedFileSystem.java:1486)
[2026-04-12T09:51:23.282+0000] {subprocess.py:106} INFO - 	at org.apache.hadoop.fs.FileSystem.mkdirs(FileSystem.java:2496)
[2026-04-12T09:51:23.282+0000] {subprocess.py:106} INFO - 	at org.apache.hadoop.mapreduce.lib.output.FileOutputCommitter.setupJob(FileOutputCommitter.java:356)
[2026-04-12T09:51:23.283+0000] {subprocess.py:106} INFO - 	at org.apache.spark.internal.io.HadoopMapReduceCommitProtocol.setupJob(HadoopMapReduceCommitProtocol.scala:190)
[2026-04-12T09:51:23.283+0000] {subprocess.py:106} INFO - 	at org.apache.spark.sql.execution.datasources.FileFormatWriter$.writeAndCommit(FileFormatWriter.scala:268)
[2026-04-12T09:51:23.284+0000] {subprocess.py:106} INFO - 	at org.apache.spark.sql.execution.datasources.FileFormatWriter$.executeWrite(FileFormatWriter.scala:306)
[2026-04-12T09:51:23.284+0000] {subprocess.py:106} INFO - 	at org.apache.spark.sql.execution.datasources.FileFormatWriter$.write(FileFormatWriter.scala:189)
[2026-04-12T09:51:23.284+0000] {subprocess.py:106} INFO - 	at org.apache.spark.sql.execution.datasources.InsertIntoHadoopFsRelationCommand.run(InsertIntoHadoopFsRelationCommand.scala:195)
[2026-04-12T09:51:23.285+0000] {subprocess.py:106} INFO - 	at org.apache.spark.sql.execution.command.DataWritingCommandExec.sideEffectResult$lzycompute(commands.scala:117)
[2026-04-12T09:51:23.285+0000] {subprocess.py:106} INFO - 	at org.apache.spark.sql.execution.command.DataWritingCommandExec.sideEffectResult(commands.scala:115)
[2026-04-12T09:51:23.286+0000] {subprocess.py:106} INFO - 	at org.apache.spark.sql.execution.command.DataWritingCommandExec.executeCollect(commands.scala:129)
[2026-04-12T09:51:23.286+0000] {subprocess.py:106} INFO - 	at org.apache.spark.sql.execution.QueryExecution.$anonfun$eagerlyExecuteCommands$2(QueryExecution.scala:155)
[2026-04-12T09:51:23.286+0000] {subprocess.py:106} INFO - 	at org.apache.spark.sql.execution.SQLExecution$.$anonfun$withNewExecutionId0$8(SQLExecution.scala:163)
[2026-04-12T09:51:23.287+0000] {subprocess.py:106} INFO - 	at org.apache.spark.sql.execution.SQLExecution$.withSessionTagsApplied(SQLExecution.scala:272)
[2026-04-12T09:51:23.287+0000] {subprocess.py:106} INFO - 	at org.apache.spark.sql.execution.SQLExecution$.$anonfun$withNewExecutionId0$7(SQLExecution.scala:125)
[2026-04-12T09:51:23.288+0000] {subprocess.py:106} INFO - 	at org.apache.spark.JobArtifactSet$.withActiveJobArtifactState(JobArtifactSet.scala:94)
[2026-04-12T09:51:23.288+0000] {subprocess.py:106} INFO - 	at org.apache.spark.sql.artifact.ArtifactManager.$anonfun$withResources$1(ArtifactManager.scala:112)
[2026-04-12T09:51:23.289+0000] {subprocess.py:106} INFO - 	at org.apache.spark.sql.artifact.ArtifactManager.withClassLoaderIfNeeded(ArtifactManager.scala:106)
[2026-04-12T09:51:23.289+0000] {subprocess.py:106} INFO - 	at org.apache.spark.sql.artifact.ArtifactManager.withResources(ArtifactManager.scala:111)
[2026-04-12T09:51:23.290+0000] {subprocess.py:106} INFO - 	at org.apache.spark.sql.execution.SQLExecution$.$anonfun$withNewExecutionId0$6(SQLExecution.scala:125)
[2026-04-12T09:51:23.290+0000] {subprocess.py:106} INFO - 	at org.apache.spark.sql.execution.SQLExecution$.withSQLConfPropagated(SQLExecution.scala:295)
[2026-04-12T09:51:23.291+0000] {subprocess.py:106} INFO - 	at org.apache.spark.sql.execution.SQLExecution$.$anonfun$withNewExecutionId0$1(SQLExecution.scala:124)
[2026-04-12T09:51:23.291+0000] {subprocess.py:106} INFO - 	at org.apache.spark.sql.SparkSession.withActive(SparkSession.scala:804)
[2026-04-12T09:51:23.292+0000] {subprocess.py:106} INFO - 	at org.apache.spark.sql.execution.SQLExecution$.withNewExecutionId0(SQLExecution.scala:78)
[2026-04-12T09:51:23.292+0000] {subprocess.py:106} INFO - 	at org.apache.spark.sql.execution.SQLExecution$.withNewExecutionId(SQLExecution.scala:237)
[2026-04-12T09:51:23.292+0000] {subprocess.py:106} INFO - 	at org.apache.spark.sql.execution.QueryExecution.$anonfun$eagerlyExecuteCommands$1(QueryExecution.scala:155)
[2026-04-12T09:51:23.293+0000] {subprocess.py:106} INFO - 	at org.apache.spark.sql.execution.QueryExecution$.withInternalError(QueryExecution.scala:654)
[2026-04-12T09:51:23.294+0000] {subprocess.py:106} INFO - 	at org.apache.spark.sql.execution.QueryExecution.org$apache$spark$sql$execution$QueryExecution$$eagerlyExecute$1(QueryExecution.scala:154)
[2026-04-12T09:51:23.294+0000] {subprocess.py:106} INFO - 	at org.apache.spark.sql.execution.QueryExecution$$anonfun$eagerlyExecuteCommands$3.applyOrElse(QueryExecution.scala:169)
[2026-04-12T09:51:23.294+0000] {subprocess.py:106} INFO - 	at org.apache.spark.sql.execution.QueryExecution$$anonfun$eagerlyExecuteCommands$3.applyOrElse(QueryExecution.scala:164)
[2026-04-12T09:51:23.295+0000] {subprocess.py:106} INFO - 	at org.apache.spark.sql.catalyst.trees.TreeNode.$anonfun$transformDownWithPruning$1(TreeNode.scala:470)
[2026-04-12T09:51:23.295+0000] {subprocess.py:106} INFO - 	at org.apache.spark.sql.catalyst.trees.CurrentOrigin$.withOrigin(origin.scala:86)
[2026-04-12T09:51:23.296+0000] {subprocess.py:106} INFO - 	at org.apache.spark.sql.catalyst.trees.TreeNode.transformDownWithPruning(TreeNode.scala:470)
[2026-04-12T09:51:23.296+0000] {subprocess.py:106} INFO - 	at org.apache.spark.sql.catalyst.plans.logical.LogicalPlan.org$apache$spark$sql$catalyst$plans$logical$AnalysisHelper$$super$transformDownWithPruning(LogicalPlan.scala:37)
[2026-04-12T09:51:23.296+0000] {subprocess.py:106} INFO - 	at org.apache.spark.sql.catalyst.plans.logical.AnalysisHelper.transformDownWithPruning(AnalysisHelper.scala:360)
[2026-04-12T09:51:23.297+0000] {subprocess.py:106} INFO - 	at org.apache.spark.sql.catalyst.plans.logical.AnalysisHelper.transformDownWithPruning$(AnalysisHelper.scala:356)
[2026-04-12T09:51:23.298+0000] {subprocess.py:106} INFO - 	at org.apache.spark.sql.catalyst.plans.logical.LogicalPlan.transformDownWithPruning(LogicalPlan.scala:37)
[2026-04-12T09:51:23.298+0000] {subprocess.py:106} INFO - 	at org.apache.spark.sql.catalyst.plans.logical.LogicalPlan.transformDownWithPruning(LogicalPlan.scala:37)
[2026-04-12T09:51:23.299+0000] {subprocess.py:106} INFO - 	at org.apache.spark.sql.catalyst.trees.TreeNode.transformDown(TreeNode.scala:446)
[2026-04-12T09:51:23.299+0000] {subprocess.py:106} INFO - 	at org.apache.spark.sql.execution.QueryExecution.eagerlyExecuteCommands(QueryExecution.scala:164)
[2026-04-12T09:51:23.300+0000] {subprocess.py:106} INFO - 	at org.apache.spark.sql.execution.QueryExecution.$anonfun$lazyCommandExecuted$1(QueryExecution.scala:126)
[2026-04-12T09:51:23.300+0000] {subprocess.py:106} INFO - 	at scala.util.Try$.apply(Try.scala:217)
[2026-04-12T09:51:23.301+0000] {subprocess.py:106} INFO - 	at org.apache.spark.util.Utils$.doTryWithCallerStacktrace(Utils.scala:1378)
[2026-04-12T09:51:23.301+0000] {subprocess.py:106} INFO - 	at org.apache.spark.util.Utils$.getTryWithCallerStacktrace(Utils.scala:1439)
[2026-04-12T09:51:23.301+0000] {subprocess.py:106} INFO - 	at org.apache.spark.util.LazyTry.get(LazyTry.scala:58)
[2026-04-12T09:51:23.301+0000] {subprocess.py:106} INFO - 	at org.apache.spark.sql.execution.QueryExecution.commandExecuted(QueryExecution.scala:131)
[2026-04-12T09:51:23.302+0000] {subprocess.py:106} INFO - 	at org.apache.spark.sql.execution.QueryExecution.assertCommandExecuted(QueryExecution.scala:192)
[2026-04-12T09:51:23.302+0000] {subprocess.py:106} INFO - 	at org.apache.spark.sql.classic.DataFrameWriter.runCommand(DataFrameWriter.scala:622)
[2026-04-12T09:51:23.303+0000] {subprocess.py:106} INFO - 	at org.apache.spark.sql.classic.DataFrameWriter.saveToV1Source(DataFrameWriter.scala:273)
[2026-04-12T09:51:23.303+0000] {subprocess.py:106} INFO - 	at org.apache.spark.sql.classic.DataFrameWriter.saveInternal(DataFrameWriter.scala:241)
[2026-04-12T09:51:23.304+0000] {subprocess.py:106} INFO - 	at org.apache.spark.sql.classic.DataFrameWriter.save(DataFrameWriter.scala:118)
[2026-04-12T09:51:23.304+0000] {subprocess.py:106} INFO - 	at java.base/jdk.internal.reflect.NativeMethodAccessorImpl.invoke0(Native Method)
[2026-04-12T09:51:23.305+0000] {subprocess.py:106} INFO - 	at java.base/jdk.internal.reflect.NativeMethodAccessorImpl.invoke(NativeMethodAccessorImpl.java:75)
[2026-04-12T09:51:23.305+0000] {subprocess.py:106} INFO - 	at java.base/jdk.internal.reflect.DelegatingMethodAccessorImpl.invoke(DelegatingMethodAccessorImpl.java:52)
[2026-04-12T09:51:23.306+0000] {subprocess.py:106} INFO - 	at java.base/java.lang.reflect.Method.invoke(Method.java:580)
[2026-04-12T09:51:23.307+0000] {subprocess.py:106} INFO - 	at py4j.reflection.MethodInvoker.invoke(MethodInvoker.java:244)
[2026-04-12T09:51:23.308+0000] {subprocess.py:106} INFO - 	at py4j.reflection.ReflectionEngine.invoke(ReflectionEngine.java:374)
[2026-04-12T09:51:23.308+0000] {subprocess.py:106} INFO - 	at py4j.Gateway.invoke(Gateway.java:282)
[2026-04-12T09:51:23.309+0000] {subprocess.py:106} INFO - 	at py4j.commands.AbstractCommand.invokeMethod(AbstractCommand.java:132)
[2026-04-12T09:51:23.309+0000] {subprocess.py:106} INFO - 	at py4j.commands.CallCommand.execute(CallCommand.java:79)
[2026-04-12T09:51:23.310+0000] {subprocess.py:106} INFO - 	at py4j.ClientServerConnection.sendCommand(ClientServerConnection.java:246)
[2026-04-12T09:51:23.310+0000] {subprocess.py:106} INFO - 	at py4j.CallbackClient.sendCommand(CallbackClient.java:384)
[2026-04-12T09:51:23.311+0000] {subprocess.py:106} INFO - 	at py4j.CallbackClient.sendCommand(CallbackClient.java:356)
[2026-04-12T09:51:23.311+0000] {subprocess.py:106} INFO - 	at py4j.reflection.PythonProxyHandler.invoke(PythonProxyHandler.java:106)
[2026-04-12T09:51:23.312+0000] {subprocess.py:106} INFO - 	at jdk.proxy3/jdk.proxy3.$Proxy49.call(Unknown Source)
[2026-04-12T09:51:23.312+0000] {subprocess.py:106} INFO - 	at org.apache.spark.sql.execution.streaming.sources.PythonForeachBatchHelper$.$anonfun$callForeachBatch$1(ForeachBatchSink.scala:87)
[2026-04-12T09:51:23.313+0000] {subprocess.py:106} INFO - 	at org.apache.spark.sql.execution.streaming.sources.PythonForeachBatchHelper$.$anonfun$callForeachBatch$1$adapted(ForeachBatchSink.scala:87)
[2026-04-12T09:51:23.314+0000] {subprocess.py:106} INFO - 	at org.apache.spark.sql.execution.streaming.sources.ForeachBatchSink.callBatchWriter(ForeachBatchSink.scala:56)
[2026-04-12T09:51:23.316+0000] {subprocess.py:106} INFO - 	at org.apache.spark.sql.execution.streaming.sources.ForeachBatchSink.addBatch(ForeachBatchSink.scala:49)
[2026-04-12T09:51:23.317+0000] {subprocess.py:106} INFO - 	at org.apache.spark.sql.execution.streaming.MicroBatchExecution.$anonfun$runBatch$17(MicroBatchExecution.scala:889)
[2026-04-12T09:51:23.320+0000] {subprocess.py:106} INFO - 	at org.apache.spark.sql.execution.SQLExecution$.$anonfun$withNewExecutionId0$8(SQLExecution.scala:163)
[2026-04-12T09:51:23.321+0000] {subprocess.py:106} INFO - 	at org.apache.spark.sql.execution.SQLExecution$.withSessionTagsApplied(SQLExecution.scala:272)
[2026-04-12T09:51:23.322+0000] {subprocess.py:106} INFO - 	at org.apache.spark.sql.execution.SQLExecution$.$anonfun$withNewExecutionId0$7(SQLExecution.scala:125)
[2026-04-12T09:51:23.323+0000] {subprocess.py:106} INFO - 	at org.apache.spark.JobArtifactSet$.withActiveJobArtifactState(JobArtifactSet.scala:94)
[2026-04-12T09:51:23.323+0000] {subprocess.py:106} INFO - 	at org.apache.spark.sql.artifact.ArtifactManager.$anonfun$withResources$1(ArtifactManager.scala:112)
[2026-04-12T09:51:23.324+0000] {subprocess.py:106} INFO - 	at org.apache.spark.sql.artifact.ArtifactManager.withClassLoaderIfNeeded(ArtifactManager.scala:106)
[2026-04-12T09:51:23.325+0000] {subprocess.py:106} INFO - 	at org.apache.spark.sql.artifact.ArtifactManager.withResources(ArtifactManager.scala:111)
[2026-04-12T09:51:23.325+0000] {subprocess.py:106} INFO - 	at org.apache.spark.sql.execution.SQLExecution$.$anonfun$withNewExecutionId0$6(SQLExecution.scala:125)
[2026-04-12T09:51:23.325+0000] {subprocess.py:106} INFO - 	at org.apache.spark.sql.execution.SQLExecution$.withSQLConfPropagated(SQLExecution.scala:295)
[2026-04-12T09:51:23.326+0000] {subprocess.py:106} INFO - 	at org.apache.spark.sql.execution.SQLExecution$.$anonfun$withNewExecutionId0$1(SQLExecution.scala:124)
[2026-04-12T09:51:23.326+0000] {subprocess.py:106} INFO - 	at org.apache.spark.sql.SparkSession.withActive(SparkSession.scala:804)
[2026-04-12T09:51:23.327+0000] {subprocess.py:106} INFO - 	at org.apache.spark.sql.execution.SQLExecution$.withNewExecutionId0(SQLExecution.scala:78)
[2026-04-12T09:51:23.328+0000] {subprocess.py:106} INFO - 	at org.apache.spark.sql.execution.SQLExecution$.withNewExecutionId(SQLExecution.scala:237)
[2026-04-12T09:51:23.329+0000] {subprocess.py:106} INFO - 	at org.apache.spark.sql.execution.streaming.MicroBatchExecution.$anonfun$runBatch$16(MicroBatchExecution.scala:886)
[2026-04-12T09:51:23.330+0000] {subprocess.py:106} INFO - 	at org.apache.spark.sql.execution.streaming.ProgressContext.reportTimeTaken(ProgressReporter.scala:186)
[2026-04-12T09:51:23.330+0000] {subprocess.py:106} INFO - 	at org.apache.spark.sql.execution.streaming.MicroBatchExecution.runBatch(MicroBatchExecution.scala:886)
[2026-04-12T09:51:23.331+0000] {subprocess.py:106} INFO - 	at org.apache.spark.sql.execution.streaming.MicroBatchExecution.$anonfun$executeOneBatch$2(MicroBatchExecution.scala:394)
[2026-04-12T09:51:23.332+0000] {subprocess.py:106} INFO - 	at scala.runtime.java8.JFunction0$mcV$sp.apply(JFunction0$mcV$sp.scala:18)
[2026-04-12T09:51:23.333+0000] {subprocess.py:106} INFO - 	at org.apache.spark.sql.execution.streaming.ProgressContext.reportTimeTaken(ProgressReporter.scala:186)
[2026-04-12T09:51:23.333+0000] {subprocess.py:106} INFO - 	at org.apache.spark.sql.execution.streaming.MicroBatchExecution.executeOneBatch(MicroBatchExecution.scala:364)
[2026-04-12T09:51:23.334+0000] {subprocess.py:106} INFO - 	at org.apache.spark.sql.execution.streaming.MicroBatchExecution.$anonfun$runActivatedStream$1(MicroBatchExecution.scala:344)
[2026-04-12T09:51:23.334+0000] {subprocess.py:106} INFO - 	at org.apache.spark.sql.execution.streaming.MicroBatchExecution.$anonfun$runActivatedStream$1$adapted(MicroBatchExecution.scala:344)
[2026-04-12T09:51:23.335+0000] {subprocess.py:106} INFO - 	at org.apache.spark.sql.execution.streaming.TriggerExecutor.runOneBatch(TriggerExecutor.scala:39)
[2026-04-12T09:51:23.335+0000] {subprocess.py:106} INFO - 	at org.apache.spark.sql.execution.streaming.TriggerExecutor.runOneBatch$(TriggerExecutor.scala:37)
[2026-04-12T09:51:23.336+0000] {subprocess.py:106} INFO - 	at org.apache.spark.sql.execution.streaming.ProcessingTimeExecutor.runOneBatch(TriggerExecutor.scala:70)
[2026-04-12T09:51:23.336+0000] {subprocess.py:106} INFO - 	at org.apache.spark.sql.execution.streaming.ProcessingTimeExecutor.execute(TriggerExecutor.scala:82)
[2026-04-12T09:51:23.337+0000] {subprocess.py:106} INFO - 	at org.apache.spark.sql.execution.streaming.MicroBatchExecution.runActivatedStream(MicroBatchExecution.scala:344)
[2026-04-12T09:51:23.337+0000] {subprocess.py:106} INFO - 	at org.apache.spark.sql.execution.streaming.StreamExecution.$anonfun$runStream$1(StreamExecution.scala:337)
[2026-04-12T09:51:23.338+0000] {subprocess.py:106} INFO - 	at scala.runtime.java8.JFunction0$mcV$sp.apply(JFunction0$mcV$sp.scala:18)
[2026-04-12T09:51:23.338+0000] {subprocess.py:106} INFO - 	at org.apache.spark.sql.SparkSession.withActive(SparkSession.scala:804)
[2026-04-12T09:51:23.339+0000] {subprocess.py:106} INFO - 	at org.apache.spark.sql.execution.streaming.StreamExecution.org$apache$spark$sql$execution$streaming$StreamExecution$$runStream(StreamExecution.scala:311)
[2026-04-12T09:51:23.339+0000] {subprocess.py:106} INFO - 	at org.apache.spark.sql.execution.streaming.StreamExecution$$anon$1.run(StreamExecution.scala:226)
[2026-04-12T09:51:23.340+0000] {subprocess.py:106} INFO - 	Suppressed: org.apache.spark.util.Utils$OriginalTryStackTraceException: Full stacktrace of original doTryWithCallerStacktrace caller
[2026-04-12T09:51:23.340+0000] {subprocess.py:106} INFO - 		at java.base/jdk.internal.reflect.NativeConstructorAccessorImpl.newInstance0(Native Method)
[2026-04-12T09:51:23.341+0000] {subprocess.py:106} INFO - 		at java.base/jdk.internal.reflect.NativeConstructorAccessorImpl.newInstance(NativeConstructorAccessorImpl.java:75)
[2026-04-12T09:51:23.341+0000] {subprocess.py:106} INFO - 		at java.base/jdk.internal.reflect.DelegatingConstructorAccessorImpl.newInstance(DelegatingConstructorAccessorImpl.java:53)
[2026-04-12T09:51:23.342+0000] {subprocess.py:106} INFO - 		at java.base/java.lang.reflect.Constructor.newInstanceWithCaller(Constructor.java:502)
[2026-04-12T09:51:23.342+0000] {subprocess.py:106} INFO - 		at java.base/java.lang.reflect.Constructor.newInstance(Constructor.java:486)
[2026-04-12T09:51:23.342+0000] {subprocess.py:106} INFO - 		at org.apache.hadoop.ipc.RemoteException.instantiateException(RemoteException.java:121)
[2026-04-12T09:51:23.343+0000] {subprocess.py:106} INFO - 		at org.apache.hadoop.ipc.RemoteException.unwrapRemoteException(RemoteException.java:88)
[2026-04-12T09:51:23.343+0000] {subprocess.py:106} INFO - 		at org.apache.hadoop.hdfs.DFSClient.primitiveMkdir(DFSClient.java:2557)
[2026-04-12T09:51:23.344+0000] {subprocess.py:106} INFO - 		at org.apache.hadoop.hdfs.DFSClient.mkdirs(DFSClient.java:2531)
[2026-04-12T09:51:23.344+0000] {subprocess.py:106} INFO - 		at org.apache.hadoop.hdfs.DistributedFileSystem$27.doCall(DistributedFileSystem.java:1497)
[2026-04-12T09:51:23.345+0000] {subprocess.py:106} INFO - 		at org.apache.hadoop.hdfs.DistributedFileSystem$27.doCall(DistributedFileSystem.java:1494)
[2026-04-12T09:51:23.345+0000] {subprocess.py:106} INFO - 		at org.apache.hadoop.fs.FileSystemLinkResolver.resolve(FileSystemLinkResolver.java:81)
[2026-04-12T09:51:23.346+0000] {subprocess.py:106} INFO - 		at org.apache.hadoop.hdfs.DistributedFileSystem.mkdirsInternal(DistributedFileSystem.java:1511)
[2026-04-12T09:51:23.346+0000] {subprocess.py:106} INFO - 		at org.apache.hadoop.hdfs.DistributedFileSystem.mkdirs(DistributedFileSystem.java:1486)
[2026-04-12T09:51:23.347+0000] {subprocess.py:106} INFO - 		at org.apache.hadoop.fs.FileSystem.mkdirs(FileSystem.java:2496)
[2026-04-12T09:51:23.347+0000] {subprocess.py:106} INFO - 		at org.apache.hadoop.mapreduce.lib.output.FileOutputCommitter.setupJob(FileOutputCommitter.java:356)
[2026-04-12T09:51:23.348+0000] {subprocess.py:106} INFO - 		at org.apache.spark.internal.io.HadoopMapReduceCommitProtocol.setupJob(HadoopMapReduceCommitProtocol.scala:190)
[2026-04-12T09:51:23.348+0000] {subprocess.py:106} INFO - 		at org.apache.spark.sql.execution.datasources.FileFormatWriter$.writeAndCommit(FileFormatWriter.scala:268)
[2026-04-12T09:51:23.349+0000] {subprocess.py:106} INFO - 		at org.apache.spark.sql.execution.datasources.FileFormatWriter$.executeWrite(FileFormatWriter.scala:306)
[2026-04-12T09:51:23.349+0000] {subprocess.py:106} INFO - 		at org.apache.spark.sql.execution.datasources.FileFormatWriter$.write(FileFormatWriter.scala:189)
[2026-04-12T09:51:23.350+0000] {subprocess.py:106} INFO - 		at org.apache.spark.sql.execution.datasources.InsertIntoHadoopFsRelationCommand.run(InsertIntoHadoopFsRelationCommand.scala:195)
[2026-04-12T09:51:23.352+0000] {subprocess.py:106} INFO - 		at org.apache.spark.sql.execution.command.DataWritingCommandExec.sideEffectResult$lzycompute(commands.scala:117)
[2026-04-12T09:51:23.352+0000] {subprocess.py:106} INFO - 		at org.apache.spark.sql.execution.command.DataWritingCommandExec.sideEffectResult(commands.scala:115)
[2026-04-12T09:51:23.353+0000] {subprocess.py:106} INFO - 		at org.apache.spark.sql.execution.command.DataWritingCommandExec.executeCollect(commands.scala:129)
[2026-04-12T09:51:23.353+0000] {subprocess.py:106} INFO - 		at org.apache.spark.sql.execution.QueryExecution.$anonfun$eagerlyExecuteCommands$2(QueryExecution.scala:155)
[2026-04-12T09:51:23.354+0000] {subprocess.py:106} INFO - 		at org.apache.spark.sql.execution.SQLExecution$.$anonfun$withNewExecutionId0$8(SQLExecution.scala:163)
[2026-04-12T09:51:23.354+0000] {subprocess.py:106} INFO - 		at org.apache.spark.sql.execution.SQLExecution$.withSessionTagsApplied(SQLExecution.scala:272)
[2026-04-12T09:51:23.355+0000] {subprocess.py:106} INFO - 		at org.apache.spark.sql.execution.SQLExecution$.$anonfun$withNewExecutionId0$7(SQLExecution.scala:125)
[2026-04-12T09:51:23.355+0000] {subprocess.py:106} INFO - 		at org.apache.spark.JobArtifactSet$.withActiveJobArtifactState(JobArtifactSet.scala:94)
[2026-04-12T09:51:23.355+0000] {subprocess.py:106} INFO - 		at org.apache.spark.sql.artifact.ArtifactManager.$anonfun$withResources$1(ArtifactManager.scala:112)
[2026-04-12T09:51:23.356+0000] {subprocess.py:106} INFO - 		at org.apache.spark.sql.artifact.ArtifactManager.withClassLoaderIfNeeded(ArtifactManager.scala:106)
[2026-04-12T09:51:23.356+0000] {subprocess.py:106} INFO - 		at org.apache.spark.sql.artifact.ArtifactManager.withResources(ArtifactManager.scala:111)
[2026-04-12T09:51:23.357+0000] {subprocess.py:106} INFO - 		at org.apache.spark.sql.execution.SQLExecution$.$anonfun$withNewExecutionId0$6(SQLExecution.scala:125)
[2026-04-12T09:51:23.357+0000] {subprocess.py:106} INFO - 		at org.apache.spark.sql.execution.SQLExecution$.withSQLConfPropagated(SQLExecution.scala:295)
[2026-04-12T09:51:23.357+0000] {subprocess.py:106} INFO - 		at org.apache.spark.sql.execution.SQLExecution$.$anonfun$withNewExecutionId0$1(SQLExecution.scala:124)
[2026-04-12T09:51:23.358+0000] {subprocess.py:106} INFO - 		at org.apache.spark.sql.SparkSession.withActive(SparkSession.scala:804)
[2026-04-12T09:51:23.358+0000] {subprocess.py:106} INFO - 		at org.apache.spark.sql.execution.SQLExecution$.withNewExecutionId0(SQLExecution.scala:78)
[2026-04-12T09:51:23.359+0000] {subprocess.py:106} INFO - 		at org.apache.spark.sql.execution.SQLExecution$.withNewExecutionId(SQLExecution.scala:237)
[2026-04-12T09:51:23.360+0000] {subprocess.py:106} INFO - 		at org.apache.spark.sql.execution.QueryExecution.$anonfun$eagerlyExecuteCommands$1(QueryExecution.scala:155)
[2026-04-12T09:51:23.360+0000] {subprocess.py:106} INFO - 		at org.apache.spark.sql.execution.QueryExecution$.withInternalError(QueryExecution.scala:654)
[2026-04-12T09:51:23.361+0000] {subprocess.py:106} INFO - 		at org.apache.spark.sql.execution.QueryExecution.org$apache$spark$sql$execution$QueryExecution$$eagerlyExecute$1(QueryExecution.scala:154)
[2026-04-12T09:51:23.361+0000] {subprocess.py:106} INFO - 		at org.apache.spark.sql.execution.QueryExecution$$anonfun$eagerlyExecuteCommands$3.applyOrElse(QueryExecution.scala:169)
[2026-04-12T09:51:23.363+0000] {subprocess.py:106} INFO - 		at org.apache.spark.sql.execution.QueryExecution$$anonfun$eagerlyExecuteCommands$3.applyOrElse(QueryExecution.scala:164)
[2026-04-12T09:51:23.363+0000] {subprocess.py:106} INFO - 		at org.apache.spark.sql.catalyst.trees.TreeNode.$anonfun$transformDownWithPruning$1(TreeNode.scala:470)
[2026-04-12T09:51:23.364+0000] {subprocess.py:106} INFO - 		at org.apache.spark.sql.catalyst.trees.CurrentOrigin$.withOrigin(origin.scala:86)
[2026-04-12T09:51:23.368+0000] {subprocess.py:106} INFO - 		at org.apache.spark.sql.catalyst.trees.TreeNode.transformDownWithPruning(TreeNode.scala:470)
[2026-04-12T09:51:23.369+0000] {subprocess.py:106} INFO - 		at org.apache.spark.sql.catalyst.plans.logical.LogicalPlan.org$apache$spark$sql$catalyst$plans$logical$AnalysisHelper$$super$transformDownWithPruning(LogicalPlan.scala:37)
[2026-04-12T09:51:23.369+0000] {subprocess.py:106} INFO - 		at org.apache.spark.sql.catalyst.plans.logical.AnalysisHelper.transformDownWithPruning(AnalysisHelper.scala:360)
[2026-04-12T09:51:23.370+0000] {subprocess.py:106} INFO - 		at org.apache.spark.sql.catalyst.plans.logical.AnalysisHelper.transformDownWithPruning$(AnalysisHelper.scala:356)
[2026-04-12T09:51:23.370+0000] {subprocess.py:106} INFO - 		at org.apache.spark.sql.catalyst.plans.logical.LogicalPlan.transformDownWithPruning(LogicalPlan.scala:37)
[2026-04-12T09:51:23.371+0000] {subprocess.py:106} INFO - 		at org.apache.spark.sql.catalyst.plans.logical.LogicalPlan.transformDownWithPruning(LogicalPlan.scala:37)
[2026-04-12T09:51:23.371+0000] {subprocess.py:106} INFO - 		at org.apache.spark.sql.catalyst.trees.TreeNode.transformDown(TreeNode.scala:446)
[2026-04-12T09:51:23.371+0000] {subprocess.py:106} INFO - 		at org.apache.spark.sql.execution.QueryExecution.eagerlyExecuteCommands(QueryExecution.scala:164)
[2026-04-12T09:51:23.372+0000] {subprocess.py:106} INFO - 		at org.apache.spark.sql.execution.QueryExecution.$anonfun$lazyCommandExecuted$1(QueryExecution.scala:126)
[2026-04-12T09:51:23.372+0000] {subprocess.py:106} INFO - 		at scala.util.Try$.apply(Try.scala:217)
[2026-04-12T09:51:23.373+0000] {subprocess.py:106} INFO - 		at org.apache.spark.util.Utils$.doTryWithCallerStacktrace(Utils.scala:1378)
[2026-04-12T09:51:23.373+0000] {subprocess.py:106} INFO - 		at org.apache.spark.util.LazyTry.tryT$lzycompute(LazyTry.scala:46)
[2026-04-12T09:51:23.374+0000] {subprocess.py:106} INFO - 		at org.apache.spark.util.LazyTry.tryT(LazyTry.scala:46)
[2026-04-12T09:51:23.374+0000] {subprocess.py:106} INFO - 		... 58 more
[2026-04-12T09:51:23.375+0000] {subprocess.py:106} INFO - Caused by: org.apache.hadoop.ipc.RemoteException(org.apache.hadoop.security.AccessControlException): Permission denied: user=spark, access=WRITE, inode="/user/hive/lakehouse/bronze":hadoop23133083thuyvan:supergroup:drwxr-xr-x
[2026-04-12T09:51:23.375+0000] {subprocess.py:106} INFO - 	at org.apache.hadoop.hdfs.server.namenode.FSPermissionChecker.check(FSPermissionChecker.java:661)
[2026-04-12T09:51:23.375+0000] {subprocess.py:106} INFO - 	at org.apache.hadoop.hdfs.server.namenode.FSPermissionChecker.checkPermission(FSPermissionChecker.java:501)
[2026-04-12T09:51:23.376+0000] {subprocess.py:106} INFO - 	at org.apache.hadoop.hdfs.server.namenode.FSPermissionChecker.checkPermissionWithContext(FSPermissionChecker.java:525)
[2026-04-12T09:51:23.376+0000] {subprocess.py:106} INFO - 	at org.apache.hadoop.hdfs.server.namenode.FSPermissionChecker.checkPermission(FSPermissionChecker.java:395)
[2026-04-12T09:51:23.377+0000] {subprocess.py:106} INFO - 	at org.apache.hadoop.hdfs.server.namenode.FSDirectory.checkPermission(FSDirectory.java:1964)
[2026-04-12T09:51:23.377+0000] {subprocess.py:106} INFO - 	at org.apache.hadoop.hdfs.server.namenode.FSDirectory.checkPermission(FSDirectory.java:1945)
[2026-04-12T09:51:23.378+0000] {subprocess.py:106} INFO - 	at org.apache.hadoop.hdfs.server.namenode.FSDirectory.checkAncestorAccess(FSDirectory.java:1904)
[2026-04-12T09:51:23.378+0000] {subprocess.py:106} INFO - 	at org.apache.hadoop.hdfs.server.namenode.FSDirMkdirOp.mkdirs(FSDirMkdirOp.java:60)
[2026-04-12T09:51:23.378+0000] {subprocess.py:106} INFO - 	at org.apache.hadoop.hdfs.server.namenode.FSNamesystem.mkdirs(FSNamesystem.java:3531)
[2026-04-12T09:51:23.379+0000] {subprocess.py:106} INFO - 	at org.apache.hadoop.hdfs.server.namenode.NameNodeRpcServer.mkdirs(NameNodeRpcServer.java:1173)
[2026-04-12T09:51:23.379+0000] {subprocess.py:106} INFO - 	at org.apache.hadoop.hdfs.protocolPB.ClientNamenodeProtocolServerSideTranslatorPB.mkdirs(ClientNamenodeProtocolServerSideTranslatorPB.java:750)
[2026-04-12T09:51:23.380+0000] {subprocess.py:106} INFO - 	at org.apache.hadoop.hdfs.protocol.proto.ClientNamenodeProtocolProtos$ClientNamenodeProtocol$2.callBlockingMethod(ClientNamenodeProtocolProtos.java)
[2026-04-12T09:51:23.380+0000] {subprocess.py:106} INFO - 	at org.apache.hadoop.ipc.ProtobufRpcEngine2$Server$ProtoBufRpcInvoker.call(ProtobufRpcEngine2.java:621)
[2026-04-12T09:51:23.381+0000] {subprocess.py:106} INFO - 	at org.apache.hadoop.ipc.ProtobufRpcEngine2$Server$ProtoBufRpcInvoker.call(ProtobufRpcEngine2.java:589)
[2026-04-12T09:51:23.381+0000] {subprocess.py:106} INFO - 	at org.apache.hadoop.ipc.ProtobufRpcEngine2$Server$ProtoBufRpcInvoker.call(ProtobufRpcEngine2.java:573)
[2026-04-12T09:51:23.381+0000] {subprocess.py:106} INFO - 	at org.apache.hadoop.ipc.RPC$Server.call(RPC.java:1227)
[2026-04-12T09:51:23.382+0000] {subprocess.py:106} INFO - 	at org.apache.hadoop.ipc.Server$RpcCall.run(Server.java:1246)
[2026-04-12T09:51:23.383+0000] {subprocess.py:106} INFO - 	at org.apache.hadoop.ipc.Server$RpcCall.run(Server.java:1169)
[2026-04-12T09:51:23.383+0000] {subprocess.py:106} INFO - 	at java.base/java.security.AccessController.doPrivileged(Native Method)
[2026-04-12T09:51:23.384+0000] {subprocess.py:106} INFO - 	at java.base/javax.security.auth.Subject.doAs(Subject.java:423)
[2026-04-12T09:51:23.384+0000] {subprocess.py:106} INFO - 	at org.apache.hadoop.security.UserGroupInformation.doAs(UserGroupInformation.java:1953)
[2026-04-12T09:51:23.385+0000] {subprocess.py:106} INFO - 	at org.apache.hadoop.ipc.Server$Handler.run(Server.java:3198)
[2026-04-12T09:51:23.385+0000] {subprocess.py:106} INFO - 
[2026-04-12T09:51:23.385+0000] {subprocess.py:106} INFO - 	at org.apache.hadoop.ipc.Client.getRpcResponse(Client.java:1584)
[2026-04-12T09:51:23.386+0000] {subprocess.py:106} INFO - 	at org.apache.hadoop.ipc.Client.call(Client.java:1529)
[2026-04-12T09:51:23.386+0000] {subprocess.py:106} INFO - 	at org.apache.hadoop.ipc.Client.call(Client.java:1426)
[2026-04-12T09:51:23.387+0000] {subprocess.py:106} INFO - 	at org.apache.hadoop.ipc.ProtobufRpcEngine2$Invoker.invoke(ProtobufRpcEngine2.java:258)
[2026-04-12T09:51:23.387+0000] {subprocess.py:106} INFO - 	at org.apache.hadoop.ipc.ProtobufRpcEngine2$Invoker.invoke(ProtobufRpcEngine2.java:139)
[2026-04-12T09:51:23.388+0000] {subprocess.py:106} INFO - 	at jdk.proxy2/jdk.proxy2.$Proxy46.mkdirs(Unknown Source)
[2026-04-12T09:51:23.388+0000] {subprocess.py:106} INFO - 	at org.apache.hadoop.hdfs.protocolPB.ClientNamenodeProtocolTranslatorPB.lambda$mkdirs$20(ClientNamenodeProtocolTranslatorPB.java:611)
[2026-04-12T09:51:23.389+0000] {subprocess.py:106} INFO - 	at org.apache.hadoop.ipc.internal.ShadedProtobufHelper.ipc(ShadedProtobufHelper.java:160)
[2026-04-12T09:51:23.389+0000] {subprocess.py:106} INFO - 	at org.apache.hadoop.hdfs.protocolPB.ClientNamenodeProtocolTranslatorPB.mkdirs(ClientNamenodeProtocolTranslatorPB.java:611)
[2026-04-12T09:51:23.389+0000] {subprocess.py:106} INFO - 	at java.base/jdk.internal.reflect.NativeMethodAccessorImpl.invoke0(Native Method)
[2026-04-12T09:51:23.390+0000] {subprocess.py:106} INFO - 	at java.base/jdk.internal.reflect.NativeMethodAccessorImpl.invoke(NativeMethodAccessorImpl.java:75)
[2026-04-12T09:51:23.390+0000] {subprocess.py:106} INFO - 	at java.base/jdk.internal.reflect.DelegatingMethodAccessorImpl.invoke(DelegatingMethodAccessorImpl.java:52)
[2026-04-12T09:51:23.390+0000] {subprocess.py:106} INFO - 	at java.base/java.lang.reflect.Method.invoke(Method.java:580)
[2026-04-12T09:51:23.391+0000] {subprocess.py:106} INFO - 	at org.apache.hadoop.io.retry.RetryInvocationHandler.invokeMethod(RetryInvocationHandler.java:437)
[2026-04-12T09:51:23.391+0000] {subprocess.py:106} INFO - 	at org.apache.hadoop.io.retry.RetryInvocationHandler$Call.invokeMethod(RetryInvocationHandler.java:170)
[2026-04-12T09:51:23.392+0000] {subprocess.py:106} INFO - 	at org.apache.hadoop.io.retry.RetryInvocationHandler$Call.invoke(RetryInvocationHandler.java:162)
[2026-04-12T09:51:23.392+0000] {subprocess.py:106} INFO - 	at org.apache.hadoop.io.retry.RetryInvocationHandler$Call.invokeOnce(RetryInvocationHandler.java:100)
[2026-04-12T09:51:23.393+0000] {subprocess.py:106} INFO - 	at org.apache.hadoop.io.retry.RetryInvocationHandler.invoke(RetryInvocationHandler.java:366)
[2026-04-12T09:51:23.393+0000] {subprocess.py:106} INFO - 	at jdk.proxy2/jdk.proxy2.$Proxy47.mkdirs(Unknown Source)
[2026-04-12T09:51:23.393+0000] {subprocess.py:106} INFO - 	at org.apache.hadoop.hdfs.DFSClient.primitiveMkdir(DFSClient.java:2555)
[2026-04-12T09:51:23.394+0000] {subprocess.py:106} INFO - 	at org.apache.hadoop.hdfs.DFSClient.mkdirs(DFSClient.java:2531)
[2026-04-12T09:51:23.394+0000] {subprocess.py:106} INFO - 	at org.apache.hadoop.hdfs.DistributedFileSystem$27.doCall(DistributedFileSystem.java:1497)
[2026-04-12T09:51:23.395+0000] {subprocess.py:106} INFO - 	at org.apache.hadoop.hdfs.DistributedFileSystem$27.doCall(DistributedFileSystem.java:1494)
[2026-04-12T09:51:23.395+0000] {subprocess.py:106} INFO - 	at org.apache.hadoop.fs.FileSystemLinkResolver.resolve(FileSystemLinkResolver.java:81)
[2026-04-12T09:51:23.396+0000] {subprocess.py:106} INFO - 	at org.apache.hadoop.hdfs.DistributedFileSystem.mkdirsInternal(DistributedFileSystem.java:1511)
[2026-04-12T09:51:23.396+0000] {subprocess.py:106} INFO - 	at org.apache.hadoop.hdfs.DistributedFileSystem.mkdirs(DistributedFileSystem.java:1486)
[2026-04-12T09:51:23.397+0000] {subprocess.py:106} INFO - 	at org.apache.hadoop.fs.FileSystem.mkdirs(FileSystem.java:2496)
[2026-04-12T09:51:23.397+0000] {subprocess.py:106} INFO - 	at org.apache.hadoop.mapreduce.lib.output.FileOutputCommitter.setupJob(FileOutputCommitter.java:356)
[2026-04-12T09:51:23.398+0000] {subprocess.py:106} INFO - 	at org.apache.spark.internal.io.HadoopMapReduceCommitProtocol.setupJob(HadoopMapReduceCommitProtocol.scala:190)
[2026-04-12T09:51:23.398+0000] {subprocess.py:106} INFO - 	at org.apache.spark.sql.execution.datasources.FileFormatWriter$.writeAndCommit(FileFormatWriter.scala:268)
[2026-04-12T09:51:23.399+0000] {subprocess.py:106} INFO - 	at org.apache.spark.sql.execution.datasources.FileFormatWriter$.executeWrite(FileFormatWriter.scala:306)
[2026-04-12T09:51:23.399+0000] {subprocess.py:106} INFO - 	at org.apache.spark.sql.execution.datasources.FileFormatWriter$.write(FileFormatWriter.scala:189)
[2026-04-12T09:51:23.399+0000] {subprocess.py:106} INFO - 	at org.apache.spark.sql.execution.datasources.InsertIntoHadoopFsRelationCommand.run(InsertIntoHadoopFsRelationCommand.scala:195)
[2026-04-12T09:51:23.400+0000] {subprocess.py:106} INFO - 	at org.apache.spark.sql.execution.command.DataWritingCommandExec.sideEffectResult$lzycompute(commands.scala:117)
[2026-04-12T09:51:23.400+0000] {subprocess.py:106} INFO - 	at org.apache.spark.sql.execution.command.DataWritingCommandExec.sideEffectResult(commands.scala:115)
[2026-04-12T09:51:23.401+0000] {subprocess.py:106} INFO - 	at org.apache.spark.sql.execution.command.DataWritingCommandExec.executeCollect(commands.scala:129)
[2026-04-12T09:51:23.401+0000] {subprocess.py:106} INFO - 	at org.apache.spark.sql.execution.QueryExecution.$anonfun$eagerlyExecuteCommands$2(QueryExecution.scala:155)
[2026-04-12T09:51:23.401+0000] {subprocess.py:106} INFO - 	at org.apache.spark.sql.execution.SQLExecution$.$anonfun$withNewExecutionId0$8(SQLExecution.scala:163)
[2026-04-12T09:51:23.402+0000] {subprocess.py:106} INFO - 	at org.apache.spark.sql.execution.SQLExecution$.withSessionTagsApplied(SQLExecution.scala:272)
[2026-04-12T09:51:23.402+0000] {subprocess.py:106} INFO - 	at org.apache.spark.sql.execution.SQLExecution$.$anonfun$withNewExecutionId0$7(SQLExecution.scala:125)
[2026-04-12T09:51:23.403+0000] {subprocess.py:106} INFO - 	at org.apache.spark.JobArtifactSet$.withActiveJobArtifactState(JobArtifactSet.scala:94)
[2026-04-12T09:51:23.403+0000] {subprocess.py:106} INFO - 	at org.apache.spark.sql.artifact.ArtifactManager.$anonfun$withResources$1(ArtifactManager.scala:112)
[2026-04-12T09:51:23.404+0000] {subprocess.py:106} INFO - 	at org.apache.spark.sql.artifact.ArtifactManager.withClassLoaderIfNeeded(ArtifactManager.scala:106)
[2026-04-12T09:51:23.404+0000] {subprocess.py:106} INFO - 	at org.apache.spark.sql.artifact.ArtifactManager.withResources(ArtifactManager.scala:111)
[2026-04-12T09:51:23.405+0000] {subprocess.py:106} INFO - 	at org.apache.spark.sql.execution.SQLExecution$.$anonfun$withNewExecutionId0$6(SQLExecution.scala:125)
[2026-04-12T09:51:23.405+0000] {subprocess.py:106} INFO - 	at org.apache.spark.sql.execution.SQLExecution$.withSQLConfPropagated(SQLExecution.scala:295)
[2026-04-12T09:51:23.406+0000] {subprocess.py:106} INFO - 	at org.apache.spark.sql.execution.SQLExecution$.$anonfun$withNewExecutionId0$1(SQLExecution.scala:124)
[2026-04-12T09:51:23.406+0000] {subprocess.py:106} INFO - 	at org.apache.spark.sql.SparkSession.withActive(SparkSession.scala:804)
[2026-04-12T09:51:23.407+0000] {subprocess.py:106} INFO - 	at org.apache.spark.sql.execution.SQLExecution$.withNewExecutionId0(SQLExecution.scala:78)
[2026-04-12T09:51:23.407+0000] {subprocess.py:106} INFO - 	at org.apache.spark.sql.execution.SQLExecution$.withNewExecutionId(SQLExecution.scala:237)
[2026-04-12T09:51:23.409+0000] {subprocess.py:106} INFO - 	at org.apache.spark.sql.execution.QueryExecution.$anonfun$eagerlyExecuteCommands$1(QueryExecution.scala:155)
[2026-04-12T09:51:23.409+0000] {subprocess.py:106} INFO - 	at org.apache.spark.sql.execution.QueryExecution$.withInternalError(QueryExecution.scala:654)
[2026-04-12T09:51:23.410+0000] {subprocess.py:106} INFO - 	at org.apache.spark.sql.execution.QueryExecution.org$apache$spark$sql$execution$QueryExecution$$eagerlyExecute$1(QueryExecution.scala:154)
[2026-04-12T09:51:23.411+0000] {subprocess.py:106} INFO - 	at org.apache.spark.sql.execution.QueryExecution$$anonfun$eagerlyExecuteCommands$3.applyOrElse(QueryExecution.scala:169)
[2026-04-12T09:51:23.411+0000] {subprocess.py:106} INFO - 	at org.apache.spark.sql.execution.QueryExecution$$anonfun$eagerlyExecuteCommands$3.applyOrElse(QueryExecution.scala:164)
[2026-04-12T09:51:23.412+0000] {subprocess.py:106} INFO - 	at org.apache.spark.sql.catalyst.trees.TreeNode.$anonfun$transformDownWithPruning$1(TreeNode.scala:470)
[2026-04-12T09:51:23.412+0000] {subprocess.py:106} INFO - 	at org.apache.spark.sql.catalyst.trees.CurrentOrigin$.withOrigin(origin.scala:86)
[2026-04-12T09:51:23.413+0000] {subprocess.py:106} INFO - 	at org.apache.spark.sql.catalyst.trees.TreeNode.transformDownWithPruning(TreeNode.scala:470)
[2026-04-12T09:51:23.414+0000] {subprocess.py:106} INFO - 	at org.apache.spark.sql.catalyst.plans.logical.LogicalPlan.org$apache$spark$sql$catalyst$plans$logical$AnalysisHelper$$super$transformDownWithPruning(LogicalPlan.scala:37)
[2026-04-12T09:51:23.414+0000] {subprocess.py:106} INFO - 	at org.apache.spark.sql.catalyst.plans.logical.AnalysisHelper.transformDownWithPruning(AnalysisHelper.scala:360)
[2026-04-12T09:51:23.415+0000] {subprocess.py:106} INFO - 	at org.apache.spark.sql.catalyst.plans.logical.AnalysisHelper.transformDownWithPruning$(AnalysisHelper.scala:356)
[2026-04-12T09:51:23.415+0000] {subprocess.py:106} INFO - 	at org.apache.spark.sql.catalyst.plans.logical.LogicalPlan.transformDownWithPruning(LogicalPlan.scala:37)
[2026-04-12T09:51:23.416+0000] {subprocess.py:106} INFO - 	at org.apache.spark.sql.catalyst.plans.logical.LogicalPlan.transformDownWithPruning(LogicalPlan.scala:37)
[2026-04-12T09:51:23.416+0000] {subprocess.py:106} INFO - 	at org.apache.spark.sql.catalyst.trees.TreeNode.transformDown(TreeNode.scala:446)
[2026-04-12T09:51:23.417+0000] {subprocess.py:106} INFO - 	at org.apache.spark.sql.execution.QueryExecution.eagerlyExecuteCommands(QueryExecution.scala:164)
[2026-04-12T09:51:23.417+0000] {subprocess.py:106} INFO - 	at org.apache.spark.sql.execution.QueryExecution.$anonfun$lazyCommandExecuted$1(QueryExecution.scala:126)
[2026-04-12T09:51:23.418+0000] {subprocess.py:106} INFO - 	at scala.util.Try$.apply(Try.scala:217)
[2026-04-12T09:51:23.418+0000] {subprocess.py:106} INFO - 	at org.apache.spark.util.Utils$.doTryWithCallerStacktrace(Utils.scala:1378)
[2026-04-12T09:51:23.419+0000] {subprocess.py:106} INFO - 	at org.apache.spark.util.LazyTry.tryT$lzycompute(LazyTry.scala:46)
[2026-04-12T09:51:23.419+0000] {subprocess.py:106} INFO - 	at org.apache.spark.util.LazyTry.tryT(LazyTry.scala:46)
[2026-04-12T09:51:23.420+0000] {subprocess.py:106} INFO - 	... 58 more
[2026-04-12T09:51:23.420+0000] {subprocess.py:106} INFO - 
[2026-04-12T09:51:23.421+0000] {subprocess.py:106} INFO -  SQLSTATE: 39000
[2026-04-12T09:51:23.421+0000] {subprocess.py:106} INFO - 	at org.apache.spark.sql.execution.streaming.sources.ForeachBatchSink.callBatchWriter(ForeachBatchSink.scala:60)
[2026-04-12T09:51:23.422+0000] {subprocess.py:106} INFO - 	at org.apache.spark.sql.execution.streaming.sources.ForeachBatchSink.addBatch(ForeachBatchSink.scala:49)
[2026-04-12T09:51:23.422+0000] {subprocess.py:106} INFO - 	at org.apache.spark.sql.execution.streaming.MicroBatchExecution.$anonfun$runBatch$17(MicroBatchExecution.scala:889)
[2026-04-12T09:51:23.422+0000] {subprocess.py:106} INFO - 	at org.apache.spark.sql.execution.SQLExecution$.$anonfun$withNewExecutionId0$8(SQLExecution.scala:163)
[2026-04-12T09:51:23.423+0000] {subprocess.py:106} INFO - 	at org.apache.spark.sql.execution.SQLExecution$.withSessionTagsApplied(SQLExecution.scala:272)
[2026-04-12T09:51:23.423+0000] {subprocess.py:106} INFO - 	at org.apache.spark.sql.execution.SQLExecution$.$anonfun$withNewExecutionId0$7(SQLExecution.scala:125)
[2026-04-12T09:51:23.424+0000] {subprocess.py:106} INFO - 	at org.apache.spark.JobArtifactSet$.withActiveJobArtifactState(JobArtifactSet.scala:94)
[2026-04-12T09:51:23.424+0000] {subprocess.py:106} INFO - 	at org.apache.spark.sql.artifact.ArtifactManager.$anonfun$withResources$1(ArtifactManager.scala:112)
[2026-04-12T09:51:23.425+0000] {subprocess.py:106} INFO - 	at org.apache.spark.sql.artifact.ArtifactManager.withClassLoaderIfNeeded(ArtifactManager.scala:106)
[2026-04-12T09:51:23.425+0000] {subprocess.py:106} INFO - 	at org.apache.spark.sql.artifact.ArtifactManager.withResources(ArtifactManager.scala:111)
[2026-04-12T09:51:23.426+0000] {subprocess.py:106} INFO - 	at org.apache.spark.sql.execution.SQLExecution$.$anonfun$withNewExecutionId0$6(SQLExecution.scala:125)
[2026-04-12T09:51:23.426+0000] {subprocess.py:106} INFO - 	at org.apache.spark.sql.execution.SQLExecution$.withSQLConfPropagated(SQLExecution.scala:295)
[2026-04-12T09:51:23.426+0000] {subprocess.py:106} INFO - 	at org.apache.spark.sql.execution.SQLExecution$.$anonfun$withNewExecutionId0$1(SQLExecution.scala:124)
[2026-04-12T09:51:23.427+0000] {subprocess.py:106} INFO - 	at org.apache.spark.sql.SparkSession.withActive(SparkSession.scala:804)
[2026-04-12T09:51:23.428+0000] {subprocess.py:106} INFO - 	at org.apache.spark.sql.execution.SQLExecution$.withNewExecutionId0(SQLExecution.scala:78)
[2026-04-12T09:51:23.428+0000] {subprocess.py:106} INFO - 	at org.apache.spark.sql.execution.SQLExecution$.withNewExecutionId(SQLExecution.scala:237)
[2026-04-12T09:51:23.430+0000] {subprocess.py:106} INFO - 	at org.apache.spark.sql.execution.streaming.MicroBatchExecution.$anonfun$runBatch$16(MicroBatchExecution.scala:886)
[2026-04-12T09:51:23.431+0000] {subprocess.py:106} INFO - 	at org.apache.spark.sql.execution.streaming.ProgressContext.reportTimeTaken(ProgressReporter.scala:186)
[2026-04-12T09:51:23.431+0000] {subprocess.py:106} INFO - 	at org.apache.spark.sql.execution.streaming.MicroBatchExecution.runBatch(MicroBatchExecution.scala:886)
[2026-04-12T09:51:23.432+0000] {subprocess.py:106} INFO - 	at org.apache.spark.sql.execution.streaming.MicroBatchExecution.$anonfun$executeOneBatch$2(MicroBatchExecution.scala:394)
[2026-04-12T09:51:23.432+0000] {subprocess.py:106} INFO - 	at scala.runtime.java8.JFunction0$mcV$sp.apply(JFunction0$mcV$sp.scala:18)
[2026-04-12T09:51:23.433+0000] {subprocess.py:106} INFO - 	at org.apache.spark.sql.execution.streaming.ProgressContext.reportTimeTaken(ProgressReporter.scala:186)
[2026-04-12T09:51:23.433+0000] {subprocess.py:106} INFO - 	at org.apache.spark.sql.execution.streaming.MicroBatchExecution.executeOneBatch(MicroBatchExecution.scala:364)
[2026-04-12T09:51:23.434+0000] {subprocess.py:106} INFO - 	at org.apache.spark.sql.execution.streaming.MicroBatchExecution.$anonfun$runActivatedStream$1(MicroBatchExecution.scala:344)
[2026-04-12T09:51:23.434+0000] {subprocess.py:106} INFO - 	at org.apache.spark.sql.execution.streaming.MicroBatchExecution.$anonfun$runActivatedStream$1$adapted(MicroBatchExecution.scala:344)
[2026-04-12T09:51:23.435+0000] {subprocess.py:106} INFO - 	at org.apache.spark.sql.execution.streaming.TriggerExecutor.runOneBatch(TriggerExecutor.scala:39)
[2026-04-12T09:51:23.435+0000] {subprocess.py:106} INFO - 	at org.apache.spark.sql.execution.streaming.TriggerExecutor.runOneBatch$(TriggerExecutor.scala:37)
[2026-04-12T09:51:23.436+0000] {subprocess.py:106} INFO - 	at org.apache.spark.sql.execution.streaming.ProcessingTimeExecutor.runOneBatch(TriggerExecutor.scala:70)
[2026-04-12T09:51:23.436+0000] {subprocess.py:106} INFO - 	at org.apache.spark.sql.execution.streaming.ProcessingTimeExecutor.execute(TriggerExecutor.scala:82)
[2026-04-12T09:51:23.437+0000] {subprocess.py:106} INFO - 	at org.apache.spark.sql.execution.streaming.MicroBatchExecution.runActivatedStream(MicroBatchExecution.scala:344)
[2026-04-12T09:51:23.437+0000] {subprocess.py:106} INFO - 	at org.apache.spark.sql.execution.streaming.StreamExecution.$anonfun$runStream$1(StreamExecution.scala:337)
[2026-04-12T09:51:23.438+0000] {subprocess.py:106} INFO - 	at scala.runtime.java8.JFunction0$mcV$sp.apply(JFunction0$mcV$sp.scala:18)
[2026-04-12T09:51:23.438+0000] {subprocess.py:106} INFO - 	at org.apache.spark.sql.SparkSession.withActive(SparkSession.scala:804)
[2026-04-12T09:51:23.438+0000] {subprocess.py:106} INFO - 	at org.apache.spark.sql.execution.streaming.StreamExecution.org$apache$spark$sql$execution$streaming$StreamExecution$$runStream(StreamExecution.scala:311)
[2026-04-12T09:51:23.439+0000] {subprocess.py:106} INFO - 	at org.apache.spark.sql.execution.streaming.StreamExecution$$anon$1.run(StreamExecution.scala:226)
[2026-04-12T09:51:23.439+0000] {subprocess.py:106} INFO - Caused by: py4j.Py4JException: An exception was raised by the Python Proxy. Return Message: Traceback (most recent call last):
[2026-04-12T09:51:23.440+0000] {subprocess.py:106} INFO -   File "/home/spark/spark/python/lib/py4j-0.10.9.9-src.zip/py4j/clientserver.py", line 644, in _call_proxy
[2026-04-12T09:51:23.440+0000] {subprocess.py:106} INFO -     return_value = getattr(self.pool[obj_id], method)(*params)
[2026-04-12T09:51:23.441+0000] {subprocess.py:106} INFO -   File "/home/spark/spark/python/lib/pyspark.zip/pyspark/sql/utils.py", line 165, in call
[2026-04-12T09:51:23.441+0000] {subprocess.py:106} INFO -     raise e
[2026-04-12T09:51:23.441+0000] {subprocess.py:106} INFO -   File "/home/spark/spark/python/lib/pyspark.zip/pyspark/sql/utils.py", line 162, in call
[2026-04-12T09:51:23.442+0000] {subprocess.py:106} INFO -     self.func(DataFrame(jdf, wrapped_session_jdf), batch_id)
[2026-04-12T09:51:23.442+0000] {subprocess.py:106} INFO -   File "/home/spark/spark/spark_jobs/weather_streaming.py", line 114, in write_to_bronze_and_silver
[2026-04-12T09:51:23.443+0000] {subprocess.py:106} INFO -     .save("hdfs://23133083thuyvan-master:9000/user/hive/lakehouse/bronze/raw_api")
[2026-04-12T09:51:23.443+0000] {subprocess.py:106} INFO -   File "/home/spark/spark/python/lib/pyspark.zip/pyspark/sql/readwriter.py", line 1745, in save
[2026-04-12T09:51:23.444+0000] {subprocess.py:106} INFO -     self._jwrite.save(path)
[2026-04-12T09:51:23.444+0000] {subprocess.py:106} INFO -   File "/home/spark/spark/python/lib/py4j-0.10.9.9-src.zip/py4j/java_gateway.py", line 1362, in __call__
[2026-04-12T09:51:23.445+0000] {subprocess.py:106} INFO -     return_value = get_return_value(
[2026-04-12T09:51:23.445+0000] {subprocess.py:106} INFO -   File "/home/spark/spark/python/lib/pyspark.zip/pyspark/errors/exceptions/captured.py", line 282, in deco
[2026-04-12T09:51:23.446+0000] {subprocess.py:106} INFO -     return f(*a, **kw)
[2026-04-12T09:51:23.446+0000] {subprocess.py:106} INFO -   File "/home/spark/spark/python/lib/py4j-0.10.9.9-src.zip/py4j/protocol.py", line 327, in get_return_value
[2026-04-12T09:51:23.446+0000] {subprocess.py:106} INFO -     raise Py4JJavaError(
[2026-04-12T09:51:23.447+0000] {subprocess.py:106} INFO - py4j.protocol.Py4JJavaError: An error occurred while calling o104.save.
[2026-04-12T09:51:23.447+0000] {subprocess.py:106} INFO - : org.apache.hadoop.security.AccessControlException: Permission denied: user=spark, access=WRITE, inode="/user/hive/lakehouse/bronze":hadoop23133083thuyvan:supergroup:drwxr-xr-x
[2026-04-12T09:51:23.447+0000] {subprocess.py:106} INFO - 	at org.apache.hadoop.hdfs.server.namenode.FSPermissionChecker.check(FSPermissionChecker.java:661)
[2026-04-12T09:51:23.448+0000] {subprocess.py:106} INFO - 	at org.apache.hadoop.hdfs.server.namenode.FSPermissionChecker.checkPermission(FSPermissionChecker.java:501)
[2026-04-12T09:51:23.448+0000] {subprocess.py:106} INFO - 	at org.apache.hadoop.hdfs.server.namenode.FSPermissionChecker.checkPermissionWithContext(FSPermissionChecker.java:525)
[2026-04-12T09:51:23.449+0000] {subprocess.py:106} INFO - 	at org.apache.hadoop.hdfs.server.namenode.FSPermissionChecker.checkPermission(FSPermissionChecker.java:395)
[2026-04-12T09:51:23.449+0000] {subprocess.py:106} INFO - 	at org.apache.hadoop.hdfs.server.namenode.FSDirectory.checkPermission(FSDirectory.java:1964)
[2026-04-12T09:51:23.450+0000] {subprocess.py:106} INFO - 	at org.apache.hadoop.hdfs.server.namenode.FSDirectory.checkPermission(FSDirectory.java:1945)
[2026-04-12T09:51:23.450+0000] {subprocess.py:106} INFO - 	at org.apache.hadoop.hdfs.server.namenode.FSDirectory.checkAncestorAccess(FSDirectory.java:1904)
[2026-04-12T09:51:23.450+0000] {subprocess.py:106} INFO - 	at org.apache.hadoop.hdfs.server.namenode.FSDirMkdirOp.mkdirs(FSDirMkdirOp.java:60)
[2026-04-12T09:51:23.451+0000] {subprocess.py:106} INFO - 	at org.apache.hadoop.hdfs.server.namenode.FSNamesystem.mkdirs(FSNamesystem.java:3531)
[2026-04-12T09:51:23.451+0000] {subprocess.py:106} INFO - 	at org.apache.hadoop.hdfs.server.namenode.NameNodeRpcServer.mkdirs(NameNodeRpcServer.java:1173)
[2026-04-12T09:51:23.452+0000] {subprocess.py:106} INFO - 	at org.apache.hadoop.hdfs.protocolPB.ClientNamenodeProtocolServerSideTranslatorPB.mkdirs(ClientNamenodeProtocolServerSideTranslatorPB.java:750)
[2026-04-12T09:51:23.452+0000] {subprocess.py:106} INFO - 	at org.apache.hadoop.hdfs.protocol.proto.ClientNamenodeProtocolProtos$ClientNamenodeProtocol$2.callBlockingMethod(ClientNamenodeProtocolProtos.java)
[2026-04-12T09:51:23.453+0000] {subprocess.py:106} INFO - 	at org.apache.hadoop.ipc.ProtobufRpcEngine2$Server$ProtoBufRpcInvoker.call(ProtobufRpcEngine2.java:621)
[2026-04-12T09:51:23.453+0000] {subprocess.py:106} INFO - 	at org.apache.hadoop.ipc.ProtobufRpcEngine2$Server$ProtoBufRpcInvoker.call(ProtobufRpcEngine2.java:589)
[2026-04-12T09:51:23.454+0000] {subprocess.py:106} INFO - 	at org.apache.hadoop.ipc.ProtobufRpcEngine2$Server$ProtoBufRpcInvoker.call(ProtobufRpcEngine2.java:573)
[2026-04-12T09:51:23.454+0000] {subprocess.py:106} INFO - 	at org.apache.hadoop.ipc.RPC$Server.call(RPC.java:1227)
[2026-04-12T09:51:23.454+0000] {subprocess.py:106} INFO - 	at org.apache.hadoop.ipc.Server$RpcCall.run(Server.java:1246)
[2026-04-12T09:51:23.455+0000] {subprocess.py:106} INFO - 	at org.apache.hadoop.ipc.Server$RpcCall.run(Server.java:1169)
[2026-04-12T09:51:23.455+0000] {subprocess.py:106} INFO - 	at java.base/java.security.AccessController.doPrivileged(Native Method)
[2026-04-12T09:51:23.456+0000] {subprocess.py:106} INFO - 	at java.base/javax.security.auth.Subject.doAs(Subject.java:423)
[2026-04-12T09:51:23.456+0000] {subprocess.py:106} INFO - 	at org.apache.hadoop.security.UserGroupInformation.doAs(UserGroupInformation.java:1953)
[2026-04-12T09:51:23.457+0000] {subprocess.py:106} INFO - 	at org.apache.hadoop.ipc.Server$Handler.run(Server.java:3198)
[2026-04-12T09:51:23.457+0000] {subprocess.py:106} INFO - 
[2026-04-12T09:51:23.457+0000] {subprocess.py:106} INFO - 	at java.base/jdk.internal.reflect.NativeConstructorAccessorImpl.newInstance0(Native Method)
[2026-04-12T09:51:23.458+0000] {subprocess.py:106} INFO - 	at java.base/jdk.internal.reflect.NativeConstructorAccessorImpl.newInstance(NativeConstructorAccessorImpl.java:75)
[2026-04-12T09:51:23.458+0000] {subprocess.py:106} INFO - 	at java.base/jdk.internal.reflect.DelegatingConstructorAccessorImpl.newInstance(DelegatingConstructorAccessorImpl.java:53)
[2026-04-12T09:51:23.459+0000] {subprocess.py:106} INFO - 	at java.base/java.lang.reflect.Constructor.newInstanceWithCaller(Constructor.java:502)
[2026-04-12T09:51:23.459+0000] {subprocess.py:106} INFO - 	at java.base/java.lang.reflect.Constructor.newInstance(Constructor.java:486)
[2026-04-12T09:51:23.460+0000] {subprocess.py:106} INFO - 	at org.apache.hadoop.ipc.RemoteException.instantiateException(RemoteException.java:121)
[2026-04-12T09:51:23.460+0000] {subprocess.py:106} INFO - 	at org.apache.hadoop.ipc.RemoteException.unwrapRemoteException(RemoteException.java:88)
[2026-04-12T09:51:23.461+0000] {subprocess.py:106} INFO - 	at org.apache.hadoop.hdfs.DFSClient.primitiveMkdir(DFSClient.java:2557)
[2026-04-12T09:51:23.461+0000] {subprocess.py:106} INFO - 	at org.apache.hadoop.hdfs.DFSClient.mkdirs(DFSClient.java:2531)
[2026-04-12T09:51:23.462+0000] {subprocess.py:106} INFO - 	at org.apache.hadoop.hdfs.DistributedFileSystem$27.doCall(DistributedFileSystem.java:1497)
[2026-04-12T09:51:23.462+0000] {subprocess.py:106} INFO - 	at org.apache.hadoop.hdfs.DistributedFileSystem$27.doCall(DistributedFileSystem.java:1494)
[2026-04-12T09:51:23.463+0000] {subprocess.py:106} INFO - 	at org.apache.hadoop.fs.FileSystemLinkResolver.resolve(FileSystemLinkResolver.java:81)
[2026-04-12T09:51:23.463+0000] {subprocess.py:106} INFO - 	at org.apache.hadoop.hdfs.DistributedFileSystem.mkdirsInternal(DistributedFileSystem.java:1511)
[2026-04-12T09:51:23.464+0000] {subprocess.py:106} INFO - 	at org.apache.hadoop.hdfs.DistributedFileSystem.mkdirs(DistributedFileSystem.java:1486)
[2026-04-12T09:51:23.464+0000] {subprocess.py:106} INFO - 	at org.apache.hadoop.fs.FileSystem.mkdirs(FileSystem.java:2496)
[2026-04-12T09:51:23.465+0000] {subprocess.py:106} INFO - 	at org.apache.hadoop.mapreduce.lib.output.FileOutputCommitter.setupJob(FileOutputCommitter.java:356)
[2026-04-12T09:51:23.465+0000] {subprocess.py:106} INFO - 	at org.apache.spark.internal.io.HadoopMapReduceCommitProtocol.setupJob(HadoopMapReduceCommitProtocol.scala:190)
[2026-04-12T09:51:23.467+0000] {subprocess.py:106} INFO - 	at org.apache.spark.sql.execution.datasources.FileFormatWriter$.writeAndCommit(FileFormatWriter.scala:268)
[2026-04-12T09:51:23.468+0000] {subprocess.py:106} INFO - 	at org.apache.spark.sql.execution.datasources.FileFormatWriter$.executeWrite(FileFormatWriter.scala:306)
[2026-04-12T09:51:23.468+0000] {subprocess.py:106} INFO - 	at org.apache.spark.sql.execution.datasources.FileFormatWriter$.write(FileFormatWriter.scala:189)
[2026-04-12T09:51:23.469+0000] {subprocess.py:106} INFO - 	at org.apache.spark.sql.execution.datasources.InsertIntoHadoopFsRelationCommand.run(InsertIntoHadoopFsRelationCommand.scala:195)
[2026-04-12T09:51:23.469+0000] {subprocess.py:106} INFO - 	at org.apache.spark.sql.execution.command.DataWritingCommandExec.sideEffectResult$lzycompute(commands.scala:117)
[2026-04-12T09:51:23.470+0000] {subprocess.py:106} INFO - 	at org.apache.spark.sql.execution.command.DataWritingCommandExec.sideEffectResult(commands.scala:115)
[2026-04-12T09:51:23.470+0000] {subprocess.py:106} INFO - 	at org.apache.spark.sql.execution.command.DataWritingCommandExec.executeCollect(commands.scala:129)
[2026-04-12T09:51:23.471+0000] {subprocess.py:106} INFO - 	at org.apache.spark.sql.execution.QueryExecution.$anonfun$eagerlyExecuteCommands$2(QueryExecution.scala:155)
[2026-04-12T09:51:23.471+0000] {subprocess.py:106} INFO - 	at org.apache.spark.sql.execution.SQLExecution$.$anonfun$withNewExecutionId0$8(SQLExecution.scala:163)
[2026-04-12T09:51:23.472+0000] {subprocess.py:106} INFO - 	at org.apache.spark.sql.execution.SQLExecution$.withSessionTagsApplied(SQLExecution.scala:272)
[2026-04-12T09:51:23.472+0000] {subprocess.py:106} INFO - 	at org.apache.spark.sql.execution.SQLExecution$.$anonfun$withNewExecutionId0$7(SQLExecution.scala:125)
[2026-04-12T09:51:23.473+0000] {subprocess.py:106} INFO - 	at org.apache.spark.JobArtifactSet$.withActiveJobArtifactState(JobArtifactSet.scala:94)
[2026-04-12T09:51:23.473+0000] {subprocess.py:106} INFO - 	at org.apache.spark.sql.artifact.ArtifactManager.$anonfun$withResources$1(ArtifactManager.scala:112)
[2026-04-12T09:51:23.474+0000] {subprocess.py:106} INFO - 	at org.apache.spark.sql.artifact.ArtifactManager.withClassLoaderIfNeeded(ArtifactManager.scala:106)
[2026-04-12T09:51:23.474+0000] {subprocess.py:106} INFO - 	at org.apache.spark.sql.artifact.ArtifactManager.withResources(ArtifactManager.scala:111)
[2026-04-12T09:51:23.475+0000] {subprocess.py:106} INFO - 	at org.apache.spark.sql.execution.SQLExecution$.$anonfun$withNewExecutionId0$6(SQLExecution.scala:125)
[2026-04-12T09:51:23.475+0000] {subprocess.py:106} INFO - 	at org.apache.spark.sql.execution.SQLExecution$.withSQLConfPropagated(SQLExecution.scala:295)
[2026-04-12T09:51:23.476+0000] {subprocess.py:106} INFO - 	at org.apache.spark.sql.execution.SQLExecution$.$anonfun$withNewExecutionId0$1(SQLExecution.scala:124)
[2026-04-12T09:51:23.476+0000] {subprocess.py:106} INFO - 	at org.apache.spark.sql.SparkSession.withActive(SparkSession.scala:804)
[2026-04-12T09:51:23.477+0000] {subprocess.py:106} INFO - 	at org.apache.spark.sql.execution.SQLExecution$.withNewExecutionId0(SQLExecution.scala:78)
[2026-04-12T09:51:23.478+0000] {subprocess.py:106} INFO - 	at org.apache.spark.sql.execution.SQLExecution$.withNewExecutionId(SQLExecution.scala:237)
[2026-04-12T09:51:23.478+0000] {subprocess.py:106} INFO - 	at org.apache.spark.sql.execution.QueryExecution.$anonfun$eagerlyExecuteCommands$1(QueryExecution.scala:155)
[2026-04-12T09:51:23.479+0000] {subprocess.py:106} INFO - 	at org.apache.spark.sql.execution.QueryExecution$.withInternalError(QueryExecution.scala:654)
[2026-04-12T09:51:23.480+0000] {subprocess.py:106} INFO - 	at org.apache.spark.sql.execution.QueryExecution.org$apache$spark$sql$execution$QueryExecution$$eagerlyExecute$1(QueryExecution.scala:154)
[2026-04-12T09:51:23.480+0000] {subprocess.py:106} INFO - 	at org.apache.spark.sql.execution.QueryExecution$$anonfun$eagerlyExecuteCommands$3.applyOrElse(QueryExecution.scala:169)
[2026-04-12T09:51:23.481+0000] {subprocess.py:106} INFO - 	at org.apache.spark.sql.execution.QueryExecution$$anonfun$eagerlyExecuteCommands$3.applyOrElse(QueryExecution.scala:164)
[2026-04-12T09:51:23.481+0000] {subprocess.py:106} INFO - 	at org.apache.spark.sql.catalyst.trees.TreeNode.$anonfun$transformDownWithPruning$1(TreeNode.scala:470)
[2026-04-12T09:51:23.482+0000] {subprocess.py:106} INFO - 	at org.apache.spark.sql.catalyst.trees.CurrentOrigin$.withOrigin(origin.scala:86)
[2026-04-12T09:51:23.483+0000] {subprocess.py:106} INFO - 	at org.apache.spark.sql.catalyst.trees.TreeNode.transformDownWithPruning(TreeNode.scala:470)
[2026-04-12T09:51:23.484+0000] {subprocess.py:106} INFO - 	at org.apache.spark.sql.catalyst.plans.logical.LogicalPlan.org$apache$spark$sql$catalyst$plans$logical$AnalysisHelper$$super$transformDownWithPruning(LogicalPlan.scala:37)
[2026-04-12T09:51:23.485+0000] {subprocess.py:106} INFO - 	at org.apache.spark.sql.catalyst.plans.logical.AnalysisHelper.transformDownWithPruning(AnalysisHelper.scala:360)
[2026-04-12T09:51:23.485+0000] {subprocess.py:106} INFO - 	at org.apache.spark.sql.catalyst.plans.logical.AnalysisHelper.transformDownWithPruning$(AnalysisHelper.scala:356)
[2026-04-12T09:51:23.486+0000] {subprocess.py:106} INFO - 	at org.apache.spark.sql.catalyst.plans.logical.LogicalPlan.transformDownWithPruning(LogicalPlan.scala:37)
[2026-04-12T09:51:23.487+0000] {subprocess.py:106} INFO - 	at org.apache.spark.sql.catalyst.plans.logical.LogicalPlan.transformDownWithPruning(LogicalPlan.scala:37)
[2026-04-12T09:51:23.487+0000] {subprocess.py:106} INFO - 	at org.apache.spark.sql.catalyst.trees.TreeNode.transformDown(TreeNode.scala:446)
[2026-04-12T09:51:23.488+0000] {subprocess.py:106} INFO - 	at org.apache.spark.sql.execution.QueryExecution.eagerlyExecuteCommands(QueryExecution.scala:164)
[2026-04-12T09:51:23.488+0000] {subprocess.py:106} INFO - 	at org.apache.spark.sql.execution.QueryExecution.$anonfun$lazyCommandExecuted$1(QueryExecution.scala:126)
[2026-04-12T09:51:23.489+0000] {subprocess.py:106} INFO - 	at scala.util.Try$.apply(Try.scala:217)
[2026-04-12T09:51:23.489+0000] {subprocess.py:106} INFO - 	at org.apache.spark.util.Utils$.doTryWithCallerStacktrace(Utils.scala:1378)
[2026-04-12T09:51:23.490+0000] {subprocess.py:106} INFO - 	at org.apache.spark.util.Utils$.getTryWithCallerStacktrace(Utils.scala:1439)
[2026-04-12T09:51:23.490+0000] {subprocess.py:106} INFO - 	at org.apache.spark.util.LazyTry.get(LazyTry.scala:58)
[2026-04-12T09:51:23.491+0000] {subprocess.py:106} INFO - 	at org.apache.spark.sql.execution.QueryExecution.commandExecuted(QueryExecution.scala:131)
[2026-04-12T09:51:23.491+0000] {subprocess.py:106} INFO - 	at org.apache.spark.sql.execution.QueryExecution.assertCommandExecuted(QueryExecution.scala:192)
[2026-04-12T09:51:23.492+0000] {subprocess.py:106} INFO - 	at org.apache.spark.sql.classic.DataFrameWriter.runCommand(DataFrameWriter.scala:622)
[2026-04-12T09:51:23.492+0000] {subprocess.py:106} INFO - 	at org.apache.spark.sql.classic.DataFrameWriter.saveToV1Source(DataFrameWriter.scala:273)
[2026-04-12T09:51:23.493+0000] {subprocess.py:106} INFO - 	at org.apache.spark.sql.classic.DataFrameWriter.saveInternal(DataFrameWriter.scala:241)
[2026-04-12T09:51:23.494+0000] {subprocess.py:106} INFO - 	at org.apache.spark.sql.classic.DataFrameWriter.save(DataFrameWriter.scala:118)
[2026-04-12T09:51:23.494+0000] {subprocess.py:106} INFO - 	at java.base/jdk.internal.reflect.NativeMethodAccessorImpl.invoke0(Native Method)
[2026-04-12T09:51:23.495+0000] {subprocess.py:106} INFO - 	at java.base/jdk.internal.reflect.NativeMethodAccessorImpl.invoke(NativeMethodAccessorImpl.java:75)
[2026-04-12T09:51:23.495+0000] {subprocess.py:106} INFO - 	at java.base/jdk.internal.reflect.DelegatingMethodAccessorImpl.invoke(DelegatingMethodAccessorImpl.java:52)
[2026-04-12T09:51:23.495+0000] {subprocess.py:106} INFO - 	at java.base/java.lang.reflect.Method.invoke(Method.java:580)
[2026-04-12T09:51:23.496+0000] {subprocess.py:106} INFO - 	at py4j.reflection.MethodInvoker.invoke(MethodInvoker.java:244)
[2026-04-12T09:51:23.496+0000] {subprocess.py:106} INFO - 	at py4j.reflection.ReflectionEngine.invoke(ReflectionEngine.java:374)
[2026-04-12T09:51:23.497+0000] {subprocess.py:106} INFO - 	at py4j.Gateway.invoke(Gateway.java:282)
[2026-04-12T09:51:23.497+0000] {subprocess.py:106} INFO - 	at py4j.commands.AbstractCommand.invokeMethod(AbstractCommand.java:132)
[2026-04-12T09:51:23.498+0000] {subprocess.py:106} INFO - 	at py4j.commands.CallCommand.execute(CallCommand.java:79)
[2026-04-12T09:51:23.498+0000] {subprocess.py:106} INFO - 	at py4j.ClientServerConnection.sendCommand(ClientServerConnection.java:246)
[2026-04-12T09:51:23.499+0000] {subprocess.py:106} INFO - 	at py4j.CallbackClient.sendCommand(CallbackClient.java:384)
[2026-04-12T09:51:23.499+0000] {subprocess.py:106} INFO - 	at py4j.CallbackClient.sendCommand(CallbackClient.java:356)
[2026-04-12T09:51:23.500+0000] {subprocess.py:106} INFO - 	at py4j.reflection.PythonProxyHandler.invoke(PythonProxyHandler.java:106)
[2026-04-12T09:51:23.500+0000] {subprocess.py:106} INFO - 	at jdk.proxy3/jdk.proxy3.$Proxy49.call(Unknown Source)
[2026-04-12T09:51:23.501+0000] {subprocess.py:106} INFO - 	at org.apache.spark.sql.execution.streaming.sources.PythonForeachBatchHelper$.$anonfun$callForeachBatch$1(ForeachBatchSink.scala:87)
[2026-04-12T09:51:23.501+0000] {subprocess.py:106} INFO - 	at org.apache.spark.sql.execution.streaming.sources.PythonForeachBatchHelper$.$anonfun$callForeachBatch$1$adapted(ForeachBatchSink.scala:87)
[2026-04-12T09:51:23.502+0000] {subprocess.py:106} INFO - 	at org.apache.spark.sql.execution.streaming.sources.ForeachBatchSink.callBatchWriter(ForeachBatchSink.scala:56)
[2026-04-12T09:51:23.502+0000] {subprocess.py:106} INFO - 	at org.apache.spark.sql.execution.streaming.sources.ForeachBatchSink.addBatch(ForeachBatchSink.scala:49)
[2026-04-12T09:51:23.502+0000] {subprocess.py:106} INFO - 	at org.apache.spark.sql.execution.streaming.MicroBatchExecution.$anonfun$runBatch$17(MicroBatchExecution.scala:889)
[2026-04-12T09:51:23.503+0000] {subprocess.py:106} INFO - 	at org.apache.spark.sql.execution.SQLExecution$.$anonfun$withNewExecutionId0$8(SQLExecution.scala:163)
[2026-04-12T09:51:23.503+0000] {subprocess.py:106} INFO - 	at org.apache.spark.sql.execution.SQLExecution$.withSessionTagsApplied(SQLExecution.scala:272)
[2026-04-12T09:51:23.503+0000] {subprocess.py:106} INFO - 	at org.apache.spark.sql.execution.SQLExecution$.$anonfun$withNewExecutionId0$7(SQLExecution.scala:125)
[2026-04-12T09:51:23.504+0000] {subprocess.py:106} INFO - 	at org.apache.spark.JobArtifactSet$.withActiveJobArtifactState(JobArtifactSet.scala:94)
[2026-04-12T09:51:23.504+0000] {subprocess.py:106} INFO - 	at org.apache.spark.sql.artifact.ArtifactManager.$anonfun$withResources$1(ArtifactManager.scala:112)
[2026-04-12T09:51:23.505+0000] {subprocess.py:106} INFO - 	at org.apache.spark.sql.artifact.ArtifactManager.withClassLoaderIfNeeded(ArtifactManager.scala:106)
[2026-04-12T09:51:23.505+0000] {subprocess.py:106} INFO - 	at org.apache.spark.sql.artifact.ArtifactManager.withResources(ArtifactManager.scala:111)
[2026-04-12T09:51:23.506+0000] {subprocess.py:106} INFO - 	at org.apache.spark.sql.execution.SQLExecution$.$anonfun$withNewExecutionId0$6(SQLExecution.scala:125)
[2026-04-12T09:51:23.506+0000] {subprocess.py:106} INFO - 	at org.apache.spark.sql.execution.SQLExecution$.withSQLConfPropagated(SQLExecution.scala:295)
[2026-04-12T09:51:23.507+0000] {subprocess.py:106} INFO - 	at org.apache.spark.sql.execution.SQLExecution$.$anonfun$withNewExecutionId0$1(SQLExecution.scala:124)
[2026-04-12T09:51:23.507+0000] {subprocess.py:106} INFO - 	at org.apache.spark.sql.SparkSession.withActive(SparkSession.scala:804)
[2026-04-12T09:51:23.508+0000] {subprocess.py:106} INFO - 	at org.apache.spark.sql.execution.SQLExecution$.withNewExecutionId0(SQLExecution.scala:78)
[2026-04-12T09:51:23.508+0000] {subprocess.py:106} INFO - 	at org.apache.spark.sql.execution.SQLExecution$.withNewExecutionId(SQLExecution.scala:237)
[2026-04-12T09:51:23.509+0000] {subprocess.py:106} INFO - 	at org.apache.spark.sql.execution.streaming.MicroBatchExecution.$anonfun$runBatch$16(MicroBatchExecution.scala:886)
[2026-04-12T09:51:23.510+0000] {subprocess.py:106} INFO - 	at org.apache.spark.sql.execution.streaming.ProgressContext.reportTimeTaken(ProgressReporter.scala:186)
[2026-04-12T09:51:23.511+0000] {subprocess.py:106} INFO - 	at org.apache.spark.sql.execution.streaming.MicroBatchExecution.runBatch(MicroBatchExecution.scala:886)
[2026-04-12T09:51:23.511+0000] {subprocess.py:106} INFO - 	at org.apache.spark.sql.execution.streaming.MicroBatchExecution.$anonfun$executeOneBatch$2(MicroBatchExecution.scala:394)
[2026-04-12T09:51:23.512+0000] {subprocess.py:106} INFO - 	at scala.runtime.java8.JFunction0$mcV$sp.apply(JFunction0$mcV$sp.scala:18)
[2026-04-12T09:51:23.513+0000] {subprocess.py:106} INFO - 	at org.apache.spark.sql.execution.streaming.ProgressContext.reportTimeTaken(ProgressReporter.scala:186)
[2026-04-12T09:51:23.514+0000] {subprocess.py:106} INFO - 	at org.apache.spark.sql.execution.streaming.MicroBatchExecution.executeOneBatch(MicroBatchExecution.scala:364)
[2026-04-12T09:51:23.515+0000] {subprocess.py:106} INFO - 	at org.apache.spark.sql.execution.streaming.MicroBatchExecution.$anonfun$runActivatedStream$1(MicroBatchExecution.scala:344)
[2026-04-12T09:51:23.515+0000] {subprocess.py:106} INFO - 	at org.apache.spark.sql.execution.streaming.MicroBatchExecution.$anonfun$runActivatedStream$1$adapted(MicroBatchExecution.scala:344)
[2026-04-12T09:51:23.516+0000] {subprocess.py:106} INFO - 	at org.apache.spark.sql.execution.streaming.TriggerExecutor.runOneBatch(TriggerExecutor.scala:39)
[2026-04-12T09:51:23.516+0000] {subprocess.py:106} INFO - 	at org.apache.spark.sql.execution.streaming.TriggerExecutor.runOneBatch$(TriggerExecutor.scala:37)
[2026-04-12T09:51:23.517+0000] {subprocess.py:106} INFO - 	at org.apache.spark.sql.execution.streaming.ProcessingTimeExecutor.runOneBatch(TriggerExecutor.scala:70)
[2026-04-12T09:51:23.517+0000] {subprocess.py:106} INFO - 	at org.apache.spark.sql.execution.streaming.ProcessingTimeExecutor.execute(TriggerExecutor.scala:82)
[2026-04-12T09:51:23.518+0000] {subprocess.py:106} INFO - 	at org.apache.spark.sql.execution.streaming.MicroBatchExecution.runActivatedStream(MicroBatchExecution.scala:344)
[2026-04-12T09:51:23.518+0000] {subprocess.py:106} INFO - 	at org.apache.spark.sql.execution.streaming.StreamExecution.$anonfun$runStream$1(StreamExecution.scala:337)
[2026-04-12T09:51:23.519+0000] {subprocess.py:106} INFO - 	at scala.runtime.java8.JFunction0$mcV$sp.apply(JFunction0$mcV$sp.scala:18)
[2026-04-12T09:51:23.519+0000] {subprocess.py:106} INFO - 	at org.apache.spark.sql.SparkSession.withActive(SparkSession.scala:804)
[2026-04-12T09:51:23.520+0000] {subprocess.py:106} INFO - 	at org.apache.spark.sql.execution.streaming.StreamExecution.org$apache$spark$sql$execution$streaming$StreamExecution$$runStream(StreamExecution.scala:311)
[2026-04-12T09:51:23.520+0000] {subprocess.py:106} INFO - 	at org.apache.spark.sql.execution.streaming.StreamExecution$$anon$1.run(StreamExecution.scala:226)
[2026-04-12T09:51:23.521+0000] {subprocess.py:106} INFO - 	Suppressed: org.apache.spark.util.Utils$OriginalTryStackTraceException: Full stacktrace of original doTryWithCallerStacktrace caller
[2026-04-12T09:51:23.521+0000] {subprocess.py:106} INFO - 		at java.base/jdk.internal.reflect.NativeConstructorAccessorImpl.newInstance0(Native Method)
[2026-04-12T09:51:23.522+0000] {subprocess.py:106} INFO - 		at java.base/jdk.internal.reflect.NativeConstructorAccessorImpl.newInstance(NativeConstructorAccessorImpl.java:75)
[2026-04-12T09:51:23.523+0000] {subprocess.py:106} INFO - 		at java.base/jdk.internal.reflect.DelegatingConstructorAccessorImpl.newInstance(DelegatingConstructorAccessorImpl.java:53)
[2026-04-12T09:51:23.523+0000] {subprocess.py:106} INFO - 		at java.base/java.lang.reflect.Constructor.newInstanceWithCaller(Constructor.java:502)
[2026-04-12T09:51:23.524+0000] {subprocess.py:106} INFO - 		at java.base/java.lang.reflect.Constructor.newInstance(Constructor.java:486)
[2026-04-12T09:51:23.525+0000] {subprocess.py:106} INFO - 		at org.apache.hadoop.ipc.RemoteException.instantiateException(RemoteException.java:121)
[2026-04-12T09:51:23.525+0000] {subprocess.py:106} INFO - 		at org.apache.hadoop.ipc.RemoteException.unwrapRemoteException(RemoteException.java:88)
[2026-04-12T09:51:23.526+0000] {subprocess.py:106} INFO - 		at org.apache.hadoop.hdfs.DFSClient.primitiveMkdir(DFSClient.java:2557)
[2026-04-12T09:51:23.527+0000] {subprocess.py:106} INFO - 		at org.apache.hadoop.hdfs.DFSClient.mkdirs(DFSClient.java:2531)
[2026-04-12T09:51:23.528+0000] {subprocess.py:106} INFO - 		at org.apache.hadoop.hdfs.DistributedFileSystem$27.doCall(DistributedFileSystem.java:1497)
[2026-04-12T09:51:23.528+0000] {subprocess.py:106} INFO - 		at org.apache.hadoop.hdfs.DistributedFileSystem$27.doCall(DistributedFileSystem.java:1494)
[2026-04-12T09:51:23.533+0000] {subprocess.py:106} INFO - 		at org.apache.hadoop.fs.FileSystemLinkResolver.resolve(FileSystemLinkResolver.java:81)
[2026-04-12T09:51:23.533+0000] {subprocess.py:106} INFO - 		at org.apache.hadoop.hdfs.DistributedFileSystem.mkdirsInternal(DistributedFileSystem.java:1511)
[2026-04-12T09:51:23.534+0000] {subprocess.py:106} INFO - 		at org.apache.hadoop.hdfs.DistributedFileSystem.mkdirs(DistributedFileSystem.java:1486)
[2026-04-12T09:51:23.535+0000] {subprocess.py:106} INFO - 		at org.apache.hadoop.fs.FileSystem.mkdirs(FileSystem.java:2496)
[2026-04-12T09:51:23.535+0000] {subprocess.py:106} INFO - 		at org.apache.hadoop.mapreduce.lib.output.FileOutputCommitter.setupJob(FileOutputCommitter.java:356)
[2026-04-12T09:51:23.535+0000] {subprocess.py:106} INFO - 		at org.apache.spark.internal.io.HadoopMapReduceCommitProtocol.setupJob(HadoopMapReduceCommitProtocol.scala:190)
[2026-04-12T09:51:23.536+0000] {subprocess.py:106} INFO - 		at org.apache.spark.sql.execution.datasources.FileFormatWriter$.writeAndCommit(FileFormatWriter.scala:268)
[2026-04-12T09:51:23.536+0000] {subprocess.py:106} INFO - 		at org.apache.spark.sql.execution.datasources.FileFormatWriter$.executeWrite(FileFormatWriter.scala:306)
[2026-04-12T09:51:23.537+0000] {subprocess.py:106} INFO - 		at org.apache.spark.sql.execution.datasources.FileFormatWriter$.write(FileFormatWriter.scala:189)
[2026-04-12T09:51:23.537+0000] {subprocess.py:106} INFO - 		at org.apache.spark.sql.execution.datasources.InsertIntoHadoopFsRelationCommand.run(InsertIntoHadoopFsRelationCommand.scala:195)
[2026-04-12T09:51:23.538+0000] {subprocess.py:106} INFO - 		at org.apache.spark.sql.execution.command.DataWritingCommandExec.sideEffectResult$lzycompute(commands.scala:117)
[2026-04-12T09:51:23.539+0000] {subprocess.py:106} INFO - 		at org.apache.spark.sql.execution.command.DataWritingCommandExec.sideEffectResult(commands.scala:115)
[2026-04-12T09:51:23.539+0000] {subprocess.py:106} INFO - 		at org.apache.spark.sql.execution.command.DataWritingCommandExec.executeCollect(commands.scala:129)
[2026-04-12T09:51:23.540+0000] {subprocess.py:106} INFO - 		at org.apache.spark.sql.execution.QueryExecution.$anonfun$eagerlyExecuteCommands$2(QueryExecution.scala:155)
[2026-04-12T09:51:23.540+0000] {subprocess.py:106} INFO - 		at org.apache.spark.sql.execution.SQLExecution$.$anonfun$withNewExecutionId0$8(SQLExecution.scala:163)
[2026-04-12T09:51:23.543+0000] {subprocess.py:106} INFO - 		at org.apache.spark.sql.execution.SQLExecution$.withSessionTagsApplied(SQLExecution.scala:272)
[2026-04-12T09:51:23.547+0000] {subprocess.py:106} INFO - 		at org.apache.spark.sql.execution.SQLExecution$.$anonfun$withNewExecutionId0$7(SQLExecution.scala:125)
[2026-04-12T09:51:23.548+0000] {subprocess.py:106} INFO - 		at org.apache.spark.JobArtifactSet$.withActiveJobArtifactState(JobArtifactSet.scala:94)
[2026-04-12T09:51:23.549+0000] {subprocess.py:106} INFO - 		at org.apache.spark.sql.artifact.ArtifactManager.$anonfun$withResources$1(ArtifactManager.scala:112)
[2026-04-12T09:51:23.549+0000] {subprocess.py:106} INFO - 		at org.apache.spark.sql.artifact.ArtifactManager.withClassLoaderIfNeeded(ArtifactManager.scala:106)
[2026-04-12T09:51:23.550+0000] {subprocess.py:106} INFO - 		at org.apache.spark.sql.artifact.ArtifactManager.withResources(ArtifactManager.scala:111)
[2026-04-12T09:51:23.550+0000] {subprocess.py:106} INFO - 		at org.apache.spark.sql.execution.SQLExecution$.$anonfun$withNewExecutionId0$6(SQLExecution.scala:125)
[2026-04-12T09:51:23.551+0000] {subprocess.py:106} INFO - 		at org.apache.spark.sql.execution.SQLExecution$.withSQLConfPropagated(SQLExecution.scala:295)
[2026-04-12T09:51:23.551+0000] {subprocess.py:106} INFO - 		at org.apache.spark.sql.execution.SQLExecution$.$anonfun$withNewExecutionId0$1(SQLExecution.scala:124)
[2026-04-12T09:51:23.551+0000] {subprocess.py:106} INFO - 		at org.apache.spark.sql.SparkSession.withActive(SparkSession.scala:804)
[2026-04-12T09:51:23.552+0000] {subprocess.py:106} INFO - 		at org.apache.spark.sql.execution.SQLExecution$.withNewExecutionId0(SQLExecution.scala:78)
[2026-04-12T09:51:23.553+0000] {subprocess.py:106} INFO - 		at org.apache.spark.sql.execution.SQLExecution$.withNewExecutionId(SQLExecution.scala:237)
[2026-04-12T09:51:23.554+0000] {subprocess.py:106} INFO - 		at org.apache.spark.sql.execution.QueryExecution.$anonfun$eagerlyExecuteCommands$1(QueryExecution.scala:155)
[2026-04-12T09:51:23.554+0000] {subprocess.py:106} INFO - 		at org.apache.spark.sql.execution.QueryExecution$.withInternalError(QueryExecution.scala:654)
[2026-04-12T09:51:23.555+0000] {subprocess.py:106} INFO - 		at org.apache.spark.sql.execution.QueryExecution.org$apache$spark$sql$execution$QueryExecution$$eagerlyExecute$1(QueryExecution.scala:154)
[2026-04-12T09:51:23.555+0000] {subprocess.py:106} INFO - 		at org.apache.spark.sql.execution.QueryExecution$$anonfun$eagerlyExecuteCommands$3.applyOrElse(QueryExecution.scala:169)
[2026-04-12T09:51:23.556+0000] {subprocess.py:106} INFO - 		at org.apache.spark.sql.execution.QueryExecution$$anonfun$eagerlyExecuteCommands$3.applyOrElse(QueryExecution.scala:164)
[2026-04-12T09:51:23.556+0000] {subprocess.py:106} INFO - 		at org.apache.spark.sql.catalyst.trees.TreeNode.$anonfun$transformDownWithPruning$1(TreeNode.scala:470)
[2026-04-12T09:51:23.557+0000] {subprocess.py:106} INFO - 		at org.apache.spark.sql.catalyst.trees.CurrentOrigin$.withOrigin(origin.scala:86)
[2026-04-12T09:51:23.557+0000] {subprocess.py:106} INFO - 		at org.apache.spark.sql.catalyst.trees.TreeNode.transformDownWithPruning(TreeNode.scala:470)
[2026-04-12T09:51:23.558+0000] {subprocess.py:106} INFO - 		at org.apache.spark.sql.catalyst.plans.logical.LogicalPlan.org$apache$spark$sql$catalyst$plans$logical$AnalysisHelper$$super$transformDownWithPruning(LogicalPlan.scala:37)
[2026-04-12T09:51:23.558+0000] {subprocess.py:106} INFO - 		at org.apache.spark.sql.catalyst.plans.logical.AnalysisHelper.transformDownWithPruning(AnalysisHelper.scala:360)
[2026-04-12T09:51:23.560+0000] {subprocess.py:106} INFO - 		at org.apache.spark.sql.catalyst.plans.logical.AnalysisHelper.transformDownWithPruning$(AnalysisHelper.scala:356)
[2026-04-12T09:51:23.561+0000] {subprocess.py:106} INFO - 		at org.apache.spark.sql.catalyst.plans.logical.LogicalPlan.transformDownWithPruning(LogicalPlan.scala:37)
[2026-04-12T09:51:23.561+0000] {subprocess.py:106} INFO - 		at org.apache.spark.sql.catalyst.plans.logical.LogicalPlan.transformDownWithPruning(LogicalPlan.scala:37)
[2026-04-12T09:51:23.562+0000] {subprocess.py:106} INFO - 		at org.apache.spark.sql.catalyst.trees.TreeNode.transformDown(TreeNode.scala:446)
[2026-04-12T09:51:23.562+0000] {subprocess.py:106} INFO - 		at org.apache.spark.sql.execution.QueryExecution.eagerlyExecuteCommands(QueryExecution.scala:164)
[2026-04-12T09:51:23.563+0000] {subprocess.py:106} INFO - 		at org.apache.spark.sql.execution.QueryExecution.$anonfun$lazyCommandExecuted$1(QueryExecution.scala:126)
[2026-04-12T09:51:23.563+0000] {subprocess.py:106} INFO - 		at scala.util.Try$.apply(Try.scala:217)
[2026-04-12T09:51:23.564+0000] {subprocess.py:106} INFO - 		at org.apache.spark.util.Utils$.doTryWithCallerStacktrace(Utils.scala:1378)
[2026-04-12T09:51:23.564+0000] {subprocess.py:106} INFO - 		at org.apache.spark.util.LazyTry.tryT$lzycompute(LazyTry.scala:46)
[2026-04-12T09:51:23.565+0000] {subprocess.py:106} INFO - 		at org.apache.spark.util.LazyTry.tryT(LazyTry.scala:46)
[2026-04-12T09:51:23.566+0000] {subprocess.py:106} INFO - 		... 58 more
[2026-04-12T09:51:23.566+0000] {subprocess.py:106} INFO - Caused by: org.apache.hadoop.ipc.RemoteException(org.apache.hadoop.security.AccessControlException): Permission denied: user=spark, access=WRITE, inode="/user/hive/lakehouse/bronze":hadoop23133083thuyvan:supergroup:drwxr-xr-x
[2026-04-12T09:51:23.566+0000] {subprocess.py:106} INFO - 	at org.apache.hadoop.hdfs.server.namenode.FSPermissionChecker.check(FSPermissionChecker.java:661)
[2026-04-12T09:51:23.567+0000] {subprocess.py:106} INFO - 	at org.apache.hadoop.hdfs.server.namenode.FSPermissionChecker.checkPermission(FSPermissionChecker.java:501)
[2026-04-12T09:51:23.567+0000] {subprocess.py:106} INFO - 	at org.apache.hadoop.hdfs.server.namenode.FSPermissionChecker.checkPermissionWithContext(FSPermissionChecker.java:525)
[2026-04-12T09:51:23.568+0000] {subprocess.py:106} INFO - 	at org.apache.hadoop.hdfs.server.namenode.FSPermissionChecker.checkPermission(FSPermissionChecker.java:395)
[2026-04-12T09:51:23.568+0000] {subprocess.py:106} INFO - 	at org.apache.hadoop.hdfs.server.namenode.FSDirectory.checkPermission(FSDirectory.java:1964)
[2026-04-12T09:51:23.569+0000] {subprocess.py:106} INFO - 	at org.apache.hadoop.hdfs.server.namenode.FSDirectory.checkPermission(FSDirectory.java:1945)
[2026-04-12T09:51:23.569+0000] {subprocess.py:106} INFO - 	at org.apache.hadoop.hdfs.server.namenode.FSDirectory.checkAncestorAccess(FSDirectory.java:1904)
[2026-04-12T09:51:23.569+0000] {subprocess.py:106} INFO - 	at org.apache.hadoop.hdfs.server.namenode.FSDirMkdirOp.mkdirs(FSDirMkdirOp.java:60)
[2026-04-12T09:51:23.570+0000] {subprocess.py:106} INFO - 	at org.apache.hadoop.hdfs.server.namenode.FSNamesystem.mkdirs(FSNamesystem.java:3531)
[2026-04-12T09:51:23.570+0000] {subprocess.py:106} INFO - 	at org.apache.hadoop.hdfs.server.namenode.NameNodeRpcServer.mkdirs(NameNodeRpcServer.java:1173)
[2026-04-12T09:51:23.571+0000] {subprocess.py:106} INFO - 	at org.apache.hadoop.hdfs.protocolPB.ClientNamenodeProtocolServerSideTranslatorPB.mkdirs(ClientNamenodeProtocolServerSideTranslatorPB.java:750)
[2026-04-12T09:51:23.571+0000] {subprocess.py:106} INFO - 	at org.apache.hadoop.hdfs.protocol.proto.ClientNamenodeProtocolProtos$ClientNamenodeProtocol$2.callBlockingMethod(ClientNamenodeProtocolProtos.java)
[2026-04-12T09:51:23.572+0000] {subprocess.py:106} INFO - 	at org.apache.hadoop.ipc.ProtobufRpcEngine2$Server$ProtoBufRpcInvoker.call(ProtobufRpcEngine2.java:621)
[2026-04-12T09:51:23.572+0000] {subprocess.py:106} INFO - 	at org.apache.hadoop.ipc.ProtobufRpcEngine2$Server$ProtoBufRpcInvoker.call(ProtobufRpcEngine2.java:589)
[2026-04-12T09:51:23.573+0000] {subprocess.py:106} INFO - 	at org.apache.hadoop.ipc.ProtobufRpcEngine2$Server$ProtoBufRpcInvoker.call(ProtobufRpcEngine2.java:573)
[2026-04-12T09:51:23.573+0000] {subprocess.py:106} INFO - 	at org.apache.hadoop.ipc.RPC$Server.call(RPC.java:1227)
[2026-04-12T09:51:23.574+0000] {subprocess.py:106} INFO - 	at org.apache.hadoop.ipc.Server$RpcCall.run(Server.java:1246)
[2026-04-12T09:51:23.575+0000] {subprocess.py:106} INFO - 	at org.apache.hadoop.ipc.Server$RpcCall.run(Server.java:1169)
[2026-04-12T09:51:23.575+0000] {subprocess.py:106} INFO - 	at java.base/java.security.AccessController.doPrivileged(Native Method)
[2026-04-12T09:51:23.575+0000] {subprocess.py:106} INFO - 	at java.base/javax.security.auth.Subject.doAs(Subject.java:423)
[2026-04-12T09:51:23.576+0000] {subprocess.py:106} INFO - 	at org.apache.hadoop.security.UserGroupInformation.doAs(UserGroupInformation.java:1953)
[2026-04-12T09:51:23.576+0000] {subprocess.py:106} INFO - 	at org.apache.hadoop.ipc.Server$Handler.run(Server.java:3198)
[2026-04-12T09:51:23.577+0000] {subprocess.py:106} INFO - 
[2026-04-12T09:51:23.578+0000] {subprocess.py:106} INFO - 	at org.apache.hadoop.ipc.Client.getRpcResponse(Client.java:1584)
[2026-04-12T09:51:23.578+0000] {subprocess.py:106} INFO - 	at org.apache.hadoop.ipc.Client.call(Client.java:1529)
[2026-04-12T09:51:23.579+0000] {subprocess.py:106} INFO - 	at org.apache.hadoop.ipc.Client.call(Client.java:1426)
[2026-04-12T09:51:23.579+0000] {subprocess.py:106} INFO - 	at org.apache.hadoop.ipc.ProtobufRpcEngine2$Invoker.invoke(ProtobufRpcEngine2.java:258)
[2026-04-12T09:51:23.580+0000] {subprocess.py:106} INFO - 	at org.apache.hadoop.ipc.ProtobufRpcEngine2$Invoker.invoke(ProtobufRpcEngine2.java:139)
[2026-04-12T09:51:23.580+0000] {subprocess.py:106} INFO - 	at jdk.proxy2/jdk.proxy2.$Proxy46.mkdirs(Unknown Source)
[2026-04-12T09:51:23.581+0000] {subprocess.py:106} INFO - 	at org.apache.hadoop.hdfs.protocolPB.ClientNamenodeProtocolTranslatorPB.lambda$mkdirs$20(ClientNamenodeProtocolTranslatorPB.java:611)
[2026-04-12T09:51:23.581+0000] {subprocess.py:106} INFO - 	at org.apache.hadoop.ipc.internal.ShadedProtobufHelper.ipc(ShadedProtobufHelper.java:160)
[2026-04-12T09:51:23.581+0000] {subprocess.py:106} INFO - 	at org.apache.hadoop.hdfs.protocolPB.ClientNamenodeProtocolTranslatorPB.mkdirs(ClientNamenodeProtocolTranslatorPB.java:611)
[2026-04-12T09:51:23.582+0000] {subprocess.py:106} INFO - 	at java.base/jdk.internal.reflect.NativeMethodAccessorImpl.invoke0(Native Method)
[2026-04-12T09:51:23.582+0000] {subprocess.py:106} INFO - 	at java.base/jdk.internal.reflect.NativeMethodAccessorImpl.invoke(NativeMethodAccessorImpl.java:75)
[2026-04-12T09:51:23.582+0000] {subprocess.py:106} INFO - 	at java.base/jdk.internal.reflect.DelegatingMethodAccessorImpl.invoke(DelegatingMethodAccessorImpl.java:52)
[2026-04-12T09:51:23.583+0000] {subprocess.py:106} INFO - 	at java.base/java.lang.reflect.Method.invoke(Method.java:580)
[2026-04-12T09:51:23.583+0000] {subprocess.py:106} INFO - 	at org.apache.hadoop.io.retry.RetryInvocationHandler.invokeMethod(RetryInvocationHandler.java:437)
[2026-04-12T09:51:23.584+0000] {subprocess.py:106} INFO - 	at org.apache.hadoop.io.retry.RetryInvocationHandler$Call.invokeMethod(RetryInvocationHandler.java:170)
[2026-04-12T09:51:23.584+0000] {subprocess.py:106} INFO - 	at org.apache.hadoop.io.retry.RetryInvocationHandler$Call.invoke(RetryInvocationHandler.java:162)
[2026-04-12T09:51:23.585+0000] {subprocess.py:106} INFO - 	at org.apache.hadoop.io.retry.RetryInvocationHandler$Call.invokeOnce(RetryInvocationHandler.java:100)
[2026-04-12T09:51:23.585+0000] {subprocess.py:106} INFO - 	at org.apache.hadoop.io.retry.RetryInvocationHandler.invoke(RetryInvocationHandler.java:366)
[2026-04-12T09:51:23.586+0000] {subprocess.py:106} INFO - 	at jdk.proxy2/jdk.proxy2.$Proxy47.mkdirs(Unknown Source)
[2026-04-12T09:51:23.587+0000] {subprocess.py:106} INFO - 	at org.apache.hadoop.hdfs.DFSClient.primitiveMkdir(DFSClient.java:2555)
[2026-04-12T09:51:23.587+0000] {subprocess.py:106} INFO - 	at org.apache.hadoop.hdfs.DFSClient.mkdirs(DFSClient.java:2531)
[2026-04-12T09:51:23.587+0000] {subprocess.py:106} INFO - 	at org.apache.hadoop.hdfs.DistributedFileSystem$27.doCall(DistributedFileSystem.java:1497)
[2026-04-12T09:51:23.588+0000] {subprocess.py:106} INFO - 	at org.apache.hadoop.hdfs.DistributedFileSystem$27.doCall(DistributedFileSystem.java:1494)
[2026-04-12T09:51:23.589+0000] {subprocess.py:106} INFO - 	at org.apache.hadoop.fs.FileSystemLinkResolver.resolve(FileSystemLinkResolver.java:81)
[2026-04-12T09:51:23.592+0000] {subprocess.py:106} INFO - 	at org.apache.hadoop.hdfs.DistributedFileSystem.mkdirsInternal(DistributedFileSystem.java:1511)
[2026-04-12T09:51:23.594+0000] {subprocess.py:106} INFO - 	at org.apache.hadoop.hdfs.DistributedFileSystem.mkdirs(DistributedFileSystem.java:1486)
[2026-04-12T09:51:23.599+0000] {subprocess.py:106} INFO - 	at org.apache.hadoop.fs.FileSystem.mkdirs(FileSystem.java:2496)
[2026-04-12T09:51:23.600+0000] {subprocess.py:106} INFO - 	at org.apache.hadoop.mapreduce.lib.output.FileOutputCommitter.setupJob(FileOutputCommitter.java:356)
[2026-04-12T09:51:23.604+0000] {subprocess.py:106} INFO - 	at org.apache.spark.internal.io.HadoopMapReduceCommitProtocol.setupJob(HadoopMapReduceCommitProtocol.scala:190)
[2026-04-12T09:51:23.608+0000] {subprocess.py:106} INFO - 	at org.apache.spark.sql.execution.datasources.FileFormatWriter$.writeAndCommit(FileFormatWriter.scala:268)
[2026-04-12T09:51:23.608+0000] {subprocess.py:106} INFO - 	at org.apache.spark.sql.execution.datasources.FileFormatWriter$.executeWrite(FileFormatWriter.scala:306)
[2026-04-12T09:51:23.609+0000] {subprocess.py:106} INFO - 	at org.apache.spark.sql.execution.datasources.FileFormatWriter$.write(FileFormatWriter.scala:189)
[2026-04-12T09:51:23.609+0000] {subprocess.py:106} INFO - 	at org.apache.spark.sql.execution.datasources.InsertIntoHadoopFsRelationCommand.run(InsertIntoHadoopFsRelationCommand.scala:195)
[2026-04-12T09:51:23.610+0000] {subprocess.py:106} INFO - 	at org.apache.spark.sql.execution.command.DataWritingCommandExec.sideEffectResult$lzycompute(commands.scala:117)
[2026-04-12T09:51:23.610+0000] {subprocess.py:106} INFO - 	at org.apache.spark.sql.execution.command.DataWritingCommandExec.sideEffectResult(commands.scala:115)
[2026-04-12T09:51:23.611+0000] {subprocess.py:106} INFO - 	at org.apache.spark.sql.execution.command.DataWritingCommandExec.executeCollect(commands.scala:129)
[2026-04-12T09:51:23.611+0000] {subprocess.py:106} INFO - 	at org.apache.spark.sql.execution.QueryExecution.$anonfun$eagerlyExecuteCommands$2(QueryExecution.scala:155)
[2026-04-12T09:51:23.612+0000] {subprocess.py:106} INFO - 	at org.apache.spark.sql.execution.SQLExecution$.$anonfun$withNewExecutionId0$8(SQLExecution.scala:163)
[2026-04-12T09:51:23.613+0000] {subprocess.py:106} INFO - 	at org.apache.spark.sql.execution.SQLExecution$.withSessionTagsApplied(SQLExecution.scala:272)
[2026-04-12T09:51:23.613+0000] {subprocess.py:106} INFO - 	at org.apache.spark.sql.execution.SQLExecution$.$anonfun$withNewExecutionId0$7(SQLExecution.scala:125)
[2026-04-12T09:51:23.614+0000] {subprocess.py:106} INFO - 	at org.apache.spark.JobArtifactSet$.withActiveJobArtifactState(JobArtifactSet.scala:94)
[2026-04-12T09:51:23.618+0000] {subprocess.py:106} INFO - 	at org.apache.spark.sql.artifact.ArtifactManager.$anonfun$withResources$1(ArtifactManager.scala:112)
[2026-04-12T09:51:23.621+0000] {subprocess.py:106} INFO - 	at org.apache.spark.sql.artifact.ArtifactManager.withClassLoaderIfNeeded(ArtifactManager.scala:106)
[2026-04-12T09:51:23.622+0000] {subprocess.py:106} INFO - 	at org.apache.spark.sql.artifact.ArtifactManager.withResources(ArtifactManager.scala:111)
[2026-04-12T09:51:23.622+0000] {subprocess.py:106} INFO - 	at org.apache.spark.sql.execution.SQLExecution$.$anonfun$withNewExecutionId0$6(SQLExecution.scala:125)
[2026-04-12T09:51:23.622+0000] {subprocess.py:106} INFO - 	at org.apache.spark.sql.execution.SQLExecution$.withSQLConfPropagated(SQLExecution.scala:295)
[2026-04-12T09:51:23.623+0000] {subprocess.py:106} INFO - 	at org.apache.spark.sql.execution.SQLExecution$.$anonfun$withNewExecutionId0$1(SQLExecution.scala:124)
[2026-04-12T09:51:23.624+0000] {subprocess.py:106} INFO - 	at org.apache.spark.sql.SparkSession.withActive(SparkSession.scala:804)
[2026-04-12T09:51:23.625+0000] {subprocess.py:106} INFO - 	at org.apache.spark.sql.execution.SQLExecution$.withNewExecutionId0(SQLExecution.scala:78)
[2026-04-12T09:51:23.625+0000] {subprocess.py:106} INFO - 	at org.apache.spark.sql.execution.SQLExecution$.withNewExecutionId(SQLExecution.scala:237)
[2026-04-12T09:51:23.626+0000] {subprocess.py:106} INFO - 	at org.apache.spark.sql.execution.QueryExecution.$anonfun$eagerlyExecuteCommands$1(QueryExecution.scala:155)
[2026-04-12T09:51:23.626+0000] {subprocess.py:106} INFO - 	at org.apache.spark.sql.execution.QueryExecution$.withInternalError(QueryExecution.scala:654)
[2026-04-12T09:51:23.627+0000] {subprocess.py:106} INFO - 	at org.apache.spark.sql.execution.QueryExecution.org$apache$spark$sql$execution$QueryExecution$$eagerlyExecute$1(QueryExecution.scala:154)
[2026-04-12T09:51:23.627+0000] {subprocess.py:106} INFO - 	at org.apache.spark.sql.execution.QueryExecution$$anonfun$eagerlyExecuteCommands$3.applyOrElse(QueryExecution.scala:169)
[2026-04-12T09:51:23.628+0000] {subprocess.py:106} INFO - 	at org.apache.spark.sql.execution.QueryExecution$$anonfun$eagerlyExecuteCommands$3.applyOrElse(QueryExecution.scala:164)
[2026-04-12T09:51:23.628+0000] {subprocess.py:106} INFO - 	at org.apache.spark.sql.catalyst.trees.TreeNode.$anonfun$transformDownWithPruning$1(TreeNode.scala:470)
[2026-04-12T09:51:23.629+0000] {subprocess.py:106} INFO - 	at org.apache.spark.sql.catalyst.trees.CurrentOrigin$.withOrigin(origin.scala:86)
[2026-04-12T09:51:23.630+0000] {subprocess.py:106} INFO - 	at org.apache.spark.sql.catalyst.trees.TreeNode.transformDownWithPruning(TreeNode.scala:470)
[2026-04-12T09:51:23.630+0000] {subprocess.py:106} INFO - 	at org.apache.spark.sql.catalyst.plans.logical.LogicalPlan.org$apache$spark$sql$catalyst$plans$logical$AnalysisHelper$$super$transformDownWithPruning(LogicalPlan.scala:37)
[2026-04-12T09:51:23.631+0000] {subprocess.py:106} INFO - 	at org.apache.spark.sql.catalyst.plans.logical.AnalysisHelper.transformDownWithPruning(AnalysisHelper.scala:360)
[2026-04-12T09:51:23.631+0000] {subprocess.py:106} INFO - 	at org.apache.spark.sql.catalyst.plans.logical.AnalysisHelper.transformDownWithPruning$(AnalysisHelper.scala:356)
[2026-04-12T09:51:23.632+0000] {subprocess.py:106} INFO - 	at org.apache.spark.sql.catalyst.plans.logical.LogicalPlan.transformDownWithPruning(LogicalPlan.scala:37)
[2026-04-12T09:51:23.632+0000] {subprocess.py:106} INFO - 	at org.apache.spark.sql.catalyst.plans.logical.LogicalPlan.transformDownWithPruning(LogicalPlan.scala:37)
[2026-04-12T09:51:23.633+0000] {subprocess.py:106} INFO - 	at org.apache.spark.sql.catalyst.trees.TreeNode.transformDown(TreeNode.scala:446)
[2026-04-12T09:51:23.633+0000] {subprocess.py:106} INFO - 	at org.apache.spark.sql.execution.QueryExecution.eagerlyExecuteCommands(QueryExecution.scala:164)
[2026-04-12T09:51:23.634+0000] {subprocess.py:106} INFO - 	at org.apache.spark.sql.execution.QueryExecution.$anonfun$lazyCommandExecuted$1(QueryExecution.scala:126)
[2026-04-12T09:51:23.634+0000] {subprocess.py:106} INFO - 	at scala.util.Try$.apply(Try.scala:217)
[2026-04-12T09:51:23.634+0000] {subprocess.py:106} INFO - 	at org.apache.spark.util.Utils$.doTryWithCallerStacktrace(Utils.scala:1378)
[2026-04-12T09:51:23.635+0000] {subprocess.py:106} INFO - 	at org.apache.spark.util.LazyTry.tryT$lzycompute(LazyTry.scala:46)
[2026-04-12T09:51:23.635+0000] {subprocess.py:106} INFO - 	at org.apache.spark.util.LazyTry.tryT(LazyTry.scala:46)
[2026-04-12T09:51:23.636+0000] {subprocess.py:106} INFO - 	... 58 more
[2026-04-12T09:51:23.636+0000] {subprocess.py:106} INFO - 
[2026-04-12T09:51:23.637+0000] {subprocess.py:106} INFO - 
[2026-04-12T09:51:23.638+0000] {subprocess.py:106} INFO - 	at py4j.Protocol.getReturnValue(Protocol.java:476)
[2026-04-12T09:51:23.639+0000] {subprocess.py:106} INFO - 	at py4j.reflection.PythonProxyHandler.invoke(PythonProxyHandler.java:108)
[2026-04-12T09:51:23.639+0000] {subprocess.py:106} INFO - 	at jdk.proxy3/jdk.proxy3.$Proxy49.call(Unknown Source)
[2026-04-12T09:51:23.640+0000] {subprocess.py:106} INFO - 	at org.apache.spark.sql.execution.streaming.sources.PythonForeachBatchHelper$.$anonfun$callForeachBatch$1(ForeachBatchSink.scala:87)
[2026-04-12T09:51:23.640+0000] {subprocess.py:106} INFO - 	at org.apache.spark.sql.execution.streaming.sources.PythonForeachBatchHelper$.$anonfun$callForeachBatch$1$adapted(ForeachBatchSink.scala:87)
[2026-04-12T09:51:23.641+0000] {subprocess.py:106} INFO - 	at org.apache.spark.sql.execution.streaming.sources.ForeachBatchSink.callBatchWriter(ForeachBatchSink.scala:56)
[2026-04-12T09:51:23.641+0000] {subprocess.py:106} INFO - 	... 34 more
[2026-04-12T09:51:23.641+0000] {subprocess.py:106} INFO - 26/04/12 09:51:23 INFO MicroBatchExecution: Async log purge executor pool for query [id = fffa4a28-b831-4a17-a849-992bff20d106, runId = c37c35e9-bfcc-475d-bba9-09e0618e5aed] has been shutdown
[2026-04-12T09:51:23.642+0000] {subprocess.py:106} INFO - Traceback (most recent call last):
[2026-04-12T09:51:23.642+0000] {subprocess.py:106} INFO -   File "/home/spark/spark/spark_jobs/weather_streaming.py", line 171, in <module>
[2026-04-12T09:51:23.642+0000] {subprocess.py:106} INFO -     query.awaitTermination()
[2026-04-12T09:51:23.643+0000] {subprocess.py:106} INFO -   File "/home/spark/spark/python/lib/pyspark.zip/pyspark/sql/streaming/query.py", line 225, in awaitTermination
[2026-04-12T09:51:23.643+0000] {subprocess.py:106} INFO -   File "/home/spark/spark/python/lib/py4j-0.10.9.9-src.zip/py4j/java_gateway.py", line 1362, in __call__
[2026-04-12T09:51:23.643+0000] {subprocess.py:106} INFO -   File "/home/spark/spark/python/lib/pyspark.zip/pyspark/errors/exceptions/captured.py", line 288, in deco
[2026-04-12T09:51:23.643+0000] {subprocess.py:106} INFO - pyspark.errors.exceptions.captured.StreamingQueryException: [STREAM_FAILED] Query [id = fffa4a28-b831-4a17-a849-992bff20d106, runId = c37c35e9-bfcc-475d-bba9-09e0618e5aed] terminated with exception: [FOREACH_BATCH_USER_FUNCTION_ERROR] An error occurred in the user provided function in foreach batch sink. Reason: An exception was raised by the Python Proxy. Return Message: Traceback (most recent call last):
[2026-04-12T09:51:23.644+0000] {subprocess.py:106} INFO -   File "/home/spark/spark/python/lib/py4j-0.10.9.9-src.zip/py4j/clientserver.py", line 644, in _call_proxy
[2026-04-12T09:51:23.644+0000] {subprocess.py:106} INFO -     return_value = getattr(self.pool[obj_id], method)(*params)
[2026-04-12T09:51:23.645+0000] {subprocess.py:106} INFO -   File "/home/spark/spark/python/lib/pyspark.zip/pyspark/sql/utils.py", line 165, in call
[2026-04-12T09:51:23.645+0000] {subprocess.py:106} INFO -     raise e
[2026-04-12T09:51:23.646+0000] {subprocess.py:106} INFO -   File "/home/spark/spark/python/lib/pyspark.zip/pyspark/sql/utils.py", line 162, in call
[2026-04-12T09:51:23.646+0000] {subprocess.py:106} INFO -     self.func(DataFrame(jdf, wrapped_session_jdf), batch_id)
[2026-04-12T09:51:23.647+0000] {subprocess.py:106} INFO -   File "/home/spark/spark/spark_jobs/weather_streaming.py", line 114, in write_to_bronze_and_silver
[2026-04-12T09:51:23.647+0000] {subprocess.py:106} INFO -     .save("hdfs://23133083thuyvan-master:9000/user/hive/lakehouse/bronze/raw_api")
[2026-04-12T09:51:23.647+0000] {subprocess.py:106} INFO -   File "/home/spark/spark/python/lib/pyspark.zip/pyspark/sql/readwriter.py", line 1745, in save
[2026-04-12T09:51:23.648+0000] {subprocess.py:106} INFO -     self._jwrite.save(path)
[2026-04-12T09:51:23.648+0000] {subprocess.py:106} INFO -   File "/home/spark/spark/python/lib/py4j-0.10.9.9-src.zip/py4j/java_gateway.py", line 1362, in __call__
[2026-04-12T09:51:23.648+0000] {subprocess.py:106} INFO -     return_value = get_return_value(
[2026-04-12T09:51:23.649+0000] {subprocess.py:106} INFO -   File "/home/spark/spark/python/lib/pyspark.zip/pyspark/errors/exceptions/captured.py", line 282, in deco
[2026-04-12T09:51:23.649+0000] {subprocess.py:106} INFO -     return f(*a, **kw)
[2026-04-12T09:51:23.650+0000] {subprocess.py:106} INFO -   File "/home/spark/spark/python/lib/py4j-0.10.9.9-src.zip/py4j/protocol.py", line 327, in get_return_value
[2026-04-12T09:51:23.650+0000] {subprocess.py:106} INFO -     raise Py4JJavaError(
[2026-04-12T09:51:23.650+0000] {subprocess.py:106} INFO - py4j.protocol.Py4JJavaError: An error occurred while calling o104.save.
[2026-04-12T09:51:23.651+0000] {subprocess.py:106} INFO - : org.apache.hadoop.security.AccessControlException: Permission denied: user=spark, access=WRITE, inode="/user/hive/lakehouse/bronze":hadoop23133083thuyvan:supergroup:drwxr-xr-x
[2026-04-12T09:51:23.651+0000] {subprocess.py:106} INFO - 	at org.apache.hadoop.hdfs.server.namenode.FSPermissionChecker.check(FSPermissionChecker.java:661)
[2026-04-12T09:51:23.651+0000] {subprocess.py:106} INFO - 	at org.apache.hadoop.hdfs.server.namenode.FSPermissionChecker.checkPermission(FSPermissionChecker.java:501)
[2026-04-12T09:51:23.652+0000] {subprocess.py:106} INFO - 	at org.apache.hadoop.hdfs.server.namenode.FSPermissionChecker.checkPermissionWithContext(FSPermissionChecker.java:525)
[2026-04-12T09:51:23.652+0000] {subprocess.py:106} INFO - 	at org.apache.hadoop.hdfs.server.namenode.FSPermissionChecker.checkPermission(FSPermissionChecker.java:395)
[2026-04-12T09:51:23.653+0000] {subprocess.py:106} INFO - 	at org.apache.hadoop.hdfs.server.namenode.FSDirectory.checkPermission(FSDirectory.java:1964)
[2026-04-12T09:51:23.653+0000] {subprocess.py:106} INFO - 	at org.apache.hadoop.hdfs.server.namenode.FSDirectory.checkPermission(FSDirectory.java:1945)
[2026-04-12T09:51:23.653+0000] {subprocess.py:106} INFO - 	at org.apache.hadoop.hdfs.server.namenode.FSDirectory.checkAncestorAccess(FSDirectory.java:1904)
[2026-04-12T09:51:23.654+0000] {subprocess.py:106} INFO - 	at org.apache.hadoop.hdfs.server.namenode.FSDirMkdirOp.mkdirs(FSDirMkdirOp.java:60)
[2026-04-12T09:51:23.654+0000] {subprocess.py:106} INFO - 	at org.apache.hadoop.hdfs.server.namenode.FSNamesystem.mkdirs(FSNamesystem.java:3531)
[2026-04-12T09:51:23.654+0000] {subprocess.py:106} INFO - 	at org.apache.hadoop.hdfs.server.namenode.NameNodeRpcServer.mkdirs(NameNodeRpcServer.java:1173)
[2026-04-12T09:51:23.655+0000] {subprocess.py:106} INFO - 	at org.apache.hadoop.hdfs.protocolPB.ClientNamenodeProtocolServerSideTranslatorPB.mkdirs(ClientNamenodeProtocolServerSideTranslatorPB.java:750)
[2026-04-12T09:51:23.655+0000] {subprocess.py:106} INFO - 	at org.apache.hadoop.hdfs.protocol.proto.ClientNamenodeProtocolProtos$ClientNamenodeProtocol$2.callBlockingMethod(ClientNamenodeProtocolProtos.java)
[2026-04-12T09:51:23.655+0000] {subprocess.py:106} INFO - 	at org.apache.hadoop.ipc.ProtobufRpcEngine2$Server$ProtoBufRpcInvoker.call(ProtobufRpcEngine2.java:621)
[2026-04-12T09:51:23.656+0000] {subprocess.py:106} INFO - 	at org.apache.hadoop.ipc.ProtobufRpcEngine2$Server$ProtoBufRpcInvoker.call(ProtobufRpcEngine2.java:589)
[2026-04-12T09:51:23.656+0000] {subprocess.py:106} INFO - 	at org.apache.hadoop.ipc.ProtobufRpcEngine2$Server$ProtoBufRpcInvoker.call(ProtobufRpcEngine2.java:573)
[2026-04-12T09:51:23.657+0000] {subprocess.py:106} INFO - 	at org.apache.hadoop.ipc.RPC$Server.call(RPC.java:1227)
[2026-04-12T09:51:23.657+0000] {subprocess.py:106} INFO - 	at org.apache.hadoop.ipc.Server$RpcCall.run(Server.java:1246)
[2026-04-12T09:51:23.658+0000] {subprocess.py:106} INFO - 	at org.apache.hadoop.ipc.Server$RpcCall.run(Server.java:1169)
[2026-04-12T09:51:23.658+0000] {subprocess.py:106} INFO - 	at java.base/java.security.AccessController.doPrivileged(Native Method)
[2026-04-12T09:51:23.658+0000] {subprocess.py:106} INFO - 	at java.base/javax.security.auth.Subject.doAs(Subject.java:423)
[2026-04-12T09:51:23.659+0000] {subprocess.py:106} INFO - 	at org.apache.hadoop.security.UserGroupInformation.doAs(UserGroupInformation.java:1953)
[2026-04-12T09:51:23.659+0000] {subprocess.py:106} INFO - 	at org.apache.hadoop.ipc.Server$Handler.run(Server.java:3198)
[2026-04-12T09:51:23.659+0000] {subprocess.py:106} INFO - 
[2026-04-12T09:51:23.660+0000] {subprocess.py:106} INFO - 	at java.base/jdk.internal.reflect.NativeConstructorAccessorImpl.newInstance0(Native Method)
[2026-04-12T09:51:23.660+0000] {subprocess.py:106} INFO - 	at java.base/jdk.internal.reflect.NativeConstructorAccessorImpl.newInstance(NativeConstructorAccessorImpl.java:75)
[2026-04-12T09:51:23.661+0000] {subprocess.py:106} INFO - 	at java.base/jdk.internal.reflect.DelegatingConstructorAccessorImpl.newInstance(DelegatingConstructorAccessorImpl.java:53)
[2026-04-12T09:51:23.661+0000] {subprocess.py:106} INFO - 	at java.base/java.lang.reflect.Constructor.newInstanceWithCaller(Constructor.java:502)
[2026-04-12T09:51:23.662+0000] {subprocess.py:106} INFO - 	at java.base/java.lang.reflect.Constructor.newInstance(Constructor.java:486)
[2026-04-12T09:51:23.662+0000] {subprocess.py:106} INFO - 	at org.apache.hadoop.ipc.RemoteException.instantiateException(RemoteException.java:121)
[2026-04-12T09:51:23.662+0000] {subprocess.py:106} INFO - 	at org.apache.hadoop.ipc.RemoteException.unwrapRemoteException(RemoteException.java:88)
[2026-04-12T09:51:23.663+0000] {subprocess.py:106} INFO - 	at org.apache.hadoop.hdfs.DFSClient.primitiveMkdir(DFSClient.java:2557)
[2026-04-12T09:51:23.663+0000] {subprocess.py:106} INFO - 	at org.apache.hadoop.hdfs.DFSClient.mkdirs(DFSClient.java:2531)
[2026-04-12T09:51:23.663+0000] {subprocess.py:106} INFO - 	at org.apache.hadoop.hdfs.DistributedFileSystem$27.doCall(DistributedFileSystem.java:1497)
[2026-04-12T09:51:23.664+0000] {subprocess.py:106} INFO - 	at org.apache.hadoop.hdfs.DistributedFileSystem$27.doCall(DistributedFileSystem.java:1494)
[2026-04-12T09:51:23.664+0000] {subprocess.py:106} INFO - 	at org.apache.hadoop.fs.FileSystemLinkResolver.resolve(FileSystemLinkResolver.java:81)
[2026-04-12T09:51:23.665+0000] {subprocess.py:106} INFO - 	at org.apache.hadoop.hdfs.DistributedFileSystem.mkdirsInternal(DistributedFileSystem.java:1511)
[2026-04-12T09:51:23.665+0000] {subprocess.py:106} INFO - 	at org.apache.hadoop.hdfs.DistributedFileSystem.mkdirs(DistributedFileSystem.java:1486)
[2026-04-12T09:51:23.665+0000] {subprocess.py:106} INFO - 	at org.apache.hadoop.fs.FileSystem.mkdirs(FileSystem.java:2496)
[2026-04-12T09:51:23.666+0000] {subprocess.py:106} INFO - 	at org.apache.hadoop.mapreduce.lib.output.FileOutputCommitter.setupJob(FileOutputCommitter.java:356)
[2026-04-12T09:51:23.666+0000] {subprocess.py:106} INFO - 	at org.apache.spark.internal.io.HadoopMapReduceCommitProtocol.setupJob(HadoopMapReduceCommitProtocol.scala:190)
[2026-04-12T09:51:23.667+0000] {subprocess.py:106} INFO - 	at org.apache.spark.sql.execution.datasources.FileFormatWriter$.writeAndCommit(FileFormatWriter.scala:268)
[2026-04-12T09:51:23.667+0000] {subprocess.py:106} INFO - 	at org.apache.spark.sql.execution.datasources.FileFormatWriter$.executeWrite(FileFormatWriter.scala:306)
[2026-04-12T09:51:23.668+0000] {subprocess.py:106} INFO - 	at org.apache.spark.sql.execution.datasources.FileFormatWriter$.write(FileFormatWriter.scala:189)
[2026-04-12T09:51:23.668+0000] {subprocess.py:106} INFO - 	at org.apache.spark.sql.execution.datasources.InsertIntoHadoopFsRelationCommand.run(InsertIntoHadoopFsRelationCommand.scala:195)
[2026-04-12T09:51:23.668+0000] {subprocess.py:106} INFO - 	at org.apache.spark.sql.execution.command.DataWritingCommandExec.sideEffectResult$lzycompute(commands.scala:117)
[2026-04-12T09:51:23.669+0000] {subprocess.py:106} INFO - 	at org.apache.spark.sql.execution.command.DataWritingCommandExec.sideEffectResult(commands.scala:115)
[2026-04-12T09:51:23.669+0000] {subprocess.py:106} INFO - 	at org.apache.spark.sql.execution.command.DataWritingCommandExec.executeCollect(commands.scala:129)
[2026-04-12T09:51:23.670+0000] {subprocess.py:106} INFO - 	at org.apache.spark.sql.execution.QueryExecution.$anonfun$eagerlyExecuteCommands$2(QueryExecution.scala:155)
[2026-04-12T09:51:23.670+0000] {subprocess.py:106} INFO - 	at org.apache.spark.sql.execution.SQLExecution$.$anonfun$withNewExecutionId0$8(SQLExecution.scala:163)
[2026-04-12T09:51:23.670+0000] {subprocess.py:106} INFO - 	at org.apache.spark.sql.execution.SQLExecution$.withSessionTagsApplied(SQLExecution.scala:272)
[2026-04-12T09:51:23.677+0000] {subprocess.py:106} INFO - 	at org.apache.spark.sql.execution.SQLExecution$.$anonfun$withNewExecutionId0$7(SQLExecution.scala:125)
[2026-04-12T09:51:23.677+0000] {subprocess.py:106} INFO - 	at org.apache.spark.JobArtifactSet$.withActiveJobArtifactState(JobArtifactSet.scala:94)
[2026-04-12T09:51:23.678+0000] {subprocess.py:106} INFO - 	at org.apache.spark.sql.artifact.ArtifactManager.$anonfun$withResources$1(ArtifactManager.scala:112)
[2026-04-12T09:51:23.678+0000] {subprocess.py:106} INFO - 	at org.apache.spark.sql.artifact.ArtifactManager.withClassLoaderIfNeeded(ArtifactManager.scala:106)
[2026-04-12T09:51:23.678+0000] {subprocess.py:106} INFO - 	at org.apache.spark.sql.artifact.ArtifactManager.withResources(ArtifactManager.scala:111)
[2026-04-12T09:51:23.679+0000] {subprocess.py:106} INFO - 	at org.apache.spark.sql.execution.SQLExecution$.$anonfun$withNewExecutionId0$6(SQLExecution.scala:125)
[2026-04-12T09:51:23.679+0000] {subprocess.py:106} INFO - 	at org.apache.spark.sql.execution.SQLExecution$.withSQLConfPropagated(SQLExecution.scala:295)
[2026-04-12T09:51:23.680+0000] {subprocess.py:106} INFO - 	at org.apache.spark.sql.execution.SQLExecution$.$anonfun$withNewExecutionId0$1(SQLExecution.scala:124)
[2026-04-12T09:51:23.684+0000] {subprocess.py:106} INFO - 	at org.apache.spark.sql.SparkSession.withActive(SparkSession.scala:804)
[2026-04-12T09:51:23.688+0000] {subprocess.py:106} INFO - 	at org.apache.spark.sql.execution.SQLExecution$.withNewExecutionId0(SQLExecution.scala:78)
[2026-04-12T09:51:23.688+0000] {subprocess.py:106} INFO - 	at org.apache.spark.sql.execution.SQLExecution$.withNewExecutionId(SQLExecution.scala:237)
[2026-04-12T09:51:23.689+0000] {subprocess.py:106} INFO - 	at org.apache.spark.sql.execution.QueryExecution.$anonfun$eagerlyExecuteCommands$1(QueryExecution.scala:155)
[2026-04-12T09:51:23.689+0000] {subprocess.py:106} INFO - 	at org.apache.spark.sql.execution.QueryExecution$.withInternalError(QueryExecution.scala:654)
[2026-04-12T09:51:23.689+0000] {subprocess.py:106} INFO - 	at org.apache.spark.sql.execution.QueryExecution.org$apache$spark$sql$execution$QueryExecution$$eagerlyExecute$1(QueryExecution.scala:154)
[2026-04-12T09:51:23.690+0000] {subprocess.py:106} INFO - 	at org.apache.spark.sql.execution.QueryExecution$$anonfun$eagerlyExecuteCommands$3.applyOrElse(QueryExecution.scala:169)
[2026-04-12T09:51:23.690+0000] {subprocess.py:106} INFO - 	at org.apache.spark.sql.execution.QueryExecution$$anonfun$eagerlyExecuteCommands$3.applyOrElse(QueryExecution.scala:164)
[2026-04-12T09:51:23.690+0000] {subprocess.py:106} INFO - 	at org.apache.spark.sql.catalyst.trees.TreeNode.$anonfun$transformDownWithPruning$1(TreeNode.scala:470)
[2026-04-12T09:51:23.691+0000] {subprocess.py:106} INFO - 	at org.apache.spark.sql.catalyst.trees.CurrentOrigin$.withOrigin(origin.scala:86)
[2026-04-12T09:51:23.691+0000] {subprocess.py:106} INFO - 	at org.apache.spark.sql.catalyst.trees.TreeNode.transformDownWithPruning(TreeNode.scala:470)
[2026-04-12T09:51:23.691+0000] {subprocess.py:106} INFO - 	at org.apache.spark.sql.catalyst.plans.logical.LogicalPlan.org$apache$spark$sql$catalyst$plans$logical$AnalysisHelper$$super$transformDownWithPruning(LogicalPlan.scala:37)
[2026-04-12T09:51:23.692+0000] {subprocess.py:106} INFO - 	at org.apache.spark.sql.catalyst.plans.logical.AnalysisHelper.transformDownWithPruning(AnalysisHelper.scala:360)
[2026-04-12T09:51:23.692+0000] {subprocess.py:106} INFO - 	at org.apache.spark.sql.catalyst.plans.logical.AnalysisHelper.transformDownWithPruning$(AnalysisHelper.scala:356)
[2026-04-12T09:51:23.693+0000] {subprocess.py:106} INFO - 	at org.apache.spark.sql.catalyst.plans.logical.LogicalPlan.transformDownWithPruning(LogicalPlan.scala:37)
[2026-04-12T09:51:23.693+0000] {subprocess.py:106} INFO - 	at org.apache.spark.sql.catalyst.plans.logical.LogicalPlan.transformDownWithPruning(LogicalPlan.scala:37)
[2026-04-12T09:51:23.693+0000] {subprocess.py:106} INFO - 	at org.apache.spark.sql.catalyst.trees.TreeNode.transformDown(TreeNode.scala:446)
[2026-04-12T09:51:23.694+0000] {subprocess.py:106} INFO - 	at org.apache.spark.sql.execution.QueryExecution.eagerlyExecuteCommands(QueryExecution.scala:164)
[2026-04-12T09:51:23.694+0000] {subprocess.py:106} INFO - 	at org.apache.spark.sql.execution.QueryExecution.$anonfun$lazyCommandExecuted$1(QueryExecution.scala:126)
[2026-04-12T09:51:23.695+0000] {subprocess.py:106} INFO - 	at scala.util.Try$.apply(Try.scala:217)
[2026-04-12T09:51:23.695+0000] {subprocess.py:106} INFO - 	at org.apache.spark.util.Utils$.doTryWithCallerStacktrace(Utils.scala:1378)
[2026-04-12T09:51:23.696+0000] {subprocess.py:106} INFO - 	at org.apache.spark.util.Utils$.getTryWithCallerStacktrace(Utils.scala:1439)
[2026-04-12T09:51:23.696+0000] {subprocess.py:106} INFO - 	at org.apache.spark.util.LazyTry.get(LazyTry.scala:58)
[2026-04-12T09:51:23.697+0000] {subprocess.py:106} INFO - 	at org.apache.spark.sql.execution.QueryExecution.commandExecuted(QueryExecution.scala:131)
[2026-04-12T09:51:23.697+0000] {subprocess.py:106} INFO - 	at org.apache.spark.sql.execution.QueryExecution.assertCommandExecuted(QueryExecution.scala:192)
[2026-04-12T09:51:23.699+0000] {subprocess.py:106} INFO - 	at org.apache.spark.sql.classic.DataFrameWriter.runCommand(DataFrameWriter.scala:622)
[2026-04-12T09:51:23.700+0000] {subprocess.py:106} INFO - 	at org.apache.spark.sql.classic.DataFrameWriter.saveToV1Source(DataFrameWriter.scala:273)
[2026-04-12T09:51:23.700+0000] {subprocess.py:106} INFO - 	at org.apache.spark.sql.classic.DataFrameWriter.saveInternal(DataFrameWriter.scala:241)
[2026-04-12T09:51:23.701+0000] {subprocess.py:106} INFO - 	at org.apache.spark.sql.classic.DataFrameWriter.save(DataFrameWriter.scala:118)
[2026-04-12T09:51:23.701+0000] {subprocess.py:106} INFO - 	at java.base/jdk.internal.reflect.NativeMethodAccessorImpl.invoke0(Native Method)
[2026-04-12T09:51:23.702+0000] {subprocess.py:106} INFO - 	at java.base/jdk.internal.reflect.NativeMethodAccessorImpl.invoke(NativeMethodAccessorImpl.java:75)
[2026-04-12T09:51:23.702+0000] {subprocess.py:106} INFO - 	at java.base/jdk.internal.reflect.DelegatingMethodAccessorImpl.invoke(DelegatingMethodAccessorImpl.java:52)
[2026-04-12T09:51:23.703+0000] {subprocess.py:106} INFO - 	at java.base/java.lang.reflect.Method.invoke(Method.java:580)
[2026-04-12T09:51:23.703+0000] {subprocess.py:106} INFO - 	at py4j.reflection.MethodInvoker.invoke(MethodInvoker.java:244)
[2026-04-12T09:51:23.703+0000] {subprocess.py:106} INFO - 	at py4j.reflection.ReflectionEngine.invoke(ReflectionEngine.java:374)
[2026-04-12T09:51:23.704+0000] {subprocess.py:106} INFO - 	at py4j.Gateway.invoke(Gateway.java:282)
[2026-04-12T09:51:23.705+0000] {subprocess.py:106} INFO - 	at py4j.commands.AbstractCommand.invokeMethod(AbstractCommand.java:132)
[2026-04-12T09:51:23.705+0000] {subprocess.py:106} INFO - 	at py4j.commands.CallCommand.execute(CallCommand.java:79)
[2026-04-12T09:51:23.705+0000] {subprocess.py:106} INFO - 	at py4j.ClientServerConnection.sendCommand(ClientServerConnection.java:246)
[2026-04-12T09:51:23.706+0000] {subprocess.py:106} INFO - 	at py4j.CallbackClient.sendCommand(CallbackClient.java:384)
[2026-04-12T09:51:23.706+0000] {subprocess.py:106} INFO - 	at py4j.CallbackClient.sendCommand(CallbackClient.java:356)
[2026-04-12T09:51:23.706+0000] {subprocess.py:106} INFO - 	at py4j.reflection.PythonProxyHandler.invoke(PythonProxyHandler.java:106)
[2026-04-12T09:51:23.707+0000] {subprocess.py:106} INFO - 	at jdk.proxy3/jdk.proxy3.$Proxy49.call(Unknown Source)
[2026-04-12T09:51:23.707+0000] {subprocess.py:106} INFO - 	at org.apache.spark.sql.execution.streaming.sources.PythonForeachBatchHelper$.$anonfun$callForeachBatch$1(ForeachBatchSink.scala:87)
[2026-04-12T09:51:23.708+0000] {subprocess.py:106} INFO - 	at org.apache.spark.sql.execution.streaming.sources.PythonForeachBatchHelper$.$anonfun$callForeachBatch$1$adapted(ForeachBatchSink.scala:87)
[2026-04-12T09:51:23.709+0000] {subprocess.py:106} INFO - 	at org.apache.spark.sql.execution.streaming.sources.ForeachBatchSink.callBatchWriter(ForeachBatchSink.scala:56)
[2026-04-12T09:51:23.709+0000] {subprocess.py:106} INFO - 	at org.apache.spark.sql.execution.streaming.sources.ForeachBatchSink.addBatch(ForeachBatchSink.scala:49)
[2026-04-12T09:51:23.709+0000] {subprocess.py:106} INFO - 	at org.apache.spark.sql.execution.streaming.MicroBatchExecution.$anonfun$runBatch$17(MicroBatchExecution.scala:889)
[2026-04-12T09:51:23.710+0000] {subprocess.py:106} INFO - 	at org.apache.spark.sql.execution.SQLExecution$.$anonfun$withNewExecutionId0$8(SQLExecution.scala:163)
[2026-04-12T09:51:23.710+0000] {subprocess.py:106} INFO - 	at org.apache.spark.sql.execution.SQLExecution$.withSessionTagsApplied(SQLExecution.scala:272)
[2026-04-12T09:51:23.711+0000] {subprocess.py:106} INFO - 	at org.apache.spark.sql.execution.SQLExecution$.$anonfun$withNewExecutionId0$7(SQLExecution.scala:125)
[2026-04-12T09:51:23.711+0000] {subprocess.py:106} INFO - 	at org.apache.spark.JobArtifactSet$.withActiveJobArtifactState(JobArtifactSet.scala:94)
[2026-04-12T09:51:23.712+0000] {subprocess.py:106} INFO - 	at org.apache.spark.sql.artifact.ArtifactManager.$anonfun$withResources$1(ArtifactManager.scala:112)
[2026-04-12T09:51:23.712+0000] {subprocess.py:106} INFO - 	at org.apache.spark.sql.artifact.ArtifactManager.withClassLoaderIfNeeded(ArtifactManager.scala:106)
[2026-04-12T09:51:23.712+0000] {subprocess.py:106} INFO - 	at org.apache.spark.sql.artifact.ArtifactManager.withResources(ArtifactManager.scala:111)
[2026-04-12T09:51:23.713+0000] {subprocess.py:106} INFO - 	at org.apache.spark.sql.execution.SQLExecution$.$anonfun$withNewExecutionId0$6(SQLExecution.scala:125)
[2026-04-12T09:51:23.714+0000] {subprocess.py:106} INFO - 	at org.apache.spark.sql.execution.SQLExecution$.withSQLConfPropagated(SQLExecution.scala:295)
[2026-04-12T09:51:23.715+0000] {subprocess.py:106} INFO - 	at org.apache.spark.sql.execution.SQLExecution$.$anonfun$withNewExecutionId0$1(SQLExecution.scala:124)
[2026-04-12T09:51:23.715+0000] {subprocess.py:106} INFO - 	at org.apache.spark.sql.SparkSession.withActive(SparkSession.scala:804)
[2026-04-12T09:51:23.716+0000] {subprocess.py:106} INFO - 	at org.apache.spark.sql.execution.SQLExecution$.withNewExecutionId0(SQLExecution.scala:78)
[2026-04-12T09:51:23.716+0000] {subprocess.py:106} INFO - 	at org.apache.spark.sql.execution.SQLExecution$.withNewExecutionId(SQLExecution.scala:237)
[2026-04-12T09:51:23.716+0000] {subprocess.py:106} INFO - 	at org.apache.spark.sql.execution.streaming.MicroBatchExecution.$anonfun$runBatch$16(MicroBatchExecution.scala:886)
[2026-04-12T09:51:23.717+0000] {subprocess.py:106} INFO - 	at org.apache.spark.sql.execution.streaming.ProgressContext.reportTimeTaken(ProgressReporter.scala:186)
[2026-04-12T09:51:23.717+0000] {subprocess.py:106} INFO - 	at org.apache.spark.sql.execution.streaming.MicroBatchExecution.runBatch(MicroBatchExecution.scala:886)
[2026-04-12T09:51:23.718+0000] {subprocess.py:106} INFO - 	at org.apache.spark.sql.execution.streaming.MicroBatchExecution.$anonfun$executeOneBatch$2(MicroBatchExecution.scala:394)
[2026-04-12T09:51:23.718+0000] {subprocess.py:106} INFO - 	at scala.runtime.java8.JFunction0$mcV$sp.apply(JFunction0$mcV$sp.scala:18)
[2026-04-12T09:51:23.718+0000] {subprocess.py:106} INFO - 	at org.apache.spark.sql.execution.streaming.ProgressContext.reportTimeTaken(ProgressReporter.scala:186)
[2026-04-12T09:51:23.719+0000] {subprocess.py:106} INFO - 	at org.apache.spark.sql.execution.streaming.MicroBatchExecution.executeOneBatch(MicroBatchExecution.scala:364)
[2026-04-12T09:51:23.719+0000] {subprocess.py:106} INFO - 	at org.apache.spark.sql.execution.streaming.MicroBatchExecution.$anonfun$runActivatedStream$1(MicroBatchExecution.scala:344)
[2026-04-12T09:51:23.719+0000] {subprocess.py:106} INFO - 	at org.apache.spark.sql.execution.streaming.MicroBatchExecution.$anonfun$runActivatedStream$1$adapted(MicroBatchExecution.scala:344)
[2026-04-12T09:51:23.720+0000] {subprocess.py:106} INFO - 	at org.apache.spark.sql.execution.streaming.TriggerExecutor.runOneBatch(TriggerExecutor.scala:39)
[2026-04-12T09:51:23.720+0000] {subprocess.py:106} INFO - 	at org.apache.spark.sql.execution.streaming.TriggerExecutor.runOneBatch$(TriggerExecutor.scala:37)
[2026-04-12T09:51:23.721+0000] {subprocess.py:106} INFO - 	at org.apache.spark.sql.execution.streaming.ProcessingTimeExecutor.runOneBatch(TriggerExecutor.scala:70)
[2026-04-12T09:51:23.721+0000] {subprocess.py:106} INFO - 	at org.apache.spark.sql.execution.streaming.ProcessingTimeExecutor.execute(TriggerExecutor.scala:82)
[2026-04-12T09:51:23.721+0000] {subprocess.py:106} INFO - 	at org.apache.spark.sql.execution.streaming.MicroBatchExecution.runActivatedStream(MicroBatchExecution.scala:344)
[2026-04-12T09:51:23.722+0000] {subprocess.py:106} INFO - 	at org.apache.spark.sql.execution.streaming.StreamExecution.$anonfun$runStream$1(StreamExecution.scala:337)
[2026-04-12T09:51:23.722+0000] {subprocess.py:106} INFO - 	at scala.runtime.java8.JFunction0$mcV$sp.apply(JFunction0$mcV$sp.scala:18)
[2026-04-12T09:51:23.723+0000] {subprocess.py:106} INFO - 	at org.apache.spark.sql.SparkSession.withActive(SparkSession.scala:804)
[2026-04-12T09:51:23.724+0000] {subprocess.py:106} INFO - 	at org.apache.spark.sql.execution.streaming.StreamExecution.org$apache$spark$sql$execution$streaming$StreamExecution$$runStream(StreamExecution.scala:311)
[2026-04-12T09:51:23.724+0000] {subprocess.py:106} INFO - 	at org.apache.spark.sql.execution.streaming.StreamExecution$$anon$1.run(StreamExecution.scala:226)
[2026-04-12T09:51:23.725+0000] {subprocess.py:106} INFO - 	Suppressed: org.apache.spark.util.Utils$OriginalTryStackTraceException: Full stacktrace of original doTryWithCallerStacktrace caller
[2026-04-12T09:51:23.725+0000] {subprocess.py:106} INFO - 		at java.base/jdk.internal.reflect.NativeConstructorAccessorImpl.newInstance0(Native Method)
[2026-04-12T09:51:23.726+0000] {subprocess.py:106} INFO - 		at java.base/jdk.internal.reflect.NativeConstructorAccessorImpl.newInstance(NativeConstructorAccessorImpl.java:75)
[2026-04-12T09:51:23.726+0000] {subprocess.py:106} INFO - 		at java.base/jdk.internal.reflect.DelegatingConstructorAccessorImpl.newInstance(DelegatingConstructorAccessorImpl.java:53)
[2026-04-12T09:51:23.726+0000] {subprocess.py:106} INFO - 		at java.base/java.lang.reflect.Constructor.newInstanceWithCaller(Constructor.java:502)
[2026-04-12T09:51:23.727+0000] {subprocess.py:106} INFO - 		at java.base/java.lang.reflect.Constructor.newInstance(Constructor.java:486)
[2026-04-12T09:51:23.727+0000] {subprocess.py:106} INFO - 		at org.apache.hadoop.ipc.RemoteException.instantiateException(RemoteException.java:121)
[2026-04-12T09:51:23.727+0000] {subprocess.py:106} INFO - 		at org.apache.hadoop.ipc.RemoteException.unwrapRemoteException(RemoteException.java:88)
[2026-04-12T09:51:23.728+0000] {subprocess.py:106} INFO - 		at org.apache.hadoop.hdfs.DFSClient.primitiveMkdir(DFSClient.java:2557)
[2026-04-12T09:51:23.728+0000] {subprocess.py:106} INFO - 		at org.apache.hadoop.hdfs.DFSClient.mkdirs(DFSClient.java:2531)
[2026-04-12T09:51:23.728+0000] {subprocess.py:106} INFO - 		at org.apache.hadoop.hdfs.DistributedFileSystem$27.doCall(DistributedFileSystem.java:1497)
[2026-04-12T09:51:23.729+0000] {subprocess.py:106} INFO - 		at org.apache.hadoop.hdfs.DistributedFileSystem$27.doCall(DistributedFileSystem.java:1494)
[2026-04-12T09:51:23.729+0000] {subprocess.py:106} INFO - 		at org.apache.hadoop.fs.FileSystemLinkResolver.resolve(FileSystemLinkResolver.java:81)
[2026-04-12T09:51:23.730+0000] {subprocess.py:106} INFO - 		at org.apache.hadoop.hdfs.DistributedFileSystem.mkdirsInternal(DistributedFileSystem.java:1511)
[2026-04-12T09:51:23.730+0000] {subprocess.py:106} INFO - 		at org.apache.hadoop.hdfs.DistributedFileSystem.mkdirs(DistributedFileSystem.java:1486)
[2026-04-12T09:51:23.730+0000] {subprocess.py:106} INFO - 		at org.apache.hadoop.fs.FileSystem.mkdirs(FileSystem.java:2496)
[2026-04-12T09:51:23.731+0000] {subprocess.py:106} INFO - 		at org.apache.hadoop.mapreduce.lib.output.FileOutputCommitter.setupJob(FileOutputCommitter.java:356)
[2026-04-12T09:51:23.731+0000] {subprocess.py:106} INFO - 		at org.apache.spark.internal.io.HadoopMapReduceCommitProtocol.setupJob(HadoopMapReduceCommitProtocol.scala:190)
[2026-04-12T09:51:23.731+0000] {subprocess.py:106} INFO - 		at org.apache.spark.sql.execution.datasources.FileFormatWriter$.writeAndCommit(FileFormatWriter.scala:268)
[2026-04-12T09:51:23.732+0000] {subprocess.py:106} INFO - 		at org.apache.spark.sql.execution.datasources.FileFormatWriter$.executeWrite(FileFormatWriter.scala:306)
[2026-04-12T09:51:23.732+0000] {subprocess.py:106} INFO - 		at org.apache.spark.sql.execution.datasources.FileFormatWriter$.write(FileFormatWriter.scala:189)
[2026-04-12T09:51:23.733+0000] {subprocess.py:106} INFO - 		at org.apache.spark.sql.execution.datasources.InsertIntoHadoopFsRelationCommand.run(InsertIntoHadoopFsRelationCommand.scala:195)
[2026-04-12T09:51:23.734+0000] {subprocess.py:106} INFO - 		at org.apache.spark.sql.execution.command.DataWritingCommandExec.sideEffectResult$lzycompute(commands.scala:117)
[2026-04-12T09:51:23.734+0000] {subprocess.py:106} INFO - 		at org.apache.spark.sql.execution.command.DataWritingCommandExec.sideEffectResult(commands.scala:115)
[2026-04-12T09:51:23.735+0000] {subprocess.py:106} INFO - 		at org.apache.spark.sql.execution.command.DataWritingCommandExec.executeCollect(commands.scala:129)
[2026-04-12T09:51:23.739+0000] {subprocess.py:106} INFO - 		at org.apache.spark.sql.execution.QueryExecution.$anonfun$eagerlyExecuteCommands$2(QueryExecution.scala:155)
[2026-04-12T09:51:23.739+0000] {subprocess.py:106} INFO - 		at org.apache.spark.sql.execution.SQLExecution$.$anonfun$withNewExecutionId0$8(SQLExecution.scala:163)
[2026-04-12T09:51:23.740+0000] {subprocess.py:106} INFO - 		at org.apache.spark.sql.execution.SQLExecution$.withSessionTagsApplied(SQLExecution.scala:272)
[2026-04-12T09:51:23.741+0000] {subprocess.py:106} INFO - 		at org.apache.spark.sql.execution.SQLExecution$.$anonfun$withNewExecutionId0$7(SQLExecution.scala:125)
[2026-04-12T09:51:23.741+0000] {subprocess.py:106} INFO - 		at org.apache.spark.JobArtifactSet$.withActiveJobArtifactState(JobArtifactSet.scala:94)
[2026-04-12T09:51:23.741+0000] {subprocess.py:106} INFO - 		at org.apache.spark.sql.artifact.ArtifactManager.$anonfun$withResources$1(ArtifactManager.scala:112)
[2026-04-12T09:51:23.742+0000] {subprocess.py:106} INFO - 		at org.apache.spark.sql.artifact.ArtifactManager.withClassLoaderIfNeeded(ArtifactManager.scala:106)
[2026-04-12T09:51:23.742+0000] {subprocess.py:106} INFO - 		at org.apache.spark.sql.artifact.ArtifactManager.withResources(ArtifactManager.scala:111)
[2026-04-12T09:51:23.743+0000] {subprocess.py:106} INFO - 		at org.apache.spark.sql.execution.SQLExecution$.$anonfun$withNewExecutionId0$6(SQLExecution.scala:125)
[2026-04-12T09:51:23.744+0000] {subprocess.py:106} INFO - 		at org.apache.spark.sql.execution.SQLExecution$.withSQLConfPropagated(SQLExecution.scala:295)
[2026-04-12T09:51:23.744+0000] {subprocess.py:106} INFO - 		at org.apache.spark.sql.execution.SQLExecution$.$anonfun$withNewExecutionId0$1(SQLExecution.scala:124)
[2026-04-12T09:51:23.745+0000] {subprocess.py:106} INFO - 		at org.apache.spark.sql.SparkSession.withActive(SparkSession.scala:804)
[2026-04-12T09:51:23.745+0000] {subprocess.py:106} INFO - 		at org.apache.spark.sql.execution.SQLExecution$.withNewExecutionId0(SQLExecution.scala:78)
[2026-04-12T09:51:23.745+0000] {subprocess.py:106} INFO - 		at org.apache.spark.sql.execution.SQLExecution$.withNewExecutionId(SQLExecution.scala:237)
[2026-04-12T09:51:23.746+0000] {subprocess.py:106} INFO - 		at org.apache.spark.sql.execution.QueryExecution.$anonfun$eagerlyExecuteCommands$1(QueryExecution.scala:155)
[2026-04-12T09:51:23.746+0000] {subprocess.py:106} INFO - 		at org.apache.spark.sql.execution.QueryExecution$.withInternalError(QueryExecution.scala:654)
[2026-04-12T09:51:23.746+0000] {subprocess.py:106} INFO - 		at org.apache.spark.sql.execution.QueryExecution.org$apache$spark$sql$execution$QueryExecution$$eagerlyExecute$1(QueryExecution.scala:154)
[2026-04-12T09:51:23.747+0000] {subprocess.py:106} INFO - 		at org.apache.spark.sql.execution.QueryExecution$$anonfun$eagerlyExecuteCommands$3.applyOrElse(QueryExecution.scala:169)
[2026-04-12T09:51:23.747+0000] {subprocess.py:106} INFO - 		at org.apache.spark.sql.execution.QueryExecution$$anonfun$eagerlyExecuteCommands$3.applyOrElse(QueryExecution.scala:164)
[2026-04-12T09:51:23.747+0000] {subprocess.py:106} INFO - 		at org.apache.spark.sql.catalyst.trees.TreeNode.$anonfun$transformDownWithPruning$1(TreeNode.scala:470)
[2026-04-12T09:51:23.748+0000] {subprocess.py:106} INFO - 		at org.apache.spark.sql.catalyst.trees.CurrentOrigin$.withOrigin(origin.scala:86)
[2026-04-12T09:51:23.748+0000] {subprocess.py:106} INFO - 		at org.apache.spark.sql.catalyst.trees.TreeNode.transformDownWithPruning(TreeNode.scala:470)
[2026-04-12T09:51:23.748+0000] {subprocess.py:106} INFO - 		at org.apache.spark.sql.catalyst.plans.logical.LogicalPlan.org$apache$spark$sql$catalyst$plans$logical$AnalysisHelper$$super$transformDownWithPruning(LogicalPlan.scala:37)
[2026-04-12T09:51:23.749+0000] {subprocess.py:106} INFO - 		at org.apache.spark.sql.catalyst.plans.logical.AnalysisHelper.transformDownWithPruning(AnalysisHelper.scala:360)
[2026-04-12T09:51:23.749+0000] {subprocess.py:106} INFO - 		at org.apache.spark.sql.catalyst.plans.logical.AnalysisHelper.transformDownWithPruning$(AnalysisHelper.scala:356)
[2026-04-12T09:51:23.750+0000] {subprocess.py:106} INFO - 		at org.apache.spark.sql.catalyst.plans.logical.LogicalPlan.transformDownWithPruning(LogicalPlan.scala:37)
[2026-04-12T09:51:23.750+0000] {subprocess.py:106} INFO - 		at org.apache.spark.sql.catalyst.plans.logical.LogicalPlan.transformDownWithPruning(LogicalPlan.scala:37)
[2026-04-12T09:51:23.750+0000] {subprocess.py:106} INFO - 		at org.apache.spark.sql.catalyst.trees.TreeNode.transformDown(TreeNode.scala:446)
[2026-04-12T09:51:23.750+0000] {subprocess.py:106} INFO - 		at org.apache.spark.sql.execution.QueryExecution.eagerlyExecuteCommands(QueryExecution.scala:164)
[2026-04-12T09:51:23.751+0000] {subprocess.py:106} INFO - 		at org.apache.spark.sql.execution.QueryExecution.$anonfun$lazyCommandExecuted$1(QueryExecution.scala:126)
[2026-04-12T09:51:23.751+0000] {subprocess.py:106} INFO - 		at scala.util.Try$.apply(Try.scala:217)
[2026-04-12T09:51:23.751+0000] {subprocess.py:106} INFO - 		at org.apache.spark.util.Utils$.doTryWithCallerStacktrace(Utils.scala:1378)
[2026-04-12T09:51:23.752+0000] {subprocess.py:106} INFO - 		at org.apache.spark.util.LazyTry.tryT$lzycompute(LazyTry.scala:46)
[2026-04-12T09:51:23.752+0000] {subprocess.py:106} INFO - 		at org.apache.spark.util.LazyTry.tryT(LazyTry.scala:46)
[2026-04-12T09:51:23.752+0000] {subprocess.py:106} INFO - 		... 58 more
[2026-04-12T09:51:23.753+0000] {subprocess.py:106} INFO - Caused by: org.apache.hadoop.ipc.RemoteException(org.apache.hadoop.security.AccessControlException): Permission denied: user=spark, access=WRITE, inode="/user/hive/lakehouse/bronze":hadoop23133083thuyvan:supergroup:drwxr-xr-x
[2026-04-12T09:51:23.753+0000] {subprocess.py:106} INFO - 	at org.apache.hadoop.hdfs.server.namenode.FSPermissionChecker.check(FSPermissionChecker.java:661)
[2026-04-12T09:51:23.753+0000] {subprocess.py:106} INFO - 	at org.apache.hadoop.hdfs.server.namenode.FSPermissionChecker.checkPermission(FSPermissionChecker.java:501)
[2026-04-12T09:51:23.754+0000] {subprocess.py:106} INFO - 	at org.apache.hadoop.hdfs.server.namenode.FSPermissionChecker.checkPermissionWithContext(FSPermissionChecker.java:525)
[2026-04-12T09:51:23.754+0000] {subprocess.py:106} INFO - 	at org.apache.hadoop.hdfs.server.namenode.FSPermissionChecker.checkPermission(FSPermissionChecker.java:395)
[2026-04-12T09:51:23.755+0000] {subprocess.py:106} INFO - 	at org.apache.hadoop.hdfs.server.namenode.FSDirectory.checkPermission(FSDirectory.java:1964)
[2026-04-12T09:51:23.755+0000] {subprocess.py:106} INFO - 	at org.apache.hadoop.hdfs.server.namenode.FSDirectory.checkPermission(FSDirectory.java:1945)
[2026-04-12T09:51:23.755+0000] {subprocess.py:106} INFO - 	at org.apache.hadoop.hdfs.server.namenode.FSDirectory.checkAncestorAccess(FSDirectory.java:1904)
[2026-04-12T09:51:23.756+0000] {subprocess.py:106} INFO - 	at org.apache.hadoop.hdfs.server.namenode.FSDirMkdirOp.mkdirs(FSDirMkdirOp.java:60)
[2026-04-12T09:51:23.756+0000] {subprocess.py:106} INFO - 	at org.apache.hadoop.hdfs.server.namenode.FSNamesystem.mkdirs(FSNamesystem.java:3531)
[2026-04-12T09:51:23.756+0000] {subprocess.py:106} INFO - 	at org.apache.hadoop.hdfs.server.namenode.NameNodeRpcServer.mkdirs(NameNodeRpcServer.java:1173)
[2026-04-12T09:51:23.757+0000] {subprocess.py:106} INFO - 	at org.apache.hadoop.hdfs.protocolPB.ClientNamenodeProtocolServerSideTranslatorPB.mkdirs(ClientNamenodeProtocolServerSideTranslatorPB.java:750)
[2026-04-12T09:51:23.757+0000] {subprocess.py:106} INFO - 	at org.apache.hadoop.hdfs.protocol.proto.ClientNamenodeProtocolProtos$ClientNamenodeProtocol$2.callBlockingMethod(ClientNamenodeProtocolProtos.java)
[2026-04-12T09:51:23.758+0000] {subprocess.py:106} INFO - 	at org.apache.hadoop.ipc.ProtobufRpcEngine2$Server$ProtoBufRpcInvoker.call(ProtobufRpcEngine2.java:621)
[2026-04-12T09:51:23.758+0000] {subprocess.py:106} INFO - 	at org.apache.hadoop.ipc.ProtobufRpcEngine2$Server$ProtoBufRpcInvoker.call(ProtobufRpcEngine2.java:589)
[2026-04-12T09:51:23.758+0000] {subprocess.py:106} INFO - 	at org.apache.hadoop.ipc.ProtobufRpcEngine2$Server$ProtoBufRpcInvoker.call(ProtobufRpcEngine2.java:573)
[2026-04-12T09:51:23.759+0000] {subprocess.py:106} INFO - 	at org.apache.hadoop.ipc.RPC$Server.call(RPC.java:1227)
[2026-04-12T09:51:23.759+0000] {subprocess.py:106} INFO - 	at org.apache.hadoop.ipc.Server$RpcCall.run(Server.java:1246)
[2026-04-12T09:51:23.759+0000] {subprocess.py:106} INFO - 	at org.apache.hadoop.ipc.Server$RpcCall.run(Server.java:1169)
[2026-04-12T09:51:23.760+0000] {subprocess.py:106} INFO - 	at java.base/java.security.AccessController.doPrivileged(Native Method)
[2026-04-12T09:51:23.760+0000] {subprocess.py:106} INFO - 	at java.base/javax.security.auth.Subject.doAs(Subject.java:423)
[2026-04-12T09:51:23.760+0000] {subprocess.py:106} INFO - 	at org.apache.hadoop.security.UserGroupInformation.doAs(UserGroupInformation.java:1953)
[2026-04-12T09:51:23.761+0000] {subprocess.py:106} INFO - 	at org.apache.hadoop.ipc.Server$Handler.run(Server.java:3198)
[2026-04-12T09:51:23.761+0000] {subprocess.py:106} INFO - 
[2026-04-12T09:51:23.761+0000] {subprocess.py:106} INFO - 	at org.apache.hadoop.ipc.Client.getRpcResponse(Client.java:1584)
[2026-04-12T09:51:23.762+0000] {subprocess.py:106} INFO - 	at org.apache.hadoop.ipc.Client.call(Client.java:1529)
[2026-04-12T09:51:23.762+0000] {subprocess.py:106} INFO - 	at org.apache.hadoop.ipc.Client.call(Client.java:1426)
[2026-04-12T09:51:23.762+0000] {subprocess.py:106} INFO - 	at org.apache.hadoop.ipc.ProtobufRpcEngine2$Invoker.invoke(ProtobufRpcEngine2.java:258)
[2026-04-12T09:51:23.762+0000] {subprocess.py:106} INFO - 	at org.apache.hadoop.ipc.ProtobufRpcEngine2$Invoker.invoke(ProtobufRpcEngine2.java:139)
[2026-04-12T09:51:23.763+0000] {subprocess.py:106} INFO - 	at jdk.proxy2/jdk.proxy2.$Proxy46.mkdirs(Unknown Source)
[2026-04-12T09:51:23.763+0000] {subprocess.py:106} INFO - 	at org.apache.hadoop.hdfs.protocolPB.ClientNamenodeProtocolTranslatorPB.lambda$mkdirs$20(ClientNamenodeProtocolTranslatorPB.java:611)
[2026-04-12T09:51:23.763+0000] {subprocess.py:106} INFO - 	at org.apache.hadoop.ipc.internal.ShadedProtobufHelper.ipc(ShadedProtobufHelper.java:160)
[2026-04-12T09:51:23.764+0000] {subprocess.py:106} INFO - 	at org.apache.hadoop.hdfs.protocolPB.ClientNamenodeProtocolTranslatorPB.mkdirs(ClientNamenodeProtocolTranslatorPB.java:611)
[2026-04-12T09:51:23.764+0000] {subprocess.py:106} INFO - 	at java.base/jdk.internal.reflect.NativeMethodAccessorImpl.invoke0(Native Method)
[2026-04-12T09:51:23.764+0000] {subprocess.py:106} INFO - 	at java.base/jdk.internal.reflect.NativeMethodAccessorImpl.invoke(NativeMethodAccessorImpl.java:75)
[2026-04-12T09:51:23.765+0000] {subprocess.py:106} INFO - 	at java.base/jdk.internal.reflect.DelegatingMethodAccessorImpl.invoke(DelegatingMethodAccessorImpl.java:52)
[2026-04-12T09:51:23.765+0000] {subprocess.py:106} INFO - 	at java.base/java.lang.reflect.Method.invoke(Method.java:580)
[2026-04-12T09:51:23.765+0000] {subprocess.py:106} INFO - 	at org.apache.hadoop.io.retry.RetryInvocationHandler.invokeMethod(RetryInvocationHandler.java:437)
[2026-04-12T09:51:23.766+0000] {subprocess.py:106} INFO - 	at org.apache.hadoop.io.retry.RetryInvocationHandler$Call.invokeMethod(RetryInvocationHandler.java:170)
[2026-04-12T09:51:23.766+0000] {subprocess.py:106} INFO - 	at org.apache.hadoop.io.retry.RetryInvocationHandler$Call.invoke(RetryInvocationHandler.java:162)
[2026-04-12T09:51:23.766+0000] {subprocess.py:106} INFO - 	at org.apache.hadoop.io.retry.RetryInvocationHandler$Call.invokeOnce(RetryInvocationHandler.java:100)
[2026-04-12T09:51:23.767+0000] {subprocess.py:106} INFO - 	at org.apache.hadoop.io.retry.RetryInvocationHandler.invoke(RetryInvocationHandler.java:366)
[2026-04-12T09:51:23.767+0000] {subprocess.py:106} INFO - 	at jdk.proxy2/jdk.proxy2.$Proxy47.mkdirs(Unknown Source)
[2026-04-12T09:51:23.767+0000] {subprocess.py:106} INFO - 	at org.apache.hadoop.hdfs.DFSClient.primitiveMkdir(DFSClient.java:2555)
[2026-04-12T09:51:23.767+0000] {subprocess.py:106} INFO - 	at org.apache.hadoop.hdfs.DFSClient.mkdirs(DFSClient.java:2531)
[2026-04-12T09:51:23.768+0000] {subprocess.py:106} INFO - 	at org.apache.hadoop.hdfs.DistributedFileSystem$27.doCall(DistributedFileSystem.java:1497)
[2026-04-12T09:51:23.768+0000] {subprocess.py:106} INFO - 	at org.apache.hadoop.hdfs.DistributedFileSystem$27.doCall(DistributedFileSystem.java:1494)
[2026-04-12T09:51:23.768+0000] {subprocess.py:106} INFO - 	at org.apache.hadoop.fs.FileSystemLinkResolver.resolve(FileSystemLinkResolver.java:81)
[2026-04-12T09:51:23.769+0000] {subprocess.py:106} INFO - 	at org.apache.hadoop.hdfs.DistributedFileSystem.mkdirsInternal(DistributedFileSystem.java:1511)
[2026-04-12T09:51:23.769+0000] {subprocess.py:106} INFO - 	at org.apache.hadoop.hdfs.DistributedFileSystem.mkdirs(DistributedFileSystem.java:1486)
[2026-04-12T09:51:23.769+0000] {subprocess.py:106} INFO - 	at org.apache.hadoop.fs.FileSystem.mkdirs(FileSystem.java:2496)
[2026-04-12T09:51:23.770+0000] {subprocess.py:106} INFO - 	at org.apache.hadoop.mapreduce.lib.output.FileOutputCommitter.setupJob(FileOutputCommitter.java:356)
[2026-04-12T09:51:23.770+0000] {subprocess.py:106} INFO - 	at org.apache.spark.internal.io.HadoopMapReduceCommitProtocol.setupJob(HadoopMapReduceCommitProtocol.scala:190)
[2026-04-12T09:51:23.770+0000] {subprocess.py:106} INFO - 	at org.apache.spark.sql.execution.datasources.FileFormatWriter$.writeAndCommit(FileFormatWriter.scala:268)
[2026-04-12T09:51:23.771+0000] {subprocess.py:106} INFO - 	at org.apache.spark.sql.execution.datasources.FileFormatWriter$.executeWrite(FileFormatWriter.scala:306)
[2026-04-12T09:51:23.771+0000] {subprocess.py:106} INFO - 	at org.apache.spark.sql.execution.datasources.FileFormatWriter$.write(FileFormatWriter.scala:189)
[2026-04-12T09:51:23.771+0000] {subprocess.py:106} INFO - 	at org.apache.spark.sql.execution.datasources.InsertIntoHadoopFsRelationCommand.run(InsertIntoHadoopFsRelationCommand.scala:195)
[2026-04-12T09:51:23.771+0000] {subprocess.py:106} INFO - 	at org.apache.spark.sql.execution.command.DataWritingCommandExec.sideEffectResult$lzycompute(commands.scala:117)
[2026-04-12T09:51:23.772+0000] {subprocess.py:106} INFO - 	at org.apache.spark.sql.execution.command.DataWritingCommandExec.sideEffectResult(commands.scala:115)
[2026-04-12T09:51:23.772+0000] {subprocess.py:106} INFO - 	at org.apache.spark.sql.execution.command.DataWritingCommandExec.executeCollect(commands.scala:129)
[2026-04-12T09:51:23.772+0000] {subprocess.py:106} INFO - 	at org.apache.spark.sql.execution.QueryExecution.$anonfun$eagerlyExecuteCommands$2(QueryExecution.scala:155)
[2026-04-12T09:51:23.772+0000] {subprocess.py:106} INFO - 	at org.apache.spark.sql.execution.SQLExecution$.$anonfun$withNewExecutionId0$8(SQLExecution.scala:163)
[2026-04-12T09:51:23.773+0000] {subprocess.py:106} INFO - 	at org.apache.spark.sql.execution.SQLExecution$.withSessionTagsApplied(SQLExecution.scala:272)
[2026-04-12T09:51:23.773+0000] {subprocess.py:106} INFO - 	at org.apache.spark.sql.execution.SQLExecution$.$anonfun$withNewExecutionId0$7(SQLExecution.scala:125)
[2026-04-12T09:51:23.773+0000] {subprocess.py:106} INFO - 	at org.apache.spark.JobArtifactSet$.withActiveJobArtifactState(JobArtifactSet.scala:94)
[2026-04-12T09:51:23.774+0000] {subprocess.py:106} INFO - 	at org.apache.spark.sql.artifact.ArtifactManager.$anonfun$withResources$1(ArtifactManager.scala:112)
[2026-04-12T09:51:23.774+0000] {subprocess.py:106} INFO - 	at org.apache.spark.sql.artifact.ArtifactManager.withClassLoaderIfNeeded(ArtifactManager.scala:106)
[2026-04-12T09:51:23.774+0000] {subprocess.py:106} INFO - 	at org.apache.spark.sql.artifact.ArtifactManager.withResources(ArtifactManager.scala:111)
[2026-04-12T09:51:23.775+0000] {subprocess.py:106} INFO - 	at org.apache.spark.sql.execution.SQLExecution$.$anonfun$withNewExecutionId0$6(SQLExecution.scala:125)
[2026-04-12T09:51:23.775+0000] {subprocess.py:106} INFO - 	at org.apache.spark.sql.execution.SQLExecution$.withSQLConfPropagated(SQLExecution.scala:295)
[2026-04-12T09:51:23.775+0000] {subprocess.py:106} INFO - 	at org.apache.spark.sql.execution.SQLExecution$.$anonfun$withNewExecutionId0$1(SQLExecution.scala:124)
[2026-04-12T09:51:23.775+0000] {subprocess.py:106} INFO - 	at org.apache.spark.sql.SparkSession.withActive(SparkSession.scala:804)
[2026-04-12T09:51:23.776+0000] {subprocess.py:106} INFO - 	at org.apache.spark.sql.execution.SQLExecution$.withNewExecutionId0(SQLExecution.scala:78)
[2026-04-12T09:51:23.776+0000] {subprocess.py:106} INFO - 	at org.apache.spark.sql.execution.SQLExecution$.withNewExecutionId(SQLExecution.scala:237)
[2026-04-12T09:51:23.776+0000] {subprocess.py:106} INFO - 	at org.apache.spark.sql.execution.QueryExecution.$anonfun$eagerlyExecuteCommands$1(QueryExecution.scala:155)
[2026-04-12T09:51:23.777+0000] {subprocess.py:106} INFO - 	at org.apache.spark.sql.execution.QueryExecution$.withInternalError(QueryExecution.scala:654)
[2026-04-12T09:51:23.777+0000] {subprocess.py:106} INFO - 	at org.apache.spark.sql.execution.QueryExecution.org$apache$spark$sql$execution$QueryExecution$$eagerlyExecute$1(QueryExecution.scala:154)
[2026-04-12T09:51:23.778+0000] {subprocess.py:106} INFO - 	at org.apache.spark.sql.execution.QueryExecution$$anonfun$eagerlyExecuteCommands$3.applyOrElse(QueryExecution.scala:169)
[2026-04-12T09:51:23.778+0000] {subprocess.py:106} INFO - 	at org.apache.spark.sql.execution.QueryExecution$$anonfun$eagerlyExecuteCommands$3.applyOrElse(QueryExecution.scala:164)
[2026-04-12T09:51:23.778+0000] {subprocess.py:106} INFO - 	at org.apache.spark.sql.catalyst.trees.TreeNode.$anonfun$transformDownWithPruning$1(TreeNode.scala:470)
[2026-04-12T09:51:23.779+0000] {subprocess.py:106} INFO - 	at org.apache.spark.sql.catalyst.trees.CurrentOrigin$.withOrigin(origin.scala:86)
[2026-04-12T09:51:23.779+0000] {subprocess.py:106} INFO - 	at org.apache.spark.sql.catalyst.trees.TreeNode.transformDownWithPruning(TreeNode.scala:470)
[2026-04-12T09:51:23.779+0000] {subprocess.py:106} INFO - 	at org.apache.spark.sql.catalyst.plans.logical.LogicalPlan.org$apache$spark$sql$catalyst$plans$logical$AnalysisHelper$$super$transformDownWithPruning(LogicalPlan.scala:37)
[2026-04-12T09:51:23.780+0000] {subprocess.py:106} INFO - 	at org.apache.spark.sql.catalyst.plans.logical.AnalysisHelper.transformDownWithPruning(AnalysisHelper.scala:360)
[2026-04-12T09:51:23.780+0000] {subprocess.py:106} INFO - 	at org.apache.spark.sql.catalyst.plans.logical.AnalysisHelper.transformDownWithPruning$(AnalysisHelper.scala:356)
[2026-04-12T09:51:23.780+0000] {subprocess.py:106} INFO - 	at org.apache.spark.sql.catalyst.plans.logical.LogicalPlan.transformDownWithPruning(LogicalPlan.scala:37)
[2026-04-12T09:51:23.781+0000] {subprocess.py:106} INFO - 	at org.apache.spark.sql.catalyst.plans.logical.LogicalPlan.transformDownWithPruning(LogicalPlan.scala:37)
[2026-04-12T09:51:23.781+0000] {subprocess.py:106} INFO - 	at org.apache.spark.sql.catalyst.trees.TreeNode.transformDown(TreeNode.scala:446)
[2026-04-12T09:51:23.781+0000] {subprocess.py:106} INFO - 	at org.apache.spark.sql.execution.QueryExecution.eagerlyExecuteCommands(QueryExecution.scala:164)
[2026-04-12T09:51:23.782+0000] {subprocess.py:106} INFO - 	at org.apache.spark.sql.execution.QueryExecution.$anonfun$lazyCommandExecuted$1(QueryExecution.scala:126)
[2026-04-12T09:51:23.782+0000] {subprocess.py:106} INFO - 	at scala.util.Try$.apply(Try.scala:217)
[2026-04-12T09:51:23.782+0000] {subprocess.py:106} INFO - 	at org.apache.spark.util.Utils$.doTryWithCallerStacktrace(Utils.scala:1378)
[2026-04-12T09:51:23.783+0000] {subprocess.py:106} INFO - 	at org.apache.spark.util.LazyTry.tryT$lzycompute(LazyTry.scala:46)
[2026-04-12T09:51:23.783+0000] {subprocess.py:106} INFO - 	at org.apache.spark.util.LazyTry.tryT(LazyTry.scala:46)
[2026-04-12T09:51:23.783+0000] {subprocess.py:106} INFO - 	... 58 more
[2026-04-12T09:51:23.784+0000] {subprocess.py:106} INFO - 
[2026-04-12T09:51:23.784+0000] {subprocess.py:106} INFO -  SQLSTATE: 39000 SQLSTATE: XXKST
[2026-04-12T09:51:23.784+0000] {subprocess.py:106} INFO - === Streaming Query ===
[2026-04-12T09:51:23.785+0000] {subprocess.py:106} INFO - Identifier: [id = fffa4a28-b831-4a17-a849-992bff20d106, runId = c37c35e9-bfcc-475d-bba9-09e0618e5aed]
[2026-04-12T09:51:23.785+0000] {subprocess.py:106} INFO - Current Committed Offsets: {KafkaV2[Subscribe[weather-topic]]: {"weather-topic":{"0":0,"1":0,"2":0}}}
[2026-04-12T09:51:23.786+0000] {subprocess.py:106} INFO - Current Available Offsets: {KafkaV2[Subscribe[weather-topic]]: {"weather-topic":{"0":7,"1":6,"2":7}}}
[2026-04-12T09:51:23.786+0000] {subprocess.py:106} INFO - 
[2026-04-12T09:51:23.786+0000] {subprocess.py:106} INFO - Current State: ACTIVE
[2026-04-12T09:51:23.787+0000] {subprocess.py:106} INFO - Thread State: RUNNABLE
[2026-04-12T09:51:23.787+0000] {subprocess.py:106} INFO - 
[2026-04-12T09:51:23.787+0000] {subprocess.py:106} INFO - Logical Plan:
[2026-04-12T09:51:23.788+0000] {subprocess.py:106} INFO - ~WriteToMicroBatchDataSourceV1 ForeachBatchSink, fffa4a28-b831-4a17-a849-992bff20d106, [checkpointLocation=hdfs://23133083thuyvan-master:9000/user/hive/checkpoints/air_quality_realtime], Append
[2026-04-12T09:51:23.788+0000] {subprocess.py:106} INFO - +- ~Project [timestamp#42, location#17, latitude#18, longitude#19, country#20, condition_text#21, timezone#22, temperature_2m#23, relative_humidity_2m#24, apparent_temperature#25, precipitation#26, cloud_cover#27, wind_speed_10m#28, wind_direction_10m#29, wind_gusts_10m#30, uv_index#31, weather_code#32, european_aqi#33, us_aqi#34, pm10#35, pm2_5#36, carbon_monoxide#37, nitrogen_dioxide#38, sulphur_dioxide#39, ozone#40, ... 2 more fields]
[2026-04-12T09:51:23.789+0000] {subprocess.py:106} INFO -    +- ~Project [to_timestamp(timestamp#16, None, TimestampType, Some(GMT), true) AS timestamp#42, location#17, latitude#18, longitude#19, country#20, condition_text#21, timezone#22, temperature_2m#23, relative_humidity_2m#24, apparent_temperature#25, precipitation#26, cloud_cover#27, wind_speed_10m#28, wind_direction_10m#29, wind_gusts_10m#30, uv_index#31, weather_code#32, european_aqi#33, us_aqi#34, pm10#35, pm2_5#36, carbon_monoxide#37, nitrogen_dioxide#38, sulphur_dioxide#39, ozone#40, ... 1 more fields]
[2026-04-12T09:51:23.789+0000] {subprocess.py:106} INFO -       +- ~Project [timestamp#16, location#17, latitude#18, longitude#19, country#20, condition_text#21, timezone#22, temperature_2m#23, relative_humidity_2m#24, apparent_temperature#25, precipitation#26, cloud_cover#27, wind_speed_10m#28, wind_direction_10m#29, wind_gusts_10m#30, uv_index#31, weather_code#32, european_aqi#33, us_aqi#34, pm10#35, pm2_5#36, carbon_monoxide#37, nitrogen_dioxide#38, sulphur_dioxide#39, ozone#40, ... 1 more fields]
[2026-04-12T09:51:23.790+0000] {subprocess.py:106} INFO -          +- ~Project [data#15.timestamp AS timestamp#16, data#15.location AS location#17, data#15.latitude AS latitude#18, data#15.longitude AS longitude#19, data#15.country AS country#20, data#15.condition_text AS condition_text#21, data#15.timezone AS timezone#22, data#15.temperature_2m AS temperature_2m#23, data#15.relative_humidity_2m AS relative_humidity_2m#24, data#15.apparent_temperature AS apparent_temperature#25, data#15.precipitation AS precipitation#26, data#15.cloud_cover AS cloud_cover#27, data#15.wind_speed_10m AS wind_speed_10m#28, data#15.wind_direction_10m AS wind_direction_10m#29, data#15.wind_gusts_10m AS wind_gusts_10m#30, data#15.uv_index AS uv_index#31, data#15.weather_code AS weather_code#32, data#15.european_aqi AS european_aqi#33, data#15.us_aqi AS us_aqi#34, data#15.pm10 AS pm10#35, data#15.pm2_5 AS pm2_5#36, data#15.carbon_monoxide AS carbon_monoxide#37, data#15.nitrogen_dioxide AS nitrogen_dioxide#38, data#15.sulphur_dioxide AS sulphur_dioxide#39, data#15.ozone AS ozone#40]
[2026-04-12T09:51:23.790+0000] {subprocess.py:106} INFO -             +- ~Project [from_json(StructField(timestamp,StringType,true), StructField(location,StringType,true), StructField(latitude,DoubleType,true), StructField(longitude,DoubleType,true), StructField(country,StringType,true), StructField(condition_text,StringType,true), StructField(timezone,StringType,true), StructField(temperature_2m,DoubleType,true), StructField(relative_humidity_2m,DoubleType,true), StructField(apparent_temperature,DoubleType,true), StructField(precipitation,DoubleType,true), StructField(cloud_cover,DoubleType,true), StructField(wind_speed_10m,DoubleType,true), StructField(wind_direction_10m,DoubleType,true), StructField(wind_gusts_10m,DoubleType,true), StructField(uv_index,DoubleType,true), StructField(weather_code,IntegerType,true), StructField(european_aqi,IntegerType,true), StructField(us_aqi,IntegerType,true), StructField(pm10,DoubleType,true), StructField(pm2_5,DoubleType,true), StructField(carbon_monoxide,DoubleType,true), StructField(nitrogen_dioxide,DoubleType,true), StructField(sulphur_dioxide,DoubleType,true), StructField(ozone,DoubleType,true), ... 3 more fields) AS data#15]
[2026-04-12T09:51:23.791+0000] {subprocess.py:106} INFO -                +- ~Project [cast(value#8 as string) AS json#14]
[2026-04-12T09:51:23.791+0000] {subprocess.py:106} INFO -                   +- ~StreamingDataSourceV2ScanRelation[key#7, value#8, topic#9, partition#10, offset#11L, timestamp#12, timestampType#13] KafkaTable
[2026-04-12T09:51:23.792+0000] {subprocess.py:106} INFO - 
[2026-04-12T09:51:23.792+0000] {subprocess.py:106} INFO - 26/04/12 09:51:23 INFO ConsumerCoordinator: [Consumer clientId=consumer-spark-kafka-source-ce6a14bf-7b8f-4c2e-8c52-05fcf0153d61--983882313-executor-1, groupId=spark-kafka-source-ce6a14bf-7b8f-4c2e-8c52-05fcf0153d61--983882313-executor] Resetting generation and member id due to: consumer pro-actively leaving the group
[2026-04-12T09:51:23.792+0000] {subprocess.py:106} INFO - 26/04/12 09:51:23 INFO ConsumerCoordinator: [Consumer clientId=consumer-spark-kafka-source-ce6a14bf-7b8f-4c2e-8c52-05fcf0153d61--983882313-executor-1, groupId=spark-kafka-source-ce6a14bf-7b8f-4c2e-8c52-05fcf0153d61--983882313-executor] Request joining group due to: consumer pro-actively leaving the group
[2026-04-12T09:51:23.793+0000] {subprocess.py:106} INFO - 26/04/12 09:51:23 INFO Metrics: Metrics scheduler closed
[2026-04-12T09:51:23.793+0000] {subprocess.py:106} INFO - 26/04/12 09:51:23 INFO Metrics: Closing reporter org.apache.kafka.common.metrics.JmxReporter
[2026-04-12T09:51:23.793+0000] {subprocess.py:106} INFO - 26/04/12 09:51:23 INFO Metrics: Closing reporter org.apache.kafka.common.telemetry.internals.ClientTelemetryReporter
[2026-04-12T09:51:23.794+0000] {subprocess.py:106} INFO - 26/04/12 09:51:23 INFO Metrics: Metrics reporters closed
[2026-04-12T09:51:23.794+0000] {subprocess.py:106} INFO - 26/04/12 09:51:23 INFO AppInfoParser: App info kafka.consumer for consumer-spark-kafka-source-ce6a14bf-7b8f-4c2e-8c52-05fcf0153d61--983882313-executor-1 unregistered
[2026-04-12T09:51:23.795+0000] {subprocess.py:106} INFO - 26/04/12 09:51:23 INFO ConsumerCoordinator: [Consumer clientId=consumer-spark-kafka-source-ce6a14bf-7b8f-4c2e-8c52-05fcf0153d61--983882313-executor-2, groupId=spark-kafka-source-ce6a14bf-7b8f-4c2e-8c52-05fcf0153d61--983882313-executor] Resetting generation and member id due to: consumer pro-actively leaving the group
[2026-04-12T09:51:23.795+0000] {subprocess.py:106} INFO - 26/04/12 09:51:23 INFO ConsumerCoordinator: [Consumer clientId=consumer-spark-kafka-source-ce6a14bf-7b8f-4c2e-8c52-05fcf0153d61--983882313-executor-2, groupId=spark-kafka-source-ce6a14bf-7b8f-4c2e-8c52-05fcf0153d61--983882313-executor] Request joining group due to: consumer pro-actively leaving the group
[2026-04-12T09:51:23.795+0000] {subprocess.py:106} INFO - 26/04/12 09:51:23 INFO Metrics: Metrics scheduler closed
[2026-04-12T09:51:23.796+0000] {subprocess.py:106} INFO - 26/04/12 09:51:23 INFO Metrics: Closing reporter org.apache.kafka.common.metrics.JmxReporter
[2026-04-12T09:51:23.796+0000] {subprocess.py:106} INFO - 26/04/12 09:51:23 INFO Metrics: Closing reporter org.apache.kafka.common.telemetry.internals.ClientTelemetryReporter
[2026-04-12T09:51:23.797+0000] {subprocess.py:106} INFO - 26/04/12 09:51:23 INFO Metrics: Metrics reporters closed
[2026-04-12T09:51:23.797+0000] {subprocess.py:106} INFO - 26/04/12 09:51:23 INFO AppInfoParser: App info kafka.consumer for consumer-spark-kafka-source-ce6a14bf-7b8f-4c2e-8c52-05fcf0153d61--983882313-executor-2 unregistered
[2026-04-12T09:51:23.797+0000] {subprocess.py:106} INFO - 26/04/12 09:51:23 INFO ConsumerCoordinator: [Consumer clientId=consumer-spark-kafka-source-ce6a14bf-7b8f-4c2e-8c52-05fcf0153d61--983882313-executor-3, groupId=spark-kafka-source-ce6a14bf-7b8f-4c2e-8c52-05fcf0153d61--983882313-executor] Resetting generation and member id due to: consumer pro-actively leaving the group
[2026-04-12T09:51:23.798+0000] {subprocess.py:106} INFO - 26/04/12 09:51:23 INFO ConsumerCoordinator: [Consumer clientId=consumer-spark-kafka-source-ce6a14bf-7b8f-4c2e-8c52-05fcf0153d61--983882313-executor-3, groupId=spark-kafka-source-ce6a14bf-7b8f-4c2e-8c52-05fcf0153d61--983882313-executor] Request joining group due to: consumer pro-actively leaving the group
[2026-04-12T09:51:23.798+0000] {subprocess.py:106} INFO - 26/04/12 09:51:23 INFO Metrics: Metrics scheduler closed
[2026-04-12T09:51:23.799+0000] {subprocess.py:106} INFO - 26/04/12 09:51:23 INFO Metrics: Closing reporter org.apache.kafka.common.metrics.JmxReporter
[2026-04-12T09:51:23.799+0000] {subprocess.py:106} INFO - 26/04/12 09:51:23 INFO Metrics: Closing reporter org.apache.kafka.common.telemetry.internals.ClientTelemetryReporter
[2026-04-12T09:51:23.800+0000] {subprocess.py:106} INFO - 26/04/12 09:51:23 INFO Metrics: Metrics reporters closed
[2026-04-12T09:51:23.800+0000] {subprocess.py:106} INFO - 26/04/12 09:51:23 INFO AppInfoParser: App info kafka.consumer for consumer-spark-kafka-source-ce6a14bf-7b8f-4c2e-8c52-05fcf0153d61--983882313-executor-3 unregistered
[2026-04-12T09:51:23.801+0000] {subprocess.py:106} INFO - 26/04/12 09:51:23 INFO SparkContext: Invoking stop() from shutdown hook
[2026-04-12T09:51:23.801+0000] {subprocess.py:106} INFO - 26/04/12 09:51:23 INFO SparkContext: SparkContext is stopping with exitCode 0 from run at Executors.java:572.
[2026-04-12T09:51:23.801+0000] {subprocess.py:106} INFO - 26/04/12 09:51:23 INFO SparkUI: Stopped Spark web UI at http://spark-master:4041
[2026-04-12T09:51:23.802+0000] {subprocess.py:106} INFO - 26/04/12 09:51:23 INFO MapOutputTrackerMasterEndpoint: MapOutputTrackerMasterEndpoint stopped!
[2026-04-12T09:51:23.802+0000] {subprocess.py:106} INFO - 26/04/12 09:51:23 INFO MemoryStore: MemoryStore cleared
[2026-04-12T09:51:23.803+0000] {subprocess.py:106} INFO - 26/04/12 09:51:23 INFO BlockManager: BlockManager stopped
[2026-04-12T09:51:23.803+0000] {subprocess.py:106} INFO - 26/04/12 09:51:23 INFO BlockManagerMaster: BlockManagerMaster stopped
[2026-04-12T09:51:23.804+0000] {subprocess.py:106} INFO - 26/04/12 09:51:23 INFO OutputCommitCoordinator$OutputCommitCoordinatorEndpoint: OutputCommitCoordinator stopped!
[2026-04-12T09:51:23.804+0000] {subprocess.py:106} INFO - 26/04/12 09:51:23 INFO SparkContext: Successfully stopped SparkContext
[2026-04-12T09:51:23.804+0000] {subprocess.py:106} INFO - 26/04/12 09:51:23 INFO ShutdownHookManager: Shutdown hook called
[2026-04-12T09:51:23.805+0000] {subprocess.py:106} INFO - 26/04/12 09:51:23 INFO ShutdownHookManager: Deleting directory /tmp/spark-e76a63d9-61cb-427b-88d5-3d45d870a995
[2026-04-12T09:51:23.805+0000] {subprocess.py:106} INFO - 26/04/12 09:51:23 INFO ShutdownHookManager: Deleting directory /tmp/spark-965b97cb-dbc6-41ef-82ca-9bd42cbd4aef
[2026-04-12T09:51:23.806+0000] {subprocess.py:106} INFO - 26/04/12 09:51:23 INFO ShutdownHookManager: Deleting directory /tmp/spark-965b97cb-dbc6-41ef-82ca-9bd42cbd4aef/pyspark-742af7c0-e147-4c29-97c5-5e1d53c6113b
[2026-04-12T09:51:23.806+0000] {subprocess.py:106} INFO - 26/04/12 09:51:23 INFO ShutdownHookManager: Deleting directory /tmp/artifacts-07f9a554-df56-4cfa-bf37-e93259e679e4
[2026-04-12T09:51:23.835+0000] {subprocess.py:110} INFO - Command exited with return code 1
[2026-04-12T09:51:23.855+0000] {taskinstance.py:3311} ERROR - Task failed with exception
Traceback (most recent call last):
  File "/home/airflow/airflow/venv/lib/python3.12/site-packages/airflow/models/taskinstance.py", line 767, in _execute_task
    result = _execute_callable(context=context, **execute_callable_kwargs)
             ^^^^^^^^^^^^^^^^^^^^^^^^^^^^^^^^^^^^^^^^^^^^^^^^^^^^^^^^^^^^^
  File "/home/airflow/airflow/venv/lib/python3.12/site-packages/airflow/models/taskinstance.py", line 733, in _execute_callable
    return ExecutionCallableRunner(
           ^^^^^^^^^^^^^^^^^^^^^^^^
  File "/home/airflow/airflow/venv/lib/python3.12/site-packages/airflow/utils/operator_helpers.py", line 252, in run
    return self.func(*args, **kwargs)
           ^^^^^^^^^^^^^^^^^^^^^^^^^^
  File "/home/airflow/airflow/venv/lib/python3.12/site-packages/airflow/models/baseoperator.py", line 422, in wrapper
    return func(self, *args, **kwargs)
           ^^^^^^^^^^^^^^^^^^^^^^^^^^^
  File "/home/airflow/airflow/venv/lib/python3.12/site-packages/airflow/operators/bash.py", line 276, in execute
    raise AirflowException(
airflow.exceptions.AirflowException: Bash command failed. The command returned a non-zero exit code 1.
[2026-04-12T09:51:23.863+0000] {taskinstance.py:1225} INFO - Marking task as UP_FOR_RETRY. dag_id=weather_real_time_pipeline_v2, task_id=start_spark_streaming_job, run_id=scheduled__2026-04-12T09:46:00+00:00, execution_date=20260412T094600, start_date=20260412T095055, end_date=20260412T095123
[2026-04-12T09:51:23.881+0000] {taskinstance.py:340} INFO - ::group::Post task execution logs
[2026-04-12T09:51:23.882+0000] {standard_task_runner.py:124} ERROR - Failed to execute job 24 for task start_spark_streaming_job (Bash command failed. The command returned a non-zero exit code 1.; 41683)
Traceback (most recent call last):
  File "/home/airflow/airflow/venv/lib/python3.12/site-packages/airflow/task/task_runner/standard_task_runner.py", line 117, in _start_by_fork
    ret = args.func(args, dag=self.dag)
          ^^^^^^^^^^^^^^^^^^^^^^^^^^^^^
  File "/home/airflow/airflow/venv/lib/python3.12/site-packages/airflow/cli/cli_config.py", line 49, in command
    return func(*args, **kwargs)
           ^^^^^^^^^^^^^^^^^^^^^
  File "/home/airflow/airflow/venv/lib/python3.12/site-packages/airflow/utils/cli.py", line 116, in wrapper
    return f(*args, **kwargs)
           ^^^^^^^^^^^^^^^^^^
  File "/home/airflow/airflow/venv/lib/python3.12/site-packages/airflow/cli/commands/task_command.py", line 483, in task_run
    task_return_code = _run_task_by_selected_method(args, _dag, ti)
                       ^^^^^^^^^^^^^^^^^^^^^^^^^^^^^^^^^^^^^^^^^^^^
  File "/home/airflow/airflow/venv/lib/python3.12/site-packages/airflow/cli/commands/task_command.py", line 256, in _run_task_by_selected_method
    return _run_raw_task(args, ti)
           ^^^^^^^^^^^^^^^^^^^^^^^
  File "/home/airflow/airflow/venv/lib/python3.12/site-packages/airflow/cli/commands/task_command.py", line 341, in _run_raw_task
    return ti._run_raw_task(
           ^^^^^^^^^^^^^^^^^
  File "/home/airflow/airflow/venv/lib/python3.12/site-packages/airflow/utils/session.py", line 97, in wrapper
    return func(*args, session=session, **kwargs)
           ^^^^^^^^^^^^^^^^^^^^^^^^^^^^^^^^^^^^^^
  File "/home/airflow/airflow/venv/lib/python3.12/site-packages/airflow/models/taskinstance.py", line 3005, in _run_raw_task
    return _run_raw_task(
           ^^^^^^^^^^^^^^
  File "/home/airflow/airflow/venv/lib/python3.12/site-packages/airflow/models/taskinstance.py", line 273, in _run_raw_task
    TaskInstance._execute_task_with_callbacks(
  File "/home/airflow/airflow/venv/lib/python3.12/site-packages/airflow/models/taskinstance.py", line 3159, in _execute_task_with_callbacks
    result = self._execute_task(context, task_orig)
             ^^^^^^^^^^^^^^^^^^^^^^^^^^^^^^^^^^^^^^
  File "/home/airflow/airflow/venv/lib/python3.12/site-packages/airflow/models/taskinstance.py", line 3183, in _execute_task
    return _execute_task(self, context, task_orig)
           ^^^^^^^^^^^^^^^^^^^^^^^^^^^^^^^^^^^^^^^
  File "/home/airflow/airflow/venv/lib/python3.12/site-packages/airflow/models/taskinstance.py", line 767, in _execute_task
    result = _execute_callable(context=context, **execute_callable_kwargs)
             ^^^^^^^^^^^^^^^^^^^^^^^^^^^^^^^^^^^^^^^^^^^^^^^^^^^^^^^^^^^^^
  File "/home/airflow/airflow/venv/lib/python3.12/site-packages/airflow/models/taskinstance.py", line 733, in _execute_callable
    return ExecutionCallableRunner(
           ^^^^^^^^^^^^^^^^^^^^^^^^
  File "/home/airflow/airflow/venv/lib/python3.12/site-packages/airflow/utils/operator_helpers.py", line 252, in run
    return self.func(*args, **kwargs)
           ^^^^^^^^^^^^^^^^^^^^^^^^^^
  File "/home/airflow/airflow/venv/lib/python3.12/site-packages/airflow/models/baseoperator.py", line 422, in wrapper
    return func(self, *args, **kwargs)
           ^^^^^^^^^^^^^^^^^^^^^^^^^^^
  File "/home/airflow/airflow/venv/lib/python3.12/site-packages/airflow/operators/bash.py", line 276, in execute
    raise AirflowException(
airflow.exceptions.AirflowException: Bash command failed. The command returned a non-zero exit code 1.
[2026-04-12T09:51:23.891+0000] {local_task_job_runner.py:266} INFO - Task exited with return code 1
[2026-04-12T09:51:23.921+0000] {taskinstance.py:3895} INFO - 0 downstream tasks scheduled from follow-on schedule check
[2026-04-12T09:51:23.923+0000] {local_task_job_runner.py:245} INFO - ::endgroup::
