[2026-04-14T03:11:59.375+0000] {local_task_job_runner.py:123} INFO - ::group::Pre task execution logs
[2026-04-14T03:11:59.662+0000] {taskinstance.py:2613} INFO - Dependencies all met for dep_context=non-requeueable deps ti=<TaskInstance: predict_aqi.predict manual__2026-04-13T14:13:06.049161+00:00 [queued]>
[2026-04-14T03:11:59.759+0000] {taskinstance.py:2613} INFO - Dependencies all met for dep_context=requeueable deps ti=<TaskInstance: predict_aqi.predict manual__2026-04-13T14:13:06.049161+00:00 [queued]>
[2026-04-14T03:11:59.771+0000] {taskinstance.py:2866} INFO - Starting attempt 4 of 3
[2026-04-14T03:11:59.919+0000] {taskinstance.py:2889} INFO - Executing <Task(BashOperator): predict> on 2026-04-13 14:13:06.049161+00:00
[2026-04-14T03:12:00.021+0000] {standard_task_runner.py:104} INFO - Running: ['airflow', 'tasks', 'run', 'predict_aqi', 'predict', 'manual__2026-04-13T14:13:06.049161+00:00', '--job-id', '261', '--raw', '--subdir', 'DAGS_FOLDER/dag_ml.py', '--cfg-path', '/tmp/tmprlugeaef']
[2026-04-14T03:12:00.054+0000] {logging_mixin.py:190} WARNING - /home/airflow/airflow/venv/lib/python3.12/site-packages/airflow/task/task_runner/standard_task_runner.py:70 DeprecationWarning: This process (pid=226) is multi-threaded, use of fork() may lead to deadlocks in the child.
[2026-04-14T03:12:00.058+0000] {standard_task_runner.py:72} INFO - Started process 283 to run task
[2026-04-14T03:12:00.045+0000] {standard_task_runner.py:105} INFO - Job 261: Subtask predict
[2026-04-14T03:12:00.494+0000] {task_command.py:467} INFO - Running <TaskInstance: predict_aqi.predict manual__2026-04-13T14:13:06.049161+00:00 [running]> on host airflow
[2026-04-14T03:12:00.906+0000] {taskinstance.py:3132} INFO - Exporting env vars: AIRFLOW_CTX_DAG_OWNER='airflow' AIRFLOW_CTX_DAG_ID='predict_aqi' AIRFLOW_CTX_TASK_ID='predict' AIRFLOW_CTX_EXECUTION_DATE='2026-04-13T14:13:06.049161+00:00' AIRFLOW_CTX_TRY_NUMBER='4' AIRFLOW_CTX_DAG_RUN_ID='manual__2026-04-13T14:13:06.049161+00:00'
[2026-04-14T03:12:00.916+0000] {taskinstance.py:731} INFO - ::endgroup::
[2026-04-14T03:12:01.010+0000] {subprocess.py:78} INFO - Tmp dir root location: /tmp
[2026-04-14T03:12:01.015+0000] {subprocess.py:88} INFO - Running command: ['/usr/bin/bash', '-c', '\n            docker exec spark-master spark-submit                 --packages org.apache.iceberg:iceberg-spark-runtime-4.0_2.13:1.10.1                 /home/spark/spark/spark_jobs/predict.py 2026-04-13\n        ']
[2026-04-14T03:12:01.046+0000] {subprocess.py:99} INFO - Output:
[2026-04-14T03:12:03.899+0000] {subprocess.py:106} INFO - WARNING: Using incubator modules: jdk.incubator.vector
[2026-04-14T03:12:20.237+0000] {subprocess.py:106} INFO - :: loading settings :: url = jar:file:/home/spark/spark/jars/ivy-2.5.3.jar!/org/apache/ivy/core/settings/ivysettings.xml
[2026-04-14T03:12:21.082+0000] {subprocess.py:106} INFO - Ivy Default Cache set to: /home/spark/.ivy2.5.2/cache
[2026-04-14T03:12:21.089+0000] {subprocess.py:106} INFO - The jars for the packages stored in: /home/spark/.ivy2.5.2/jars
[2026-04-14T03:12:21.239+0000] {subprocess.py:106} INFO - org.apache.iceberg#iceberg-spark-runtime-4.0_2.13 added as a dependency
[2026-04-14T03:12:21.244+0000] {subprocess.py:106} INFO - :: resolving dependencies :: org.apache.spark#spark-submit-parent-09eb7bd3-9da1-4084-9fac-459218f08747;1.0
[2026-04-14T03:12:21.249+0000] {subprocess.py:106} INFO - 	confs: [default]
[2026-04-14T03:12:21.927+0000] {subprocess.py:106} INFO - 	found org.apache.iceberg#iceberg-spark-runtime-4.0_2.13;1.10.1 in spark-list
[2026-04-14T03:12:22.022+0000] {subprocess.py:106} INFO - :: resolution report :: resolve 737ms :: artifacts dl 38ms
[2026-04-14T03:12:22.024+0000] {subprocess.py:106} INFO - 	:: modules in use:
[2026-04-14T03:12:22.025+0000] {subprocess.py:106} INFO - 	org.apache.iceberg#iceberg-spark-runtime-4.0_2.13;1.10.1 from spark-list in [default]
[2026-04-14T03:12:22.030+0000] {subprocess.py:106} INFO - 	---------------------------------------------------------------------
[2026-04-14T03:12:22.034+0000] {subprocess.py:106} INFO - 	|                  |            modules            ||   artifacts   |
[2026-04-14T03:12:22.040+0000] {subprocess.py:106} INFO - 	|       conf       | number| search|dwnlded|evicted|| number|dwnlded|
[2026-04-14T03:12:22.041+0000] {subprocess.py:106} INFO - 	---------------------------------------------------------------------
[2026-04-14T03:12:22.046+0000] {subprocess.py:106} INFO - 	|      default     |   1   |   0   |   0   |   0   ||   1   |   0   |
[2026-04-14T03:12:22.050+0000] {subprocess.py:106} INFO - 	---------------------------------------------------------------------
[2026-04-14T03:12:22.054+0000] {subprocess.py:106} INFO - :: retrieving :: org.apache.spark#spark-submit-parent-09eb7bd3-9da1-4084-9fac-459218f08747
[2026-04-14T03:12:22.062+0000] {subprocess.py:106} INFO - 	confs: [default]
[2026-04-14T03:12:22.063+0000] {subprocess.py:106} INFO - 	0 artifacts copied, 1 already retrieved (0kB/22ms)
[2026-04-14T03:12:23.736+0000] {subprocess.py:106} INFO - 26/04/14 03:12:23 WARN NativeCodeLoader: Unable to load native-hadoop library for your platform... using builtin-java classes where applicable
[2026-04-14T03:12:58.599+0000] {subprocess.py:106} INFO - Using Spark's default log4j profile: org/apache/spark/log4j2-defaults.properties
[2026-04-14T03:12:58.818+0000] {subprocess.py:106} INFO - 26/04/14 03:12:58 INFO SparkContext: Running Spark version 4.0.2
[2026-04-14T03:12:58.898+0000] {subprocess.py:106} INFO - 26/04/14 03:12:58 INFO SparkContext: OS info Linux, 6.6.87.2-microsoft-standard-WSL2, amd64
[2026-04-14T03:12:58.917+0000] {subprocess.py:106} INFO - 26/04/14 03:12:58 INFO SparkContext: Java version 21.0.10
[2026-04-14T03:13:00.503+0000] {subprocess.py:106} INFO - 26/04/14 03:13:00 INFO ResourceUtils: ==============================================================
[2026-04-14T03:13:00.514+0000] {subprocess.py:106} INFO - 26/04/14 03:13:00 INFO ResourceUtils: No custom resources configured for spark.driver.
[2026-04-14T03:13:00.562+0000] {subprocess.py:106} INFO - 26/04/14 03:13:00 INFO ResourceUtils: ==============================================================
[2026-04-14T03:13:00.636+0000] {subprocess.py:106} INFO - 26/04/14 03:13:00 INFO SparkContext: Submitted application: predict
[2026-04-14T03:13:01.618+0000] {subprocess.py:106} INFO - 26/04/14 03:13:01 INFO ResourceProfile: Default ResourceProfile created, executor resources: Map(cores -> name: cores, amount: 2, script: , vendor: , memory -> name: memory, amount: 2048, script: , vendor: , offHeap -> name: offHeap, amount: 0, script: , vendor: ), task resources: Map(cpus -> name: cpus, amount: 1.0)
[2026-04-14T03:13:01.936+0000] {subprocess.py:106} INFO - 26/04/14 03:13:01 INFO ResourceProfile: Limiting resource is cpus at 2 tasks per executor
[2026-04-14T03:13:01.962+0000] {subprocess.py:106} INFO - 26/04/14 03:13:01 INFO ResourceProfileManager: Added ResourceProfile id: 0
[2026-04-14T03:13:09.909+0000] {subprocess.py:106} INFO - 26/04/14 03:13:09 INFO SecurityManager: Changing view acls to: spark
[2026-04-14T03:13:09.959+0000] {subprocess.py:106} INFO - 26/04/14 03:13:09 INFO SecurityManager: Changing modify acls to: spark
[2026-04-14T03:13:09.960+0000] {subprocess.py:106} INFO - 26/04/14 03:13:09 INFO SecurityManager: Changing view acls groups to: spark
[2026-04-14T03:13:09.965+0000] {subprocess.py:106} INFO - 26/04/14 03:13:09 INFO SecurityManager: Changing modify acls groups to: spark
[2026-04-14T03:13:10.017+0000] {subprocess.py:106} INFO - 26/04/14 03:13:09 INFO SecurityManager: SecurityManager: authentication disabled; ui acls disabled; users with view permissions: spark groups with view permissions: EMPTY; users with modify permissions: spark; groups with modify permissions: EMPTY; RPC SSL disabled
[2026-04-14T03:13:31.273+0000] {subprocess.py:106} INFO - 26/04/14 03:13:31 INFO Utils: Successfully started service 'sparkDriver' on port 43709.
[2026-04-14T03:13:32.039+0000] {subprocess.py:106} INFO - 26/04/14 03:13:32 INFO SparkEnv: Registering MapOutputTracker
[2026-04-14T03:13:32.401+0000] {subprocess.py:106} INFO - 26/04/14 03:13:32 INFO SparkEnv: Registering BlockManagerMaster
[2026-04-14T03:13:33.116+0000] {subprocess.py:106} INFO - 26/04/14 03:13:33 INFO BlockManagerMasterEndpoint: Using org.apache.spark.storage.DefaultTopologyMapper for getting topology information
[2026-04-14T03:13:33.121+0000] {subprocess.py:106} INFO - 26/04/14 03:13:33 INFO BlockManagerMasterEndpoint: BlockManagerMasterEndpoint up
[2026-04-14T03:13:33.144+0000] {subprocess.py:106} INFO - 26/04/14 03:13:33 INFO SparkEnv: Registering BlockManagerMasterHeartbeat
[2026-04-14T03:13:40.492+0000] {subprocess.py:106} INFO - 26/04/14 03:13:40 INFO DiskBlockManager: Created local directory at /tmp/blockmgr-1c462e1a-7687-4320-b33a-810730d2eec0
[2026-04-14T03:13:40.387+0000] {job.py:229} INFO - Heartbeat recovered after 11.30 seconds
[2026-04-14T03:13:40.842+0000] {subprocess.py:106} INFO - 26/04/14 03:13:40 INFO SparkEnv: Registering OutputCommitCoordinator
[2026-04-14T03:13:48.700+0000] {subprocess.py:106} INFO - 26/04/14 03:13:48 INFO JettyUtils: Start Jetty 0.0.0.0:4040 for SparkUI
[2026-04-14T03:13:50.214+0000] {subprocess.py:106} INFO - 26/04/14 03:13:50 WARN Utils: Service 'SparkUI' could not bind on port 4040. Attempting port 4041.
[2026-04-14T03:13:50.225+0000] {subprocess.py:106} INFO - 26/04/14 03:13:50 WARN Utils: Service 'SparkUI' could not bind on port 4041. Attempting port 4042.
[2026-04-14T03:13:50.237+0000] {subprocess.py:106} INFO - 26/04/14 03:13:50 WARN Utils: Service 'SparkUI' could not bind on port 4042. Attempting port 4043.
[2026-04-14T03:13:50.241+0000] {subprocess.py:106} INFO - 26/04/14 03:13:50 WARN Utils: Service 'SparkUI' could not bind on port 4043. Attempting port 4044.
[2026-04-14T03:13:50.384+0000] {subprocess.py:106} INFO - 26/04/14 03:13:50 WARN Utils: Service 'SparkUI' could not bind on port 4044. Attempting port 4045.
[2026-04-14T03:13:50.437+0000] {subprocess.py:106} INFO - 26/04/14 03:13:50 WARN Utils: Service 'SparkUI' could not bind on port 4045. Attempting port 4046.
[2026-04-14T03:13:50.443+0000] {subprocess.py:106} INFO - 26/04/14 03:13:50 WARN Utils: Service 'SparkUI' could not bind on port 4046. Attempting port 4047.
[2026-04-14T03:13:50.445+0000] {subprocess.py:106} INFO - 26/04/14 03:13:50 WARN Utils: Service 'SparkUI' could not bind on port 4047. Attempting port 4048.
[2026-04-14T03:13:50.545+0000] {subprocess.py:106} INFO - 26/04/14 03:13:50 INFO Utils: Successfully started service 'SparkUI' on port 4048.
[2026-04-14T03:13:51.548+0000] {subprocess.py:106} INFO - 26/04/14 03:13:51 INFO SparkContext: Added JAR file:///home/spark/.ivy2.5.2/jars/org.apache.iceberg_iceberg-spark-runtime-4.0_2.13-1.10.1.jar at spark://spark-master:43709/jars/org.apache.iceberg_iceberg-spark-runtime-4.0_2.13-1.10.1.jar with timestamp 1776136373108
[2026-04-14T03:13:51.729+0000] {subprocess.py:106} INFO - 26/04/14 03:13:51 INFO SparkContext: Added file file:///home/spark/.ivy2.5.2/jars/org.apache.iceberg_iceberg-spark-runtime-4.0_2.13-1.10.1.jar at file:///home/spark/.ivy2.5.2/jars/org.apache.iceberg_iceberg-spark-runtime-4.0_2.13-1.10.1.jar with timestamp 1776136373108
[2026-04-14T03:13:51.770+0000] {subprocess.py:106} INFO - 26/04/14 03:13:51 INFO Utils: Copying /home/spark/.ivy2.5.2/jars/org.apache.iceberg_iceberg-spark-runtime-4.0_2.13-1.10.1.jar to /tmp/spark-9c5e67ab-3658-423e-97d4-7690046afc06/userFiles-51f8c11f-85ab-4779-aa4e-be2c865d5e8d/org.apache.iceberg_iceberg-spark-runtime-4.0_2.13-1.10.1.jar
[2026-04-14T03:13:53.679+0000] {subprocess.py:106} INFO - 26/04/14 03:13:53 INFO SecurityManager: Changing view acls to: spark
[2026-04-14T03:13:53.682+0000] {subprocess.py:106} INFO - 26/04/14 03:13:53 INFO SecurityManager: Changing modify acls to: spark
[2026-04-14T03:13:53.684+0000] {subprocess.py:106} INFO - 26/04/14 03:13:53 INFO SecurityManager: Changing view acls groups to: spark
[2026-04-14T03:13:53.687+0000] {subprocess.py:106} INFO - 26/04/14 03:13:53 INFO SecurityManager: Changing modify acls groups to: spark
[2026-04-14T03:13:53.692+0000] {subprocess.py:106} INFO - 26/04/14 03:13:53 INFO SecurityManager: SecurityManager: authentication disabled; ui acls disabled; users with view permissions: spark groups with view permissions: EMPTY; users with modify permissions: spark; groups with modify permissions: EMPTY; RPC SSL disabled
[2026-04-14T03:13:56.060+0000] {subprocess.py:106} INFO - 26/04/14 03:13:56 INFO Executor: Starting executor ID driver on host spark-master
[2026-04-14T03:13:56.069+0000] {subprocess.py:106} INFO - 26/04/14 03:13:56 INFO Executor: OS info Linux, 6.6.87.2-microsoft-standard-WSL2, amd64
[2026-04-14T03:13:56.072+0000] {subprocess.py:106} INFO - 26/04/14 03:13:56 INFO Executor: Java version 21.0.10
[2026-04-14T03:13:56.258+0000] {subprocess.py:106} INFO - 26/04/14 03:13:56 INFO Executor: Starting executor with user classpath (userClassPathFirst = false): ''
[2026-04-14T03:13:56.268+0000] {subprocess.py:106} INFO - 26/04/14 03:13:56 INFO Executor: Created or updated repl class loader org.apache.spark.util.MutableURLClassLoader@26cc98a3 for default.
[2026-04-14T03:13:56.334+0000] {subprocess.py:106} INFO - 26/04/14 03:13:56 INFO Executor: Fetching file:///home/spark/.ivy2.5.2/jars/org.apache.iceberg_iceberg-spark-runtime-4.0_2.13-1.10.1.jar with timestamp 1776136373108
[2026-04-14T03:13:57.168+0000] {subprocess.py:106} INFO - 26/04/14 03:13:57 INFO Utils: /home/spark/.ivy2.5.2/jars/org.apache.iceberg_iceberg-spark-runtime-4.0_2.13-1.10.1.jar has been previously copied to /tmp/spark-9c5e67ab-3658-423e-97d4-7690046afc06/userFiles-51f8c11f-85ab-4779-aa4e-be2c865d5e8d/org.apache.iceberg_iceberg-spark-runtime-4.0_2.13-1.10.1.jar
[2026-04-14T03:13:57.216+0000] {subprocess.py:106} INFO - 26/04/14 03:13:57 INFO Executor: Fetching spark://spark-master:43709/jars/org.apache.iceberg_iceberg-spark-runtime-4.0_2.13-1.10.1.jar with timestamp 1776136373108
[2026-04-14T03:13:57.746+0000] {subprocess.py:106} INFO - 26/04/14 03:13:57 INFO TransportClientFactory: Successfully created connection to spark-master/172.20.0.5:43709 after 304 ms (0 ms spent in bootstraps)
[2026-04-14T03:13:57.884+0000] {subprocess.py:106} INFO - 26/04/14 03:13:57 INFO Utils: Fetching spark://spark-master:43709/jars/org.apache.iceberg_iceberg-spark-runtime-4.0_2.13-1.10.1.jar to /tmp/spark-9c5e67ab-3658-423e-97d4-7690046afc06/userFiles-51f8c11f-85ab-4779-aa4e-be2c865d5e8d/fetchFileTemp13234349673585002373.tmp
[2026-04-14T03:14:00.566+0000] {subprocess.py:106} INFO - 26/04/14 03:14:00 INFO Utils: /tmp/spark-9c5e67ab-3658-423e-97d4-7690046afc06/userFiles-51f8c11f-85ab-4779-aa4e-be2c865d5e8d/fetchFileTemp13234349673585002373.tmp has been previously copied to /tmp/spark-9c5e67ab-3658-423e-97d4-7690046afc06/userFiles-51f8c11f-85ab-4779-aa4e-be2c865d5e8d/org.apache.iceberg_iceberg-spark-runtime-4.0_2.13-1.10.1.jar
[2026-04-14T03:14:00.629+0000] {subprocess.py:106} INFO - 26/04/14 03:14:00 INFO Executor: Adding file:/tmp/spark-9c5e67ab-3658-423e-97d4-7690046afc06/userFiles-51f8c11f-85ab-4779-aa4e-be2c865d5e8d/org.apache.iceberg_iceberg-spark-runtime-4.0_2.13-1.10.1.jar to class loader default
[2026-04-14T03:14:00.881+0000] {subprocess.py:106} INFO - 26/04/14 03:14:00 INFO Utils: Successfully started service 'org.apache.spark.network.netty.NettyBlockTransferService' on port 34863.
[2026-04-14T03:14:00.887+0000] {subprocess.py:106} INFO - 26/04/14 03:14:00 INFO NettyBlockTransferService: Server created on spark-master:34863
[2026-04-14T03:14:00.931+0000] {subprocess.py:106} INFO - 26/04/14 03:14:00 INFO BlockManager: Using org.apache.spark.storage.RandomBlockReplicationPolicy for block replication policy
[2026-04-14T03:14:01.201+0000] {subprocess.py:106} INFO - 26/04/14 03:14:01 INFO BlockManagerMaster: Registering BlockManager BlockManagerId(driver, spark-master, 34863, None)
[2026-04-14T03:14:01.417+0000] {subprocess.py:106} INFO - 26/04/14 03:14:01 INFO BlockManagerMasterEndpoint: Registering block manager spark-master:34863 with 1048.8 MiB RAM, BlockManagerId(driver, spark-master, 34863, None)
[2026-04-14T03:14:01.491+0000] {subprocess.py:106} INFO - 26/04/14 03:14:01 INFO BlockManagerMaster: Registered BlockManager BlockManagerId(driver, spark-master, 34863, None)
[2026-04-14T03:14:01.507+0000] {subprocess.py:106} INFO - 26/04/14 03:14:01 INFO BlockManager: Initialized BlockManager: BlockManagerId(driver, spark-master, 34863, None)
[2026-04-14T03:14:31.228+0000] {subprocess.py:106} INFO - 26/04/14 03:14:27 INFO AsyncEventQueue: Process of event SparkListenerExecutorMetricsUpdate(driver,ArraySeq(),HashMap((-1,-1) -> org.apache.spark.executor.ExecutorMetrics@3491070d)) bylistener AppStatusListener took 1953.356062ms.
[2026-04-14T03:14:31.239+0000] {job.py:229} INFO - Heartbeat recovered after 24.53 seconds
[2026-04-14T03:14:53.532+0000] {job.py:229} INFO - Heartbeat recovered after 22.27 seconds
[2026-04-14T03:15:55.172+0000] {job.py:239} ERROR - Job heartbeat failed with error
Traceback (most recent call last):
  File "/home/airflow/airflow/venv/lib/python3.12/site-packages/sqlalchemy/engine/base.py", line 3371, in _wrap_pool_connect
    return fn()
           ^^^^
  File "/home/airflow/airflow/venv/lib/python3.12/site-packages/sqlalchemy/pool/base.py", line 327, in connect
    return _ConnectionFairy._checkout(self)
           ^^^^^^^^^^^^^^^^^^^^^^^^^^^^^^^^
  File "/home/airflow/airflow/venv/lib/python3.12/site-packages/sqlalchemy/pool/base.py", line 894, in _checkout
    fairy = _ConnectionRecord.checkout(pool)
            ^^^^^^^^^^^^^^^^^^^^^^^^^^^^^^^^
  File "/home/airflow/airflow/venv/lib/python3.12/site-packages/sqlalchemy/pool/base.py", line 493, in checkout
    rec = pool._do_get()
          ^^^^^^^^^^^^^^
  File "/home/airflow/airflow/venv/lib/python3.12/site-packages/sqlalchemy/pool/impl.py", line 256, in _do_get
    return self._create_connection()
           ^^^^^^^^^^^^^^^^^^^^^^^^^
  File "/home/airflow/airflow/venv/lib/python3.12/site-packages/sqlalchemy/pool/base.py", line 273, in _create_connection
    return _ConnectionRecord(self)
           ^^^^^^^^^^^^^^^^^^^^^^^
  File "/home/airflow/airflow/venv/lib/python3.12/site-packages/sqlalchemy/pool/base.py", line 388, in __init__
    self.__connect()
  File "/home/airflow/airflow/venv/lib/python3.12/site-packages/sqlalchemy/pool/base.py", line 690, in __connect
    with util.safe_reraise():
         ^^^^^^^^^^^^^^^^^^^
  File "/home/airflow/airflow/venv/lib/python3.12/site-packages/sqlalchemy/util/langhelpers.py", line 70, in __exit__
    compat.raise_(
  File "/home/airflow/airflow/venv/lib/python3.12/site-packages/sqlalchemy/util/compat.py", line 211, in raise_
    raise exception
  File "/home/airflow/airflow/venv/lib/python3.12/site-packages/sqlalchemy/pool/base.py", line 686, in __connect
    self.dbapi_connection = connection = pool._invoke_creator(self)
                                         ^^^^^^^^^^^^^^^^^^^^^^^^^^
  File "/home/airflow/airflow/venv/lib/python3.12/site-packages/sqlalchemy/engine/create.py", line 574, in connect
    return dialect.connect(*cargs, **cparams)
           ^^^^^^^^^^^^^^^^^^^^^^^^^^^^^^^^^^
  File "/home/airflow/airflow/venv/lib/python3.12/site-packages/sqlalchemy/engine/default.py", line 598, in connect
    return self.dbapi.connect(*cargs, **cparams)
           ^^^^^^^^^^^^^^^^^^^^^^^^^^^^^^^^^^^^^
  File "/home/airflow/airflow/venv/lib/python3.12/site-packages/psycopg2/__init__.py", line 122, in connect
    conn = _connect(dsn, connection_factory=connection_factory, **kwasync)
           ^^^^^^^^^^^^^^^^^^^^^^^^^^^^^^^^^^^^^^^^^^^^^^^^^^^^^^^^^^^^^^^
psycopg2.OperationalError: could not translate host name "***" to address: Temporary failure in name resolution


The above exception was the direct cause of the following exception:

Traceback (most recent call last):
  File "/home/airflow/airflow/venv/lib/python3.12/site-packages/airflow/jobs/job.py", line 207, in heartbeat
    self._merge_from(Job._fetch_from_db(self, session))
                     ^^^^^^^^^^^^^^^^^^^^^^^^^^^^^^^^^
  File "/home/airflow/airflow/venv/lib/python3.12/site-packages/airflow/api_internal/internal_api_call.py", line 166, in wrapper
    return func(*args, **kwargs)
           ^^^^^^^^^^^^^^^^^^^^^
  File "/home/airflow/airflow/venv/lib/python3.12/site-packages/airflow/utils/session.py", line 94, in wrapper
    return func(*args, **kwargs)
           ^^^^^^^^^^^^^^^^^^^^^
  File "/home/airflow/airflow/venv/lib/python3.12/site-packages/airflow/utils/retries.py", line 93, in wrapped_function
    for attempt in run_with_db_retries(max_retries=retries, logger=logger, **retry_kwargs):
                   ^^^^^^^^^^^^^^^^^^^^^^^^^^^^^^^^^^^^^^^^^^^^^^^^^^^^^^^^^^^^^^^^^^^^^^^
  File "/home/airflow/airflow/venv/lib/python3.12/site-packages/tenacity/__init__.py", line 438, in __iter__
    do = self.iter(retry_state=retry_state)
         ^^^^^^^^^^^^^^^^^^^^^^^^^^^^^^^^^^
  File "/home/airflow/airflow/venv/lib/python3.12/site-packages/tenacity/__init__.py", line 371, in iter
    result = action(retry_state)
             ^^^^^^^^^^^^^^^^^^^
  File "/home/airflow/airflow/venv/lib/python3.12/site-packages/tenacity/__init__.py", line 413, in exc_check
    raise retry_exc.reraise()
          ^^^^^^^^^^^^^^^^^^^
  File "/home/airflow/airflow/venv/lib/python3.12/site-packages/tenacity/__init__.py", line 184, in reraise
    raise self.last_attempt.result()
          ^^^^^^^^^^^^^^^^^^^^^^^^^^
  File "/usr/local/lib/python3.12/concurrent/futures/_base.py", line 449, in result
    return self.__get_result()
           ^^^^^^^^^^^^^^^^^^^
  File "/usr/local/lib/python3.12/concurrent/futures/_base.py", line 401, in __get_result
    raise self._exception
  File "/home/airflow/airflow/venv/lib/python3.12/site-packages/airflow/utils/retries.py", line 102, in wrapped_function
    return func(*args, **kwargs)
           ^^^^^^^^^^^^^^^^^^^^^
  File "/home/airflow/airflow/venv/lib/python3.12/site-packages/airflow/jobs/job.py", line 335, in _fetch_from_db
    session.merge(job)
  File "/home/airflow/airflow/venv/lib/python3.12/site-packages/sqlalchemy/orm/session.py", line 3056, in merge
    return self._merge(
           ^^^^^^^^^^^^
  File "/home/airflow/airflow/venv/lib/python3.12/site-packages/sqlalchemy/orm/session.py", line 3136, in _merge
    merged = self.get(
             ^^^^^^^^^
  File "/home/airflow/airflow/venv/lib/python3.12/site-packages/sqlalchemy/orm/session.py", line 2853, in get
    return self._get_impl(
           ^^^^^^^^^^^^^^^
  File "/home/airflow/airflow/venv/lib/python3.12/site-packages/sqlalchemy/orm/session.py", line 2975, in _get_impl
    return db_load_fn(
           ^^^^^^^^^^^
  File "/home/airflow/airflow/venv/lib/python3.12/site-packages/sqlalchemy/orm/loading.py", line 530, in load_on_pk_identity
    session.execute(
  File "/home/airflow/airflow/venv/lib/python3.12/site-packages/sqlalchemy/orm/session.py", line 1716, in execute
    conn = self._connection_for_bind(bind)
           ^^^^^^^^^^^^^^^^^^^^^^^^^^^^^^^
  File "/home/airflow/airflow/venv/lib/python3.12/site-packages/sqlalchemy/orm/session.py", line 1555, in _connection_for_bind
    return self._transaction._connection_for_bind(
           ^^^^^^^^^^^^^^^^^^^^^^^^^^^^^^^^^^^^^^^
  File "/home/airflow/airflow/venv/lib/python3.12/site-packages/sqlalchemy/orm/session.py", line 750, in _connection_for_bind
    conn = bind.connect()
           ^^^^^^^^^^^^^^
  File "/home/airflow/airflow/venv/lib/python3.12/site-packages/sqlalchemy/future/engine.py", line 412, in connect
    return super(Engine, self).connect()
           ^^^^^^^^^^^^^^^^^^^^^^^^^^^^^
  File "/home/airflow/airflow/venv/lib/python3.12/site-packages/sqlalchemy/engine/base.py", line 3325, in connect
    return self._connection_cls(self, close_with_result=close_with_result)
           ^^^^^^^^^^^^^^^^^^^^^^^^^^^^^^^^^^^^^^^^^^^^^^^^^^^^^^^^^^^^^^^
  File "/home/airflow/airflow/venv/lib/python3.12/site-packages/sqlalchemy/engine/base.py", line 96, in __init__
    else engine.raw_connection()
         ^^^^^^^^^^^^^^^^^^^^^^^
  File "/home/airflow/airflow/venv/lib/python3.12/site-packages/sqlalchemy/engine/base.py", line 3404, in raw_connection
    return self._wrap_pool_connect(self.pool.connect, _connection)
           ^^^^^^^^^^^^^^^^^^^^^^^^^^^^^^^^^^^^^^^^^^^^^^^^^^^^^^^
  File "/home/airflow/airflow/venv/lib/python3.12/site-packages/sqlalchemy/engine/base.py", line 3374, in _wrap_pool_connect
    Connection._handle_dbapi_exception_noconnection(
  File "/home/airflow/airflow/venv/lib/python3.12/site-packages/sqlalchemy/engine/base.py", line 2208, in _handle_dbapi_exception_noconnection
    util.raise_(
  File "/home/airflow/airflow/venv/lib/python3.12/site-packages/sqlalchemy/util/compat.py", line 211, in raise_
    raise exception
  File "/home/airflow/airflow/venv/lib/python3.12/site-packages/sqlalchemy/engine/base.py", line 3371, in _wrap_pool_connect
    return fn()
           ^^^^
  File "/home/airflow/airflow/venv/lib/python3.12/site-packages/sqlalchemy/pool/base.py", line 327, in connect
    return _ConnectionFairy._checkout(self)
           ^^^^^^^^^^^^^^^^^^^^^^^^^^^^^^^^
  File "/home/airflow/airflow/venv/lib/python3.12/site-packages/sqlalchemy/pool/base.py", line 894, in _checkout
    fairy = _ConnectionRecord.checkout(pool)
            ^^^^^^^^^^^^^^^^^^^^^^^^^^^^^^^^
  File "/home/airflow/airflow/venv/lib/python3.12/site-packages/sqlalchemy/pool/base.py", line 493, in checkout
    rec = pool._do_get()
          ^^^^^^^^^^^^^^
  File "/home/airflow/airflow/venv/lib/python3.12/site-packages/sqlalchemy/pool/impl.py", line 256, in _do_get
    return self._create_connection()
           ^^^^^^^^^^^^^^^^^^^^^^^^^
  File "/home/airflow/airflow/venv/lib/python3.12/site-packages/sqlalchemy/pool/base.py", line 273, in _create_connection
    return _ConnectionRecord(self)
           ^^^^^^^^^^^^^^^^^^^^^^^
  File "/home/airflow/airflow/venv/lib/python3.12/site-packages/sqlalchemy/pool/base.py", line 388, in __init__
    self.__connect()
  File "/home/airflow/airflow/venv/lib/python3.12/site-packages/sqlalchemy/pool/base.py", line 690, in __connect
    with util.safe_reraise():
         ^^^^^^^^^^^^^^^^^^^
  File "/home/airflow/airflow/venv/lib/python3.12/site-packages/sqlalchemy/util/langhelpers.py", line 70, in __exit__
    compat.raise_(
  File "/home/airflow/airflow/venv/lib/python3.12/site-packages/sqlalchemy/util/compat.py", line 211, in raise_
    raise exception
  File "/home/airflow/airflow/venv/lib/python3.12/site-packages/sqlalchemy/pool/base.py", line 686, in __connect
    self.dbapi_connection = connection = pool._invoke_creator(self)
                                         ^^^^^^^^^^^^^^^^^^^^^^^^^^
  File "/home/airflow/airflow/venv/lib/python3.12/site-packages/sqlalchemy/engine/create.py", line 574, in connect
    return dialect.connect(*cargs, **cparams)
           ^^^^^^^^^^^^^^^^^^^^^^^^^^^^^^^^^^
  File "/home/airflow/airflow/venv/lib/python3.12/site-packages/sqlalchemy/engine/default.py", line 598, in connect
    return self.dbapi.connect(*cargs, **cparams)
           ^^^^^^^^^^^^^^^^^^^^^^^^^^^^^^^^^^^^^
  File "/home/airflow/airflow/venv/lib/python3.12/site-packages/psycopg2/__init__.py", line 122, in connect
    conn = _connect(dsn, connection_factory=connection_factory, **kwasync)
           ^^^^^^^^^^^^^^^^^^^^^^^^^^^^^^^^^^^^^^^^^^^^^^^^^^^^^^^^^^^^^^^
sqlalchemy.exc.OperationalError: (psycopg2.OperationalError) could not translate host name "***" to address: Temporary failure in name resolution

(Background on this error at: https://sqlalche.me/e/14/e3q8)
[2026-04-14T03:16:25.416+0000] {job.py:254} ERROR - Job heartbeat failed with error. Scheduler is in unhealthy state
[2026-04-14T03:16:26.259+0000] {subprocess.py:106} INFO - 26/04/14 03:16:25 INFO AsyncEventQueue: Process of event SparkListenerExecutorMetricsUpdate(driver,ArraySeq(),HashMap()) bylistener AppStatusListener took 11885.972453ms.
[2026-04-14T03:16:37.829+0000] {job.py:229} INFO - Heartbeat recovered after 81.90 seconds
[2026-04-14T03:16:47.571+0000] {subprocess.py:106} INFO - Đọc dữ liệu Gold từ iceberg.air_quality_ml.air_quality_gold
[2026-04-14T03:16:48.219+0000] {subprocess.py:106} INFO - 26/04/14 03:16:48 INFO SharedState: spark.sql.warehouse.dir is not set, but hive.metastore.warehouse.dir is set. Setting spark.sql.warehouse.dir to the value of hive.metastore.warehouse.dir.
[2026-04-14T03:17:21.326+0000] {job.py:239} ERROR - Job heartbeat failed with error
Traceback (most recent call last):
  File "/home/airflow/airflow/venv/lib/python3.12/site-packages/sqlalchemy/engine/base.py", line 3371, in _wrap_pool_connect
    return fn()
           ^^^^
  File "/home/airflow/airflow/venv/lib/python3.12/site-packages/sqlalchemy/pool/base.py", line 327, in connect
    return _ConnectionFairy._checkout(self)
           ^^^^^^^^^^^^^^^^^^^^^^^^^^^^^^^^
  File "/home/airflow/airflow/venv/lib/python3.12/site-packages/sqlalchemy/pool/base.py", line 894, in _checkout
    fairy = _ConnectionRecord.checkout(pool)
            ^^^^^^^^^^^^^^^^^^^^^^^^^^^^^^^^
  File "/home/airflow/airflow/venv/lib/python3.12/site-packages/sqlalchemy/pool/base.py", line 493, in checkout
    rec = pool._do_get()
          ^^^^^^^^^^^^^^
  File "/home/airflow/airflow/venv/lib/python3.12/site-packages/sqlalchemy/pool/impl.py", line 256, in _do_get
    return self._create_connection()
           ^^^^^^^^^^^^^^^^^^^^^^^^^
  File "/home/airflow/airflow/venv/lib/python3.12/site-packages/sqlalchemy/pool/base.py", line 273, in _create_connection
    return _ConnectionRecord(self)
           ^^^^^^^^^^^^^^^^^^^^^^^
  File "/home/airflow/airflow/venv/lib/python3.12/site-packages/sqlalchemy/pool/base.py", line 388, in __init__
    self.__connect()
  File "/home/airflow/airflow/venv/lib/python3.12/site-packages/sqlalchemy/pool/base.py", line 690, in __connect
    with util.safe_reraise():
         ^^^^^^^^^^^^^^^^^^^
  File "/home/airflow/airflow/venv/lib/python3.12/site-packages/sqlalchemy/util/langhelpers.py", line 70, in __exit__
    compat.raise_(
  File "/home/airflow/airflow/venv/lib/python3.12/site-packages/sqlalchemy/util/compat.py", line 211, in raise_
    raise exception
  File "/home/airflow/airflow/venv/lib/python3.12/site-packages/sqlalchemy/pool/base.py", line 686, in __connect
    self.dbapi_connection = connection = pool._invoke_creator(self)
                                         ^^^^^^^^^^^^^^^^^^^^^^^^^^
  File "/home/airflow/airflow/venv/lib/python3.12/site-packages/sqlalchemy/engine/create.py", line 574, in connect
    return dialect.connect(*cargs, **cparams)
           ^^^^^^^^^^^^^^^^^^^^^^^^^^^^^^^^^^
  File "/home/airflow/airflow/venv/lib/python3.12/site-packages/sqlalchemy/engine/default.py", line 598, in connect
    return self.dbapi.connect(*cargs, **cparams)
           ^^^^^^^^^^^^^^^^^^^^^^^^^^^^^^^^^^^^^
  File "/home/airflow/airflow/venv/lib/python3.12/site-packages/psycopg2/__init__.py", line 122, in connect
    conn = _connect(dsn, connection_factory=connection_factory, **kwasync)
           ^^^^^^^^^^^^^^^^^^^^^^^^^^^^^^^^^^^^^^^^^^^^^^^^^^^^^^^^^^^^^^^
psycopg2.OperationalError: could not translate host name "***" to address: Temporary failure in name resolution


The above exception was the direct cause of the following exception:

Traceback (most recent call last):
  File "/home/airflow/airflow/venv/lib/python3.12/site-packages/airflow/jobs/job.py", line 207, in heartbeat
    self._merge_from(Job._fetch_from_db(self, session))
                     ^^^^^^^^^^^^^^^^^^^^^^^^^^^^^^^^^
  File "/home/airflow/airflow/venv/lib/python3.12/site-packages/airflow/api_internal/internal_api_call.py", line 166, in wrapper
    return func(*args, **kwargs)
           ^^^^^^^^^^^^^^^^^^^^^
  File "/home/airflow/airflow/venv/lib/python3.12/site-packages/airflow/utils/session.py", line 94, in wrapper
    return func(*args, **kwargs)
           ^^^^^^^^^^^^^^^^^^^^^
  File "/home/airflow/airflow/venv/lib/python3.12/site-packages/airflow/utils/retries.py", line 93, in wrapped_function
    for attempt in run_with_db_retries(max_retries=retries, logger=logger, **retry_kwargs):
                   ^^^^^^^^^^^^^^^^^^^^^^^^^^^^^^^^^^^^^^^^^^^^^^^^^^^^^^^^^^^^^^^^^^^^^^^
  File "/home/airflow/airflow/venv/lib/python3.12/site-packages/tenacity/__init__.py", line 438, in __iter__
    do = self.iter(retry_state=retry_state)
         ^^^^^^^^^^^^^^^^^^^^^^^^^^^^^^^^^^
  File "/home/airflow/airflow/venv/lib/python3.12/site-packages/tenacity/__init__.py", line 371, in iter
    result = action(retry_state)
             ^^^^^^^^^^^^^^^^^^^
  File "/home/airflow/airflow/venv/lib/python3.12/site-packages/tenacity/__init__.py", line 413, in exc_check
    raise retry_exc.reraise()
          ^^^^^^^^^^^^^^^^^^^
  File "/home/airflow/airflow/venv/lib/python3.12/site-packages/tenacity/__init__.py", line 184, in reraise
    raise self.last_attempt.result()
          ^^^^^^^^^^^^^^^^^^^^^^^^^^
  File "/usr/local/lib/python3.12/concurrent/futures/_base.py", line 449, in result
    return self.__get_result()
           ^^^^^^^^^^^^^^^^^^^
  File "/usr/local/lib/python3.12/concurrent/futures/_base.py", line 401, in __get_result
    raise self._exception
  File "/home/airflow/airflow/venv/lib/python3.12/site-packages/airflow/utils/retries.py", line 102, in wrapped_function
    return func(*args, **kwargs)
           ^^^^^^^^^^^^^^^^^^^^^
  File "/home/airflow/airflow/venv/lib/python3.12/site-packages/airflow/jobs/job.py", line 335, in _fetch_from_db
    session.merge(job)
  File "/home/airflow/airflow/venv/lib/python3.12/site-packages/sqlalchemy/orm/session.py", line 3056, in merge
    return self._merge(
           ^^^^^^^^^^^^
  File "/home/airflow/airflow/venv/lib/python3.12/site-packages/sqlalchemy/orm/session.py", line 3136, in _merge
    merged = self.get(
             ^^^^^^^^^
  File "/home/airflow/airflow/venv/lib/python3.12/site-packages/sqlalchemy/orm/session.py", line 2853, in get
    return self._get_impl(
           ^^^^^^^^^^^^^^^
  File "/home/airflow/airflow/venv/lib/python3.12/site-packages/sqlalchemy/orm/session.py", line 2975, in _get_impl
    return db_load_fn(
           ^^^^^^^^^^^
  File "/home/airflow/airflow/venv/lib/python3.12/site-packages/sqlalchemy/orm/loading.py", line 530, in load_on_pk_identity
    session.execute(
  File "/home/airflow/airflow/venv/lib/python3.12/site-packages/sqlalchemy/orm/session.py", line 1716, in execute
    conn = self._connection_for_bind(bind)
           ^^^^^^^^^^^^^^^^^^^^^^^^^^^^^^^
  File "/home/airflow/airflow/venv/lib/python3.12/site-packages/sqlalchemy/orm/session.py", line 1555, in _connection_for_bind
    return self._transaction._connection_for_bind(
           ^^^^^^^^^^^^^^^^^^^^^^^^^^^^^^^^^^^^^^^
  File "/home/airflow/airflow/venv/lib/python3.12/site-packages/sqlalchemy/orm/session.py", line 750, in _connection_for_bind
    conn = bind.connect()
           ^^^^^^^^^^^^^^
  File "/home/airflow/airflow/venv/lib/python3.12/site-packages/sqlalchemy/future/engine.py", line 412, in connect
    return super(Engine, self).connect()
           ^^^^^^^^^^^^^^^^^^^^^^^^^^^^^
  File "/home/airflow/airflow/venv/lib/python3.12/site-packages/sqlalchemy/engine/base.py", line 3325, in connect
    return self._connection_cls(self, close_with_result=close_with_result)
           ^^^^^^^^^^^^^^^^^^^^^^^^^^^^^^^^^^^^^^^^^^^^^^^^^^^^^^^^^^^^^^^
  File "/home/airflow/airflow/venv/lib/python3.12/site-packages/sqlalchemy/engine/base.py", line 96, in __init__
    else engine.raw_connection()
         ^^^^^^^^^^^^^^^^^^^^^^^
  File "/home/airflow/airflow/venv/lib/python3.12/site-packages/sqlalchemy/engine/base.py", line 3404, in raw_connection
    return self._wrap_pool_connect(self.pool.connect, _connection)
           ^^^^^^^^^^^^^^^^^^^^^^^^^^^^^^^^^^^^^^^^^^^^^^^^^^^^^^^
  File "/home/airflow/airflow/venv/lib/python3.12/site-packages/sqlalchemy/engine/base.py", line 3374, in _wrap_pool_connect
    Connection._handle_dbapi_exception_noconnection(
  File "/home/airflow/airflow/venv/lib/python3.12/site-packages/sqlalchemy/engine/base.py", line 2208, in _handle_dbapi_exception_noconnection
    util.raise_(
  File "/home/airflow/airflow/venv/lib/python3.12/site-packages/sqlalchemy/util/compat.py", line 211, in raise_
    raise exception
  File "/home/airflow/airflow/venv/lib/python3.12/site-packages/sqlalchemy/engine/base.py", line 3371, in _wrap_pool_connect
    return fn()
           ^^^^
  File "/home/airflow/airflow/venv/lib/python3.12/site-packages/sqlalchemy/pool/base.py", line 327, in connect
    return _ConnectionFairy._checkout(self)
           ^^^^^^^^^^^^^^^^^^^^^^^^^^^^^^^^
  File "/home/airflow/airflow/venv/lib/python3.12/site-packages/sqlalchemy/pool/base.py", line 894, in _checkout
    fairy = _ConnectionRecord.checkout(pool)
            ^^^^^^^^^^^^^^^^^^^^^^^^^^^^^^^^
  File "/home/airflow/airflow/venv/lib/python3.12/site-packages/sqlalchemy/pool/base.py", line 493, in checkout
    rec = pool._do_get()
          ^^^^^^^^^^^^^^
  File "/home/airflow/airflow/venv/lib/python3.12/site-packages/sqlalchemy/pool/impl.py", line 256, in _do_get
    return self._create_connection()
           ^^^^^^^^^^^^^^^^^^^^^^^^^
  File "/home/airflow/airflow/venv/lib/python3.12/site-packages/sqlalchemy/pool/base.py", line 273, in _create_connection
    return _ConnectionRecord(self)
           ^^^^^^^^^^^^^^^^^^^^^^^
  File "/home/airflow/airflow/venv/lib/python3.12/site-packages/sqlalchemy/pool/base.py", line 388, in __init__
    self.__connect()
  File "/home/airflow/airflow/venv/lib/python3.12/site-packages/sqlalchemy/pool/base.py", line 690, in __connect
    with util.safe_reraise():
         ^^^^^^^^^^^^^^^^^^^
  File "/home/airflow/airflow/venv/lib/python3.12/site-packages/sqlalchemy/util/langhelpers.py", line 70, in __exit__
    compat.raise_(
  File "/home/airflow/airflow/venv/lib/python3.12/site-packages/sqlalchemy/util/compat.py", line 211, in raise_
    raise exception
  File "/home/airflow/airflow/venv/lib/python3.12/site-packages/sqlalchemy/pool/base.py", line 686, in __connect
    self.dbapi_connection = connection = pool._invoke_creator(self)
                                         ^^^^^^^^^^^^^^^^^^^^^^^^^^
  File "/home/airflow/airflow/venv/lib/python3.12/site-packages/sqlalchemy/engine/create.py", line 574, in connect
    return dialect.connect(*cargs, **cparams)
           ^^^^^^^^^^^^^^^^^^^^^^^^^^^^^^^^^^
  File "/home/airflow/airflow/venv/lib/python3.12/site-packages/sqlalchemy/engine/default.py", line 598, in connect
    return self.dbapi.connect(*cargs, **cparams)
           ^^^^^^^^^^^^^^^^^^^^^^^^^^^^^^^^^^^^^
  File "/home/airflow/airflow/venv/lib/python3.12/site-packages/psycopg2/__init__.py", line 122, in connect
    conn = _connect(dsn, connection_factory=connection_factory, **kwasync)
           ^^^^^^^^^^^^^^^^^^^^^^^^^^^^^^^^^^^^^^^^^^^^^^^^^^^^^^^^^^^^^^^
sqlalchemy.exc.OperationalError: (psycopg2.OperationalError) could not translate host name "***" to address: Temporary failure in name resolution

(Background on this error at: https://sqlalche.me/e/14/e3q8)
[2026-04-14T03:17:24.553+0000] {job.py:254} ERROR - Job heartbeat failed with error. Scheduler is in unhealthy state
[2026-04-14T03:17:35.768+0000] {subprocess.py:106} INFO - 26/04/14 03:17:01 WARN FileSystem: Failed to initialize filesystem hdfs://23133083thuyvan-master:9000/user/hive/lakehouse: java.lang.IllegalArgumentException: java.net.UnknownHostException: 23133083thuyvan-master
[2026-04-14T03:17:35.775+0000] {subprocess.py:106} INFO - 26/04/14 03:17:11 WARN SharedState: Cannot qualify the warehouse path, leaving it unqualified.
[2026-04-14T03:17:35.777+0000] {subprocess.py:106} INFO - java.lang.IllegalArgumentException: java.net.UnknownHostException: 23133083thuyvan-master
[2026-04-14T03:17:35.782+0000] {subprocess.py:106} INFO - 	at org.apache.hadoop.security.SecurityUtil.buildTokenService(SecurityUtil.java:479)
[2026-04-14T03:17:35.785+0000] {subprocess.py:106} INFO - 	at org.apache.hadoop.hdfs.NameNodeProxiesClient.createProxyWithClientProtocol(NameNodeProxiesClient.java:134)
[2026-04-14T03:17:35.787+0000] {subprocess.py:106} INFO - 	at org.apache.hadoop.hdfs.DFSClient.<init>(DFSClient.java:370)
[2026-04-14T03:17:35.788+0000] {subprocess.py:106} INFO - 	at org.apache.hadoop.hdfs.DFSClient.<init>(DFSClient.java:309)
[2026-04-14T03:17:35.790+0000] {subprocess.py:106} INFO - 	at org.apache.hadoop.hdfs.DistributedFileSystem.initDFSClient(DistributedFileSystem.java:203)
[2026-04-14T03:17:35.793+0000] {subprocess.py:106} INFO - 	at org.apache.hadoop.hdfs.DistributedFileSystem.initialize(DistributedFileSystem.java:188)
[2026-04-14T03:17:35.797+0000] {subprocess.py:106} INFO - 	at org.apache.hadoop.fs.FileSystem.createFileSystem(FileSystem.java:3615)
[2026-04-14T03:17:35.801+0000] {subprocess.py:106} INFO - 	at org.apache.hadoop.fs.FileSystem.access$300(FileSystem.java:172)
[2026-04-14T03:17:35.807+0000] {subprocess.py:106} INFO - 	at org.apache.hadoop.fs.FileSystem$Cache.getInternal(FileSystem.java:3716)
[2026-04-14T03:17:35.811+0000] {subprocess.py:106} INFO - 	at org.apache.hadoop.fs.FileSystem$Cache.get(FileSystem.java:3667)
[2026-04-14T03:17:35.814+0000] {subprocess.py:106} INFO - 	at org.apache.hadoop.fs.FileSystem.get(FileSystem.java:557)
[2026-04-14T03:17:35.826+0000] {subprocess.py:106} INFO - 	at org.apache.hadoop.fs.Path.getFileSystem(Path.java:366)
[2026-04-14T03:17:35.828+0000] {subprocess.py:106} INFO - 	at org.apache.spark.sql.internal.SharedState$.qualifyWarehousePath(SharedState.scala:294)
[2026-04-14T03:17:35.829+0000] {subprocess.py:106} INFO - 	at org.apache.spark.sql.internal.SharedState.liftedTree1$1(SharedState.scala:81)
[2026-04-14T03:17:35.850+0000] {subprocess.py:106} INFO - 	at org.apache.spark.sql.internal.SharedState.<init>(SharedState.scala:80)
[2026-04-14T03:17:35.896+0000] {subprocess.py:106} INFO - 	at org.apache.spark.sql.classic.SparkSession.$anonfun$sharedState$1(SparkSession.scala:175)
[2026-04-14T03:17:35.933+0000] {subprocess.py:106} INFO - 	at scala.Option.getOrElse(Option.scala:201)
[2026-04-14T03:17:35.963+0000] {subprocess.py:106} INFO - 	at org.apache.spark.sql.classic.SparkSession.sharedState$lzycompute(SparkSession.scala:175)
[2026-04-14T03:17:35.972+0000] {subprocess.py:106} INFO - 	at org.apache.spark.sql.classic.SparkSession.sharedState(SparkSession.scala:174)
[2026-04-14T03:17:36.011+0000] {subprocess.py:106} INFO - 	at org.apache.spark.sql.classic.SparkSession.$anonfun$sessionState$2(SparkSession.scala:186)
[2026-04-14T03:17:36.033+0000] {subprocess.py:106} INFO - 	at scala.Option.getOrElse(Option.scala:201)
[2026-04-14T03:17:36.041+0000] {subprocess.py:106} INFO - 	at org.apache.spark.sql.classic.SparkSession.sessionState$lzycompute(SparkSession.scala:184)
[2026-04-14T03:17:36.046+0000] {subprocess.py:106} INFO - 	at org.apache.spark.sql.classic.SparkSession.sessionState(SparkSession.scala:181)
[2026-04-14T03:17:36.056+0000] {subprocess.py:106} INFO - 	at org.apache.spark.sql.classic.DataFrameReader.<init>(DataFrameReader.scala:61)
[2026-04-14T03:17:36.074+0000] {subprocess.py:106} INFO - 	at org.apache.spark.sql.classic.SparkSession.read(SparkSession.scala:639)
[2026-04-14T03:17:36.086+0000] {subprocess.py:106} INFO - 	at java.base/jdk.internal.reflect.NativeMethodAccessorImpl.invoke0(Native Method)
[2026-04-14T03:17:36.096+0000] {subprocess.py:106} INFO - 	at java.base/jdk.internal.reflect.NativeMethodAccessorImpl.invoke(NativeMethodAccessorImpl.java:75)
[2026-04-14T03:17:36.194+0000] {subprocess.py:106} INFO - 	at java.base/jdk.internal.reflect.DelegatingMethodAccessorImpl.invoke(DelegatingMethodAccessorImpl.java:52)
[2026-04-14T03:17:36.209+0000] {subprocess.py:106} INFO - 	at java.base/java.lang.reflect.Method.invoke(Method.java:580)
[2026-04-14T03:17:36.211+0000] {subprocess.py:106} INFO - 	at py4j.reflection.MethodInvoker.invoke(MethodInvoker.java:244)
[2026-04-14T03:17:36.238+0000] {subprocess.py:106} INFO - 	at py4j.reflection.ReflectionEngine.invoke(ReflectionEngine.java:374)
[2026-04-14T03:17:36.275+0000] {subprocess.py:106} INFO - 	at py4j.Gateway.invoke(Gateway.java:282)
[2026-04-14T03:17:36.286+0000] {subprocess.py:106} INFO - 	at py4j.commands.AbstractCommand.invokeMethod(AbstractCommand.java:132)
[2026-04-14T03:17:36.310+0000] {subprocess.py:106} INFO - 	at py4j.commands.CallCommand.execute(CallCommand.java:79)
[2026-04-14T03:17:36.319+0000] {subprocess.py:106} INFO - 	at py4j.ClientServerConnection.waitForCommands(ClientServerConnection.java:184)
[2026-04-14T03:17:36.324+0000] {subprocess.py:106} INFO - 	at py4j.ClientServerConnection.run(ClientServerConnection.java:108)
[2026-04-14T03:17:36.388+0000] {subprocess.py:106} INFO - 	at java.base/java.lang.Thread.run(Thread.java:1583)
[2026-04-14T03:17:36.396+0000] {job.py:229} INFO - Heartbeat recovered after 52.46 seconds
[2026-04-14T03:17:36.421+0000] {subprocess.py:106} INFO - Caused by: java.net.UnknownHostException: 23133083thuyvan-master
[2026-04-14T03:17:36.432+0000] {subprocess.py:106} INFO - 	... 37 more
[2026-04-14T03:17:36.453+0000] {subprocess.py:106} INFO - 26/04/14 03:17:25 INFO AsyncEventQueue: Process of event SparkListenerExecutorMetricsUpdate(driver,ArraySeq(),HashMap()) bylistener SQLAppStatusListener took 4067.899822ms.
[2026-04-14T03:17:36.481+0000] {subprocess.py:106} INFO - 26/04/14 03:17:32 INFO AsyncEventQueue: Process of event SparkListenerExecutorMetricsUpdate(driver,ArraySeq(),HashMap((-1,-1) -> org.apache.spark.executor.ExecutorMetrics@456aa87d)) bylistener AppStatusListener took 4786.198647ms.
[2026-04-14T03:17:54.240+0000] {subprocess.py:106} INFO - 26/04/14 03:17:54 INFO CatalogUtil: Loading custom FileIO implementation: org.apache.iceberg.hadoop.HadoopFileIO
[2026-04-14T03:17:56.543+0000] {subprocess.py:106} INFO - 26/04/14 03:17:55 INFO HiveConf: Found configuration file file:/home/spark/spark/conf/hive-site.xml
[2026-04-14T03:17:58.048+0000] {subprocess.py:106} INFO - 26/04/14 03:17:57 INFO metastore: Trying to connect to metastore with URI thrift://23133083thuyvan-master:9083
[2026-04-14T03:17:59.035+0000] {subprocess.py:106} INFO - 26/04/14 03:17:58 WARN metastore: Failed to connect to the MetaStore Server...
[2026-04-14T03:17:59.046+0000] {subprocess.py:106} INFO - 26/04/14 03:17:58 INFO metastore: Waiting 1 seconds before next connection attempt.
[2026-04-14T03:17:59.807+0000] {subprocess.py:106} INFO - 26/04/14 03:17:59 INFO metastore: Trying to connect to metastore with URI thrift://23133083thuyvan-master:9083
[2026-04-14T03:17:59.811+0000] {subprocess.py:106} INFO - 26/04/14 03:17:59 WARN metastore: Failed to connect to the MetaStore Server...
[2026-04-14T03:17:59.829+0000] {subprocess.py:106} INFO - 26/04/14 03:17:59 INFO metastore: Waiting 1 seconds before next connection attempt.
[2026-04-14T03:18:00.809+0000] {subprocess.py:106} INFO - 26/04/14 03:18:00 INFO metastore: Trying to connect to metastore with URI thrift://23133083thuyvan-master:9083
[2026-04-14T03:18:00.820+0000] {subprocess.py:106} INFO - 26/04/14 03:18:00 WARN metastore: Failed to connect to the MetaStore Server...
[2026-04-14T03:18:00.822+0000] {subprocess.py:106} INFO - 26/04/14 03:18:00 INFO metastore: Waiting 1 seconds before next connection attempt.
[2026-04-14T03:18:15.295+0000] {job.py:229} INFO - Heartbeat recovered after 16.06 seconds
[2026-04-14T03:18:15.431+0000] {subprocess.py:106} INFO - Traceback (most recent call last):
[2026-04-14T03:18:15.439+0000] {subprocess.py:106} INFO -   File "/home/spark/spark/spark_jobs/predict.py", line 17, in <module>
[2026-04-14T03:18:15.441+0000] {subprocess.py:106} INFO -     .load("iceberg.air_quality_ml.air_quality_gold")
[2026-04-14T03:18:15.445+0000] {subprocess.py:106} INFO -   File "/home/spark/spark/python/lib/pyspark.zip/pyspark/sql/readwriter.py", line 311, in load
[2026-04-14T03:18:15.466+0000] {subprocess.py:106} INFO -   File "/home/spark/spark/python/lib/py4j-0.10.9.9-src.zip/py4j/java_gateway.py", line 1362, in __call__
[2026-04-14T03:18:15.498+0000] {subprocess.py:106} INFO -   File "/home/spark/spark/python/lib/pyspark.zip/pyspark/errors/exceptions/captured.py", line 282, in deco
[2026-04-14T03:18:15.502+0000] {subprocess.py:106} INFO -   File "/home/spark/spark/python/lib/py4j-0.10.9.9-src.zip/py4j/protocol.py", line 327, in get_return_value
[2026-04-14T03:18:15.499+0000] {subprocess.py:106} INFO - py4j.protocol.Py4JJavaError: An error occurred while calling o53.load.
[2026-04-14T03:18:15.511+0000] {subprocess.py:106} INFO - : org.apache.iceberg.hive.RuntimeMetaException: Failed to connect to Hive Metastore
[2026-04-14T03:18:15.519+0000] {subprocess.py:106} INFO - 	at org.apache.iceberg.hive.HiveClientPool.newClient(HiveClientPool.java:85)
[2026-04-14T03:18:15.521+0000] {subprocess.py:106} INFO - 	at org.apache.iceberg.hive.HiveClientPool.newClient(HiveClientPool.java:34)
[2026-04-14T03:18:15.540+0000] {subprocess.py:106} INFO - 	at org.apache.iceberg.ClientPoolImpl.get(ClientPoolImpl.java:143)
[2026-04-14T03:18:15.542+0000] {subprocess.py:106} INFO - 	at org.apache.iceberg.ClientPoolImpl.run(ClientPoolImpl.java:70)
[2026-04-14T03:18:15.558+0000] {subprocess.py:106} INFO - 	at org.apache.iceberg.ClientPoolImpl.run(ClientPoolImpl.java:65)
[2026-04-14T03:18:15.562+0000] {subprocess.py:106} INFO - 	at org.apache.iceberg.hive.CachedClientPool.run(CachedClientPool.java:122)
[2026-04-14T03:18:15.564+0000] {subprocess.py:106} INFO - 	at org.apache.iceberg.hive.HiveTableOperations.doRefresh(HiveTableOperations.java:107)
[2026-04-14T03:18:15.567+0000] {subprocess.py:106} INFO - 	at org.apache.iceberg.BaseMetastoreTableOperations.refresh(BaseMetastoreTableOperations.java:88)
[2026-04-14T03:18:15.572+0000] {subprocess.py:106} INFO - 	at org.apache.iceberg.BaseMetastoreTableOperations.current(BaseMetastoreTableOperations.java:71)
[2026-04-14T03:18:15.581+0000] {subprocess.py:106} INFO - 	at org.apache.iceberg.BaseMetastoreCatalog.loadTable(BaseMetastoreCatalog.java:49)
[2026-04-14T03:18:15.592+0000] {subprocess.py:106} INFO - 	at org.apache.iceberg.shaded.com.github.benmanes.caffeine.cache.BoundedLocalCache.lambda$doComputeIfAbsent$14(BoundedLocalCache.java:2406)
[2026-04-14T03:18:15.598+0000] {subprocess.py:106} INFO - 	at java.base/java.util.concurrent.ConcurrentHashMap.compute(ConcurrentHashMap.java:1916)
[2026-04-14T03:18:15.599+0000] {subprocess.py:106} INFO - 	at org.apache.iceberg.shaded.com.github.benmanes.caffeine.cache.BoundedLocalCache.doComputeIfAbsent(BoundedLocalCache.java:2404)
[2026-04-14T03:18:15.606+0000] {subprocess.py:106} INFO - 	at org.apache.iceberg.shaded.com.github.benmanes.caffeine.cache.BoundedLocalCache.computeIfAbsent(BoundedLocalCache.java:2387)
[2026-04-14T03:18:15.612+0000] {subprocess.py:106} INFO - 	at org.apache.iceberg.shaded.com.github.benmanes.caffeine.cache.LocalCache.computeIfAbsent(LocalCache.java:108)
[2026-04-14T03:18:15.615+0000] {subprocess.py:106} INFO - 	at org.apache.iceberg.shaded.com.github.benmanes.caffeine.cache.LocalManualCache.get(LocalManualCache.java:62)
[2026-04-14T03:18:15.622+0000] {subprocess.py:106} INFO - 	at org.apache.iceberg.CachingCatalog.loadTable(CachingCatalog.java:147)
[2026-04-14T03:18:15.624+0000] {subprocess.py:106} INFO - 	at org.apache.iceberg.spark.SparkCatalog.load(SparkCatalog.java:846)
[2026-04-14T03:18:15.625+0000] {subprocess.py:106} INFO - 	at org.apache.iceberg.spark.SparkCatalog.loadTable(SparkCatalog.java:171)
[2026-04-14T03:18:15.626+0000] {subprocess.py:106} INFO - 	at org.apache.spark.sql.connector.catalog.CatalogV2Util$.getTable(CatalogV2Util.scala:438)
[2026-04-14T03:18:15.627+0000] {subprocess.py:106} INFO - 	at org.apache.spark.sql.execution.datasources.v2.DataSourceV2Utils$.loadV2Source(DataSourceV2Utils.scala:144)
[2026-04-14T03:18:15.629+0000] {subprocess.py:106} INFO - 	at org.apache.spark.sql.catalyst.analysis.ResolveDataSource$$anonfun$apply$1.$anonfun$applyOrElse$1(ResolveDataSource.scala:60)
[2026-04-14T03:18:15.631+0000] {subprocess.py:106} INFO - 	at scala.Option.flatMap(Option.scala:283)
[2026-04-14T03:18:15.632+0000] {subprocess.py:106} INFO - 	at org.apache.spark.sql.catalyst.analysis.ResolveDataSource$$anonfun$apply$1.applyOrElse(ResolveDataSource.scala:58)
[2026-04-14T03:18:15.633+0000] {subprocess.py:106} INFO - 	at org.apache.spark.sql.catalyst.analysis.ResolveDataSource$$anonfun$apply$1.applyOrElse(ResolveDataSource.scala:45)
[2026-04-14T03:18:15.641+0000] {subprocess.py:106} INFO - 	at org.apache.spark.sql.catalyst.plans.logical.AnalysisHelper.$anonfun$resolveOperatorsUpWithPruning$3(AnalysisHelper.scala:139)
[2026-04-14T03:18:15.646+0000] {subprocess.py:106} INFO - 	at org.apache.spark.sql.catalyst.trees.CurrentOrigin$.withOrigin(origin.scala:86)
[2026-04-14T03:18:15.648+0000] {subprocess.py:106} INFO - 	at org.apache.spark.sql.catalyst.plans.logical.AnalysisHelper.$anonfun$resolveOperatorsUpWithPruning$1(AnalysisHelper.scala:139)
[2026-04-14T03:18:15.650+0000] {subprocess.py:106} INFO - 	at org.apache.spark.sql.catalyst.plans.logical.AnalysisHelper$.allowInvokingTransformsInAnalyzer(AnalysisHelper.scala:416)
[2026-04-14T03:18:15.653+0000] {subprocess.py:106} INFO - 	at org.apache.spark.sql.catalyst.plans.logical.AnalysisHelper.resolveOperatorsUpWithPruning(AnalysisHelper.scala:135)
[2026-04-14T03:18:15.664+0000] {subprocess.py:106} INFO - 	at org.apache.spark.sql.catalyst.plans.logical.AnalysisHelper.resolveOperatorsUpWithPruning$(AnalysisHelper.scala:131)
[2026-04-14T03:18:15.669+0000] {subprocess.py:106} INFO - 	at org.apache.spark.sql.catalyst.plans.logical.LogicalPlan.resolveOperatorsUpWithPruning(LogicalPlan.scala:37)
[2026-04-14T03:18:15.676+0000] {subprocess.py:106} INFO - 	at org.apache.spark.sql.catalyst.plans.logical.AnalysisHelper.resolveOperatorsUp(AnalysisHelper.scala:112)
[2026-04-14T03:18:15.678+0000] {subprocess.py:106} INFO - 	at org.apache.spark.sql.catalyst.plans.logical.AnalysisHelper.resolveOperatorsUp$(AnalysisHelper.scala:111)
[2026-04-14T03:18:15.680+0000] {subprocess.py:106} INFO - 	at org.apache.spark.sql.catalyst.plans.logical.LogicalPlan.resolveOperatorsUp(LogicalPlan.scala:37)
[2026-04-14T03:18:15.683+0000] {subprocess.py:106} INFO - 	at org.apache.spark.sql.catalyst.analysis.ResolveDataSource.apply(ResolveDataSource.scala:45)
[2026-04-14T03:18:15.697+0000] {subprocess.py:106} INFO - 	at org.apache.spark.sql.catalyst.analysis.ResolveDataSource.apply(ResolveDataSource.scala:43)
[2026-04-14T03:18:15.699+0000] {subprocess.py:106} INFO - 	at org.apache.spark.sql.catalyst.rules.RuleExecutor.$anonfun$execute$2(RuleExecutor.scala:242)
[2026-04-14T03:18:15.707+0000] {subprocess.py:106} INFO - 	at scala.collection.LinearSeqOps.foldLeft(LinearSeq.scala:183)
[2026-04-14T03:18:15.712+0000] {subprocess.py:106} INFO - 	at scala.collection.LinearSeqOps.foldLeft$(LinearSeq.scala:179)
[2026-04-14T03:18:15.717+0000] {subprocess.py:106} INFO - 	at scala.collection.immutable.List.foldLeft(List.scala:79)
[2026-04-14T03:18:15.721+0000] {subprocess.py:106} INFO - 	at org.apache.spark.sql.catalyst.rules.RuleExecutor.$anonfun$execute$1(RuleExecutor.scala:239)
[2026-04-14T03:18:15.725+0000] {subprocess.py:106} INFO - 	at org.apache.spark.sql.catalyst.rules.RuleExecutor.$anonfun$execute$1$adapted(RuleExecutor.scala:231)
[2026-04-14T03:18:15.729+0000] {subprocess.py:106} INFO - 	at scala.collection.immutable.List.foreach(List.scala:334)
[2026-04-14T03:18:15.732+0000] {subprocess.py:106} INFO - 	at org.apache.spark.sql.catalyst.rules.RuleExecutor.execute(RuleExecutor.scala:231)
[2026-04-14T03:18:15.735+0000] {subprocess.py:106} INFO - 	at org.apache.spark.sql.catalyst.analysis.Analyzer.org$apache$spark$sql$catalyst$analysis$Analyzer$$executeSameContext(Analyzer.scala:340)
[2026-04-14T03:18:15.740+0000] {subprocess.py:106} INFO - 	at org.apache.spark.sql.catalyst.analysis.Analyzer.$anonfun$execute$1(Analyzer.scala:336)
[2026-04-14T03:18:15.745+0000] {subprocess.py:106} INFO - 	at org.apache.spark.sql.catalyst.analysis.AnalysisContext$.withNewAnalysisContext(Analyzer.scala:234)
[2026-04-14T03:18:15.747+0000] {subprocess.py:106} INFO - 	at org.apache.spark.sql.catalyst.analysis.Analyzer.execute(Analyzer.scala:336)
[2026-04-14T03:18:15.749+0000] {subprocess.py:106} INFO - 	at org.apache.spark.sql.catalyst.analysis.Analyzer.execute(Analyzer.scala:299)
[2026-04-14T03:18:15.754+0000] {subprocess.py:106} INFO - 	at org.apache.spark.sql.catalyst.rules.RuleExecutor.$anonfun$executeAndTrack$1(RuleExecutor.scala:201)
[2026-04-14T03:18:15.760+0000] {subprocess.py:106} INFO - 	at org.apache.spark.sql.catalyst.QueryPlanningTracker$.withTracker(QueryPlanningTracker.scala:89)
[2026-04-14T03:18:15.762+0000] {subprocess.py:106} INFO - 	at org.apache.spark.sql.catalyst.rules.RuleExecutor.executeAndTrack(RuleExecutor.scala:201)
[2026-04-14T03:18:15.772+0000] {subprocess.py:106} INFO - 	at org.apache.spark.sql.catalyst.analysis.resolver.HybridAnalyzer.resolveInFixedPoint(HybridAnalyzer.scala:190)
[2026-04-14T03:18:15.774+0000] {subprocess.py:106} INFO - 	at org.apache.spark.sql.catalyst.analysis.resolver.HybridAnalyzer.$anonfun$apply$1(HybridAnalyzer.scala:76)
[2026-04-14T03:18:15.777+0000] {subprocess.py:106} INFO - 	at org.apache.spark.sql.catalyst.analysis.resolver.HybridAnalyzer.withTrackedAnalyzerBridgeState(HybridAnalyzer.scala:111)
[2026-04-14T03:18:15.783+0000] {subprocess.py:106} INFO - 	at org.apache.spark.sql.catalyst.analysis.resolver.HybridAnalyzer.apply(HybridAnalyzer.scala:71)
[2026-04-14T03:18:15.786+0000] {subprocess.py:106} INFO - 	at org.apache.spark.sql.catalyst.analysis.Analyzer.$anonfun$executeAndCheck$1(Analyzer.scala:330)
[2026-04-14T03:18:15.788+0000] {subprocess.py:106} INFO - 	at org.apache.spark.sql.catalyst.plans.logical.AnalysisHelper$.markInAnalyzer(AnalysisHelper.scala:423)
[2026-04-14T03:18:15.789+0000] {subprocess.py:106} INFO - 	at org.apache.spark.sql.catalyst.analysis.Analyzer.executeAndCheck(Analyzer.scala:330)
[2026-04-14T03:18:15.791+0000] {subprocess.py:106} INFO - 	at org.apache.spark.sql.execution.QueryExecution.$anonfun$lazyAnalyzed$2(QueryExecution.scala:110)
[2026-04-14T03:18:15.792+0000] {subprocess.py:106} INFO - 	at org.apache.spark.sql.catalyst.QueryPlanningTracker.measurePhase(QueryPlanningTracker.scala:148)
[2026-04-14T03:18:15.795+0000] {subprocess.py:106} INFO - 	at org.apache.spark.sql.execution.QueryExecution.$anonfun$executePhase$2(QueryExecution.scala:278)
[2026-04-14T03:18:15.797+0000] {subprocess.py:106} INFO - 	at org.apache.spark.sql.execution.QueryExecution$.withInternalError(QueryExecution.scala:654)
[2026-04-14T03:18:15.799+0000] {subprocess.py:106} INFO - 	at org.apache.spark.sql.execution.QueryExecution.$anonfun$executePhase$1(QueryExecution.scala:278)
[2026-04-14T03:18:15.801+0000] {subprocess.py:106} INFO - 	at org.apache.spark.sql.SparkSession.withActive(SparkSession.scala:804)
[2026-04-14T03:18:15.802+0000] {subprocess.py:106} INFO - 	at org.apache.spark.sql.execution.QueryExecution.executePhase(QueryExecution.scala:277)
[2026-04-14T03:18:15.803+0000] {subprocess.py:106} INFO - 	at org.apache.spark.sql.execution.QueryExecution.$anonfun$lazyAnalyzed$1(QueryExecution.scala:110)
[2026-04-14T03:18:15.804+0000] {subprocess.py:106} INFO - 	at scala.util.Try$.apply(Try.scala:217)
[2026-04-14T03:18:15.806+0000] {subprocess.py:106} INFO - 	at org.apache.spark.util.Utils$.doTryWithCallerStacktrace(Utils.scala:1378)
[2026-04-14T03:18:15.808+0000] {subprocess.py:106} INFO - 	at org.apache.spark.util.Utils$.getTryWithCallerStacktrace(Utils.scala:1439)
[2026-04-14T03:18:15.809+0000] {subprocess.py:106} INFO - 	at org.apache.spark.util.LazyTry.get(LazyTry.scala:58)
[2026-04-14T03:18:15.810+0000] {subprocess.py:106} INFO - 	at org.apache.spark.sql.execution.QueryExecution.analyzed(QueryExecution.scala:121)
[2026-04-14T03:18:15.811+0000] {subprocess.py:106} INFO - 	at org.apache.spark.sql.execution.QueryExecution.assertAnalyzed(QueryExecution.scala:80)
[2026-04-14T03:18:15.812+0000] {subprocess.py:106} INFO - 	at org.apache.spark.sql.classic.Dataset$.$anonfun$ofRows$1(Dataset.scala:115)
[2026-04-14T03:18:15.813+0000] {subprocess.py:106} INFO - 	at org.apache.spark.sql.SparkSession.withActive(SparkSession.scala:804)
[2026-04-14T03:18:15.818+0000] {subprocess.py:106} INFO - 	at org.apache.spark.sql.classic.Dataset$.ofRows(Dataset.scala:113)
[2026-04-14T03:18:15.820+0000] {subprocess.py:106} INFO - 	at org.apache.spark.sql.classic.DataFrameReader.load(DataFrameReader.scala:109)
[2026-04-14T03:18:15.821+0000] {subprocess.py:106} INFO - 	at org.apache.spark.sql.classic.DataFrameReader.load(DataFrameReader.scala:100)
[2026-04-14T03:18:15.822+0000] {subprocess.py:106} INFO - 	at org.apache.spark.sql.classic.DataFrameReader.load(DataFrameReader.scala:58)
[2026-04-14T03:18:15.824+0000] {subprocess.py:106} INFO - 	at java.base/jdk.internal.reflect.NativeMethodAccessorImpl.invoke0(Native Method)
[2026-04-14T03:18:15.825+0000] {subprocess.py:106} INFO - 	at java.base/jdk.internal.reflect.NativeMethodAccessorImpl.invoke(NativeMethodAccessorImpl.java:75)
[2026-04-14T03:18:15.833+0000] {subprocess.py:106} INFO - 	at java.base/jdk.internal.reflect.DelegatingMethodAccessorImpl.invoke(DelegatingMethodAccessorImpl.java:52)
[2026-04-14T03:18:15.834+0000] {subprocess.py:106} INFO - 	at java.base/java.lang.reflect.Method.invoke(Method.java:580)
[2026-04-14T03:18:15.837+0000] {subprocess.py:106} INFO - 	at py4j.reflection.MethodInvoker.invoke(MethodInvoker.java:244)
[2026-04-14T03:18:15.839+0000] {subprocess.py:106} INFO - 	at py4j.reflection.ReflectionEngine.invoke(ReflectionEngine.java:374)
[2026-04-14T03:18:15.841+0000] {subprocess.py:106} INFO - 	at py4j.Gateway.invoke(Gateway.java:282)
[2026-04-14T03:18:15.842+0000] {subprocess.py:106} INFO - 	at py4j.commands.AbstractCommand.invokeMethod(AbstractCommand.java:132)
[2026-04-14T03:18:15.843+0000] {subprocess.py:106} INFO - 	at py4j.commands.CallCommand.execute(CallCommand.java:79)
[2026-04-14T03:18:15.844+0000] {subprocess.py:106} INFO - 	at py4j.ClientServerConnection.waitForCommands(ClientServerConnection.java:184)
[2026-04-14T03:18:15.845+0000] {subprocess.py:106} INFO - 	at py4j.ClientServerConnection.run(ClientServerConnection.java:108)
[2026-04-14T03:18:15.846+0000] {subprocess.py:106} INFO - 	at java.base/java.lang.Thread.run(Thread.java:1583)
[2026-04-14T03:18:15.847+0000] {subprocess.py:106} INFO - 	Suppressed: org.apache.spark.util.Utils$OriginalTryStackTraceException: Full stacktrace of original doTryWithCallerStacktrace caller
[2026-04-14T03:18:15.848+0000] {subprocess.py:106} INFO - 		at org.apache.iceberg.hive.HiveClientPool.newClient(HiveClientPool.java:85)
[2026-04-14T03:18:15.848+0000] {subprocess.py:106} INFO - 		at org.apache.iceberg.hive.HiveClientPool.newClient(HiveClientPool.java:34)
[2026-04-14T03:18:15.849+0000] {subprocess.py:106} INFO - 		at org.apache.iceberg.ClientPoolImpl.get(ClientPoolImpl.java:143)
[2026-04-14T03:18:15.850+0000] {subprocess.py:106} INFO - 		at org.apache.iceberg.ClientPoolImpl.run(ClientPoolImpl.java:70)
[2026-04-14T03:18:15.851+0000] {subprocess.py:106} INFO - 		at org.apache.iceberg.ClientPoolImpl.run(ClientPoolImpl.java:65)
[2026-04-14T03:18:15.852+0000] {subprocess.py:106} INFO - 		at org.apache.iceberg.hive.CachedClientPool.run(CachedClientPool.java:122)
[2026-04-14T03:18:15.853+0000] {subprocess.py:106} INFO - 		at org.apache.iceberg.hive.HiveTableOperations.doRefresh(HiveTableOperations.java:107)
[2026-04-14T03:18:15.854+0000] {subprocess.py:106} INFO - 		at org.apache.iceberg.BaseMetastoreTableOperations.refresh(BaseMetastoreTableOperations.java:88)
[2026-04-14T03:18:15.855+0000] {subprocess.py:106} INFO - 		at org.apache.iceberg.BaseMetastoreTableOperations.current(BaseMetastoreTableOperations.java:71)
[2026-04-14T03:18:15.857+0000] {subprocess.py:106} INFO - 		at org.apache.iceberg.BaseMetastoreCatalog.loadTable(BaseMetastoreCatalog.java:49)
[2026-04-14T03:18:15.858+0000] {subprocess.py:106} INFO - 		at org.apache.iceberg.shaded.com.github.benmanes.caffeine.cache.BoundedLocalCache.lambda$doComputeIfAbsent$14(BoundedLocalCache.java:2406)
[2026-04-14T03:18:15.859+0000] {subprocess.py:106} INFO - 		at java.base/java.util.concurrent.ConcurrentHashMap.compute(ConcurrentHashMap.java:1916)
[2026-04-14T03:18:15.860+0000] {subprocess.py:106} INFO - 		at org.apache.iceberg.shaded.com.github.benmanes.caffeine.cache.BoundedLocalCache.doComputeIfAbsent(BoundedLocalCache.java:2404)
[2026-04-14T03:18:15.862+0000] {subprocess.py:106} INFO - 		at org.apache.iceberg.shaded.com.github.benmanes.caffeine.cache.BoundedLocalCache.computeIfAbsent(BoundedLocalCache.java:2387)
[2026-04-14T03:18:15.863+0000] {subprocess.py:106} INFO - 		at org.apache.iceberg.shaded.com.github.benmanes.caffeine.cache.LocalCache.computeIfAbsent(LocalCache.java:108)
[2026-04-14T03:18:15.864+0000] {subprocess.py:106} INFO - 		at org.apache.iceberg.shaded.com.github.benmanes.caffeine.cache.LocalManualCache.get(LocalManualCache.java:62)
[2026-04-14T03:18:15.865+0000] {subprocess.py:106} INFO - 		at org.apache.iceberg.CachingCatalog.loadTable(CachingCatalog.java:147)
[2026-04-14T03:18:15.866+0000] {subprocess.py:106} INFO - 		at org.apache.iceberg.spark.SparkCatalog.load(SparkCatalog.java:846)
[2026-04-14T03:18:15.866+0000] {subprocess.py:106} INFO - 		at org.apache.iceberg.spark.SparkCatalog.loadTable(SparkCatalog.java:171)
[2026-04-14T03:18:15.867+0000] {subprocess.py:106} INFO - 		at org.apache.spark.sql.connector.catalog.CatalogV2Util$.getTable(CatalogV2Util.scala:438)
[2026-04-14T03:18:15.868+0000] {subprocess.py:106} INFO - 		at org.apache.spark.sql.execution.datasources.v2.DataSourceV2Utils$.loadV2Source(DataSourceV2Utils.scala:144)
[2026-04-14T03:18:15.870+0000] {subprocess.py:106} INFO - 		at org.apache.spark.sql.catalyst.analysis.ResolveDataSource$$anonfun$apply$1.$anonfun$applyOrElse$1(ResolveDataSource.scala:60)
[2026-04-14T03:18:15.871+0000] {subprocess.py:106} INFO - 		at scala.Option.flatMap(Option.scala:283)
[2026-04-14T03:18:15.872+0000] {subprocess.py:106} INFO - 		at org.apache.spark.sql.catalyst.analysis.ResolveDataSource$$anonfun$apply$1.applyOrElse(ResolveDataSource.scala:58)
[2026-04-14T03:18:15.873+0000] {subprocess.py:106} INFO - 		at org.apache.spark.sql.catalyst.analysis.ResolveDataSource$$anonfun$apply$1.applyOrElse(ResolveDataSource.scala:45)
[2026-04-14T03:18:15.875+0000] {subprocess.py:106} INFO - 		at org.apache.spark.sql.catalyst.plans.logical.AnalysisHelper.$anonfun$resolveOperatorsUpWithPruning$3(AnalysisHelper.scala:139)
[2026-04-14T03:18:15.876+0000] {subprocess.py:106} INFO - 		at org.apache.spark.sql.catalyst.trees.CurrentOrigin$.withOrigin(origin.scala:86)
[2026-04-14T03:18:15.877+0000] {subprocess.py:106} INFO - 		at org.apache.spark.sql.catalyst.plans.logical.AnalysisHelper.$anonfun$resolveOperatorsUpWithPruning$1(AnalysisHelper.scala:139)
[2026-04-14T03:18:15.878+0000] {subprocess.py:106} INFO - 		at org.apache.spark.sql.catalyst.plans.logical.AnalysisHelper$.allowInvokingTransformsInAnalyzer(AnalysisHelper.scala:416)
[2026-04-14T03:18:15.879+0000] {subprocess.py:106} INFO - 		at org.apache.spark.sql.catalyst.plans.logical.AnalysisHelper.resolveOperatorsUpWithPruning(AnalysisHelper.scala:135)
[2026-04-14T03:18:15.880+0000] {subprocess.py:106} INFO - 		at org.apache.spark.sql.catalyst.plans.logical.AnalysisHelper.resolveOperatorsUpWithPruning$(AnalysisHelper.scala:131)
[2026-04-14T03:18:15.881+0000] {subprocess.py:106} INFO - 		at org.apache.spark.sql.catalyst.plans.logical.LogicalPlan.resolveOperatorsUpWithPruning(LogicalPlan.scala:37)
[2026-04-14T03:18:15.883+0000] {subprocess.py:106} INFO - 		at org.apache.spark.sql.catalyst.plans.logical.AnalysisHelper.resolveOperatorsUp(AnalysisHelper.scala:112)
[2026-04-14T03:18:15.884+0000] {subprocess.py:106} INFO - 		at org.apache.spark.sql.catalyst.plans.logical.AnalysisHelper.resolveOperatorsUp$(AnalysisHelper.scala:111)
[2026-04-14T03:18:15.885+0000] {subprocess.py:106} INFO - 		at org.apache.spark.sql.catalyst.plans.logical.LogicalPlan.resolveOperatorsUp(LogicalPlan.scala:37)
[2026-04-14T03:18:15.888+0000] {subprocess.py:106} INFO - 		at org.apache.spark.sql.catalyst.analysis.ResolveDataSource.apply(ResolveDataSource.scala:45)
[2026-04-14T03:18:15.889+0000] {subprocess.py:106} INFO - 		at org.apache.spark.sql.catalyst.analysis.ResolveDataSource.apply(ResolveDataSource.scala:43)
[2026-04-14T03:18:15.890+0000] {subprocess.py:106} INFO - 		at org.apache.spark.sql.catalyst.rules.RuleExecutor.$anonfun$execute$2(RuleExecutor.scala:242)
[2026-04-14T03:18:15.891+0000] {subprocess.py:106} INFO - 		at scala.collection.LinearSeqOps.foldLeft(LinearSeq.scala:183)
[2026-04-14T03:18:15.892+0000] {subprocess.py:106} INFO - 		at scala.collection.LinearSeqOps.foldLeft$(LinearSeq.scala:179)
[2026-04-14T03:18:15.893+0000] {subprocess.py:106} INFO - 		at scala.collection.immutable.List.foldLeft(List.scala:79)
[2026-04-14T03:18:15.893+0000] {subprocess.py:106} INFO - 		at org.apache.spark.sql.catalyst.rules.RuleExecutor.$anonfun$execute$1(RuleExecutor.scala:239)
[2026-04-14T03:18:15.894+0000] {subprocess.py:106} INFO - 		at org.apache.spark.sql.catalyst.rules.RuleExecutor.$anonfun$execute$1$adapted(RuleExecutor.scala:231)
[2026-04-14T03:18:15.896+0000] {subprocess.py:106} INFO - 		at scala.collection.immutable.List.foreach(List.scala:334)
[2026-04-14T03:18:15.897+0000] {subprocess.py:106} INFO - 		at org.apache.spark.sql.catalyst.rules.RuleExecutor.execute(RuleExecutor.scala:231)
[2026-04-14T03:18:15.898+0000] {subprocess.py:106} INFO - 		at org.apache.spark.sql.catalyst.analysis.Analyzer.org$apache$spark$sql$catalyst$analysis$Analyzer$$executeSameContext(Analyzer.scala:340)
[2026-04-14T03:18:15.899+0000] {subprocess.py:106} INFO - 		at org.apache.spark.sql.catalyst.analysis.Analyzer.$anonfun$execute$1(Analyzer.scala:336)
[2026-04-14T03:18:15.899+0000] {subprocess.py:106} INFO - 		at org.apache.spark.sql.catalyst.analysis.AnalysisContext$.withNewAnalysisContext(Analyzer.scala:234)
[2026-04-14T03:18:15.900+0000] {subprocess.py:106} INFO - 		at org.apache.spark.sql.catalyst.analysis.Analyzer.execute(Analyzer.scala:336)
[2026-04-14T03:18:15.901+0000] {subprocess.py:106} INFO - 		at org.apache.spark.sql.catalyst.analysis.Analyzer.execute(Analyzer.scala:299)
[2026-04-14T03:18:15.902+0000] {subprocess.py:106} INFO - 		at org.apache.spark.sql.catalyst.rules.RuleExecutor.$anonfun$executeAndTrack$1(RuleExecutor.scala:201)
[2026-04-14T03:18:15.903+0000] {subprocess.py:106} INFO - 		at org.apache.spark.sql.catalyst.QueryPlanningTracker$.withTracker(QueryPlanningTracker.scala:89)
[2026-04-14T03:18:15.904+0000] {subprocess.py:106} INFO - 		at org.apache.spark.sql.catalyst.rules.RuleExecutor.executeAndTrack(RuleExecutor.scala:201)
[2026-04-14T03:18:15.906+0000] {subprocess.py:106} INFO - 		at org.apache.spark.sql.catalyst.analysis.resolver.HybridAnalyzer.resolveInFixedPoint(HybridAnalyzer.scala:190)
[2026-04-14T03:18:15.908+0000] {subprocess.py:106} INFO - 		at org.apache.spark.sql.catalyst.analysis.resolver.HybridAnalyzer.$anonfun$apply$1(HybridAnalyzer.scala:76)
[2026-04-14T03:18:15.912+0000] {subprocess.py:106} INFO - 		at org.apache.spark.sql.catalyst.analysis.resolver.HybridAnalyzer.withTrackedAnalyzerBridgeState(HybridAnalyzer.scala:111)
[2026-04-14T03:18:15.913+0000] {subprocess.py:106} INFO - 		at org.apache.spark.sql.catalyst.analysis.resolver.HybridAnalyzer.apply(HybridAnalyzer.scala:71)
[2026-04-14T03:18:15.914+0000] {subprocess.py:106} INFO - 		at org.apache.spark.sql.catalyst.analysis.Analyzer.$anonfun$executeAndCheck$1(Analyzer.scala:330)
[2026-04-14T03:18:15.915+0000] {subprocess.py:106} INFO - 		at org.apache.spark.sql.catalyst.plans.logical.AnalysisHelper$.markInAnalyzer(AnalysisHelper.scala:423)
[2026-04-14T03:18:15.916+0000] {subprocess.py:106} INFO - 		at org.apache.spark.sql.catalyst.analysis.Analyzer.executeAndCheck(Analyzer.scala:330)
[2026-04-14T03:18:15.921+0000] {subprocess.py:106} INFO - 		at org.apache.spark.sql.execution.QueryExecution.$anonfun$lazyAnalyzed$2(QueryExecution.scala:110)
[2026-04-14T03:18:15.923+0000] {subprocess.py:106} INFO - 		at org.apache.spark.sql.catalyst.QueryPlanningTracker.measurePhase(QueryPlanningTracker.scala:148)
[2026-04-14T03:18:15.924+0000] {subprocess.py:106} INFO - 		at org.apache.spark.sql.execution.QueryExecution.$anonfun$executePhase$2(QueryExecution.scala:278)
[2026-04-14T03:18:15.925+0000] {subprocess.py:106} INFO - 		at org.apache.spark.sql.execution.QueryExecution$.withInternalError(QueryExecution.scala:654)
[2026-04-14T03:18:15.926+0000] {subprocess.py:106} INFO - 		at org.apache.spark.sql.execution.QueryExecution.$anonfun$executePhase$1(QueryExecution.scala:278)
[2026-04-14T03:18:15.927+0000] {subprocess.py:106} INFO - 		at org.apache.spark.sql.SparkSession.withActive(SparkSession.scala:804)
[2026-04-14T03:18:15.928+0000] {subprocess.py:106} INFO - 		at org.apache.spark.sql.execution.QueryExecution.executePhase(QueryExecution.scala:277)
[2026-04-14T03:18:15.929+0000] {subprocess.py:106} INFO - 		at org.apache.spark.sql.execution.QueryExecution.$anonfun$lazyAnalyzed$1(QueryExecution.scala:110)
[2026-04-14T03:18:15.930+0000] {subprocess.py:106} INFO - 		at scala.util.Try$.apply(Try.scala:217)
[2026-04-14T03:18:15.934+0000] {subprocess.py:106} INFO - 		at org.apache.spark.util.Utils$.doTryWithCallerStacktrace(Utils.scala:1378)
[2026-04-14T03:18:15.935+0000] {subprocess.py:106} INFO - 		at org.apache.spark.util.LazyTry.tryT$lzycompute(LazyTry.scala:46)
[2026-04-14T03:18:15.939+0000] {subprocess.py:106} INFO - 		at org.apache.spark.util.LazyTry.tryT(LazyTry.scala:46)
[2026-04-14T03:18:15.942+0000] {subprocess.py:106} INFO - 		... 21 more
[2026-04-14T03:18:15.950+0000] {subprocess.py:106} INFO - Caused by: java.lang.RuntimeException: Unable to instantiate org.apache.hadoop.hive.metastore.HiveMetaStoreClient
[2026-04-14T03:18:15.982+0000] {subprocess.py:106} INFO - 	at org.apache.hadoop.hive.metastore.MetaStoreUtils.newInstance(MetaStoreUtils.java:1742)
[2026-04-14T03:18:15.984+0000] {subprocess.py:106} INFO - 	at org.apache.hadoop.hive.metastore.RetryingMetaStoreClient.<init>(RetryingMetaStoreClient.java:83)
[2026-04-14T03:18:15.985+0000] {subprocess.py:106} INFO - 	at org.apache.hadoop.hive.metastore.RetryingMetaStoreClient.getProxy(RetryingMetaStoreClient.java:133)
[2026-04-14T03:18:15.986+0000] {subprocess.py:106} INFO - 	at org.apache.hadoop.hive.metastore.RetryingMetaStoreClient.getProxy(RetryingMetaStoreClient.java:104)
[2026-04-14T03:18:15.988+0000] {subprocess.py:106} INFO - 	at org.apache.hadoop.hive.metastore.RetryingMetaStoreClient.getProxy(RetryingMetaStoreClient.java:97)
[2026-04-14T03:18:15.989+0000] {subprocess.py:106} INFO - 	at java.base/jdk.internal.reflect.NativeMethodAccessorImpl.invoke0(Native Method)
[2026-04-14T03:18:15.991+0000] {subprocess.py:106} INFO - 	at java.base/jdk.internal.reflect.NativeMethodAccessorImpl.invoke(NativeMethodAccessorImpl.java:75)
[2026-04-14T03:18:15.992+0000] {subprocess.py:106} INFO - 	at java.base/jdk.internal.reflect.DelegatingMethodAccessorImpl.invoke(DelegatingMethodAccessorImpl.java:52)
[2026-04-14T03:18:15.993+0000] {subprocess.py:106} INFO - 	at java.base/java.lang.reflect.Method.invoke(Method.java:580)
[2026-04-14T03:18:15.994+0000] {subprocess.py:106} INFO - 	at org.apache.iceberg.common.DynMethods$UnboundMethod.invokeChecked(DynMethods.java:60)
[2026-04-14T03:18:15.995+0000] {subprocess.py:106} INFO - 	at org.apache.iceberg.common.DynMethods$UnboundMethod.invoke(DynMethods.java:72)
[2026-04-14T03:18:15.996+0000] {subprocess.py:106} INFO - 	at org.apache.iceberg.common.DynMethods$StaticMethod.invoke(DynMethods.java:185)
[2026-04-14T03:18:15.998+0000] {subprocess.py:106} INFO - 	at org.apache.iceberg.hive.HiveClientPool.newClient(HiveClientPool.java:63)
[2026-04-14T03:18:15.999+0000] {subprocess.py:106} INFO - 	at org.apache.iceberg.hive.HiveClientPool.newClient(HiveClientPool.java:34)
[2026-04-14T03:18:16.000+0000] {subprocess.py:106} INFO - 	at org.apache.iceberg.ClientPoolImpl.get(ClientPoolImpl.java:143)
[2026-04-14T03:18:16.004+0000] {subprocess.py:106} INFO - 	at org.apache.iceberg.ClientPoolImpl.run(ClientPoolImpl.java:70)
[2026-04-14T03:18:16.005+0000] {subprocess.py:106} INFO - 	at org.apache.iceberg.ClientPoolImpl.run(ClientPoolImpl.java:65)
[2026-04-14T03:18:16.006+0000] {subprocess.py:106} INFO - 	at org.apache.iceberg.hive.CachedClientPool.run(CachedClientPool.java:122)
[2026-04-14T03:18:16.008+0000] {subprocess.py:106} INFO - 	at org.apache.iceberg.hive.HiveTableOperations.doRefresh(HiveTableOperations.java:107)
[2026-04-14T03:18:16.009+0000] {subprocess.py:106} INFO - 	at org.apache.iceberg.BaseMetastoreTableOperations.refresh(BaseMetastoreTableOperations.java:88)
[2026-04-14T03:18:16.010+0000] {subprocess.py:106} INFO - 	at org.apache.iceberg.BaseMetastoreTableOperations.current(BaseMetastoreTableOperations.java:71)
[2026-04-14T03:18:16.011+0000] {subprocess.py:106} INFO - 	at org.apache.iceberg.BaseMetastoreCatalog.loadTable(BaseMetastoreCatalog.java:49)
[2026-04-14T03:18:16.012+0000] {subprocess.py:106} INFO - 	at org.apache.iceberg.shaded.com.github.benmanes.caffeine.cache.BoundedLocalCache.lambda$doComputeIfAbsent$14(BoundedLocalCache.java:2406)
[2026-04-14T03:18:16.013+0000] {subprocess.py:106} INFO - 	at java.base/java.util.concurrent.ConcurrentHashMap.compute(ConcurrentHashMap.java:1916)
[2026-04-14T03:18:16.014+0000] {subprocess.py:106} INFO - 	at org.apache.iceberg.shaded.com.github.benmanes.caffeine.cache.BoundedLocalCache.doComputeIfAbsent(BoundedLocalCache.java:2404)
[2026-04-14T03:18:16.015+0000] {subprocess.py:106} INFO - 	at org.apache.iceberg.shaded.com.github.benmanes.caffeine.cache.BoundedLocalCache.computeIfAbsent(BoundedLocalCache.java:2387)
[2026-04-14T03:18:16.015+0000] {subprocess.py:106} INFO - 	at org.apache.iceberg.shaded.com.github.benmanes.caffeine.cache.LocalCache.computeIfAbsent(LocalCache.java:108)
[2026-04-14T03:18:16.017+0000] {subprocess.py:106} INFO - 	at org.apache.iceberg.shaded.com.github.benmanes.caffeine.cache.LocalManualCache.get(LocalManualCache.java:62)
[2026-04-14T03:18:16.018+0000] {subprocess.py:106} INFO - 	at org.apache.iceberg.CachingCatalog.loadTable(CachingCatalog.java:147)
[2026-04-14T03:18:16.018+0000] {subprocess.py:106} INFO - 	at org.apache.iceberg.spark.SparkCatalog.load(SparkCatalog.java:846)
[2026-04-14T03:18:16.020+0000] {subprocess.py:106} INFO - 	at org.apache.iceberg.spark.SparkCatalog.loadTable(SparkCatalog.java:171)
[2026-04-14T03:18:16.021+0000] {subprocess.py:106} INFO - 	at org.apache.spark.sql.connector.catalog.CatalogV2Util$.getTable(CatalogV2Util.scala:438)
[2026-04-14T03:18:16.022+0000] {subprocess.py:106} INFO - 	at org.apache.spark.sql.execution.datasources.v2.DataSourceV2Utils$.loadV2Source(DataSourceV2Utils.scala:144)
[2026-04-14T03:18:16.023+0000] {subprocess.py:106} INFO - 	at org.apache.spark.sql.catalyst.analysis.ResolveDataSource$$anonfun$apply$1.$anonfun$applyOrElse$1(ResolveDataSource.scala:60)
[2026-04-14T03:18:16.024+0000] {subprocess.py:106} INFO - 	at scala.Option.flatMap(Option.scala:283)
[2026-04-14T03:18:16.025+0000] {subprocess.py:106} INFO - 	at org.apache.spark.sql.catalyst.analysis.ResolveDataSource$$anonfun$apply$1.applyOrElse(ResolveDataSource.scala:58)
[2026-04-14T03:18:16.026+0000] {subprocess.py:106} INFO - 	at org.apache.spark.sql.catalyst.analysis.ResolveDataSource$$anonfun$apply$1.applyOrElse(ResolveDataSource.scala:45)
[2026-04-14T03:18:16.027+0000] {subprocess.py:106} INFO - 	at org.apache.spark.sql.catalyst.plans.logical.AnalysisHelper.$anonfun$resolveOperatorsUpWithPruning$3(AnalysisHelper.scala:139)
[2026-04-14T03:18:16.027+0000] {subprocess.py:106} INFO - 	at org.apache.spark.sql.catalyst.trees.CurrentOrigin$.withOrigin(origin.scala:86)
[2026-04-14T03:18:16.028+0000] {subprocess.py:106} INFO - 	at org.apache.spark.sql.catalyst.plans.logical.AnalysisHelper.$anonfun$resolveOperatorsUpWithPruning$1(AnalysisHelper.scala:139)
[2026-04-14T03:18:16.029+0000] {subprocess.py:106} INFO - 	at org.apache.spark.sql.catalyst.plans.logical.AnalysisHelper$.allowInvokingTransformsInAnalyzer(AnalysisHelper.scala:416)
[2026-04-14T03:18:16.030+0000] {subprocess.py:106} INFO - 	at org.apache.spark.sql.catalyst.plans.logical.AnalysisHelper.resolveOperatorsUpWithPruning(AnalysisHelper.scala:135)
[2026-04-14T03:18:16.030+0000] {subprocess.py:106} INFO - 	at org.apache.spark.sql.catalyst.plans.logical.AnalysisHelper.resolveOperatorsUpWithPruning$(AnalysisHelper.scala:131)
[2026-04-14T03:18:16.031+0000] {subprocess.py:106} INFO - 	at org.apache.spark.sql.catalyst.plans.logical.LogicalPlan.resolveOperatorsUpWithPruning(LogicalPlan.scala:37)
[2026-04-14T03:18:16.032+0000] {subprocess.py:106} INFO - 	at org.apache.spark.sql.catalyst.plans.logical.AnalysisHelper.resolveOperatorsUp(AnalysisHelper.scala:112)
[2026-04-14T03:18:16.033+0000] {subprocess.py:106} INFO - 	at org.apache.spark.sql.catalyst.plans.logical.AnalysisHelper.resolveOperatorsUp$(AnalysisHelper.scala:111)
[2026-04-14T03:18:16.034+0000] {subprocess.py:106} INFO - 	at org.apache.spark.sql.catalyst.plans.logical.LogicalPlan.resolveOperatorsUp(LogicalPlan.scala:37)
[2026-04-14T03:18:16.035+0000] {subprocess.py:106} INFO - 	at org.apache.spark.sql.catalyst.analysis.ResolveDataSource.apply(ResolveDataSource.scala:45)
[2026-04-14T03:18:16.035+0000] {subprocess.py:106} INFO - 	at org.apache.spark.sql.catalyst.analysis.ResolveDataSource.apply(ResolveDataSource.scala:43)
[2026-04-14T03:18:16.036+0000] {subprocess.py:106} INFO - 	at org.apache.spark.sql.catalyst.rules.RuleExecutor.$anonfun$execute$2(RuleExecutor.scala:242)
[2026-04-14T03:18:16.037+0000] {subprocess.py:106} INFO - 	at scala.collection.LinearSeqOps.foldLeft(LinearSeq.scala:183)
[2026-04-14T03:18:16.038+0000] {subprocess.py:106} INFO - 	at scala.collection.LinearSeqOps.foldLeft$(LinearSeq.scala:179)
[2026-04-14T03:18:16.039+0000] {subprocess.py:106} INFO - 	at scala.collection.immutable.List.foldLeft(List.scala:79)
[2026-04-14T03:18:16.040+0000] {subprocess.py:106} INFO - 	at org.apache.spark.sql.catalyst.rules.RuleExecutor.$anonfun$execute$1(RuleExecutor.scala:239)
[2026-04-14T03:18:16.041+0000] {subprocess.py:106} INFO - 	at org.apache.spark.sql.catalyst.rules.RuleExecutor.$anonfun$execute$1$adapted(RuleExecutor.scala:231)
[2026-04-14T03:18:16.042+0000] {subprocess.py:106} INFO - 	at scala.collection.immutable.List.foreach(List.scala:334)
[2026-04-14T03:18:16.042+0000] {subprocess.py:106} INFO - 	at org.apache.spark.sql.catalyst.rules.RuleExecutor.execute(RuleExecutor.scala:231)
[2026-04-14T03:18:16.043+0000] {subprocess.py:106} INFO - 	at org.apache.spark.sql.catalyst.analysis.Analyzer.org$apache$spark$sql$catalyst$analysis$Analyzer$$executeSameContext(Analyzer.scala:340)
[2026-04-14T03:18:16.044+0000] {subprocess.py:106} INFO - 	at org.apache.spark.sql.catalyst.analysis.Analyzer.$anonfun$execute$1(Analyzer.scala:336)
[2026-04-14T03:18:16.045+0000] {subprocess.py:106} INFO - 	at org.apache.spark.sql.catalyst.analysis.AnalysisContext$.withNewAnalysisContext(Analyzer.scala:234)
[2026-04-14T03:18:16.045+0000] {subprocess.py:106} INFO - 	at org.apache.spark.sql.catalyst.analysis.Analyzer.execute(Analyzer.scala:336)
[2026-04-14T03:18:16.046+0000] {subprocess.py:106} INFO - 	at org.apache.spark.sql.catalyst.analysis.Analyzer.execute(Analyzer.scala:299)
[2026-04-14T03:18:16.047+0000] {subprocess.py:106} INFO - 	at org.apache.spark.sql.catalyst.rules.RuleExecutor.$anonfun$executeAndTrack$1(RuleExecutor.scala:201)
[2026-04-14T03:18:16.047+0000] {subprocess.py:106} INFO - 	at org.apache.spark.sql.catalyst.QueryPlanningTracker$.withTracker(QueryPlanningTracker.scala:89)
[2026-04-14T03:18:16.048+0000] {subprocess.py:106} INFO - 	at org.apache.spark.sql.catalyst.rules.RuleExecutor.executeAndTrack(RuleExecutor.scala:201)
[2026-04-14T03:18:16.049+0000] {subprocess.py:106} INFO - 	at org.apache.spark.sql.catalyst.analysis.resolver.HybridAnalyzer.resolveInFixedPoint(HybridAnalyzer.scala:190)
[2026-04-14T03:18:16.050+0000] {subprocess.py:106} INFO - 	at org.apache.spark.sql.catalyst.analysis.resolver.HybridAnalyzer.$anonfun$apply$1(HybridAnalyzer.scala:76)
[2026-04-14T03:18:16.050+0000] {subprocess.py:106} INFO - 	at org.apache.spark.sql.catalyst.analysis.resolver.HybridAnalyzer.withTrackedAnalyzerBridgeState(HybridAnalyzer.scala:111)
[2026-04-14T03:18:16.051+0000] {subprocess.py:106} INFO - 	at org.apache.spark.sql.catalyst.analysis.resolver.HybridAnalyzer.apply(HybridAnalyzer.scala:71)
[2026-04-14T03:18:16.052+0000] {subprocess.py:106} INFO - 	at org.apache.spark.sql.catalyst.analysis.Analyzer.$anonfun$executeAndCheck$1(Analyzer.scala:330)
[2026-04-14T03:18:16.053+0000] {subprocess.py:106} INFO - 	at org.apache.spark.sql.catalyst.plans.logical.AnalysisHelper$.markInAnalyzer(AnalysisHelper.scala:423)
[2026-04-14T03:18:16.054+0000] {subprocess.py:106} INFO - 	at org.apache.spark.sql.catalyst.analysis.Analyzer.executeAndCheck(Analyzer.scala:330)
[2026-04-14T03:18:16.054+0000] {subprocess.py:106} INFO - 	at org.apache.spark.sql.execution.QueryExecution.$anonfun$lazyAnalyzed$2(QueryExecution.scala:110)
[2026-04-14T03:18:16.055+0000] {subprocess.py:106} INFO - 	at org.apache.spark.sql.catalyst.QueryPlanningTracker.measurePhase(QueryPlanningTracker.scala:148)
[2026-04-14T03:18:16.056+0000] {subprocess.py:106} INFO - 	at org.apache.spark.sql.execution.QueryExecution.$anonfun$executePhase$2(QueryExecution.scala:278)
[2026-04-14T03:18:16.057+0000] {subprocess.py:106} INFO - 	at org.apache.spark.sql.execution.QueryExecution$.withInternalError(QueryExecution.scala:654)
[2026-04-14T03:18:16.058+0000] {subprocess.py:106} INFO - 	at org.apache.spark.sql.execution.QueryExecution.$anonfun$executePhase$1(QueryExecution.scala:278)
[2026-04-14T03:18:16.058+0000] {subprocess.py:106} INFO - 	at org.apache.spark.sql.SparkSession.withActive(SparkSession.scala:804)
[2026-04-14T03:18:16.059+0000] {subprocess.py:106} INFO - 	at org.apache.spark.sql.execution.QueryExecution.executePhase(QueryExecution.scala:277)
[2026-04-14T03:18:16.060+0000] {subprocess.py:106} INFO - 	at org.apache.spark.sql.execution.QueryExecution.$anonfun$lazyAnalyzed$1(QueryExecution.scala:110)
[2026-04-14T03:18:16.061+0000] {subprocess.py:106} INFO - 	at scala.util.Try$.apply(Try.scala:217)
[2026-04-14T03:18:16.062+0000] {subprocess.py:106} INFO - 	at org.apache.spark.util.Utils$.doTryWithCallerStacktrace(Utils.scala:1378)
[2026-04-14T03:18:16.063+0000] {subprocess.py:106} INFO - 	at org.apache.spark.util.LazyTry.tryT$lzycompute(LazyTry.scala:46)
[2026-04-14T03:18:16.063+0000] {subprocess.py:106} INFO - 	at org.apache.spark.util.LazyTry.tryT(LazyTry.scala:46)
[2026-04-14T03:18:16.064+0000] {subprocess.py:106} INFO - 	... 21 more
[2026-04-14T03:18:16.066+0000] {subprocess.py:106} INFO - Caused by: java.lang.reflect.InvocationTargetException
[2026-04-14T03:18:16.067+0000] {subprocess.py:106} INFO - 	at java.base/jdk.internal.reflect.NativeConstructorAccessorImpl.newInstance0(Native Method)
[2026-04-14T03:18:16.068+0000] {subprocess.py:106} INFO - 	at java.base/jdk.internal.reflect.NativeConstructorAccessorImpl.newInstance(NativeConstructorAccessorImpl.java:75)
[2026-04-14T03:18:16.068+0000] {subprocess.py:106} INFO - 	at java.base/jdk.internal.reflect.DelegatingConstructorAccessorImpl.newInstance(DelegatingConstructorAccessorImpl.java:53)
[2026-04-14T03:18:16.069+0000] {subprocess.py:106} INFO - 	at java.base/java.lang.reflect.Constructor.newInstanceWithCaller(Constructor.java:502)
[2026-04-14T03:18:16.070+0000] {subprocess.py:106} INFO - 	at java.base/java.lang.reflect.Constructor.newInstance(Constructor.java:486)
[2026-04-14T03:18:16.070+0000] {subprocess.py:106} INFO - 	at org.apache.hadoop.hive.metastore.MetaStoreUtils.newInstance(MetaStoreUtils.java:1740)
[2026-04-14T03:18:16.071+0000] {subprocess.py:106} INFO - 	... 104 more
[2026-04-14T03:18:16.072+0000] {subprocess.py:106} INFO - Caused by: MetaException(message:Could not connect to meta store using any of the URIs provided. Most recent failure: org.apache.thrift.transport.TTransportException: java.net.ConnectException: Connection refused
[2026-04-14T03:18:16.073+0000] {subprocess.py:106} INFO - 	at org.apache.thrift.transport.TSocket.open(TSocket.java:255)
[2026-04-14T03:18:16.074+0000] {subprocess.py:106} INFO - 	at org.apache.hadoop.hive.metastore.HiveMetaStoreClient.open(HiveMetaStoreClient.java:492)
[2026-04-14T03:18:16.075+0000] {subprocess.py:106} INFO - 	at org.apache.hadoop.hive.metastore.HiveMetaStoreClient.<init>(HiveMetaStoreClient.java:246)
[2026-04-14T03:18:16.075+0000] {subprocess.py:106} INFO - 	at java.base/jdk.internal.reflect.NativeConstructorAccessorImpl.newInstance0(Native Method)
[2026-04-14T03:18:16.076+0000] {subprocess.py:106} INFO - 	at java.base/jdk.internal.reflect.NativeConstructorAccessorImpl.newInstance(NativeConstructorAccessorImpl.java:75)
[2026-04-14T03:18:16.076+0000] {subprocess.py:106} INFO - 	at java.base/jdk.internal.reflect.DelegatingConstructorAccessorImpl.newInstance(DelegatingConstructorAccessorImpl.java:53)
[2026-04-14T03:18:16.077+0000] {subprocess.py:106} INFO - 	at java.base/java.lang.reflect.Constructor.newInstanceWithCaller(Constructor.java:502)
[2026-04-14T03:18:16.078+0000] {subprocess.py:106} INFO - 	at java.base/java.lang.reflect.Constructor.newInstance(Constructor.java:486)
[2026-04-14T03:18:16.078+0000] {subprocess.py:106} INFO - 	at org.apache.hadoop.hive.metastore.MetaStoreUtils.newInstance(MetaStoreUtils.java:1740)
[2026-04-14T03:18:16.079+0000] {subprocess.py:106} INFO - 	at org.apache.hadoop.hive.metastore.RetryingMetaStoreClient.<init>(RetryingMetaStoreClient.java:83)
[2026-04-14T03:18:16.079+0000] {subprocess.py:106} INFO - 	at org.apache.hadoop.hive.metastore.RetryingMetaStoreClient.getProxy(RetryingMetaStoreClient.java:133)
[2026-04-14T03:18:16.080+0000] {subprocess.py:106} INFO - 	at org.apache.hadoop.hive.metastore.RetryingMetaStoreClient.getProxy(RetryingMetaStoreClient.java:104)
[2026-04-14T03:18:16.081+0000] {subprocess.py:106} INFO - 	at org.apache.hadoop.hive.metastore.RetryingMetaStoreClient.getProxy(RetryingMetaStoreClient.java:97)
[2026-04-14T03:18:16.081+0000] {subprocess.py:106} INFO - 	at java.base/jdk.internal.reflect.NativeMethodAccessorImpl.invoke0(Native Method)
[2026-04-14T03:18:16.082+0000] {subprocess.py:106} INFO - 	at java.base/jdk.internal.reflect.NativeMethodAccessorImpl.invoke(NativeMethodAccessorImpl.java:75)
[2026-04-14T03:18:16.082+0000] {subprocess.py:106} INFO - 	at java.base/jdk.internal.reflect.DelegatingMethodAccessorImpl.invoke(DelegatingMethodAccessorImpl.java:52)
[2026-04-14T03:18:16.083+0000] {subprocess.py:106} INFO - 	at java.base/java.lang.reflect.Method.invoke(Method.java:580)
[2026-04-14T03:18:16.084+0000] {subprocess.py:106} INFO - 	at org.apache.iceberg.common.DynMethods$UnboundMethod.invokeChecked(DynMethods.java:60)
[2026-04-14T03:18:16.084+0000] {subprocess.py:106} INFO - 	at org.apache.iceberg.common.DynMethods$UnboundMethod.invoke(DynMethods.java:72)
[2026-04-14T03:18:16.085+0000] {subprocess.py:106} INFO - 	at org.apache.iceberg.common.DynMethods$StaticMethod.invoke(DynMethods.java:185)
[2026-04-14T03:18:16.085+0000] {subprocess.py:106} INFO - 	at org.apache.iceberg.hive.HiveClientPool.newClient(HiveClientPool.java:63)
[2026-04-14T03:18:16.086+0000] {subprocess.py:106} INFO - 	at org.apache.iceberg.hive.HiveClientPool.newClient(HiveClientPool.java:34)
[2026-04-14T03:18:16.087+0000] {subprocess.py:106} INFO - 	at org.apache.iceberg.ClientPoolImpl.get(ClientPoolImpl.java:143)
[2026-04-14T03:18:16.087+0000] {subprocess.py:106} INFO - 	at org.apache.iceberg.ClientPoolImpl.run(ClientPoolImpl.java:70)
[2026-04-14T03:18:16.088+0000] {subprocess.py:106} INFO - 	at org.apache.iceberg.ClientPoolImpl.run(ClientPoolImpl.java:65)
[2026-04-14T03:18:16.089+0000] {subprocess.py:106} INFO - 	at org.apache.iceberg.hive.CachedClientPool.run(CachedClientPool.java:122)
[2026-04-14T03:18:16.090+0000] {subprocess.py:106} INFO - 	at org.apache.iceberg.hive.HiveTableOperations.doRefresh(HiveTableOperations.java:107)
[2026-04-14T03:18:16.090+0000] {subprocess.py:106} INFO - 	at org.apache.iceberg.BaseMetastoreTableOperations.refresh(BaseMetastoreTableOperations.java:88)
[2026-04-14T03:18:16.091+0000] {subprocess.py:106} INFO - 	at org.apache.iceberg.BaseMetastoreTableOperations.current(BaseMetastoreTableOperations.java:71)
[2026-04-14T03:18:16.091+0000] {subprocess.py:106} INFO - 	at org.apache.iceberg.BaseMetastoreCatalog.loadTable(BaseMetastoreCatalog.java:49)
[2026-04-14T03:18:16.092+0000] {subprocess.py:106} INFO - 	at org.apache.iceberg.shaded.com.github.benmanes.caffeine.cache.BoundedLocalCache.lambda$doComputeIfAbsent$14(BoundedLocalCache.java:2406)
[2026-04-14T03:18:16.092+0000] {subprocess.py:106} INFO - 	at java.base/java.util.concurrent.ConcurrentHashMap.compute(ConcurrentHashMap.java:1916)
[2026-04-14T03:18:16.093+0000] {subprocess.py:106} INFO - 	at org.apache.iceberg.shaded.com.github.benmanes.caffeine.cache.BoundedLocalCache.doComputeIfAbsent(BoundedLocalCache.java:2404)
[2026-04-14T03:18:16.093+0000] {subprocess.py:106} INFO - 	at org.apache.iceberg.shaded.com.github.benmanes.caffeine.cache.BoundedLocalCache.computeIfAbsent(BoundedLocalCache.java:2387)
[2026-04-14T03:18:16.094+0000] {subprocess.py:106} INFO - 	at org.apache.iceberg.shaded.com.github.benmanes.caffeine.cache.LocalCache.computeIfAbsent(LocalCache.java:108)
[2026-04-14T03:18:16.094+0000] {subprocess.py:106} INFO - 	at org.apache.iceberg.shaded.com.github.benmanes.caffeine.cache.LocalManualCache.get(LocalManualCache.java:62)
[2026-04-14T03:18:16.095+0000] {subprocess.py:106} INFO - 	at org.apache.iceberg.CachingCatalog.loadTable(CachingCatalog.java:147)
[2026-04-14T03:18:16.095+0000] {subprocess.py:106} INFO - 	at org.apache.iceberg.spark.SparkCatalog.load(SparkCatalog.java:846)
[2026-04-14T03:18:16.096+0000] {subprocess.py:106} INFO - 	at org.apache.iceberg.spark.SparkCatalog.loadTable(SparkCatalog.java:171)
[2026-04-14T03:18:16.097+0000] {subprocess.py:106} INFO - 	at org.apache.spark.sql.connector.catalog.CatalogV2Util$.getTable(CatalogV2Util.scala:438)
[2026-04-14T03:18:16.097+0000] {subprocess.py:106} INFO - 	at org.apache.spark.sql.execution.datasources.v2.DataSourceV2Utils$.loadV2Source(DataSourceV2Utils.scala:144)
[2026-04-14T03:18:16.098+0000] {subprocess.py:106} INFO - 	at org.apache.spark.sql.catalyst.analysis.ResolveDataSource$$anonfun$apply$1.$anonfun$applyOrElse$1(ResolveDataSource.scala:60)
[2026-04-14T03:18:16.099+0000] {subprocess.py:106} INFO - 	at scala.Option.flatMap(Option.scala:283)
[2026-04-14T03:18:16.100+0000] {subprocess.py:106} INFO - 	at org.apache.spark.sql.catalyst.analysis.ResolveDataSource$$anonfun$apply$1.applyOrElse(ResolveDataSource.scala:58)
[2026-04-14T03:18:16.101+0000] {subprocess.py:106} INFO - 	at org.apache.spark.sql.catalyst.analysis.ResolveDataSource$$anonfun$apply$1.applyOrElse(ResolveDataSource.scala:45)
[2026-04-14T03:18:16.101+0000] {subprocess.py:106} INFO - 	at org.apache.spark.sql.catalyst.plans.logical.AnalysisHelper.$anonfun$resolveOperatorsUpWithPruning$3(AnalysisHelper.scala:139)
[2026-04-14T03:18:16.102+0000] {subprocess.py:106} INFO - 	at org.apache.spark.sql.catalyst.trees.CurrentOrigin$.withOrigin(origin.scala:86)
[2026-04-14T03:18:16.103+0000] {subprocess.py:106} INFO - 	at org.apache.spark.sql.catalyst.plans.logical.AnalysisHelper.$anonfun$resolveOperatorsUpWithPruning$1(AnalysisHelper.scala:139)
[2026-04-14T03:18:16.103+0000] {subprocess.py:106} INFO - 	at org.apache.spark.sql.catalyst.plans.logical.AnalysisHelper$.allowInvokingTransformsInAnalyzer(AnalysisHelper.scala:416)
[2026-04-14T03:18:16.104+0000] {subprocess.py:106} INFO - 	at org.apache.spark.sql.catalyst.plans.logical.AnalysisHelper.resolveOperatorsUpWithPruning(AnalysisHelper.scala:135)
[2026-04-14T03:18:16.104+0000] {subprocess.py:106} INFO - 	at org.apache.spark.sql.catalyst.plans.logical.AnalysisHelper.resolveOperatorsUpWithPruning$(AnalysisHelper.scala:131)
[2026-04-14T03:18:16.105+0000] {subprocess.py:106} INFO - 	at org.apache.spark.sql.catalyst.plans.logical.LogicalPlan.resolveOperatorsUpWithPruning(LogicalPlan.scala:37)
[2026-04-14T03:18:16.106+0000] {subprocess.py:106} INFO - 	at org.apache.spark.sql.catalyst.plans.logical.AnalysisHelper.resolveOperatorsUp(AnalysisHelper.scala:112)
[2026-04-14T03:18:16.107+0000] {subprocess.py:106} INFO - 	at org.apache.spark.sql.catalyst.plans.logical.AnalysisHelper.resolveOperatorsUp$(AnalysisHelper.scala:111)
[2026-04-14T03:18:16.108+0000] {subprocess.py:106} INFO - 	at org.apache.spark.sql.catalyst.plans.logical.LogicalPlan.resolveOperatorsUp(LogicalPlan.scala:37)
[2026-04-14T03:18:16.109+0000] {subprocess.py:106} INFO - 	at org.apache.spark.sql.catalyst.analysis.ResolveDataSource.apply(ResolveDataSource.scala:45)
[2026-04-14T03:18:16.109+0000] {subprocess.py:106} INFO - 	at org.apache.spark.sql.catalyst.analysis.ResolveDataSource.apply(ResolveDataSource.scala:43)
[2026-04-14T03:18:16.110+0000] {subprocess.py:106} INFO - 	at org.apache.spark.sql.catalyst.rules.RuleExecutor.$anonfun$execute$2(RuleExecutor.scala:242)
[2026-04-14T03:18:16.111+0000] {subprocess.py:106} INFO - 	at scala.collection.LinearSeqOps.foldLeft(LinearSeq.scala:183)
[2026-04-14T03:18:16.112+0000] {subprocess.py:106} INFO - 	at scala.collection.LinearSeqOps.foldLeft$(LinearSeq.scala:179)
[2026-04-14T03:18:16.114+0000] {subprocess.py:106} INFO - 	at scala.collection.immutable.List.foldLeft(List.scala:79)
[2026-04-14T03:18:16.115+0000] {subprocess.py:106} INFO - 	at org.apache.spark.sql.catalyst.rules.RuleExecutor.$anonfun$execute$1(RuleExecutor.scala:239)
[2026-04-14T03:18:16.117+0000] {subprocess.py:106} INFO - 	at org.apache.spark.sql.catalyst.rules.RuleExecutor.$anonfun$execute$1$adapted(RuleExecutor.scala:231)
[2026-04-14T03:18:16.119+0000] {subprocess.py:106} INFO - 	at scala.collection.immutable.List.foreach(List.scala:334)
[2026-04-14T03:18:16.121+0000] {subprocess.py:106} INFO - 	at org.apache.spark.sql.catalyst.rules.RuleExecutor.execute(RuleExecutor.scala:231)
[2026-04-14T03:18:16.122+0000] {subprocess.py:106} INFO - 	at org.apache.spark.sql.catalyst.analysis.Analyzer.org$apache$spark$sql$catalyst$analysis$Analyzer$$executeSameContext(Analyzer.scala:340)
[2026-04-14T03:18:16.124+0000] {subprocess.py:106} INFO - 	at org.apache.spark.sql.catalyst.analysis.Analyzer.$anonfun$execute$1(Analyzer.scala:336)
[2026-04-14T03:18:16.126+0000] {subprocess.py:106} INFO - 	at org.apache.spark.sql.catalyst.analysis.AnalysisContext$.withNewAnalysisContext(Analyzer.scala:234)
[2026-04-14T03:18:16.132+0000] {subprocess.py:106} INFO - 	at org.apache.spark.sql.catalyst.analysis.Analyzer.execute(Analyzer.scala:336)
[2026-04-14T03:18:16.133+0000] {subprocess.py:106} INFO - 	at org.apache.spark.sql.catalyst.analysis.Analyzer.execute(Analyzer.scala:299)
[2026-04-14T03:18:16.135+0000] {subprocess.py:106} INFO - 	at org.apache.spark.sql.catalyst.rules.RuleExecutor.$anonfun$executeAndTrack$1(RuleExecutor.scala:201)
[2026-04-14T03:18:16.136+0000] {subprocess.py:106} INFO - 	at org.apache.spark.sql.catalyst.QueryPlanningTracker$.withTracker(QueryPlanningTracker.scala:89)
[2026-04-14T03:18:16.137+0000] {subprocess.py:106} INFO - 	at org.apache.spark.sql.catalyst.rules.RuleExecutor.executeAndTrack(RuleExecutor.scala:201)
[2026-04-14T03:18:16.138+0000] {subprocess.py:106} INFO - 	at org.apache.spark.sql.catalyst.analysis.resolver.HybridAnalyzer.resolveInFixedPoint(HybridAnalyzer.scala:190)
[2026-04-14T03:18:16.140+0000] {subprocess.py:106} INFO - 	at org.apache.spark.sql.catalyst.analysis.resolver.HybridAnalyzer.$anonfun$apply$1(HybridAnalyzer.scala:76)
[2026-04-14T03:18:16.141+0000] {subprocess.py:106} INFO - 	at org.apache.spark.sql.catalyst.analysis.resolver.HybridAnalyzer.withTrackedAnalyzerBridgeState(HybridAnalyzer.scala:111)
[2026-04-14T03:18:16.143+0000] {subprocess.py:106} INFO - 	at org.apache.spark.sql.catalyst.analysis.resolver.HybridAnalyzer.apply(HybridAnalyzer.scala:71)
[2026-04-14T03:18:16.144+0000] {subprocess.py:106} INFO - 	at org.apache.spark.sql.catalyst.analysis.Analyzer.$anonfun$executeAndCheck$1(Analyzer.scala:330)
[2026-04-14T03:18:16.145+0000] {subprocess.py:106} INFO - 	at org.apache.spark.sql.catalyst.plans.logical.AnalysisHelper$.markInAnalyzer(AnalysisHelper.scala:423)
[2026-04-14T03:18:16.147+0000] {subprocess.py:106} INFO - 	at org.apache.spark.sql.catalyst.analysis.Analyzer.executeAndCheck(Analyzer.scala:330)
[2026-04-14T03:18:16.148+0000] {subprocess.py:106} INFO - 	at org.apache.spark.sql.execution.QueryExecution.$anonfun$lazyAnalyzed$2(QueryExecution.scala:110)
[2026-04-14T03:18:16.149+0000] {subprocess.py:106} INFO - 	at org.apache.spark.sql.catalyst.QueryPlanningTracker.measurePhase(QueryPlanningTracker.scala:148)
[2026-04-14T03:18:16.150+0000] {subprocess.py:106} INFO - 	at org.apache.spark.sql.execution.QueryExecution.$anonfun$executePhase$2(QueryExecution.scala:278)
[2026-04-14T03:18:16.151+0000] {subprocess.py:106} INFO - 	at org.apache.spark.sql.execution.QueryExecution$.withInternalError(QueryExecution.scala:654)
[2026-04-14T03:18:16.152+0000] {subprocess.py:106} INFO - 	at org.apache.spark.sql.execution.QueryExecution.$anonfun$executePhase$1(QueryExecution.scala:278)
[2026-04-14T03:18:16.153+0000] {subprocess.py:106} INFO - 	at org.apache.spark.sql.SparkSession.withActive(SparkSession.scala:804)
[2026-04-14T03:18:16.154+0000] {subprocess.py:106} INFO - 	at org.apache.spark.sql.execution.QueryExecution.executePhase(QueryExecution.scala:277)
[2026-04-14T03:18:16.155+0000] {subprocess.py:106} INFO - 	at org.apache.spark.sql.execution.QueryExecution.$anonfun$lazyAnalyzed$1(QueryExecution.scala:110)
[2026-04-14T03:18:16.156+0000] {subprocess.py:106} INFO - 	at scala.util.Try$.apply(Try.scala:217)
[2026-04-14T03:18:16.157+0000] {subprocess.py:106} INFO - 	at org.apache.spark.util.Utils$.doTryWithCallerStacktrace(Utils.scala:1378)
[2026-04-14T03:18:16.158+0000] {subprocess.py:106} INFO - 	at org.apache.spark.util.LazyTry.tryT$lzycompute(LazyTry.scala:46)
[2026-04-14T03:18:16.160+0000] {subprocess.py:106} INFO - 	at org.apache.spark.util.LazyTry.tryT(LazyTry.scala:46)
[2026-04-14T03:18:16.161+0000] {subprocess.py:106} INFO - 	at org.apache.spark.util.LazyTry.get(LazyTry.scala:58)
[2026-04-14T03:18:16.163+0000] {subprocess.py:106} INFO - 	at org.apache.spark.sql.execution.QueryExecution.analyzed(QueryExecution.scala:121)
[2026-04-14T03:18:16.164+0000] {subprocess.py:106} INFO - 	at org.apache.spark.sql.execution.QueryExecution.assertAnalyzed(QueryExecution.scala:80)
[2026-04-14T03:18:16.165+0000] {subprocess.py:106} INFO - 	at org.apache.spark.sql.classic.Dataset$.$anonfun$ofRows$1(Dataset.scala:115)
[2026-04-14T03:18:16.167+0000] {subprocess.py:106} INFO - 	at org.apache.spark.sql.SparkSession.withActive(SparkSession.scala:804)
[2026-04-14T03:18:16.168+0000] {subprocess.py:106} INFO - 	at org.apache.spark.sql.classic.Dataset$.ofRows(Dataset.scala:113)
[2026-04-14T03:18:16.169+0000] {subprocess.py:106} INFO - 	at org.apache.spark.sql.classic.DataFrameReader.load(DataFrameReader.scala:109)
[2026-04-14T03:18:16.170+0000] {subprocess.py:106} INFO - 	at org.apache.spark.sql.classic.DataFrameReader.load(DataFrameReader.scala:100)
[2026-04-14T03:18:16.171+0000] {subprocess.py:106} INFO - 	at org.apache.spark.sql.classic.DataFrameReader.load(DataFrameReader.scala:58)
[2026-04-14T03:18:16.173+0000] {subprocess.py:106} INFO - 	at java.base/jdk.internal.reflect.NativeMethodAccessorImpl.invoke0(Native Method)
[2026-04-14T03:18:16.176+0000] {subprocess.py:106} INFO - 	at java.base/jdk.internal.reflect.NativeMethodAccessorImpl.invoke(NativeMethodAccessorImpl.java:75)
[2026-04-14T03:18:16.178+0000] {subprocess.py:106} INFO - 	at java.base/jdk.internal.reflect.DelegatingMethodAccessorImpl.invoke(DelegatingMethodAccessorImpl.java:52)
[2026-04-14T03:18:16.180+0000] {subprocess.py:106} INFO - 	at java.base/java.lang.reflect.Method.invoke(Method.java:580)
[2026-04-14T03:18:16.181+0000] {subprocess.py:106} INFO - 	at py4j.reflection.MethodInvoker.invoke(MethodInvoker.java:244)
[2026-04-14T03:18:16.185+0000] {subprocess.py:106} INFO - 	at py4j.reflection.ReflectionEngine.invoke(ReflectionEngine.java:374)
[2026-04-14T03:18:16.190+0000] {subprocess.py:106} INFO - 	at py4j.Gateway.invoke(Gateway.java:282)
[2026-04-14T03:18:16.191+0000] {subprocess.py:106} INFO - 	at py4j.commands.AbstractCommand.invokeMethod(AbstractCommand.java:132)
[2026-04-14T03:18:16.193+0000] {subprocess.py:106} INFO - 	at py4j.commands.CallCommand.execute(CallCommand.java:79)
[2026-04-14T03:18:16.195+0000] {subprocess.py:106} INFO - 	at py4j.ClientServerConnection.waitForCommands(ClientServerConnection.java:184)
[2026-04-14T03:18:16.196+0000] {subprocess.py:106} INFO - 	at py4j.ClientServerConnection.run(ClientServerConnection.java:108)
[2026-04-14T03:18:16.198+0000] {subprocess.py:106} INFO - 	at java.base/java.lang.Thread.run(Thread.java:1583)
[2026-04-14T03:18:16.199+0000] {subprocess.py:106} INFO - Caused by: java.net.ConnectException: Connection refused
[2026-04-14T03:18:16.201+0000] {subprocess.py:106} INFO - 	at java.base/sun.nio.ch.Net.pollConnect(Native Method)
[2026-04-14T03:18:16.202+0000] {subprocess.py:106} INFO - 	at java.base/sun.nio.ch.Net.pollConnectNow(Net.java:694)
[2026-04-14T03:18:16.204+0000] {subprocess.py:106} INFO - 	at java.base/sun.nio.ch.NioSocketImpl.timedFinishConnect(NioSocketImpl.java:542)
[2026-04-14T03:18:16.204+0000] {subprocess.py:106} INFO - 	at java.base/sun.nio.ch.NioSocketImpl.connect(NioSocketImpl.java:592)
[2026-04-14T03:18:16.205+0000] {subprocess.py:106} INFO - 	at java.base/java.net.SocksSocketImpl.connect(SocksSocketImpl.java:327)
[2026-04-14T03:18:16.206+0000] {subprocess.py:106} INFO - 	at java.base/java.net.Socket.connect(Socket.java:751)
[2026-04-14T03:18:16.207+0000] {subprocess.py:106} INFO - 	at org.apache.thrift.transport.TSocket.open(TSocket.java:250)
[2026-04-14T03:18:16.209+0000] {subprocess.py:106} INFO - 	... 112 more
[2026-04-14T03:18:16.292+0000] {subprocess.py:106} INFO - )
[2026-04-14T03:18:16.293+0000] {subprocess.py:106} INFO - 	at org.apache.hadoop.hive.metastore.HiveMetaStoreClient.open(HiveMetaStoreClient.java:541)
[2026-04-14T03:18:16.295+0000] {subprocess.py:106} INFO - 	at org.apache.hadoop.hive.metastore.HiveMetaStoreClient.<init>(HiveMetaStoreClient.java:246)
[2026-04-14T03:18:16.296+0000] {subprocess.py:106} INFO - 	... 110 more
[2026-04-14T03:18:16.297+0000] {subprocess.py:106} INFO - 
[2026-04-14T03:18:28.613+0000] {subprocess.py:106} INFO - 26/04/14 03:18:28 INFO SparkContext: Invoking stop() from shutdown hook
[2026-04-14T03:18:28.790+0000] {subprocess.py:106} INFO - 26/04/14 03:18:28 INFO SparkContext: SparkContext is stopping with exitCode 0 from run at Executors.java:572.
[2026-04-14T03:18:29.326+0000] {subprocess.py:106} INFO - 26/04/14 03:18:29 INFO SparkUI: Stopped Spark web UI at http://spark-master:4048
[2026-04-14T03:18:29.738+0000] {subprocess.py:106} INFO - 26/04/14 03:18:29 INFO MapOutputTrackerMasterEndpoint: MapOutputTrackerMasterEndpoint stopped!
[2026-04-14T03:18:30.239+0000] {subprocess.py:106} INFO - 26/04/14 03:18:30 INFO MemoryStore: MemoryStore started with capacity 1048.8 MiB
[2026-04-14T03:18:30.256+0000] {subprocess.py:106} INFO - 26/04/14 03:18:30 INFO MemoryStore: MemoryStore cleared
[2026-04-14T03:18:30.283+0000] {subprocess.py:106} INFO - 26/04/14 03:18:30 INFO BlockManager: BlockManager stopped
[2026-04-14T03:18:30.442+0000] {subprocess.py:106} INFO - 26/04/14 03:18:30 INFO BlockManagerMaster: BlockManagerMaster stopped
[2026-04-14T03:18:30.502+0000] {subprocess.py:106} INFO - 26/04/14 03:18:30 INFO OutputCommitCoordinator$OutputCommitCoordinatorEndpoint: OutputCommitCoordinator stopped!
[2026-04-14T03:18:30.735+0000] {subprocess.py:106} INFO - 26/04/14 03:18:30 INFO SparkContext: Successfully stopped SparkContext
[2026-04-14T03:18:30.745+0000] {subprocess.py:106} INFO - 26/04/14 03:18:30 INFO ShutdownHookManager: Shutdown hook called
[2026-04-14T03:18:30.749+0000] {subprocess.py:106} INFO - 26/04/14 03:18:30 INFO ShutdownHookManager: Deleting directory /tmp/spark-9c5e67ab-3658-423e-97d4-7690046afc06
[2026-04-14T03:18:30.774+0000] {subprocess.py:106} INFO - 26/04/14 03:18:30 INFO ShutdownHookManager: Deleting directory /tmp/spark-fe8e4ade-1f40-4b94-ade1-58e7c9203109
[2026-04-14T03:18:30.807+0000] {subprocess.py:106} INFO - 26/04/14 03:18:30 INFO ShutdownHookManager: Deleting directory /tmp/spark-9c5e67ab-3658-423e-97d4-7690046afc06/pyspark-076a7934-92bc-4a17-a168-8f54bcc8240f
[2026-04-14T03:18:31.702+0000] {subprocess.py:110} INFO - Command exited with return code 1
[2026-04-14T03:18:32.795+0000] {taskinstance.py:3311} ERROR - Task failed with exception
Traceback (most recent call last):
  File "/home/airflow/airflow/venv/lib/python3.12/site-packages/airflow/models/taskinstance.py", line 767, in _execute_task
    result = _execute_callable(context=context, **execute_callable_kwargs)
             ^^^^^^^^^^^^^^^^^^^^^^^^^^^^^^^^^^^^^^^^^^^^^^^^^^^^^^^^^^^^^
  File "/home/airflow/airflow/venv/lib/python3.12/site-packages/airflow/models/taskinstance.py", line 733, in _execute_callable
    return ExecutionCallableRunner(
           ^^^^^^^^^^^^^^^^^^^^^^^^
  File "/home/airflow/airflow/venv/lib/python3.12/site-packages/airflow/utils/operator_helpers.py", line 252, in run
    return self.func(*args, **kwargs)
           ^^^^^^^^^^^^^^^^^^^^^^^^^^
  File "/home/airflow/airflow/venv/lib/python3.12/site-packages/airflow/models/baseoperator.py", line 422, in wrapper
    return func(self, *args, **kwargs)
           ^^^^^^^^^^^^^^^^^^^^^^^^^^^
  File "/home/airflow/airflow/venv/lib/python3.12/site-packages/airflow/operators/bash.py", line 276, in execute
    raise AirflowException(
airflow.exceptions.AirflowException: Bash command failed. The command returned a non-zero exit code 1.
[2026-04-14T03:18:32.969+0000] {taskinstance.py:1225} INFO - Marking task as FAILED. dag_id=predict_aqi, task_id=predict, run_id=manual__2026-04-13T14:13:06.049161+00:00, execution_date=20260413T141306, start_date=20260414T031159, end_date=20260414T031832
[2026-04-14T03:18:33.485+0000] {taskinstance.py:340} INFO - ::group::Post task execution logs
[2026-04-14T03:18:33.522+0000] {standard_task_runner.py:124} ERROR - Failed to execute job 261 for task predict (Bash command failed. The command returned a non-zero exit code 1.; 283)
Traceback (most recent call last):
  File "/home/airflow/airflow/venv/lib/python3.12/site-packages/airflow/task/task_runner/standard_task_runner.py", line 117, in _start_by_fork
    ret = args.func(args, dag=self.dag)
          ^^^^^^^^^^^^^^^^^^^^^^^^^^^^^
  File "/home/airflow/airflow/venv/lib/python3.12/site-packages/airflow/cli/cli_config.py", line 49, in command
    return func(*args, **kwargs)
           ^^^^^^^^^^^^^^^^^^^^^
  File "/home/airflow/airflow/venv/lib/python3.12/site-packages/airflow/utils/cli.py", line 116, in wrapper
    return f(*args, **kwargs)
           ^^^^^^^^^^^^^^^^^^
  File "/home/airflow/airflow/venv/lib/python3.12/site-packages/airflow/cli/commands/task_command.py", line 483, in task_run
    task_return_code = _run_task_by_selected_method(args, _dag, ti)
                       ^^^^^^^^^^^^^^^^^^^^^^^^^^^^^^^^^^^^^^^^^^^^
  File "/home/airflow/airflow/venv/lib/python3.12/site-packages/airflow/cli/commands/task_command.py", line 256, in _run_task_by_selected_method
    return _run_raw_task(args, ti)
           ^^^^^^^^^^^^^^^^^^^^^^^
  File "/home/airflow/airflow/venv/lib/python3.12/site-packages/airflow/cli/commands/task_command.py", line 341, in _run_raw_task
    return ti._run_raw_task(
           ^^^^^^^^^^^^^^^^^
  File "/home/airflow/airflow/venv/lib/python3.12/site-packages/airflow/utils/session.py", line 97, in wrapper
    return func(*args, session=session, **kwargs)
           ^^^^^^^^^^^^^^^^^^^^^^^^^^^^^^^^^^^^^^
  File "/home/airflow/airflow/venv/lib/python3.12/site-packages/airflow/models/taskinstance.py", line 3005, in _run_raw_task
    return _run_raw_task(
           ^^^^^^^^^^^^^^
  File "/home/airflow/airflow/venv/lib/python3.12/site-packages/airflow/models/taskinstance.py", line 273, in _run_raw_task
    TaskInstance._execute_task_with_callbacks(
  File "/home/airflow/airflow/venv/lib/python3.12/site-packages/airflow/models/taskinstance.py", line 3159, in _execute_task_with_callbacks
    result = self._execute_task(context, task_orig)
             ^^^^^^^^^^^^^^^^^^^^^^^^^^^^^^^^^^^^^^
  File "/home/airflow/airflow/venv/lib/python3.12/site-packages/airflow/models/taskinstance.py", line 3183, in _execute_task
    return _execute_task(self, context, task_orig)
           ^^^^^^^^^^^^^^^^^^^^^^^^^^^^^^^^^^^^^^^
  File "/home/airflow/airflow/venv/lib/python3.12/site-packages/airflow/models/taskinstance.py", line 767, in _execute_task
    result = _execute_callable(context=context, **execute_callable_kwargs)
             ^^^^^^^^^^^^^^^^^^^^^^^^^^^^^^^^^^^^^^^^^^^^^^^^^^^^^^^^^^^^^
  File "/home/airflow/airflow/venv/lib/python3.12/site-packages/airflow/models/taskinstance.py", line 733, in _execute_callable
    return ExecutionCallableRunner(
           ^^^^^^^^^^^^^^^^^^^^^^^^
  File "/home/airflow/airflow/venv/lib/python3.12/site-packages/airflow/utils/operator_helpers.py", line 252, in run
    return self.func(*args, **kwargs)
           ^^^^^^^^^^^^^^^^^^^^^^^^^^
  File "/home/airflow/airflow/venv/lib/python3.12/site-packages/airflow/models/baseoperator.py", line 422, in wrapper
    return func(self, *args, **kwargs)
           ^^^^^^^^^^^^^^^^^^^^^^^^^^^
  File "/home/airflow/airflow/venv/lib/python3.12/site-packages/airflow/operators/bash.py", line 276, in execute
    raise AirflowException(
airflow.exceptions.AirflowException: Bash command failed. The command returned a non-zero exit code 1.
[2026-04-14T03:18:33.627+0000] {local_task_job_runner.py:266} INFO - Task exited with return code 1
[2026-04-14T03:18:34.295+0000] {taskinstance.py:3895} INFO - 0 downstream tasks scheduled from follow-on schedule check
[2026-04-14T03:18:34.368+0000] {local_task_job_runner.py:245} INFO - ::endgroup::
