[2026-04-12T09:52:02.532+0000] {local_task_job_runner.py:123} INFO - ::group::Pre task execution logs
[2026-04-12T09:52:02.561+0000] {taskinstance.py:2613} INFO - Dependencies all met for dep_context=non-requeueable deps ti=<TaskInstance: weather_real_time_pipeline_v2.start_spark_streaming_job scheduled__2026-04-12T09:50:00+00:00 [queued]>
[2026-04-12T09:52:02.572+0000] {taskinstance.py:2613} INFO - Dependencies all met for dep_context=requeueable deps ti=<TaskInstance: weather_real_time_pipeline_v2.start_spark_streaming_job scheduled__2026-04-12T09:50:00+00:00 [queued]>
[2026-04-12T09:52:02.573+0000] {taskinstance.py:2866} INFO - Starting attempt 1 of 4
[2026-04-12T09:52:02.588+0000] {taskinstance.py:2889} INFO - Executing <Task(BashOperator): start_spark_streaming_job> on 2026-04-12 09:50:00+00:00
[2026-04-12T09:52:02.596+0000] {standard_task_runner.py:104} INFO - Running: ['airflow', 'tasks', 'run', 'weather_real_time_pipeline_v2', 'start_spark_streaming_job', 'scheduled__2026-04-12T09:50:00+00:00', '--job-id', '28', '--raw', '--subdir', 'DAGS_FOLDER/weather_pipeline_dag.py', '--cfg-path', '/tmp/tmpnt36cy8i']
[2026-04-12T09:52:02.598+0000] {standard_task_runner.py:105} INFO - Job 28: Subtask start_spark_streaming_job
[2026-04-12T09:52:02.600+0000] {logging_mixin.py:190} WARNING - /home/airflow/airflow/venv/lib/python3.12/site-packages/airflow/task/task_runner/standard_task_runner.py:70 DeprecationWarning: This process (pid=45286) is multi-threaded, use of fork() may lead to deadlocks in the child.
[2026-04-12T09:52:02.601+0000] {standard_task_runner.py:72} INFO - Started process 45314 to run task
[2026-04-12T09:52:02.688+0000] {task_command.py:467} INFO - Running <TaskInstance: weather_real_time_pipeline_v2.start_spark_streaming_job scheduled__2026-04-12T09:50:00+00:00 [running]> on host airflow
[2026-04-12T09:52:02.814+0000] {taskinstance.py:3132} INFO - Exporting env vars: AIRFLOW_CTX_DAG_OWNER='airflow' AIRFLOW_CTX_DAG_ID='weather_real_time_pipeline_v2' AIRFLOW_CTX_TASK_ID='start_spark_streaming_job' AIRFLOW_CTX_EXECUTION_DATE='2026-04-12T09:50:00+00:00' AIRFLOW_CTX_TRY_NUMBER='1' AIRFLOW_CTX_DAG_RUN_ID='scheduled__2026-04-12T09:50:00+00:00'
[2026-04-12T09:52:02.815+0000] {taskinstance.py:731} INFO - ::endgroup::
[2026-04-12T09:52:02.829+0000] {subprocess.py:78} INFO - Tmp dir root location: /tmp
[2026-04-12T09:52:02.830+0000] {subprocess.py:88} INFO - Running command: ['/usr/bin/bash', '-c', 'docker exec spark-master spark-submit                 --packages org.apache.spark:spark-sql-kafka-0-10_2.13:4.0.0,org.apache.iceberg:iceberg-spark-runtime-4.0_2.13:1.10.1                 /home/spark/spark/spark_jobs/weather_streaming.py']
[2026-04-12T09:52:02.840+0000] {subprocess.py:99} INFO - Output:
[2026-04-12T09:52:03.346+0000] {subprocess.py:106} INFO - WARNING: Using incubator modules: jdk.incubator.vector
[2026-04-12T09:52:04.850+0000] {subprocess.py:106} INFO - :: loading settings :: url = jar:file:/home/spark/spark/jars/ivy-2.5.3.jar!/org/apache/ivy/core/settings/ivysettings.xml
[2026-04-12T09:52:04.947+0000] {subprocess.py:106} INFO - Ivy Default Cache set to: /home/spark/.ivy2.5.2/cache
[2026-04-12T09:52:04.948+0000] {subprocess.py:106} INFO - The jars for the packages stored in: /home/spark/.ivy2.5.2/jars
[2026-04-12T09:52:04.962+0000] {subprocess.py:106} INFO - org.apache.spark#spark-sql-kafka-0-10_2.13 added as a dependency
[2026-04-12T09:52:04.963+0000] {subprocess.py:106} INFO - org.apache.iceberg#iceberg-spark-runtime-4.0_2.13 added as a dependency
[2026-04-12T09:52:04.966+0000] {subprocess.py:106} INFO - :: resolving dependencies :: org.apache.spark#spark-submit-parent-deddc6e4-40ad-4cdf-96bc-7a5308be6640;1.0
[2026-04-12T09:52:04.966+0000] {subprocess.py:106} INFO - 	confs: [default]
[2026-04-12T09:52:05.174+0000] {subprocess.py:106} INFO - 	found org.apache.spark#spark-sql-kafka-0-10_2.13;4.0.0 in central
[2026-04-12T09:52:05.249+0000] {subprocess.py:106} INFO - 	found org.apache.spark#spark-token-provider-kafka-0-10_2.13;4.0.0 in central
[2026-04-12T09:52:05.284+0000] {subprocess.py:106} INFO - 	found org.apache.kafka#kafka-clients;3.9.0 in central
[2026-04-12T09:52:05.328+0000] {subprocess.py:106} INFO - 	found org.lz4#lz4-java;1.8.0 in central
[2026-04-12T09:52:05.367+0000] {subprocess.py:106} INFO - 	found org.xerial.snappy#snappy-java;1.1.10.7 in central
[2026-04-12T09:52:05.397+0000] {subprocess.py:106} INFO - 	found org.slf4j#slf4j-api;2.0.16 in central
[2026-04-12T09:52:05.440+0000] {subprocess.py:106} INFO - 	found org.apache.hadoop#hadoop-client-runtime;3.4.1 in central
[2026-04-12T09:52:05.483+0000] {subprocess.py:106} INFO - 	found org.apache.hadoop#hadoop-client-api;3.4.1 in central
[2026-04-12T09:52:05.523+0000] {subprocess.py:106} INFO - 	found com.google.code.findbugs#jsr305;3.0.0 in central
[2026-04-12T09:52:05.548+0000] {subprocess.py:106} INFO - 	found org.scala-lang.modules#scala-parallel-collections_2.13;1.2.0 in central
[2026-04-12T09:52:05.572+0000] {subprocess.py:106} INFO - 	found org.apache.commons#commons-pool2;2.12.0 in central
[2026-04-12T09:52:05.601+0000] {subprocess.py:106} INFO - 	found org.apache.iceberg#iceberg-spark-runtime-4.0_2.13;1.10.1 in central
[2026-04-12T09:52:05.642+0000] {subprocess.py:106} INFO - :: resolution report :: resolve 654ms :: artifacts dl 22ms
[2026-04-12T09:52:05.643+0000] {subprocess.py:106} INFO - 	:: modules in use:
[2026-04-12T09:52:05.644+0000] {subprocess.py:106} INFO - 	com.google.code.findbugs#jsr305;3.0.0 from central in [default]
[2026-04-12T09:52:05.644+0000] {subprocess.py:106} INFO - 	org.apache.commons#commons-pool2;2.12.0 from central in [default]
[2026-04-12T09:52:05.645+0000] {subprocess.py:106} INFO - 	org.apache.hadoop#hadoop-client-api;3.4.1 from central in [default]
[2026-04-12T09:52:05.645+0000] {subprocess.py:106} INFO - 	org.apache.hadoop#hadoop-client-runtime;3.4.1 from central in [default]
[2026-04-12T09:52:05.646+0000] {subprocess.py:106} INFO - 	org.apache.iceberg#iceberg-spark-runtime-4.0_2.13;1.10.1 from central in [default]
[2026-04-12T09:52:05.647+0000] {subprocess.py:106} INFO - 	org.apache.kafka#kafka-clients;3.9.0 from central in [default]
[2026-04-12T09:52:05.647+0000] {subprocess.py:106} INFO - 	org.apache.spark#spark-sql-kafka-0-10_2.13;4.0.0 from central in [default]
[2026-04-12T09:52:05.648+0000] {subprocess.py:106} INFO - 	org.apache.spark#spark-token-provider-kafka-0-10_2.13;4.0.0 from central in [default]
[2026-04-12T09:52:05.648+0000] {subprocess.py:106} INFO - 	org.lz4#lz4-java;1.8.0 from central in [default]
[2026-04-12T09:52:05.650+0000] {subprocess.py:106} INFO - 	org.scala-lang.modules#scala-parallel-collections_2.13;1.2.0 from central in [default]
[2026-04-12T09:52:05.651+0000] {subprocess.py:106} INFO - 	org.slf4j#slf4j-api;2.0.16 from central in [default]
[2026-04-12T09:52:05.652+0000] {subprocess.py:106} INFO - 	org.xerial.snappy#snappy-java;1.1.10.7 from central in [default]
[2026-04-12T09:52:05.652+0000] {subprocess.py:106} INFO - 	---------------------------------------------------------------------
[2026-04-12T09:52:05.652+0000] {subprocess.py:106} INFO - 	|                  |            modules            ||   artifacts   |
[2026-04-12T09:52:05.653+0000] {subprocess.py:106} INFO - 	|       conf       | number| search|dwnlded|evicted|| number|dwnlded|
[2026-04-12T09:52:05.653+0000] {subprocess.py:106} INFO - 	---------------------------------------------------------------------
[2026-04-12T09:52:05.654+0000] {subprocess.py:106} INFO - 	|      default     |   12  |   0   |   0   |   0   ||   12  |   0   |
[2026-04-12T09:52:05.654+0000] {subprocess.py:106} INFO - 	---------------------------------------------------------------------
[2026-04-12T09:52:05.656+0000] {subprocess.py:106} INFO - :: retrieving :: org.apache.spark#spark-submit-parent-deddc6e4-40ad-4cdf-96bc-7a5308be6640
[2026-04-12T09:52:05.656+0000] {subprocess.py:106} INFO - 	confs: [default]
[2026-04-12T09:52:05.668+0000] {subprocess.py:106} INFO - 	0 artifacts copied, 12 already retrieved (0kB/13ms)
[2026-04-12T09:52:05.985+0000] {subprocess.py:106} INFO - 26/04/12 09:52:05 WARN NativeCodeLoader: Unable to load native-hadoop library for your platform... using builtin-java classes where applicable
[2026-04-12T09:52:07.462+0000] {subprocess.py:106} INFO - Using Spark's default log4j profile: org/apache/spark/log4j2-defaults.properties
[2026-04-12T09:52:07.470+0000] {subprocess.py:106} INFO - 26/04/12 09:52:07 INFO SparkContext: Running Spark version 4.0.2
[2026-04-12T09:52:07.472+0000] {subprocess.py:106} INFO - 26/04/12 09:52:07 INFO SparkContext: OS info Linux, 6.6.87.2-microsoft-standard-WSL2, amd64
[2026-04-12T09:52:07.473+0000] {subprocess.py:106} INFO - 26/04/12 09:52:07 INFO SparkContext: Java version 21.0.10
[2026-04-12T09:52:07.505+0000] {subprocess.py:106} INFO - 26/04/12 09:52:07 INFO ResourceUtils: ==============================================================
[2026-04-12T09:52:07.506+0000] {subprocess.py:106} INFO - 26/04/12 09:52:07 INFO ResourceUtils: No custom resources configured for spark.driver.
[2026-04-12T09:52:07.506+0000] {subprocess.py:106} INFO - 26/04/12 09:52:07 INFO ResourceUtils: ==============================================================
[2026-04-12T09:52:07.508+0000] {subprocess.py:106} INFO - 26/04/12 09:52:07 INFO SparkContext: Submitted application: Weather_Kafka_to_Iceberg
[2026-04-12T09:52:07.555+0000] {subprocess.py:106} INFO - 26/04/12 09:52:07 INFO ResourceProfile: Default ResourceProfile created, executor resources: Map(cores -> name: cores, amount: 2, script: , vendor: , memory -> name: memory, amount: 2048, script: , vendor: , offHeap -> name: offHeap, amount: 0, script: , vendor: ), task resources: Map(cpus -> name: cpus, amount: 1.0)
[2026-04-12T09:52:07.568+0000] {subprocess.py:106} INFO - 26/04/12 09:52:07 INFO ResourceProfile: Limiting resource is cpus at 2 tasks per executor
[2026-04-12T09:52:07.575+0000] {subprocess.py:106} INFO - 26/04/12 09:52:07 INFO ResourceProfileManager: Added ResourceProfile id: 0
[2026-04-12T09:52:07.663+0000] {subprocess.py:106} INFO - 26/04/12 09:52:07 INFO SecurityManager: Changing view acls to: spark
[2026-04-12T09:52:07.664+0000] {subprocess.py:106} INFO - 26/04/12 09:52:07 INFO SecurityManager: Changing modify acls to: spark
[2026-04-12T09:52:07.665+0000] {subprocess.py:106} INFO - 26/04/12 09:52:07 INFO SecurityManager: Changing view acls groups to: spark
[2026-04-12T09:52:07.666+0000] {subprocess.py:106} INFO - 26/04/12 09:52:07 INFO SecurityManager: Changing modify acls groups to: spark
[2026-04-12T09:52:07.671+0000] {subprocess.py:106} INFO - 26/04/12 09:52:07 INFO SecurityManager: SecurityManager: authentication disabled; ui acls disabled; users with view permissions: spark groups with view permissions: EMPTY; users with modify permissions: spark; groups with modify permissions: EMPTY; RPC SSL disabled
[2026-04-12T09:52:08.057+0000] {subprocess.py:106} INFO - 26/04/12 09:52:08 INFO Utils: Successfully started service 'sparkDriver' on port 44109.
[2026-04-12T09:52:08.094+0000] {subprocess.py:106} INFO - 26/04/12 09:52:08 INFO SparkEnv: Registering MapOutputTracker
[2026-04-12T09:52:08.108+0000] {subprocess.py:106} INFO - 26/04/12 09:52:08 INFO SparkEnv: Registering BlockManagerMaster
[2026-04-12T09:52:08.128+0000] {subprocess.py:106} INFO - 26/04/12 09:52:08 INFO BlockManagerMasterEndpoint: Using org.apache.spark.storage.DefaultTopologyMapper for getting topology information
[2026-04-12T09:52:08.129+0000] {subprocess.py:106} INFO - 26/04/12 09:52:08 INFO BlockManagerMasterEndpoint: BlockManagerMasterEndpoint up
[2026-04-12T09:52:08.132+0000] {subprocess.py:106} INFO - 26/04/12 09:52:08 INFO SparkEnv: Registering BlockManagerMasterHeartbeat
[2026-04-12T09:52:08.159+0000] {subprocess.py:106} INFO - 26/04/12 09:52:08 INFO DiskBlockManager: Created local directory at /tmp/blockmgr-4c5b35f3-d6ec-4fe8-8b16-903300ca1f46
[2026-04-12T09:52:08.184+0000] {subprocess.py:106} INFO - 26/04/12 09:52:08 INFO SparkEnv: Registering OutputCommitCoordinator
[2026-04-12T09:52:08.371+0000] {subprocess.py:106} INFO - 26/04/12 09:52:08 INFO JettyUtils: Start Jetty 0.0.0.0:4040 for SparkUI
[2026-04-12T09:52:08.519+0000] {subprocess.py:106} INFO - 26/04/12 09:52:08 INFO Utils: Successfully started service 'SparkUI' on port 4040.
[2026-04-12T09:52:08.577+0000] {subprocess.py:106} INFO - 26/04/12 09:52:08 INFO SparkContext: Added JAR file:///home/spark/.ivy2.5.2/jars/org.apache.spark_spark-sql-kafka-0-10_2.13-4.0.0.jar at spark://spark-master:44109/jars/org.apache.spark_spark-sql-kafka-0-10_2.13-4.0.0.jar with timestamp 1775987527451
[2026-04-12T09:52:08.578+0000] {subprocess.py:106} INFO - 26/04/12 09:52:08 INFO SparkContext: Added JAR file:///home/spark/.ivy2.5.2/jars/org.apache.iceberg_iceberg-spark-runtime-4.0_2.13-1.10.1.jar at spark://spark-master:44109/jars/org.apache.iceberg_iceberg-spark-runtime-4.0_2.13-1.10.1.jar with timestamp 1775987527451
[2026-04-12T09:52:08.578+0000] {subprocess.py:106} INFO - 26/04/12 09:52:08 INFO SparkContext: Added JAR file:///home/spark/.ivy2.5.2/jars/org.apache.spark_spark-token-provider-kafka-0-10_2.13-4.0.0.jar at spark://spark-master:44109/jars/org.apache.spark_spark-token-provider-kafka-0-10_2.13-4.0.0.jar with timestamp 1775987527451
[2026-04-12T09:52:08.579+0000] {subprocess.py:106} INFO - 26/04/12 09:52:08 INFO SparkContext: Added JAR file:///home/spark/.ivy2.5.2/jars/org.scala-lang.modules_scala-parallel-collections_2.13-1.2.0.jar at spark://spark-master:44109/jars/org.scala-lang.modules_scala-parallel-collections_2.13-1.2.0.jar with timestamp 1775987527451
[2026-04-12T09:52:08.580+0000] {subprocess.py:106} INFO - 26/04/12 09:52:08 INFO SparkContext: Added JAR file:///home/spark/.ivy2.5.2/jars/org.apache.kafka_kafka-clients-3.9.0.jar at spark://spark-master:44109/jars/org.apache.kafka_kafka-clients-3.9.0.jar with timestamp 1775987527451
[2026-04-12T09:52:08.580+0000] {subprocess.py:106} INFO - 26/04/12 09:52:08 INFO SparkContext: Added JAR file:///home/spark/.ivy2.5.2/jars/com.google.code.findbugs_jsr305-3.0.0.jar at spark://spark-master:44109/jars/com.google.code.findbugs_jsr305-3.0.0.jar with timestamp 1775987527451
[2026-04-12T09:52:08.581+0000] {subprocess.py:106} INFO - 26/04/12 09:52:08 INFO SparkContext: Added JAR file:///home/spark/.ivy2.5.2/jars/org.apache.commons_commons-pool2-2.12.0.jar at spark://spark-master:44109/jars/org.apache.commons_commons-pool2-2.12.0.jar with timestamp 1775987527451
[2026-04-12T09:52:08.581+0000] {subprocess.py:106} INFO - 26/04/12 09:52:08 INFO SparkContext: Added JAR file:///home/spark/.ivy2.5.2/jars/org.apache.hadoop_hadoop-client-runtime-3.4.1.jar at spark://spark-master:44109/jars/org.apache.hadoop_hadoop-client-runtime-3.4.1.jar with timestamp 1775987527451
[2026-04-12T09:52:08.582+0000] {subprocess.py:106} INFO - 26/04/12 09:52:08 INFO SparkContext: Added JAR file:///home/spark/.ivy2.5.2/jars/org.lz4_lz4-java-1.8.0.jar at spark://spark-master:44109/jars/org.lz4_lz4-java-1.8.0.jar with timestamp 1775987527451
[2026-04-12T09:52:08.582+0000] {subprocess.py:106} INFO - 26/04/12 09:52:08 INFO SparkContext: Added JAR file:///home/spark/.ivy2.5.2/jars/org.xerial.snappy_snappy-java-1.1.10.7.jar at spark://spark-master:44109/jars/org.xerial.snappy_snappy-java-1.1.10.7.jar with timestamp 1775987527451
[2026-04-12T09:52:08.583+0000] {subprocess.py:106} INFO - 26/04/12 09:52:08 INFO SparkContext: Added JAR file:///home/spark/.ivy2.5.2/jars/org.slf4j_slf4j-api-2.0.16.jar at spark://spark-master:44109/jars/org.slf4j_slf4j-api-2.0.16.jar with timestamp 1775987527451
[2026-04-12T09:52:08.583+0000] {subprocess.py:106} INFO - 26/04/12 09:52:08 INFO SparkContext: Added JAR file:///home/spark/.ivy2.5.2/jars/org.apache.hadoop_hadoop-client-api-3.4.1.jar at spark://spark-master:44109/jars/org.apache.hadoop_hadoop-client-api-3.4.1.jar with timestamp 1775987527451
[2026-04-12T09:52:08.589+0000] {subprocess.py:106} INFO - 26/04/12 09:52:08 INFO SparkContext: Added file file:///home/spark/.ivy2.5.2/jars/org.apache.spark_spark-sql-kafka-0-10_2.13-4.0.0.jar at file:///home/spark/.ivy2.5.2/jars/org.apache.spark_spark-sql-kafka-0-10_2.13-4.0.0.jar with timestamp 1775987527451
[2026-04-12T09:52:08.593+0000] {subprocess.py:106} INFO - 26/04/12 09:52:08 INFO Utils: Copying /home/spark/.ivy2.5.2/jars/org.apache.spark_spark-sql-kafka-0-10_2.13-4.0.0.jar to /tmp/spark-9ba37a46-35fc-4094-a589-814555acf5e9/userFiles-0ee0b379-a595-4bfa-8a05-f3a426ed8002/org.apache.spark_spark-sql-kafka-0-10_2.13-4.0.0.jar
[2026-04-12T09:52:08.611+0000] {subprocess.py:106} INFO - 26/04/12 09:52:08 INFO SparkContext: Added file file:///home/spark/.ivy2.5.2/jars/org.apache.iceberg_iceberg-spark-runtime-4.0_2.13-1.10.1.jar at file:///home/spark/.ivy2.5.2/jars/org.apache.iceberg_iceberg-spark-runtime-4.0_2.13-1.10.1.jar with timestamp 1775987527451
[2026-04-12T09:52:08.611+0000] {subprocess.py:106} INFO - 26/04/12 09:52:08 INFO Utils: Copying /home/spark/.ivy2.5.2/jars/org.apache.iceberg_iceberg-spark-runtime-4.0_2.13-1.10.1.jar to /tmp/spark-9ba37a46-35fc-4094-a589-814555acf5e9/userFiles-0ee0b379-a595-4bfa-8a05-f3a426ed8002/org.apache.iceberg_iceberg-spark-runtime-4.0_2.13-1.10.1.jar
[2026-04-12T09:52:08.675+0000] {subprocess.py:106} INFO - 26/04/12 09:52:08 INFO SparkContext: Added file file:///home/spark/.ivy2.5.2/jars/org.apache.spark_spark-token-provider-kafka-0-10_2.13-4.0.0.jar at file:///home/spark/.ivy2.5.2/jars/org.apache.spark_spark-token-provider-kafka-0-10_2.13-4.0.0.jar with timestamp 1775987527451
[2026-04-12T09:52:08.676+0000] {subprocess.py:106} INFO - 26/04/12 09:52:08 INFO Utils: Copying /home/spark/.ivy2.5.2/jars/org.apache.spark_spark-token-provider-kafka-0-10_2.13-4.0.0.jar to /tmp/spark-9ba37a46-35fc-4094-a589-814555acf5e9/userFiles-0ee0b379-a595-4bfa-8a05-f3a426ed8002/org.apache.spark_spark-token-provider-kafka-0-10_2.13-4.0.0.jar
[2026-04-12T09:52:08.684+0000] {subprocess.py:106} INFO - 26/04/12 09:52:08 INFO SparkContext: Added file file:///home/spark/.ivy2.5.2/jars/org.scala-lang.modules_scala-parallel-collections_2.13-1.2.0.jar at file:///home/spark/.ivy2.5.2/jars/org.scala-lang.modules_scala-parallel-collections_2.13-1.2.0.jar with timestamp 1775987527451
[2026-04-12T09:52:08.685+0000] {subprocess.py:106} INFO - 26/04/12 09:52:08 INFO Utils: Copying /home/spark/.ivy2.5.2/jars/org.scala-lang.modules_scala-parallel-collections_2.13-1.2.0.jar to /tmp/spark-9ba37a46-35fc-4094-a589-814555acf5e9/userFiles-0ee0b379-a595-4bfa-8a05-f3a426ed8002/org.scala-lang.modules_scala-parallel-collections_2.13-1.2.0.jar
[2026-04-12T09:52:08.694+0000] {subprocess.py:106} INFO - 26/04/12 09:52:08 INFO SparkContext: Added file file:///home/spark/.ivy2.5.2/jars/org.apache.kafka_kafka-clients-3.9.0.jar at file:///home/spark/.ivy2.5.2/jars/org.apache.kafka_kafka-clients-3.9.0.jar with timestamp 1775987527451
[2026-04-12T09:52:08.695+0000] {subprocess.py:106} INFO - 26/04/12 09:52:08 INFO Utils: Copying /home/spark/.ivy2.5.2/jars/org.apache.kafka_kafka-clients-3.9.0.jar to /tmp/spark-9ba37a46-35fc-4094-a589-814555acf5e9/userFiles-0ee0b379-a595-4bfa-8a05-f3a426ed8002/org.apache.kafka_kafka-clients-3.9.0.jar
[2026-04-12T09:52:08.712+0000] {subprocess.py:106} INFO - 26/04/12 09:52:08 INFO SparkContext: Added file file:///home/spark/.ivy2.5.2/jars/com.google.code.findbugs_jsr305-3.0.0.jar at file:///home/spark/.ivy2.5.2/jars/com.google.code.findbugs_jsr305-3.0.0.jar with timestamp 1775987527451
[2026-04-12T09:52:08.713+0000] {subprocess.py:106} INFO - 26/04/12 09:52:08 INFO Utils: Copying /home/spark/.ivy2.5.2/jars/com.google.code.findbugs_jsr305-3.0.0.jar to /tmp/spark-9ba37a46-35fc-4094-a589-814555acf5e9/userFiles-0ee0b379-a595-4bfa-8a05-f3a426ed8002/com.google.code.findbugs_jsr305-3.0.0.jar
[2026-04-12T09:52:08.720+0000] {subprocess.py:106} INFO - 26/04/12 09:52:08 INFO SparkContext: Added file file:///home/spark/.ivy2.5.2/jars/org.apache.commons_commons-pool2-2.12.0.jar at file:///home/spark/.ivy2.5.2/jars/org.apache.commons_commons-pool2-2.12.0.jar with timestamp 1775987527451
[2026-04-12T09:52:08.722+0000] {subprocess.py:106} INFO - 26/04/12 09:52:08 INFO Utils: Copying /home/spark/.ivy2.5.2/jars/org.apache.commons_commons-pool2-2.12.0.jar to /tmp/spark-9ba37a46-35fc-4094-a589-814555acf5e9/userFiles-0ee0b379-a595-4bfa-8a05-f3a426ed8002/org.apache.commons_commons-pool2-2.12.0.jar
[2026-04-12T09:52:08.728+0000] {subprocess.py:106} INFO - 26/04/12 09:52:08 INFO SparkContext: Added file file:///home/spark/.ivy2.5.2/jars/org.apache.hadoop_hadoop-client-runtime-3.4.1.jar at file:///home/spark/.ivy2.5.2/jars/org.apache.hadoop_hadoop-client-runtime-3.4.1.jar with timestamp 1775987527451
[2026-04-12T09:52:08.729+0000] {subprocess.py:106} INFO - 26/04/12 09:52:08 INFO Utils: Copying /home/spark/.ivy2.5.2/jars/org.apache.hadoop_hadoop-client-runtime-3.4.1.jar to /tmp/spark-9ba37a46-35fc-4094-a589-814555acf5e9/userFiles-0ee0b379-a595-4bfa-8a05-f3a426ed8002/org.apache.hadoop_hadoop-client-runtime-3.4.1.jar
[2026-04-12T09:52:08.777+0000] {subprocess.py:106} INFO - 26/04/12 09:52:08 INFO SparkContext: Added file file:///home/spark/.ivy2.5.2/jars/org.lz4_lz4-java-1.8.0.jar at file:///home/spark/.ivy2.5.2/jars/org.lz4_lz4-java-1.8.0.jar with timestamp 1775987527451
[2026-04-12T09:52:08.783+0000] {subprocess.py:106} INFO - 26/04/12 09:52:08 INFO Utils: Copying /home/spark/.ivy2.5.2/jars/org.lz4_lz4-java-1.8.0.jar to /tmp/spark-9ba37a46-35fc-4094-a589-814555acf5e9/userFiles-0ee0b379-a595-4bfa-8a05-f3a426ed8002/org.lz4_lz4-java-1.8.0.jar
[2026-04-12T09:52:08.789+0000] {subprocess.py:106} INFO - 26/04/12 09:52:08 INFO SparkContext: Added file file:///home/spark/.ivy2.5.2/jars/org.xerial.snappy_snappy-java-1.1.10.7.jar at file:///home/spark/.ivy2.5.2/jars/org.xerial.snappy_snappy-java-1.1.10.7.jar with timestamp 1775987527451
[2026-04-12T09:52:08.790+0000] {subprocess.py:106} INFO - 26/04/12 09:52:08 INFO Utils: Copying /home/spark/.ivy2.5.2/jars/org.xerial.snappy_snappy-java-1.1.10.7.jar to /tmp/spark-9ba37a46-35fc-4094-a589-814555acf5e9/userFiles-0ee0b379-a595-4bfa-8a05-f3a426ed8002/org.xerial.snappy_snappy-java-1.1.10.7.jar
[2026-04-12T09:52:08.802+0000] {subprocess.py:106} INFO - 26/04/12 09:52:08 INFO SparkContext: Added file file:///home/spark/.ivy2.5.2/jars/org.slf4j_slf4j-api-2.0.16.jar at file:///home/spark/.ivy2.5.2/jars/org.slf4j_slf4j-api-2.0.16.jar with timestamp 1775987527451
[2026-04-12T09:52:08.804+0000] {subprocess.py:106} INFO - 26/04/12 09:52:08 INFO Utils: Copying /home/spark/.ivy2.5.2/jars/org.slf4j_slf4j-api-2.0.16.jar to /tmp/spark-9ba37a46-35fc-4094-a589-814555acf5e9/userFiles-0ee0b379-a595-4bfa-8a05-f3a426ed8002/org.slf4j_slf4j-api-2.0.16.jar
[2026-04-12T09:52:08.809+0000] {subprocess.py:106} INFO - 26/04/12 09:52:08 INFO SparkContext: Added file file:///home/spark/.ivy2.5.2/jars/org.apache.hadoop_hadoop-client-api-3.4.1.jar at file:///home/spark/.ivy2.5.2/jars/org.apache.hadoop_hadoop-client-api-3.4.1.jar with timestamp 1775987527451
[2026-04-12T09:52:08.812+0000] {subprocess.py:106} INFO - 26/04/12 09:52:08 INFO Utils: Copying /home/spark/.ivy2.5.2/jars/org.apache.hadoop_hadoop-client-api-3.4.1.jar to /tmp/spark-9ba37a46-35fc-4094-a589-814555acf5e9/userFiles-0ee0b379-a595-4bfa-8a05-f3a426ed8002/org.apache.hadoop_hadoop-client-api-3.4.1.jar
[2026-04-12T09:52:08.875+0000] {subprocess.py:106} INFO - 26/04/12 09:52:08 INFO SecurityManager: Changing view acls to: spark
[2026-04-12T09:52:08.877+0000] {subprocess.py:106} INFO - 26/04/12 09:52:08 INFO SecurityManager: Changing modify acls to: spark
[2026-04-12T09:52:08.880+0000] {subprocess.py:106} INFO - 26/04/12 09:52:08 INFO SecurityManager: Changing view acls groups to: spark
[2026-04-12T09:52:08.882+0000] {subprocess.py:106} INFO - 26/04/12 09:52:08 INFO SecurityManager: Changing modify acls groups to: spark
[2026-04-12T09:52:08.882+0000] {subprocess.py:106} INFO - 26/04/12 09:52:08 INFO SecurityManager: SecurityManager: authentication disabled; ui acls disabled; users with view permissions: spark groups with view permissions: EMPTY; users with modify permissions: spark; groups with modify permissions: EMPTY; RPC SSL disabled
[2026-04-12T09:52:09.139+0000] {subprocess.py:106} INFO - 26/04/12 09:52:09 INFO Executor: Starting executor ID driver on host spark-master
[2026-04-12T09:52:09.140+0000] {subprocess.py:106} INFO - 26/04/12 09:52:09 INFO Executor: OS info Linux, 6.6.87.2-microsoft-standard-WSL2, amd64
[2026-04-12T09:52:09.141+0000] {subprocess.py:106} INFO - 26/04/12 09:52:09 INFO Executor: Java version 21.0.10
[2026-04-12T09:52:09.156+0000] {subprocess.py:106} INFO - 26/04/12 09:52:09 INFO Executor: Starting executor with user classpath (userClassPathFirst = false): ''
[2026-04-12T09:52:09.158+0000] {subprocess.py:106} INFO - 26/04/12 09:52:09 INFO Executor: Created or updated repl class loader org.apache.spark.util.MutableURLClassLoader@78b574c7 for default.
[2026-04-12T09:52:09.173+0000] {subprocess.py:106} INFO - 26/04/12 09:52:09 INFO Executor: Fetching file:///home/spark/.ivy2.5.2/jars/org.lz4_lz4-java-1.8.0.jar with timestamp 1775987527451
[2026-04-12T09:52:09.196+0000] {subprocess.py:106} INFO - 26/04/12 09:52:09 INFO Utils: /home/spark/.ivy2.5.2/jars/org.lz4_lz4-java-1.8.0.jar has been previously copied to /tmp/spark-9ba37a46-35fc-4094-a589-814555acf5e9/userFiles-0ee0b379-a595-4bfa-8a05-f3a426ed8002/org.lz4_lz4-java-1.8.0.jar
[2026-04-12T09:52:09.200+0000] {subprocess.py:106} INFO - 26/04/12 09:52:09 INFO Executor: Fetching file:///home/spark/.ivy2.5.2/jars/org.scala-lang.modules_scala-parallel-collections_2.13-1.2.0.jar with timestamp 1775987527451
[2026-04-12T09:52:09.201+0000] {subprocess.py:106} INFO - 26/04/12 09:52:09 INFO Utils: /home/spark/.ivy2.5.2/jars/org.scala-lang.modules_scala-parallel-collections_2.13-1.2.0.jar has been previously copied to /tmp/spark-9ba37a46-35fc-4094-a589-814555acf5e9/userFiles-0ee0b379-a595-4bfa-8a05-f3a426ed8002/org.scala-lang.modules_scala-parallel-collections_2.13-1.2.0.jar
[2026-04-12T09:52:09.205+0000] {subprocess.py:106} INFO - 26/04/12 09:52:09 INFO Executor: Fetching file:///home/spark/.ivy2.5.2/jars/org.apache.kafka_kafka-clients-3.9.0.jar with timestamp 1775987527451
[2026-04-12T09:52:09.210+0000] {subprocess.py:106} INFO - 26/04/12 09:52:09 INFO Utils: /home/spark/.ivy2.5.2/jars/org.apache.kafka_kafka-clients-3.9.0.jar has been previously copied to /tmp/spark-9ba37a46-35fc-4094-a589-814555acf5e9/userFiles-0ee0b379-a595-4bfa-8a05-f3a426ed8002/org.apache.kafka_kafka-clients-3.9.0.jar
[2026-04-12T09:52:09.214+0000] {subprocess.py:106} INFO - 26/04/12 09:52:09 INFO Executor: Fetching file:///home/spark/.ivy2.5.2/jars/org.apache.spark_spark-sql-kafka-0-10_2.13-4.0.0.jar with timestamp 1775987527451
[2026-04-12T09:52:09.214+0000] {subprocess.py:106} INFO - 26/04/12 09:52:09 INFO Utils: /home/spark/.ivy2.5.2/jars/org.apache.spark_spark-sql-kafka-0-10_2.13-4.0.0.jar has been previously copied to /tmp/spark-9ba37a46-35fc-4094-a589-814555acf5e9/userFiles-0ee0b379-a595-4bfa-8a05-f3a426ed8002/org.apache.spark_spark-sql-kafka-0-10_2.13-4.0.0.jar
[2026-04-12T09:52:09.218+0000] {subprocess.py:106} INFO - 26/04/12 09:52:09 INFO Executor: Fetching file:///home/spark/.ivy2.5.2/jars/org.apache.hadoop_hadoop-client-api-3.4.1.jar with timestamp 1775987527451
[2026-04-12T09:52:09.229+0000] {subprocess.py:106} INFO - 26/04/12 09:52:09 INFO Utils: /home/spark/.ivy2.5.2/jars/org.apache.hadoop_hadoop-client-api-3.4.1.jar has been previously copied to /tmp/spark-9ba37a46-35fc-4094-a589-814555acf5e9/userFiles-0ee0b379-a595-4bfa-8a05-f3a426ed8002/org.apache.hadoop_hadoop-client-api-3.4.1.jar
[2026-04-12T09:52:09.232+0000] {subprocess.py:106} INFO - 26/04/12 09:52:09 INFO Executor: Fetching file:///home/spark/.ivy2.5.2/jars/org.apache.commons_commons-pool2-2.12.0.jar with timestamp 1775987527451
[2026-04-12T09:52:09.233+0000] {subprocess.py:106} INFO - 26/04/12 09:52:09 INFO Utils: /home/spark/.ivy2.5.2/jars/org.apache.commons_commons-pool2-2.12.0.jar has been previously copied to /tmp/spark-9ba37a46-35fc-4094-a589-814555acf5e9/userFiles-0ee0b379-a595-4bfa-8a05-f3a426ed8002/org.apache.commons_commons-pool2-2.12.0.jar
[2026-04-12T09:52:09.237+0000] {subprocess.py:106} INFO - 26/04/12 09:52:09 INFO Executor: Fetching file:///home/spark/.ivy2.5.2/jars/org.slf4j_slf4j-api-2.0.16.jar with timestamp 1775987527451
[2026-04-12T09:52:09.238+0000] {subprocess.py:106} INFO - 26/04/12 09:52:09 INFO Utils: /home/spark/.ivy2.5.2/jars/org.slf4j_slf4j-api-2.0.16.jar has been previously copied to /tmp/spark-9ba37a46-35fc-4094-a589-814555acf5e9/userFiles-0ee0b379-a595-4bfa-8a05-f3a426ed8002/org.slf4j_slf4j-api-2.0.16.jar
[2026-04-12T09:52:09.241+0000] {subprocess.py:106} INFO - 26/04/12 09:52:09 INFO Executor: Fetching file:///home/spark/.ivy2.5.2/jars/org.apache.iceberg_iceberg-spark-runtime-4.0_2.13-1.10.1.jar with timestamp 1775987527451
[2026-04-12T09:52:09.265+0000] {subprocess.py:106} INFO - 26/04/12 09:52:09 INFO Utils: /home/spark/.ivy2.5.2/jars/org.apache.iceberg_iceberg-spark-runtime-4.0_2.13-1.10.1.jar has been previously copied to /tmp/spark-9ba37a46-35fc-4094-a589-814555acf5e9/userFiles-0ee0b379-a595-4bfa-8a05-f3a426ed8002/org.apache.iceberg_iceberg-spark-runtime-4.0_2.13-1.10.1.jar
[2026-04-12T09:52:09.269+0000] {subprocess.py:106} INFO - 26/04/12 09:52:09 INFO Executor: Fetching file:///home/spark/.ivy2.5.2/jars/org.apache.hadoop_hadoop-client-runtime-3.4.1.jar with timestamp 1775987527451
[2026-04-12T09:52:09.283+0000] {subprocess.py:106} INFO - 26/04/12 09:52:09 INFO Utils: /home/spark/.ivy2.5.2/jars/org.apache.hadoop_hadoop-client-runtime-3.4.1.jar has been previously copied to /tmp/spark-9ba37a46-35fc-4094-a589-814555acf5e9/userFiles-0ee0b379-a595-4bfa-8a05-f3a426ed8002/org.apache.hadoop_hadoop-client-runtime-3.4.1.jar
[2026-04-12T09:52:09.287+0000] {subprocess.py:106} INFO - 26/04/12 09:52:09 INFO Executor: Fetching file:///home/spark/.ivy2.5.2/jars/org.apache.spark_spark-token-provider-kafka-0-10_2.13-4.0.0.jar with timestamp 1775987527451
[2026-04-12T09:52:09.287+0000] {subprocess.py:106} INFO - 26/04/12 09:52:09 INFO Utils: /home/spark/.ivy2.5.2/jars/org.apache.spark_spark-token-provider-kafka-0-10_2.13-4.0.0.jar has been previously copied to /tmp/spark-9ba37a46-35fc-4094-a589-814555acf5e9/userFiles-0ee0b379-a595-4bfa-8a05-f3a426ed8002/org.apache.spark_spark-token-provider-kafka-0-10_2.13-4.0.0.jar
[2026-04-12T09:52:09.290+0000] {subprocess.py:106} INFO - 26/04/12 09:52:09 INFO Executor: Fetching file:///home/spark/.ivy2.5.2/jars/com.google.code.findbugs_jsr305-3.0.0.jar with timestamp 1775987527451
[2026-04-12T09:52:09.291+0000] {subprocess.py:106} INFO - 26/04/12 09:52:09 INFO Utils: /home/spark/.ivy2.5.2/jars/com.google.code.findbugs_jsr305-3.0.0.jar has been previously copied to /tmp/spark-9ba37a46-35fc-4094-a589-814555acf5e9/userFiles-0ee0b379-a595-4bfa-8a05-f3a426ed8002/com.google.code.findbugs_jsr305-3.0.0.jar
[2026-04-12T09:52:09.294+0000] {subprocess.py:106} INFO - 26/04/12 09:52:09 INFO Executor: Fetching file:///home/spark/.ivy2.5.2/jars/org.xerial.snappy_snappy-java-1.1.10.7.jar with timestamp 1775987527451
[2026-04-12T09:52:09.296+0000] {subprocess.py:106} INFO - 26/04/12 09:52:09 INFO Utils: /home/spark/.ivy2.5.2/jars/org.xerial.snappy_snappy-java-1.1.10.7.jar has been previously copied to /tmp/spark-9ba37a46-35fc-4094-a589-814555acf5e9/userFiles-0ee0b379-a595-4bfa-8a05-f3a426ed8002/org.xerial.snappy_snappy-java-1.1.10.7.jar
[2026-04-12T09:52:09.302+0000] {subprocess.py:106} INFO - 26/04/12 09:52:09 INFO Executor: Fetching spark://spark-master:44109/jars/org.lz4_lz4-java-1.8.0.jar with timestamp 1775987527451
[2026-04-12T09:52:09.347+0000] {subprocess.py:106} INFO - 26/04/12 09:52:09 INFO TransportClientFactory: Successfully created connection to spark-master/172.20.0.5:44109 after 29 ms (0 ms spent in bootstraps)
[2026-04-12T09:52:09.356+0000] {subprocess.py:106} INFO - 26/04/12 09:52:09 INFO Utils: Fetching spark://spark-master:44109/jars/org.lz4_lz4-java-1.8.0.jar to /tmp/spark-9ba37a46-35fc-4094-a589-814555acf5e9/userFiles-0ee0b379-a595-4bfa-8a05-f3a426ed8002/fetchFileTemp16018534890334942068.tmp
[2026-04-12T09:52:09.382+0000] {subprocess.py:106} INFO - 26/04/12 09:52:09 INFO Utils: /tmp/spark-9ba37a46-35fc-4094-a589-814555acf5e9/userFiles-0ee0b379-a595-4bfa-8a05-f3a426ed8002/fetchFileTemp16018534890334942068.tmp has been previously copied to /tmp/spark-9ba37a46-35fc-4094-a589-814555acf5e9/userFiles-0ee0b379-a595-4bfa-8a05-f3a426ed8002/org.lz4_lz4-java-1.8.0.jar
[2026-04-12T09:52:09.393+0000] {subprocess.py:106} INFO - 26/04/12 09:52:09 INFO Executor: Adding file:/tmp/spark-9ba37a46-35fc-4094-a589-814555acf5e9/userFiles-0ee0b379-a595-4bfa-8a05-f3a426ed8002/org.lz4_lz4-java-1.8.0.jar to class loader default
[2026-04-12T09:52:09.394+0000] {subprocess.py:106} INFO - 26/04/12 09:52:09 INFO Executor: Fetching spark://spark-master:44109/jars/org.apache.spark_spark-sql-kafka-0-10_2.13-4.0.0.jar with timestamp 1775987527451
[2026-04-12T09:52:09.395+0000] {subprocess.py:106} INFO - 26/04/12 09:52:09 INFO Utils: Fetching spark://spark-master:44109/jars/org.apache.spark_spark-sql-kafka-0-10_2.13-4.0.0.jar to /tmp/spark-9ba37a46-35fc-4094-a589-814555acf5e9/userFiles-0ee0b379-a595-4bfa-8a05-f3a426ed8002/fetchFileTemp2356639264366689002.tmp
[2026-04-12T09:52:09.400+0000] {subprocess.py:106} INFO - 26/04/12 09:52:09 INFO Utils: /tmp/spark-9ba37a46-35fc-4094-a589-814555acf5e9/userFiles-0ee0b379-a595-4bfa-8a05-f3a426ed8002/fetchFileTemp2356639264366689002.tmp has been previously copied to /tmp/spark-9ba37a46-35fc-4094-a589-814555acf5e9/userFiles-0ee0b379-a595-4bfa-8a05-f3a426ed8002/org.apache.spark_spark-sql-kafka-0-10_2.13-4.0.0.jar
[2026-04-12T09:52:09.407+0000] {subprocess.py:106} INFO - 26/04/12 09:52:09 INFO Executor: Adding file:/tmp/spark-9ba37a46-35fc-4094-a589-814555acf5e9/userFiles-0ee0b379-a595-4bfa-8a05-f3a426ed8002/org.apache.spark_spark-sql-kafka-0-10_2.13-4.0.0.jar to class loader default
[2026-04-12T09:52:09.408+0000] {subprocess.py:106} INFO - 26/04/12 09:52:09 INFO Executor: Fetching spark://spark-master:44109/jars/com.google.code.findbugs_jsr305-3.0.0.jar with timestamp 1775987527451
[2026-04-12T09:52:09.408+0000] {subprocess.py:106} INFO - 26/04/12 09:52:09 INFO Utils: Fetching spark://spark-master:44109/jars/com.google.code.findbugs_jsr305-3.0.0.jar to /tmp/spark-9ba37a46-35fc-4094-a589-814555acf5e9/userFiles-0ee0b379-a595-4bfa-8a05-f3a426ed8002/fetchFileTemp16875390113581245074.tmp
[2026-04-12T09:52:09.410+0000] {subprocess.py:106} INFO - 26/04/12 09:52:09 INFO Utils: /tmp/spark-9ba37a46-35fc-4094-a589-814555acf5e9/userFiles-0ee0b379-a595-4bfa-8a05-f3a426ed8002/fetchFileTemp16875390113581245074.tmp has been previously copied to /tmp/spark-9ba37a46-35fc-4094-a589-814555acf5e9/userFiles-0ee0b379-a595-4bfa-8a05-f3a426ed8002/com.google.code.findbugs_jsr305-3.0.0.jar
[2026-04-12T09:52:09.415+0000] {subprocess.py:106} INFO - 26/04/12 09:52:09 INFO Executor: Adding file:/tmp/spark-9ba37a46-35fc-4094-a589-814555acf5e9/userFiles-0ee0b379-a595-4bfa-8a05-f3a426ed8002/com.google.code.findbugs_jsr305-3.0.0.jar to class loader default
[2026-04-12T09:52:09.415+0000] {subprocess.py:106} INFO - 26/04/12 09:52:09 INFO Executor: Fetching spark://spark-master:44109/jars/org.apache.spark_spark-token-provider-kafka-0-10_2.13-4.0.0.jar with timestamp 1775987527451
[2026-04-12T09:52:09.417+0000] {subprocess.py:106} INFO - 26/04/12 09:52:09 INFO Utils: Fetching spark://spark-master:44109/jars/org.apache.spark_spark-token-provider-kafka-0-10_2.13-4.0.0.jar to /tmp/spark-9ba37a46-35fc-4094-a589-814555acf5e9/userFiles-0ee0b379-a595-4bfa-8a05-f3a426ed8002/fetchFileTemp9360320831553481747.tmp
[2026-04-12T09:52:09.418+0000] {subprocess.py:106} INFO - 26/04/12 09:52:09 INFO Utils: /tmp/spark-9ba37a46-35fc-4094-a589-814555acf5e9/userFiles-0ee0b379-a595-4bfa-8a05-f3a426ed8002/fetchFileTemp9360320831553481747.tmp has been previously copied to /tmp/spark-9ba37a46-35fc-4094-a589-814555acf5e9/userFiles-0ee0b379-a595-4bfa-8a05-f3a426ed8002/org.apache.spark_spark-token-provider-kafka-0-10_2.13-4.0.0.jar
[2026-04-12T09:52:09.423+0000] {subprocess.py:106} INFO - 26/04/12 09:52:09 INFO Executor: Adding file:/tmp/spark-9ba37a46-35fc-4094-a589-814555acf5e9/userFiles-0ee0b379-a595-4bfa-8a05-f3a426ed8002/org.apache.spark_spark-token-provider-kafka-0-10_2.13-4.0.0.jar to class loader default
[2026-04-12T09:52:09.423+0000] {subprocess.py:106} INFO - 26/04/12 09:52:09 INFO Executor: Fetching spark://spark-master:44109/jars/org.xerial.snappy_snappy-java-1.1.10.7.jar with timestamp 1775987527451
[2026-04-12T09:52:09.424+0000] {subprocess.py:106} INFO - 26/04/12 09:52:09 INFO Utils: Fetching spark://spark-master:44109/jars/org.xerial.snappy_snappy-java-1.1.10.7.jar to /tmp/spark-9ba37a46-35fc-4094-a589-814555acf5e9/userFiles-0ee0b379-a595-4bfa-8a05-f3a426ed8002/fetchFileTemp2868155033980025805.tmp
[2026-04-12T09:52:09.439+0000] {subprocess.py:106} INFO - 26/04/12 09:52:09 INFO Utils: /tmp/spark-9ba37a46-35fc-4094-a589-814555acf5e9/userFiles-0ee0b379-a595-4bfa-8a05-f3a426ed8002/fetchFileTemp2868155033980025805.tmp has been previously copied to /tmp/spark-9ba37a46-35fc-4094-a589-814555acf5e9/userFiles-0ee0b379-a595-4bfa-8a05-f3a426ed8002/org.xerial.snappy_snappy-java-1.1.10.7.jar
[2026-04-12T09:52:09.461+0000] {subprocess.py:106} INFO - 26/04/12 09:52:09 INFO Executor: Adding file:/tmp/spark-9ba37a46-35fc-4094-a589-814555acf5e9/userFiles-0ee0b379-a595-4bfa-8a05-f3a426ed8002/org.xerial.snappy_snappy-java-1.1.10.7.jar to class loader default
[2026-04-12T09:52:09.462+0000] {subprocess.py:106} INFO - 26/04/12 09:52:09 INFO Executor: Fetching spark://spark-master:44109/jars/org.scala-lang.modules_scala-parallel-collections_2.13-1.2.0.jar with timestamp 1775987527451
[2026-04-12T09:52:09.462+0000] {subprocess.py:106} INFO - 26/04/12 09:52:09 INFO Utils: Fetching spark://spark-master:44109/jars/org.scala-lang.modules_scala-parallel-collections_2.13-1.2.0.jar to /tmp/spark-9ba37a46-35fc-4094-a589-814555acf5e9/userFiles-0ee0b379-a595-4bfa-8a05-f3a426ed8002/fetchFileTemp4374803264280313444.tmp
[2026-04-12T09:52:09.470+0000] {subprocess.py:106} INFO - 26/04/12 09:52:09 INFO Utils: /tmp/spark-9ba37a46-35fc-4094-a589-814555acf5e9/userFiles-0ee0b379-a595-4bfa-8a05-f3a426ed8002/fetchFileTemp4374803264280313444.tmp has been previously copied to /tmp/spark-9ba37a46-35fc-4094-a589-814555acf5e9/userFiles-0ee0b379-a595-4bfa-8a05-f3a426ed8002/org.scala-lang.modules_scala-parallel-collections_2.13-1.2.0.jar
[2026-04-12T09:52:09.482+0000] {subprocess.py:106} INFO - 26/04/12 09:52:09 INFO Executor: Adding file:/tmp/spark-9ba37a46-35fc-4094-a589-814555acf5e9/userFiles-0ee0b379-a595-4bfa-8a05-f3a426ed8002/org.scala-lang.modules_scala-parallel-collections_2.13-1.2.0.jar to class loader default
[2026-04-12T09:52:09.482+0000] {subprocess.py:106} INFO - 26/04/12 09:52:09 INFO Executor: Fetching spark://spark-master:44109/jars/org.apache.kafka_kafka-clients-3.9.0.jar with timestamp 1775987527451
[2026-04-12T09:52:09.483+0000] {subprocess.py:106} INFO - 26/04/12 09:52:09 INFO Utils: Fetching spark://spark-master:44109/jars/org.apache.kafka_kafka-clients-3.9.0.jar to /tmp/spark-9ba37a46-35fc-4094-a589-814555acf5e9/userFiles-0ee0b379-a595-4bfa-8a05-f3a426ed8002/fetchFileTemp7379025590866453001.tmp
[2026-04-12T09:52:09.516+0000] {subprocess.py:106} INFO - 26/04/12 09:52:09 INFO Utils: /tmp/spark-9ba37a46-35fc-4094-a589-814555acf5e9/userFiles-0ee0b379-a595-4bfa-8a05-f3a426ed8002/fetchFileTemp7379025590866453001.tmp has been previously copied to /tmp/spark-9ba37a46-35fc-4094-a589-814555acf5e9/userFiles-0ee0b379-a595-4bfa-8a05-f3a426ed8002/org.apache.kafka_kafka-clients-3.9.0.jar
[2026-04-12T09:52:09.592+0000] {subprocess.py:106} INFO - 26/04/12 09:52:09 INFO Executor: Adding file:/tmp/spark-9ba37a46-35fc-4094-a589-814555acf5e9/userFiles-0ee0b379-a595-4bfa-8a05-f3a426ed8002/org.apache.kafka_kafka-clients-3.9.0.jar to class loader default
[2026-04-12T09:52:09.594+0000] {subprocess.py:106} INFO - 26/04/12 09:52:09 INFO Executor: Fetching spark://spark-master:44109/jars/org.apache.iceberg_iceberg-spark-runtime-4.0_2.13-1.10.1.jar with timestamp 1775987527451
[2026-04-12T09:52:09.595+0000] {subprocess.py:106} INFO - 26/04/12 09:52:09 INFO Utils: Fetching spark://spark-master:44109/jars/org.apache.iceberg_iceberg-spark-runtime-4.0_2.13-1.10.1.jar to /tmp/spark-9ba37a46-35fc-4094-a589-814555acf5e9/userFiles-0ee0b379-a595-4bfa-8a05-f3a426ed8002/fetchFileTemp13872536308884658972.tmp
[2026-04-12T09:52:09.786+0000] {subprocess.py:106} INFO - 26/04/12 09:52:09 INFO Utils: /tmp/spark-9ba37a46-35fc-4094-a589-814555acf5e9/userFiles-0ee0b379-a595-4bfa-8a05-f3a426ed8002/fetchFileTemp13872536308884658972.tmp has been previously copied to /tmp/spark-9ba37a46-35fc-4094-a589-814555acf5e9/userFiles-0ee0b379-a595-4bfa-8a05-f3a426ed8002/org.apache.iceberg_iceberg-spark-runtime-4.0_2.13-1.10.1.jar
[2026-04-12T09:52:10.149+0000] {subprocess.py:106} INFO - 26/04/12 09:52:10 INFO Executor: Adding file:/tmp/spark-9ba37a46-35fc-4094-a589-814555acf5e9/userFiles-0ee0b379-a595-4bfa-8a05-f3a426ed8002/org.apache.iceberg_iceberg-spark-runtime-4.0_2.13-1.10.1.jar to class loader default
[2026-04-12T09:52:10.150+0000] {subprocess.py:106} INFO - 26/04/12 09:52:10 INFO Executor: Fetching spark://spark-master:44109/jars/org.apache.hadoop_hadoop-client-api-3.4.1.jar with timestamp 1775987527451
[2026-04-12T09:52:10.150+0000] {subprocess.py:106} INFO - 26/04/12 09:52:10 INFO Utils: Fetching spark://spark-master:44109/jars/org.apache.hadoop_hadoop-client-api-3.4.1.jar to /tmp/spark-9ba37a46-35fc-4094-a589-814555acf5e9/userFiles-0ee0b379-a595-4bfa-8a05-f3a426ed8002/fetchFileTemp16832537080337322745.tmp
[2026-04-12T09:52:10.222+0000] {subprocess.py:106} INFO - 26/04/12 09:52:10 INFO Utils: /tmp/spark-9ba37a46-35fc-4094-a589-814555acf5e9/userFiles-0ee0b379-a595-4bfa-8a05-f3a426ed8002/fetchFileTemp16832537080337322745.tmp has been previously copied to /tmp/spark-9ba37a46-35fc-4094-a589-814555acf5e9/userFiles-0ee0b379-a595-4bfa-8a05-f3a426ed8002/org.apache.hadoop_hadoop-client-api-3.4.1.jar
[2026-04-12T09:52:10.377+0000] {subprocess.py:106} INFO - 26/04/12 09:52:10 INFO Executor: Adding file:/tmp/spark-9ba37a46-35fc-4094-a589-814555acf5e9/userFiles-0ee0b379-a595-4bfa-8a05-f3a426ed8002/org.apache.hadoop_hadoop-client-api-3.4.1.jar to class loader default
[2026-04-12T09:52:10.377+0000] {subprocess.py:106} INFO - 26/04/12 09:52:10 INFO Executor: Fetching spark://spark-master:44109/jars/org.slf4j_slf4j-api-2.0.16.jar with timestamp 1775987527451
[2026-04-12T09:52:10.378+0000] {subprocess.py:106} INFO - 26/04/12 09:52:10 INFO Utils: Fetching spark://spark-master:44109/jars/org.slf4j_slf4j-api-2.0.16.jar to /tmp/spark-9ba37a46-35fc-4094-a589-814555acf5e9/userFiles-0ee0b379-a595-4bfa-8a05-f3a426ed8002/fetchFileTemp14120003786464936714.tmp
[2026-04-12T09:52:10.381+0000] {subprocess.py:106} INFO - 26/04/12 09:52:10 INFO Utils: /tmp/spark-9ba37a46-35fc-4094-a589-814555acf5e9/userFiles-0ee0b379-a595-4bfa-8a05-f3a426ed8002/fetchFileTemp14120003786464936714.tmp has been previously copied to /tmp/spark-9ba37a46-35fc-4094-a589-814555acf5e9/userFiles-0ee0b379-a595-4bfa-8a05-f3a426ed8002/org.slf4j_slf4j-api-2.0.16.jar
[2026-04-12T09:52:10.385+0000] {subprocess.py:106} INFO - 26/04/12 09:52:10 INFO Executor: Adding file:/tmp/spark-9ba37a46-35fc-4094-a589-814555acf5e9/userFiles-0ee0b379-a595-4bfa-8a05-f3a426ed8002/org.slf4j_slf4j-api-2.0.16.jar to class loader default
[2026-04-12T09:52:10.385+0000] {subprocess.py:106} INFO - 26/04/12 09:52:10 INFO Executor: Fetching spark://spark-master:44109/jars/org.apache.hadoop_hadoop-client-runtime-3.4.1.jar with timestamp 1775987527451
[2026-04-12T09:52:10.386+0000] {subprocess.py:106} INFO - 26/04/12 09:52:10 INFO Utils: Fetching spark://spark-master:44109/jars/org.apache.hadoop_hadoop-client-runtime-3.4.1.jar to /tmp/spark-9ba37a46-35fc-4094-a589-814555acf5e9/userFiles-0ee0b379-a595-4bfa-8a05-f3a426ed8002/fetchFileTemp16302985183172988355.tmp
[2026-04-12T09:52:10.487+0000] {subprocess.py:106} INFO - 26/04/12 09:52:10 INFO Utils: /tmp/spark-9ba37a46-35fc-4094-a589-814555acf5e9/userFiles-0ee0b379-a595-4bfa-8a05-f3a426ed8002/fetchFileTemp16302985183172988355.tmp has been previously copied to /tmp/spark-9ba37a46-35fc-4094-a589-814555acf5e9/userFiles-0ee0b379-a595-4bfa-8a05-f3a426ed8002/org.apache.hadoop_hadoop-client-runtime-3.4.1.jar
[2026-04-12T09:52:10.728+0000] {subprocess.py:106} INFO - 26/04/12 09:52:10 INFO Executor: Adding file:/tmp/spark-9ba37a46-35fc-4094-a589-814555acf5e9/userFiles-0ee0b379-a595-4bfa-8a05-f3a426ed8002/org.apache.hadoop_hadoop-client-runtime-3.4.1.jar to class loader default
[2026-04-12T09:52:10.728+0000] {subprocess.py:106} INFO - 26/04/12 09:52:10 INFO Executor: Fetching spark://spark-master:44109/jars/org.apache.commons_commons-pool2-2.12.0.jar with timestamp 1775987527451
[2026-04-12T09:52:10.729+0000] {subprocess.py:106} INFO - 26/04/12 09:52:10 INFO Utils: Fetching spark://spark-master:44109/jars/org.apache.commons_commons-pool2-2.12.0.jar to /tmp/spark-9ba37a46-35fc-4094-a589-814555acf5e9/userFiles-0ee0b379-a595-4bfa-8a05-f3a426ed8002/fetchFileTemp14093776184396714264.tmp
[2026-04-12T09:52:10.730+0000] {subprocess.py:106} INFO - 26/04/12 09:52:10 INFO Utils: /tmp/spark-9ba37a46-35fc-4094-a589-814555acf5e9/userFiles-0ee0b379-a595-4bfa-8a05-f3a426ed8002/fetchFileTemp14093776184396714264.tmp has been previously copied to /tmp/spark-9ba37a46-35fc-4094-a589-814555acf5e9/userFiles-0ee0b379-a595-4bfa-8a05-f3a426ed8002/org.apache.commons_commons-pool2-2.12.0.jar
[2026-04-12T09:52:10.736+0000] {subprocess.py:106} INFO - 26/04/12 09:52:10 INFO Executor: Adding file:/tmp/spark-9ba37a46-35fc-4094-a589-814555acf5e9/userFiles-0ee0b379-a595-4bfa-8a05-f3a426ed8002/org.apache.commons_commons-pool2-2.12.0.jar to class loader default
[2026-04-12T09:52:10.756+0000] {subprocess.py:106} INFO - 26/04/12 09:52:10 INFO Utils: Successfully started service 'org.apache.spark.network.netty.NettyBlockTransferService' on port 44287.
[2026-04-12T09:52:10.759+0000] {subprocess.py:106} INFO - 26/04/12 09:52:10 INFO NettyBlockTransferService: Server created on spark-master:44287
[2026-04-12T09:52:10.762+0000] {subprocess.py:106} INFO - 26/04/12 09:52:10 INFO BlockManager: Using org.apache.spark.storage.RandomBlockReplicationPolicy for block replication policy
[2026-04-12T09:52:10.784+0000] {subprocess.py:106} INFO - 26/04/12 09:52:10 INFO BlockManagerMaster: Registering BlockManager BlockManagerId(driver, spark-master, 44287, None)
[2026-04-12T09:52:10.791+0000] {subprocess.py:106} INFO - 26/04/12 09:52:10 INFO BlockManagerMasterEndpoint: Registering block manager spark-master:44287 with 1048.8 MiB RAM, BlockManagerId(driver, spark-master, 44287, None)
[2026-04-12T09:52:10.794+0000] {subprocess.py:106} INFO - 26/04/12 09:52:10 INFO BlockManagerMaster: Registered BlockManager BlockManagerId(driver, spark-master, 44287, None)
[2026-04-12T09:52:10.796+0000] {subprocess.py:106} INFO - 26/04/12 09:52:10 INFO BlockManager: Initialized BlockManager: BlockManagerId(driver, spark-master, 44287, None)
[2026-04-12T09:52:14.439+0000] {subprocess.py:106} INFO - Spark + Iceberg ready!
[2026-04-12T09:52:14.463+0000] {subprocess.py:106} INFO - 26/04/12 09:52:14 INFO SharedState: spark.sql.warehouse.dir is not set, but hive.metastore.warehouse.dir is set. Setting spark.sql.warehouse.dir to the value of hive.metastore.warehouse.dir.
[2026-04-12T09:52:14.839+0000] {subprocess.py:106} INFO - 26/04/12 09:52:14 INFO SharedState: Warehouse path is 'hdfs://23133083thuyvan-master:9000/user/hive/warehouse'.
[2026-04-12T09:52:15.987+0000] {subprocess.py:106} INFO - 26/04/12 09:52:15 INFO CatalogUtil: Loading custom FileIO implementation: org.apache.iceberg.hadoop.HadoopFileIO
[2026-04-12T09:52:16.863+0000] {subprocess.py:106} INFO - 26/04/12 09:52:16 INFO HiveConf: Found configuration file file:/home/spark/spark/conf/hive-site.xml
[2026-04-12T09:52:17.058+0000] {subprocess.py:106} INFO - 26/04/12 09:52:17 INFO metastore: Trying to connect to metastore with URI thrift://23133083thuyvan-master:9083
[2026-04-12T09:52:17.079+0000] {subprocess.py:106} INFO - 26/04/12 09:52:17 INFO metastore: Opened a connection to metastore, current connections: 1
[2026-04-12T09:52:17.108+0000] {subprocess.py:106} INFO - 26/04/12 09:52:17 INFO metastore: Connected to metastore.
[2026-04-12T09:52:17.220+0000] {subprocess.py:106} INFO - Iceberg schema 'iceberg.air_quality_db' ready!
[2026-04-12T09:52:17.474+0000] {subprocess.py:106} INFO - 26/04/12 09:52:17 WARN SparkStringUtils: Truncated the string representation of a plan since it was too large. This behavior can be adjusted by setting 'spark.sql.debug.maxToStringFields'.
[2026-04-12T09:52:17.542+0000] {subprocess.py:106} INFO - 26/04/12 09:52:17 INFO BaseMetastoreTableOperations: Refreshing table metadata from new version: hdfs://23133083thuyvan-master:9000/user/hive/lakehouse/silver/air_quality_silver/metadata/00000-dcc929a9-39b0-49f7-ab4e-d198189dc5b1.metadata.json
[2026-04-12T09:52:18.156+0000] {subprocess.py:106} INFO - 26/04/12 09:52:18 INFO BaseMetastoreCatalog: Table loaded by catalog: iceberg.air_quality_db.air_quality_silver
[2026-04-12T09:52:18.168+0000] {subprocess.py:106} INFO - Iceberg table 'weather_real_time' ready!
[2026-04-12T09:52:19.212+0000] {subprocess.py:106} INFO - 26/04/12 09:52:19 INFO StateStoreCoordinatorRef: Registered StateStoreCoordinator endpoint
[2026-04-12T09:52:19.290+0000] {subprocess.py:106} INFO - 26/04/12 09:52:19 INFO ResolveWriteToStream: Checkpoint root hdfs://23133083thuyvan-master:9000/user/hive/checkpoints/air_quality_realtime resolved to hdfs://23133083thuyvan-master:9000/user/hive/checkpoints/air_quality_realtime.
[2026-04-12T09:52:19.290+0000] {subprocess.py:106} INFO - 26/04/12 09:52:19 WARN ResolveWriteToStream: spark.sql.adaptive.enabled is not supported in streaming DataFrames/Datasets and will be disabled.
[2026-04-12T09:52:19.453+0000] {subprocess.py:106} INFO - 26/04/12 09:52:19 INFO MicroBatchExecution: Starting [id = fffa4a28-b831-4a17-a849-992bff20d106, runId = d9cd08e7-64ca-49bd-8fd7-99e801ee0c9a]. Use hdfs://23133083thuyvan-master:9000/user/hive/checkpoints/air_quality_realtime to store the query checkpoint.
[2026-04-12T09:52:19.460+0000] {subprocess.py:106} INFO - Streaming job started! Listening to 'weather-topic'...
[2026-04-12T09:52:19.468+0000] {subprocess.py:106} INFO - 26/04/12 09:52:19 INFO MicroBatchExecution: Reading table [org.apache.spark.sql.kafka010.KafkaSourceProvider$KafkaTable@146c5816] from DataSourceV2 named 'kafka' [org.apache.spark.sql.kafka010.KafkaSourceProvider@606323b8]
[2026-04-12T09:52:19.523+0000] {subprocess.py:106} INFO - 26/04/12 09:52:19 INFO MicroBatchExecution: Finish initializing with logical plan:
[2026-04-12T09:52:19.524+0000] {subprocess.py:106} INFO - ~WriteToMicroBatchDataSourceV1 ForeachBatchSink, fffa4a28-b831-4a17-a849-992bff20d106, [checkpointLocation=hdfs://23133083thuyvan-master:9000/user/hive/checkpoints/air_quality_realtime], Append
[2026-04-12T09:52:19.525+0000] {subprocess.py:106} INFO - +- ~Project [timestamp#42, location#17, latitude#18, longitude#19, country#20, condition_text#21, timezone#22, temperature_2m#23, relative_humidity_2m#24, apparent_temperature#25, precipitation#26, cloud_cover#27, wind_speed_10m#28, wind_direction_10m#29, wind_gusts_10m#30, uv_index#31, weather_code#32, european_aqi#33, us_aqi#34, pm10#35, pm2_5#36, carbon_monoxide#37, nitrogen_dioxide#38, sulphur_dioxide#39, ozone#40, ... 2 more fields]
[2026-04-12T09:52:19.526+0000] {subprocess.py:106} INFO -    +- ~Project [to_timestamp(timestamp#16, None, TimestampType, Some(GMT), true) AS timestamp#42, location#17, latitude#18, longitude#19, country#20, condition_text#21, timezone#22, temperature_2m#23, relative_humidity_2m#24, apparent_temperature#25, precipitation#26, cloud_cover#27, wind_speed_10m#28, wind_direction_10m#29, wind_gusts_10m#30, uv_index#31, weather_code#32, european_aqi#33, us_aqi#34, pm10#35, pm2_5#36, carbon_monoxide#37, nitrogen_dioxide#38, sulphur_dioxide#39, ozone#40, ... 1 more fields]
[2026-04-12T09:52:19.527+0000] {subprocess.py:106} INFO -       +- ~Project [timestamp#16, location#17, latitude#18, longitude#19, country#20, condition_text#21, timezone#22, temperature_2m#23, relative_humidity_2m#24, apparent_temperature#25, precipitation#26, cloud_cover#27, wind_speed_10m#28, wind_direction_10m#29, wind_gusts_10m#30, uv_index#31, weather_code#32, european_aqi#33, us_aqi#34, pm10#35, pm2_5#36, carbon_monoxide#37, nitrogen_dioxide#38, sulphur_dioxide#39, ozone#40, ... 1 more fields]
[2026-04-12T09:52:19.527+0000] {subprocess.py:106} INFO -          +- ~Project [data#15.timestamp AS timestamp#16, data#15.location AS location#17, data#15.latitude AS latitude#18, data#15.longitude AS longitude#19, data#15.country AS country#20, data#15.condition_text AS condition_text#21, data#15.timezone AS timezone#22, data#15.temperature_2m AS temperature_2m#23, data#15.relative_humidity_2m AS relative_humidity_2m#24, data#15.apparent_temperature AS apparent_temperature#25, data#15.precipitation AS precipitation#26, data#15.cloud_cover AS cloud_cover#27, data#15.wind_speed_10m AS wind_speed_10m#28, data#15.wind_direction_10m AS wind_direction_10m#29, data#15.wind_gusts_10m AS wind_gusts_10m#30, data#15.uv_index AS uv_index#31, data#15.weather_code AS weather_code#32, data#15.european_aqi AS european_aqi#33, data#15.us_aqi AS us_aqi#34, data#15.pm10 AS pm10#35, data#15.pm2_5 AS pm2_5#36, data#15.carbon_monoxide AS carbon_monoxide#37, data#15.nitrogen_dioxide AS nitrogen_dioxide#38, data#15.sulphur_dioxide AS sulphur_dioxide#39, data#15.ozone AS ozone#40]
[2026-04-12T09:52:19.528+0000] {subprocess.py:106} INFO -             +- ~Project [from_json(StructField(timestamp,StringType,true), StructField(location,StringType,true), StructField(latitude,DoubleType,true), StructField(longitude,DoubleType,true), StructField(country,StringType,true), StructField(condition_text,StringType,true), StructField(timezone,StringType,true), StructField(temperature_2m,DoubleType,true), StructField(relative_humidity_2m,DoubleType,true), StructField(apparent_temperature,DoubleType,true), StructField(precipitation,DoubleType,true), StructField(cloud_cover,DoubleType,true), StructField(wind_speed_10m,DoubleType,true), StructField(wind_direction_10m,DoubleType,true), StructField(wind_gusts_10m,DoubleType,true), StructField(uv_index,DoubleType,true), StructField(weather_code,IntegerType,true), StructField(european_aqi,IntegerType,true), StructField(us_aqi,IntegerType,true), StructField(pm10,DoubleType,true), StructField(pm2_5,DoubleType,true), StructField(carbon_monoxide,DoubleType,true), StructField(nitrogen_dioxide,DoubleType,true), StructField(sulphur_dioxide,DoubleType,true), StructField(ozone,DoubleType,true), ... 3 more fields) AS data#15]
[2026-04-12T09:52:19.528+0000] {subprocess.py:106} INFO -                +- ~Project [cast(value#8 as string) AS json#14]
[2026-04-12T09:52:19.529+0000] {subprocess.py:106} INFO -                   +- ~StreamingDataSourceV2ScanRelation[key#7, value#8, topic#9, partition#10, offset#11L, timestamp#12, timestampType#13] KafkaTable
[2026-04-12T09:52:19.529+0000] {subprocess.py:106} INFO - 
[2026-04-12T09:52:19.537+0000] {subprocess.py:106} INFO - 26/04/12 09:52:19 INFO OffsetSeqLog: BatchIds found from listing: 0, 1
[2026-04-12T09:52:19.554+0000] {subprocess.py:106} INFO - 26/04/12 09:52:19 INFO OffsetSeqLog: Getting latest batch 1
[2026-04-12T09:52:19.607+0000] {subprocess.py:106} INFO - 26/04/12 09:52:19 INFO OffsetSeqLog: BatchIds found from listing: 0, 1
[2026-04-12T09:52:19.608+0000] {subprocess.py:106} INFO - 26/04/12 09:52:19 INFO OffsetSeqLog: Getting latest batch 1
[2026-04-12T09:52:19.640+0000] {subprocess.py:106} INFO - 26/04/12 09:52:19 INFO CommitLog: BatchIds found from listing: 0
[2026-04-12T09:52:19.641+0000] {subprocess.py:106} INFO - 26/04/12 09:52:19 INFO CommitLog: Getting latest batch 0
[2026-04-12T09:52:19.860+0000] {subprocess.py:106} INFO - 26/04/12 09:52:19 INFO MicroBatchExecution: Resuming at batch 1 with committed offsets {KafkaV2[Subscribe[weather-topic]]: {"weather-topic":{"0":0,"1":0,"2":0}}} and available offsets {KafkaV2[Subscribe[weather-topic]]: {"weather-topic":{"0":7,"1":6,"2":7}}}
[2026-04-12T09:52:19.861+0000] {subprocess.py:106} INFO - 26/04/12 09:52:19 INFO MicroBatchExecution: Stream started from {KafkaV2[Subscribe[weather-topic]]: {"weather-topic":{"0":0,"1":0,"2":0}}}
[2026-04-12T09:52:20.018+0000] {subprocess.py:106} INFO - 26/04/12 09:52:20 INFO IncrementalExecution: Current batch timestamp = 1775987190013
[2026-04-12T09:52:20.190+0000] {subprocess.py:106} INFO - 26/04/12 09:52:20 INFO IncrementalExecution: Current batch timestamp = 1775987190013
[2026-04-12T09:52:20.780+0000] {subprocess.py:106} INFO - 26/04/12 09:52:20 INFO CodeGenerator: Code generated in 366.3872 ms
[2026-04-12T09:52:20.786+0000] {subprocess.py:106} INFO - 26/04/12 09:52:20 INFO KafkaOffsetReaderAdmin: Partitions added: Map()
[2026-04-12T09:52:21.120+0000] {subprocess.py:106} INFO - 26/04/12 09:52:21 INFO CodeGenerator: Code generated in 17.066661 ms
[2026-04-12T09:52:21.154+0000] {subprocess.py:106} INFO - 26/04/12 09:52:21 INFO CodeGenerator: Code generated in 16.257332 ms
[2026-04-12T09:52:21.284+0000] {subprocess.py:106} INFO - 26/04/12 09:52:21 INFO SparkContext: Starting job: start at NativeMethodAccessorImpl.java:0
[2026-04-12T09:52:21.308+0000] {subprocess.py:106} INFO - 26/04/12 09:52:21 INFO DAGScheduler: Registering RDD 6 (start at NativeMethodAccessorImpl.java:0) as input to shuffle 0
[2026-04-12T09:52:21.318+0000] {subprocess.py:106} INFO - 26/04/12 09:52:21 INFO DAGScheduler: Got job 0 (start at NativeMethodAccessorImpl.java:0) with 1 output partitions
[2026-04-12T09:52:21.320+0000] {subprocess.py:106} INFO - 26/04/12 09:52:21 INFO DAGScheduler: Final stage: ResultStage 1 (start at NativeMethodAccessorImpl.java:0)
[2026-04-12T09:52:21.322+0000] {subprocess.py:106} INFO - 26/04/12 09:52:21 INFO DAGScheduler: Parents of final stage: List(ShuffleMapStage 0)
[2026-04-12T09:52:21.326+0000] {subprocess.py:106} INFO - 26/04/12 09:52:21 INFO DAGScheduler: Missing parents: List(ShuffleMapStage 0)
[2026-04-12T09:52:21.330+0000] {subprocess.py:106} INFO - 26/04/12 09:52:21 INFO DAGScheduler: Submitting ShuffleMapStage 0 (MapPartitionsRDD[6] at start at NativeMethodAccessorImpl.java:0), which has no missing parents
[2026-04-12T09:52:21.453+0000] {subprocess.py:106} INFO - 26/04/12 09:52:21 INFO MemoryStore: MemoryStore started with capacity 1048.8 MiB
[2026-04-12T09:52:21.484+0000] {subprocess.py:106} INFO - 26/04/12 09:52:21 INFO MemoryStore: Block broadcast_0 stored as values in memory (estimated size 43.9 KiB, free 1048.8 MiB)
[2026-04-12T09:52:21.520+0000] {subprocess.py:106} INFO - 26/04/12 09:52:21 INFO MemoryStore: Block broadcast_0_piece0 stored as bytes in memory (estimated size 16.5 KiB, free 1048.7 MiB)
[2026-04-12T09:52:21.531+0000] {subprocess.py:106} INFO - 26/04/12 09:52:21 INFO SparkContext: Created broadcast 0 from broadcast at DAGScheduler.scala:1676
[2026-04-12T09:52:21.558+0000] {subprocess.py:106} INFO - 26/04/12 09:52:21 INFO DAGScheduler: Submitting 3 missing tasks from ShuffleMapStage 0 (MapPartitionsRDD[6] at start at NativeMethodAccessorImpl.java:0) (first 15 tasks are for partitions Vector(0, 1, 2))
[2026-04-12T09:52:21.562+0000] {subprocess.py:106} INFO - 26/04/12 09:52:21 INFO TaskSchedulerImpl: Adding task set 0.0 with 3 tasks resource profile 0
[2026-04-12T09:52:21.615+0000] {subprocess.py:106} INFO - 26/04/12 09:52:21 INFO TaskSetManager: Starting task 0.0 in stage 0.0 (TID 0) (spark-master,executor driver, partition 0, PROCESS_LOCAL, 13492 bytes)
[2026-04-12T09:52:21.621+0000] {subprocess.py:106} INFO - 26/04/12 09:52:21 INFO TaskSetManager: Starting task 1.0 in stage 0.0 (TID 1) (spark-master,executor driver, partition 1, PROCESS_LOCAL, 13492 bytes)
[2026-04-12T09:52:21.623+0000] {subprocess.py:106} INFO - 26/04/12 09:52:21 INFO TaskSetManager: Starting task 2.0 in stage 0.0 (TID 2) (spark-master,executor driver, partition 2, PROCESS_LOCAL, 13492 bytes)
[2026-04-12T09:52:21.636+0000] {subprocess.py:106} INFO - 26/04/12 09:52:21 INFO Executor: Running task 2.0 in stage 0.0 (TID 2)
[2026-04-12T09:52:21.637+0000] {subprocess.py:106} INFO - 26/04/12 09:52:21 INFO Executor: Running task 1.0 in stage 0.0 (TID 1)
[2026-04-12T09:52:21.643+0000] {subprocess.py:106} INFO - 26/04/12 09:52:21 INFO Executor: Running task 0.0 in stage 0.0 (TID 0)
[2026-04-12T09:52:21.885+0000] {subprocess.py:106} INFO - 26/04/12 09:52:21 INFO CodeGenerator: Code generated in 68.256907 ms
[2026-04-12T09:52:21.934+0000] {subprocess.py:106} INFO - 26/04/12 09:52:21 INFO CodeGenerator: Code generated in 45.663145 ms
[2026-04-12T09:52:21.958+0000] {subprocess.py:106} INFO - 26/04/12 09:52:21 INFO CodeGenerator: Code generated in 18.986107 ms
[2026-04-12T09:52:21.988+0000] {subprocess.py:106} INFO - 26/04/12 09:52:21 INFO SecurityManager: Changing view acls to: spark
[2026-04-12T09:52:21.990+0000] {subprocess.py:106} INFO - 26/04/12 09:52:21 INFO SecurityManager: Changing modify acls to: spark
[2026-04-12T09:52:21.991+0000] {subprocess.py:106} INFO - 26/04/12 09:52:21 INFO SecurityManager: Changing view acls groups to: spark
[2026-04-12T09:52:21.991+0000] {subprocess.py:106} INFO - 26/04/12 09:52:21 INFO SecurityManager: Changing modify acls groups to: spark
[2026-04-12T09:52:21.992+0000] {subprocess.py:106} INFO - 26/04/12 09:52:21 INFO SecurityManager: SecurityManager: authentication disabled; ui acls disabled; users with view permissions: spark groups with view permissions: EMPTY; users with modify permissions: spark; groups with modify permissions: EMPTY; RPC SSL disabled
[2026-04-12T09:52:22.038+0000] {subprocess.py:106} INFO - 26/04/12 09:52:22 INFO KafkaBatchReaderFactory: Creating Kafka reader topicPartition=weather-topic-0 fromOffset=0} untilOffset=7, for query queryId=fffa4a28-b831-4a17-a849-992bff20d106 batchId=1 taskId=0 partitionId=0
[2026-04-12T09:52:22.039+0000] {subprocess.py:106} INFO - 26/04/12 09:52:22 INFO KafkaBatchReaderFactory: Creating Kafka reader topicPartition=weather-topic-1 fromOffset=0} untilOffset=6, for query queryId=fffa4a28-b831-4a17-a849-992bff20d106 batchId=1 taskId=1 partitionId=1
[2026-04-12T09:52:22.040+0000] {subprocess.py:106} INFO - 26/04/12 09:52:22 INFO KafkaBatchReaderFactory: Creating Kafka reader topicPartition=weather-topic-2 fromOffset=0} untilOffset=7, for query queryId=fffa4a28-b831-4a17-a849-992bff20d106 batchId=1 taskId=2 partitionId=2
[2026-04-12T09:52:22.130+0000] {subprocess.py:106} INFO - 26/04/12 09:52:22 INFO CodeGenerator: Code generated in 16.823702 ms
[2026-04-12T09:52:22.184+0000] {subprocess.py:106} INFO - 26/04/12 09:52:22 INFO CodeGenerator: Code generated in 26.229576 ms
[2026-04-12T09:52:22.282+0000] {subprocess.py:106} INFO - 26/04/12 09:52:22 INFO ConsumerConfig: ConsumerConfig values:
[2026-04-12T09:52:22.283+0000] {subprocess.py:106} INFO - 	allow.auto.create.topics = true
[2026-04-12T09:52:22.283+0000] {subprocess.py:106} INFO - 	auto.commit.interval.ms = 5000
[2026-04-12T09:52:22.284+0000] {subprocess.py:106} INFO - 	auto.include.jmx.reporter = true
[2026-04-12T09:52:22.284+0000] {subprocess.py:106} INFO - 	auto.offset.reset = none
[2026-04-12T09:52:22.285+0000] {subprocess.py:106} INFO - 	bootstrap.servers = [kafka:9092]
[2026-04-12T09:52:22.285+0000] {subprocess.py:106} INFO - 	check.crcs = true
[2026-04-12T09:52:22.286+0000] {subprocess.py:106} INFO - 	client.dns.lookup = use_all_dns_ips
[2026-04-12T09:52:22.286+0000] {subprocess.py:106} INFO - 	client.id = consumer-spark-kafka-source-c661e8f5-4823-4889-b09f-323250c92967--983882313-executor-1
[2026-04-12T09:52:22.287+0000] {subprocess.py:106} INFO - 	client.rack =
[2026-04-12T09:52:22.287+0000] {subprocess.py:106} INFO - 	connections.max.idle.ms = 540000
[2026-04-12T09:52:22.288+0000] {subprocess.py:106} INFO - 	default.api.timeout.ms = 60000
[2026-04-12T09:52:22.288+0000] {subprocess.py:106} INFO - 	enable.auto.commit = false
[2026-04-12T09:52:22.290+0000] {subprocess.py:106} INFO - 	enable.metrics.push = true
[2026-04-12T09:52:22.290+0000] {subprocess.py:106} INFO - 	exclude.internal.topics = true
[2026-04-12T09:52:22.291+0000] {subprocess.py:106} INFO - 	fetch.max.bytes = 52428800
[2026-04-12T09:52:22.291+0000] {subprocess.py:106} INFO - 	fetch.max.wait.ms = 500
[2026-04-12T09:52:22.292+0000] {subprocess.py:106} INFO - 	fetch.min.bytes = 1
[2026-04-12T09:52:22.292+0000] {subprocess.py:106} INFO - 	group.id = spark-kafka-source-c661e8f5-4823-4889-b09f-323250c92967--983882313-executor
[2026-04-12T09:52:22.292+0000] {subprocess.py:106} INFO - 	group.instance.id = null
[2026-04-12T09:52:22.293+0000] {subprocess.py:106} INFO - 	group.protocol = classic
[2026-04-12T09:52:22.293+0000] {subprocess.py:106} INFO - 	group.remote.assignor = null
[2026-04-12T09:52:22.294+0000] {subprocess.py:106} INFO - 	heartbeat.interval.ms = 3000
[2026-04-12T09:52:22.294+0000] {subprocess.py:106} INFO - 	interceptor.classes = []
[2026-04-12T09:52:22.295+0000] {subprocess.py:106} INFO - 	internal.leave.group.on.close = true
[2026-04-12T09:52:22.295+0000] {subprocess.py:106} INFO - 	internal.throw.on.fetch.stable.offset.unsupported = false
[2026-04-12T09:52:22.296+0000] {subprocess.py:106} INFO - 	isolation.level = read_uncommitted
[2026-04-12T09:52:22.297+0000] {subprocess.py:106} INFO - 	key.deserializer = class org.apache.kafka.common.serialization.ByteArrayDeserializer
[2026-04-12T09:52:22.298+0000] {subprocess.py:106} INFO - 	max.partition.fetch.bytes = 1048576
[2026-04-12T09:52:22.298+0000] {subprocess.py:106} INFO - 	max.poll.interval.ms = 300000
[2026-04-12T09:52:22.300+0000] {subprocess.py:106} INFO - 	max.poll.records = 500
[2026-04-12T09:52:22.300+0000] {subprocess.py:106} INFO - 	metadata.max.age.ms = 300000
[2026-04-12T09:52:22.301+0000] {subprocess.py:106} INFO - 	metadata.recovery.strategy = none
[2026-04-12T09:52:22.301+0000] {subprocess.py:106} INFO - 	metric.reporters = []
[2026-04-12T09:52:22.302+0000] {subprocess.py:106} INFO - 	metrics.num.samples = 2
[2026-04-12T09:52:22.302+0000] {subprocess.py:106} INFO - 	metrics.recording.level = INFO
[2026-04-12T09:52:22.302+0000] {subprocess.py:106} INFO - 	metrics.sample.window.ms = 30000
[2026-04-12T09:52:22.303+0000] {subprocess.py:106} INFO - 	partition.assignment.strategy = [class org.apache.kafka.clients.consumer.RangeAssignor, class org.apache.kafka.clients.consumer.CooperativeStickyAssignor]
[2026-04-12T09:52:22.303+0000] {subprocess.py:106} INFO - 	receive.buffer.bytes = 65536
[2026-04-12T09:52:22.304+0000] {subprocess.py:106} INFO - 	reconnect.backoff.max.ms = 1000
[2026-04-12T09:52:22.305+0000] {subprocess.py:106} INFO - 	reconnect.backoff.ms = 50
[2026-04-12T09:52:22.305+0000] {subprocess.py:106} INFO - 	request.timeout.ms = 30000
[2026-04-12T09:52:22.306+0000] {subprocess.py:106} INFO - 	retry.backoff.max.ms = 1000
[2026-04-12T09:52:22.306+0000] {subprocess.py:106} INFO - 	retry.backoff.ms = 100
[2026-04-12T09:52:22.307+0000] {subprocess.py:106} INFO - 	sasl.client.callback.handler.class = null
[2026-04-12T09:52:22.307+0000] {subprocess.py:106} INFO - 	sasl.jaas.config = null
[2026-04-12T09:52:22.308+0000] {subprocess.py:106} INFO - 	sasl.kerberos.kinit.cmd = /usr/bin/kinit
[2026-04-12T09:52:22.308+0000] {subprocess.py:106} INFO - 	sasl.kerberos.min.time.before.relogin = 60000
[2026-04-12T09:52:22.308+0000] {subprocess.py:106} INFO - 	sasl.kerberos.service.name = null
[2026-04-12T09:52:22.309+0000] {subprocess.py:106} INFO - 	sasl.kerberos.ticket.renew.jitter = 0.05
[2026-04-12T09:52:22.309+0000] {subprocess.py:106} INFO - 	sasl.kerberos.ticket.renew.window.factor = 0.8
[2026-04-12T09:52:22.310+0000] {subprocess.py:106} INFO - 	sasl.login.callback.handler.class = null
[2026-04-12T09:52:22.310+0000] {subprocess.py:106} INFO - 	sasl.login.class = null
[2026-04-12T09:52:22.311+0000] {subprocess.py:106} INFO - 	sasl.login.connect.timeout.ms = null
[2026-04-12T09:52:22.311+0000] {subprocess.py:106} INFO - 	sasl.login.read.timeout.ms = null
[2026-04-12T09:52:22.312+0000] {subprocess.py:106} INFO - 	sasl.login.refresh.buffer.seconds = 300
[2026-04-12T09:52:22.312+0000] {subprocess.py:106} INFO - 	sasl.login.refresh.min.period.seconds = 60
[2026-04-12T09:52:22.312+0000] {subprocess.py:106} INFO - 	sasl.login.refresh.window.factor = 0.8
[2026-04-12T09:52:22.313+0000] {subprocess.py:106} INFO - 	sasl.login.refresh.window.jitter = 0.05
[2026-04-12T09:52:22.313+0000] {subprocess.py:106} INFO - 	sasl.login.retry.backoff.max.ms = 10000
[2026-04-12T09:52:22.313+0000] {subprocess.py:106} INFO - 	sasl.login.retry.backoff.ms = 100
[2026-04-12T09:52:22.314+0000] {subprocess.py:106} INFO - 	sasl.mechanism = GSSAPI
[2026-04-12T09:52:22.314+0000] {subprocess.py:106} INFO - 	sasl.oauthbearer.clock.skew.seconds = 30
[2026-04-12T09:52:22.315+0000] {subprocess.py:106} INFO - 	sasl.oauthbearer.expected.audience = null
[2026-04-12T09:52:22.315+0000] {subprocess.py:106} INFO - 	sasl.oauthbearer.expected.issuer = null
[2026-04-12T09:52:22.315+0000] {subprocess.py:106} INFO - 	sasl.oauthbearer.header.urlencode = false
[2026-04-12T09:52:22.316+0000] {subprocess.py:106} INFO - 	sasl.oauthbearer.jwks.endpoint.refresh.ms = 3600000
[2026-04-12T09:52:22.316+0000] {subprocess.py:106} INFO - 	sasl.oauthbearer.jwks.endpoint.retry.backoff.max.ms = 10000
[2026-04-12T09:52:22.316+0000] {subprocess.py:106} INFO - 	sasl.oauthbearer.jwks.endpoint.retry.backoff.ms = 100
[2026-04-12T09:52:22.317+0000] {subprocess.py:106} INFO - 	sasl.oauthbearer.jwks.endpoint.url = null
[2026-04-12T09:52:22.317+0000] {subprocess.py:106} INFO - 	sasl.oauthbearer.scope.claim.name = scope
[2026-04-12T09:52:22.317+0000] {subprocess.py:106} INFO - 	sasl.oauthbearer.sub.claim.name = sub
[2026-04-12T09:52:22.318+0000] {subprocess.py:106} INFO - 	sasl.oauthbearer.token.endpoint.url = null
[2026-04-12T09:52:22.318+0000] {subprocess.py:106} INFO - 	security.protocol = PLAINTEXT
[2026-04-12T09:52:22.319+0000] {subprocess.py:106} INFO - 	security.providers = null
[2026-04-12T09:52:22.319+0000] {subprocess.py:106} INFO - 	send.buffer.bytes = 131072
[2026-04-12T09:52:22.319+0000] {subprocess.py:106} INFO - 	session.timeout.ms = 45000
[2026-04-12T09:52:22.320+0000] {subprocess.py:106} INFO - 	socket.connection.setup.timeout.max.ms = 30000
[2026-04-12T09:52:22.320+0000] {subprocess.py:106} INFO - 	socket.connection.setup.timeout.ms = 10000
[2026-04-12T09:52:22.321+0000] {subprocess.py:106} INFO - 	ssl.cipher.suites = null
[2026-04-12T09:52:22.321+0000] {subprocess.py:106} INFO - 	ssl.enabled.protocols = [TLSv1.2, TLSv1.3]
[2026-04-12T09:52:22.322+0000] {subprocess.py:106} INFO - 	ssl.endpoint.identification.algorithm = https
[2026-04-12T09:52:22.322+0000] {subprocess.py:106} INFO - 	ssl.engine.factory.class = null
[2026-04-12T09:52:22.322+0000] {subprocess.py:106} INFO - 	ssl.key.password = null
[2026-04-12T09:52:22.323+0000] {subprocess.py:106} INFO - 	ssl.keymanager.algorithm = SunX509
[2026-04-12T09:52:22.323+0000] {subprocess.py:106} INFO - 	ssl.keystore.certificate.chain = null
[2026-04-12T09:52:22.324+0000] {subprocess.py:106} INFO - 	ssl.keystore.key = null
[2026-04-12T09:52:22.324+0000] {subprocess.py:106} INFO - 	ssl.keystore.location = null
[2026-04-12T09:52:22.324+0000] {subprocess.py:106} INFO - 	ssl.keystore.password = null
[2026-04-12T09:52:22.325+0000] {subprocess.py:106} INFO - 	ssl.keystore.type = JKS
[2026-04-12T09:52:22.325+0000] {subprocess.py:106} INFO - 	ssl.protocol = TLSv1.3
[2026-04-12T09:52:22.326+0000] {subprocess.py:106} INFO - 	ssl.provider = null
[2026-04-12T09:52:22.326+0000] {subprocess.py:106} INFO - 	ssl.secure.random.implementation = null
[2026-04-12T09:52:22.327+0000] {subprocess.py:106} INFO - 	ssl.trustmanager.algorithm = PKIX
[2026-04-12T09:52:22.327+0000] {subprocess.py:106} INFO - 	ssl.truststore.certificates = null
[2026-04-12T09:52:22.328+0000] {subprocess.py:106} INFO - 	ssl.truststore.location = null
[2026-04-12T09:52:22.328+0000] {subprocess.py:106} INFO - 	ssl.truststore.password = null
[2026-04-12T09:52:22.329+0000] {subprocess.py:106} INFO - 	ssl.truststore.type = JKS
[2026-04-12T09:52:22.329+0000] {subprocess.py:106} INFO - 	value.deserializer = class org.apache.kafka.common.serialization.ByteArrayDeserializer
[2026-04-12T09:52:22.330+0000] {subprocess.py:106} INFO - 
[2026-04-12T09:52:22.330+0000] {subprocess.py:106} INFO - 26/04/12 09:52:22 INFO ConsumerConfig: ConsumerConfig values:
[2026-04-12T09:52:22.331+0000] {subprocess.py:106} INFO - 	allow.auto.create.topics = true
[2026-04-12T09:52:22.331+0000] {subprocess.py:106} INFO - 	auto.commit.interval.ms = 5000
[2026-04-12T09:52:22.332+0000] {subprocess.py:106} INFO - 	auto.include.jmx.reporter = true
[2026-04-12T09:52:22.332+0000] {subprocess.py:106} INFO - 	auto.offset.reset = none
[2026-04-12T09:52:22.333+0000] {subprocess.py:106} INFO - 	bootstrap.servers = [kafka:9092]
[2026-04-12T09:52:22.333+0000] {subprocess.py:106} INFO - 	check.crcs = true
[2026-04-12T09:52:22.334+0000] {subprocess.py:106} INFO - 	client.dns.lookup = use_all_dns_ips
[2026-04-12T09:52:22.334+0000] {subprocess.py:106} INFO - 	client.id = consumer-spark-kafka-source-c661e8f5-4823-4889-b09f-323250c92967--983882313-executor-2
[2026-04-12T09:52:22.335+0000] {subprocess.py:106} INFO - 	client.rack =
[2026-04-12T09:52:22.335+0000] {subprocess.py:106} INFO - 	connections.max.idle.ms = 540000
[2026-04-12T09:52:22.336+0000] {subprocess.py:106} INFO - 	default.api.timeout.ms = 60000
[2026-04-12T09:52:22.337+0000] {subprocess.py:106} INFO - 	enable.auto.commit = false
[2026-04-12T09:52:22.337+0000] {subprocess.py:106} INFO - 	enable.metrics.push = true
[2026-04-12T09:52:22.338+0000] {subprocess.py:106} INFO - 	exclude.internal.topics = true
[2026-04-12T09:52:22.338+0000] {subprocess.py:106} INFO - 	fetch.max.bytes = 52428800
[2026-04-12T09:52:22.339+0000] {subprocess.py:106} INFO - 	fetch.max.wait.ms = 500
[2026-04-12T09:52:22.339+0000] {subprocess.py:106} INFO - 	fetch.min.bytes = 1
[2026-04-12T09:52:22.340+0000] {subprocess.py:106} INFO - 	group.id = spark-kafka-source-c661e8f5-4823-4889-b09f-323250c92967--983882313-executor
[2026-04-12T09:52:22.340+0000] {subprocess.py:106} INFO - 	group.instance.id = null
[2026-04-12T09:52:22.341+0000] {subprocess.py:106} INFO - 	group.protocol = classic
[2026-04-12T09:52:22.342+0000] {subprocess.py:106} INFO - 	group.remote.assignor = null
[2026-04-12T09:52:22.342+0000] {subprocess.py:106} INFO - 	heartbeat.interval.ms = 3000
[2026-04-12T09:52:22.343+0000] {subprocess.py:106} INFO - 	interceptor.classes = []
[2026-04-12T09:52:22.343+0000] {subprocess.py:106} INFO - 	internal.leave.group.on.close = true
[2026-04-12T09:52:22.344+0000] {subprocess.py:106} INFO - 	internal.throw.on.fetch.stable.offset.unsupported = false
[2026-04-12T09:52:22.344+0000] {subprocess.py:106} INFO - 	isolation.level = read_uncommitted
[2026-04-12T09:52:22.344+0000] {subprocess.py:106} INFO - 	key.deserializer = class org.apache.kafka.common.serialization.ByteArrayDeserializer
[2026-04-12T09:52:22.345+0000] {subprocess.py:106} INFO - 	max.partition.fetch.bytes = 1048576
[2026-04-12T09:52:22.345+0000] {subprocess.py:106} INFO - 	max.poll.interval.ms = 300000
[2026-04-12T09:52:22.346+0000] {subprocess.py:106} INFO - 	max.poll.records = 500
[2026-04-12T09:52:22.346+0000] {subprocess.py:106} INFO - 	metadata.max.age.ms = 300000
[2026-04-12T09:52:22.347+0000] {subprocess.py:106} INFO - 	metadata.recovery.strategy = none
[2026-04-12T09:52:22.347+0000] {subprocess.py:106} INFO - 	metric.reporters = []
[2026-04-12T09:52:22.348+0000] {subprocess.py:106} INFO - 	metrics.num.samples = 2
[2026-04-12T09:52:22.348+0000] {subprocess.py:106} INFO - 	metrics.recording.level = INFO
[2026-04-12T09:52:22.349+0000] {subprocess.py:106} INFO - 	metrics.sample.window.ms = 30000
[2026-04-12T09:52:22.349+0000] {subprocess.py:106} INFO - 	partition.assignment.strategy = [class org.apache.kafka.clients.consumer.RangeAssignor, class org.apache.kafka.clients.consumer.CooperativeStickyAssignor]
[2026-04-12T09:52:22.350+0000] {subprocess.py:106} INFO - 	receive.buffer.bytes = 65536
[2026-04-12T09:52:22.350+0000] {subprocess.py:106} INFO - 	reconnect.backoff.max.ms = 1000
[2026-04-12T09:52:22.351+0000] {subprocess.py:106} INFO - 	reconnect.backoff.ms = 50
[2026-04-12T09:52:22.351+0000] {subprocess.py:106} INFO - 	request.timeout.ms = 30000
[2026-04-12T09:52:22.352+0000] {subprocess.py:106} INFO - 	retry.backoff.max.ms = 1000
[2026-04-12T09:52:22.353+0000] {subprocess.py:106} INFO - 	retry.backoff.ms = 100
[2026-04-12T09:52:22.353+0000] {subprocess.py:106} INFO - 	sasl.client.callback.handler.class = null
[2026-04-12T09:52:22.354+0000] {subprocess.py:106} INFO - 	sasl.jaas.config = null
[2026-04-12T09:52:22.354+0000] {subprocess.py:106} INFO - 	sasl.kerberos.kinit.cmd = /usr/bin/kinit
[2026-04-12T09:52:22.355+0000] {subprocess.py:106} INFO - 	sasl.kerberos.min.time.before.relogin = 60000
[2026-04-12T09:52:22.355+0000] {subprocess.py:106} INFO - 	sasl.kerberos.service.name = null
[2026-04-12T09:52:22.356+0000] {subprocess.py:106} INFO - 	sasl.kerberos.ticket.renew.jitter = 0.05
[2026-04-12T09:52:22.356+0000] {subprocess.py:106} INFO - 	sasl.kerberos.ticket.renew.window.factor = 0.8
[2026-04-12T09:52:22.357+0000] {subprocess.py:106} INFO - 	sasl.login.callback.handler.class = null
[2026-04-12T09:52:22.357+0000] {subprocess.py:106} INFO - 	sasl.login.class = null
[2026-04-12T09:52:22.358+0000] {subprocess.py:106} INFO - 	sasl.login.connect.timeout.ms = null
[2026-04-12T09:52:22.358+0000] {subprocess.py:106} INFO - 	sasl.login.read.timeout.ms = null
[2026-04-12T09:52:22.359+0000] {subprocess.py:106} INFO - 	sasl.login.refresh.buffer.seconds = 300
[2026-04-12T09:52:22.359+0000] {subprocess.py:106} INFO - 	sasl.login.refresh.min.period.seconds = 60
[2026-04-12T09:52:22.360+0000] {subprocess.py:106} INFO - 	sasl.login.refresh.window.factor = 0.8
[2026-04-12T09:52:22.360+0000] {subprocess.py:106} INFO - 	sasl.login.refresh.window.jitter = 0.05
[2026-04-12T09:52:22.361+0000] {subprocess.py:106} INFO - 	sasl.login.retry.backoff.max.ms = 10000
[2026-04-12T09:52:22.361+0000] {subprocess.py:106} INFO - 	sasl.login.retry.backoff.ms = 100
[2026-04-12T09:52:22.362+0000] {subprocess.py:106} INFO - 	sasl.mechanism = GSSAPI
[2026-04-12T09:52:22.362+0000] {subprocess.py:106} INFO - 	sasl.oauthbearer.clock.skew.seconds = 30
[2026-04-12T09:52:22.363+0000] {subprocess.py:106} INFO - 	sasl.oauthbearer.expected.audience = null
[2026-04-12T09:52:22.363+0000] {subprocess.py:106} INFO - 	sasl.oauthbearer.expected.issuer = null
[2026-04-12T09:52:22.364+0000] {subprocess.py:106} INFO - 	sasl.oauthbearer.header.urlencode = false
[2026-04-12T09:52:22.364+0000] {subprocess.py:106} INFO - 	sasl.oauthbearer.jwks.endpoint.refresh.ms = 3600000
[2026-04-12T09:52:22.365+0000] {subprocess.py:106} INFO - 	sasl.oauthbearer.jwks.endpoint.retry.backoff.max.ms = 10000
[2026-04-12T09:52:22.365+0000] {subprocess.py:106} INFO - 	sasl.oauthbearer.jwks.endpoint.retry.backoff.ms = 100
[2026-04-12T09:52:22.366+0000] {subprocess.py:106} INFO - 	sasl.oauthbearer.jwks.endpoint.url = null
[2026-04-12T09:52:22.367+0000] {subprocess.py:106} INFO - 	sasl.oauthbearer.scope.claim.name = scope
[2026-04-12T09:52:22.367+0000] {subprocess.py:106} INFO - 	sasl.oauthbearer.sub.claim.name = sub
[2026-04-12T09:52:22.368+0000] {subprocess.py:106} INFO - 	sasl.oauthbearer.token.endpoint.url = null
[2026-04-12T09:52:22.369+0000] {subprocess.py:106} INFO - 	security.protocol = PLAINTEXT
[2026-04-12T09:52:22.369+0000] {subprocess.py:106} INFO - 	security.providers = null
[2026-04-12T09:52:22.370+0000] {subprocess.py:106} INFO - 	send.buffer.bytes = 131072
[2026-04-12T09:52:22.371+0000] {subprocess.py:106} INFO - 	session.timeout.ms = 45000
[2026-04-12T09:52:22.372+0000] {subprocess.py:106} INFO - 	socket.connection.setup.timeout.max.ms = 30000
[2026-04-12T09:52:22.372+0000] {subprocess.py:106} INFO - 	socket.connection.setup.timeout.ms = 10000
[2026-04-12T09:52:22.373+0000] {subprocess.py:106} INFO - 	ssl.cipher.suites = null
[2026-04-12T09:52:22.374+0000] {subprocess.py:106} INFO - 	ssl.enabled.protocols = [TLSv1.2, TLSv1.3]
[2026-04-12T09:52:22.374+0000] {subprocess.py:106} INFO - 	ssl.endpoint.identification.algorithm = https
[2026-04-12T09:52:22.375+0000] {subprocess.py:106} INFO - 	ssl.engine.factory.class = null
[2026-04-12T09:52:22.376+0000] {subprocess.py:106} INFO - 	ssl.key.password = null
[2026-04-12T09:52:22.377+0000] {subprocess.py:106} INFO - 	ssl.keymanager.algorithm = SunX509
[2026-04-12T09:52:22.377+0000] {subprocess.py:106} INFO - 	ssl.keystore.certificate.chain = null
[2026-04-12T09:52:22.378+0000] {subprocess.py:106} INFO - 	ssl.keystore.key = null
[2026-04-12T09:52:22.379+0000] {subprocess.py:106} INFO - 	ssl.keystore.location = null
[2026-04-12T09:52:22.379+0000] {subprocess.py:106} INFO - 	ssl.keystore.password = null
[2026-04-12T09:52:22.380+0000] {subprocess.py:106} INFO - 	ssl.keystore.type = JKS
[2026-04-12T09:52:22.381+0000] {subprocess.py:106} INFO - 	ssl.protocol = TLSv1.3
[2026-04-12T09:52:22.381+0000] {subprocess.py:106} INFO - 	ssl.provider = null
[2026-04-12T09:52:22.382+0000] {subprocess.py:106} INFO - 	ssl.secure.random.implementation = null
[2026-04-12T09:52:22.383+0000] {subprocess.py:106} INFO - 	ssl.trustmanager.algorithm = PKIX
[2026-04-12T09:52:22.383+0000] {subprocess.py:106} INFO - 	ssl.truststore.certificates = null
[2026-04-12T09:52:22.385+0000] {subprocess.py:106} INFO - 	ssl.truststore.location = null
[2026-04-12T09:52:22.385+0000] {subprocess.py:106} INFO - 	ssl.truststore.password = null
[2026-04-12T09:52:22.386+0000] {subprocess.py:106} INFO - 	ssl.truststore.type = JKS
[2026-04-12T09:52:22.387+0000] {subprocess.py:106} INFO - 	value.deserializer = class org.apache.kafka.common.serialization.ByteArrayDeserializer
[2026-04-12T09:52:22.387+0000] {subprocess.py:106} INFO - 
[2026-04-12T09:52:22.389+0000] {subprocess.py:106} INFO - 26/04/12 09:52:22 INFO ConsumerConfig: ConsumerConfig values:
[2026-04-12T09:52:22.390+0000] {subprocess.py:106} INFO - 	allow.auto.create.topics = true
[2026-04-12T09:52:22.391+0000] {subprocess.py:106} INFO - 	auto.commit.interval.ms = 5000
[2026-04-12T09:52:22.392+0000] {subprocess.py:106} INFO - 	auto.include.jmx.reporter = true
[2026-04-12T09:52:22.392+0000] {subprocess.py:106} INFO - 	auto.offset.reset = none
[2026-04-12T09:52:22.393+0000] {subprocess.py:106} INFO - 	bootstrap.servers = [kafka:9092]
[2026-04-12T09:52:22.396+0000] {subprocess.py:106} INFO - 	check.crcs = true
[2026-04-12T09:52:22.397+0000] {subprocess.py:106} INFO - 	client.dns.lookup = use_all_dns_ips
[2026-04-12T09:52:22.398+0000] {subprocess.py:106} INFO - 	client.id = consumer-spark-kafka-source-c661e8f5-4823-4889-b09f-323250c92967--983882313-executor-3
[2026-04-12T09:52:22.405+0000] {subprocess.py:106} INFO - 	client.rack =
[2026-04-12T09:52:22.406+0000] {subprocess.py:106} INFO - 	connections.max.idle.ms = 540000
[2026-04-12T09:52:22.407+0000] {subprocess.py:106} INFO - 	default.api.timeout.ms = 60000
[2026-04-12T09:52:22.408+0000] {subprocess.py:106} INFO - 	enable.auto.commit = false
[2026-04-12T09:52:22.409+0000] {subprocess.py:106} INFO - 	enable.metrics.push = true
[2026-04-12T09:52:22.410+0000] {subprocess.py:106} INFO - 	exclude.internal.topics = true
[2026-04-12T09:52:22.411+0000] {subprocess.py:106} INFO - 	fetch.max.bytes = 52428800
[2026-04-12T09:52:22.412+0000] {subprocess.py:106} INFO - 	fetch.max.wait.ms = 500
[2026-04-12T09:52:22.412+0000] {subprocess.py:106} INFO - 	fetch.min.bytes = 1
[2026-04-12T09:52:22.413+0000] {subprocess.py:106} INFO - 	group.id = spark-kafka-source-c661e8f5-4823-4889-b09f-323250c92967--983882313-executor
[2026-04-12T09:52:22.413+0000] {subprocess.py:106} INFO - 	group.instance.id = null
[2026-04-12T09:52:22.414+0000] {subprocess.py:106} INFO - 	group.protocol = classic
[2026-04-12T09:52:22.415+0000] {subprocess.py:106} INFO - 	group.remote.assignor = null
[2026-04-12T09:52:22.415+0000] {subprocess.py:106} INFO - 	heartbeat.interval.ms = 3000
[2026-04-12T09:52:22.416+0000] {subprocess.py:106} INFO - 	interceptor.classes = []
[2026-04-12T09:52:22.416+0000] {subprocess.py:106} INFO - 	internal.leave.group.on.close = true
[2026-04-12T09:52:22.417+0000] {subprocess.py:106} INFO - 	internal.throw.on.fetch.stable.offset.unsupported = false
[2026-04-12T09:52:22.418+0000] {subprocess.py:106} INFO - 	isolation.level = read_uncommitted
[2026-04-12T09:52:22.422+0000] {subprocess.py:106} INFO - 	key.deserializer = class org.apache.kafka.common.serialization.ByteArrayDeserializer
[2026-04-12T09:52:22.423+0000] {subprocess.py:106} INFO - 	max.partition.fetch.bytes = 1048576
[2026-04-12T09:52:22.424+0000] {subprocess.py:106} INFO - 	max.poll.interval.ms = 300000
[2026-04-12T09:52:22.425+0000] {subprocess.py:106} INFO - 	max.poll.records = 500
[2026-04-12T09:52:22.425+0000] {subprocess.py:106} INFO - 	metadata.max.age.ms = 300000
[2026-04-12T09:52:22.426+0000] {subprocess.py:106} INFO - 	metadata.recovery.strategy = none
[2026-04-12T09:52:22.426+0000] {subprocess.py:106} INFO - 	metric.reporters = []
[2026-04-12T09:52:22.427+0000] {subprocess.py:106} INFO - 	metrics.num.samples = 2
[2026-04-12T09:52:22.428+0000] {subprocess.py:106} INFO - 	metrics.recording.level = INFO
[2026-04-12T09:52:22.430+0000] {subprocess.py:106} INFO - 	metrics.sample.window.ms = 30000
[2026-04-12T09:52:22.431+0000] {subprocess.py:106} INFO - 	partition.assignment.strategy = [class org.apache.kafka.clients.consumer.RangeAssignor, class org.apache.kafka.clients.consumer.CooperativeStickyAssignor]
[2026-04-12T09:52:22.435+0000] {subprocess.py:106} INFO - 	receive.buffer.bytes = 65536
[2026-04-12T09:52:22.437+0000] {subprocess.py:106} INFO - 	reconnect.backoff.max.ms = 1000
[2026-04-12T09:52:22.437+0000] {subprocess.py:106} INFO - 	reconnect.backoff.ms = 50
[2026-04-12T09:52:22.438+0000] {subprocess.py:106} INFO - 	request.timeout.ms = 30000
[2026-04-12T09:52:22.438+0000] {subprocess.py:106} INFO - 	retry.backoff.max.ms = 1000
[2026-04-12T09:52:22.439+0000] {subprocess.py:106} INFO - 	retry.backoff.ms = 100
[2026-04-12T09:52:22.440+0000] {subprocess.py:106} INFO - 	sasl.client.callback.handler.class = null
[2026-04-12T09:52:22.442+0000] {subprocess.py:106} INFO - 	sasl.jaas.config = null
[2026-04-12T09:52:22.443+0000] {subprocess.py:106} INFO - 	sasl.kerberos.kinit.cmd = /usr/bin/kinit
[2026-04-12T09:52:22.444+0000] {subprocess.py:106} INFO - 	sasl.kerberos.min.time.before.relogin = 60000
[2026-04-12T09:52:22.444+0000] {subprocess.py:106} INFO - 	sasl.kerberos.service.name = null
[2026-04-12T09:52:22.445+0000] {subprocess.py:106} INFO - 	sasl.kerberos.ticket.renew.jitter = 0.05
[2026-04-12T09:52:22.445+0000] {subprocess.py:106} INFO - 	sasl.kerberos.ticket.renew.window.factor = 0.8
[2026-04-12T09:52:22.446+0000] {subprocess.py:106} INFO - 	sasl.login.callback.handler.class = null
[2026-04-12T09:52:22.448+0000] {subprocess.py:106} INFO - 	sasl.login.class = null
[2026-04-12T09:52:22.448+0000] {subprocess.py:106} INFO - 	sasl.login.connect.timeout.ms = null
[2026-04-12T09:52:22.449+0000] {subprocess.py:106} INFO - 	sasl.login.read.timeout.ms = null
[2026-04-12T09:52:22.450+0000] {subprocess.py:106} INFO - 	sasl.login.refresh.buffer.seconds = 300
[2026-04-12T09:52:22.451+0000] {subprocess.py:106} INFO - 	sasl.login.refresh.min.period.seconds = 60
[2026-04-12T09:52:22.451+0000] {subprocess.py:106} INFO - 	sasl.login.refresh.window.factor = 0.8
[2026-04-12T09:52:22.452+0000] {subprocess.py:106} INFO - 	sasl.login.refresh.window.jitter = 0.05
[2026-04-12T09:52:22.453+0000] {subprocess.py:106} INFO - 	sasl.login.retry.backoff.max.ms = 10000
[2026-04-12T09:52:22.454+0000] {subprocess.py:106} INFO - 	sasl.login.retry.backoff.ms = 100
[2026-04-12T09:52:22.454+0000] {subprocess.py:106} INFO - 	sasl.mechanism = GSSAPI
[2026-04-12T09:52:22.455+0000] {subprocess.py:106} INFO - 	sasl.oauthbearer.clock.skew.seconds = 30
[2026-04-12T09:52:22.455+0000] {subprocess.py:106} INFO - 	sasl.oauthbearer.expected.audience = null
[2026-04-12T09:52:22.456+0000] {subprocess.py:106} INFO - 	sasl.oauthbearer.expected.issuer = null
[2026-04-12T09:52:22.457+0000] {subprocess.py:106} INFO - 	sasl.oauthbearer.header.urlencode = false
[2026-04-12T09:52:22.457+0000] {subprocess.py:106} INFO - 	sasl.oauthbearer.jwks.endpoint.refresh.ms = 3600000
[2026-04-12T09:52:22.458+0000] {subprocess.py:106} INFO - 	sasl.oauthbearer.jwks.endpoint.retry.backoff.max.ms = 10000
[2026-04-12T09:52:22.459+0000] {subprocess.py:106} INFO - 	sasl.oauthbearer.jwks.endpoint.retry.backoff.ms = 100
[2026-04-12T09:52:22.459+0000] {subprocess.py:106} INFO - 	sasl.oauthbearer.jwks.endpoint.url = null
[2026-04-12T09:52:22.460+0000] {subprocess.py:106} INFO - 	sasl.oauthbearer.scope.claim.name = scope
[2026-04-12T09:52:22.460+0000] {subprocess.py:106} INFO - 	sasl.oauthbearer.sub.claim.name = sub
[2026-04-12T09:52:22.464+0000] {subprocess.py:106} INFO - 	sasl.oauthbearer.token.endpoint.url = null
[2026-04-12T09:52:22.464+0000] {subprocess.py:106} INFO - 	security.protocol = PLAINTEXT
[2026-04-12T09:52:22.465+0000] {subprocess.py:106} INFO - 	security.providers = null
[2026-04-12T09:52:22.465+0000] {subprocess.py:106} INFO - 	send.buffer.bytes = 131072
[2026-04-12T09:52:22.466+0000] {subprocess.py:106} INFO - 	session.timeout.ms = 45000
[2026-04-12T09:52:22.466+0000] {subprocess.py:106} INFO - 	socket.connection.setup.timeout.max.ms = 30000
[2026-04-12T09:52:22.467+0000] {subprocess.py:106} INFO - 	socket.connection.setup.timeout.ms = 10000
[2026-04-12T09:52:22.467+0000] {subprocess.py:106} INFO - 	ssl.cipher.suites = null
[2026-04-12T09:52:22.468+0000] {subprocess.py:106} INFO - 	ssl.enabled.protocols = [TLSv1.2, TLSv1.3]
[2026-04-12T09:52:22.469+0000] {subprocess.py:106} INFO - 	ssl.endpoint.identification.algorithm = https
[2026-04-12T09:52:22.470+0000] {subprocess.py:106} INFO - 	ssl.engine.factory.class = null
[2026-04-12T09:52:22.471+0000] {subprocess.py:106} INFO - 	ssl.key.password = null
[2026-04-12T09:52:22.471+0000] {subprocess.py:106} INFO - 	ssl.keymanager.algorithm = SunX509
[2026-04-12T09:52:22.472+0000] {subprocess.py:106} INFO - 	ssl.keystore.certificate.chain = null
[2026-04-12T09:52:22.472+0000] {subprocess.py:106} INFO - 	ssl.keystore.key = null
[2026-04-12T09:52:22.473+0000] {subprocess.py:106} INFO - 	ssl.keystore.location = null
[2026-04-12T09:52:22.473+0000] {subprocess.py:106} INFO - 	ssl.keystore.password = null
[2026-04-12T09:52:22.474+0000] {subprocess.py:106} INFO - 	ssl.keystore.type = JKS
[2026-04-12T09:52:22.474+0000] {subprocess.py:106} INFO - 	ssl.protocol = TLSv1.3
[2026-04-12T09:52:22.475+0000] {subprocess.py:106} INFO - 	ssl.provider = null
[2026-04-12T09:52:22.475+0000] {subprocess.py:106} INFO - 	ssl.secure.random.implementation = null
[2026-04-12T09:52:22.476+0000] {subprocess.py:106} INFO - 	ssl.trustmanager.algorithm = PKIX
[2026-04-12T09:52:22.476+0000] {subprocess.py:106} INFO - 	ssl.truststore.certificates = null
[2026-04-12T09:52:22.477+0000] {subprocess.py:106} INFO - 	ssl.truststore.location = null
[2026-04-12T09:52:22.478+0000] {subprocess.py:106} INFO - 	ssl.truststore.password = null
[2026-04-12T09:52:22.479+0000] {subprocess.py:106} INFO - 	ssl.truststore.type = JKS
[2026-04-12T09:52:22.479+0000] {subprocess.py:106} INFO - 	value.deserializer = class org.apache.kafka.common.serialization.ByteArrayDeserializer
[2026-04-12T09:52:22.480+0000] {subprocess.py:106} INFO - 
[2026-04-12T09:52:22.480+0000] {subprocess.py:106} INFO - 26/04/12 09:52:22 INFO KafkaMetricsCollector: initializing Kafka metrics collector
[2026-04-12T09:52:22.481+0000] {subprocess.py:106} INFO - 26/04/12 09:52:22 INFO KafkaMetricsCollector: initializing Kafka metrics collector
[2026-04-12T09:52:22.481+0000] {subprocess.py:106} INFO - 26/04/12 09:52:22 INFO KafkaMetricsCollector: initializing Kafka metrics collector
[2026-04-12T09:52:22.614+0000] {subprocess.py:106} INFO - 26/04/12 09:52:22 INFO AppInfoParser: Kafka version: 3.9.0
[2026-04-12T09:52:22.615+0000] {subprocess.py:106} INFO - 26/04/12 09:52:22 INFO AppInfoParser: Kafka commitId: 84caaa6e9da06435
[2026-04-12T09:52:22.615+0000] {subprocess.py:106} INFO - 26/04/12 09:52:22 INFO AppInfoParser: Kafka startTimeMs: 1775987542610
[2026-04-12T09:52:22.618+0000] {subprocess.py:106} INFO - 26/04/12 09:52:22 INFO AppInfoParser: Kafka version: 3.9.0
[2026-04-12T09:52:22.619+0000] {subprocess.py:106} INFO - 26/04/12 09:52:22 INFO AppInfoParser: Kafka commitId: 84caaa6e9da06435
[2026-04-12T09:52:22.620+0000] {subprocess.py:106} INFO - 26/04/12 09:52:22 INFO AppInfoParser: Kafka startTimeMs: 1775987542610
[2026-04-12T09:52:22.620+0000] {subprocess.py:106} INFO - 26/04/12 09:52:22 INFO AppInfoParser: Kafka version: 3.9.0
[2026-04-12T09:52:22.620+0000] {subprocess.py:106} INFO - 26/04/12 09:52:22 INFO AppInfoParser: Kafka commitId: 84caaa6e9da06435
[2026-04-12T09:52:22.621+0000] {subprocess.py:106} INFO - 26/04/12 09:52:22 INFO AppInfoParser: Kafka startTimeMs: 1775987542610
[2026-04-12T09:52:22.623+0000] {subprocess.py:106} INFO - 26/04/12 09:52:22 INFO ClassicKafkaConsumer: [Consumer clientId=consumer-spark-kafka-source-c661e8f5-4823-4889-b09f-323250c92967--983882313-executor-3, groupId=spark-kafka-source-c661e8f5-4823-4889-b09f-323250c92967--983882313-executor] Assigned to partition(s): weather-topic-1
[2026-04-12T09:52:22.624+0000] {subprocess.py:106} INFO - 26/04/12 09:52:22 INFO ClassicKafkaConsumer: [Consumer clientId=consumer-spark-kafka-source-c661e8f5-4823-4889-b09f-323250c92967--983882313-executor-2, groupId=spark-kafka-source-c661e8f5-4823-4889-b09f-323250c92967--983882313-executor] Assigned to partition(s): weather-topic-0
[2026-04-12T09:52:22.624+0000] {subprocess.py:106} INFO - 26/04/12 09:52:22 INFO ClassicKafkaConsumer: [Consumer clientId=consumer-spark-kafka-source-c661e8f5-4823-4889-b09f-323250c92967--983882313-executor-1, groupId=spark-kafka-source-c661e8f5-4823-4889-b09f-323250c92967--983882313-executor] Assigned to partition(s): weather-topic-2
[2026-04-12T09:52:22.638+0000] {subprocess.py:106} INFO - 26/04/12 09:52:22 INFO ClassicKafkaConsumer: [Consumer clientId=consumer-spark-kafka-source-c661e8f5-4823-4889-b09f-323250c92967--983882313-executor-3, groupId=spark-kafka-source-c661e8f5-4823-4889-b09f-323250c92967--983882313-executor] Seeking to offset 0 for partition weather-topic-1
[2026-04-12T09:52:22.639+0000] {subprocess.py:106} INFO - 26/04/12 09:52:22 INFO ClassicKafkaConsumer: [Consumer clientId=consumer-spark-kafka-source-c661e8f5-4823-4889-b09f-323250c92967--983882313-executor-1, groupId=spark-kafka-source-c661e8f5-4823-4889-b09f-323250c92967--983882313-executor] Seeking to offset 0 for partition weather-topic-2
[2026-04-12T09:52:22.640+0000] {subprocess.py:106} INFO - 26/04/12 09:52:22 INFO ClassicKafkaConsumer: [Consumer clientId=consumer-spark-kafka-source-c661e8f5-4823-4889-b09f-323250c92967--983882313-executor-2, groupId=spark-kafka-source-c661e8f5-4823-4889-b09f-323250c92967--983882313-executor] Seeking to offset 0 for partition weather-topic-0
[2026-04-12T09:52:23.181+0000] {subprocess.py:106} INFO - 26/04/12 09:52:23 INFO Metadata: [Consumer clientId=consumer-spark-kafka-source-c661e8f5-4823-4889-b09f-323250c92967--983882313-executor-2, groupId=spark-kafka-source-c661e8f5-4823-4889-b09f-323250c92967--983882313-executor] Cluster ID: gpK9xJXgQS6Leigq2_j9WA
[2026-04-12T09:52:23.181+0000] {subprocess.py:106} INFO - 26/04/12 09:52:23 INFO Metadata: [Consumer clientId=consumer-spark-kafka-source-c661e8f5-4823-4889-b09f-323250c92967--983882313-executor-1, groupId=spark-kafka-source-c661e8f5-4823-4889-b09f-323250c92967--983882313-executor] Cluster ID: gpK9xJXgQS6Leigq2_j9WA
[2026-04-12T09:52:23.182+0000] {subprocess.py:106} INFO - 26/04/12 09:52:23 INFO Metadata: [Consumer clientId=consumer-spark-kafka-source-c661e8f5-4823-4889-b09f-323250c92967--983882313-executor-3, groupId=spark-kafka-source-c661e8f5-4823-4889-b09f-323250c92967--983882313-executor] Cluster ID: gpK9xJXgQS6Leigq2_j9WA
[2026-04-12T09:52:23.243+0000] {subprocess.py:106} INFO - 26/04/12 09:52:23 INFO SubscriptionState: [Consumer clientId=consumer-spark-kafka-source-c661e8f5-4823-4889-b09f-323250c92967--983882313-executor-2, groupId=spark-kafka-source-c661e8f5-4823-4889-b09f-323250c92967--983882313-executor] Seeking to earliest offset of partition weather-topic-0
[2026-04-12T09:52:23.243+0000] {subprocess.py:106} INFO - 26/04/12 09:52:23 INFO SubscriptionState: [Consumer clientId=consumer-spark-kafka-source-c661e8f5-4823-4889-b09f-323250c92967--983882313-executor-1, groupId=spark-kafka-source-c661e8f5-4823-4889-b09f-323250c92967--983882313-executor] Seeking to earliest offset of partition weather-topic-2
[2026-04-12T09:52:23.244+0000] {subprocess.py:106} INFO - 26/04/12 09:52:23 INFO SubscriptionState: [Consumer clientId=consumer-spark-kafka-source-c661e8f5-4823-4889-b09f-323250c92967--983882313-executor-3, groupId=spark-kafka-source-c661e8f5-4823-4889-b09f-323250c92967--983882313-executor] Seeking to earliest offset of partition weather-topic-1
[2026-04-12T09:52:23.746+0000] {subprocess.py:106} INFO - 26/04/12 09:52:23 INFO SubscriptionState: [Consumer clientId=consumer-spark-kafka-source-c661e8f5-4823-4889-b09f-323250c92967--983882313-executor-3, groupId=spark-kafka-source-c661e8f5-4823-4889-b09f-323250c92967--983882313-executor] Resetting offset for partition weather-topic-1 to position FetchPosition{offset=0, offsetEpoch=Optional.empty, currentLeader=LeaderAndEpoch{leader=Optional[kafka:9092 (id: 1 rack: null)], epoch=0}}.
[2026-04-12T09:52:23.747+0000] {subprocess.py:106} INFO - 26/04/12 09:52:23 INFO SubscriptionState: [Consumer clientId=consumer-spark-kafka-source-c661e8f5-4823-4889-b09f-323250c92967--983882313-executor-1, groupId=spark-kafka-source-c661e8f5-4823-4889-b09f-323250c92967--983882313-executor] Resetting offset for partition weather-topic-2 to position FetchPosition{offset=0, offsetEpoch=Optional.empty, currentLeader=LeaderAndEpoch{leader=Optional[kafka:9092 (id: 1 rack: null)], epoch=0}}.
[2026-04-12T09:52:23.747+0000] {subprocess.py:106} INFO - 26/04/12 09:52:23 INFO SubscriptionState: [Consumer clientId=consumer-spark-kafka-source-c661e8f5-4823-4889-b09f-323250c92967--983882313-executor-2, groupId=spark-kafka-source-c661e8f5-4823-4889-b09f-323250c92967--983882313-executor] Resetting offset for partition weather-topic-0 to position FetchPosition{offset=0, offsetEpoch=Optional.empty, currentLeader=LeaderAndEpoch{leader=Optional[kafka:9092 (id: 1 rack: null)], epoch=0}}.
[2026-04-12T09:52:23.749+0000] {subprocess.py:106} INFO - 26/04/12 09:52:23 INFO SubscriptionState: [Consumer clientId=consumer-spark-kafka-source-c661e8f5-4823-4889-b09f-323250c92967--983882313-executor-3, groupId=spark-kafka-source-c661e8f5-4823-4889-b09f-323250c92967--983882313-executor] Seeking to latest offset of partition weather-topic-1
[2026-04-12T09:52:23.749+0000] {subprocess.py:106} INFO - 26/04/12 09:52:23 INFO SubscriptionState: [Consumer clientId=consumer-spark-kafka-source-c661e8f5-4823-4889-b09f-323250c92967--983882313-executor-2, groupId=spark-kafka-source-c661e8f5-4823-4889-b09f-323250c92967--983882313-executor] Seeking to latest offset of partition weather-topic-0
[2026-04-12T09:52:23.750+0000] {subprocess.py:106} INFO - 26/04/12 09:52:23 INFO SubscriptionState: [Consumer clientId=consumer-spark-kafka-source-c661e8f5-4823-4889-b09f-323250c92967--983882313-executor-1, groupId=spark-kafka-source-c661e8f5-4823-4889-b09f-323250c92967--983882313-executor] Seeking to latest offset of partition weather-topic-2
[2026-04-12T09:52:23.750+0000] {subprocess.py:106} INFO - 26/04/12 09:52:23 INFO SubscriptionState: [Consumer clientId=consumer-spark-kafka-source-c661e8f5-4823-4889-b09f-323250c92967--983882313-executor-3, groupId=spark-kafka-source-c661e8f5-4823-4889-b09f-323250c92967--983882313-executor] Resetting offset for partition weather-topic-1 to position FetchPosition{offset=6, offsetEpoch=Optional.empty, currentLeader=LeaderAndEpoch{leader=Optional[kafka:9092 (id: 1 rack: null)], epoch=0}}.
[2026-04-12T09:52:23.751+0000] {subprocess.py:106} INFO - 26/04/12 09:52:23 INFO SubscriptionState: [Consumer clientId=consumer-spark-kafka-source-c661e8f5-4823-4889-b09f-323250c92967--983882313-executor-2, groupId=spark-kafka-source-c661e8f5-4823-4889-b09f-323250c92967--983882313-executor] Resetting offset for partition weather-topic-0 to position FetchPosition{offset=7, offsetEpoch=Optional.empty, currentLeader=LeaderAndEpoch{leader=Optional[kafka:9092 (id: 1 rack: null)], epoch=0}}.
[2026-04-12T09:52:23.751+0000] {subprocess.py:106} INFO - 26/04/12 09:52:23 INFO SubscriptionState: [Consumer clientId=consumer-spark-kafka-source-c661e8f5-4823-4889-b09f-323250c92967--983882313-executor-1, groupId=spark-kafka-source-c661e8f5-4823-4889-b09f-323250c92967--983882313-executor] Resetting offset for partition weather-topic-2 to position FetchPosition{offset=7, offsetEpoch=Optional.empty, currentLeader=LeaderAndEpoch{leader=Optional[kafka:9092 (id: 1 rack: null)], epoch=0}}.
[2026-04-12T09:52:23.935+0000] {subprocess.py:106} INFO - 26/04/12 09:52:23 INFO KafkaDataConsumer: From Kafka topicPartition=weather-topic-2 groupId=spark-kafka-source-c661e8f5-4823-4889-b09f-323250c92967--983882313-executor read 7 records through 1 polls (polled out 7 records), taking 1112.815446 ms, during time span of 1300.426942 ms.
[2026-04-12T09:52:23.936+0000] {subprocess.py:106} INFO - 26/04/12 09:52:23 INFO KafkaDataConsumer: From Kafka topicPartition=weather-topic-0 groupId=spark-kafka-source-c661e8f5-4823-4889-b09f-323250c92967--983882313-executor read 7 records through 1 polls (polled out 7 records), taking 1112.615967 ms, during time span of 1300.448148 ms.
[2026-04-12T09:52:23.936+0000] {subprocess.py:106} INFO - 26/04/12 09:52:23 INFO KafkaDataConsumer: From Kafka topicPartition=weather-topic-1 groupId=spark-kafka-source-c661e8f5-4823-4889-b09f-323250c92967--983882313-executor read 6 records through 1 polls (polled out 6 records), taking 1111.724812 ms, during time span of 1300.399997 ms.
[2026-04-12T09:52:23.969+0000] {subprocess.py:106} INFO - 26/04/12 09:52:23 INFO Executor: Finished task 2.0 in stage 0.0 (TID 2). 2382 bytes result sent to driver
[2026-04-12T09:52:23.969+0000] {subprocess.py:106} INFO - 26/04/12 09:52:23 INFO Executor: Finished task 1.0 in stage 0.0 (TID 1). 2382 bytes result sent to driver
[2026-04-12T09:52:23.970+0000] {subprocess.py:106} INFO - 26/04/12 09:52:23 INFO Executor: Finished task 0.0 in stage 0.0 (TID 0). 2382 bytes result sent to driver
[2026-04-12T09:52:23.988+0000] {subprocess.py:106} INFO - 26/04/12 09:52:23 INFO TaskSetManager: Finished task 2.0 in stage 0.0 (TID 2) in 2363 ms on spark-master (executor driver) (1/3)
[2026-04-12T09:52:23.998+0000] {subprocess.py:106} INFO - 26/04/12 09:52:23 INFO TaskSetManager: Finished task 0.0 in stage 0.0 (TID 0) in 2412 ms on spark-master (executor driver) (2/3)
[2026-04-12T09:52:23.999+0000] {subprocess.py:106} INFO - 26/04/12 09:52:23 INFO TaskSetManager: Finished task 1.0 in stage 0.0 (TID 1) in 2377 ms on spark-master (executor driver) (3/3)
[2026-04-12T09:52:24.000+0000] {subprocess.py:106} INFO - 26/04/12 09:52:23 INFO TaskSchedulerImpl: Removed TaskSet 0.0 whose tasks have all completed, from pool
[2026-04-12T09:52:24.011+0000] {subprocess.py:106} INFO - 26/04/12 09:52:24 INFO DAGScheduler: ShuffleMapStage 0 (start at NativeMethodAccessorImpl.java:0) finished in 2660 ms
[2026-04-12T09:52:24.012+0000] {subprocess.py:106} INFO - 26/04/12 09:52:24 INFO DAGScheduler: looking for newly runnable stages
[2026-04-12T09:52:24.012+0000] {subprocess.py:106} INFO - 26/04/12 09:52:24 INFO DAGScheduler: running: HashSet()
[2026-04-12T09:52:24.013+0000] {subprocess.py:106} INFO - 26/04/12 09:52:24 INFO DAGScheduler: waiting: HashSet(ResultStage 1)
[2026-04-12T09:52:24.013+0000] {subprocess.py:106} INFO - 26/04/12 09:52:24 INFO DAGScheduler: failed: HashSet()
[2026-04-12T09:52:24.018+0000] {subprocess.py:106} INFO - 26/04/12 09:52:24 INFO DAGScheduler: Submitting ResultStage 1 (MapPartitionsRDD[9] at start at NativeMethodAccessorImpl.java:0), which has no missing parents
[2026-04-12T09:52:24.028+0000] {subprocess.py:106} INFO - 26/04/12 09:52:24 INFO MemoryStore: Block broadcast_1 stored as values in memory (estimated size 13.6 KiB, free 1048.7 MiB)
[2026-04-12T09:52:24.030+0000] {subprocess.py:106} INFO - 26/04/12 09:52:24 INFO MemoryStore: Block broadcast_1_piece0 stored as bytes in memory (estimated size 6.5 KiB, free 1048.7 MiB)
[2026-04-12T09:52:24.032+0000] {subprocess.py:106} INFO - 26/04/12 09:52:24 INFO SparkContext: Created broadcast 1 from broadcast at DAGScheduler.scala:1676
[2026-04-12T09:52:24.034+0000] {subprocess.py:106} INFO - 26/04/12 09:52:24 INFO DAGScheduler: Submitting 1 missing tasks from ResultStage 1 (MapPartitionsRDD[9] at start at NativeMethodAccessorImpl.java:0) (first 15 tasks are for partitions Vector(0))
[2026-04-12T09:52:24.035+0000] {subprocess.py:106} INFO - 26/04/12 09:52:24 INFO TaskSchedulerImpl: Adding task set 1.0 with 1 tasks resource profile 0
[2026-04-12T09:52:24.041+0000] {subprocess.py:106} INFO - 26/04/12 09:52:24 INFO TaskSetManager: Starting task 0.0 in stage 1.0 (TID 3) (spark-master,executor driver, partition 0, NODE_LOCAL, 12446 bytes)
[2026-04-12T09:52:24.042+0000] {subprocess.py:106} INFO - 26/04/12 09:52:24 INFO Executor: Running task 0.0 in stage 1.0 (TID 3)
[2026-04-12T09:52:24.099+0000] {subprocess.py:106} INFO - 26/04/12 09:52:24 INFO ShuffleBlockFetcherIterator: Getting 3 (180.0 B) non-empty blocks including 3 (180.0 B) local and 0 (0.0 B) host-local and 0 (0.0 B) push-merged-local and 0 (0.0 B) remote blocks
[2026-04-12T09:52:24.101+0000] {subprocess.py:106} INFO - 26/04/12 09:52:24 INFO ShuffleBlockFetcherIterator: Started 0 remote fetches in 16 ms
[2026-04-12T09:52:24.121+0000] {subprocess.py:106} INFO - 26/04/12 09:52:24 INFO CodeGenerator: Code generated in 15.994397 ms
[2026-04-12T09:52:24.138+0000] {subprocess.py:106} INFO - 26/04/12 09:52:24 INFO Executor: Finished task 0.0 in stage 1.0 (TID 3). 3938 bytes result sent to driver
[2026-04-12T09:52:24.141+0000] {subprocess.py:106} INFO - 26/04/12 09:52:24 INFO TaskSetManager: Finished task 0.0 in stage 1.0 (TID 3) in 102 ms on spark-master (executor driver) (1/1)
[2026-04-12T09:52:24.142+0000] {subprocess.py:106} INFO - 26/04/12 09:52:24 INFO TaskSchedulerImpl: Removed TaskSet 1.0 whose tasks have all completed, from pool
[2026-04-12T09:52:24.143+0000] {subprocess.py:106} INFO - 26/04/12 09:52:24 INFO DAGScheduler: ResultStage 1 (start at NativeMethodAccessorImpl.java:0) finished in 118 ms
[2026-04-12T09:52:24.147+0000] {subprocess.py:106} INFO - 26/04/12 09:52:24 INFO DAGScheduler: Job 0 is finished. Cancelling potential speculative or zombie tasks for this job
[2026-04-12T09:52:24.148+0000] {subprocess.py:106} INFO - 26/04/12 09:52:24 INFO TaskSchedulerImpl: Canceling stage 1
[2026-04-12T09:52:24.150+0000] {subprocess.py:106} INFO - 26/04/12 09:52:24 INFO TaskSchedulerImpl: Killing all running tasks in stage 1: Stage finished
[2026-04-12T09:52:24.154+0000] {subprocess.py:106} INFO - 26/04/12 09:52:24 INFO DAGScheduler: Job 0 finished: start at NativeMethodAccessorImpl.java:0, took 2870.355092 ms
[2026-04-12T09:52:24.292+0000] {subprocess.py:106} INFO - 26/04/12 09:52:24 INFO ParquetUtils: Using default output committer for Parquet: org.apache.parquet.hadoop.ParquetOutputCommitter
[2026-04-12T09:52:24.314+0000] {subprocess.py:106} INFO - 26/04/12 09:52:24 INFO FileOutputCommitter: File Output Committer Algorithm version is 1
[2026-04-12T09:52:24.315+0000] {subprocess.py:106} INFO - 26/04/12 09:52:24 INFO FileOutputCommitter: FileOutputCommitter skip cleanup _temporary folders under output directory:false, ignore cleanup failures: false
[2026-04-12T09:52:24.315+0000] {subprocess.py:106} INFO - 26/04/12 09:52:24 INFO SQLHadoopMapReduceCommitProtocol: Using user defined output committer class org.apache.parquet.hadoop.ParquetOutputCommitter
[2026-04-12T09:52:24.316+0000] {subprocess.py:106} INFO - 26/04/12 09:52:24 INFO FileOutputCommitter: File Output Committer Algorithm version is 1
[2026-04-12T09:52:24.316+0000] {subprocess.py:106} INFO - 26/04/12 09:52:24 INFO FileOutputCommitter: FileOutputCommitter skip cleanup _temporary folders under output directory:false, ignore cleanup failures: false
[2026-04-12T09:52:24.317+0000] {subprocess.py:106} INFO - 26/04/12 09:52:24 INFO SQLHadoopMapReduceCommitProtocol: Using output committer class org.apache.parquet.hadoop.ParquetOutputCommitter
[2026-04-12T09:52:24.574+0000] {subprocess.py:106} INFO - 26/04/12 09:52:24 ERROR MicroBatchExecution: Query [id = fffa4a28-b831-4a17-a849-992bff20d106, runId = d9cd08e7-64ca-49bd-8fd7-99e801ee0c9a] terminated with error
[2026-04-12T09:52:24.574+0000] {subprocess.py:106} INFO - org.apache.spark.sql.execution.streaming.sources.ForeachBatchUserFuncException: [FOREACH_BATCH_USER_FUNCTION_ERROR] An error occurred in the user provided function in foreach batch sink. Reason: An exception was raised by the Python Proxy. Return Message: Traceback (most recent call last):
[2026-04-12T09:52:24.579+0000] {subprocess.py:106} INFO -   File "/home/spark/spark/python/lib/py4j-0.10.9.9-src.zip/py4j/clientserver.py", line 644, in _call_proxy
[2026-04-12T09:52:24.580+0000] {subprocess.py:106} INFO -     return_value = getattr(self.pool[obj_id], method)(*params)
[2026-04-12T09:52:24.580+0000] {subprocess.py:106} INFO -   File "/home/spark/spark/python/lib/pyspark.zip/pyspark/sql/utils.py", line 165, in call
[2026-04-12T09:52:24.580+0000] {subprocess.py:106} INFO -     raise e
[2026-04-12T09:52:24.581+0000] {subprocess.py:106} INFO -   File "/home/spark/spark/python/lib/pyspark.zip/pyspark/sql/utils.py", line 162, in call
[2026-04-12T09:52:24.581+0000] {subprocess.py:106} INFO -     self.func(DataFrame(jdf, wrapped_session_jdf), batch_id)
[2026-04-12T09:52:24.581+0000] {subprocess.py:106} INFO -   File "/home/spark/spark/spark_jobs/weather_streaming.py", line 114, in write_to_bronze_and_silver
[2026-04-12T09:52:24.582+0000] {subprocess.py:106} INFO -     .save("hdfs://23133083thuyvan-master:9000/user/hive/lakehouse/bronze/raw_api")
[2026-04-12T09:52:24.582+0000] {subprocess.py:106} INFO -   File "/home/spark/spark/python/lib/pyspark.zip/pyspark/sql/readwriter.py", line 1745, in save
[2026-04-12T09:52:24.582+0000] {subprocess.py:106} INFO -     self._jwrite.save(path)
[2026-04-12T09:52:24.583+0000] {subprocess.py:106} INFO -   File "/home/spark/spark/python/lib/py4j-0.10.9.9-src.zip/py4j/java_gateway.py", line 1362, in __call__
[2026-04-12T09:52:24.583+0000] {subprocess.py:106} INFO -     return_value = get_return_value(
[2026-04-12T09:52:24.583+0000] {subprocess.py:106} INFO -   File "/home/spark/spark/python/lib/pyspark.zip/pyspark/errors/exceptions/captured.py", line 282, in deco
[2026-04-12T09:52:24.584+0000] {subprocess.py:106} INFO -     return f(*a, **kw)
[2026-04-12T09:52:24.584+0000] {subprocess.py:106} INFO -   File "/home/spark/spark/python/lib/py4j-0.10.9.9-src.zip/py4j/protocol.py", line 327, in get_return_value
[2026-04-12T09:52:24.585+0000] {subprocess.py:106} INFO -     raise Py4JJavaError(
[2026-04-12T09:52:24.585+0000] {subprocess.py:106} INFO - py4j.protocol.Py4JJavaError: An error occurred while calling o104.save.
[2026-04-12T09:52:24.586+0000] {subprocess.py:106} INFO - : org.apache.hadoop.security.AccessControlException: Permission denied: user=spark, access=WRITE, inode="/user/hive/lakehouse/bronze":hadoop23133083thuyvan:supergroup:drwxr-xr-x
[2026-04-12T09:52:24.586+0000] {subprocess.py:106} INFO - 	at org.apache.hadoop.hdfs.server.namenode.FSPermissionChecker.check(FSPermissionChecker.java:661)
[2026-04-12T09:52:24.586+0000] {subprocess.py:106} INFO - 	at org.apache.hadoop.hdfs.server.namenode.FSPermissionChecker.checkPermission(FSPermissionChecker.java:501)
[2026-04-12T09:52:24.586+0000] {subprocess.py:106} INFO - 	at org.apache.hadoop.hdfs.server.namenode.FSPermissionChecker.checkPermissionWithContext(FSPermissionChecker.java:525)
[2026-04-12T09:52:24.587+0000] {subprocess.py:106} INFO - 	at org.apache.hadoop.hdfs.server.namenode.FSPermissionChecker.checkPermission(FSPermissionChecker.java:395)
[2026-04-12T09:52:24.587+0000] {subprocess.py:106} INFO - 	at org.apache.hadoop.hdfs.server.namenode.FSDirectory.checkPermission(FSDirectory.java:1964)
[2026-04-12T09:52:24.587+0000] {subprocess.py:106} INFO - 	at org.apache.hadoop.hdfs.server.namenode.FSDirectory.checkPermission(FSDirectory.java:1945)
[2026-04-12T09:52:24.587+0000] {subprocess.py:106} INFO - 	at org.apache.hadoop.hdfs.server.namenode.FSDirectory.checkAncestorAccess(FSDirectory.java:1904)
[2026-04-12T09:52:24.588+0000] {subprocess.py:106} INFO - 	at org.apache.hadoop.hdfs.server.namenode.FSDirMkdirOp.mkdirs(FSDirMkdirOp.java:60)
[2026-04-12T09:52:24.588+0000] {subprocess.py:106} INFO - 	at org.apache.hadoop.hdfs.server.namenode.FSNamesystem.mkdirs(FSNamesystem.java:3531)
[2026-04-12T09:52:24.588+0000] {subprocess.py:106} INFO - 	at org.apache.hadoop.hdfs.server.namenode.NameNodeRpcServer.mkdirs(NameNodeRpcServer.java:1173)
[2026-04-12T09:52:24.589+0000] {subprocess.py:106} INFO - 	at org.apache.hadoop.hdfs.protocolPB.ClientNamenodeProtocolServerSideTranslatorPB.mkdirs(ClientNamenodeProtocolServerSideTranslatorPB.java:750)
[2026-04-12T09:52:24.589+0000] {subprocess.py:106} INFO - 	at org.apache.hadoop.hdfs.protocol.proto.ClientNamenodeProtocolProtos$ClientNamenodeProtocol$2.callBlockingMethod(ClientNamenodeProtocolProtos.java)
[2026-04-12T09:52:24.589+0000] {subprocess.py:106} INFO - 	at org.apache.hadoop.ipc.ProtobufRpcEngine2$Server$ProtoBufRpcInvoker.call(ProtobufRpcEngine2.java:621)
[2026-04-12T09:52:24.590+0000] {subprocess.py:106} INFO - 	at org.apache.hadoop.ipc.ProtobufRpcEngine2$Server$ProtoBufRpcInvoker.call(ProtobufRpcEngine2.java:589)
[2026-04-12T09:52:24.590+0000] {subprocess.py:106} INFO - 	at org.apache.hadoop.ipc.ProtobufRpcEngine2$Server$ProtoBufRpcInvoker.call(ProtobufRpcEngine2.java:573)
[2026-04-12T09:52:24.590+0000] {subprocess.py:106} INFO - 	at org.apache.hadoop.ipc.RPC$Server.call(RPC.java:1227)
[2026-04-12T09:52:24.591+0000] {subprocess.py:106} INFO - 	at org.apache.hadoop.ipc.Server$RpcCall.run(Server.java:1246)
[2026-04-12T09:52:24.591+0000] {subprocess.py:106} INFO - 	at org.apache.hadoop.ipc.Server$RpcCall.run(Server.java:1169)
[2026-04-12T09:52:24.591+0000] {subprocess.py:106} INFO - 	at java.base/java.security.AccessController.doPrivileged(Native Method)
[2026-04-12T09:52:24.592+0000] {subprocess.py:106} INFO - 	at java.base/javax.security.auth.Subject.doAs(Subject.java:423)
[2026-04-12T09:52:24.592+0000] {subprocess.py:106} INFO - 	at org.apache.hadoop.security.UserGroupInformation.doAs(UserGroupInformation.java:1953)
[2026-04-12T09:52:24.592+0000] {subprocess.py:106} INFO - 	at org.apache.hadoop.ipc.Server$Handler.run(Server.java:3198)
[2026-04-12T09:52:24.593+0000] {subprocess.py:106} INFO - 
[2026-04-12T09:52:24.593+0000] {subprocess.py:106} INFO - 	at java.base/jdk.internal.reflect.NativeConstructorAccessorImpl.newInstance0(Native Method)
[2026-04-12T09:52:24.593+0000] {subprocess.py:106} INFO - 	at java.base/jdk.internal.reflect.NativeConstructorAccessorImpl.newInstance(NativeConstructorAccessorImpl.java:75)
[2026-04-12T09:52:24.594+0000] {subprocess.py:106} INFO - 	at java.base/jdk.internal.reflect.DelegatingConstructorAccessorImpl.newInstance(DelegatingConstructorAccessorImpl.java:53)
[2026-04-12T09:52:24.594+0000] {subprocess.py:106} INFO - 	at java.base/java.lang.reflect.Constructor.newInstanceWithCaller(Constructor.java:502)
[2026-04-12T09:52:24.594+0000] {subprocess.py:106} INFO - 	at java.base/java.lang.reflect.Constructor.newInstance(Constructor.java:486)
[2026-04-12T09:52:24.595+0000] {subprocess.py:106} INFO - 	at org.apache.hadoop.ipc.RemoteException.instantiateException(RemoteException.java:121)
[2026-04-12T09:52:24.595+0000] {subprocess.py:106} INFO - 	at org.apache.hadoop.ipc.RemoteException.unwrapRemoteException(RemoteException.java:88)
[2026-04-12T09:52:24.595+0000] {subprocess.py:106} INFO - 	at org.apache.hadoop.hdfs.DFSClient.primitiveMkdir(DFSClient.java:2557)
[2026-04-12T09:52:24.596+0000] {subprocess.py:106} INFO - 	at org.apache.hadoop.hdfs.DFSClient.mkdirs(DFSClient.java:2531)
[2026-04-12T09:52:24.596+0000] {subprocess.py:106} INFO - 	at org.apache.hadoop.hdfs.DistributedFileSystem$27.doCall(DistributedFileSystem.java:1497)
[2026-04-12T09:52:24.597+0000] {subprocess.py:106} INFO - 	at org.apache.hadoop.hdfs.DistributedFileSystem$27.doCall(DistributedFileSystem.java:1494)
[2026-04-12T09:52:24.597+0000] {subprocess.py:106} INFO - 	at org.apache.hadoop.fs.FileSystemLinkResolver.resolve(FileSystemLinkResolver.java:81)
[2026-04-12T09:52:24.597+0000] {subprocess.py:106} INFO - 	at org.apache.hadoop.hdfs.DistributedFileSystem.mkdirsInternal(DistributedFileSystem.java:1511)
[2026-04-12T09:52:24.597+0000] {subprocess.py:106} INFO - 	at org.apache.hadoop.hdfs.DistributedFileSystem.mkdirs(DistributedFileSystem.java:1486)
[2026-04-12T09:52:24.598+0000] {subprocess.py:106} INFO - 	at org.apache.hadoop.fs.FileSystem.mkdirs(FileSystem.java:2496)
[2026-04-12T09:52:24.598+0000] {subprocess.py:106} INFO - 	at org.apache.hadoop.mapreduce.lib.output.FileOutputCommitter.setupJob(FileOutputCommitter.java:356)
[2026-04-12T09:52:24.598+0000] {subprocess.py:106} INFO - 	at org.apache.spark.internal.io.HadoopMapReduceCommitProtocol.setupJob(HadoopMapReduceCommitProtocol.scala:190)
[2026-04-12T09:52:24.598+0000] {subprocess.py:106} INFO - 	at org.apache.spark.sql.execution.datasources.FileFormatWriter$.writeAndCommit(FileFormatWriter.scala:268)
[2026-04-12T09:52:24.599+0000] {subprocess.py:106} INFO - 	at org.apache.spark.sql.execution.datasources.FileFormatWriter$.executeWrite(FileFormatWriter.scala:306)
[2026-04-12T09:52:24.599+0000] {subprocess.py:106} INFO - 	at org.apache.spark.sql.execution.datasources.FileFormatWriter$.write(FileFormatWriter.scala:189)
[2026-04-12T09:52:24.599+0000] {subprocess.py:106} INFO - 	at org.apache.spark.sql.execution.datasources.InsertIntoHadoopFsRelationCommand.run(InsertIntoHadoopFsRelationCommand.scala:195)
[2026-04-12T09:52:24.600+0000] {subprocess.py:106} INFO - 	at org.apache.spark.sql.execution.command.DataWritingCommandExec.sideEffectResult$lzycompute(commands.scala:117)
[2026-04-12T09:52:24.600+0000] {subprocess.py:106} INFO - 	at org.apache.spark.sql.execution.command.DataWritingCommandExec.sideEffectResult(commands.scala:115)
[2026-04-12T09:52:24.600+0000] {subprocess.py:106} INFO - 	at org.apache.spark.sql.execution.command.DataWritingCommandExec.executeCollect(commands.scala:129)
[2026-04-12T09:52:24.601+0000] {subprocess.py:106} INFO - 	at org.apache.spark.sql.execution.QueryExecution.$anonfun$eagerlyExecuteCommands$2(QueryExecution.scala:155)
[2026-04-12T09:52:24.601+0000] {subprocess.py:106} INFO - 	at org.apache.spark.sql.execution.SQLExecution$.$anonfun$withNewExecutionId0$8(SQLExecution.scala:163)
[2026-04-12T09:52:24.601+0000] {subprocess.py:106} INFO - 	at org.apache.spark.sql.execution.SQLExecution$.withSessionTagsApplied(SQLExecution.scala:272)
[2026-04-12T09:52:24.602+0000] {subprocess.py:106} INFO - 	at org.apache.spark.sql.execution.SQLExecution$.$anonfun$withNewExecutionId0$7(SQLExecution.scala:125)
[2026-04-12T09:52:24.602+0000] {subprocess.py:106} INFO - 	at org.apache.spark.JobArtifactSet$.withActiveJobArtifactState(JobArtifactSet.scala:94)
[2026-04-12T09:52:24.602+0000] {subprocess.py:106} INFO - 	at org.apache.spark.sql.artifact.ArtifactManager.$anonfun$withResources$1(ArtifactManager.scala:112)
[2026-04-12T09:52:24.602+0000] {subprocess.py:106} INFO - 	at org.apache.spark.sql.artifact.ArtifactManager.withClassLoaderIfNeeded(ArtifactManager.scala:106)
[2026-04-12T09:52:24.603+0000] {subprocess.py:106} INFO - 	at org.apache.spark.sql.artifact.ArtifactManager.withResources(ArtifactManager.scala:111)
[2026-04-12T09:52:24.603+0000] {subprocess.py:106} INFO - 	at org.apache.spark.sql.execution.SQLExecution$.$anonfun$withNewExecutionId0$6(SQLExecution.scala:125)
[2026-04-12T09:52:24.603+0000] {subprocess.py:106} INFO - 	at org.apache.spark.sql.execution.SQLExecution$.withSQLConfPropagated(SQLExecution.scala:295)
[2026-04-12T09:52:24.604+0000] {subprocess.py:106} INFO - 	at org.apache.spark.sql.execution.SQLExecution$.$anonfun$withNewExecutionId0$1(SQLExecution.scala:124)
[2026-04-12T09:52:24.604+0000] {subprocess.py:106} INFO - 	at org.apache.spark.sql.SparkSession.withActive(SparkSession.scala:804)
[2026-04-12T09:52:24.604+0000] {subprocess.py:106} INFO - 	at org.apache.spark.sql.execution.SQLExecution$.withNewExecutionId0(SQLExecution.scala:78)
[2026-04-12T09:52:24.604+0000] {subprocess.py:106} INFO - 	at org.apache.spark.sql.execution.SQLExecution$.withNewExecutionId(SQLExecution.scala:237)
[2026-04-12T09:52:24.605+0000] {subprocess.py:106} INFO - 	at org.apache.spark.sql.execution.QueryExecution.$anonfun$eagerlyExecuteCommands$1(QueryExecution.scala:155)
[2026-04-12T09:52:24.605+0000] {subprocess.py:106} INFO - 	at org.apache.spark.sql.execution.QueryExecution$.withInternalError(QueryExecution.scala:654)
[2026-04-12T09:52:24.605+0000] {subprocess.py:106} INFO - 	at org.apache.spark.sql.execution.QueryExecution.org$apache$spark$sql$execution$QueryExecution$$eagerlyExecute$1(QueryExecution.scala:154)
[2026-04-12T09:52:24.606+0000] {subprocess.py:106} INFO - 	at org.apache.spark.sql.execution.QueryExecution$$anonfun$eagerlyExecuteCommands$3.applyOrElse(QueryExecution.scala:169)
[2026-04-12T09:52:24.606+0000] {subprocess.py:106} INFO - 	at org.apache.spark.sql.execution.QueryExecution$$anonfun$eagerlyExecuteCommands$3.applyOrElse(QueryExecution.scala:164)
[2026-04-12T09:52:24.606+0000] {subprocess.py:106} INFO - 	at org.apache.spark.sql.catalyst.trees.TreeNode.$anonfun$transformDownWithPruning$1(TreeNode.scala:470)
[2026-04-12T09:52:24.607+0000] {subprocess.py:106} INFO - 	at org.apache.spark.sql.catalyst.trees.CurrentOrigin$.withOrigin(origin.scala:86)
[2026-04-12T09:52:24.607+0000] {subprocess.py:106} INFO - 	at org.apache.spark.sql.catalyst.trees.TreeNode.transformDownWithPruning(TreeNode.scala:470)
[2026-04-12T09:52:24.607+0000] {subprocess.py:106} INFO - 	at org.apache.spark.sql.catalyst.plans.logical.LogicalPlan.org$apache$spark$sql$catalyst$plans$logical$AnalysisHelper$$super$transformDownWithPruning(LogicalPlan.scala:37)
[2026-04-12T09:52:24.608+0000] {subprocess.py:106} INFO - 	at org.apache.spark.sql.catalyst.plans.logical.AnalysisHelper.transformDownWithPruning(AnalysisHelper.scala:360)
[2026-04-12T09:52:24.610+0000] {subprocess.py:106} INFO - 	at org.apache.spark.sql.catalyst.plans.logical.AnalysisHelper.transformDownWithPruning$(AnalysisHelper.scala:356)
[2026-04-12T09:52:24.610+0000] {subprocess.py:106} INFO - 	at org.apache.spark.sql.catalyst.plans.logical.LogicalPlan.transformDownWithPruning(LogicalPlan.scala:37)
[2026-04-12T09:52:24.610+0000] {subprocess.py:106} INFO - 	at org.apache.spark.sql.catalyst.plans.logical.LogicalPlan.transformDownWithPruning(LogicalPlan.scala:37)
[2026-04-12T09:52:24.611+0000] {subprocess.py:106} INFO - 	at org.apache.spark.sql.catalyst.trees.TreeNode.transformDown(TreeNode.scala:446)
[2026-04-12T09:52:24.611+0000] {subprocess.py:106} INFO - 	at org.apache.spark.sql.execution.QueryExecution.eagerlyExecuteCommands(QueryExecution.scala:164)
[2026-04-12T09:52:24.611+0000] {subprocess.py:106} INFO - 	at org.apache.spark.sql.execution.QueryExecution.$anonfun$lazyCommandExecuted$1(QueryExecution.scala:126)
[2026-04-12T09:52:24.612+0000] {subprocess.py:106} INFO - 	at scala.util.Try$.apply(Try.scala:217)
[2026-04-12T09:52:24.612+0000] {subprocess.py:106} INFO - 	at org.apache.spark.util.Utils$.doTryWithCallerStacktrace(Utils.scala:1378)
[2026-04-12T09:52:24.613+0000] {subprocess.py:106} INFO - 	at org.apache.spark.util.Utils$.getTryWithCallerStacktrace(Utils.scala:1439)
[2026-04-12T09:52:24.613+0000] {subprocess.py:106} INFO - 	at org.apache.spark.util.LazyTry.get(LazyTry.scala:58)
[2026-04-12T09:52:24.613+0000] {subprocess.py:106} INFO - 	at org.apache.spark.sql.execution.QueryExecution.commandExecuted(QueryExecution.scala:131)
[2026-04-12T09:52:24.614+0000] {subprocess.py:106} INFO - 	at org.apache.spark.sql.execution.QueryExecution.assertCommandExecuted(QueryExecution.scala:192)
[2026-04-12T09:52:24.614+0000] {subprocess.py:106} INFO - 	at org.apache.spark.sql.classic.DataFrameWriter.runCommand(DataFrameWriter.scala:622)
[2026-04-12T09:52:24.615+0000] {subprocess.py:106} INFO - 	at org.apache.spark.sql.classic.DataFrameWriter.saveToV1Source(DataFrameWriter.scala:273)
[2026-04-12T09:52:24.615+0000] {subprocess.py:106} INFO - 	at org.apache.spark.sql.classic.DataFrameWriter.saveInternal(DataFrameWriter.scala:241)
[2026-04-12T09:52:24.615+0000] {subprocess.py:106} INFO - 	at org.apache.spark.sql.classic.DataFrameWriter.save(DataFrameWriter.scala:118)
[2026-04-12T09:52:24.616+0000] {subprocess.py:106} INFO - 	at java.base/jdk.internal.reflect.NativeMethodAccessorImpl.invoke0(Native Method)
[2026-04-12T09:52:24.616+0000] {subprocess.py:106} INFO - 	at java.base/jdk.internal.reflect.NativeMethodAccessorImpl.invoke(NativeMethodAccessorImpl.java:75)
[2026-04-12T09:52:24.617+0000] {subprocess.py:106} INFO - 	at java.base/jdk.internal.reflect.DelegatingMethodAccessorImpl.invoke(DelegatingMethodAccessorImpl.java:52)
[2026-04-12T09:52:24.617+0000] {subprocess.py:106} INFO - 	at java.base/java.lang.reflect.Method.invoke(Method.java:580)
[2026-04-12T09:52:24.617+0000] {subprocess.py:106} INFO - 	at py4j.reflection.MethodInvoker.invoke(MethodInvoker.java:244)
[2026-04-12T09:52:24.618+0000] {subprocess.py:106} INFO - 	at py4j.reflection.ReflectionEngine.invoke(ReflectionEngine.java:374)
[2026-04-12T09:52:24.618+0000] {subprocess.py:106} INFO - 	at py4j.Gateway.invoke(Gateway.java:282)
[2026-04-12T09:52:24.619+0000] {subprocess.py:106} INFO - 	at py4j.commands.AbstractCommand.invokeMethod(AbstractCommand.java:132)
[2026-04-12T09:52:24.619+0000] {subprocess.py:106} INFO - 	at py4j.commands.CallCommand.execute(CallCommand.java:79)
[2026-04-12T09:52:24.620+0000] {subprocess.py:106} INFO - 	at py4j.ClientServerConnection.sendCommand(ClientServerConnection.java:246)
[2026-04-12T09:52:24.620+0000] {subprocess.py:106} INFO - 	at py4j.CallbackClient.sendCommand(CallbackClient.java:384)
[2026-04-12T09:52:24.620+0000] {subprocess.py:106} INFO - 	at py4j.CallbackClient.sendCommand(CallbackClient.java:356)
[2026-04-12T09:52:24.621+0000] {subprocess.py:106} INFO - 	at py4j.reflection.PythonProxyHandler.invoke(PythonProxyHandler.java:106)
[2026-04-12T09:52:24.621+0000] {subprocess.py:106} INFO - 	at jdk.proxy3/jdk.proxy3.$Proxy49.call(Unknown Source)
[2026-04-12T09:52:24.622+0000] {subprocess.py:106} INFO - 	at org.apache.spark.sql.execution.streaming.sources.PythonForeachBatchHelper$.$anonfun$callForeachBatch$1(ForeachBatchSink.scala:87)
[2026-04-12T09:52:24.622+0000] {subprocess.py:106} INFO - 	at org.apache.spark.sql.execution.streaming.sources.PythonForeachBatchHelper$.$anonfun$callForeachBatch$1$adapted(ForeachBatchSink.scala:87)
[2026-04-12T09:52:24.622+0000] {subprocess.py:106} INFO - 	at org.apache.spark.sql.execution.streaming.sources.ForeachBatchSink.callBatchWriter(ForeachBatchSink.scala:56)
[2026-04-12T09:52:24.623+0000] {subprocess.py:106} INFO - 	at org.apache.spark.sql.execution.streaming.sources.ForeachBatchSink.addBatch(ForeachBatchSink.scala:49)
[2026-04-12T09:52:24.623+0000] {subprocess.py:106} INFO - 	at org.apache.spark.sql.execution.streaming.MicroBatchExecution.$anonfun$runBatch$17(MicroBatchExecution.scala:889)
[2026-04-12T09:52:24.623+0000] {subprocess.py:106} INFO - 	at org.apache.spark.sql.execution.SQLExecution$.$anonfun$withNewExecutionId0$8(SQLExecution.scala:163)
[2026-04-12T09:52:24.624+0000] {subprocess.py:106} INFO - 	at org.apache.spark.sql.execution.SQLExecution$.withSessionTagsApplied(SQLExecution.scala:272)
[2026-04-12T09:52:24.624+0000] {subprocess.py:106} INFO - 	at org.apache.spark.sql.execution.SQLExecution$.$anonfun$withNewExecutionId0$7(SQLExecution.scala:125)
[2026-04-12T09:52:24.625+0000] {subprocess.py:106} INFO - 	at org.apache.spark.JobArtifactSet$.withActiveJobArtifactState(JobArtifactSet.scala:94)
[2026-04-12T09:52:24.625+0000] {subprocess.py:106} INFO - 	at org.apache.spark.sql.artifact.ArtifactManager.$anonfun$withResources$1(ArtifactManager.scala:112)
[2026-04-12T09:52:24.625+0000] {subprocess.py:106} INFO - 	at org.apache.spark.sql.artifact.ArtifactManager.withClassLoaderIfNeeded(ArtifactManager.scala:106)
[2026-04-12T09:52:24.626+0000] {subprocess.py:106} INFO - 	at org.apache.spark.sql.artifact.ArtifactManager.withResources(ArtifactManager.scala:111)
[2026-04-12T09:52:24.626+0000] {subprocess.py:106} INFO - 	at org.apache.spark.sql.execution.SQLExecution$.$anonfun$withNewExecutionId0$6(SQLExecution.scala:125)
[2026-04-12T09:52:24.627+0000] {subprocess.py:106} INFO - 	at org.apache.spark.sql.execution.SQLExecution$.withSQLConfPropagated(SQLExecution.scala:295)
[2026-04-12T09:52:24.627+0000] {subprocess.py:106} INFO - 	at org.apache.spark.sql.execution.SQLExecution$.$anonfun$withNewExecutionId0$1(SQLExecution.scala:124)
[2026-04-12T09:52:24.627+0000] {subprocess.py:106} INFO - 	at org.apache.spark.sql.SparkSession.withActive(SparkSession.scala:804)
[2026-04-12T09:52:24.628+0000] {subprocess.py:106} INFO - 	at org.apache.spark.sql.execution.SQLExecution$.withNewExecutionId0(SQLExecution.scala:78)
[2026-04-12T09:52:24.628+0000] {subprocess.py:106} INFO - 	at org.apache.spark.sql.execution.SQLExecution$.withNewExecutionId(SQLExecution.scala:237)
[2026-04-12T09:52:24.628+0000] {subprocess.py:106} INFO - 	at org.apache.spark.sql.execution.streaming.MicroBatchExecution.$anonfun$runBatch$16(MicroBatchExecution.scala:886)
[2026-04-12T09:52:24.629+0000] {subprocess.py:106} INFO - 	at org.apache.spark.sql.execution.streaming.ProgressContext.reportTimeTaken(ProgressReporter.scala:186)
[2026-04-12T09:52:24.629+0000] {subprocess.py:106} INFO - 	at org.apache.spark.sql.execution.streaming.MicroBatchExecution.runBatch(MicroBatchExecution.scala:886)
[2026-04-12T09:52:24.629+0000] {subprocess.py:106} INFO - 	at org.apache.spark.sql.execution.streaming.MicroBatchExecution.$anonfun$executeOneBatch$2(MicroBatchExecution.scala:394)
[2026-04-12T09:52:24.630+0000] {subprocess.py:106} INFO - 	at scala.runtime.java8.JFunction0$mcV$sp.apply(JFunction0$mcV$sp.scala:18)
[2026-04-12T09:52:24.630+0000] {subprocess.py:106} INFO - 	at org.apache.spark.sql.execution.streaming.ProgressContext.reportTimeTaken(ProgressReporter.scala:186)
[2026-04-12T09:52:24.631+0000] {subprocess.py:106} INFO - 	at org.apache.spark.sql.execution.streaming.MicroBatchExecution.executeOneBatch(MicroBatchExecution.scala:364)
[2026-04-12T09:52:24.631+0000] {subprocess.py:106} INFO - 	at org.apache.spark.sql.execution.streaming.MicroBatchExecution.$anonfun$runActivatedStream$1(MicroBatchExecution.scala:344)
[2026-04-12T09:52:24.631+0000] {subprocess.py:106} INFO - 	at org.apache.spark.sql.execution.streaming.MicroBatchExecution.$anonfun$runActivatedStream$1$adapted(MicroBatchExecution.scala:344)
[2026-04-12T09:52:24.632+0000] {subprocess.py:106} INFO - 	at org.apache.spark.sql.execution.streaming.TriggerExecutor.runOneBatch(TriggerExecutor.scala:39)
[2026-04-12T09:52:24.632+0000] {subprocess.py:106} INFO - 	at org.apache.spark.sql.execution.streaming.TriggerExecutor.runOneBatch$(TriggerExecutor.scala:37)
[2026-04-12T09:52:24.632+0000] {subprocess.py:106} INFO - 	at org.apache.spark.sql.execution.streaming.ProcessingTimeExecutor.runOneBatch(TriggerExecutor.scala:70)
[2026-04-12T09:52:24.633+0000] {subprocess.py:106} INFO - 	at org.apache.spark.sql.execution.streaming.ProcessingTimeExecutor.execute(TriggerExecutor.scala:82)
[2026-04-12T09:52:24.633+0000] {subprocess.py:106} INFO - 	at org.apache.spark.sql.execution.streaming.MicroBatchExecution.runActivatedStream(MicroBatchExecution.scala:344)
[2026-04-12T09:52:24.634+0000] {subprocess.py:106} INFO - 	at org.apache.spark.sql.execution.streaming.StreamExecution.$anonfun$runStream$1(StreamExecution.scala:337)
[2026-04-12T09:52:24.634+0000] {subprocess.py:106} INFO - 	at scala.runtime.java8.JFunction0$mcV$sp.apply(JFunction0$mcV$sp.scala:18)
[2026-04-12T09:52:24.634+0000] {subprocess.py:106} INFO - 	at org.apache.spark.sql.SparkSession.withActive(SparkSession.scala:804)
[2026-04-12T09:52:24.635+0000] {subprocess.py:106} INFO - 	at org.apache.spark.sql.execution.streaming.StreamExecution.org$apache$spark$sql$execution$streaming$StreamExecution$$runStream(StreamExecution.scala:311)
[2026-04-12T09:52:24.635+0000] {subprocess.py:106} INFO - 	at org.apache.spark.sql.execution.streaming.StreamExecution$$anon$1.run(StreamExecution.scala:226)
[2026-04-12T09:52:24.636+0000] {subprocess.py:106} INFO - 	Suppressed: org.apache.spark.util.Utils$OriginalTryStackTraceException: Full stacktrace of original doTryWithCallerStacktrace caller
[2026-04-12T09:52:24.636+0000] {subprocess.py:106} INFO - 		at java.base/jdk.internal.reflect.NativeConstructorAccessorImpl.newInstance0(Native Method)
[2026-04-12T09:52:24.636+0000] {subprocess.py:106} INFO - 		at java.base/jdk.internal.reflect.NativeConstructorAccessorImpl.newInstance(NativeConstructorAccessorImpl.java:75)
[2026-04-12T09:52:24.637+0000] {subprocess.py:106} INFO - 		at java.base/jdk.internal.reflect.DelegatingConstructorAccessorImpl.newInstance(DelegatingConstructorAccessorImpl.java:53)
[2026-04-12T09:52:24.637+0000] {subprocess.py:106} INFO - 		at java.base/java.lang.reflect.Constructor.newInstanceWithCaller(Constructor.java:502)
[2026-04-12T09:52:24.638+0000] {subprocess.py:106} INFO - 		at java.base/java.lang.reflect.Constructor.newInstance(Constructor.java:486)
[2026-04-12T09:52:24.638+0000] {subprocess.py:106} INFO - 		at org.apache.hadoop.ipc.RemoteException.instantiateException(RemoteException.java:121)
[2026-04-12T09:52:24.638+0000] {subprocess.py:106} INFO - 		at org.apache.hadoop.ipc.RemoteException.unwrapRemoteException(RemoteException.java:88)
[2026-04-12T09:52:24.639+0000] {subprocess.py:106} INFO - 		at org.apache.hadoop.hdfs.DFSClient.primitiveMkdir(DFSClient.java:2557)
[2026-04-12T09:52:24.639+0000] {subprocess.py:106} INFO - 		at org.apache.hadoop.hdfs.DFSClient.mkdirs(DFSClient.java:2531)
[2026-04-12T09:52:24.639+0000] {subprocess.py:106} INFO - 		at org.apache.hadoop.hdfs.DistributedFileSystem$27.doCall(DistributedFileSystem.java:1497)
[2026-04-12T09:52:24.640+0000] {subprocess.py:106} INFO - 		at org.apache.hadoop.hdfs.DistributedFileSystem$27.doCall(DistributedFileSystem.java:1494)
[2026-04-12T09:52:24.640+0000] {subprocess.py:106} INFO - 		at org.apache.hadoop.fs.FileSystemLinkResolver.resolve(FileSystemLinkResolver.java:81)
[2026-04-12T09:52:24.641+0000] {subprocess.py:106} INFO - 		at org.apache.hadoop.hdfs.DistributedFileSystem.mkdirsInternal(DistributedFileSystem.java:1511)
[2026-04-12T09:52:24.641+0000] {subprocess.py:106} INFO - 		at org.apache.hadoop.hdfs.DistributedFileSystem.mkdirs(DistributedFileSystem.java:1486)
[2026-04-12T09:52:24.642+0000] {subprocess.py:106} INFO - 		at org.apache.hadoop.fs.FileSystem.mkdirs(FileSystem.java:2496)
[2026-04-12T09:52:24.642+0000] {subprocess.py:106} INFO - 		at org.apache.hadoop.mapreduce.lib.output.FileOutputCommitter.setupJob(FileOutputCommitter.java:356)
[2026-04-12T09:52:24.642+0000] {subprocess.py:106} INFO - 		at org.apache.spark.internal.io.HadoopMapReduceCommitProtocol.setupJob(HadoopMapReduceCommitProtocol.scala:190)
[2026-04-12T09:52:24.643+0000] {subprocess.py:106} INFO - 		at org.apache.spark.sql.execution.datasources.FileFormatWriter$.writeAndCommit(FileFormatWriter.scala:268)
[2026-04-12T09:52:24.643+0000] {subprocess.py:106} INFO - 		at org.apache.spark.sql.execution.datasources.FileFormatWriter$.executeWrite(FileFormatWriter.scala:306)
[2026-04-12T09:52:24.644+0000] {subprocess.py:106} INFO - 		at org.apache.spark.sql.execution.datasources.FileFormatWriter$.write(FileFormatWriter.scala:189)
[2026-04-12T09:52:24.644+0000] {subprocess.py:106} INFO - 		at org.apache.spark.sql.execution.datasources.InsertIntoHadoopFsRelationCommand.run(InsertIntoHadoopFsRelationCommand.scala:195)
[2026-04-12T09:52:24.645+0000] {subprocess.py:106} INFO - 		at org.apache.spark.sql.execution.command.DataWritingCommandExec.sideEffectResult$lzycompute(commands.scala:117)
[2026-04-12T09:52:24.645+0000] {subprocess.py:106} INFO - 		at org.apache.spark.sql.execution.command.DataWritingCommandExec.sideEffectResult(commands.scala:115)
[2026-04-12T09:52:24.645+0000] {subprocess.py:106} INFO - 		at org.apache.spark.sql.execution.command.DataWritingCommandExec.executeCollect(commands.scala:129)
[2026-04-12T09:52:24.646+0000] {subprocess.py:106} INFO - 		at org.apache.spark.sql.execution.QueryExecution.$anonfun$eagerlyExecuteCommands$2(QueryExecution.scala:155)
[2026-04-12T09:52:24.646+0000] {subprocess.py:106} INFO - 		at org.apache.spark.sql.execution.SQLExecution$.$anonfun$withNewExecutionId0$8(SQLExecution.scala:163)
[2026-04-12T09:52:24.646+0000] {subprocess.py:106} INFO - 		at org.apache.spark.sql.execution.SQLExecution$.withSessionTagsApplied(SQLExecution.scala:272)
[2026-04-12T09:52:24.647+0000] {subprocess.py:106} INFO - 		at org.apache.spark.sql.execution.SQLExecution$.$anonfun$withNewExecutionId0$7(SQLExecution.scala:125)
[2026-04-12T09:52:24.647+0000] {subprocess.py:106} INFO - 		at org.apache.spark.JobArtifactSet$.withActiveJobArtifactState(JobArtifactSet.scala:94)
[2026-04-12T09:52:24.648+0000] {subprocess.py:106} INFO - 		at org.apache.spark.sql.artifact.ArtifactManager.$anonfun$withResources$1(ArtifactManager.scala:112)
[2026-04-12T09:52:24.648+0000] {subprocess.py:106} INFO - 		at org.apache.spark.sql.artifact.ArtifactManager.withClassLoaderIfNeeded(ArtifactManager.scala:106)
[2026-04-12T09:52:24.648+0000] {subprocess.py:106} INFO - 		at org.apache.spark.sql.artifact.ArtifactManager.withResources(ArtifactManager.scala:111)
[2026-04-12T09:52:24.649+0000] {subprocess.py:106} INFO - 		at org.apache.spark.sql.execution.SQLExecution$.$anonfun$withNewExecutionId0$6(SQLExecution.scala:125)
[2026-04-12T09:52:24.649+0000] {subprocess.py:106} INFO - 		at org.apache.spark.sql.execution.SQLExecution$.withSQLConfPropagated(SQLExecution.scala:295)
[2026-04-12T09:52:24.649+0000] {subprocess.py:106} INFO - 		at org.apache.spark.sql.execution.SQLExecution$.$anonfun$withNewExecutionId0$1(SQLExecution.scala:124)
[2026-04-12T09:52:24.650+0000] {subprocess.py:106} INFO - 		at org.apache.spark.sql.SparkSession.withActive(SparkSession.scala:804)
[2026-04-12T09:52:24.650+0000] {subprocess.py:106} INFO - 		at org.apache.spark.sql.execution.SQLExecution$.withNewExecutionId0(SQLExecution.scala:78)
[2026-04-12T09:52:24.651+0000] {subprocess.py:106} INFO - 		at org.apache.spark.sql.execution.SQLExecution$.withNewExecutionId(SQLExecution.scala:237)
[2026-04-12T09:52:24.651+0000] {subprocess.py:106} INFO - 		at org.apache.spark.sql.execution.QueryExecution.$anonfun$eagerlyExecuteCommands$1(QueryExecution.scala:155)
[2026-04-12T09:52:24.652+0000] {subprocess.py:106} INFO - 		at org.apache.spark.sql.execution.QueryExecution$.withInternalError(QueryExecution.scala:654)
[2026-04-12T09:52:24.652+0000] {subprocess.py:106} INFO - 		at org.apache.spark.sql.execution.QueryExecution.org$apache$spark$sql$execution$QueryExecution$$eagerlyExecute$1(QueryExecution.scala:154)
[2026-04-12T09:52:24.653+0000] {subprocess.py:106} INFO - 		at org.apache.spark.sql.execution.QueryExecution$$anonfun$eagerlyExecuteCommands$3.applyOrElse(QueryExecution.scala:169)
[2026-04-12T09:52:24.653+0000] {subprocess.py:106} INFO - 		at org.apache.spark.sql.execution.QueryExecution$$anonfun$eagerlyExecuteCommands$3.applyOrElse(QueryExecution.scala:164)
[2026-04-12T09:52:24.653+0000] {subprocess.py:106} INFO - 		at org.apache.spark.sql.catalyst.trees.TreeNode.$anonfun$transformDownWithPruning$1(TreeNode.scala:470)
[2026-04-12T09:52:24.654+0000] {subprocess.py:106} INFO - 		at org.apache.spark.sql.catalyst.trees.CurrentOrigin$.withOrigin(origin.scala:86)
[2026-04-12T09:52:24.654+0000] {subprocess.py:106} INFO - 		at org.apache.spark.sql.catalyst.trees.TreeNode.transformDownWithPruning(TreeNode.scala:470)
[2026-04-12T09:52:24.655+0000] {subprocess.py:106} INFO - 		at org.apache.spark.sql.catalyst.plans.logical.LogicalPlan.org$apache$spark$sql$catalyst$plans$logical$AnalysisHelper$$super$transformDownWithPruning(LogicalPlan.scala:37)
[2026-04-12T09:52:24.655+0000] {subprocess.py:106} INFO - 		at org.apache.spark.sql.catalyst.plans.logical.AnalysisHelper.transformDownWithPruning(AnalysisHelper.scala:360)
[2026-04-12T09:52:24.655+0000] {subprocess.py:106} INFO - 		at org.apache.spark.sql.catalyst.plans.logical.AnalysisHelper.transformDownWithPruning$(AnalysisHelper.scala:356)
[2026-04-12T09:52:24.656+0000] {subprocess.py:106} INFO - 		at org.apache.spark.sql.catalyst.plans.logical.LogicalPlan.transformDownWithPruning(LogicalPlan.scala:37)
[2026-04-12T09:52:24.656+0000] {subprocess.py:106} INFO - 		at org.apache.spark.sql.catalyst.plans.logical.LogicalPlan.transformDownWithPruning(LogicalPlan.scala:37)
[2026-04-12T09:52:24.657+0000] {subprocess.py:106} INFO - 		at org.apache.spark.sql.catalyst.trees.TreeNode.transformDown(TreeNode.scala:446)
[2026-04-12T09:52:24.657+0000] {subprocess.py:106} INFO - 		at org.apache.spark.sql.execution.QueryExecution.eagerlyExecuteCommands(QueryExecution.scala:164)
[2026-04-12T09:52:24.658+0000] {subprocess.py:106} INFO - 		at org.apache.spark.sql.execution.QueryExecution.$anonfun$lazyCommandExecuted$1(QueryExecution.scala:126)
[2026-04-12T09:52:24.658+0000] {subprocess.py:106} INFO - 		at scala.util.Try$.apply(Try.scala:217)
[2026-04-12T09:52:24.658+0000] {subprocess.py:106} INFO - 		at org.apache.spark.util.Utils$.doTryWithCallerStacktrace(Utils.scala:1378)
[2026-04-12T09:52:24.659+0000] {subprocess.py:106} INFO - 		at org.apache.spark.util.LazyTry.tryT$lzycompute(LazyTry.scala:46)
[2026-04-12T09:52:24.659+0000] {subprocess.py:106} INFO - 		at org.apache.spark.util.LazyTry.tryT(LazyTry.scala:46)
[2026-04-12T09:52:24.660+0000] {subprocess.py:106} INFO - 		... 58 more
[2026-04-12T09:52:24.660+0000] {subprocess.py:106} INFO - Caused by: org.apache.hadoop.ipc.RemoteException(org.apache.hadoop.security.AccessControlException): Permission denied: user=spark, access=WRITE, inode="/user/hive/lakehouse/bronze":hadoop23133083thuyvan:supergroup:drwxr-xr-x
[2026-04-12T09:52:24.660+0000] {subprocess.py:106} INFO - 	at org.apache.hadoop.hdfs.server.namenode.FSPermissionChecker.check(FSPermissionChecker.java:661)
[2026-04-12T09:52:24.661+0000] {subprocess.py:106} INFO - 	at org.apache.hadoop.hdfs.server.namenode.FSPermissionChecker.checkPermission(FSPermissionChecker.java:501)
[2026-04-12T09:52:24.661+0000] {subprocess.py:106} INFO - 	at org.apache.hadoop.hdfs.server.namenode.FSPermissionChecker.checkPermissionWithContext(FSPermissionChecker.java:525)
[2026-04-12T09:52:24.661+0000] {subprocess.py:106} INFO - 	at org.apache.hadoop.hdfs.server.namenode.FSPermissionChecker.checkPermission(FSPermissionChecker.java:395)
[2026-04-12T09:52:24.662+0000] {subprocess.py:106} INFO - 	at org.apache.hadoop.hdfs.server.namenode.FSDirectory.checkPermission(FSDirectory.java:1964)
[2026-04-12T09:52:24.662+0000] {subprocess.py:106} INFO - 	at org.apache.hadoop.hdfs.server.namenode.FSDirectory.checkPermission(FSDirectory.java:1945)
[2026-04-12T09:52:24.663+0000] {subprocess.py:106} INFO - 	at org.apache.hadoop.hdfs.server.namenode.FSDirectory.checkAncestorAccess(FSDirectory.java:1904)
[2026-04-12T09:52:24.663+0000] {subprocess.py:106} INFO - 	at org.apache.hadoop.hdfs.server.namenode.FSDirMkdirOp.mkdirs(FSDirMkdirOp.java:60)
[2026-04-12T09:52:24.664+0000] {subprocess.py:106} INFO - 	at org.apache.hadoop.hdfs.server.namenode.FSNamesystem.mkdirs(FSNamesystem.java:3531)
[2026-04-12T09:52:24.664+0000] {subprocess.py:106} INFO - 	at org.apache.hadoop.hdfs.server.namenode.NameNodeRpcServer.mkdirs(NameNodeRpcServer.java:1173)
[2026-04-12T09:52:24.665+0000] {subprocess.py:106} INFO - 	at org.apache.hadoop.hdfs.protocolPB.ClientNamenodeProtocolServerSideTranslatorPB.mkdirs(ClientNamenodeProtocolServerSideTranslatorPB.java:750)
[2026-04-12T09:52:24.665+0000] {subprocess.py:106} INFO - 	at org.apache.hadoop.hdfs.protocol.proto.ClientNamenodeProtocolProtos$ClientNamenodeProtocol$2.callBlockingMethod(ClientNamenodeProtocolProtos.java)
[2026-04-12T09:52:24.665+0000] {subprocess.py:106} INFO - 	at org.apache.hadoop.ipc.ProtobufRpcEngine2$Server$ProtoBufRpcInvoker.call(ProtobufRpcEngine2.java:621)
[2026-04-12T09:52:24.666+0000] {subprocess.py:106} INFO - 	at org.apache.hadoop.ipc.ProtobufRpcEngine2$Server$ProtoBufRpcInvoker.call(ProtobufRpcEngine2.java:589)
[2026-04-12T09:52:24.667+0000] {subprocess.py:106} INFO - 	at org.apache.hadoop.ipc.ProtobufRpcEngine2$Server$ProtoBufRpcInvoker.call(ProtobufRpcEngine2.java:573)
[2026-04-12T09:52:24.667+0000] {subprocess.py:106} INFO - 	at org.apache.hadoop.ipc.RPC$Server.call(RPC.java:1227)
[2026-04-12T09:52:24.668+0000] {subprocess.py:106} INFO - 	at org.apache.hadoop.ipc.Server$RpcCall.run(Server.java:1246)
[2026-04-12T09:52:24.668+0000] {subprocess.py:106} INFO - 	at org.apache.hadoop.ipc.Server$RpcCall.run(Server.java:1169)
[2026-04-12T09:52:24.670+0000] {subprocess.py:106} INFO - 	at java.base/java.security.AccessController.doPrivileged(Native Method)
[2026-04-12T09:52:24.670+0000] {subprocess.py:106} INFO - 	at java.base/javax.security.auth.Subject.doAs(Subject.java:423)
[2026-04-12T09:52:24.671+0000] {subprocess.py:106} INFO - 	at org.apache.hadoop.security.UserGroupInformation.doAs(UserGroupInformation.java:1953)
[2026-04-12T09:52:24.672+0000] {subprocess.py:106} INFO - 	at org.apache.hadoop.ipc.Server$Handler.run(Server.java:3198)
[2026-04-12T09:52:24.673+0000] {subprocess.py:106} INFO - 
[2026-04-12T09:52:24.674+0000] {subprocess.py:106} INFO - 	at org.apache.hadoop.ipc.Client.getRpcResponse(Client.java:1584)
[2026-04-12T09:52:24.674+0000] {subprocess.py:106} INFO - 	at org.apache.hadoop.ipc.Client.call(Client.java:1529)
[2026-04-12T09:52:24.675+0000] {subprocess.py:106} INFO - 	at org.apache.hadoop.ipc.Client.call(Client.java:1426)
[2026-04-12T09:52:24.676+0000] {subprocess.py:106} INFO - 	at org.apache.hadoop.ipc.ProtobufRpcEngine2$Invoker.invoke(ProtobufRpcEngine2.java:258)
[2026-04-12T09:52:24.676+0000] {subprocess.py:106} INFO - 	at org.apache.hadoop.ipc.ProtobufRpcEngine2$Invoker.invoke(ProtobufRpcEngine2.java:139)
[2026-04-12T09:52:24.677+0000] {subprocess.py:106} INFO - 	at jdk.proxy2/jdk.proxy2.$Proxy46.mkdirs(Unknown Source)
[2026-04-12T09:52:24.677+0000] {subprocess.py:106} INFO - 	at org.apache.hadoop.hdfs.protocolPB.ClientNamenodeProtocolTranslatorPB.lambda$mkdirs$20(ClientNamenodeProtocolTranslatorPB.java:611)
[2026-04-12T09:52:24.678+0000] {subprocess.py:106} INFO - 	at org.apache.hadoop.ipc.internal.ShadedProtobufHelper.ipc(ShadedProtobufHelper.java:160)
[2026-04-12T09:52:24.678+0000] {subprocess.py:106} INFO - 	at org.apache.hadoop.hdfs.protocolPB.ClientNamenodeProtocolTranslatorPB.mkdirs(ClientNamenodeProtocolTranslatorPB.java:611)
[2026-04-12T09:52:24.679+0000] {subprocess.py:106} INFO - 	at java.base/jdk.internal.reflect.NativeMethodAccessorImpl.invoke0(Native Method)
[2026-04-12T09:52:24.679+0000] {subprocess.py:106} INFO - 	at java.base/jdk.internal.reflect.NativeMethodAccessorImpl.invoke(NativeMethodAccessorImpl.java:75)
[2026-04-12T09:52:24.680+0000] {subprocess.py:106} INFO - 	at java.base/jdk.internal.reflect.DelegatingMethodAccessorImpl.invoke(DelegatingMethodAccessorImpl.java:52)
[2026-04-12T09:52:24.680+0000] {subprocess.py:106} INFO - 	at java.base/java.lang.reflect.Method.invoke(Method.java:580)
[2026-04-12T09:52:24.681+0000] {subprocess.py:106} INFO - 	at org.apache.hadoop.io.retry.RetryInvocationHandler.invokeMethod(RetryInvocationHandler.java:437)
[2026-04-12T09:52:24.682+0000] {subprocess.py:106} INFO - 	at org.apache.hadoop.io.retry.RetryInvocationHandler$Call.invokeMethod(RetryInvocationHandler.java:170)
[2026-04-12T09:52:24.682+0000] {subprocess.py:106} INFO - 	at org.apache.hadoop.io.retry.RetryInvocationHandler$Call.invoke(RetryInvocationHandler.java:162)
[2026-04-12T09:52:24.683+0000] {subprocess.py:106} INFO - 	at org.apache.hadoop.io.retry.RetryInvocationHandler$Call.invokeOnce(RetryInvocationHandler.java:100)
[2026-04-12T09:52:24.683+0000] {subprocess.py:106} INFO - 	at org.apache.hadoop.io.retry.RetryInvocationHandler.invoke(RetryInvocationHandler.java:366)
[2026-04-12T09:52:24.684+0000] {subprocess.py:106} INFO - 	at jdk.proxy2/jdk.proxy2.$Proxy47.mkdirs(Unknown Source)
[2026-04-12T09:52:24.684+0000] {subprocess.py:106} INFO - 	at org.apache.hadoop.hdfs.DFSClient.primitiveMkdir(DFSClient.java:2555)
[2026-04-12T09:52:24.685+0000] {subprocess.py:106} INFO - 	at org.apache.hadoop.hdfs.DFSClient.mkdirs(DFSClient.java:2531)
[2026-04-12T09:52:24.685+0000] {subprocess.py:106} INFO - 	at org.apache.hadoop.hdfs.DistributedFileSystem$27.doCall(DistributedFileSystem.java:1497)
[2026-04-12T09:52:24.686+0000] {subprocess.py:106} INFO - 	at org.apache.hadoop.hdfs.DistributedFileSystem$27.doCall(DistributedFileSystem.java:1494)
[2026-04-12T09:52:24.686+0000] {subprocess.py:106} INFO - 	at org.apache.hadoop.fs.FileSystemLinkResolver.resolve(FileSystemLinkResolver.java:81)
[2026-04-12T09:52:24.686+0000] {subprocess.py:106} INFO - 	at org.apache.hadoop.hdfs.DistributedFileSystem.mkdirsInternal(DistributedFileSystem.java:1511)
[2026-04-12T09:52:24.687+0000] {subprocess.py:106} INFO - 	at org.apache.hadoop.hdfs.DistributedFileSystem.mkdirs(DistributedFileSystem.java:1486)
[2026-04-12T09:52:24.687+0000] {subprocess.py:106} INFO - 	at org.apache.hadoop.fs.FileSystem.mkdirs(FileSystem.java:2496)
[2026-04-12T09:52:24.688+0000] {subprocess.py:106} INFO - 	at org.apache.hadoop.mapreduce.lib.output.FileOutputCommitter.setupJob(FileOutputCommitter.java:356)
[2026-04-12T09:52:24.688+0000] {subprocess.py:106} INFO - 	at org.apache.spark.internal.io.HadoopMapReduceCommitProtocol.setupJob(HadoopMapReduceCommitProtocol.scala:190)
[2026-04-12T09:52:24.688+0000] {subprocess.py:106} INFO - 	at org.apache.spark.sql.execution.datasources.FileFormatWriter$.writeAndCommit(FileFormatWriter.scala:268)
[2026-04-12T09:52:24.689+0000] {subprocess.py:106} INFO - 	at org.apache.spark.sql.execution.datasources.FileFormatWriter$.executeWrite(FileFormatWriter.scala:306)
[2026-04-12T09:52:24.689+0000] {subprocess.py:106} INFO - 	at org.apache.spark.sql.execution.datasources.FileFormatWriter$.write(FileFormatWriter.scala:189)
[2026-04-12T09:52:24.690+0000] {subprocess.py:106} INFO - 	at org.apache.spark.sql.execution.datasources.InsertIntoHadoopFsRelationCommand.run(InsertIntoHadoopFsRelationCommand.scala:195)
[2026-04-12T09:52:24.690+0000] {subprocess.py:106} INFO - 	at org.apache.spark.sql.execution.command.DataWritingCommandExec.sideEffectResult$lzycompute(commands.scala:117)
[2026-04-12T09:52:24.691+0000] {subprocess.py:106} INFO - 	at org.apache.spark.sql.execution.command.DataWritingCommandExec.sideEffectResult(commands.scala:115)
[2026-04-12T09:52:24.691+0000] {subprocess.py:106} INFO - 	at org.apache.spark.sql.execution.command.DataWritingCommandExec.executeCollect(commands.scala:129)
[2026-04-12T09:52:24.692+0000] {subprocess.py:106} INFO - 	at org.apache.spark.sql.execution.QueryExecution.$anonfun$eagerlyExecuteCommands$2(QueryExecution.scala:155)
[2026-04-12T09:52:24.692+0000] {subprocess.py:106} INFO - 	at org.apache.spark.sql.execution.SQLExecution$.$anonfun$withNewExecutionId0$8(SQLExecution.scala:163)
[2026-04-12T09:52:24.693+0000] {subprocess.py:106} INFO - 	at org.apache.spark.sql.execution.SQLExecution$.withSessionTagsApplied(SQLExecution.scala:272)
[2026-04-12T09:52:24.699+0000] {subprocess.py:106} INFO - 	at org.apache.spark.sql.execution.SQLExecution$.$anonfun$withNewExecutionId0$7(SQLExecution.scala:125)
[2026-04-12T09:52:24.700+0000] {subprocess.py:106} INFO - 	at org.apache.spark.JobArtifactSet$.withActiveJobArtifactState(JobArtifactSet.scala:94)
[2026-04-12T09:52:24.701+0000] {subprocess.py:106} INFO - 	at org.apache.spark.sql.artifact.ArtifactManager.$anonfun$withResources$1(ArtifactManager.scala:112)
[2026-04-12T09:52:24.701+0000] {subprocess.py:106} INFO - 	at org.apache.spark.sql.artifact.ArtifactManager.withClassLoaderIfNeeded(ArtifactManager.scala:106)
[2026-04-12T09:52:24.701+0000] {subprocess.py:106} INFO - 	at org.apache.spark.sql.artifact.ArtifactManager.withResources(ArtifactManager.scala:111)
[2026-04-12T09:52:24.702+0000] {subprocess.py:106} INFO - 	at org.apache.spark.sql.execution.SQLExecution$.$anonfun$withNewExecutionId0$6(SQLExecution.scala:125)
[2026-04-12T09:52:24.702+0000] {subprocess.py:106} INFO - 	at org.apache.spark.sql.execution.SQLExecution$.withSQLConfPropagated(SQLExecution.scala:295)
[2026-04-12T09:52:24.703+0000] {subprocess.py:106} INFO - 	at org.apache.spark.sql.execution.SQLExecution$.$anonfun$withNewExecutionId0$1(SQLExecution.scala:124)
[2026-04-12T09:52:24.703+0000] {subprocess.py:106} INFO - 	at org.apache.spark.sql.SparkSession.withActive(SparkSession.scala:804)
[2026-04-12T09:52:24.704+0000] {subprocess.py:106} INFO - 	at org.apache.spark.sql.execution.SQLExecution$.withNewExecutionId0(SQLExecution.scala:78)
[2026-04-12T09:52:24.704+0000] {subprocess.py:106} INFO - 	at org.apache.spark.sql.execution.SQLExecution$.withNewExecutionId(SQLExecution.scala:237)
[2026-04-12T09:52:24.705+0000] {subprocess.py:106} INFO - 	at org.apache.spark.sql.execution.QueryExecution.$anonfun$eagerlyExecuteCommands$1(QueryExecution.scala:155)
[2026-04-12T09:52:24.705+0000] {subprocess.py:106} INFO - 	at org.apache.spark.sql.execution.QueryExecution$.withInternalError(QueryExecution.scala:654)
[2026-04-12T09:52:24.706+0000] {subprocess.py:106} INFO - 	at org.apache.spark.sql.execution.QueryExecution.org$apache$spark$sql$execution$QueryExecution$$eagerlyExecute$1(QueryExecution.scala:154)
[2026-04-12T09:52:24.706+0000] {subprocess.py:106} INFO - 	at org.apache.spark.sql.execution.QueryExecution$$anonfun$eagerlyExecuteCommands$3.applyOrElse(QueryExecution.scala:169)
[2026-04-12T09:52:24.707+0000] {subprocess.py:106} INFO - 	at org.apache.spark.sql.execution.QueryExecution$$anonfun$eagerlyExecuteCommands$3.applyOrElse(QueryExecution.scala:164)
[2026-04-12T09:52:24.707+0000] {subprocess.py:106} INFO - 	at org.apache.spark.sql.catalyst.trees.TreeNode.$anonfun$transformDownWithPruning$1(TreeNode.scala:470)
[2026-04-12T09:52:24.708+0000] {subprocess.py:106} INFO - 	at org.apache.spark.sql.catalyst.trees.CurrentOrigin$.withOrigin(origin.scala:86)
[2026-04-12T09:52:24.708+0000] {subprocess.py:106} INFO - 	at org.apache.spark.sql.catalyst.trees.TreeNode.transformDownWithPruning(TreeNode.scala:470)
[2026-04-12T09:52:24.708+0000] {subprocess.py:106} INFO - 	at org.apache.spark.sql.catalyst.plans.logical.LogicalPlan.org$apache$spark$sql$catalyst$plans$logical$AnalysisHelper$$super$transformDownWithPruning(LogicalPlan.scala:37)
[2026-04-12T09:52:24.709+0000] {subprocess.py:106} INFO - 	at org.apache.spark.sql.catalyst.plans.logical.AnalysisHelper.transformDownWithPruning(AnalysisHelper.scala:360)
[2026-04-12T09:52:24.709+0000] {subprocess.py:106} INFO - 	at org.apache.spark.sql.catalyst.plans.logical.AnalysisHelper.transformDownWithPruning$(AnalysisHelper.scala:356)
[2026-04-12T09:52:24.709+0000] {subprocess.py:106} INFO - 	at org.apache.spark.sql.catalyst.plans.logical.LogicalPlan.transformDownWithPruning(LogicalPlan.scala:37)
[2026-04-12T09:52:24.710+0000] {subprocess.py:106} INFO - 	at org.apache.spark.sql.catalyst.plans.logical.LogicalPlan.transformDownWithPruning(LogicalPlan.scala:37)
[2026-04-12T09:52:24.713+0000] {subprocess.py:106} INFO - 	at org.apache.spark.sql.catalyst.trees.TreeNode.transformDown(TreeNode.scala:446)
[2026-04-12T09:52:24.714+0000] {subprocess.py:106} INFO - 	at org.apache.spark.sql.execution.QueryExecution.eagerlyExecuteCommands(QueryExecution.scala:164)
[2026-04-12T09:52:24.719+0000] {subprocess.py:106} INFO - 	at org.apache.spark.sql.execution.QueryExecution.$anonfun$lazyCommandExecuted$1(QueryExecution.scala:126)
[2026-04-12T09:52:24.720+0000] {subprocess.py:106} INFO - 	at scala.util.Try$.apply(Try.scala:217)
[2026-04-12T09:52:24.720+0000] {subprocess.py:106} INFO - 	at org.apache.spark.util.Utils$.doTryWithCallerStacktrace(Utils.scala:1378)
[2026-04-12T09:52:24.721+0000] {subprocess.py:106} INFO - 	at org.apache.spark.util.LazyTry.tryT$lzycompute(LazyTry.scala:46)
[2026-04-12T09:52:24.721+0000] {subprocess.py:106} INFO - 	at org.apache.spark.util.LazyTry.tryT(LazyTry.scala:46)
[2026-04-12T09:52:24.721+0000] {subprocess.py:106} INFO - 	... 58 more
[2026-04-12T09:52:24.722+0000] {subprocess.py:106} INFO - 
[2026-04-12T09:52:24.722+0000] {subprocess.py:106} INFO -  SQLSTATE: 39000
[2026-04-12T09:52:24.722+0000] {subprocess.py:106} INFO - 	at org.apache.spark.sql.execution.streaming.sources.ForeachBatchSink.callBatchWriter(ForeachBatchSink.scala:60)
[2026-04-12T09:52:24.723+0000] {subprocess.py:106} INFO - 	at org.apache.spark.sql.execution.streaming.sources.ForeachBatchSink.addBatch(ForeachBatchSink.scala:49)
[2026-04-12T09:52:24.723+0000] {subprocess.py:106} INFO - 	at org.apache.spark.sql.execution.streaming.MicroBatchExecution.$anonfun$runBatch$17(MicroBatchExecution.scala:889)
[2026-04-12T09:52:24.723+0000] {subprocess.py:106} INFO - 	at org.apache.spark.sql.execution.SQLExecution$.$anonfun$withNewExecutionId0$8(SQLExecution.scala:163)
[2026-04-12T09:52:24.724+0000] {subprocess.py:106} INFO - 	at org.apache.spark.sql.execution.SQLExecution$.withSessionTagsApplied(SQLExecution.scala:272)
[2026-04-12T09:52:24.724+0000] {subprocess.py:106} INFO - 	at org.apache.spark.sql.execution.SQLExecution$.$anonfun$withNewExecutionId0$7(SQLExecution.scala:125)
[2026-04-12T09:52:24.724+0000] {subprocess.py:106} INFO - 	at org.apache.spark.JobArtifactSet$.withActiveJobArtifactState(JobArtifactSet.scala:94)
[2026-04-12T09:52:24.725+0000] {subprocess.py:106} INFO - 	at org.apache.spark.sql.artifact.ArtifactManager.$anonfun$withResources$1(ArtifactManager.scala:112)
[2026-04-12T09:52:24.725+0000] {subprocess.py:106} INFO - 	at org.apache.spark.sql.artifact.ArtifactManager.withClassLoaderIfNeeded(ArtifactManager.scala:106)
[2026-04-12T09:52:24.726+0000] {subprocess.py:106} INFO - 	at org.apache.spark.sql.artifact.ArtifactManager.withResources(ArtifactManager.scala:111)
[2026-04-12T09:52:24.726+0000] {subprocess.py:106} INFO - 	at org.apache.spark.sql.execution.SQLExecution$.$anonfun$withNewExecutionId0$6(SQLExecution.scala:125)
[2026-04-12T09:52:24.727+0000] {subprocess.py:106} INFO - 	at org.apache.spark.sql.execution.SQLExecution$.withSQLConfPropagated(SQLExecution.scala:295)
[2026-04-12T09:52:24.727+0000] {subprocess.py:106} INFO - 	at org.apache.spark.sql.execution.SQLExecution$.$anonfun$withNewExecutionId0$1(SQLExecution.scala:124)
[2026-04-12T09:52:24.727+0000] {subprocess.py:106} INFO - 	at org.apache.spark.sql.SparkSession.withActive(SparkSession.scala:804)
[2026-04-12T09:52:24.728+0000] {subprocess.py:106} INFO - 	at org.apache.spark.sql.execution.SQLExecution$.withNewExecutionId0(SQLExecution.scala:78)
[2026-04-12T09:52:24.728+0000] {subprocess.py:106} INFO - 	at org.apache.spark.sql.execution.SQLExecution$.withNewExecutionId(SQLExecution.scala:237)
[2026-04-12T09:52:24.729+0000] {subprocess.py:106} INFO - 	at org.apache.spark.sql.execution.streaming.MicroBatchExecution.$anonfun$runBatch$16(MicroBatchExecution.scala:886)
[2026-04-12T09:52:24.729+0000] {subprocess.py:106} INFO - 	at org.apache.spark.sql.execution.streaming.ProgressContext.reportTimeTaken(ProgressReporter.scala:186)
[2026-04-12T09:52:24.729+0000] {subprocess.py:106} INFO - 	at org.apache.spark.sql.execution.streaming.MicroBatchExecution.runBatch(MicroBatchExecution.scala:886)
[2026-04-12T09:52:24.730+0000] {subprocess.py:106} INFO - 	at org.apache.spark.sql.execution.streaming.MicroBatchExecution.$anonfun$executeOneBatch$2(MicroBatchExecution.scala:394)
[2026-04-12T09:52:24.730+0000] {subprocess.py:106} INFO - 	at scala.runtime.java8.JFunction0$mcV$sp.apply(JFunction0$mcV$sp.scala:18)
[2026-04-12T09:52:24.731+0000] {subprocess.py:106} INFO - 	at org.apache.spark.sql.execution.streaming.ProgressContext.reportTimeTaken(ProgressReporter.scala:186)
[2026-04-12T09:52:24.731+0000] {subprocess.py:106} INFO - 	at org.apache.spark.sql.execution.streaming.MicroBatchExecution.executeOneBatch(MicroBatchExecution.scala:364)
[2026-04-12T09:52:24.731+0000] {subprocess.py:106} INFO - 	at org.apache.spark.sql.execution.streaming.MicroBatchExecution.$anonfun$runActivatedStream$1(MicroBatchExecution.scala:344)
[2026-04-12T09:52:24.732+0000] {subprocess.py:106} INFO - 	at org.apache.spark.sql.execution.streaming.MicroBatchExecution.$anonfun$runActivatedStream$1$adapted(MicroBatchExecution.scala:344)
[2026-04-12T09:52:24.732+0000] {subprocess.py:106} INFO - 	at org.apache.spark.sql.execution.streaming.TriggerExecutor.runOneBatch(TriggerExecutor.scala:39)
[2026-04-12T09:52:24.732+0000] {subprocess.py:106} INFO - 	at org.apache.spark.sql.execution.streaming.TriggerExecutor.runOneBatch$(TriggerExecutor.scala:37)
[2026-04-12T09:52:24.733+0000] {subprocess.py:106} INFO - 	at org.apache.spark.sql.execution.streaming.ProcessingTimeExecutor.runOneBatch(TriggerExecutor.scala:70)
[2026-04-12T09:52:24.733+0000] {subprocess.py:106} INFO - 	at org.apache.spark.sql.execution.streaming.ProcessingTimeExecutor.execute(TriggerExecutor.scala:82)
[2026-04-12T09:52:24.734+0000] {subprocess.py:106} INFO - 	at org.apache.spark.sql.execution.streaming.MicroBatchExecution.runActivatedStream(MicroBatchExecution.scala:344)
[2026-04-12T09:52:24.734+0000] {subprocess.py:106} INFO - 	at org.apache.spark.sql.execution.streaming.StreamExecution.$anonfun$runStream$1(StreamExecution.scala:337)
[2026-04-12T09:52:24.735+0000] {subprocess.py:106} INFO - 	at scala.runtime.java8.JFunction0$mcV$sp.apply(JFunction0$mcV$sp.scala:18)
[2026-04-12T09:52:24.735+0000] {subprocess.py:106} INFO - 	at org.apache.spark.sql.SparkSession.withActive(SparkSession.scala:804)
[2026-04-12T09:52:24.736+0000] {subprocess.py:106} INFO - 	at org.apache.spark.sql.execution.streaming.StreamExecution.org$apache$spark$sql$execution$streaming$StreamExecution$$runStream(StreamExecution.scala:311)
[2026-04-12T09:52:24.736+0000] {subprocess.py:106} INFO - 	at org.apache.spark.sql.execution.streaming.StreamExecution$$anon$1.run(StreamExecution.scala:226)
[2026-04-12T09:52:24.736+0000] {subprocess.py:106} INFO - Caused by: py4j.Py4JException: An exception was raised by the Python Proxy. Return Message: Traceback (most recent call last):
[2026-04-12T09:52:24.737+0000] {subprocess.py:106} INFO -   File "/home/spark/spark/python/lib/py4j-0.10.9.9-src.zip/py4j/clientserver.py", line 644, in _call_proxy
[2026-04-12T09:52:24.737+0000] {subprocess.py:106} INFO -     return_value = getattr(self.pool[obj_id], method)(*params)
[2026-04-12T09:52:24.737+0000] {subprocess.py:106} INFO -   File "/home/spark/spark/python/lib/pyspark.zip/pyspark/sql/utils.py", line 165, in call
[2026-04-12T09:52:24.738+0000] {subprocess.py:106} INFO -     raise e
[2026-04-12T09:52:24.738+0000] {subprocess.py:106} INFO -   File "/home/spark/spark/python/lib/pyspark.zip/pyspark/sql/utils.py", line 162, in call
[2026-04-12T09:52:24.739+0000] {subprocess.py:106} INFO -     self.func(DataFrame(jdf, wrapped_session_jdf), batch_id)
[2026-04-12T09:52:24.739+0000] {subprocess.py:106} INFO -   File "/home/spark/spark/spark_jobs/weather_streaming.py", line 114, in write_to_bronze_and_silver
[2026-04-12T09:52:24.740+0000] {subprocess.py:106} INFO -     .save("hdfs://23133083thuyvan-master:9000/user/hive/lakehouse/bronze/raw_api")
[2026-04-12T09:52:24.740+0000] {subprocess.py:106} INFO -   File "/home/spark/spark/python/lib/pyspark.zip/pyspark/sql/readwriter.py", line 1745, in save
[2026-04-12T09:52:24.741+0000] {subprocess.py:106} INFO -     self._jwrite.save(path)
[2026-04-12T09:52:24.741+0000] {subprocess.py:106} INFO -   File "/home/spark/spark/python/lib/py4j-0.10.9.9-src.zip/py4j/java_gateway.py", line 1362, in __call__
[2026-04-12T09:52:24.742+0000] {subprocess.py:106} INFO -     return_value = get_return_value(
[2026-04-12T09:52:24.742+0000] {subprocess.py:106} INFO -   File "/home/spark/spark/python/lib/pyspark.zip/pyspark/errors/exceptions/captured.py", line 282, in deco
[2026-04-12T09:52:24.742+0000] {subprocess.py:106} INFO -     return f(*a, **kw)
[2026-04-12T09:52:24.743+0000] {subprocess.py:106} INFO -   File "/home/spark/spark/python/lib/py4j-0.10.9.9-src.zip/py4j/protocol.py", line 327, in get_return_value
[2026-04-12T09:52:24.744+0000] {subprocess.py:106} INFO -     raise Py4JJavaError(
[2026-04-12T09:52:24.744+0000] {subprocess.py:106} INFO - py4j.protocol.Py4JJavaError: An error occurred while calling o104.save.
[2026-04-12T09:52:24.745+0000] {subprocess.py:106} INFO - : org.apache.hadoop.security.AccessControlException: Permission denied: user=spark, access=WRITE, inode="/user/hive/lakehouse/bronze":hadoop23133083thuyvan:supergroup:drwxr-xr-x
[2026-04-12T09:52:24.745+0000] {subprocess.py:106} INFO - 	at org.apache.hadoop.hdfs.server.namenode.FSPermissionChecker.check(FSPermissionChecker.java:661)
[2026-04-12T09:52:24.746+0000] {subprocess.py:106} INFO - 	at org.apache.hadoop.hdfs.server.namenode.FSPermissionChecker.checkPermission(FSPermissionChecker.java:501)
[2026-04-12T09:52:24.747+0000] {subprocess.py:106} INFO - 	at org.apache.hadoop.hdfs.server.namenode.FSPermissionChecker.checkPermissionWithContext(FSPermissionChecker.java:525)
[2026-04-12T09:52:24.747+0000] {subprocess.py:106} INFO - 	at org.apache.hadoop.hdfs.server.namenode.FSPermissionChecker.checkPermission(FSPermissionChecker.java:395)
[2026-04-12T09:52:24.748+0000] {subprocess.py:106} INFO - 	at org.apache.hadoop.hdfs.server.namenode.FSDirectory.checkPermission(FSDirectory.java:1964)
[2026-04-12T09:52:24.749+0000] {subprocess.py:106} INFO - 	at org.apache.hadoop.hdfs.server.namenode.FSDirectory.checkPermission(FSDirectory.java:1945)
[2026-04-12T09:52:24.749+0000] {subprocess.py:106} INFO - 	at org.apache.hadoop.hdfs.server.namenode.FSDirectory.checkAncestorAccess(FSDirectory.java:1904)
[2026-04-12T09:52:24.749+0000] {subprocess.py:106} INFO - 	at org.apache.hadoop.hdfs.server.namenode.FSDirMkdirOp.mkdirs(FSDirMkdirOp.java:60)
[2026-04-12T09:52:24.750+0000] {subprocess.py:106} INFO - 	at org.apache.hadoop.hdfs.server.namenode.FSNamesystem.mkdirs(FSNamesystem.java:3531)
[2026-04-12T09:52:24.750+0000] {subprocess.py:106} INFO - 	at org.apache.hadoop.hdfs.server.namenode.NameNodeRpcServer.mkdirs(NameNodeRpcServer.java:1173)
[2026-04-12T09:52:24.751+0000] {subprocess.py:106} INFO - 	at org.apache.hadoop.hdfs.protocolPB.ClientNamenodeProtocolServerSideTranslatorPB.mkdirs(ClientNamenodeProtocolServerSideTranslatorPB.java:750)
[2026-04-12T09:52:24.751+0000] {subprocess.py:106} INFO - 	at org.apache.hadoop.hdfs.protocol.proto.ClientNamenodeProtocolProtos$ClientNamenodeProtocol$2.callBlockingMethod(ClientNamenodeProtocolProtos.java)
[2026-04-12T09:52:24.752+0000] {subprocess.py:106} INFO - 	at org.apache.hadoop.ipc.ProtobufRpcEngine2$Server$ProtoBufRpcInvoker.call(ProtobufRpcEngine2.java:621)
[2026-04-12T09:52:24.752+0000] {subprocess.py:106} INFO - 	at org.apache.hadoop.ipc.ProtobufRpcEngine2$Server$ProtoBufRpcInvoker.call(ProtobufRpcEngine2.java:589)
[2026-04-12T09:52:24.752+0000] {subprocess.py:106} INFO - 	at org.apache.hadoop.ipc.ProtobufRpcEngine2$Server$ProtoBufRpcInvoker.call(ProtobufRpcEngine2.java:573)
[2026-04-12T09:52:24.753+0000] {subprocess.py:106} INFO - 	at org.apache.hadoop.ipc.RPC$Server.call(RPC.java:1227)
[2026-04-12T09:52:24.753+0000] {subprocess.py:106} INFO - 	at org.apache.hadoop.ipc.Server$RpcCall.run(Server.java:1246)
[2026-04-12T09:52:24.754+0000] {subprocess.py:106} INFO - 	at org.apache.hadoop.ipc.Server$RpcCall.run(Server.java:1169)
[2026-04-12T09:52:24.754+0000] {subprocess.py:106} INFO - 	at java.base/java.security.AccessController.doPrivileged(Native Method)
[2026-04-12T09:52:24.755+0000] {subprocess.py:106} INFO - 	at java.base/javax.security.auth.Subject.doAs(Subject.java:423)
[2026-04-12T09:52:24.755+0000] {subprocess.py:106} INFO - 	at org.apache.hadoop.security.UserGroupInformation.doAs(UserGroupInformation.java:1953)
[2026-04-12T09:52:24.756+0000] {subprocess.py:106} INFO - 	at org.apache.hadoop.ipc.Server$Handler.run(Server.java:3198)
[2026-04-12T09:52:24.756+0000] {subprocess.py:106} INFO - 
[2026-04-12T09:52:24.757+0000] {subprocess.py:106} INFO - 	at java.base/jdk.internal.reflect.NativeConstructorAccessorImpl.newInstance0(Native Method)
[2026-04-12T09:52:24.758+0000] {subprocess.py:106} INFO - 	at java.base/jdk.internal.reflect.NativeConstructorAccessorImpl.newInstance(NativeConstructorAccessorImpl.java:75)
[2026-04-12T09:52:24.758+0000] {subprocess.py:106} INFO - 	at java.base/jdk.internal.reflect.DelegatingConstructorAccessorImpl.newInstance(DelegatingConstructorAccessorImpl.java:53)
[2026-04-12T09:52:24.759+0000] {subprocess.py:106} INFO - 	at java.base/java.lang.reflect.Constructor.newInstanceWithCaller(Constructor.java:502)
[2026-04-12T09:52:24.759+0000] {subprocess.py:106} INFO - 	at java.base/java.lang.reflect.Constructor.newInstance(Constructor.java:486)
[2026-04-12T09:52:24.760+0000] {subprocess.py:106} INFO - 	at org.apache.hadoop.ipc.RemoteException.instantiateException(RemoteException.java:121)
[2026-04-12T09:52:24.761+0000] {subprocess.py:106} INFO - 	at org.apache.hadoop.ipc.RemoteException.unwrapRemoteException(RemoteException.java:88)
[2026-04-12T09:52:24.761+0000] {subprocess.py:106} INFO - 	at org.apache.hadoop.hdfs.DFSClient.primitiveMkdir(DFSClient.java:2557)
[2026-04-12T09:52:24.762+0000] {subprocess.py:106} INFO - 	at org.apache.hadoop.hdfs.DFSClient.mkdirs(DFSClient.java:2531)
[2026-04-12T09:52:24.762+0000] {subprocess.py:106} INFO - 	at org.apache.hadoop.hdfs.DistributedFileSystem$27.doCall(DistributedFileSystem.java:1497)
[2026-04-12T09:52:24.763+0000] {subprocess.py:106} INFO - 	at org.apache.hadoop.hdfs.DistributedFileSystem$27.doCall(DistributedFileSystem.java:1494)
[2026-04-12T09:52:24.763+0000] {subprocess.py:106} INFO - 	at org.apache.hadoop.fs.FileSystemLinkResolver.resolve(FileSystemLinkResolver.java:81)
[2026-04-12T09:52:24.764+0000] {subprocess.py:106} INFO - 	at org.apache.hadoop.hdfs.DistributedFileSystem.mkdirsInternal(DistributedFileSystem.java:1511)
[2026-04-12T09:52:24.764+0000] {subprocess.py:106} INFO - 	at org.apache.hadoop.hdfs.DistributedFileSystem.mkdirs(DistributedFileSystem.java:1486)
[2026-04-12T09:52:24.765+0000] {subprocess.py:106} INFO - 	at org.apache.hadoop.fs.FileSystem.mkdirs(FileSystem.java:2496)
[2026-04-12T09:52:24.765+0000] {subprocess.py:106} INFO - 	at org.apache.hadoop.mapreduce.lib.output.FileOutputCommitter.setupJob(FileOutputCommitter.java:356)
[2026-04-12T09:52:24.766+0000] {subprocess.py:106} INFO - 	at org.apache.spark.internal.io.HadoopMapReduceCommitProtocol.setupJob(HadoopMapReduceCommitProtocol.scala:190)
[2026-04-12T09:52:24.766+0000] {subprocess.py:106} INFO - 	at org.apache.spark.sql.execution.datasources.FileFormatWriter$.writeAndCommit(FileFormatWriter.scala:268)
[2026-04-12T09:52:24.767+0000] {subprocess.py:106} INFO - 	at org.apache.spark.sql.execution.datasources.FileFormatWriter$.executeWrite(FileFormatWriter.scala:306)
[2026-04-12T09:52:24.767+0000] {subprocess.py:106} INFO - 	at org.apache.spark.sql.execution.datasources.FileFormatWriter$.write(FileFormatWriter.scala:189)
[2026-04-12T09:52:24.768+0000] {subprocess.py:106} INFO - 	at org.apache.spark.sql.execution.datasources.InsertIntoHadoopFsRelationCommand.run(InsertIntoHadoopFsRelationCommand.scala:195)
[2026-04-12T09:52:24.768+0000] {subprocess.py:106} INFO - 	at org.apache.spark.sql.execution.command.DataWritingCommandExec.sideEffectResult$lzycompute(commands.scala:117)
[2026-04-12T09:52:24.769+0000] {subprocess.py:106} INFO - 	at org.apache.spark.sql.execution.command.DataWritingCommandExec.sideEffectResult(commands.scala:115)
[2026-04-12T09:52:24.769+0000] {subprocess.py:106} INFO - 	at org.apache.spark.sql.execution.command.DataWritingCommandExec.executeCollect(commands.scala:129)
[2026-04-12T09:52:24.770+0000] {subprocess.py:106} INFO - 	at org.apache.spark.sql.execution.QueryExecution.$anonfun$eagerlyExecuteCommands$2(QueryExecution.scala:155)
[2026-04-12T09:52:24.770+0000] {subprocess.py:106} INFO - 	at org.apache.spark.sql.execution.SQLExecution$.$anonfun$withNewExecutionId0$8(SQLExecution.scala:163)
[2026-04-12T09:52:24.771+0000] {subprocess.py:106} INFO - 	at org.apache.spark.sql.execution.SQLExecution$.withSessionTagsApplied(SQLExecution.scala:272)
[2026-04-12T09:52:24.771+0000] {subprocess.py:106} INFO - 	at org.apache.spark.sql.execution.SQLExecution$.$anonfun$withNewExecutionId0$7(SQLExecution.scala:125)
[2026-04-12T09:52:24.772+0000] {subprocess.py:106} INFO - 	at org.apache.spark.JobArtifactSet$.withActiveJobArtifactState(JobArtifactSet.scala:94)
[2026-04-12T09:52:24.772+0000] {subprocess.py:106} INFO - 	at org.apache.spark.sql.artifact.ArtifactManager.$anonfun$withResources$1(ArtifactManager.scala:112)
[2026-04-12T09:52:24.773+0000] {subprocess.py:106} INFO - 	at org.apache.spark.sql.artifact.ArtifactManager.withClassLoaderIfNeeded(ArtifactManager.scala:106)
[2026-04-12T09:52:24.773+0000] {subprocess.py:106} INFO - 	at org.apache.spark.sql.artifact.ArtifactManager.withResources(ArtifactManager.scala:111)
[2026-04-12T09:52:24.774+0000] {subprocess.py:106} INFO - 	at org.apache.spark.sql.execution.SQLExecution$.$anonfun$withNewExecutionId0$6(SQLExecution.scala:125)
[2026-04-12T09:52:24.774+0000] {subprocess.py:106} INFO - 	at org.apache.spark.sql.execution.SQLExecution$.withSQLConfPropagated(SQLExecution.scala:295)
[2026-04-12T09:52:24.775+0000] {subprocess.py:106} INFO - 	at org.apache.spark.sql.execution.SQLExecution$.$anonfun$withNewExecutionId0$1(SQLExecution.scala:124)
[2026-04-12T09:52:24.776+0000] {subprocess.py:106} INFO - 	at org.apache.spark.sql.SparkSession.withActive(SparkSession.scala:804)
[2026-04-12T09:52:24.777+0000] {subprocess.py:106} INFO - 	at org.apache.spark.sql.execution.SQLExecution$.withNewExecutionId0(SQLExecution.scala:78)
[2026-04-12T09:52:24.778+0000] {subprocess.py:106} INFO - 	at org.apache.spark.sql.execution.SQLExecution$.withNewExecutionId(SQLExecution.scala:237)
[2026-04-12T09:52:24.778+0000] {subprocess.py:106} INFO - 	at org.apache.spark.sql.execution.QueryExecution.$anonfun$eagerlyExecuteCommands$1(QueryExecution.scala:155)
[2026-04-12T09:52:24.779+0000] {subprocess.py:106} INFO - 	at org.apache.spark.sql.execution.QueryExecution$.withInternalError(QueryExecution.scala:654)
[2026-04-12T09:52:24.780+0000] {subprocess.py:106} INFO - 	at org.apache.spark.sql.execution.QueryExecution.org$apache$spark$sql$execution$QueryExecution$$eagerlyExecute$1(QueryExecution.scala:154)
[2026-04-12T09:52:24.781+0000] {subprocess.py:106} INFO - 	at org.apache.spark.sql.execution.QueryExecution$$anonfun$eagerlyExecuteCommands$3.applyOrElse(QueryExecution.scala:169)
[2026-04-12T09:52:24.782+0000] {subprocess.py:106} INFO - 	at org.apache.spark.sql.execution.QueryExecution$$anonfun$eagerlyExecuteCommands$3.applyOrElse(QueryExecution.scala:164)
[2026-04-12T09:52:24.782+0000] {subprocess.py:106} INFO - 	at org.apache.spark.sql.catalyst.trees.TreeNode.$anonfun$transformDownWithPruning$1(TreeNode.scala:470)
[2026-04-12T09:52:24.783+0000] {subprocess.py:106} INFO - 	at org.apache.spark.sql.catalyst.trees.CurrentOrigin$.withOrigin(origin.scala:86)
[2026-04-12T09:52:24.784+0000] {subprocess.py:106} INFO - 	at org.apache.spark.sql.catalyst.trees.TreeNode.transformDownWithPruning(TreeNode.scala:470)
[2026-04-12T09:52:24.785+0000] {subprocess.py:106} INFO - 	at org.apache.spark.sql.catalyst.plans.logical.LogicalPlan.org$apache$spark$sql$catalyst$plans$logical$AnalysisHelper$$super$transformDownWithPruning(LogicalPlan.scala:37)
[2026-04-12T09:52:24.787+0000] {subprocess.py:106} INFO - 	at org.apache.spark.sql.catalyst.plans.logical.AnalysisHelper.transformDownWithPruning(AnalysisHelper.scala:360)
[2026-04-12T09:52:24.788+0000] {subprocess.py:106} INFO - 	at org.apache.spark.sql.catalyst.plans.logical.AnalysisHelper.transformDownWithPruning$(AnalysisHelper.scala:356)
[2026-04-12T09:52:24.789+0000] {subprocess.py:106} INFO - 	at org.apache.spark.sql.catalyst.plans.logical.LogicalPlan.transformDownWithPruning(LogicalPlan.scala:37)
[2026-04-12T09:52:24.789+0000] {subprocess.py:106} INFO - 	at org.apache.spark.sql.catalyst.plans.logical.LogicalPlan.transformDownWithPruning(LogicalPlan.scala:37)
[2026-04-12T09:52:24.790+0000] {subprocess.py:106} INFO - 	at org.apache.spark.sql.catalyst.trees.TreeNode.transformDown(TreeNode.scala:446)
[2026-04-12T09:52:24.791+0000] {subprocess.py:106} INFO - 	at org.apache.spark.sql.execution.QueryExecution.eagerlyExecuteCommands(QueryExecution.scala:164)
[2026-04-12T09:52:24.791+0000] {subprocess.py:106} INFO - 	at org.apache.spark.sql.execution.QueryExecution.$anonfun$lazyCommandExecuted$1(QueryExecution.scala:126)
[2026-04-12T09:52:24.796+0000] {subprocess.py:106} INFO - 	at scala.util.Try$.apply(Try.scala:217)
[2026-04-12T09:52:24.797+0000] {subprocess.py:106} INFO - 	at org.apache.spark.util.Utils$.doTryWithCallerStacktrace(Utils.scala:1378)
[2026-04-12T09:52:24.797+0000] {subprocess.py:106} INFO - 	at org.apache.spark.util.Utils$.getTryWithCallerStacktrace(Utils.scala:1439)
[2026-04-12T09:52:24.798+0000] {subprocess.py:106} INFO - 	at org.apache.spark.util.LazyTry.get(LazyTry.scala:58)
[2026-04-12T09:52:24.798+0000] {subprocess.py:106} INFO - 	at org.apache.spark.sql.execution.QueryExecution.commandExecuted(QueryExecution.scala:131)
[2026-04-12T09:52:24.803+0000] {subprocess.py:106} INFO - 	at org.apache.spark.sql.execution.QueryExecution.assertCommandExecuted(QueryExecution.scala:192)
[2026-04-12T09:52:24.804+0000] {subprocess.py:106} INFO - 	at org.apache.spark.sql.classic.DataFrameWriter.runCommand(DataFrameWriter.scala:622)
[2026-04-12T09:52:24.805+0000] {subprocess.py:106} INFO - 	at org.apache.spark.sql.classic.DataFrameWriter.saveToV1Source(DataFrameWriter.scala:273)
[2026-04-12T09:52:24.805+0000] {subprocess.py:106} INFO - 	at org.apache.spark.sql.classic.DataFrameWriter.saveInternal(DataFrameWriter.scala:241)
[2026-04-12T09:52:24.805+0000] {subprocess.py:106} INFO - 	at org.apache.spark.sql.classic.DataFrameWriter.save(DataFrameWriter.scala:118)
[2026-04-12T09:52:24.806+0000] {subprocess.py:106} INFO - 	at java.base/jdk.internal.reflect.NativeMethodAccessorImpl.invoke0(Native Method)
[2026-04-12T09:52:24.806+0000] {subprocess.py:106} INFO - 	at java.base/jdk.internal.reflect.NativeMethodAccessorImpl.invoke(NativeMethodAccessorImpl.java:75)
[2026-04-12T09:52:24.807+0000] {subprocess.py:106} INFO - 	at java.base/jdk.internal.reflect.DelegatingMethodAccessorImpl.invoke(DelegatingMethodAccessorImpl.java:52)
[2026-04-12T09:52:24.807+0000] {subprocess.py:106} INFO - 	at java.base/java.lang.reflect.Method.invoke(Method.java:580)
[2026-04-12T09:52:24.808+0000] {subprocess.py:106} INFO - 	at py4j.reflection.MethodInvoker.invoke(MethodInvoker.java:244)
[2026-04-12T09:52:24.808+0000] {subprocess.py:106} INFO - 	at py4j.reflection.ReflectionEngine.invoke(ReflectionEngine.java:374)
[2026-04-12T09:52:24.808+0000] {subprocess.py:106} INFO - 	at py4j.Gateway.invoke(Gateway.java:282)
[2026-04-12T09:52:24.809+0000] {subprocess.py:106} INFO - 	at py4j.commands.AbstractCommand.invokeMethod(AbstractCommand.java:132)
[2026-04-12T09:52:24.809+0000] {subprocess.py:106} INFO - 	at py4j.commands.CallCommand.execute(CallCommand.java:79)
[2026-04-12T09:52:24.809+0000] {subprocess.py:106} INFO - 	at py4j.ClientServerConnection.sendCommand(ClientServerConnection.java:246)
[2026-04-12T09:52:24.810+0000] {subprocess.py:106} INFO - 	at py4j.CallbackClient.sendCommand(CallbackClient.java:384)
[2026-04-12T09:52:24.810+0000] {subprocess.py:106} INFO - 	at py4j.CallbackClient.sendCommand(CallbackClient.java:356)
[2026-04-12T09:52:24.811+0000] {subprocess.py:106} INFO - 	at py4j.reflection.PythonProxyHandler.invoke(PythonProxyHandler.java:106)
[2026-04-12T09:52:24.811+0000] {subprocess.py:106} INFO - 	at jdk.proxy3/jdk.proxy3.$Proxy49.call(Unknown Source)
[2026-04-12T09:52:24.812+0000] {subprocess.py:106} INFO - 	at org.apache.spark.sql.execution.streaming.sources.PythonForeachBatchHelper$.$anonfun$callForeachBatch$1(ForeachBatchSink.scala:87)
[2026-04-12T09:52:24.812+0000] {subprocess.py:106} INFO - 	at org.apache.spark.sql.execution.streaming.sources.PythonForeachBatchHelper$.$anonfun$callForeachBatch$1$adapted(ForeachBatchSink.scala:87)
[2026-04-12T09:52:24.813+0000] {subprocess.py:106} INFO - 	at org.apache.spark.sql.execution.streaming.sources.ForeachBatchSink.callBatchWriter(ForeachBatchSink.scala:56)
[2026-04-12T09:52:24.813+0000] {subprocess.py:106} INFO - 	at org.apache.spark.sql.execution.streaming.sources.ForeachBatchSink.addBatch(ForeachBatchSink.scala:49)
[2026-04-12T09:52:24.814+0000] {subprocess.py:106} INFO - 	at org.apache.spark.sql.execution.streaming.MicroBatchExecution.$anonfun$runBatch$17(MicroBatchExecution.scala:889)
[2026-04-12T09:52:24.814+0000] {subprocess.py:106} INFO - 	at org.apache.spark.sql.execution.SQLExecution$.$anonfun$withNewExecutionId0$8(SQLExecution.scala:163)
[2026-04-12T09:52:24.814+0000] {subprocess.py:106} INFO - 	at org.apache.spark.sql.execution.SQLExecution$.withSessionTagsApplied(SQLExecution.scala:272)
[2026-04-12T09:52:24.815+0000] {subprocess.py:106} INFO - 	at org.apache.spark.sql.execution.SQLExecution$.$anonfun$withNewExecutionId0$7(SQLExecution.scala:125)
[2026-04-12T09:52:24.815+0000] {subprocess.py:106} INFO - 	at org.apache.spark.JobArtifactSet$.withActiveJobArtifactState(JobArtifactSet.scala:94)
[2026-04-12T09:52:24.816+0000] {subprocess.py:106} INFO - 	at org.apache.spark.sql.artifact.ArtifactManager.$anonfun$withResources$1(ArtifactManager.scala:112)
[2026-04-12T09:52:24.816+0000] {subprocess.py:106} INFO - 	at org.apache.spark.sql.artifact.ArtifactManager.withClassLoaderIfNeeded(ArtifactManager.scala:106)
[2026-04-12T09:52:24.816+0000] {subprocess.py:106} INFO - 	at org.apache.spark.sql.artifact.ArtifactManager.withResources(ArtifactManager.scala:111)
[2026-04-12T09:52:24.817+0000] {subprocess.py:106} INFO - 	at org.apache.spark.sql.execution.SQLExecution$.$anonfun$withNewExecutionId0$6(SQLExecution.scala:125)
[2026-04-12T09:52:24.817+0000] {subprocess.py:106} INFO - 	at org.apache.spark.sql.execution.SQLExecution$.withSQLConfPropagated(SQLExecution.scala:295)
[2026-04-12T09:52:24.818+0000] {subprocess.py:106} INFO - 	at org.apache.spark.sql.execution.SQLExecution$.$anonfun$withNewExecutionId0$1(SQLExecution.scala:124)
[2026-04-12T09:52:24.818+0000] {subprocess.py:106} INFO - 	at org.apache.spark.sql.SparkSession.withActive(SparkSession.scala:804)
[2026-04-12T09:52:24.819+0000] {subprocess.py:106} INFO - 	at org.apache.spark.sql.execution.SQLExecution$.withNewExecutionId0(SQLExecution.scala:78)
[2026-04-12T09:52:24.819+0000] {subprocess.py:106} INFO - 	at org.apache.spark.sql.execution.SQLExecution$.withNewExecutionId(SQLExecution.scala:237)
[2026-04-12T09:52:24.820+0000] {subprocess.py:106} INFO - 	at org.apache.spark.sql.execution.streaming.MicroBatchExecution.$anonfun$runBatch$16(MicroBatchExecution.scala:886)
[2026-04-12T09:52:24.820+0000] {subprocess.py:106} INFO - 	at org.apache.spark.sql.execution.streaming.ProgressContext.reportTimeTaken(ProgressReporter.scala:186)
[2026-04-12T09:52:24.821+0000] {subprocess.py:106} INFO - 	at org.apache.spark.sql.execution.streaming.MicroBatchExecution.runBatch(MicroBatchExecution.scala:886)
[2026-04-12T09:52:24.821+0000] {subprocess.py:106} INFO - 	at org.apache.spark.sql.execution.streaming.MicroBatchExecution.$anonfun$executeOneBatch$2(MicroBatchExecution.scala:394)
[2026-04-12T09:52:24.821+0000] {subprocess.py:106} INFO - 	at scala.runtime.java8.JFunction0$mcV$sp.apply(JFunction0$mcV$sp.scala:18)
[2026-04-12T09:52:24.822+0000] {subprocess.py:106} INFO - 	at org.apache.spark.sql.execution.streaming.ProgressContext.reportTimeTaken(ProgressReporter.scala:186)
[2026-04-12T09:52:24.822+0000] {subprocess.py:106} INFO - 	at org.apache.spark.sql.execution.streaming.MicroBatchExecution.executeOneBatch(MicroBatchExecution.scala:364)
[2026-04-12T09:52:24.822+0000] {subprocess.py:106} INFO - 	at org.apache.spark.sql.execution.streaming.MicroBatchExecution.$anonfun$runActivatedStream$1(MicroBatchExecution.scala:344)
[2026-04-12T09:52:24.823+0000] {subprocess.py:106} INFO - 	at org.apache.spark.sql.execution.streaming.MicroBatchExecution.$anonfun$runActivatedStream$1$adapted(MicroBatchExecution.scala:344)
[2026-04-12T09:52:24.823+0000] {subprocess.py:106} INFO - 	at org.apache.spark.sql.execution.streaming.TriggerExecutor.runOneBatch(TriggerExecutor.scala:39)
[2026-04-12T09:52:24.823+0000] {subprocess.py:106} INFO - 	at org.apache.spark.sql.execution.streaming.TriggerExecutor.runOneBatch$(TriggerExecutor.scala:37)
[2026-04-12T09:52:24.824+0000] {subprocess.py:106} INFO - 	at org.apache.spark.sql.execution.streaming.ProcessingTimeExecutor.runOneBatch(TriggerExecutor.scala:70)
[2026-04-12T09:52:24.824+0000] {subprocess.py:106} INFO - 	at org.apache.spark.sql.execution.streaming.ProcessingTimeExecutor.execute(TriggerExecutor.scala:82)
[2026-04-12T09:52:24.824+0000] {subprocess.py:106} INFO - 	at org.apache.spark.sql.execution.streaming.MicroBatchExecution.runActivatedStream(MicroBatchExecution.scala:344)
[2026-04-12T09:52:24.825+0000] {subprocess.py:106} INFO - 	at org.apache.spark.sql.execution.streaming.StreamExecution.$anonfun$runStream$1(StreamExecution.scala:337)
[2026-04-12T09:52:24.825+0000] {subprocess.py:106} INFO - 	at scala.runtime.java8.JFunction0$mcV$sp.apply(JFunction0$mcV$sp.scala:18)
[2026-04-12T09:52:24.825+0000] {subprocess.py:106} INFO - 	at org.apache.spark.sql.SparkSession.withActive(SparkSession.scala:804)
[2026-04-12T09:52:24.826+0000] {subprocess.py:106} INFO - 	at org.apache.spark.sql.execution.streaming.StreamExecution.org$apache$spark$sql$execution$streaming$StreamExecution$$runStream(StreamExecution.scala:311)
[2026-04-12T09:52:24.826+0000] {subprocess.py:106} INFO - 	at org.apache.spark.sql.execution.streaming.StreamExecution$$anon$1.run(StreamExecution.scala:226)
[2026-04-12T09:52:24.827+0000] {subprocess.py:106} INFO - 	Suppressed: org.apache.spark.util.Utils$OriginalTryStackTraceException: Full stacktrace of original doTryWithCallerStacktrace caller
[2026-04-12T09:52:24.827+0000] {subprocess.py:106} INFO - 		at java.base/jdk.internal.reflect.NativeConstructorAccessorImpl.newInstance0(Native Method)
[2026-04-12T09:52:24.827+0000] {subprocess.py:106} INFO - 		at java.base/jdk.internal.reflect.NativeConstructorAccessorImpl.newInstance(NativeConstructorAccessorImpl.java:75)
[2026-04-12T09:52:24.828+0000] {subprocess.py:106} INFO - 		at java.base/jdk.internal.reflect.DelegatingConstructorAccessorImpl.newInstance(DelegatingConstructorAccessorImpl.java:53)
[2026-04-12T09:52:24.828+0000] {subprocess.py:106} INFO - 		at java.base/java.lang.reflect.Constructor.newInstanceWithCaller(Constructor.java:502)
[2026-04-12T09:52:24.829+0000] {subprocess.py:106} INFO - 		at java.base/java.lang.reflect.Constructor.newInstance(Constructor.java:486)
[2026-04-12T09:52:24.829+0000] {subprocess.py:106} INFO - 		at org.apache.hadoop.ipc.RemoteException.instantiateException(RemoteException.java:121)
[2026-04-12T09:52:24.829+0000] {subprocess.py:106} INFO - 		at org.apache.hadoop.ipc.RemoteException.unwrapRemoteException(RemoteException.java:88)
[2026-04-12T09:52:24.830+0000] {subprocess.py:106} INFO - 		at org.apache.hadoop.hdfs.DFSClient.primitiveMkdir(DFSClient.java:2557)
[2026-04-12T09:52:24.830+0000] {subprocess.py:106} INFO - 		at org.apache.hadoop.hdfs.DFSClient.mkdirs(DFSClient.java:2531)
[2026-04-12T09:52:24.831+0000] {subprocess.py:106} INFO - 		at org.apache.hadoop.hdfs.DistributedFileSystem$27.doCall(DistributedFileSystem.java:1497)
[2026-04-12T09:52:24.831+0000] {subprocess.py:106} INFO - 		at org.apache.hadoop.hdfs.DistributedFileSystem$27.doCall(DistributedFileSystem.java:1494)
[2026-04-12T09:52:24.832+0000] {subprocess.py:106} INFO - 		at org.apache.hadoop.fs.FileSystemLinkResolver.resolve(FileSystemLinkResolver.java:81)
[2026-04-12T09:52:24.832+0000] {subprocess.py:106} INFO - 		at org.apache.hadoop.hdfs.DistributedFileSystem.mkdirsInternal(DistributedFileSystem.java:1511)
[2026-04-12T09:52:24.833+0000] {subprocess.py:106} INFO - 		at org.apache.hadoop.hdfs.DistributedFileSystem.mkdirs(DistributedFileSystem.java:1486)
[2026-04-12T09:52:24.833+0000] {subprocess.py:106} INFO - 		at org.apache.hadoop.fs.FileSystem.mkdirs(FileSystem.java:2496)
[2026-04-12T09:52:24.833+0000] {subprocess.py:106} INFO - 		at org.apache.hadoop.mapreduce.lib.output.FileOutputCommitter.setupJob(FileOutputCommitter.java:356)
[2026-04-12T09:52:24.834+0000] {subprocess.py:106} INFO - 		at org.apache.spark.internal.io.HadoopMapReduceCommitProtocol.setupJob(HadoopMapReduceCommitProtocol.scala:190)
[2026-04-12T09:52:24.834+0000] {subprocess.py:106} INFO - 		at org.apache.spark.sql.execution.datasources.FileFormatWriter$.writeAndCommit(FileFormatWriter.scala:268)
[2026-04-12T09:52:24.835+0000] {subprocess.py:106} INFO - 		at org.apache.spark.sql.execution.datasources.FileFormatWriter$.executeWrite(FileFormatWriter.scala:306)
[2026-04-12T09:52:24.835+0000] {subprocess.py:106} INFO - 		at org.apache.spark.sql.execution.datasources.FileFormatWriter$.write(FileFormatWriter.scala:189)
[2026-04-12T09:52:24.836+0000] {subprocess.py:106} INFO - 		at org.apache.spark.sql.execution.datasources.InsertIntoHadoopFsRelationCommand.run(InsertIntoHadoopFsRelationCommand.scala:195)
[2026-04-12T09:52:24.836+0000] {subprocess.py:106} INFO - 		at org.apache.spark.sql.execution.command.DataWritingCommandExec.sideEffectResult$lzycompute(commands.scala:117)
[2026-04-12T09:52:24.836+0000] {subprocess.py:106} INFO - 		at org.apache.spark.sql.execution.command.DataWritingCommandExec.sideEffectResult(commands.scala:115)
[2026-04-12T09:52:24.837+0000] {subprocess.py:106} INFO - 		at org.apache.spark.sql.execution.command.DataWritingCommandExec.executeCollect(commands.scala:129)
[2026-04-12T09:52:24.837+0000] {subprocess.py:106} INFO - 		at org.apache.spark.sql.execution.QueryExecution.$anonfun$eagerlyExecuteCommands$2(QueryExecution.scala:155)
[2026-04-12T09:52:24.838+0000] {subprocess.py:106} INFO - 		at org.apache.spark.sql.execution.SQLExecution$.$anonfun$withNewExecutionId0$8(SQLExecution.scala:163)
[2026-04-12T09:52:24.838+0000] {subprocess.py:106} INFO - 		at org.apache.spark.sql.execution.SQLExecution$.withSessionTagsApplied(SQLExecution.scala:272)
[2026-04-12T09:52:24.839+0000] {subprocess.py:106} INFO - 		at org.apache.spark.sql.execution.SQLExecution$.$anonfun$withNewExecutionId0$7(SQLExecution.scala:125)
[2026-04-12T09:52:24.839+0000] {subprocess.py:106} INFO - 		at org.apache.spark.JobArtifactSet$.withActiveJobArtifactState(JobArtifactSet.scala:94)
[2026-04-12T09:52:24.839+0000] {subprocess.py:106} INFO - 		at org.apache.spark.sql.artifact.ArtifactManager.$anonfun$withResources$1(ArtifactManager.scala:112)
[2026-04-12T09:52:24.840+0000] {subprocess.py:106} INFO - 		at org.apache.spark.sql.artifact.ArtifactManager.withClassLoaderIfNeeded(ArtifactManager.scala:106)
[2026-04-12T09:52:24.840+0000] {subprocess.py:106} INFO - 		at org.apache.spark.sql.artifact.ArtifactManager.withResources(ArtifactManager.scala:111)
[2026-04-12T09:52:24.841+0000] {subprocess.py:106} INFO - 		at org.apache.spark.sql.execution.SQLExecution$.$anonfun$withNewExecutionId0$6(SQLExecution.scala:125)
[2026-04-12T09:52:24.841+0000] {subprocess.py:106} INFO - 		at org.apache.spark.sql.execution.SQLExecution$.withSQLConfPropagated(SQLExecution.scala:295)
[2026-04-12T09:52:24.842+0000] {subprocess.py:106} INFO - 		at org.apache.spark.sql.execution.SQLExecution$.$anonfun$withNewExecutionId0$1(SQLExecution.scala:124)
[2026-04-12T09:52:24.842+0000] {subprocess.py:106} INFO - 		at org.apache.spark.sql.SparkSession.withActive(SparkSession.scala:804)
[2026-04-12T09:52:24.842+0000] {subprocess.py:106} INFO - 		at org.apache.spark.sql.execution.SQLExecution$.withNewExecutionId0(SQLExecution.scala:78)
[2026-04-12T09:52:24.843+0000] {subprocess.py:106} INFO - 		at org.apache.spark.sql.execution.SQLExecution$.withNewExecutionId(SQLExecution.scala:237)
[2026-04-12T09:52:24.843+0000] {subprocess.py:106} INFO - 		at org.apache.spark.sql.execution.QueryExecution.$anonfun$eagerlyExecuteCommands$1(QueryExecution.scala:155)
[2026-04-12T09:52:24.844+0000] {subprocess.py:106} INFO - 		at org.apache.spark.sql.execution.QueryExecution$.withInternalError(QueryExecution.scala:654)
[2026-04-12T09:52:24.844+0000] {subprocess.py:106} INFO - 		at org.apache.spark.sql.execution.QueryExecution.org$apache$spark$sql$execution$QueryExecution$$eagerlyExecute$1(QueryExecution.scala:154)
[2026-04-12T09:52:24.844+0000] {subprocess.py:106} INFO - 		at org.apache.spark.sql.execution.QueryExecution$$anonfun$eagerlyExecuteCommands$3.applyOrElse(QueryExecution.scala:169)
[2026-04-12T09:52:24.845+0000] {subprocess.py:106} INFO - 		at org.apache.spark.sql.execution.QueryExecution$$anonfun$eagerlyExecuteCommands$3.applyOrElse(QueryExecution.scala:164)
[2026-04-12T09:52:24.845+0000] {subprocess.py:106} INFO - 		at org.apache.spark.sql.catalyst.trees.TreeNode.$anonfun$transformDownWithPruning$1(TreeNode.scala:470)
[2026-04-12T09:52:24.845+0000] {subprocess.py:106} INFO - 		at org.apache.spark.sql.catalyst.trees.CurrentOrigin$.withOrigin(origin.scala:86)
[2026-04-12T09:52:24.846+0000] {subprocess.py:106} INFO - 		at org.apache.spark.sql.catalyst.trees.TreeNode.transformDownWithPruning(TreeNode.scala:470)
[2026-04-12T09:52:24.846+0000] {subprocess.py:106} INFO - 		at org.apache.spark.sql.catalyst.plans.logical.LogicalPlan.org$apache$spark$sql$catalyst$plans$logical$AnalysisHelper$$super$transformDownWithPruning(LogicalPlan.scala:37)
[2026-04-12T09:52:24.847+0000] {subprocess.py:106} INFO - 		at org.apache.spark.sql.catalyst.plans.logical.AnalysisHelper.transformDownWithPruning(AnalysisHelper.scala:360)
[2026-04-12T09:52:24.847+0000] {subprocess.py:106} INFO - 		at org.apache.spark.sql.catalyst.plans.logical.AnalysisHelper.transformDownWithPruning$(AnalysisHelper.scala:356)
[2026-04-12T09:52:24.847+0000] {subprocess.py:106} INFO - 		at org.apache.spark.sql.catalyst.plans.logical.LogicalPlan.transformDownWithPruning(LogicalPlan.scala:37)
[2026-04-12T09:52:24.848+0000] {subprocess.py:106} INFO - 		at org.apache.spark.sql.catalyst.plans.logical.LogicalPlan.transformDownWithPruning(LogicalPlan.scala:37)
[2026-04-12T09:52:24.848+0000] {subprocess.py:106} INFO - 		at org.apache.spark.sql.catalyst.trees.TreeNode.transformDown(TreeNode.scala:446)
[2026-04-12T09:52:24.849+0000] {subprocess.py:106} INFO - 		at org.apache.spark.sql.execution.QueryExecution.eagerlyExecuteCommands(QueryExecution.scala:164)
[2026-04-12T09:52:24.849+0000] {subprocess.py:106} INFO - 		at org.apache.spark.sql.execution.QueryExecution.$anonfun$lazyCommandExecuted$1(QueryExecution.scala:126)
[2026-04-12T09:52:24.850+0000] {subprocess.py:106} INFO - 		at scala.util.Try$.apply(Try.scala:217)
[2026-04-12T09:52:24.850+0000] {subprocess.py:106} INFO - 		at org.apache.spark.util.Utils$.doTryWithCallerStacktrace(Utils.scala:1378)
[2026-04-12T09:52:24.851+0000] {subprocess.py:106} INFO - 		at org.apache.spark.util.LazyTry.tryT$lzycompute(LazyTry.scala:46)
[2026-04-12T09:52:24.851+0000] {subprocess.py:106} INFO - 		at org.apache.spark.util.LazyTry.tryT(LazyTry.scala:46)
[2026-04-12T09:52:24.852+0000] {subprocess.py:106} INFO - 		... 58 more
[2026-04-12T09:52:24.852+0000] {subprocess.py:106} INFO - Caused by: org.apache.hadoop.ipc.RemoteException(org.apache.hadoop.security.AccessControlException): Permission denied: user=spark, access=WRITE, inode="/user/hive/lakehouse/bronze":hadoop23133083thuyvan:supergroup:drwxr-xr-x
[2026-04-12T09:52:24.853+0000] {subprocess.py:106} INFO - 	at org.apache.hadoop.hdfs.server.namenode.FSPermissionChecker.check(FSPermissionChecker.java:661)
[2026-04-12T09:52:24.853+0000] {subprocess.py:106} INFO - 	at org.apache.hadoop.hdfs.server.namenode.FSPermissionChecker.checkPermission(FSPermissionChecker.java:501)
[2026-04-12T09:52:24.854+0000] {subprocess.py:106} INFO - 	at org.apache.hadoop.hdfs.server.namenode.FSPermissionChecker.checkPermissionWithContext(FSPermissionChecker.java:525)
[2026-04-12T09:52:24.854+0000] {subprocess.py:106} INFO - 	at org.apache.hadoop.hdfs.server.namenode.FSPermissionChecker.checkPermission(FSPermissionChecker.java:395)
[2026-04-12T09:52:24.855+0000] {subprocess.py:106} INFO - 	at org.apache.hadoop.hdfs.server.namenode.FSDirectory.checkPermission(FSDirectory.java:1964)
[2026-04-12T09:52:24.855+0000] {subprocess.py:106} INFO - 	at org.apache.hadoop.hdfs.server.namenode.FSDirectory.checkPermission(FSDirectory.java:1945)
[2026-04-12T09:52:24.856+0000] {subprocess.py:106} INFO - 	at org.apache.hadoop.hdfs.server.namenode.FSDirectory.checkAncestorAccess(FSDirectory.java:1904)
[2026-04-12T09:52:24.856+0000] {subprocess.py:106} INFO - 	at org.apache.hadoop.hdfs.server.namenode.FSDirMkdirOp.mkdirs(FSDirMkdirOp.java:60)
[2026-04-12T09:52:24.857+0000] {subprocess.py:106} INFO - 	at org.apache.hadoop.hdfs.server.namenode.FSNamesystem.mkdirs(FSNamesystem.java:3531)
[2026-04-12T09:52:24.857+0000] {subprocess.py:106} INFO - 	at org.apache.hadoop.hdfs.server.namenode.NameNodeRpcServer.mkdirs(NameNodeRpcServer.java:1173)
[2026-04-12T09:52:24.858+0000] {subprocess.py:106} INFO - 	at org.apache.hadoop.hdfs.protocolPB.ClientNamenodeProtocolServerSideTranslatorPB.mkdirs(ClientNamenodeProtocolServerSideTranslatorPB.java:750)
[2026-04-12T09:52:24.858+0000] {subprocess.py:106} INFO - 	at org.apache.hadoop.hdfs.protocol.proto.ClientNamenodeProtocolProtos$ClientNamenodeProtocol$2.callBlockingMethod(ClientNamenodeProtocolProtos.java)
[2026-04-12T09:52:24.858+0000] {subprocess.py:106} INFO - 	at org.apache.hadoop.ipc.ProtobufRpcEngine2$Server$ProtoBufRpcInvoker.call(ProtobufRpcEngine2.java:621)
[2026-04-12T09:52:24.859+0000] {subprocess.py:106} INFO - 	at org.apache.hadoop.ipc.ProtobufRpcEngine2$Server$ProtoBufRpcInvoker.call(ProtobufRpcEngine2.java:589)
[2026-04-12T09:52:24.859+0000] {subprocess.py:106} INFO - 	at org.apache.hadoop.ipc.ProtobufRpcEngine2$Server$ProtoBufRpcInvoker.call(ProtobufRpcEngine2.java:573)
[2026-04-12T09:52:24.860+0000] {subprocess.py:106} INFO - 	at org.apache.hadoop.ipc.RPC$Server.call(RPC.java:1227)
[2026-04-12T09:52:24.860+0000] {subprocess.py:106} INFO - 	at org.apache.hadoop.ipc.Server$RpcCall.run(Server.java:1246)
[2026-04-12T09:52:24.861+0000] {subprocess.py:106} INFO - 	at org.apache.hadoop.ipc.Server$RpcCall.run(Server.java:1169)
[2026-04-12T09:52:24.861+0000] {subprocess.py:106} INFO - 	at java.base/java.security.AccessController.doPrivileged(Native Method)
[2026-04-12T09:52:24.861+0000] {subprocess.py:106} INFO - 	at java.base/javax.security.auth.Subject.doAs(Subject.java:423)
[2026-04-12T09:52:24.862+0000] {subprocess.py:106} INFO - 	at org.apache.hadoop.security.UserGroupInformation.doAs(UserGroupInformation.java:1953)
[2026-04-12T09:52:24.862+0000] {subprocess.py:106} INFO - 	at org.apache.hadoop.ipc.Server$Handler.run(Server.java:3198)
[2026-04-12T09:52:24.862+0000] {subprocess.py:106} INFO - 
[2026-04-12T09:52:24.863+0000] {subprocess.py:106} INFO - 	at org.apache.hadoop.ipc.Client.getRpcResponse(Client.java:1584)
[2026-04-12T09:52:24.863+0000] {subprocess.py:106} INFO - 	at org.apache.hadoop.ipc.Client.call(Client.java:1529)
[2026-04-12T09:52:24.864+0000] {subprocess.py:106} INFO - 	at org.apache.hadoop.ipc.Client.call(Client.java:1426)
[2026-04-12T09:52:24.864+0000] {subprocess.py:106} INFO - 	at org.apache.hadoop.ipc.ProtobufRpcEngine2$Invoker.invoke(ProtobufRpcEngine2.java:258)
[2026-04-12T09:52:24.864+0000] {subprocess.py:106} INFO - 	at org.apache.hadoop.ipc.ProtobufRpcEngine2$Invoker.invoke(ProtobufRpcEngine2.java:139)
[2026-04-12T09:52:24.865+0000] {subprocess.py:106} INFO - 	at jdk.proxy2/jdk.proxy2.$Proxy46.mkdirs(Unknown Source)
[2026-04-12T09:52:24.865+0000] {subprocess.py:106} INFO - 	at org.apache.hadoop.hdfs.protocolPB.ClientNamenodeProtocolTranslatorPB.lambda$mkdirs$20(ClientNamenodeProtocolTranslatorPB.java:611)
[2026-04-12T09:52:24.866+0000] {subprocess.py:106} INFO - 	at org.apache.hadoop.ipc.internal.ShadedProtobufHelper.ipc(ShadedProtobufHelper.java:160)
[2026-04-12T09:52:24.866+0000] {subprocess.py:106} INFO - 	at org.apache.hadoop.hdfs.protocolPB.ClientNamenodeProtocolTranslatorPB.mkdirs(ClientNamenodeProtocolTranslatorPB.java:611)
[2026-04-12T09:52:24.866+0000] {subprocess.py:106} INFO - 	at java.base/jdk.internal.reflect.NativeMethodAccessorImpl.invoke0(Native Method)
[2026-04-12T09:52:24.867+0000] {subprocess.py:106} INFO - 	at java.base/jdk.internal.reflect.NativeMethodAccessorImpl.invoke(NativeMethodAccessorImpl.java:75)
[2026-04-12T09:52:24.867+0000] {subprocess.py:106} INFO - 	at java.base/jdk.internal.reflect.DelegatingMethodAccessorImpl.invoke(DelegatingMethodAccessorImpl.java:52)
[2026-04-12T09:52:24.867+0000] {subprocess.py:106} INFO - 	at java.base/java.lang.reflect.Method.invoke(Method.java:580)
[2026-04-12T09:52:24.868+0000] {subprocess.py:106} INFO - 	at org.apache.hadoop.io.retry.RetryInvocationHandler.invokeMethod(RetryInvocationHandler.java:437)
[2026-04-12T09:52:24.868+0000] {subprocess.py:106} INFO - 	at org.apache.hadoop.io.retry.RetryInvocationHandler$Call.invokeMethod(RetryInvocationHandler.java:170)
[2026-04-12T09:52:24.869+0000] {subprocess.py:106} INFO - 	at org.apache.hadoop.io.retry.RetryInvocationHandler$Call.invoke(RetryInvocationHandler.java:162)
[2026-04-12T09:52:24.869+0000] {subprocess.py:106} INFO - 	at org.apache.hadoop.io.retry.RetryInvocationHandler$Call.invokeOnce(RetryInvocationHandler.java:100)
[2026-04-12T09:52:24.870+0000] {subprocess.py:106} INFO - 	at org.apache.hadoop.io.retry.RetryInvocationHandler.invoke(RetryInvocationHandler.java:366)
[2026-04-12T09:52:24.870+0000] {subprocess.py:106} INFO - 	at jdk.proxy2/jdk.proxy2.$Proxy47.mkdirs(Unknown Source)
[2026-04-12T09:52:24.871+0000] {subprocess.py:106} INFO - 	at org.apache.hadoop.hdfs.DFSClient.primitiveMkdir(DFSClient.java:2555)
[2026-04-12T09:52:24.871+0000] {subprocess.py:106} INFO - 	at org.apache.hadoop.hdfs.DFSClient.mkdirs(DFSClient.java:2531)
[2026-04-12T09:52:24.872+0000] {subprocess.py:106} INFO - 	at org.apache.hadoop.hdfs.DistributedFileSystem$27.doCall(DistributedFileSystem.java:1497)
[2026-04-12T09:52:24.873+0000] {subprocess.py:106} INFO - 	at org.apache.hadoop.hdfs.DistributedFileSystem$27.doCall(DistributedFileSystem.java:1494)
[2026-04-12T09:52:24.874+0000] {subprocess.py:106} INFO - 	at org.apache.hadoop.fs.FileSystemLinkResolver.resolve(FileSystemLinkResolver.java:81)
[2026-04-12T09:52:24.874+0000] {subprocess.py:106} INFO - 	at org.apache.hadoop.hdfs.DistributedFileSystem.mkdirsInternal(DistributedFileSystem.java:1511)
[2026-04-12T09:52:24.875+0000] {subprocess.py:106} INFO - 	at org.apache.hadoop.hdfs.DistributedFileSystem.mkdirs(DistributedFileSystem.java:1486)
[2026-04-12T09:52:24.875+0000] {subprocess.py:106} INFO - 	at org.apache.hadoop.fs.FileSystem.mkdirs(FileSystem.java:2496)
[2026-04-12T09:52:24.876+0000] {subprocess.py:106} INFO - 	at org.apache.hadoop.mapreduce.lib.output.FileOutputCommitter.setupJob(FileOutputCommitter.java:356)
[2026-04-12T09:52:24.876+0000] {subprocess.py:106} INFO - 	at org.apache.spark.internal.io.HadoopMapReduceCommitProtocol.setupJob(HadoopMapReduceCommitProtocol.scala:190)
[2026-04-12T09:52:24.876+0000] {subprocess.py:106} INFO - 	at org.apache.spark.sql.execution.datasources.FileFormatWriter$.writeAndCommit(FileFormatWriter.scala:268)
[2026-04-12T09:52:24.877+0000] {subprocess.py:106} INFO - 	at org.apache.spark.sql.execution.datasources.FileFormatWriter$.executeWrite(FileFormatWriter.scala:306)
[2026-04-12T09:52:24.877+0000] {subprocess.py:106} INFO - 	at org.apache.spark.sql.execution.datasources.FileFormatWriter$.write(FileFormatWriter.scala:189)
[2026-04-12T09:52:24.878+0000] {subprocess.py:106} INFO - 	at org.apache.spark.sql.execution.datasources.InsertIntoHadoopFsRelationCommand.run(InsertIntoHadoopFsRelationCommand.scala:195)
[2026-04-12T09:52:24.878+0000] {subprocess.py:106} INFO - 	at org.apache.spark.sql.execution.command.DataWritingCommandExec.sideEffectResult$lzycompute(commands.scala:117)
[2026-04-12T09:52:24.879+0000] {subprocess.py:106} INFO - 	at org.apache.spark.sql.execution.command.DataWritingCommandExec.sideEffectResult(commands.scala:115)
[2026-04-12T09:52:24.879+0000] {subprocess.py:106} INFO - 	at org.apache.spark.sql.execution.command.DataWritingCommandExec.executeCollect(commands.scala:129)
[2026-04-12T09:52:24.880+0000] {subprocess.py:106} INFO - 	at org.apache.spark.sql.execution.QueryExecution.$anonfun$eagerlyExecuteCommands$2(QueryExecution.scala:155)
[2026-04-12T09:52:24.880+0000] {subprocess.py:106} INFO - 	at org.apache.spark.sql.execution.SQLExecution$.$anonfun$withNewExecutionId0$8(SQLExecution.scala:163)
[2026-04-12T09:52:24.881+0000] {subprocess.py:106} INFO - 	at org.apache.spark.sql.execution.SQLExecution$.withSessionTagsApplied(SQLExecution.scala:272)
[2026-04-12T09:52:24.881+0000] {subprocess.py:106} INFO - 	at org.apache.spark.sql.execution.SQLExecution$.$anonfun$withNewExecutionId0$7(SQLExecution.scala:125)
[2026-04-12T09:52:24.882+0000] {subprocess.py:106} INFO - 	at org.apache.spark.JobArtifactSet$.withActiveJobArtifactState(JobArtifactSet.scala:94)
[2026-04-12T09:52:24.882+0000] {subprocess.py:106} INFO - 	at org.apache.spark.sql.artifact.ArtifactManager.$anonfun$withResources$1(ArtifactManager.scala:112)
[2026-04-12T09:52:24.883+0000] {subprocess.py:106} INFO - 	at org.apache.spark.sql.artifact.ArtifactManager.withClassLoaderIfNeeded(ArtifactManager.scala:106)
[2026-04-12T09:52:24.883+0000] {subprocess.py:106} INFO - 	at org.apache.spark.sql.artifact.ArtifactManager.withResources(ArtifactManager.scala:111)
[2026-04-12T09:52:24.883+0000] {subprocess.py:106} INFO - 	at org.apache.spark.sql.execution.SQLExecution$.$anonfun$withNewExecutionId0$6(SQLExecution.scala:125)
[2026-04-12T09:52:24.884+0000] {subprocess.py:106} INFO - 	at org.apache.spark.sql.execution.SQLExecution$.withSQLConfPropagated(SQLExecution.scala:295)
[2026-04-12T09:52:24.884+0000] {subprocess.py:106} INFO - 	at org.apache.spark.sql.execution.SQLExecution$.$anonfun$withNewExecutionId0$1(SQLExecution.scala:124)
[2026-04-12T09:52:24.885+0000] {subprocess.py:106} INFO - 	at org.apache.spark.sql.SparkSession.withActive(SparkSession.scala:804)
[2026-04-12T09:52:24.885+0000] {subprocess.py:106} INFO - 	at org.apache.spark.sql.execution.SQLExecution$.withNewExecutionId0(SQLExecution.scala:78)
[2026-04-12T09:52:24.885+0000] {subprocess.py:106} INFO - 	at org.apache.spark.sql.execution.SQLExecution$.withNewExecutionId(SQLExecution.scala:237)
[2026-04-12T09:52:24.886+0000] {subprocess.py:106} INFO - 	at org.apache.spark.sql.execution.QueryExecution.$anonfun$eagerlyExecuteCommands$1(QueryExecution.scala:155)
[2026-04-12T09:52:24.886+0000] {subprocess.py:106} INFO - 	at org.apache.spark.sql.execution.QueryExecution$.withInternalError(QueryExecution.scala:654)
[2026-04-12T09:52:24.887+0000] {subprocess.py:106} INFO - 	at org.apache.spark.sql.execution.QueryExecution.org$apache$spark$sql$execution$QueryExecution$$eagerlyExecute$1(QueryExecution.scala:154)
[2026-04-12T09:52:24.887+0000] {subprocess.py:106} INFO - 	at org.apache.spark.sql.execution.QueryExecution$$anonfun$eagerlyExecuteCommands$3.applyOrElse(QueryExecution.scala:169)
[2026-04-12T09:52:24.888+0000] {subprocess.py:106} INFO - 	at org.apache.spark.sql.execution.QueryExecution$$anonfun$eagerlyExecuteCommands$3.applyOrElse(QueryExecution.scala:164)
[2026-04-12T09:52:24.888+0000] {subprocess.py:106} INFO - 	at org.apache.spark.sql.catalyst.trees.TreeNode.$anonfun$transformDownWithPruning$1(TreeNode.scala:470)
[2026-04-12T09:52:24.889+0000] {subprocess.py:106} INFO - 	at org.apache.spark.sql.catalyst.trees.CurrentOrigin$.withOrigin(origin.scala:86)
[2026-04-12T09:52:24.889+0000] {subprocess.py:106} INFO - 	at org.apache.spark.sql.catalyst.trees.TreeNode.transformDownWithPruning(TreeNode.scala:470)
[2026-04-12T09:52:24.889+0000] {subprocess.py:106} INFO - 	at org.apache.spark.sql.catalyst.plans.logical.LogicalPlan.org$apache$spark$sql$catalyst$plans$logical$AnalysisHelper$$super$transformDownWithPruning(LogicalPlan.scala:37)
[2026-04-12T09:52:24.890+0000] {subprocess.py:106} INFO - 	at org.apache.spark.sql.catalyst.plans.logical.AnalysisHelper.transformDownWithPruning(AnalysisHelper.scala:360)
[2026-04-12T09:52:24.890+0000] {subprocess.py:106} INFO - 	at org.apache.spark.sql.catalyst.plans.logical.AnalysisHelper.transformDownWithPruning$(AnalysisHelper.scala:356)
[2026-04-12T09:52:24.891+0000] {subprocess.py:106} INFO - 	at org.apache.spark.sql.catalyst.plans.logical.LogicalPlan.transformDownWithPruning(LogicalPlan.scala:37)
[2026-04-12T09:52:24.891+0000] {subprocess.py:106} INFO - 	at org.apache.spark.sql.catalyst.plans.logical.LogicalPlan.transformDownWithPruning(LogicalPlan.scala:37)
[2026-04-12T09:52:24.892+0000] {subprocess.py:106} INFO - 	at org.apache.spark.sql.catalyst.trees.TreeNode.transformDown(TreeNode.scala:446)
[2026-04-12T09:52:24.892+0000] {subprocess.py:106} INFO - 	at org.apache.spark.sql.execution.QueryExecution.eagerlyExecuteCommands(QueryExecution.scala:164)
[2026-04-12T09:52:24.892+0000] {subprocess.py:106} INFO - 	at org.apache.spark.sql.execution.QueryExecution.$anonfun$lazyCommandExecuted$1(QueryExecution.scala:126)
[2026-04-12T09:52:24.893+0000] {subprocess.py:106} INFO - 	at scala.util.Try$.apply(Try.scala:217)
[2026-04-12T09:52:24.893+0000] {subprocess.py:106} INFO - 	at org.apache.spark.util.Utils$.doTryWithCallerStacktrace(Utils.scala:1378)
[2026-04-12T09:52:24.894+0000] {subprocess.py:106} INFO - 	at org.apache.spark.util.LazyTry.tryT$lzycompute(LazyTry.scala:46)
[2026-04-12T09:52:24.894+0000] {subprocess.py:106} INFO - 	at org.apache.spark.util.LazyTry.tryT(LazyTry.scala:46)
[2026-04-12T09:52:24.895+0000] {subprocess.py:106} INFO - 	... 58 more
[2026-04-12T09:52:24.895+0000] {subprocess.py:106} INFO - 
[2026-04-12T09:52:24.896+0000] {subprocess.py:106} INFO - 
[2026-04-12T09:52:24.896+0000] {subprocess.py:106} INFO - 	at py4j.Protocol.getReturnValue(Protocol.java:476)
[2026-04-12T09:52:24.896+0000] {subprocess.py:106} INFO - 	at py4j.reflection.PythonProxyHandler.invoke(PythonProxyHandler.java:108)
[2026-04-12T09:52:24.897+0000] {subprocess.py:106} INFO - 	at jdk.proxy3/jdk.proxy3.$Proxy49.call(Unknown Source)
[2026-04-12T09:52:24.897+0000] {subprocess.py:106} INFO - 	at org.apache.spark.sql.execution.streaming.sources.PythonForeachBatchHelper$.$anonfun$callForeachBatch$1(ForeachBatchSink.scala:87)
[2026-04-12T09:52:24.898+0000] {subprocess.py:106} INFO - 	at org.apache.spark.sql.execution.streaming.sources.PythonForeachBatchHelper$.$anonfun$callForeachBatch$1$adapted(ForeachBatchSink.scala:87)
[2026-04-12T09:52:24.898+0000] {subprocess.py:106} INFO - 	at org.apache.spark.sql.execution.streaming.sources.ForeachBatchSink.callBatchWriter(ForeachBatchSink.scala:56)
[2026-04-12T09:52:24.899+0000] {subprocess.py:106} INFO - 	... 34 more
[2026-04-12T09:52:24.899+0000] {subprocess.py:106} INFO - 26/04/12 09:52:24 INFO MicroBatchExecution: Async log purge executor pool for query [id = fffa4a28-b831-4a17-a849-992bff20d106, runId = d9cd08e7-64ca-49bd-8fd7-99e801ee0c9a] has been shutdown
[2026-04-12T09:52:24.899+0000] {subprocess.py:106} INFO - Traceback (most recent call last):
[2026-04-12T09:52:24.900+0000] {subprocess.py:106} INFO -   File "/home/spark/spark/spark_jobs/weather_streaming.py", line 171, in <module>
[2026-04-12T09:52:24.900+0000] {subprocess.py:106} INFO -     query.awaitTermination()
[2026-04-12T09:52:24.903+0000] {subprocess.py:106} INFO -   File "/home/spark/spark/python/lib/pyspark.zip/pyspark/sql/streaming/query.py", line 225, in awaitTermination
[2026-04-12T09:52:24.906+0000] {subprocess.py:106} INFO -   File "/home/spark/spark/python/lib/py4j-0.10.9.9-src.zip/py4j/java_gateway.py", line 1362, in __call__
[2026-04-12T09:52:24.907+0000] {subprocess.py:106} INFO -   File "/home/spark/spark/python/lib/pyspark.zip/pyspark/errors/exceptions/captured.py", line 288, in deco
[2026-04-12T09:52:24.907+0000] {subprocess.py:106} INFO - pyspark.errors.exceptions.captured.StreamingQueryException: [STREAM_FAILED] Query [id = fffa4a28-b831-4a17-a849-992bff20d106, runId = d9cd08e7-64ca-49bd-8fd7-99e801ee0c9a] terminated with exception: [FOREACH_BATCH_USER_FUNCTION_ERROR] An error occurred in the user provided function in foreach batch sink. Reason: An exception was raised by the Python Proxy. Return Message: Traceback (most recent call last):
[2026-04-12T09:52:24.908+0000] {subprocess.py:106} INFO -   File "/home/spark/spark/python/lib/py4j-0.10.9.9-src.zip/py4j/clientserver.py", line 644, in _call_proxy
[2026-04-12T09:52:24.908+0000] {subprocess.py:106} INFO -     return_value = getattr(self.pool[obj_id], method)(*params)
[2026-04-12T09:52:24.909+0000] {subprocess.py:106} INFO -   File "/home/spark/spark/python/lib/pyspark.zip/pyspark/sql/utils.py", line 165, in call
[2026-04-12T09:52:24.909+0000] {subprocess.py:106} INFO -     raise e
[2026-04-12T09:52:24.910+0000] {subprocess.py:106} INFO -   File "/home/spark/spark/python/lib/pyspark.zip/pyspark/sql/utils.py", line 162, in call
[2026-04-12T09:52:24.910+0000] {subprocess.py:106} INFO -     self.func(DataFrame(jdf, wrapped_session_jdf), batch_id)
[2026-04-12T09:52:24.911+0000] {subprocess.py:106} INFO -   File "/home/spark/spark/spark_jobs/weather_streaming.py", line 114, in write_to_bronze_and_silver
[2026-04-12T09:52:24.911+0000] {subprocess.py:106} INFO -     .save("hdfs://23133083thuyvan-master:9000/user/hive/lakehouse/bronze/raw_api")
[2026-04-12T09:52:24.912+0000] {subprocess.py:106} INFO -   File "/home/spark/spark/python/lib/pyspark.zip/pyspark/sql/readwriter.py", line 1745, in save
[2026-04-12T09:52:24.912+0000] {subprocess.py:106} INFO -     self._jwrite.save(path)
[2026-04-12T09:52:24.913+0000] {subprocess.py:106} INFO -   File "/home/spark/spark/python/lib/py4j-0.10.9.9-src.zip/py4j/java_gateway.py", line 1362, in __call__
[2026-04-12T09:52:24.913+0000] {subprocess.py:106} INFO -     return_value = get_return_value(
[2026-04-12T09:52:24.914+0000] {subprocess.py:106} INFO -   File "/home/spark/spark/python/lib/pyspark.zip/pyspark/errors/exceptions/captured.py", line 282, in deco
[2026-04-12T09:52:24.914+0000] {subprocess.py:106} INFO -     return f(*a, **kw)
[2026-04-12T09:52:24.915+0000] {subprocess.py:106} INFO -   File "/home/spark/spark/python/lib/py4j-0.10.9.9-src.zip/py4j/protocol.py", line 327, in get_return_value
[2026-04-12T09:52:24.915+0000] {subprocess.py:106} INFO -     raise Py4JJavaError(
[2026-04-12T09:52:24.916+0000] {subprocess.py:106} INFO - py4j.protocol.Py4JJavaError: An error occurred while calling o104.save.
[2026-04-12T09:52:24.916+0000] {subprocess.py:106} INFO - : org.apache.hadoop.security.AccessControlException: Permission denied: user=spark, access=WRITE, inode="/user/hive/lakehouse/bronze":hadoop23133083thuyvan:supergroup:drwxr-xr-x
[2026-04-12T09:52:24.917+0000] {subprocess.py:106} INFO - 	at org.apache.hadoop.hdfs.server.namenode.FSPermissionChecker.check(FSPermissionChecker.java:661)
[2026-04-12T09:52:24.917+0000] {subprocess.py:106} INFO - 	at org.apache.hadoop.hdfs.server.namenode.FSPermissionChecker.checkPermission(FSPermissionChecker.java:501)
[2026-04-12T09:52:24.918+0000] {subprocess.py:106} INFO - 	at org.apache.hadoop.hdfs.server.namenode.FSPermissionChecker.checkPermissionWithContext(FSPermissionChecker.java:525)
[2026-04-12T09:52:24.918+0000] {subprocess.py:106} INFO - 	at org.apache.hadoop.hdfs.server.namenode.FSPermissionChecker.checkPermission(FSPermissionChecker.java:395)
[2026-04-12T09:52:24.918+0000] {subprocess.py:106} INFO - 	at org.apache.hadoop.hdfs.server.namenode.FSDirectory.checkPermission(FSDirectory.java:1964)
[2026-04-12T09:52:24.919+0000] {subprocess.py:106} INFO - 	at org.apache.hadoop.hdfs.server.namenode.FSDirectory.checkPermission(FSDirectory.java:1945)
[2026-04-12T09:52:24.919+0000] {subprocess.py:106} INFO - 	at org.apache.hadoop.hdfs.server.namenode.FSDirectory.checkAncestorAccess(FSDirectory.java:1904)
[2026-04-12T09:52:24.920+0000] {subprocess.py:106} INFO - 	at org.apache.hadoop.hdfs.server.namenode.FSDirMkdirOp.mkdirs(FSDirMkdirOp.java:60)
[2026-04-12T09:52:24.920+0000] {subprocess.py:106} INFO - 	at org.apache.hadoop.hdfs.server.namenode.FSNamesystem.mkdirs(FSNamesystem.java:3531)
[2026-04-12T09:52:24.921+0000] {subprocess.py:106} INFO - 	at org.apache.hadoop.hdfs.server.namenode.NameNodeRpcServer.mkdirs(NameNodeRpcServer.java:1173)
[2026-04-12T09:52:24.922+0000] {subprocess.py:106} INFO - 	at org.apache.hadoop.hdfs.protocolPB.ClientNamenodeProtocolServerSideTranslatorPB.mkdirs(ClientNamenodeProtocolServerSideTranslatorPB.java:750)
[2026-04-12T09:52:24.922+0000] {subprocess.py:106} INFO - 	at org.apache.hadoop.hdfs.protocol.proto.ClientNamenodeProtocolProtos$ClientNamenodeProtocol$2.callBlockingMethod(ClientNamenodeProtocolProtos.java)
[2026-04-12T09:52:24.923+0000] {subprocess.py:106} INFO - 	at org.apache.hadoop.ipc.ProtobufRpcEngine2$Server$ProtoBufRpcInvoker.call(ProtobufRpcEngine2.java:621)
[2026-04-12T09:52:24.923+0000] {subprocess.py:106} INFO - 	at org.apache.hadoop.ipc.ProtobufRpcEngine2$Server$ProtoBufRpcInvoker.call(ProtobufRpcEngine2.java:589)
[2026-04-12T09:52:24.924+0000] {subprocess.py:106} INFO - 	at org.apache.hadoop.ipc.ProtobufRpcEngine2$Server$ProtoBufRpcInvoker.call(ProtobufRpcEngine2.java:573)
[2026-04-12T09:52:24.924+0000] {subprocess.py:106} INFO - 	at org.apache.hadoop.ipc.RPC$Server.call(RPC.java:1227)
[2026-04-12T09:52:24.925+0000] {subprocess.py:106} INFO - 	at org.apache.hadoop.ipc.Server$RpcCall.run(Server.java:1246)
[2026-04-12T09:52:24.925+0000] {subprocess.py:106} INFO - 	at org.apache.hadoop.ipc.Server$RpcCall.run(Server.java:1169)
[2026-04-12T09:52:24.926+0000] {subprocess.py:106} INFO - 	at java.base/java.security.AccessController.doPrivileged(Native Method)
[2026-04-12T09:52:24.926+0000] {subprocess.py:106} INFO - 	at java.base/javax.security.auth.Subject.doAs(Subject.java:423)
[2026-04-12T09:52:24.927+0000] {subprocess.py:106} INFO - 	at org.apache.hadoop.security.UserGroupInformation.doAs(UserGroupInformation.java:1953)
[2026-04-12T09:52:24.927+0000] {subprocess.py:106} INFO - 	at org.apache.hadoop.ipc.Server$Handler.run(Server.java:3198)
[2026-04-12T09:52:24.928+0000] {subprocess.py:106} INFO - 
[2026-04-12T09:52:24.928+0000] {subprocess.py:106} INFO - 	at java.base/jdk.internal.reflect.NativeConstructorAccessorImpl.newInstance0(Native Method)
[2026-04-12T09:52:24.929+0000] {subprocess.py:106} INFO - 	at java.base/jdk.internal.reflect.NativeConstructorAccessorImpl.newInstance(NativeConstructorAccessorImpl.java:75)
[2026-04-12T09:52:24.929+0000] {subprocess.py:106} INFO - 	at java.base/jdk.internal.reflect.DelegatingConstructorAccessorImpl.newInstance(DelegatingConstructorAccessorImpl.java:53)
[2026-04-12T09:52:24.929+0000] {subprocess.py:106} INFO - 	at java.base/java.lang.reflect.Constructor.newInstanceWithCaller(Constructor.java:502)
[2026-04-12T09:52:24.930+0000] {subprocess.py:106} INFO - 	at java.base/java.lang.reflect.Constructor.newInstance(Constructor.java:486)
[2026-04-12T09:52:24.930+0000] {subprocess.py:106} INFO - 	at org.apache.hadoop.ipc.RemoteException.instantiateException(RemoteException.java:121)
[2026-04-12T09:52:24.931+0000] {subprocess.py:106} INFO - 	at org.apache.hadoop.ipc.RemoteException.unwrapRemoteException(RemoteException.java:88)
[2026-04-12T09:52:24.931+0000] {subprocess.py:106} INFO - 	at org.apache.hadoop.hdfs.DFSClient.primitiveMkdir(DFSClient.java:2557)
[2026-04-12T09:52:24.931+0000] {subprocess.py:106} INFO - 	at org.apache.hadoop.hdfs.DFSClient.mkdirs(DFSClient.java:2531)
[2026-04-12T09:52:24.932+0000] {subprocess.py:106} INFO - 	at org.apache.hadoop.hdfs.DistributedFileSystem$27.doCall(DistributedFileSystem.java:1497)
[2026-04-12T09:52:24.933+0000] {subprocess.py:106} INFO - 	at org.apache.hadoop.hdfs.DistributedFileSystem$27.doCall(DistributedFileSystem.java:1494)
[2026-04-12T09:52:24.933+0000] {subprocess.py:106} INFO - 	at org.apache.hadoop.fs.FileSystemLinkResolver.resolve(FileSystemLinkResolver.java:81)
[2026-04-12T09:52:24.934+0000] {subprocess.py:106} INFO - 	at org.apache.hadoop.hdfs.DistributedFileSystem.mkdirsInternal(DistributedFileSystem.java:1511)
[2026-04-12T09:52:24.934+0000] {subprocess.py:106} INFO - 	at org.apache.hadoop.hdfs.DistributedFileSystem.mkdirs(DistributedFileSystem.java:1486)
[2026-04-12T09:52:24.935+0000] {subprocess.py:106} INFO - 	at org.apache.hadoop.fs.FileSystem.mkdirs(FileSystem.java:2496)
[2026-04-12T09:52:24.935+0000] {subprocess.py:106} INFO - 	at org.apache.hadoop.mapreduce.lib.output.FileOutputCommitter.setupJob(FileOutputCommitter.java:356)
[2026-04-12T09:52:24.936+0000] {subprocess.py:106} INFO - 	at org.apache.spark.internal.io.HadoopMapReduceCommitProtocol.setupJob(HadoopMapReduceCommitProtocol.scala:190)
[2026-04-12T09:52:24.936+0000] {subprocess.py:106} INFO - 	at org.apache.spark.sql.execution.datasources.FileFormatWriter$.writeAndCommit(FileFormatWriter.scala:268)
[2026-04-12T09:52:24.937+0000] {subprocess.py:106} INFO - 	at org.apache.spark.sql.execution.datasources.FileFormatWriter$.executeWrite(FileFormatWriter.scala:306)
[2026-04-12T09:52:24.937+0000] {subprocess.py:106} INFO - 	at org.apache.spark.sql.execution.datasources.FileFormatWriter$.write(FileFormatWriter.scala:189)
[2026-04-12T09:52:24.938+0000] {subprocess.py:106} INFO - 	at org.apache.spark.sql.execution.datasources.InsertIntoHadoopFsRelationCommand.run(InsertIntoHadoopFsRelationCommand.scala:195)
[2026-04-12T09:52:24.938+0000] {subprocess.py:106} INFO - 	at org.apache.spark.sql.execution.command.DataWritingCommandExec.sideEffectResult$lzycompute(commands.scala:117)
[2026-04-12T09:52:24.939+0000] {subprocess.py:106} INFO - 	at org.apache.spark.sql.execution.command.DataWritingCommandExec.sideEffectResult(commands.scala:115)
[2026-04-12T09:52:24.939+0000] {subprocess.py:106} INFO - 	at org.apache.spark.sql.execution.command.DataWritingCommandExec.executeCollect(commands.scala:129)
[2026-04-12T09:52:24.940+0000] {subprocess.py:106} INFO - 	at org.apache.spark.sql.execution.QueryExecution.$anonfun$eagerlyExecuteCommands$2(QueryExecution.scala:155)
[2026-04-12T09:52:24.940+0000] {subprocess.py:106} INFO - 	at org.apache.spark.sql.execution.SQLExecution$.$anonfun$withNewExecutionId0$8(SQLExecution.scala:163)
[2026-04-12T09:52:24.941+0000] {subprocess.py:106} INFO - 	at org.apache.spark.sql.execution.SQLExecution$.withSessionTagsApplied(SQLExecution.scala:272)
[2026-04-12T09:52:24.941+0000] {subprocess.py:106} INFO - 	at org.apache.spark.sql.execution.SQLExecution$.$anonfun$withNewExecutionId0$7(SQLExecution.scala:125)
[2026-04-12T09:52:24.942+0000] {subprocess.py:106} INFO - 	at org.apache.spark.JobArtifactSet$.withActiveJobArtifactState(JobArtifactSet.scala:94)
[2026-04-12T09:52:24.942+0000] {subprocess.py:106} INFO - 	at org.apache.spark.sql.artifact.ArtifactManager.$anonfun$withResources$1(ArtifactManager.scala:112)
[2026-04-12T09:52:24.943+0000] {subprocess.py:106} INFO - 	at org.apache.spark.sql.artifact.ArtifactManager.withClassLoaderIfNeeded(ArtifactManager.scala:106)
[2026-04-12T09:52:24.943+0000] {subprocess.py:106} INFO - 	at org.apache.spark.sql.artifact.ArtifactManager.withResources(ArtifactManager.scala:111)
[2026-04-12T09:52:24.944+0000] {subprocess.py:106} INFO - 	at org.apache.spark.sql.execution.SQLExecution$.$anonfun$withNewExecutionId0$6(SQLExecution.scala:125)
[2026-04-12T09:52:24.944+0000] {subprocess.py:106} INFO - 	at org.apache.spark.sql.execution.SQLExecution$.withSQLConfPropagated(SQLExecution.scala:295)
[2026-04-12T09:52:24.945+0000] {subprocess.py:106} INFO - 	at org.apache.spark.sql.execution.SQLExecution$.$anonfun$withNewExecutionId0$1(SQLExecution.scala:124)
[2026-04-12T09:52:24.945+0000] {subprocess.py:106} INFO - 	at org.apache.spark.sql.SparkSession.withActive(SparkSession.scala:804)
[2026-04-12T09:52:24.946+0000] {subprocess.py:106} INFO - 	at org.apache.spark.sql.execution.SQLExecution$.withNewExecutionId0(SQLExecution.scala:78)
[2026-04-12T09:52:24.946+0000] {subprocess.py:106} INFO - 	at org.apache.spark.sql.execution.SQLExecution$.withNewExecutionId(SQLExecution.scala:237)
[2026-04-12T09:52:24.947+0000] {subprocess.py:106} INFO - 	at org.apache.spark.sql.execution.QueryExecution.$anonfun$eagerlyExecuteCommands$1(QueryExecution.scala:155)
[2026-04-12T09:52:24.948+0000] {subprocess.py:106} INFO - 	at org.apache.spark.sql.execution.QueryExecution$.withInternalError(QueryExecution.scala:654)
[2026-04-12T09:52:24.948+0000] {subprocess.py:106} INFO - 	at org.apache.spark.sql.execution.QueryExecution.org$apache$spark$sql$execution$QueryExecution$$eagerlyExecute$1(QueryExecution.scala:154)
[2026-04-12T09:52:24.948+0000] {subprocess.py:106} INFO - 	at org.apache.spark.sql.execution.QueryExecution$$anonfun$eagerlyExecuteCommands$3.applyOrElse(QueryExecution.scala:169)
[2026-04-12T09:52:24.949+0000] {subprocess.py:106} INFO - 	at org.apache.spark.sql.execution.QueryExecution$$anonfun$eagerlyExecuteCommands$3.applyOrElse(QueryExecution.scala:164)
[2026-04-12T09:52:24.949+0000] {subprocess.py:106} INFO - 	at org.apache.spark.sql.catalyst.trees.TreeNode.$anonfun$transformDownWithPruning$1(TreeNode.scala:470)
[2026-04-12T09:52:24.950+0000] {subprocess.py:106} INFO - 	at org.apache.spark.sql.catalyst.trees.CurrentOrigin$.withOrigin(origin.scala:86)
[2026-04-12T09:52:24.950+0000] {subprocess.py:106} INFO - 	at org.apache.spark.sql.catalyst.trees.TreeNode.transformDownWithPruning(TreeNode.scala:470)
[2026-04-12T09:52:24.951+0000] {subprocess.py:106} INFO - 	at org.apache.spark.sql.catalyst.plans.logical.LogicalPlan.org$apache$spark$sql$catalyst$plans$logical$AnalysisHelper$$super$transformDownWithPruning(LogicalPlan.scala:37)
[2026-04-12T09:52:24.951+0000] {subprocess.py:106} INFO - 	at org.apache.spark.sql.catalyst.plans.logical.AnalysisHelper.transformDownWithPruning(AnalysisHelper.scala:360)
[2026-04-12T09:52:24.952+0000] {subprocess.py:106} INFO - 	at org.apache.spark.sql.catalyst.plans.logical.AnalysisHelper.transformDownWithPruning$(AnalysisHelper.scala:356)
[2026-04-12T09:52:24.952+0000] {subprocess.py:106} INFO - 	at org.apache.spark.sql.catalyst.plans.logical.LogicalPlan.transformDownWithPruning(LogicalPlan.scala:37)
[2026-04-12T09:52:24.953+0000] {subprocess.py:106} INFO - 	at org.apache.spark.sql.catalyst.plans.logical.LogicalPlan.transformDownWithPruning(LogicalPlan.scala:37)
[2026-04-12T09:52:24.953+0000] {subprocess.py:106} INFO - 	at org.apache.spark.sql.catalyst.trees.TreeNode.transformDown(TreeNode.scala:446)
[2026-04-12T09:52:24.954+0000] {subprocess.py:106} INFO - 	at org.apache.spark.sql.execution.QueryExecution.eagerlyExecuteCommands(QueryExecution.scala:164)
[2026-04-12T09:52:24.954+0000] {subprocess.py:106} INFO - 	at org.apache.spark.sql.execution.QueryExecution.$anonfun$lazyCommandExecuted$1(QueryExecution.scala:126)
[2026-04-12T09:52:24.955+0000] {subprocess.py:106} INFO - 	at scala.util.Try$.apply(Try.scala:217)
[2026-04-12T09:52:24.955+0000] {subprocess.py:106} INFO - 	at org.apache.spark.util.Utils$.doTryWithCallerStacktrace(Utils.scala:1378)
[2026-04-12T09:52:24.955+0000] {subprocess.py:106} INFO - 	at org.apache.spark.util.Utils$.getTryWithCallerStacktrace(Utils.scala:1439)
[2026-04-12T09:52:24.956+0000] {subprocess.py:106} INFO - 	at org.apache.spark.util.LazyTry.get(LazyTry.scala:58)
[2026-04-12T09:52:24.957+0000] {subprocess.py:106} INFO - 	at org.apache.spark.sql.execution.QueryExecution.commandExecuted(QueryExecution.scala:131)
[2026-04-12T09:52:24.957+0000] {subprocess.py:106} INFO - 	at org.apache.spark.sql.execution.QueryExecution.assertCommandExecuted(QueryExecution.scala:192)
[2026-04-12T09:52:24.959+0000] {subprocess.py:106} INFO - 	at org.apache.spark.sql.classic.DataFrameWriter.runCommand(DataFrameWriter.scala:622)
[2026-04-12T09:52:24.959+0000] {subprocess.py:106} INFO - 	at org.apache.spark.sql.classic.DataFrameWriter.saveToV1Source(DataFrameWriter.scala:273)
[2026-04-12T09:52:24.960+0000] {subprocess.py:106} INFO - 	at org.apache.spark.sql.classic.DataFrameWriter.saveInternal(DataFrameWriter.scala:241)
[2026-04-12T09:52:24.961+0000] {subprocess.py:106} INFO - 	at org.apache.spark.sql.classic.DataFrameWriter.save(DataFrameWriter.scala:118)
[2026-04-12T09:52:24.961+0000] {subprocess.py:106} INFO - 	at java.base/jdk.internal.reflect.NativeMethodAccessorImpl.invoke0(Native Method)
[2026-04-12T09:52:24.962+0000] {subprocess.py:106} INFO - 	at java.base/jdk.internal.reflect.NativeMethodAccessorImpl.invoke(NativeMethodAccessorImpl.java:75)
[2026-04-12T09:52:24.962+0000] {subprocess.py:106} INFO - 	at java.base/jdk.internal.reflect.DelegatingMethodAccessorImpl.invoke(DelegatingMethodAccessorImpl.java:52)
[2026-04-12T09:52:24.963+0000] {subprocess.py:106} INFO - 	at java.base/java.lang.reflect.Method.invoke(Method.java:580)
[2026-04-12T09:52:24.963+0000] {subprocess.py:106} INFO - 	at py4j.reflection.MethodInvoker.invoke(MethodInvoker.java:244)
[2026-04-12T09:52:24.964+0000] {subprocess.py:106} INFO - 	at py4j.reflection.ReflectionEngine.invoke(ReflectionEngine.java:374)
[2026-04-12T09:52:24.964+0000] {subprocess.py:106} INFO - 	at py4j.Gateway.invoke(Gateway.java:282)
[2026-04-12T09:52:24.965+0000] {subprocess.py:106} INFO - 	at py4j.commands.AbstractCommand.invokeMethod(AbstractCommand.java:132)
[2026-04-12T09:52:24.965+0000] {subprocess.py:106} INFO - 	at py4j.commands.CallCommand.execute(CallCommand.java:79)
[2026-04-12T09:52:24.966+0000] {subprocess.py:106} INFO - 	at py4j.ClientServerConnection.sendCommand(ClientServerConnection.java:246)
[2026-04-12T09:52:24.966+0000] {subprocess.py:106} INFO - 	at py4j.CallbackClient.sendCommand(CallbackClient.java:384)
[2026-04-12T09:52:24.967+0000] {subprocess.py:106} INFO - 	at py4j.CallbackClient.sendCommand(CallbackClient.java:356)
[2026-04-12T09:52:24.967+0000] {subprocess.py:106} INFO - 	at py4j.reflection.PythonProxyHandler.invoke(PythonProxyHandler.java:106)
[2026-04-12T09:52:24.968+0000] {subprocess.py:106} INFO - 	at jdk.proxy3/jdk.proxy3.$Proxy49.call(Unknown Source)
[2026-04-12T09:52:24.968+0000] {subprocess.py:106} INFO - 	at org.apache.spark.sql.execution.streaming.sources.PythonForeachBatchHelper$.$anonfun$callForeachBatch$1(ForeachBatchSink.scala:87)
[2026-04-12T09:52:24.969+0000] {subprocess.py:106} INFO - 	at org.apache.spark.sql.execution.streaming.sources.PythonForeachBatchHelper$.$anonfun$callForeachBatch$1$adapted(ForeachBatchSink.scala:87)
[2026-04-12T09:52:24.970+0000] {subprocess.py:106} INFO - 	at org.apache.spark.sql.execution.streaming.sources.ForeachBatchSink.callBatchWriter(ForeachBatchSink.scala:56)
[2026-04-12T09:52:24.970+0000] {subprocess.py:106} INFO - 	at org.apache.spark.sql.execution.streaming.sources.ForeachBatchSink.addBatch(ForeachBatchSink.scala:49)
[2026-04-12T09:52:24.971+0000] {subprocess.py:106} INFO - 	at org.apache.spark.sql.execution.streaming.MicroBatchExecution.$anonfun$runBatch$17(MicroBatchExecution.scala:889)
[2026-04-12T09:52:24.971+0000] {subprocess.py:106} INFO - 	at org.apache.spark.sql.execution.SQLExecution$.$anonfun$withNewExecutionId0$8(SQLExecution.scala:163)
[2026-04-12T09:52:24.973+0000] {subprocess.py:106} INFO - 	at org.apache.spark.sql.execution.SQLExecution$.withSessionTagsApplied(SQLExecution.scala:272)
[2026-04-12T09:52:24.973+0000] {subprocess.py:106} INFO - 	at org.apache.spark.sql.execution.SQLExecution$.$anonfun$withNewExecutionId0$7(SQLExecution.scala:125)
[2026-04-12T09:52:24.974+0000] {subprocess.py:106} INFO - 	at org.apache.spark.JobArtifactSet$.withActiveJobArtifactState(JobArtifactSet.scala:94)
[2026-04-12T09:52:24.974+0000] {subprocess.py:106} INFO - 	at org.apache.spark.sql.artifact.ArtifactManager.$anonfun$withResources$1(ArtifactManager.scala:112)
[2026-04-12T09:52:24.975+0000] {subprocess.py:106} INFO - 	at org.apache.spark.sql.artifact.ArtifactManager.withClassLoaderIfNeeded(ArtifactManager.scala:106)
[2026-04-12T09:52:24.975+0000] {subprocess.py:106} INFO - 	at org.apache.spark.sql.artifact.ArtifactManager.withResources(ArtifactManager.scala:111)
[2026-04-12T09:52:24.976+0000] {subprocess.py:106} INFO - 	at org.apache.spark.sql.execution.SQLExecution$.$anonfun$withNewExecutionId0$6(SQLExecution.scala:125)
[2026-04-12T09:52:24.976+0000] {subprocess.py:106} INFO - 	at org.apache.spark.sql.execution.SQLExecution$.withSQLConfPropagated(SQLExecution.scala:295)
[2026-04-12T09:52:24.977+0000] {subprocess.py:106} INFO - 	at org.apache.spark.sql.execution.SQLExecution$.$anonfun$withNewExecutionId0$1(SQLExecution.scala:124)
[2026-04-12T09:52:24.977+0000] {subprocess.py:106} INFO - 	at org.apache.spark.sql.SparkSession.withActive(SparkSession.scala:804)
[2026-04-12T09:52:24.978+0000] {subprocess.py:106} INFO - 	at org.apache.spark.sql.execution.SQLExecution$.withNewExecutionId0(SQLExecution.scala:78)
[2026-04-12T09:52:24.978+0000] {subprocess.py:106} INFO - 	at org.apache.spark.sql.execution.SQLExecution$.withNewExecutionId(SQLExecution.scala:237)
[2026-04-12T09:52:24.978+0000] {subprocess.py:106} INFO - 	at org.apache.spark.sql.execution.streaming.MicroBatchExecution.$anonfun$runBatch$16(MicroBatchExecution.scala:886)
[2026-04-12T09:52:24.979+0000] {subprocess.py:106} INFO - 	at org.apache.spark.sql.execution.streaming.ProgressContext.reportTimeTaken(ProgressReporter.scala:186)
[2026-04-12T09:52:24.979+0000] {subprocess.py:106} INFO - 	at org.apache.spark.sql.execution.streaming.MicroBatchExecution.runBatch(MicroBatchExecution.scala:886)
[2026-04-12T09:52:24.981+0000] {subprocess.py:106} INFO - 	at org.apache.spark.sql.execution.streaming.MicroBatchExecution.$anonfun$executeOneBatch$2(MicroBatchExecution.scala:394)
[2026-04-12T09:52:24.981+0000] {subprocess.py:106} INFO - 	at scala.runtime.java8.JFunction0$mcV$sp.apply(JFunction0$mcV$sp.scala:18)
[2026-04-12T09:52:24.982+0000] {subprocess.py:106} INFO - 	at org.apache.spark.sql.execution.streaming.ProgressContext.reportTimeTaken(ProgressReporter.scala:186)
[2026-04-12T09:52:24.982+0000] {subprocess.py:106} INFO - 	at org.apache.spark.sql.execution.streaming.MicroBatchExecution.executeOneBatch(MicroBatchExecution.scala:364)
[2026-04-12T09:52:24.983+0000] {subprocess.py:106} INFO - 	at org.apache.spark.sql.execution.streaming.MicroBatchExecution.$anonfun$runActivatedStream$1(MicroBatchExecution.scala:344)
[2026-04-12T09:52:24.983+0000] {subprocess.py:106} INFO - 	at org.apache.spark.sql.execution.streaming.MicroBatchExecution.$anonfun$runActivatedStream$1$adapted(MicroBatchExecution.scala:344)
[2026-04-12T09:52:24.984+0000] {subprocess.py:106} INFO - 	at org.apache.spark.sql.execution.streaming.TriggerExecutor.runOneBatch(TriggerExecutor.scala:39)
[2026-04-12T09:52:24.984+0000] {subprocess.py:106} INFO - 	at org.apache.spark.sql.execution.streaming.TriggerExecutor.runOneBatch$(TriggerExecutor.scala:37)
[2026-04-12T09:52:24.985+0000] {subprocess.py:106} INFO - 	at org.apache.spark.sql.execution.streaming.ProcessingTimeExecutor.runOneBatch(TriggerExecutor.scala:70)
[2026-04-12T09:52:24.985+0000] {subprocess.py:106} INFO - 	at org.apache.spark.sql.execution.streaming.ProcessingTimeExecutor.execute(TriggerExecutor.scala:82)
[2026-04-12T09:52:24.986+0000] {subprocess.py:106} INFO - 	at org.apache.spark.sql.execution.streaming.MicroBatchExecution.runActivatedStream(MicroBatchExecution.scala:344)
[2026-04-12T09:52:24.986+0000] {subprocess.py:106} INFO - 	at org.apache.spark.sql.execution.streaming.StreamExecution.$anonfun$runStream$1(StreamExecution.scala:337)
[2026-04-12T09:52:24.987+0000] {subprocess.py:106} INFO - 	at scala.runtime.java8.JFunction0$mcV$sp.apply(JFunction0$mcV$sp.scala:18)
[2026-04-12T09:52:24.987+0000] {subprocess.py:106} INFO - 	at org.apache.spark.sql.SparkSession.withActive(SparkSession.scala:804)
[2026-04-12T09:52:24.988+0000] {subprocess.py:106} INFO - 	at org.apache.spark.sql.execution.streaming.StreamExecution.org$apache$spark$sql$execution$streaming$StreamExecution$$runStream(StreamExecution.scala:311)
[2026-04-12T09:52:24.988+0000] {subprocess.py:106} INFO - 	at org.apache.spark.sql.execution.streaming.StreamExecution$$anon$1.run(StreamExecution.scala:226)
[2026-04-12T09:52:24.989+0000] {subprocess.py:106} INFO - 	Suppressed: org.apache.spark.util.Utils$OriginalTryStackTraceException: Full stacktrace of original doTryWithCallerStacktrace caller
[2026-04-12T09:52:24.989+0000] {subprocess.py:106} INFO - 		at java.base/jdk.internal.reflect.NativeConstructorAccessorImpl.newInstance0(Native Method)
[2026-04-12T09:52:24.989+0000] {subprocess.py:106} INFO - 		at java.base/jdk.internal.reflect.NativeConstructorAccessorImpl.newInstance(NativeConstructorAccessorImpl.java:75)
[2026-04-12T09:52:24.990+0000] {subprocess.py:106} INFO - 		at java.base/jdk.internal.reflect.DelegatingConstructorAccessorImpl.newInstance(DelegatingConstructorAccessorImpl.java:53)
[2026-04-12T09:52:24.991+0000] {subprocess.py:106} INFO - 		at java.base/java.lang.reflect.Constructor.newInstanceWithCaller(Constructor.java:502)
[2026-04-12T09:52:24.991+0000] {subprocess.py:106} INFO - 		at java.base/java.lang.reflect.Constructor.newInstance(Constructor.java:486)
[2026-04-12T09:52:24.992+0000] {subprocess.py:106} INFO - 		at org.apache.hadoop.ipc.RemoteException.instantiateException(RemoteException.java:121)
[2026-04-12T09:52:24.992+0000] {subprocess.py:106} INFO - 		at org.apache.hadoop.ipc.RemoteException.unwrapRemoteException(RemoteException.java:88)
[2026-04-12T09:52:24.993+0000] {subprocess.py:106} INFO - 		at org.apache.hadoop.hdfs.DFSClient.primitiveMkdir(DFSClient.java:2557)
[2026-04-12T09:52:24.993+0000] {subprocess.py:106} INFO - 		at org.apache.hadoop.hdfs.DFSClient.mkdirs(DFSClient.java:2531)
[2026-04-12T09:52:24.994+0000] {subprocess.py:106} INFO - 		at org.apache.hadoop.hdfs.DistributedFileSystem$27.doCall(DistributedFileSystem.java:1497)
[2026-04-12T09:52:24.994+0000] {subprocess.py:106} INFO - 		at org.apache.hadoop.hdfs.DistributedFileSystem$27.doCall(DistributedFileSystem.java:1494)
[2026-04-12T09:52:24.995+0000] {subprocess.py:106} INFO - 		at org.apache.hadoop.fs.FileSystemLinkResolver.resolve(FileSystemLinkResolver.java:81)
[2026-04-12T09:52:24.995+0000] {subprocess.py:106} INFO - 		at org.apache.hadoop.hdfs.DistributedFileSystem.mkdirsInternal(DistributedFileSystem.java:1511)
[2026-04-12T09:52:24.995+0000] {subprocess.py:106} INFO - 		at org.apache.hadoop.hdfs.DistributedFileSystem.mkdirs(DistributedFileSystem.java:1486)
[2026-04-12T09:52:24.996+0000] {subprocess.py:106} INFO - 		at org.apache.hadoop.fs.FileSystem.mkdirs(FileSystem.java:2496)
[2026-04-12T09:52:24.996+0000] {subprocess.py:106} INFO - 		at org.apache.hadoop.mapreduce.lib.output.FileOutputCommitter.setupJob(FileOutputCommitter.java:356)
[2026-04-12T09:52:24.997+0000] {subprocess.py:106} INFO - 		at org.apache.spark.internal.io.HadoopMapReduceCommitProtocol.setupJob(HadoopMapReduceCommitProtocol.scala:190)
[2026-04-12T09:52:24.998+0000] {subprocess.py:106} INFO - 		at org.apache.spark.sql.execution.datasources.FileFormatWriter$.writeAndCommit(FileFormatWriter.scala:268)
[2026-04-12T09:52:24.998+0000] {subprocess.py:106} INFO - 		at org.apache.spark.sql.execution.datasources.FileFormatWriter$.executeWrite(FileFormatWriter.scala:306)
[2026-04-12T09:52:24.999+0000] {subprocess.py:106} INFO - 		at org.apache.spark.sql.execution.datasources.FileFormatWriter$.write(FileFormatWriter.scala:189)
[2026-04-12T09:52:24.999+0000] {subprocess.py:106} INFO - 		at org.apache.spark.sql.execution.datasources.InsertIntoHadoopFsRelationCommand.run(InsertIntoHadoopFsRelationCommand.scala:195)
[2026-04-12T09:52:25.000+0000] {subprocess.py:106} INFO - 		at org.apache.spark.sql.execution.command.DataWritingCommandExec.sideEffectResult$lzycompute(commands.scala:117)
[2026-04-12T09:52:25.000+0000] {subprocess.py:106} INFO - 		at org.apache.spark.sql.execution.command.DataWritingCommandExec.sideEffectResult(commands.scala:115)
[2026-04-12T09:52:25.000+0000] {subprocess.py:106} INFO - 		at org.apache.spark.sql.execution.command.DataWritingCommandExec.executeCollect(commands.scala:129)
[2026-04-12T09:52:25.001+0000] {subprocess.py:106} INFO - 		at org.apache.spark.sql.execution.QueryExecution.$anonfun$eagerlyExecuteCommands$2(QueryExecution.scala:155)
[2026-04-12T09:52:25.001+0000] {subprocess.py:106} INFO - 		at org.apache.spark.sql.execution.SQLExecution$.$anonfun$withNewExecutionId0$8(SQLExecution.scala:163)
[2026-04-12T09:52:25.005+0000] {subprocess.py:106} INFO - 		at org.apache.spark.sql.execution.SQLExecution$.withSessionTagsApplied(SQLExecution.scala:272)
[2026-04-12T09:52:25.005+0000] {subprocess.py:106} INFO - 		at org.apache.spark.sql.execution.SQLExecution$.$anonfun$withNewExecutionId0$7(SQLExecution.scala:125)
[2026-04-12T09:52:25.006+0000] {subprocess.py:106} INFO - 		at org.apache.spark.JobArtifactSet$.withActiveJobArtifactState(JobArtifactSet.scala:94)
[2026-04-12T09:52:25.006+0000] {subprocess.py:106} INFO - 		at org.apache.spark.sql.artifact.ArtifactManager.$anonfun$withResources$1(ArtifactManager.scala:112)
[2026-04-12T09:52:25.007+0000] {subprocess.py:106} INFO - 		at org.apache.spark.sql.artifact.ArtifactManager.withClassLoaderIfNeeded(ArtifactManager.scala:106)
[2026-04-12T09:52:25.007+0000] {subprocess.py:106} INFO - 		at org.apache.spark.sql.artifact.ArtifactManager.withResources(ArtifactManager.scala:111)
[2026-04-12T09:52:25.008+0000] {subprocess.py:106} INFO - 		at org.apache.spark.sql.execution.SQLExecution$.$anonfun$withNewExecutionId0$6(SQLExecution.scala:125)
[2026-04-12T09:52:25.008+0000] {subprocess.py:106} INFO - 		at org.apache.spark.sql.execution.SQLExecution$.withSQLConfPropagated(SQLExecution.scala:295)
[2026-04-12T09:52:25.008+0000] {subprocess.py:106} INFO - 		at org.apache.spark.sql.execution.SQLExecution$.$anonfun$withNewExecutionId0$1(SQLExecution.scala:124)
[2026-04-12T09:52:25.009+0000] {subprocess.py:106} INFO - 		at org.apache.spark.sql.SparkSession.withActive(SparkSession.scala:804)
[2026-04-12T09:52:25.009+0000] {subprocess.py:106} INFO - 		at org.apache.spark.sql.execution.SQLExecution$.withNewExecutionId0(SQLExecution.scala:78)
[2026-04-12T09:52:25.009+0000] {subprocess.py:106} INFO - 		at org.apache.spark.sql.execution.SQLExecution$.withNewExecutionId(SQLExecution.scala:237)
[2026-04-12T09:52:25.010+0000] {subprocess.py:106} INFO - 		at org.apache.spark.sql.execution.QueryExecution.$anonfun$eagerlyExecuteCommands$1(QueryExecution.scala:155)
[2026-04-12T09:52:25.010+0000] {subprocess.py:106} INFO - 		at org.apache.spark.sql.execution.QueryExecution$.withInternalError(QueryExecution.scala:654)
[2026-04-12T09:52:25.010+0000] {subprocess.py:106} INFO - 		at org.apache.spark.sql.execution.QueryExecution.org$apache$spark$sql$execution$QueryExecution$$eagerlyExecute$1(QueryExecution.scala:154)
[2026-04-12T09:52:25.011+0000] {subprocess.py:106} INFO - 		at org.apache.spark.sql.execution.QueryExecution$$anonfun$eagerlyExecuteCommands$3.applyOrElse(QueryExecution.scala:169)
[2026-04-12T09:52:25.011+0000] {subprocess.py:106} INFO - 		at org.apache.spark.sql.execution.QueryExecution$$anonfun$eagerlyExecuteCommands$3.applyOrElse(QueryExecution.scala:164)
[2026-04-12T09:52:25.012+0000] {subprocess.py:106} INFO - 		at org.apache.spark.sql.catalyst.trees.TreeNode.$anonfun$transformDownWithPruning$1(TreeNode.scala:470)
[2026-04-12T09:52:25.012+0000] {subprocess.py:106} INFO - 		at org.apache.spark.sql.catalyst.trees.CurrentOrigin$.withOrigin(origin.scala:86)
[2026-04-12T09:52:25.013+0000] {subprocess.py:106} INFO - 		at org.apache.spark.sql.catalyst.trees.TreeNode.transformDownWithPruning(TreeNode.scala:470)
[2026-04-12T09:52:25.013+0000] {subprocess.py:106} INFO - 		at org.apache.spark.sql.catalyst.plans.logical.LogicalPlan.org$apache$spark$sql$catalyst$plans$logical$AnalysisHelper$$super$transformDownWithPruning(LogicalPlan.scala:37)
[2026-04-12T09:52:25.014+0000] {subprocess.py:106} INFO - 		at org.apache.spark.sql.catalyst.plans.logical.AnalysisHelper.transformDownWithPruning(AnalysisHelper.scala:360)
[2026-04-12T09:52:25.014+0000] {subprocess.py:106} INFO - 		at org.apache.spark.sql.catalyst.plans.logical.AnalysisHelper.transformDownWithPruning$(AnalysisHelper.scala:356)
[2026-04-12T09:52:25.014+0000] {subprocess.py:106} INFO - 		at org.apache.spark.sql.catalyst.plans.logical.LogicalPlan.transformDownWithPruning(LogicalPlan.scala:37)
[2026-04-12T09:52:25.016+0000] {subprocess.py:106} INFO - 		at org.apache.spark.sql.catalyst.plans.logical.LogicalPlan.transformDownWithPruning(LogicalPlan.scala:37)
[2026-04-12T09:52:25.016+0000] {subprocess.py:106} INFO - 		at org.apache.spark.sql.catalyst.trees.TreeNode.transformDown(TreeNode.scala:446)
[2026-04-12T09:52:25.021+0000] {subprocess.py:106} INFO - 		at org.apache.spark.sql.execution.QueryExecution.eagerlyExecuteCommands(QueryExecution.scala:164)
[2026-04-12T09:52:25.022+0000] {subprocess.py:106} INFO - 		at org.apache.spark.sql.execution.QueryExecution.$anonfun$lazyCommandExecuted$1(QueryExecution.scala:126)
[2026-04-12T09:52:25.022+0000] {subprocess.py:106} INFO - 		at scala.util.Try$.apply(Try.scala:217)
[2026-04-12T09:52:25.023+0000] {subprocess.py:106} INFO - 		at org.apache.spark.util.Utils$.doTryWithCallerStacktrace(Utils.scala:1378)
[2026-04-12T09:52:25.023+0000] {subprocess.py:106} INFO - 		at org.apache.spark.util.LazyTry.tryT$lzycompute(LazyTry.scala:46)
[2026-04-12T09:52:25.024+0000] {subprocess.py:106} INFO - 		at org.apache.spark.util.LazyTry.tryT(LazyTry.scala:46)
[2026-04-12T09:52:25.024+0000] {subprocess.py:106} INFO - 		... 58 more
[2026-04-12T09:52:25.024+0000] {subprocess.py:106} INFO - Caused by: org.apache.hadoop.ipc.RemoteException(org.apache.hadoop.security.AccessControlException): Permission denied: user=spark, access=WRITE, inode="/user/hive/lakehouse/bronze":hadoop23133083thuyvan:supergroup:drwxr-xr-x
[2026-04-12T09:52:25.025+0000] {subprocess.py:106} INFO - 	at org.apache.hadoop.hdfs.server.namenode.FSPermissionChecker.check(FSPermissionChecker.java:661)
[2026-04-12T09:52:25.025+0000] {subprocess.py:106} INFO - 	at org.apache.hadoop.hdfs.server.namenode.FSPermissionChecker.checkPermission(FSPermissionChecker.java:501)
[2026-04-12T09:52:25.026+0000] {subprocess.py:106} INFO - 	at org.apache.hadoop.hdfs.server.namenode.FSPermissionChecker.checkPermissionWithContext(FSPermissionChecker.java:525)
[2026-04-12T09:52:25.026+0000] {subprocess.py:106} INFO - 	at org.apache.hadoop.hdfs.server.namenode.FSPermissionChecker.checkPermission(FSPermissionChecker.java:395)
[2026-04-12T09:52:25.027+0000] {subprocess.py:106} INFO - 	at org.apache.hadoop.hdfs.server.namenode.FSDirectory.checkPermission(FSDirectory.java:1964)
[2026-04-12T09:52:25.027+0000] {subprocess.py:106} INFO - 	at org.apache.hadoop.hdfs.server.namenode.FSDirectory.checkPermission(FSDirectory.java:1945)
[2026-04-12T09:52:25.027+0000] {subprocess.py:106} INFO - 	at org.apache.hadoop.hdfs.server.namenode.FSDirectory.checkAncestorAccess(FSDirectory.java:1904)
[2026-04-12T09:52:25.028+0000] {subprocess.py:106} INFO - 	at org.apache.hadoop.hdfs.server.namenode.FSDirMkdirOp.mkdirs(FSDirMkdirOp.java:60)
[2026-04-12T09:52:25.028+0000] {subprocess.py:106} INFO - 	at org.apache.hadoop.hdfs.server.namenode.FSNamesystem.mkdirs(FSNamesystem.java:3531)
[2026-04-12T09:52:25.029+0000] {subprocess.py:106} INFO - 	at org.apache.hadoop.hdfs.server.namenode.NameNodeRpcServer.mkdirs(NameNodeRpcServer.java:1173)
[2026-04-12T09:52:25.029+0000] {subprocess.py:106} INFO - 	at org.apache.hadoop.hdfs.protocolPB.ClientNamenodeProtocolServerSideTranslatorPB.mkdirs(ClientNamenodeProtocolServerSideTranslatorPB.java:750)
[2026-04-12T09:52:25.030+0000] {subprocess.py:106} INFO - 	at org.apache.hadoop.hdfs.protocol.proto.ClientNamenodeProtocolProtos$ClientNamenodeProtocol$2.callBlockingMethod(ClientNamenodeProtocolProtos.java)
[2026-04-12T09:52:25.030+0000] {subprocess.py:106} INFO - 	at org.apache.hadoop.ipc.ProtobufRpcEngine2$Server$ProtoBufRpcInvoker.call(ProtobufRpcEngine2.java:621)
[2026-04-12T09:52:25.031+0000] {subprocess.py:106} INFO - 	at org.apache.hadoop.ipc.ProtobufRpcEngine2$Server$ProtoBufRpcInvoker.call(ProtobufRpcEngine2.java:589)
[2026-04-12T09:52:25.031+0000] {subprocess.py:106} INFO - 	at org.apache.hadoop.ipc.ProtobufRpcEngine2$Server$ProtoBufRpcInvoker.call(ProtobufRpcEngine2.java:573)
[2026-04-12T09:52:25.032+0000] {subprocess.py:106} INFO - 	at org.apache.hadoop.ipc.RPC$Server.call(RPC.java:1227)
[2026-04-12T09:52:25.032+0000] {subprocess.py:106} INFO - 	at org.apache.hadoop.ipc.Server$RpcCall.run(Server.java:1246)
[2026-04-12T09:52:25.033+0000] {subprocess.py:106} INFO - 	at org.apache.hadoop.ipc.Server$RpcCall.run(Server.java:1169)
[2026-04-12T09:52:25.034+0000] {subprocess.py:106} INFO - 	at java.base/java.security.AccessController.doPrivileged(Native Method)
[2026-04-12T09:52:25.034+0000] {subprocess.py:106} INFO - 	at java.base/javax.security.auth.Subject.doAs(Subject.java:423)
[2026-04-12T09:52:25.034+0000] {subprocess.py:106} INFO - 	at org.apache.hadoop.security.UserGroupInformation.doAs(UserGroupInformation.java:1953)
[2026-04-12T09:52:25.035+0000] {subprocess.py:106} INFO - 	at org.apache.hadoop.ipc.Server$Handler.run(Server.java:3198)
[2026-04-12T09:52:25.035+0000] {subprocess.py:106} INFO - 
[2026-04-12T09:52:25.036+0000] {subprocess.py:106} INFO - 	at org.apache.hadoop.ipc.Client.getRpcResponse(Client.java:1584)
[2026-04-12T09:52:25.037+0000] {subprocess.py:106} INFO - 	at org.apache.hadoop.ipc.Client.call(Client.java:1529)
[2026-04-12T09:52:25.037+0000] {subprocess.py:106} INFO - 	at org.apache.hadoop.ipc.Client.call(Client.java:1426)
[2026-04-12T09:52:25.037+0000] {subprocess.py:106} INFO - 	at org.apache.hadoop.ipc.ProtobufRpcEngine2$Invoker.invoke(ProtobufRpcEngine2.java:258)
[2026-04-12T09:52:25.038+0000] {subprocess.py:106} INFO - 	at org.apache.hadoop.ipc.ProtobufRpcEngine2$Invoker.invoke(ProtobufRpcEngine2.java:139)
[2026-04-12T09:52:25.038+0000] {subprocess.py:106} INFO - 	at jdk.proxy2/jdk.proxy2.$Proxy46.mkdirs(Unknown Source)
[2026-04-12T09:52:25.039+0000] {subprocess.py:106} INFO - 	at org.apache.hadoop.hdfs.protocolPB.ClientNamenodeProtocolTranslatorPB.lambda$mkdirs$20(ClientNamenodeProtocolTranslatorPB.java:611)
[2026-04-12T09:52:25.040+0000] {subprocess.py:106} INFO - 	at org.apache.hadoop.ipc.internal.ShadedProtobufHelper.ipc(ShadedProtobufHelper.java:160)
[2026-04-12T09:52:25.040+0000] {subprocess.py:106} INFO - 	at org.apache.hadoop.hdfs.protocolPB.ClientNamenodeProtocolTranslatorPB.mkdirs(ClientNamenodeProtocolTranslatorPB.java:611)
[2026-04-12T09:52:25.041+0000] {subprocess.py:106} INFO - 	at java.base/jdk.internal.reflect.NativeMethodAccessorImpl.invoke0(Native Method)
[2026-04-12T09:52:25.041+0000] {subprocess.py:106} INFO - 	at java.base/jdk.internal.reflect.NativeMethodAccessorImpl.invoke(NativeMethodAccessorImpl.java:75)
[2026-04-12T09:52:25.042+0000] {subprocess.py:106} INFO - 	at java.base/jdk.internal.reflect.DelegatingMethodAccessorImpl.invoke(DelegatingMethodAccessorImpl.java:52)
[2026-04-12T09:52:25.042+0000] {subprocess.py:106} INFO - 	at java.base/java.lang.reflect.Method.invoke(Method.java:580)
[2026-04-12T09:52:25.042+0000] {subprocess.py:106} INFO - 	at org.apache.hadoop.io.retry.RetryInvocationHandler.invokeMethod(RetryInvocationHandler.java:437)
[2026-04-12T09:52:25.043+0000] {subprocess.py:106} INFO - 	at org.apache.hadoop.io.retry.RetryInvocationHandler$Call.invokeMethod(RetryInvocationHandler.java:170)
[2026-04-12T09:52:25.043+0000] {subprocess.py:106} INFO - 	at org.apache.hadoop.io.retry.RetryInvocationHandler$Call.invoke(RetryInvocationHandler.java:162)
[2026-04-12T09:52:25.044+0000] {subprocess.py:106} INFO - 	at org.apache.hadoop.io.retry.RetryInvocationHandler$Call.invokeOnce(RetryInvocationHandler.java:100)
[2026-04-12T09:52:25.044+0000] {subprocess.py:106} INFO - 	at org.apache.hadoop.io.retry.RetryInvocationHandler.invoke(RetryInvocationHandler.java:366)
[2026-04-12T09:52:25.045+0000] {subprocess.py:106} INFO - 	at jdk.proxy2/jdk.proxy2.$Proxy47.mkdirs(Unknown Source)
[2026-04-12T09:52:25.045+0000] {subprocess.py:106} INFO - 	at org.apache.hadoop.hdfs.DFSClient.primitiveMkdir(DFSClient.java:2555)
[2026-04-12T09:52:25.046+0000] {subprocess.py:106} INFO - 	at org.apache.hadoop.hdfs.DFSClient.mkdirs(DFSClient.java:2531)
[2026-04-12T09:52:25.046+0000] {subprocess.py:106} INFO - 	at org.apache.hadoop.hdfs.DistributedFileSystem$27.doCall(DistributedFileSystem.java:1497)
[2026-04-12T09:52:25.046+0000] {subprocess.py:106} INFO - 	at org.apache.hadoop.hdfs.DistributedFileSystem$27.doCall(DistributedFileSystem.java:1494)
[2026-04-12T09:52:25.047+0000] {subprocess.py:106} INFO - 	at org.apache.hadoop.fs.FileSystemLinkResolver.resolve(FileSystemLinkResolver.java:81)
[2026-04-12T09:52:25.048+0000] {subprocess.py:106} INFO - 	at org.apache.hadoop.hdfs.DistributedFileSystem.mkdirsInternal(DistributedFileSystem.java:1511)
[2026-04-12T09:52:25.048+0000] {subprocess.py:106} INFO - 	at org.apache.hadoop.hdfs.DistributedFileSystem.mkdirs(DistributedFileSystem.java:1486)
[2026-04-12T09:52:25.049+0000] {subprocess.py:106} INFO - 	at org.apache.hadoop.fs.FileSystem.mkdirs(FileSystem.java:2496)
[2026-04-12T09:52:25.049+0000] {subprocess.py:106} INFO - 	at org.apache.hadoop.mapreduce.lib.output.FileOutputCommitter.setupJob(FileOutputCommitter.java:356)
[2026-04-12T09:52:25.050+0000] {subprocess.py:106} INFO - 	at org.apache.spark.internal.io.HadoopMapReduceCommitProtocol.setupJob(HadoopMapReduceCommitProtocol.scala:190)
[2026-04-12T09:52:25.050+0000] {subprocess.py:106} INFO - 	at org.apache.spark.sql.execution.datasources.FileFormatWriter$.writeAndCommit(FileFormatWriter.scala:268)
[2026-04-12T09:52:25.051+0000] {subprocess.py:106} INFO - 	at org.apache.spark.sql.execution.datasources.FileFormatWriter$.executeWrite(FileFormatWriter.scala:306)
[2026-04-12T09:52:25.052+0000] {subprocess.py:106} INFO - 	at org.apache.spark.sql.execution.datasources.FileFormatWriter$.write(FileFormatWriter.scala:189)
[2026-04-12T09:52:25.052+0000] {subprocess.py:106} INFO - 	at org.apache.spark.sql.execution.datasources.InsertIntoHadoopFsRelationCommand.run(InsertIntoHadoopFsRelationCommand.scala:195)
[2026-04-12T09:52:25.053+0000] {subprocess.py:106} INFO - 	at org.apache.spark.sql.execution.command.DataWritingCommandExec.sideEffectResult$lzycompute(commands.scala:117)
[2026-04-12T09:52:25.053+0000] {subprocess.py:106} INFO - 	at org.apache.spark.sql.execution.command.DataWritingCommandExec.sideEffectResult(commands.scala:115)
[2026-04-12T09:52:25.053+0000] {subprocess.py:106} INFO - 	at org.apache.spark.sql.execution.command.DataWritingCommandExec.executeCollect(commands.scala:129)
[2026-04-12T09:52:25.054+0000] {subprocess.py:106} INFO - 	at org.apache.spark.sql.execution.QueryExecution.$anonfun$eagerlyExecuteCommands$2(QueryExecution.scala:155)
[2026-04-12T09:52:25.054+0000] {subprocess.py:106} INFO - 	at org.apache.spark.sql.execution.SQLExecution$.$anonfun$withNewExecutionId0$8(SQLExecution.scala:163)
[2026-04-12T09:52:25.055+0000] {subprocess.py:106} INFO - 	at org.apache.spark.sql.execution.SQLExecution$.withSessionTagsApplied(SQLExecution.scala:272)
[2026-04-12T09:52:25.055+0000] {subprocess.py:106} INFO - 	at org.apache.spark.sql.execution.SQLExecution$.$anonfun$withNewExecutionId0$7(SQLExecution.scala:125)
[2026-04-12T09:52:25.056+0000] {subprocess.py:106} INFO - 	at org.apache.spark.JobArtifactSet$.withActiveJobArtifactState(JobArtifactSet.scala:94)
[2026-04-12T09:52:25.056+0000] {subprocess.py:106} INFO - 	at org.apache.spark.sql.artifact.ArtifactManager.$anonfun$withResources$1(ArtifactManager.scala:112)
[2026-04-12T09:52:25.057+0000] {subprocess.py:106} INFO - 	at org.apache.spark.sql.artifact.ArtifactManager.withClassLoaderIfNeeded(ArtifactManager.scala:106)
[2026-04-12T09:52:25.058+0000] {subprocess.py:106} INFO - 	at org.apache.spark.sql.artifact.ArtifactManager.withResources(ArtifactManager.scala:111)
[2026-04-12T09:52:25.059+0000] {subprocess.py:106} INFO - 	at org.apache.spark.sql.execution.SQLExecution$.$anonfun$withNewExecutionId0$6(SQLExecution.scala:125)
[2026-04-12T09:52:25.059+0000] {subprocess.py:106} INFO - 	at org.apache.spark.sql.execution.SQLExecution$.withSQLConfPropagated(SQLExecution.scala:295)
[2026-04-12T09:52:25.059+0000] {subprocess.py:106} INFO - 	at org.apache.spark.sql.execution.SQLExecution$.$anonfun$withNewExecutionId0$1(SQLExecution.scala:124)
[2026-04-12T09:52:25.060+0000] {subprocess.py:106} INFO - 	at org.apache.spark.sql.SparkSession.withActive(SparkSession.scala:804)
[2026-04-12T09:52:25.060+0000] {subprocess.py:106} INFO - 	at org.apache.spark.sql.execution.SQLExecution$.withNewExecutionId0(SQLExecution.scala:78)
[2026-04-12T09:52:25.061+0000] {subprocess.py:106} INFO - 	at org.apache.spark.sql.execution.SQLExecution$.withNewExecutionId(SQLExecution.scala:237)
[2026-04-12T09:52:25.061+0000] {subprocess.py:106} INFO - 	at org.apache.spark.sql.execution.QueryExecution.$anonfun$eagerlyExecuteCommands$1(QueryExecution.scala:155)
[2026-04-12T09:52:25.062+0000] {subprocess.py:106} INFO - 	at org.apache.spark.sql.execution.QueryExecution$.withInternalError(QueryExecution.scala:654)
[2026-04-12T09:52:25.062+0000] {subprocess.py:106} INFO - 	at org.apache.spark.sql.execution.QueryExecution.org$apache$spark$sql$execution$QueryExecution$$eagerlyExecute$1(QueryExecution.scala:154)
[2026-04-12T09:52:25.062+0000] {subprocess.py:106} INFO - 	at org.apache.spark.sql.execution.QueryExecution$$anonfun$eagerlyExecuteCommands$3.applyOrElse(QueryExecution.scala:169)
[2026-04-12T09:52:25.067+0000] {subprocess.py:106} INFO - 	at org.apache.spark.sql.execution.QueryExecution$$anonfun$eagerlyExecuteCommands$3.applyOrElse(QueryExecution.scala:164)
[2026-04-12T09:52:25.068+0000] {subprocess.py:106} INFO - 	at org.apache.spark.sql.catalyst.trees.TreeNode.$anonfun$transformDownWithPruning$1(TreeNode.scala:470)
[2026-04-12T09:52:25.069+0000] {subprocess.py:106} INFO - 	at org.apache.spark.sql.catalyst.trees.CurrentOrigin$.withOrigin(origin.scala:86)
[2026-04-12T09:52:25.069+0000] {subprocess.py:106} INFO - 	at org.apache.spark.sql.catalyst.trees.TreeNode.transformDownWithPruning(TreeNode.scala:470)
[2026-04-12T09:52:25.069+0000] {subprocess.py:106} INFO - 	at org.apache.spark.sql.catalyst.plans.logical.LogicalPlan.org$apache$spark$sql$catalyst$plans$logical$AnalysisHelper$$super$transformDownWithPruning(LogicalPlan.scala:37)
[2026-04-12T09:52:25.070+0000] {subprocess.py:106} INFO - 	at org.apache.spark.sql.catalyst.plans.logical.AnalysisHelper.transformDownWithPruning(AnalysisHelper.scala:360)
[2026-04-12T09:52:25.070+0000] {subprocess.py:106} INFO - 	at org.apache.spark.sql.catalyst.plans.logical.AnalysisHelper.transformDownWithPruning$(AnalysisHelper.scala:356)
[2026-04-12T09:52:25.071+0000] {subprocess.py:106} INFO - 	at org.apache.spark.sql.catalyst.plans.logical.LogicalPlan.transformDownWithPruning(LogicalPlan.scala:37)
[2026-04-12T09:52:25.071+0000] {subprocess.py:106} INFO - 	at org.apache.spark.sql.catalyst.plans.logical.LogicalPlan.transformDownWithPruning(LogicalPlan.scala:37)
[2026-04-12T09:52:25.072+0000] {subprocess.py:106} INFO - 	at org.apache.spark.sql.catalyst.trees.TreeNode.transformDown(TreeNode.scala:446)
[2026-04-12T09:52:25.072+0000] {subprocess.py:106} INFO - 	at org.apache.spark.sql.execution.QueryExecution.eagerlyExecuteCommands(QueryExecution.scala:164)
[2026-04-12T09:52:25.072+0000] {subprocess.py:106} INFO - 	at org.apache.spark.sql.execution.QueryExecution.$anonfun$lazyCommandExecuted$1(QueryExecution.scala:126)
[2026-04-12T09:52:25.073+0000] {subprocess.py:106} INFO - 	at scala.util.Try$.apply(Try.scala:217)
[2026-04-12T09:52:25.073+0000] {subprocess.py:106} INFO - 	at org.apache.spark.util.Utils$.doTryWithCallerStacktrace(Utils.scala:1378)
[2026-04-12T09:52:25.074+0000] {subprocess.py:106} INFO - 	at org.apache.spark.util.LazyTry.tryT$lzycompute(LazyTry.scala:46)
[2026-04-12T09:52:25.074+0000] {subprocess.py:106} INFO - 	at org.apache.spark.util.LazyTry.tryT(LazyTry.scala:46)
[2026-04-12T09:52:25.078+0000] {subprocess.py:106} INFO - 	... 58 more
[2026-04-12T09:52:25.079+0000] {subprocess.py:106} INFO - 
[2026-04-12T09:52:25.079+0000] {subprocess.py:106} INFO -  SQLSTATE: 39000 SQLSTATE: XXKST
[2026-04-12T09:52:25.080+0000] {subprocess.py:106} INFO - === Streaming Query ===
[2026-04-12T09:52:25.080+0000] {subprocess.py:106} INFO - Identifier: [id = fffa4a28-b831-4a17-a849-992bff20d106, runId = d9cd08e7-64ca-49bd-8fd7-99e801ee0c9a]
[2026-04-12T09:52:25.080+0000] {subprocess.py:106} INFO - Current Committed Offsets: {KafkaV2[Subscribe[weather-topic]]: {"weather-topic":{"0":0,"1":0,"2":0}}}
[2026-04-12T09:52:25.081+0000] {subprocess.py:106} INFO - Current Available Offsets: {KafkaV2[Subscribe[weather-topic]]: {"weather-topic":{"0":7,"1":6,"2":7}}}
[2026-04-12T09:52:25.081+0000] {subprocess.py:106} INFO - 
[2026-04-12T09:52:25.081+0000] {subprocess.py:106} INFO - Current State: ACTIVE
[2026-04-12T09:52:25.082+0000] {subprocess.py:106} INFO - Thread State: RUNNABLE
[2026-04-12T09:52:25.082+0000] {subprocess.py:106} INFO - 
[2026-04-12T09:52:25.083+0000] {subprocess.py:106} INFO - Logical Plan:
[2026-04-12T09:52:25.083+0000] {subprocess.py:106} INFO - ~WriteToMicroBatchDataSourceV1 ForeachBatchSink, fffa4a28-b831-4a17-a849-992bff20d106, [checkpointLocation=hdfs://23133083thuyvan-master:9000/user/hive/checkpoints/air_quality_realtime], Append
[2026-04-12T09:52:25.084+0000] {subprocess.py:106} INFO - +- ~Project [timestamp#42, location#17, latitude#18, longitude#19, country#20, condition_text#21, timezone#22, temperature_2m#23, relative_humidity_2m#24, apparent_temperature#25, precipitation#26, cloud_cover#27, wind_speed_10m#28, wind_direction_10m#29, wind_gusts_10m#30, uv_index#31, weather_code#32, european_aqi#33, us_aqi#34, pm10#35, pm2_5#36, carbon_monoxide#37, nitrogen_dioxide#38, sulphur_dioxide#39, ozone#40, ... 2 more fields]
[2026-04-12T09:52:25.084+0000] {subprocess.py:106} INFO -    +- ~Project [to_timestamp(timestamp#16, None, TimestampType, Some(GMT), true) AS timestamp#42, location#17, latitude#18, longitude#19, country#20, condition_text#21, timezone#22, temperature_2m#23, relative_humidity_2m#24, apparent_temperature#25, precipitation#26, cloud_cover#27, wind_speed_10m#28, wind_direction_10m#29, wind_gusts_10m#30, uv_index#31, weather_code#32, european_aqi#33, us_aqi#34, pm10#35, pm2_5#36, carbon_monoxide#37, nitrogen_dioxide#38, sulphur_dioxide#39, ozone#40, ... 1 more fields]
[2026-04-12T09:52:25.085+0000] {subprocess.py:106} INFO -       +- ~Project [timestamp#16, location#17, latitude#18, longitude#19, country#20, condition_text#21, timezone#22, temperature_2m#23, relative_humidity_2m#24, apparent_temperature#25, precipitation#26, cloud_cover#27, wind_speed_10m#28, wind_direction_10m#29, wind_gusts_10m#30, uv_index#31, weather_code#32, european_aqi#33, us_aqi#34, pm10#35, pm2_5#36, carbon_monoxide#37, nitrogen_dioxide#38, sulphur_dioxide#39, ozone#40, ... 1 more fields]
[2026-04-12T09:52:25.085+0000] {subprocess.py:106} INFO -          +- ~Project [data#15.timestamp AS timestamp#16, data#15.location AS location#17, data#15.latitude AS latitude#18, data#15.longitude AS longitude#19, data#15.country AS country#20, data#15.condition_text AS condition_text#21, data#15.timezone AS timezone#22, data#15.temperature_2m AS temperature_2m#23, data#15.relative_humidity_2m AS relative_humidity_2m#24, data#15.apparent_temperature AS apparent_temperature#25, data#15.precipitation AS precipitation#26, data#15.cloud_cover AS cloud_cover#27, data#15.wind_speed_10m AS wind_speed_10m#28, data#15.wind_direction_10m AS wind_direction_10m#29, data#15.wind_gusts_10m AS wind_gusts_10m#30, data#15.uv_index AS uv_index#31, data#15.weather_code AS weather_code#32, data#15.european_aqi AS european_aqi#33, data#15.us_aqi AS us_aqi#34, data#15.pm10 AS pm10#35, data#15.pm2_5 AS pm2_5#36, data#15.carbon_monoxide AS carbon_monoxide#37, data#15.nitrogen_dioxide AS nitrogen_dioxide#38, data#15.sulphur_dioxide AS sulphur_dioxide#39, data#15.ozone AS ozone#40]
[2026-04-12T09:52:25.086+0000] {subprocess.py:106} INFO -             +- ~Project [from_json(StructField(timestamp,StringType,true), StructField(location,StringType,true), StructField(latitude,DoubleType,true), StructField(longitude,DoubleType,true), StructField(country,StringType,true), StructField(condition_text,StringType,true), StructField(timezone,StringType,true), StructField(temperature_2m,DoubleType,true), StructField(relative_humidity_2m,DoubleType,true), StructField(apparent_temperature,DoubleType,true), StructField(precipitation,DoubleType,true), StructField(cloud_cover,DoubleType,true), StructField(wind_speed_10m,DoubleType,true), StructField(wind_direction_10m,DoubleType,true), StructField(wind_gusts_10m,DoubleType,true), StructField(uv_index,DoubleType,true), StructField(weather_code,IntegerType,true), StructField(european_aqi,IntegerType,true), StructField(us_aqi,IntegerType,true), StructField(pm10,DoubleType,true), StructField(pm2_5,DoubleType,true), StructField(carbon_monoxide,DoubleType,true), StructField(nitrogen_dioxide,DoubleType,true), StructField(sulphur_dioxide,DoubleType,true), StructField(ozone,DoubleType,true), ... 3 more fields) AS data#15]
[2026-04-12T09:52:25.086+0000] {subprocess.py:106} INFO -                +- ~Project [cast(value#8 as string) AS json#14]
[2026-04-12T09:52:25.086+0000] {subprocess.py:106} INFO -                   +- ~StreamingDataSourceV2ScanRelation[key#7, value#8, topic#9, partition#10, offset#11L, timestamp#12, timestampType#13] KafkaTable
[2026-04-12T09:52:25.087+0000] {subprocess.py:106} INFO - 
[2026-04-12T09:52:25.087+0000] {subprocess.py:106} INFO - 26/04/12 09:52:24 INFO ConsumerCoordinator: [Consumer clientId=consumer-spark-kafka-source-c661e8f5-4823-4889-b09f-323250c92967--983882313-executor-2, groupId=spark-kafka-source-c661e8f5-4823-4889-b09f-323250c92967--983882313-executor] Resetting generation and member id due to: consumer pro-actively leaving the group
[2026-04-12T09:52:25.088+0000] {subprocess.py:106} INFO - 26/04/12 09:52:24 INFO ConsumerCoordinator: [Consumer clientId=consumer-spark-kafka-source-c661e8f5-4823-4889-b09f-323250c92967--983882313-executor-2, groupId=spark-kafka-source-c661e8f5-4823-4889-b09f-323250c92967--983882313-executor] Request joining group due to: consumer pro-actively leaving the group
[2026-04-12T09:52:25.088+0000] {subprocess.py:106} INFO - 26/04/12 09:52:24 INFO Metrics: Metrics scheduler closed
[2026-04-12T09:52:25.088+0000] {subprocess.py:106} INFO - 26/04/12 09:52:24 INFO Metrics: Closing reporter org.apache.kafka.common.metrics.JmxReporter
[2026-04-12T09:52:25.089+0000] {subprocess.py:106} INFO - 26/04/12 09:52:24 INFO Metrics: Closing reporter org.apache.kafka.common.telemetry.internals.ClientTelemetryReporter
[2026-04-12T09:52:25.092+0000] {subprocess.py:106} INFO - 26/04/12 09:52:24 INFO Metrics: Metrics reporters closed
[2026-04-12T09:52:25.092+0000] {subprocess.py:106} INFO - 26/04/12 09:52:24 INFO AppInfoParser: App info kafka.consumer for consumer-spark-kafka-source-c661e8f5-4823-4889-b09f-323250c92967--983882313-executor-2 unregistered
[2026-04-12T09:52:25.092+0000] {subprocess.py:106} INFO - 26/04/12 09:52:24 INFO ConsumerCoordinator: [Consumer clientId=consumer-spark-kafka-source-c661e8f5-4823-4889-b09f-323250c92967--983882313-executor-3, groupId=spark-kafka-source-c661e8f5-4823-4889-b09f-323250c92967--983882313-executor] Resetting generation and member id due to: consumer pro-actively leaving the group
[2026-04-12T09:52:25.093+0000] {subprocess.py:106} INFO - 26/04/12 09:52:24 INFO ConsumerCoordinator: [Consumer clientId=consumer-spark-kafka-source-c661e8f5-4823-4889-b09f-323250c92967--983882313-executor-3, groupId=spark-kafka-source-c661e8f5-4823-4889-b09f-323250c92967--983882313-executor] Request joining group due to: consumer pro-actively leaving the group
[2026-04-12T09:52:25.093+0000] {subprocess.py:106} INFO - 26/04/12 09:52:24 INFO Metrics: Metrics scheduler closed
[2026-04-12T09:52:25.094+0000] {subprocess.py:106} INFO - 26/04/12 09:52:24 INFO Metrics: Closing reporter org.apache.kafka.common.metrics.JmxReporter
[2026-04-12T09:52:25.094+0000] {subprocess.py:106} INFO - 26/04/12 09:52:24 INFO Metrics: Closing reporter org.apache.kafka.common.telemetry.internals.ClientTelemetryReporter
[2026-04-12T09:52:25.094+0000] {subprocess.py:106} INFO - 26/04/12 09:52:24 INFO Metrics: Metrics reporters closed
[2026-04-12T09:52:25.095+0000] {subprocess.py:106} INFO - 26/04/12 09:52:24 INFO AppInfoParser: App info kafka.consumer for consumer-spark-kafka-source-c661e8f5-4823-4889-b09f-323250c92967--983882313-executor-3 unregistered
[2026-04-12T09:52:25.095+0000] {subprocess.py:106} INFO - 26/04/12 09:52:24 INFO ConsumerCoordinator: [Consumer clientId=consumer-spark-kafka-source-c661e8f5-4823-4889-b09f-323250c92967--983882313-executor-1, groupId=spark-kafka-source-c661e8f5-4823-4889-b09f-323250c92967--983882313-executor] Resetting generation and member id due to: consumer pro-actively leaving the group
[2026-04-12T09:52:25.096+0000] {subprocess.py:106} INFO - 26/04/12 09:52:24 INFO ConsumerCoordinator: [Consumer clientId=consumer-spark-kafka-source-c661e8f5-4823-4889-b09f-323250c92967--983882313-executor-1, groupId=spark-kafka-source-c661e8f5-4823-4889-b09f-323250c92967--983882313-executor] Request joining group due to: consumer pro-actively leaving the group
[2026-04-12T09:52:25.096+0000] {subprocess.py:106} INFO - 26/04/12 09:52:24 INFO Metrics: Metrics scheduler closed
[2026-04-12T09:52:25.097+0000] {subprocess.py:106} INFO - 26/04/12 09:52:24 INFO Metrics: Closing reporter org.apache.kafka.common.metrics.JmxReporter
[2026-04-12T09:52:25.097+0000] {subprocess.py:106} INFO - 26/04/12 09:52:24 INFO Metrics: Closing reporter org.apache.kafka.common.telemetry.internals.ClientTelemetryReporter
[2026-04-12T09:52:25.097+0000] {subprocess.py:106} INFO - 26/04/12 09:52:24 INFO Metrics: Metrics reporters closed
[2026-04-12T09:52:25.098+0000] {subprocess.py:106} INFO - 26/04/12 09:52:24 INFO AppInfoParser: App info kafka.consumer for consumer-spark-kafka-source-c661e8f5-4823-4889-b09f-323250c92967--983882313-executor-1 unregistered
[2026-04-12T09:52:25.098+0000] {subprocess.py:106} INFO - 26/04/12 09:52:24 INFO SparkContext: Invoking stop() from shutdown hook
[2026-04-12T09:52:25.098+0000] {subprocess.py:106} INFO - 26/04/12 09:52:24 INFO SparkContext: SparkContext is stopping with exitCode 0 from run at Executors.java:572.
[2026-04-12T09:52:25.099+0000] {subprocess.py:106} INFO - 26/04/12 09:52:24 INFO SparkUI: Stopped Spark web UI at http://spark-master:4040
[2026-04-12T09:52:25.099+0000] {subprocess.py:106} INFO - 26/04/12 09:52:24 INFO MapOutputTrackerMasterEndpoint: MapOutputTrackerMasterEndpoint stopped!
[2026-04-12T09:52:25.099+0000] {subprocess.py:106} INFO - 26/04/12 09:52:25 INFO MemoryStore: MemoryStore cleared
[2026-04-12T09:52:25.100+0000] {subprocess.py:106} INFO - 26/04/12 09:52:25 INFO BlockManager: BlockManager stopped
[2026-04-12T09:52:25.100+0000] {subprocess.py:106} INFO - 26/04/12 09:52:25 INFO BlockManagerMaster: BlockManagerMaster stopped
[2026-04-12T09:52:25.100+0000] {subprocess.py:106} INFO - 26/04/12 09:52:25 INFO OutputCommitCoordinator$OutputCommitCoordinatorEndpoint: OutputCommitCoordinator stopped!
[2026-04-12T09:52:25.101+0000] {subprocess.py:106} INFO - 26/04/12 09:52:25 INFO SparkContext: Successfully stopped SparkContext
[2026-04-12T09:52:25.101+0000] {subprocess.py:106} INFO - 26/04/12 09:52:25 INFO ShutdownHookManager: Shutdown hook called
[2026-04-12T09:52:25.101+0000] {subprocess.py:106} INFO - 26/04/12 09:52:25 INFO ShutdownHookManager: Deleting directory /tmp/spark-9ba37a46-35fc-4094-a589-814555acf5e9/pyspark-bd5295b6-acfe-4f6c-ab11-79573519e1f9
[2026-04-12T09:52:25.103+0000] {subprocess.py:106} INFO - 26/04/12 09:52:25 INFO ShutdownHookManager: Deleting directory /tmp/spark-25950bd5-52da-49af-84dc-5224e90dd1f2
[2026-04-12T09:52:25.103+0000] {subprocess.py:106} INFO - 26/04/12 09:52:25 INFO ShutdownHookManager: Deleting directory /tmp/artifacts-7adcd6d6-08b7-49a2-9eab-db32c17a213c
[2026-04-12T09:52:25.103+0000] {subprocess.py:106} INFO - 26/04/12 09:52:25 INFO ShutdownHookManager: Deleting directory /tmp/spark-9ba37a46-35fc-4094-a589-814555acf5e9
[2026-04-12T09:52:25.203+0000] {subprocess.py:110} INFO - Command exited with return code 1
[2026-04-12T09:52:25.223+0000] {taskinstance.py:3311} ERROR - Task failed with exception
Traceback (most recent call last):
  File "/home/airflow/airflow/venv/lib/python3.12/site-packages/airflow/models/taskinstance.py", line 767, in _execute_task
    result = _execute_callable(context=context, **execute_callable_kwargs)
             ^^^^^^^^^^^^^^^^^^^^^^^^^^^^^^^^^^^^^^^^^^^^^^^^^^^^^^^^^^^^^
  File "/home/airflow/airflow/venv/lib/python3.12/site-packages/airflow/models/taskinstance.py", line 733, in _execute_callable
    return ExecutionCallableRunner(
           ^^^^^^^^^^^^^^^^^^^^^^^^
  File "/home/airflow/airflow/venv/lib/python3.12/site-packages/airflow/utils/operator_helpers.py", line 252, in run
    return self.func(*args, **kwargs)
           ^^^^^^^^^^^^^^^^^^^^^^^^^^
  File "/home/airflow/airflow/venv/lib/python3.12/site-packages/airflow/models/baseoperator.py", line 422, in wrapper
    return func(self, *args, **kwargs)
           ^^^^^^^^^^^^^^^^^^^^^^^^^^^
  File "/home/airflow/airflow/venv/lib/python3.12/site-packages/airflow/operators/bash.py", line 276, in execute
    raise AirflowException(
airflow.exceptions.AirflowException: Bash command failed. The command returned a non-zero exit code 1.
[2026-04-12T09:52:25.232+0000] {taskinstance.py:1225} INFO - Marking task as UP_FOR_RETRY. dag_id=weather_real_time_pipeline_v2, task_id=start_spark_streaming_job, run_id=scheduled__2026-04-12T09:50:00+00:00, execution_date=20260412T095000, start_date=20260412T095202, end_date=20260412T095225
[2026-04-12T09:52:25.253+0000] {taskinstance.py:340} INFO - ::group::Post task execution logs
[2026-04-12T09:52:25.253+0000] {standard_task_runner.py:124} ERROR - Failed to execute job 28 for task start_spark_streaming_job (Bash command failed. The command returned a non-zero exit code 1.; 45314)
Traceback (most recent call last):
  File "/home/airflow/airflow/venv/lib/python3.12/site-packages/airflow/task/task_runner/standard_task_runner.py", line 117, in _start_by_fork
    ret = args.func(args, dag=self.dag)
          ^^^^^^^^^^^^^^^^^^^^^^^^^^^^^
  File "/home/airflow/airflow/venv/lib/python3.12/site-packages/airflow/cli/cli_config.py", line 49, in command
    return func(*args, **kwargs)
           ^^^^^^^^^^^^^^^^^^^^^
  File "/home/airflow/airflow/venv/lib/python3.12/site-packages/airflow/utils/cli.py", line 116, in wrapper
    return f(*args, **kwargs)
           ^^^^^^^^^^^^^^^^^^
  File "/home/airflow/airflow/venv/lib/python3.12/site-packages/airflow/cli/commands/task_command.py", line 483, in task_run
    task_return_code = _run_task_by_selected_method(args, _dag, ti)
                       ^^^^^^^^^^^^^^^^^^^^^^^^^^^^^^^^^^^^^^^^^^^^
  File "/home/airflow/airflow/venv/lib/python3.12/site-packages/airflow/cli/commands/task_command.py", line 256, in _run_task_by_selected_method
    return _run_raw_task(args, ti)
           ^^^^^^^^^^^^^^^^^^^^^^^
  File "/home/airflow/airflow/venv/lib/python3.12/site-packages/airflow/cli/commands/task_command.py", line 341, in _run_raw_task
    return ti._run_raw_task(
           ^^^^^^^^^^^^^^^^^
  File "/home/airflow/airflow/venv/lib/python3.12/site-packages/airflow/utils/session.py", line 97, in wrapper
    return func(*args, session=session, **kwargs)
           ^^^^^^^^^^^^^^^^^^^^^^^^^^^^^^^^^^^^^^
  File "/home/airflow/airflow/venv/lib/python3.12/site-packages/airflow/models/taskinstance.py", line 3005, in _run_raw_task
    return _run_raw_task(
           ^^^^^^^^^^^^^^
  File "/home/airflow/airflow/venv/lib/python3.12/site-packages/airflow/models/taskinstance.py", line 273, in _run_raw_task
    TaskInstance._execute_task_with_callbacks(
  File "/home/airflow/airflow/venv/lib/python3.12/site-packages/airflow/models/taskinstance.py", line 3159, in _execute_task_with_callbacks
    result = self._execute_task(context, task_orig)
             ^^^^^^^^^^^^^^^^^^^^^^^^^^^^^^^^^^^^^^
  File "/home/airflow/airflow/venv/lib/python3.12/site-packages/airflow/models/taskinstance.py", line 3183, in _execute_task
    return _execute_task(self, context, task_orig)
           ^^^^^^^^^^^^^^^^^^^^^^^^^^^^^^^^^^^^^^^
  File "/home/airflow/airflow/venv/lib/python3.12/site-packages/airflow/models/taskinstance.py", line 767, in _execute_task
    result = _execute_callable(context=context, **execute_callable_kwargs)
             ^^^^^^^^^^^^^^^^^^^^^^^^^^^^^^^^^^^^^^^^^^^^^^^^^^^^^^^^^^^^^
  File "/home/airflow/airflow/venv/lib/python3.12/site-packages/airflow/models/taskinstance.py", line 733, in _execute_callable
    return ExecutionCallableRunner(
           ^^^^^^^^^^^^^^^^^^^^^^^^
  File "/home/airflow/airflow/venv/lib/python3.12/site-packages/airflow/utils/operator_helpers.py", line 252, in run
    return self.func(*args, **kwargs)
           ^^^^^^^^^^^^^^^^^^^^^^^^^^
  File "/home/airflow/airflow/venv/lib/python3.12/site-packages/airflow/models/baseoperator.py", line 422, in wrapper
    return func(self, *args, **kwargs)
           ^^^^^^^^^^^^^^^^^^^^^^^^^^^
  File "/home/airflow/airflow/venv/lib/python3.12/site-packages/airflow/operators/bash.py", line 276, in execute
    raise AirflowException(
airflow.exceptions.AirflowException: Bash command failed. The command returned a non-zero exit code 1.
[2026-04-12T09:52:25.264+0000] {local_task_job_runner.py:266} INFO - Task exited with return code 1
[2026-04-12T09:52:25.297+0000] {taskinstance.py:3895} INFO - 0 downstream tasks scheduled from follow-on schedule check
[2026-04-12T09:52:25.300+0000] {local_task_job_runner.py:245} INFO - ::endgroup::
