[2026-04-14T06:53:34.184+0000] {local_task_job_runner.py:123} INFO - ::group::Pre task execution logs
[2026-04-14T06:53:34.214+0000] {taskinstance.py:2613} INFO - Dependencies all met for dep_context=non-requeueable deps ti=<TaskInstance: predict_aqi.silver_to_gold scheduled__2026-04-14T05:00:00+00:00 [queued]>
[2026-04-14T06:53:34.232+0000] {taskinstance.py:2613} INFO - Dependencies all met for dep_context=requeueable deps ti=<TaskInstance: predict_aqi.silver_to_gold scheduled__2026-04-14T05:00:00+00:00 [queued]>
[2026-04-14T06:53:34.232+0000] {taskinstance.py:2866} INFO - Starting attempt 1 of 3
[2026-04-14T06:53:34.252+0000] {taskinstance.py:2889} INFO - Executing <Task(BashOperator): silver_to_gold> on 2026-04-14 05:00:00+00:00
[2026-04-14T06:53:34.259+0000] {standard_task_runner.py:104} INFO - Running: ['airflow', 'tasks', 'run', 'predict_aqi', 'silver_to_gold', 'scheduled__2026-04-14T05:00:00+00:00', '--job-id', '276', '--raw', '--subdir', 'DAGS_FOLDER/dag_ml.py', '--cfg-path', '/tmp/tmpcd4l5cdz']
[2026-04-14T06:53:34.261+0000] {standard_task_runner.py:105} INFO - Job 276: Subtask silver_to_gold
[2026-04-14T06:53:34.261+0000] {logging_mixin.py:190} WARNING - /home/airflow/airflow/venv/lib/python3.12/site-packages/airflow/task/task_runner/standard_task_runner.py:70 DeprecationWarning: This process (pid=6192) is multi-threaded, use of fork() may lead to deadlocks in the child.
[2026-04-14T06:53:34.263+0000] {standard_task_runner.py:72} INFO - Started process 6249 to run task
[2026-04-14T06:53:34.333+0000] {task_command.py:467} INFO - Running <TaskInstance: predict_aqi.silver_to_gold scheduled__2026-04-14T05:00:00+00:00 [running]> on host airflow
[2026-04-14T06:53:34.444+0000] {taskinstance.py:3132} INFO - Exporting env vars: AIRFLOW_CTX_DAG_OWNER='airflow' AIRFLOW_CTX_DAG_ID='predict_aqi' AIRFLOW_CTX_TASK_ID='silver_to_gold' AIRFLOW_CTX_EXECUTION_DATE='2026-04-14T05:00:00+00:00' AIRFLOW_CTX_TRY_NUMBER='1' AIRFLOW_CTX_DAG_RUN_ID='scheduled__2026-04-14T05:00:00+00:00'
[2026-04-14T06:53:34.446+0000] {taskinstance.py:731} INFO - ::endgroup::
[2026-04-14T06:53:34.471+0000] {subprocess.py:78} INFO - Tmp dir root location: /tmp
[2026-04-14T06:53:34.474+0000] {subprocess.py:88} INFO - Running command: ['/usr/bin/bash', '-c', '\n            docker exec spark-master spark-submit                 --packages org.apache.iceberg:iceberg-spark-runtime-4.0_2.13:1.10.1                 /home/spark/spark/spark_jobs/silver_to_gold.py 2026-04-14\n        ']
[2026-04-14T06:53:34.487+0000] {subprocess.py:99} INFO - Output:
[2026-04-14T06:53:35.148+0000] {subprocess.py:106} INFO - WARNING: Using incubator modules: jdk.incubator.vector
[2026-04-14T06:53:37.280+0000] {subprocess.py:106} INFO - :: loading settings :: url = jar:file:/home/spark/spark/jars/ivy-2.5.3.jar!/org/apache/ivy/core/settings/ivysettings.xml
[2026-04-14T06:53:37.449+0000] {subprocess.py:106} INFO - Ivy Default Cache set to: /home/spark/.ivy2.5.2/cache
[2026-04-14T06:53:37.451+0000] {subprocess.py:106} INFO - The jars for the packages stored in: /home/spark/.ivy2.5.2/jars
[2026-04-14T06:53:37.477+0000] {subprocess.py:106} INFO - org.apache.iceberg#iceberg-spark-runtime-4.0_2.13 added as a dependency
[2026-04-14T06:53:37.484+0000] {subprocess.py:106} INFO - :: resolving dependencies :: org.apache.spark#spark-submit-parent-2f9b2653-0b26-45c6-93d4-84348ea05f4e;1.0
[2026-04-14T06:53:37.488+0000] {subprocess.py:106} INFO - 	confs: [default]
[2026-04-14T06:53:37.773+0000] {subprocess.py:106} INFO - 	found org.apache.iceberg#iceberg-spark-runtime-4.0_2.13;1.10.1 in spark-list
[2026-04-14T06:53:37.823+0000] {subprocess.py:106} INFO - :: resolution report :: resolve 328ms :: artifacts dl 13ms
[2026-04-14T06:53:37.824+0000] {subprocess.py:106} INFO - 	:: modules in use:
[2026-04-14T06:53:37.825+0000] {subprocess.py:106} INFO - 	org.apache.iceberg#iceberg-spark-runtime-4.0_2.13;1.10.1 from spark-list in [default]
[2026-04-14T06:53:37.826+0000] {subprocess.py:106} INFO - 	---------------------------------------------------------------------
[2026-04-14T06:53:37.826+0000] {subprocess.py:106} INFO - 	|                  |            modules            ||   artifacts   |
[2026-04-14T06:53:37.827+0000] {subprocess.py:106} INFO - 	|       conf       | number| search|dwnlded|evicted|| number|dwnlded|
[2026-04-14T06:53:37.828+0000] {subprocess.py:106} INFO - 	---------------------------------------------------------------------
[2026-04-14T06:53:37.828+0000] {subprocess.py:106} INFO - 	|      default     |   1   |   0   |   0   |   0   ||   1   |   0   |
[2026-04-14T06:53:37.829+0000] {subprocess.py:106} INFO - 	---------------------------------------------------------------------
[2026-04-14T06:53:37.832+0000] {subprocess.py:106} INFO - :: retrieving :: org.apache.spark#spark-submit-parent-2f9b2653-0b26-45c6-93d4-84348ea05f4e
[2026-04-14T06:53:37.833+0000] {subprocess.py:106} INFO - 	confs: [default]
[2026-04-14T06:53:37.846+0000] {subprocess.py:106} INFO - 	0 artifacts copied, 1 already retrieved (0kB/11ms)
[2026-04-14T06:53:38.650+0000] {subprocess.py:106} INFO - 26/04/14 06:53:38 WARN NativeCodeLoader: Unable to load native-hadoop library for your platform... using builtin-java classes where applicable
[2026-04-14T06:53:41.521+0000] {subprocess.py:106} INFO - Using Spark's default log4j profile: org/apache/spark/log4j2-defaults.properties
[2026-04-14T06:53:41.532+0000] {subprocess.py:106} INFO - 26/04/14 06:53:41 INFO SparkContext: Running Spark version 4.0.2
[2026-04-14T06:53:41.537+0000] {subprocess.py:106} INFO - 26/04/14 06:53:41 INFO SparkContext: OS info Linux, 6.6.87.2-microsoft-standard-WSL2, amd64
[2026-04-14T06:53:41.540+0000] {subprocess.py:106} INFO - 26/04/14 06:53:41 INFO SparkContext: Java version 21.0.10
[2026-04-14T06:53:41.577+0000] {subprocess.py:106} INFO - 26/04/14 06:53:41 INFO ResourceUtils: ==============================================================
[2026-04-14T06:53:41.578+0000] {subprocess.py:106} INFO - 26/04/14 06:53:41 INFO ResourceUtils: No custom resources configured for spark.driver.
[2026-04-14T06:53:41.579+0000] {subprocess.py:106} INFO - 26/04/14 06:53:41 INFO ResourceUtils: ==============================================================
[2026-04-14T06:53:41.581+0000] {subprocess.py:106} INFO - 26/04/14 06:53:41 INFO SparkContext: Submitted application: Silver_to_Gold
[2026-04-14T06:53:41.634+0000] {subprocess.py:106} INFO - 26/04/14 06:53:41 INFO ResourceProfile: Default ResourceProfile created, executor resources: Map(cores -> name: cores, amount: 2, script: , vendor: , memory -> name: memory, amount: 2048, script: , vendor: , offHeap -> name: offHeap, amount: 0, script: , vendor: ), task resources: Map(cpus -> name: cpus, amount: 1.0)
[2026-04-14T06:53:41.646+0000] {subprocess.py:106} INFO - 26/04/14 06:53:41 INFO ResourceProfile: Limiting resource is cpus at 2 tasks per executor
[2026-04-14T06:53:41.650+0000] {subprocess.py:106} INFO - 26/04/14 06:53:41 INFO ResourceProfileManager: Added ResourceProfile id: 0
[2026-04-14T06:53:41.728+0000] {subprocess.py:106} INFO - 26/04/14 06:53:41 INFO SecurityManager: Changing view acls to: spark
[2026-04-14T06:53:41.729+0000] {subprocess.py:106} INFO - 26/04/14 06:53:41 INFO SecurityManager: Changing modify acls to: spark
[2026-04-14T06:53:41.729+0000] {subprocess.py:106} INFO - 26/04/14 06:53:41 INFO SecurityManager: Changing view acls groups to: spark
[2026-04-14T06:53:41.730+0000] {subprocess.py:106} INFO - 26/04/14 06:53:41 INFO SecurityManager: Changing modify acls groups to: spark
[2026-04-14T06:53:41.736+0000] {subprocess.py:106} INFO - 26/04/14 06:53:41 INFO SecurityManager: SecurityManager: authentication disabled; ui acls disabled; users with view permissions: spark groups with view permissions: EMPTY; users with modify permissions: spark; groups with modify permissions: EMPTY; RPC SSL disabled
[2026-04-14T06:53:42.159+0000] {subprocess.py:106} INFO - 26/04/14 06:53:42 INFO Utils: Successfully started service 'sparkDriver' on port 43417.
[2026-04-14T06:53:42.199+0000] {subprocess.py:106} INFO - 26/04/14 06:53:42 INFO SparkEnv: Registering MapOutputTracker
[2026-04-14T06:53:42.214+0000] {subprocess.py:106} INFO - 26/04/14 06:53:42 INFO SparkEnv: Registering BlockManagerMaster
[2026-04-14T06:53:42.230+0000] {subprocess.py:106} INFO - 26/04/14 06:53:42 INFO BlockManagerMasterEndpoint: Using org.apache.spark.storage.DefaultTopologyMapper for getting topology information
[2026-04-14T06:53:42.231+0000] {subprocess.py:106} INFO - 26/04/14 06:53:42 INFO BlockManagerMasterEndpoint: BlockManagerMasterEndpoint up
[2026-04-14T06:53:42.237+0000] {subprocess.py:106} INFO - 26/04/14 06:53:42 INFO SparkEnv: Registering BlockManagerMasterHeartbeat
[2026-04-14T06:53:42.272+0000] {subprocess.py:106} INFO - 26/04/14 06:53:42 INFO DiskBlockManager: Created local directory at /tmp/blockmgr-07876ae5-4ba9-4f0e-b201-aa9a340ed606
[2026-04-14T06:53:42.306+0000] {subprocess.py:106} INFO - 26/04/14 06:53:42 INFO SparkEnv: Registering OutputCommitCoordinator
[2026-04-14T06:53:42.512+0000] {subprocess.py:106} INFO - 26/04/14 06:53:42 INFO JettyUtils: Start Jetty 0.0.0.0:4040 for SparkUI
[2026-04-14T06:53:42.651+0000] {subprocess.py:106} INFO - 26/04/14 06:53:42 INFO Utils: Successfully started service 'SparkUI' on port 4040.
[2026-04-14T06:53:42.704+0000] {subprocess.py:106} INFO - 26/04/14 06:53:42 INFO SparkContext: Added JAR file:///home/spark/.ivy2.5.2/jars/org.apache.iceberg_iceberg-spark-runtime-4.0_2.13-1.10.1.jar at spark://spark-master:43417/jars/org.apache.iceberg_iceberg-spark-runtime-4.0_2.13-1.10.1.jar with timestamp 1776149621503
[2026-04-14T06:53:42.708+0000] {subprocess.py:106} INFO - 26/04/14 06:53:42 INFO SparkContext: Added file file:///home/spark/.ivy2.5.2/jars/org.apache.iceberg_iceberg-spark-runtime-4.0_2.13-1.10.1.jar at file:///home/spark/.ivy2.5.2/jars/org.apache.iceberg_iceberg-spark-runtime-4.0_2.13-1.10.1.jar with timestamp 1776149621503
[2026-04-14T06:53:42.711+0000] {subprocess.py:106} INFO - 26/04/14 06:53:42 INFO Utils: Copying /home/spark/.ivy2.5.2/jars/org.apache.iceberg_iceberg-spark-runtime-4.0_2.13-1.10.1.jar to /tmp/spark-f9c267e6-784b-44c2-8f2e-b2800b6954cd/userFiles-9ce4e7c9-b063-4d90-8bce-015ccd9bd84c/org.apache.iceberg_iceberg-spark-runtime-4.0_2.13-1.10.1.jar
[2026-04-14T06:53:43.622+0000] {subprocess.py:106} INFO - 26/04/14 06:53:43 INFO SecurityManager: Changing view acls to: spark
[2026-04-14T06:53:43.625+0000] {subprocess.py:106} INFO - 26/04/14 06:53:43 INFO SecurityManager: Changing modify acls to: spark
[2026-04-14T06:53:43.627+0000] {subprocess.py:106} INFO - 26/04/14 06:53:43 INFO SecurityManager: Changing view acls groups to: spark
[2026-04-14T06:53:43.629+0000] {subprocess.py:106} INFO - 26/04/14 06:53:43 INFO SecurityManager: Changing modify acls groups to: spark
[2026-04-14T06:53:43.630+0000] {subprocess.py:106} INFO - 26/04/14 06:53:43 INFO SecurityManager: SecurityManager: authentication disabled; ui acls disabled; users with view permissions: spark groups with view permissions: EMPTY; users with modify permissions: spark; groups with modify permissions: EMPTY; RPC SSL disabled
[2026-04-14T06:53:44.190+0000] {subprocess.py:106} INFO - 26/04/14 06:53:44 INFO Executor: Starting executor ID driver on host spark-master
[2026-04-14T06:53:44.192+0000] {subprocess.py:106} INFO - 26/04/14 06:53:44 INFO Executor: OS info Linux, 6.6.87.2-microsoft-standard-WSL2, amd64
[2026-04-14T06:53:44.196+0000] {subprocess.py:106} INFO - 26/04/14 06:53:44 INFO Executor: Java version 21.0.10
[2026-04-14T06:53:44.243+0000] {subprocess.py:106} INFO - 26/04/14 06:53:44 INFO Executor: Starting executor with user classpath (userClassPathFirst = false): ''
[2026-04-14T06:53:44.250+0000] {subprocess.py:106} INFO - 26/04/14 06:53:44 INFO Executor: Created or updated repl class loader org.apache.spark.util.MutableURLClassLoader@7065b650 for default.
[2026-04-14T06:53:44.280+0000] {subprocess.py:106} INFO - 26/04/14 06:53:44 INFO Executor: Fetching file:///home/spark/.ivy2.5.2/jars/org.apache.iceberg_iceberg-spark-runtime-4.0_2.13-1.10.1.jar with timestamp 1776149621503
[2026-04-14T06:53:44.380+0000] {subprocess.py:106} INFO - 26/04/14 06:53:44 INFO Utils: /home/spark/.ivy2.5.2/jars/org.apache.iceberg_iceberg-spark-runtime-4.0_2.13-1.10.1.jar has been previously copied to /tmp/spark-f9c267e6-784b-44c2-8f2e-b2800b6954cd/userFiles-9ce4e7c9-b063-4d90-8bce-015ccd9bd84c/org.apache.iceberg_iceberg-spark-runtime-4.0_2.13-1.10.1.jar
[2026-04-14T06:53:44.408+0000] {subprocess.py:106} INFO - 26/04/14 06:53:44 INFO Executor: Fetching spark://spark-master:43417/jars/org.apache.iceberg_iceberg-spark-runtime-4.0_2.13-1.10.1.jar with timestamp 1776149621503
[2026-04-14T06:53:44.546+0000] {subprocess.py:106} INFO - 26/04/14 06:53:44 INFO TransportClientFactory: Successfully created connection to spark-master/172.20.0.5:43417 after 89 ms (0 ms spent in bootstraps)
[2026-04-14T06:53:44.558+0000] {subprocess.py:106} INFO - 26/04/14 06:53:44 INFO Utils: Fetching spark://spark-master:43417/jars/org.apache.iceberg_iceberg-spark-runtime-4.0_2.13-1.10.1.jar to /tmp/spark-f9c267e6-784b-44c2-8f2e-b2800b6954cd/userFiles-9ce4e7c9-b063-4d90-8bce-015ccd9bd84c/fetchFileTemp6075023713397101259.tmp
[2026-04-14T06:53:45.157+0000] {subprocess.py:106} INFO - 26/04/14 06:53:45 INFO Utils: /tmp/spark-f9c267e6-784b-44c2-8f2e-b2800b6954cd/userFiles-9ce4e7c9-b063-4d90-8bce-015ccd9bd84c/fetchFileTemp6075023713397101259.tmp has been previously copied to /tmp/spark-f9c267e6-784b-44c2-8f2e-b2800b6954cd/userFiles-9ce4e7c9-b063-4d90-8bce-015ccd9bd84c/org.apache.iceberg_iceberg-spark-runtime-4.0_2.13-1.10.1.jar
[2026-04-14T06:53:45.181+0000] {subprocess.py:106} INFO - 26/04/14 06:53:45 INFO Executor: Adding file:/tmp/spark-f9c267e6-784b-44c2-8f2e-b2800b6954cd/userFiles-9ce4e7c9-b063-4d90-8bce-015ccd9bd84c/org.apache.iceberg_iceberg-spark-runtime-4.0_2.13-1.10.1.jar to class loader default
[2026-04-14T06:53:45.199+0000] {subprocess.py:106} INFO - 26/04/14 06:53:45 INFO Utils: Successfully started service 'org.apache.spark.network.netty.NettyBlockTransferService' on port 35609.
[2026-04-14T06:53:45.200+0000] {subprocess.py:106} INFO - 26/04/14 06:53:45 INFO NettyBlockTransferService: Server created on spark-master:35609
[2026-04-14T06:53:45.203+0000] {subprocess.py:106} INFO - 26/04/14 06:53:45 INFO BlockManager: Using org.apache.spark.storage.RandomBlockReplicationPolicy for block replication policy
[2026-04-14T06:53:45.240+0000] {subprocess.py:106} INFO - 26/04/14 06:53:45 INFO BlockManagerMaster: Registering BlockManager BlockManagerId(driver, spark-master, 35609, None)
[2026-04-14T06:53:45.257+0000] {subprocess.py:106} INFO - 26/04/14 06:53:45 INFO BlockManagerMasterEndpoint: Registering block manager spark-master:35609 with 1048.8 MiB RAM, BlockManagerId(driver, spark-master, 35609, None)
[2026-04-14T06:53:45.263+0000] {subprocess.py:106} INFO - 26/04/14 06:53:45 INFO BlockManagerMaster: Registered BlockManager BlockManagerId(driver, spark-master, 35609, None)
[2026-04-14T06:53:45.265+0000] {subprocess.py:106} INFO - 26/04/14 06:53:45 INFO BlockManager: Initialized BlockManager: BlockManagerId(driver, spark-master, 35609, None)
[2026-04-14T06:53:51.287+0000] {subprocess.py:106} INFO - Đọc dữ liệu Silver từ iceberg.air_quality_db.air_quality_silver
[2026-04-14T06:53:51.334+0000] {subprocess.py:106} INFO - 26/04/14 06:53:51 INFO SharedState: spark.sql.warehouse.dir is not set, but hive.metastore.warehouse.dir is set. Setting spark.sql.warehouse.dir to the value of hive.metastore.warehouse.dir.
[2026-04-14T06:53:52.649+0000] {subprocess.py:106} INFO - 26/04/14 06:53:52 INFO SharedState: Warehouse path is 'hdfs://23133083thuyvan-master:9000/user/hive/lakehouse'.
[2026-04-14T06:53:56.087+0000] {subprocess.py:106} INFO - 26/04/14 06:53:56 INFO CatalogUtil: Loading custom FileIO implementation: org.apache.iceberg.hadoop.HadoopFileIO
[2026-04-14T06:53:56.352+0000] {subprocess.py:106} INFO - 26/04/14 06:53:56 INFO HiveConf: Found configuration file file:/home/spark/spark/conf/hive-site.xml
[2026-04-14T06:53:56.800+0000] {subprocess.py:106} INFO - 26/04/14 06:53:56 INFO metastore: Trying to connect to metastore with URI thrift://23133083thuyvan-master:9083
[2026-04-14T06:53:56.881+0000] {subprocess.py:106} INFO - 26/04/14 06:53:56 INFO metastore: Opened a connection to metastore, current connections: 1
[2026-04-14T06:53:57.522+0000] {subprocess.py:106} INFO - 26/04/14 06:53:57 INFO metastore: Connected to metastore.
[2026-04-14T06:53:59.032+0000] {subprocess.py:106} INFO - 26/04/14 06:53:59 INFO BaseMetastoreTableOperations: Refreshing table metadata from new version: hdfs://23133083thuyvan-master:9000/user/hive/lakehouse/silver/air_quality_silver/metadata/00003-8e71d277-3336-4b24-8390-00b46931a63f.metadata.json
[2026-04-14T06:54:01.270+0000] {subprocess.py:106} INFO - 26/04/14 06:54:01 INFO BaseMetastoreCatalog: Table loaded by catalog: iceberg.air_quality_db.air_quality_silver
[2026-04-14T06:54:05.407+0000] {subprocess.py:106} INFO - 26/04/14 06:54:05 INFO BaseMetastoreTableOperations: Refreshing table metadata from new version: hdfs://23133083thuyvan-master:9000/user/hive/lakehouse/gold/ml/air_quality_gold/metadata/00009-08273f9d-4ce1-4fcb-b49f-82dff3c82b50.metadata.json
[2026-04-14T06:54:05.790+0000] {subprocess.py:106} INFO - 26/04/14 06:54:05 INFO BaseMetastoreCatalog: Table loaded by catalog: iceberg.air_quality_ml.air_quality_gold
[2026-04-14T06:54:06.006+0000] {subprocess.py:106} INFO - Bảng đã tồn tại, append dữ liệu vào iceberg.air_quality_ml.air_quality_gold
[2026-04-14T06:54:07.154+0000] {subprocess.py:106} INFO - 26/04/14 06:54:07 INFO V2ScanRelationPushDown:
[2026-04-14T06:54:07.164+0000] {subprocess.py:106} INFO - Output: timestamp#0, us_aqi_index#19, pm10#21, pm2_5#22, carbon_monoxide#23, nitrogen_dioxide#24, sulphur_dioxide#25, ozone#26
[2026-04-14T06:54:07.166+0000] {subprocess.py:106} INFO - 
[2026-04-14T06:54:07.200+0000] {subprocess.py:106} INFO - 26/04/14 06:54:07 INFO SnapshotScan: Scanning table iceberg.air_quality_db.air_quality_silver snapshot 4518274335865062319 created at 2026-04-13T11:48:03.562+00:00 with filter true
[2026-04-14T06:54:08.325+0000] {subprocess.py:106} INFO - 26/04/14 06:54:08 INFO BaseDistributedDataScan: Planning file tasks locally for table iceberg.air_quality_db.air_quality_silver
[2026-04-14T06:54:10.048+0000] {subprocess.py:106} INFO - 26/04/14 06:54:10 INFO SparkPartitioningAwareScan: Reporting UnknownPartitioning with 15 partition(s) for table iceberg.air_quality_db.air_quality_silver
[2026-04-14T06:54:10.958+0000] {subprocess.py:106} INFO - 26/04/14 06:54:10 INFO MemoryStore: MemoryStore started with capacity 1048.8 MiB
[2026-04-14T06:54:11.482+0000] {subprocess.py:106} INFO - 26/04/14 06:54:11 INFO MemoryStore: Block broadcast_0 stored as values in memory (estimated size 32.0 KiB, free 1048.8 MiB)
[2026-04-14T06:54:12.587+0000] {subprocess.py:106} INFO - 26/04/14 06:54:12 INFO MemoryStore: Block broadcast_0_piece0 stored as bytes in memory (estimated size 34.8 KiB, free 1048.7 MiB)
[2026-04-14T06:54:12.667+0000] {subprocess.py:106} INFO - 26/04/14 06:54:12 INFO SparkContext: Created broadcast 0 from broadcast at SparkBatch.java:87
[2026-04-14T06:54:13.091+0000] {subprocess.py:106} INFO - 26/04/14 06:54:13 INFO MemoryStore: Block broadcast_1 stored as values in memory (estimated size 32.0 KiB, free 1048.7 MiB)
[2026-04-14T06:54:13.292+0000] {subprocess.py:106} INFO - 26/04/14 06:54:13 INFO MemoryStore: Block broadcast_1_piece0 stored as bytes in memory (estimated size 34.9 KiB, free 1048.7 MiB)
[2026-04-14T06:54:13.298+0000] {subprocess.py:106} INFO - 26/04/14 06:54:13 INFO SparkContext: Created broadcast 1 from broadcast at SparkBatch.java:87
[2026-04-14T06:54:18.332+0000] {subprocess.py:106} INFO - 26/04/14 06:54:18 INFO CodeGenerator: Code generated in 1887.971173 ms
[2026-04-14T06:54:18.935+0000] {subprocess.py:106} INFO - 26/04/14 06:54:18 INFO MemoryStore: Block broadcast_2 stored as values in memory (estimated size 32.0 KiB, free 1048.6 MiB)
[2026-04-14T06:54:18.983+0000] {subprocess.py:106} INFO - 26/04/14 06:54:18 INFO MemoryStore: Block broadcast_2_piece0 stored as bytes in memory (estimated size 34.4 KiB, free 1048.6 MiB)
[2026-04-14T06:54:18.989+0000] {subprocess.py:106} INFO - 26/04/14 06:54:18 INFO SparkContext: Created broadcast 2 from broadcast at SparkWrite.java:198
[2026-04-14T06:54:19.017+0000] {subprocess.py:106} INFO - 26/04/14 06:54:19 INFO AppendDataExec: Start processing data source write support: IcebergBatchWrite(table=iceberg.air_quality_ml.air_quality_gold, format=PARQUET). The input RDD has 15} partitions.
[2026-04-14T06:54:19.093+0000] {subprocess.py:106} INFO - 26/04/14 06:54:19 INFO SparkContext: Starting job: append at NativeMethodAccessorImpl.java:0
[2026-04-14T06:54:19.180+0000] {subprocess.py:106} INFO - 26/04/14 06:54:19 INFO DAGScheduler: Got job 0 (append at NativeMethodAccessorImpl.java:0) with 15 output partitions
[2026-04-14T06:54:19.198+0000] {subprocess.py:106} INFO - 26/04/14 06:54:19 INFO DAGScheduler: Final stage: ResultStage 0 (append at NativeMethodAccessorImpl.java:0)
[2026-04-14T06:54:19.199+0000] {subprocess.py:106} INFO - 26/04/14 06:54:19 INFO DAGScheduler: Parents of final stage: List()
[2026-04-14T06:54:19.203+0000] {subprocess.py:106} INFO - 26/04/14 06:54:19 INFO DAGScheduler: Missing parents: List()
[2026-04-14T06:54:19.217+0000] {subprocess.py:106} INFO - 26/04/14 06:54:19 INFO DAGScheduler: Submitting ResultStage 0 (MapPartitionsRDD[2] at append at NativeMethodAccessorImpl.java:0), which has no missing parents
[2026-04-14T06:54:19.466+0000] {subprocess.py:106} INFO - 26/04/14 06:54:19 INFO MemoryStore: Block broadcast_3 stored as values in memory (estimated size 22.5 KiB, free 1048.6 MiB)
[2026-04-14T06:54:19.487+0000] {subprocess.py:106} INFO - 26/04/14 06:54:19 INFO MemoryStore: Block broadcast_3_piece0 stored as bytes in memory (estimated size 8.5 KiB, free 1048.6 MiB)
[2026-04-14T06:54:19.490+0000] {subprocess.py:106} INFO - 26/04/14 06:54:19 INFO SparkContext: Created broadcast 3 from broadcast at DAGScheduler.scala:1676
[2026-04-14T06:54:19.556+0000] {subprocess.py:106} INFO - 26/04/14 06:54:19 INFO DAGScheduler: Submitting 15 missing tasks from ResultStage 0 (MapPartitionsRDD[2] at append at NativeMethodAccessorImpl.java:0) (first 15 tasks are for partitions Vector(0, 1, 2, 3, 4, 5, 6, 7, 8, 9, 10, 11, 12, 13, 14))
[2026-04-14T06:54:19.571+0000] {subprocess.py:106} INFO - 26/04/14 06:54:19 INFO TaskSchedulerImpl: Adding task set 0.0 with 15 tasks resource profile 0
[2026-04-14T06:54:19.751+0000] {subprocess.py:106} INFO - 26/04/14 06:54:19 INFO TaskSetManager: Starting task 0.0 in stage 0.0 (TID 0) (spark-master,executor driver, partition 0, ANY, 20909 bytes)
[2026-04-14T06:54:19.768+0000] {subprocess.py:106} INFO - 26/04/14 06:54:19 INFO TaskSetManager: Starting task 1.0 in stage 0.0 (TID 1) (spark-master,executor driver, partition 1, ANY, 20474 bytes)
[2026-04-14T06:54:19.771+0000] {subprocess.py:106} INFO - 26/04/14 06:54:19 INFO TaskSetManager: Starting task 2.0 in stage 0.0 (TID 2) (spark-master,executor driver, partition 2, ANY, 20464 bytes)
[2026-04-14T06:54:19.772+0000] {subprocess.py:106} INFO - 26/04/14 06:54:19 INFO TaskSetManager: Starting task 3.0 in stage 0.0 (TID 3) (spark-master,executor driver, partition 3, ANY, 20461 bytes)
[2026-04-14T06:54:19.774+0000] {subprocess.py:106} INFO - 26/04/14 06:54:19 INFO TaskSetManager: Starting task 4.0 in stage 0.0 (TID 4) (spark-master,executor driver, partition 4, ANY, 20006 bytes)
[2026-04-14T06:54:19.778+0000] {subprocess.py:106} INFO - 26/04/14 06:54:19 INFO TaskSetManager: Starting task 5.0 in stage 0.0 (TID 5) (spark-master,executor driver, partition 5, ANY, 20000 bytes)
[2026-04-14T06:54:19.786+0000] {subprocess.py:106} INFO - 26/04/14 06:54:19 INFO TaskSetManager: Starting task 6.0 in stage 0.0 (TID 6) (spark-master,executor driver, partition 6, ANY, 20460 bytes)
[2026-04-14T06:54:19.789+0000] {subprocess.py:106} INFO - 26/04/14 06:54:19 INFO TaskSetManager: Starting task 7.0 in stage 0.0 (TID 7) (spark-master,executor driver, partition 7, ANY, 20914 bytes)
[2026-04-14T06:54:19.793+0000] {subprocess.py:106} INFO - 26/04/14 06:54:19 INFO TaskSetManager: Starting task 8.0 in stage 0.0 (TID 8) (spark-master,executor driver, partition 8, ANY, 20460 bytes)
[2026-04-14T06:54:19.794+0000] {subprocess.py:106} INFO - 26/04/14 06:54:19 INFO TaskSetManager: Starting task 9.0 in stage 0.0 (TID 9) (spark-master,executor driver, partition 9, ANY, 20473 bytes)
[2026-04-14T06:54:19.798+0000] {subprocess.py:106} INFO - 26/04/14 06:54:19 INFO TaskSetManager: Starting task 10.0 in stage 0.0 (TID 10) (spark-master,executor driver, partition 10, ANY, 20469 bytes)
[2026-04-14T06:54:19.800+0000] {subprocess.py:106} INFO - 26/04/14 06:54:19 INFO TaskSetManager: Starting task 11.0 in stage 0.0 (TID 11) (spark-master,executor driver, partition 11, ANY, 20469 bytes)
[2026-04-14T06:54:19.803+0000] {subprocess.py:106} INFO - 26/04/14 06:54:19 INFO TaskSetManager: Starting task 12.0 in stage 0.0 (TID 12) (spark-master,executor driver, partition 12, ANY, 20459 bytes)
[2026-04-14T06:54:19.810+0000] {subprocess.py:106} INFO - 26/04/14 06:54:19 INFO TaskSetManager: Starting task 13.0 in stage 0.0 (TID 13) (spark-master,executor driver, partition 13, ANY, 20471 bytes)
[2026-04-14T06:54:19.811+0000] {subprocess.py:106} INFO - 26/04/14 06:54:19 INFO TaskSetManager: Starting task 14.0 in stage 0.0 (TID 14) (spark-master,executor driver, partition 14, ANY, 20444 bytes)
[2026-04-14T06:54:19.874+0000] {subprocess.py:106} INFO - 26/04/14 06:54:19 INFO Executor: Running task 10.0 in stage 0.0 (TID 10)
[2026-04-14T06:54:19.877+0000] {subprocess.py:106} INFO - 26/04/14 06:54:19 INFO Executor: Running task 1.0 in stage 0.0 (TID 1)
[2026-04-14T06:54:19.878+0000] {subprocess.py:106} INFO - 26/04/14 06:54:19 INFO Executor: Running task 5.0 in stage 0.0 (TID 5)
[2026-04-14T06:54:19.879+0000] {subprocess.py:106} INFO - 26/04/14 06:54:19 INFO Executor: Running task 6.0 in stage 0.0 (TID 6)
[2026-04-14T06:54:19.880+0000] {subprocess.py:106} INFO - 26/04/14 06:54:19 INFO Executor: Running task 8.0 in stage 0.0 (TID 8)
[2026-04-14T06:54:19.880+0000] {subprocess.py:106} INFO - 26/04/14 06:54:19 INFO Executor: Running task 3.0 in stage 0.0 (TID 3)
[2026-04-14T06:54:19.881+0000] {subprocess.py:106} INFO - 26/04/14 06:54:19 INFO Executor: Running task 7.0 in stage 0.0 (TID 7)
[2026-04-14T06:54:19.885+0000] {subprocess.py:106} INFO - 26/04/14 06:54:19 INFO Executor: Running task 11.0 in stage 0.0 (TID 11)
[2026-04-14T06:54:19.885+0000] {subprocess.py:106} INFO - 26/04/14 06:54:19 INFO Executor: Running task 13.0 in stage 0.0 (TID 13)
[2026-04-14T06:54:19.886+0000] {subprocess.py:106} INFO - 26/04/14 06:54:19 INFO Executor: Running task 4.0 in stage 0.0 (TID 4)
[2026-04-14T06:54:19.887+0000] {subprocess.py:106} INFO - 26/04/14 06:54:19 INFO Executor: Running task 14.0 in stage 0.0 (TID 14)
[2026-04-14T06:54:19.888+0000] {subprocess.py:106} INFO - 26/04/14 06:54:19 INFO Executor: Running task 2.0 in stage 0.0 (TID 2)
[2026-04-14T06:54:19.889+0000] {subprocess.py:106} INFO - 26/04/14 06:54:19 INFO Executor: Running task 12.0 in stage 0.0 (TID 12)
[2026-04-14T06:54:19.889+0000] {subprocess.py:106} INFO - 26/04/14 06:54:19 INFO Executor: Running task 9.0 in stage 0.0 (TID 9)
[2026-04-14T06:54:19.890+0000] {subprocess.py:106} INFO - 26/04/14 06:54:19 INFO Executor: Running task 0.0 in stage 0.0 (TID 0)
[2026-04-14T06:54:20.444+0000] {subprocess.py:106} INFO - 26/04/14 06:54:20 INFO CodeGenerator: Code generated in 186.669982 ms
[2026-04-14T06:54:20.923+0000] {subprocess.py:106} INFO - 26/04/14 06:54:20 INFO CodecPool: Got brand-new compressor [.zstd]
[2026-04-14T06:54:20.924+0000] {subprocess.py:106} INFO - 26/04/14 06:54:20 INFO CodecPool: Got brand-new compressor [.zstd]
[2026-04-14T06:54:20.935+0000] {subprocess.py:106} INFO - 26/04/14 06:54:20 INFO CodecPool: Got brand-new compressor [.zstd]
[2026-04-14T06:54:20.939+0000] {subprocess.py:106} INFO - 26/04/14 06:54:20 INFO CodecPool: Got brand-new compressor [.zstd]
[2026-04-14T06:54:20.941+0000] {subprocess.py:106} INFO - 26/04/14 06:54:20 INFO CodecPool: Got brand-new compressor [.zstd]
[2026-04-14T06:54:20.944+0000] {subprocess.py:106} INFO - 26/04/14 06:54:20 INFO CodecPool: Got brand-new compressor [.zstd]
[2026-04-14T06:54:20.946+0000] {subprocess.py:106} INFO - 26/04/14 06:54:20 INFO CodecPool: Got brand-new compressor [.zstd]
[2026-04-14T06:54:20.949+0000] {subprocess.py:106} INFO - 26/04/14 06:54:20 INFO CodecPool: Got brand-new compressor [.zstd]
[2026-04-14T06:54:20.951+0000] {subprocess.py:106} INFO - 26/04/14 06:54:20 INFO CodecPool: Got brand-new compressor [.zstd]
[2026-04-14T06:54:20.951+0000] {subprocess.py:106} INFO - 26/04/14 06:54:20 INFO CodecPool: Got brand-new compressor [.zstd]
[2026-04-14T06:54:20.952+0000] {subprocess.py:106} INFO - 26/04/14 06:54:20 INFO CodecPool: Got brand-new compressor [.zstd]
[2026-04-14T06:54:20.954+0000] {subprocess.py:106} INFO - 26/04/14 06:54:20 INFO CodecPool: Got brand-new compressor [.zstd]
[2026-04-14T06:54:20.955+0000] {subprocess.py:106} INFO - 26/04/14 06:54:20 INFO CodecPool: Got brand-new compressor [.zstd]
[2026-04-14T06:54:20.956+0000] {subprocess.py:106} INFO - 26/04/14 06:54:20 INFO CodecPool: Got brand-new compressor [.zstd]
[2026-04-14T06:54:20.957+0000] {subprocess.py:106} INFO - 26/04/14 06:54:20 INFO CodecPool: Got brand-new compressor [.zstd]
[2026-04-14T06:54:22.657+0000] {subprocess.py:106} INFO - 26/04/14 06:54:22 INFO VectorizedSparkParquetReaders: Enabling arrow.enable_unsafe_memory_access
[2026-04-14T06:54:22.658+0000] {subprocess.py:106} INFO - 26/04/14 06:54:22 INFO VectorizedSparkParquetReaders: Disabling arrow.enable_null_check_for_get
[2026-04-14T06:54:22.668+0000] {subprocess.py:106} INFO - 26/04/14 06:54:22 INFO BaseAllocator: Debug mode disabled. Enable with the VM option -Darrow.memory.debug.allocator=true.
[2026-04-14T06:54:22.675+0000] {subprocess.py:106} INFO - 26/04/14 06:54:22 INFO DefaultAllocationManagerOption: allocation manager type not specified, using netty as the default type
[2026-04-14T06:54:22.682+0000] {subprocess.py:106} INFO - 26/04/14 06:54:22 INFO CheckAllocator: Using DefaultAllocationManager at memory/DefaultAllocationManagerFactory.class
[2026-04-14T06:54:23.036+0000] {subprocess.py:106} INFO - 26/04/14 06:54:23 INFO CodecPool: Got brand-new decompressor [.zstd]
[2026-04-14T06:54:23.037+0000] {subprocess.py:106} INFO - 26/04/14 06:54:23 INFO CodecPool: Got brand-new decompressor [.zstd]
[2026-04-14T06:54:23.037+0000] {subprocess.py:106} INFO - 26/04/14 06:54:23 INFO CodecPool: Got brand-new decompressor [.zstd]
[2026-04-14T06:54:23.038+0000] {subprocess.py:106} INFO - 26/04/14 06:54:23 INFO CodecPool: Got brand-new decompressor [.zstd]
[2026-04-14T06:54:23.039+0000] {subprocess.py:106} INFO - 26/04/14 06:54:23 INFO CodecPool: Got brand-new decompressor [.zstd]
[2026-04-14T06:54:23.040+0000] {subprocess.py:106} INFO - 26/04/14 06:54:23 INFO CodecPool: Got brand-new decompressor [.zstd]
[2026-04-14T06:54:23.041+0000] {subprocess.py:106} INFO - 26/04/14 06:54:23 INFO CodecPool: Got brand-new decompressor [.zstd]
[2026-04-14T06:54:23.041+0000] {subprocess.py:106} INFO - 26/04/14 06:54:23 INFO CodecPool: Got brand-new decompressor [.zstd]
[2026-04-14T06:54:23.042+0000] {subprocess.py:106} INFO - 26/04/14 06:54:23 INFO CodecPool: Got brand-new decompressor [.zstd]
[2026-04-14T06:54:23.043+0000] {subprocess.py:106} INFO - 26/04/14 06:54:23 INFO CodecPool: Got brand-new decompressor [.zstd]
[2026-04-14T06:54:23.044+0000] {subprocess.py:106} INFO - 26/04/14 06:54:23 INFO CodecPool: Got brand-new decompressor [.zstd]
[2026-04-14T06:54:23.045+0000] {subprocess.py:106} INFO - 26/04/14 06:54:23 INFO CodecPool: Got brand-new decompressor [.zstd]
[2026-04-14T06:54:23.051+0000] {subprocess.py:106} INFO - 26/04/14 06:54:23 INFO CodecPool: Got brand-new decompressor [.zstd]
[2026-04-14T06:54:23.051+0000] {subprocess.py:106} INFO - 26/04/14 06:54:23 INFO CodecPool: Got brand-new decompressor [.zstd]
[2026-04-14T06:54:23.055+0000] {subprocess.py:106} INFO - 26/04/14 06:54:23 INFO CodecPool: Got brand-new decompressor [.zstd]
[2026-04-14T06:54:23.842+0000] {subprocess.py:106} INFO - 26/04/14 06:54:23 INFO CodecPool: Got brand-new decompressor [.zstd]
[2026-04-14T06:54:23.846+0000] {subprocess.py:106} INFO - 26/04/14 06:54:23 INFO CodecPool: Got brand-new decompressor [.zstd]
[2026-04-14T06:54:23.855+0000] {subprocess.py:106} INFO - 26/04/14 06:54:23 INFO CodecPool: Got brand-new decompressor [.zstd]
[2026-04-14T06:54:23.876+0000] {subprocess.py:106} INFO - 26/04/14 06:54:23 INFO CodecPool: Got brand-new decompressor [.zstd]
[2026-04-14T06:54:23.880+0000] {subprocess.py:106} INFO - 26/04/14 06:54:23 INFO CodecPool: Got brand-new decompressor [.zstd]
[2026-04-14T06:54:23.991+0000] {subprocess.py:106} INFO - 26/04/14 06:54:23 INFO CodecPool: Got brand-new decompressor [.zstd]
[2026-04-14T06:54:24.020+0000] {subprocess.py:106} INFO - 26/04/14 06:54:24 INFO CodecPool: Got brand-new decompressor [.zstd]
[2026-04-14T06:54:24.053+0000] {subprocess.py:106} INFO - 26/04/14 06:54:24 INFO CodecPool: Got brand-new decompressor [.zstd]
[2026-04-14T06:54:24.055+0000] {subprocess.py:106} INFO - 26/04/14 06:54:24 INFO CodecPool: Got brand-new decompressor [.zstd]
[2026-04-14T06:54:24.055+0000] {subprocess.py:106} INFO - 26/04/14 06:54:24 INFO CodecPool: Got brand-new decompressor [.zstd]
[2026-04-14T06:54:24.061+0000] {subprocess.py:106} INFO - 26/04/14 06:54:24 INFO CodecPool: Got brand-new decompressor [.zstd]
[2026-04-14T06:54:24.063+0000] {subprocess.py:106} INFO - 26/04/14 06:54:24 INFO CodecPool: Got brand-new decompressor [.zstd]
[2026-04-14T06:54:24.063+0000] {subprocess.py:106} INFO - 26/04/14 06:54:24 INFO CodecPool: Got brand-new decompressor [.zstd]
[2026-04-14T06:54:24.064+0000] {subprocess.py:106} INFO - 26/04/14 06:54:24 INFO CodecPool: Got brand-new decompressor [.zstd]
[2026-04-14T06:54:24.064+0000] {subprocess.py:106} INFO - 26/04/14 06:54:24 INFO CodecPool: Got brand-new decompressor [.zstd]
[2026-04-14T06:54:24.147+0000] {subprocess.py:106} INFO - 26/04/14 06:54:24 INFO CodecPool: Got brand-new decompressor [.zstd]
[2026-04-14T06:54:24.148+0000] {subprocess.py:106} INFO - 26/04/14 06:54:24 INFO CodecPool: Got brand-new decompressor [.zstd]
[2026-04-14T06:54:24.155+0000] {subprocess.py:106} INFO - 26/04/14 06:54:24 INFO CodecPool: Got brand-new decompressor [.zstd]
[2026-04-14T06:54:24.164+0000] {subprocess.py:106} INFO - 26/04/14 06:54:24 INFO CodecPool: Got brand-new decompressor [.zstd]
[2026-04-14T06:54:24.166+0000] {subprocess.py:106} INFO - 26/04/14 06:54:24 INFO CodecPool: Got brand-new decompressor [.zstd]
[2026-04-14T06:54:24.172+0000] {subprocess.py:106} INFO - 26/04/14 06:54:24 INFO CodecPool: Got brand-new decompressor [.zstd]
[2026-04-14T06:54:24.185+0000] {subprocess.py:106} INFO - 26/04/14 06:54:24 INFO CodecPool: Got brand-new decompressor [.zstd]
[2026-04-14T06:54:24.188+0000] {subprocess.py:106} INFO - 26/04/14 06:54:24 INFO CodecPool: Got brand-new decompressor [.zstd]
[2026-04-14T06:54:24.189+0000] {subprocess.py:106} INFO - 26/04/14 06:54:24 INFO CodecPool: Got brand-new decompressor [.zstd]
[2026-04-14T06:54:24.210+0000] {subprocess.py:106} INFO - 26/04/14 06:54:24 INFO DataWritingSparkTask: Writer for partition 0 is committing.
[2026-04-14T06:54:24.212+0000] {subprocess.py:106} INFO - 26/04/14 06:54:24 INFO CodecPool: Got brand-new decompressor [.zstd]
[2026-04-14T06:54:24.218+0000] {subprocess.py:106} INFO - 26/04/14 06:54:24 INFO DataWritingSparkTask: Writer for partition 9 is committing.
[2026-04-14T06:54:24.234+0000] {subprocess.py:106} INFO - 26/04/14 06:54:24 INFO CodecPool: Got brand-new decompressor [.zstd]
[2026-04-14T06:54:24.242+0000] {subprocess.py:106} INFO - 26/04/14 06:54:24 INFO CodecPool: Got brand-new decompressor [.zstd]
[2026-04-14T06:54:24.250+0000] {subprocess.py:106} INFO - 26/04/14 06:54:24 INFO CodecPool: Got brand-new decompressor [.zstd]
[2026-04-14T06:54:24.255+0000] {subprocess.py:106} INFO - 26/04/14 06:54:24 INFO CodecPool: Got brand-new decompressor [.zstd]
[2026-04-14T06:54:24.268+0000] {subprocess.py:106} INFO - 26/04/14 06:54:24 INFO DataWritingSparkTask: Writer for partition 12 is committing.
[2026-04-14T06:54:24.274+0000] {subprocess.py:106} INFO - 26/04/14 06:54:24 INFO CodecPool: Got brand-new decompressor [.zstd]
[2026-04-14T06:54:24.275+0000] {subprocess.py:106} INFO - 26/04/14 06:54:24 INFO DataWritingSparkTask: Writer for partition 3 is committing.
[2026-04-14T06:54:24.304+0000] {subprocess.py:106} INFO - 26/04/14 06:54:24 INFO CodecPool: Got brand-new decompressor [.zstd]
[2026-04-14T06:54:24.308+0000] {subprocess.py:106} INFO - 26/04/14 06:54:24 INFO DataWritingSparkTask: Writer for partition 8 is committing.
[2026-04-14T06:54:24.319+0000] {subprocess.py:106} INFO - 26/04/14 06:54:24 INFO CodecPool: Got brand-new decompressor [.zstd]
[2026-04-14T06:54:24.330+0000] {subprocess.py:106} INFO - 26/04/14 06:54:24 INFO CodecPool: Got brand-new decompressor [.zstd]
[2026-04-14T06:54:24.334+0000] {subprocess.py:106} INFO - 26/04/14 06:54:24 INFO CodecPool: Got brand-new decompressor [.zstd]
[2026-04-14T06:54:24.340+0000] {subprocess.py:106} INFO - 26/04/14 06:54:24 INFO CodecPool: Got brand-new decompressor [.zstd]
[2026-04-14T06:54:24.343+0000] {subprocess.py:106} INFO - 26/04/14 06:54:24 INFO CodecPool: Got brand-new decompressor [.zstd]
[2026-04-14T06:54:24.345+0000] {subprocess.py:106} INFO - 26/04/14 06:54:24 INFO CodecPool: Got brand-new decompressor [.zstd]
[2026-04-14T06:54:24.353+0000] {subprocess.py:106} INFO - 26/04/14 06:54:24 INFO CodecPool: Got brand-new decompressor [.zstd]
[2026-04-14T06:54:24.358+0000] {subprocess.py:106} INFO - 26/04/14 06:54:24 INFO DataWritingSparkTask: Writer for partition 14 is committing.
[2026-04-14T06:54:24.366+0000] {subprocess.py:106} INFO - 26/04/14 06:54:24 INFO DataWritingSparkTask: Writer for partition 6 is committing.
[2026-04-14T06:54:24.367+0000] {subprocess.py:106} INFO - 26/04/14 06:54:24 INFO DataWritingSparkTask: Writer for partition 4 is committing.
[2026-04-14T06:54:24.368+0000] {subprocess.py:106} INFO - 26/04/14 06:54:24 INFO CodecPool: Got brand-new decompressor [.zstd]
[2026-04-14T06:54:24.370+0000] {subprocess.py:106} INFO - 26/04/14 06:54:24 INFO CodecPool: Got brand-new decompressor [.zstd]
[2026-04-14T06:54:24.373+0000] {subprocess.py:106} INFO - 26/04/14 06:54:24 INFO DataWritingSparkTask: Writer for partition 13 is committing.
[2026-04-14T06:54:24.381+0000] {subprocess.py:106} INFO - 26/04/14 06:54:24 INFO DataWritingSparkTask: Writer for partition 7 is committing.
[2026-04-14T06:54:24.389+0000] {subprocess.py:106} INFO - 26/04/14 06:54:24 INFO CodecPool: Got brand-new decompressor [.zstd]
[2026-04-14T06:54:24.394+0000] {subprocess.py:106} INFO - 26/04/14 06:54:24 INFO DataWritingSparkTask: Writer for partition 2 is committing.
[2026-04-14T06:54:24.402+0000] {subprocess.py:106} INFO - 26/04/14 06:54:24 INFO CodecPool: Got brand-new decompressor [.zstd]
[2026-04-14T06:54:24.409+0000] {subprocess.py:106} INFO - 26/04/14 06:54:24 INFO DataWritingSparkTask: Writer for partition 10 is committing.
[2026-04-14T06:54:24.412+0000] {subprocess.py:106} INFO - 26/04/14 06:54:24 INFO CodecPool: Got brand-new decompressor [.zstd]
[2026-04-14T06:54:24.415+0000] {subprocess.py:106} INFO - 26/04/14 06:54:24 INFO CodecPool: Got brand-new decompressor [.zstd]
[2026-04-14T06:54:24.418+0000] {subprocess.py:106} INFO - 26/04/14 06:54:24 INFO CodecPool: Got brand-new decompressor [.zstd]
[2026-04-14T06:54:24.421+0000] {subprocess.py:106} INFO - 26/04/14 06:54:24 INFO DataWritingSparkTask: Writer for partition 1 is committing.
[2026-04-14T06:54:24.422+0000] {subprocess.py:106} INFO - 26/04/14 06:54:24 INFO DataWritingSparkTask: Writer for partition 5 is committing.
[2026-04-14T06:54:24.423+0000] {subprocess.py:106} INFO - 26/04/14 06:54:24 INFO DataWritingSparkTask: Writer for partition 11 is committing.
[2026-04-14T06:54:26.367+0000] {subprocess.py:106} INFO - 26/04/14 06:54:26 INFO DataWritingSparkTask: Committed partition 4 (task 4, attempt 0, stage 0.0)
[2026-04-14T06:54:26.369+0000] {subprocess.py:106} INFO - 26/04/14 06:54:26 INFO DataWritingSparkTask: Committed partition 9 (task 9, attempt 0, stage 0.0)
[2026-04-14T06:54:26.372+0000] {subprocess.py:106} INFO - 26/04/14 06:54:26 INFO DataWritingSparkTask: Committed partition 5 (task 5, attempt 0, stage 0.0)
[2026-04-14T06:54:26.373+0000] {subprocess.py:106} INFO - 26/04/14 06:54:26 INFO DataWritingSparkTask: Committed partition 7 (task 7, attempt 0, stage 0.0)
[2026-04-14T06:54:26.376+0000] {subprocess.py:106} INFO - 26/04/14 06:54:26 INFO DataWritingSparkTask: Committed partition 6 (task 6, attempt 0, stage 0.0)
[2026-04-14T06:54:26.377+0000] {subprocess.py:106} INFO - 26/04/14 06:54:26 INFO DataWritingSparkTask: Committed partition 1 (task 1, attempt 0, stage 0.0)
[2026-04-14T06:54:26.378+0000] {subprocess.py:106} INFO - 26/04/14 06:54:26 INFO DataWritingSparkTask: Committed partition 11 (task 11, attempt 0, stage 0.0)
[2026-04-14T06:54:26.380+0000] {subprocess.py:106} INFO - 26/04/14 06:54:26 INFO DataWritingSparkTask: Committed partition 8 (task 8, attempt 0, stage 0.0)
[2026-04-14T06:54:26.386+0000] {subprocess.py:106} INFO - 26/04/14 06:54:26 INFO DataWritingSparkTask: Committed partition 10 (task 10, attempt 0, stage 0.0)
[2026-04-14T06:54:26.389+0000] {subprocess.py:106} INFO - 26/04/14 06:54:26 INFO DataWritingSparkTask: Committed partition 13 (task 13, attempt 0, stage 0.0)
[2026-04-14T06:54:26.391+0000] {subprocess.py:106} INFO - 26/04/14 06:54:26 INFO DataWritingSparkTask: Committed partition 0 (task 0, attempt 0, stage 0.0)
[2026-04-14T06:54:26.405+0000] {subprocess.py:106} INFO - 26/04/14 06:54:26 INFO DataWritingSparkTask: Committed partition 3 (task 3, attempt 0, stage 0.0)
[2026-04-14T06:54:26.407+0000] {subprocess.py:106} INFO - 26/04/14 06:54:26 INFO DataWritingSparkTask: Committed partition 14 (task 14, attempt 0, stage 0.0)
[2026-04-14T06:54:26.410+0000] {subprocess.py:106} INFO - 26/04/14 06:54:26 INFO DataWritingSparkTask: Committed partition 2 (task 2, attempt 0, stage 0.0)
[2026-04-14T06:54:26.412+0000] {subprocess.py:106} INFO - 26/04/14 06:54:26 INFO DataWritingSparkTask: Committed partition 12 (task 12, attempt 0, stage 0.0)
[2026-04-14T06:54:26.597+0000] {subprocess.py:106} INFO - 26/04/14 06:54:26 INFO Executor: Finished task 1.0 in stage 0.0 (TID 1). 7880 bytes result sent to driver
[2026-04-14T06:54:26.598+0000] {subprocess.py:106} INFO - 26/04/14 06:54:26 INFO Executor: Finished task 11.0 in stage 0.0 (TID 11). 7881 bytes result sent to driver
[2026-04-14T06:54:26.598+0000] {subprocess.py:106} INFO - 26/04/14 06:54:26 INFO Executor: Finished task 3.0 in stage 0.0 (TID 3). 7871 bytes result sent to driver
[2026-04-14T06:54:26.599+0000] {subprocess.py:106} INFO - 26/04/14 06:54:26 INFO Executor: Finished task 8.0 in stage 0.0 (TID 8). 7880 bytes result sent to driver
[2026-04-14T06:54:26.599+0000] {subprocess.py:106} INFO - 26/04/14 06:54:26 INFO Executor: Finished task 5.0 in stage 0.0 (TID 5). 7862 bytes result sent to driver
[2026-04-14T06:54:26.600+0000] {subprocess.py:106} INFO - 26/04/14 06:54:26 INFO Executor: Finished task 2.0 in stage 0.0 (TID 2). 7844 bytes result sent to driver
[2026-04-14T06:54:26.601+0000] {subprocess.py:106} INFO - 26/04/14 06:54:26 INFO Executor: Finished task 4.0 in stage 0.0 (TID 4). 7862 bytes result sent to driver
[2026-04-14T06:54:26.602+0000] {subprocess.py:106} INFO - 26/04/14 06:54:26 INFO Executor: Finished task 6.0 in stage 0.0 (TID 6). 7880 bytes result sent to driver
[2026-04-14T06:54:26.606+0000] {subprocess.py:106} INFO - 26/04/14 06:54:26 INFO Executor: Finished task 14.0 in stage 0.0 (TID 14). 7854 bytes result sent to driver
[2026-04-14T06:54:26.607+0000] {subprocess.py:106} INFO - 26/04/14 06:54:26 INFO Executor: Finished task 10.0 in stage 0.0 (TID 10). 7863 bytes result sent to driver
[2026-04-14T06:54:26.608+0000] {subprocess.py:106} INFO - 26/04/14 06:54:26 INFO Executor: Finished task 7.0 in stage 0.0 (TID 7). 7862 bytes result sent to driver
[2026-04-14T06:54:26.610+0000] {subprocess.py:106} INFO - 26/04/14 06:54:26 INFO Executor: Finished task 0.0 in stage 0.0 (TID 0). 7862 bytes result sent to driver
[2026-04-14T06:54:26.612+0000] {subprocess.py:106} INFO - 26/04/14 06:54:26 INFO Executor: Finished task 12.0 in stage 0.0 (TID 12). 7881 bytes result sent to driver
[2026-04-14T06:54:26.612+0000] {subprocess.py:106} INFO - 26/04/14 06:54:26 INFO Executor: Finished task 13.0 in stage 0.0 (TID 13). 7881 bytes result sent to driver
[2026-04-14T06:54:26.613+0000] {subprocess.py:106} INFO - 26/04/14 06:54:26 INFO Executor: Finished task 9.0 in stage 0.0 (TID 9). 7862 bytes result sent to driver
[2026-04-14T06:54:27.190+0000] {subprocess.py:106} INFO - 26/04/14 06:54:27 INFO TaskSetManager: Finished task 6.0 in stage 0.0 (TID 6) in 7398 ms on spark-master (executor driver) (1/15)
[2026-04-14T06:54:27.196+0000] {subprocess.py:106} INFO - 26/04/14 06:54:27 INFO TaskSetManager: Finished task 8.0 in stage 0.0 (TID 8) in 7406 ms on spark-master (executor driver) (2/15)
[2026-04-14T06:54:27.198+0000] {subprocess.py:106} INFO - 26/04/14 06:54:27 INFO TaskSetManager: Finished task 10.0 in stage 0.0 (TID 10) in 7401 ms on spark-master (executor driver) (3/15)
[2026-04-14T06:54:27.203+0000] {subprocess.py:106} INFO - 26/04/14 06:54:27 INFO TaskSetManager: Finished task 1.0 in stage 0.0 (TID 1) in 7434 ms on spark-master (executor driver) (4/15)
[2026-04-14T06:54:27.211+0000] {subprocess.py:106} INFO - 26/04/14 06:54:27 INFO TaskSetManager: Finished task 2.0 in stage 0.0 (TID 2) in 7441 ms on spark-master (executor driver) (5/15)
[2026-04-14T06:54:27.213+0000] {subprocess.py:106} INFO - 26/04/14 06:54:27 INFO TaskSetManager: Finished task 5.0 in stage 0.0 (TID 5) in 7437 ms on spark-master (executor driver) (6/15)
[2026-04-14T06:54:27.220+0000] {subprocess.py:106} INFO - 26/04/14 06:54:27 INFO TaskSetManager: Finished task 3.0 in stage 0.0 (TID 3) in 7445 ms on spark-master (executor driver) (7/15)
[2026-04-14T06:54:27.223+0000] {subprocess.py:106} INFO - 26/04/14 06:54:27 INFO TaskSetManager: Finished task 14.0 in stage 0.0 (TID 14) in 7412 ms on spark-master (executor driver) (8/15)
[2026-04-14T06:54:27.228+0000] {subprocess.py:106} INFO - 26/04/14 06:54:27 INFO TaskSetManager: Finished task 4.0 in stage 0.0 (TID 4) in 7457 ms on spark-master (executor driver) (9/15)
[2026-04-14T06:54:27.230+0000] {subprocess.py:106} INFO - 26/04/14 06:54:27 INFO TaskSetManager: Finished task 0.0 in stage 0.0 (TID 0) in 7590 ms on spark-master (executor driver) (10/15)
[2026-04-14T06:54:27.232+0000] {subprocess.py:106} INFO - 26/04/14 06:54:27 INFO TaskSetManager: Finished task 11.0 in stage 0.0 (TID 11) in 7435 ms on spark-master (executor driver) (11/15)
[2026-04-14T06:54:27.237+0000] {subprocess.py:106} INFO - 26/04/14 06:54:27 INFO TaskSetManager: Finished task 7.0 in stage 0.0 (TID 7) in 7449 ms on spark-master (executor driver) (12/15)
[2026-04-14T06:54:27.238+0000] {subprocess.py:106} INFO - 26/04/14 06:54:27 INFO TaskSetManager: Finished task 9.0 in stage 0.0 (TID 9) in 7443 ms on spark-master (executor driver) (13/15)
[2026-04-14T06:54:27.239+0000] {subprocess.py:106} INFO - 26/04/14 06:54:27 INFO TaskSetManager: Finished task 13.0 in stage 0.0 (TID 13) in 7434 ms on spark-master (executor driver) (14/15)
[2026-04-14T06:54:27.240+0000] {subprocess.py:106} INFO - 26/04/14 06:54:27 INFO TaskSetManager: Finished task 12.0 in stage 0.0 (TID 12) in 7438 ms on spark-master (executor driver) (15/15)
[2026-04-14T06:54:27.243+0000] {subprocess.py:106} INFO - 26/04/14 06:54:27 INFO TaskSchedulerImpl: Removed TaskSet 0.0 whose tasks have all completed, from pool
[2026-04-14T06:54:27.244+0000] {subprocess.py:106} INFO - 26/04/14 06:54:27 INFO DAGScheduler: ResultStage 0 (append at NativeMethodAccessorImpl.java:0) finished in 7957 ms
[2026-04-14T06:54:27.251+0000] {subprocess.py:106} INFO - 26/04/14 06:54:27 INFO DAGScheduler: Job 0 is finished. Cancelling potential speculative or zombie tasks for this job
[2026-04-14T06:54:27.255+0000] {subprocess.py:106} INFO - 26/04/14 06:54:27 INFO TaskSchedulerImpl: Canceling stage 0
[2026-04-14T06:54:27.260+0000] {subprocess.py:106} INFO - 26/04/14 06:54:27 INFO TaskSchedulerImpl: Killing all running tasks in stage 0: Stage finished
[2026-04-14T06:54:27.275+0000] {subprocess.py:106} INFO - 26/04/14 06:54:27 INFO DAGScheduler: Job 0 finished: append at NativeMethodAccessorImpl.java:0, took 8176.658639 ms
[2026-04-14T06:54:27.281+0000] {subprocess.py:106} INFO - 26/04/14 06:54:27 INFO AppendDataExec: Data source write support IcebergBatchWrite(table=iceberg.air_quality_ml.air_quality_gold, format=PARQUET) is committing.
[2026-04-14T06:54:27.350+0000] {subprocess.py:106} INFO - 26/04/14 06:54:27 INFO SparkWrite: Committing append with 15 new data files to table iceberg.air_quality_ml.air_quality_gold
[2026-04-14T06:54:33.115+0000] {subprocess.py:106} INFO - 26/04/14 06:54:33 INFO HiveTableOperations: Committed to table iceberg.air_quality_ml.air_quality_gold with the new metadata location hdfs://23133083thuyvan-master:9000/user/hive/lakehouse/gold/ml/air_quality_gold/metadata/00010-0bbb3709-c2b7-4e96-9d86-3dd48c16e1b0.metadata.json
[2026-04-14T06:54:33.116+0000] {subprocess.py:106} INFO - 26/04/14 06:54:33 INFO BaseMetastoreTableOperations: Successfully committed to table iceberg.air_quality_ml.air_quality_gold in 4382 ms
[2026-04-14T06:54:33.117+0000] {subprocess.py:106} INFO - 26/04/14 06:54:33 INFO SnapshotProducer: Committed snapshot 6647139135828339922 (MergeAppend)
[2026-04-14T06:54:33.186+0000] {subprocess.py:106} INFO - 26/04/14 06:54:33 INFO BaseMetastoreTableOperations: Refreshing table metadata from new version: hdfs://23133083thuyvan-master:9000/user/hive/lakehouse/gold/ml/air_quality_gold/metadata/00010-0bbb3709-c2b7-4e96-9d86-3dd48c16e1b0.metadata.json
[2026-04-14T06:54:33.225+0000] {subprocess.py:106} INFO - 26/04/14 06:54:33 INFO LoggingMetricsReporter: Received metrics report: CommitReport{tableName=iceberg.air_quality_ml.air_quality_gold, snapshotId=6647139135828339922, sequenceNumber=11, operation=append, commitMetrics=CommitMetricsResult{totalDuration=TimerResult{timeUnit=NANOSECONDS, totalDuration=PT5.795848351S, count=1}, attempts=CounterResult{unit=COUNT, value=1}, addedDataFiles=CounterResult{unit=COUNT, value=15}, removedDataFiles=null, totalDataFiles=CounterResult{unit=COUNT, value=165}, addedDeleteFiles=null, addedEqualityDeleteFiles=null, addedPositionalDeleteFiles=null, addedDVs=null, removedDeleteFiles=null, removedEqualityDeleteFiles=null, removedPositionalDeleteFiles=null, removedDVs=null, totalDeleteFiles=CounterResult{unit=COUNT, value=0}, addedRecords=CounterResult{unit=COUNT, value=100}, removedRecords=null, totalRecords=CounterResult{unit=COUNT, value=1100}, addedFilesSizeInBytes=CounterResult{unit=BYTES, value=51249}, removedFilesSizeInBytes=null, totalFilesSizeInBytes=CounterResult{unit=BYTES, value=563360}, addedPositionalDeletes=null, removedPositionalDeletes=null, totalPositionalDeletes=CounterResult{unit=COUNT, value=0}, addedEqualityDeletes=null, removedEqualityDeletes=null, totalEqualityDeletes=CounterResult{unit=COUNT, value=0}, manifestsCreated=null, manifestsReplaced=null, manifestsKept=null, manifestEntriesProcessed=null}, metadata={engine-version=4.0.2, app-id=local-1776149623740, engine-name=spark, iceberg-version=Apache Iceberg 1.10.1 (commit ccb8bc435062171e64bc8b7e5f56e6aed9c5b934)}}
[2026-04-14T06:54:33.227+0000] {subprocess.py:106} INFO - 26/04/14 06:54:33 INFO SparkWrite: Committed in 5870 ms
[2026-04-14T06:54:33.228+0000] {subprocess.py:106} INFO - 26/04/14 06:54:33 INFO AppendDataExec: Data source write support IcebergBatchWrite(table=iceberg.air_quality_ml.air_quality_gold, format=PARQUET) committed.
[2026-04-14T06:54:33.282+0000] {subprocess.py:106} INFO - Dữ liệu đã được append vào iceberg.air_quality_ml.air_quality_gold.
[2026-04-14T06:54:33.283+0000] {subprocess.py:106} INFO - ETL from Silver to Gold completed!
[2026-04-14T06:54:33.356+0000] {subprocess.py:106} INFO - 26/04/14 06:54:33 INFO V2ScanRelationPushDown:
[2026-04-14T06:54:33.357+0000] {subprocess.py:106} INFO - Output: timestamp#0, us_aqi_index#19, pm10#21, pm2_5#22, carbon_monoxide#23, nitrogen_dioxide#24, sulphur_dioxide#25, ozone#26
[2026-04-14T06:54:33.358+0000] {subprocess.py:106} INFO - 
[2026-04-14T06:54:33.360+0000] {subprocess.py:106} INFO - 26/04/14 06:54:33 INFO SnapshotScan: Scanning table iceberg.air_quality_db.air_quality_silver snapshot 4518274335865062319 created at 2026-04-13T11:48:03.562+00:00 with filter true
[2026-04-14T06:54:33.363+0000] {subprocess.py:106} INFO - 26/04/14 06:54:33 INFO BaseDistributedDataScan: Planning file tasks locally for table iceberg.air_quality_db.air_quality_silver
[2026-04-14T06:54:33.401+0000] {subprocess.py:106} INFO - 26/04/14 06:54:33 INFO SparkPartitioningAwareScan: Reporting UnknownPartitioning with 15 partition(s) for table iceberg.air_quality_db.air_quality_silver
[2026-04-14T06:54:33.422+0000] {subprocess.py:106} INFO - 26/04/14 06:54:33 INFO MemoryStore: Block broadcast_4 stored as values in memory (estimated size 32.0 KiB, free 1048.5 MiB)
[2026-04-14T06:54:33.427+0000] {subprocess.py:106} INFO - 26/04/14 06:54:33 INFO MemoryStore: Block broadcast_4_piece0 stored as bytes in memory (estimated size 34.9 KiB, free 1048.5 MiB)
[2026-04-14T06:54:33.430+0000] {subprocess.py:106} INFO - 26/04/14 06:54:33 INFO SparkContext: Created broadcast 4 from broadcast at SparkBatch.java:87
[2026-04-14T06:54:33.467+0000] {subprocess.py:106} INFO - 26/04/14 06:54:33 INFO MemoryStore: Block broadcast_5 stored as values in memory (estimated size 32.0 KiB, free 1048.5 MiB)
[2026-04-14T06:54:33.472+0000] {subprocess.py:106} INFO - 26/04/14 06:54:33 INFO MemoryStore: Block broadcast_5_piece0 stored as bytes in memory (estimated size 34.8 KiB, free 1048.4 MiB)
[2026-04-14T06:54:33.474+0000] {subprocess.py:106} INFO - 26/04/14 06:54:33 INFO SparkContext: Created broadcast 5 from broadcast at SparkBatch.java:87
[2026-04-14T06:54:34.057+0000] {subprocess.py:106} INFO - 26/04/14 06:54:34 INFO DAGScheduler: Got job 1 (count at NativeMethodAccessorImpl.java:0) with 15 output partitions
[2026-04-14T06:54:34.058+0000] {subprocess.py:106} INFO - 26/04/14 06:54:34 INFO DAGScheduler: Final stage: ResultStage 1 (count at NativeMethodAccessorImpl.java:0)
[2026-04-14T06:54:34.059+0000] {subprocess.py:106} INFO - 26/04/14 06:54:34 INFO DAGScheduler: Parents of final stage: List()
[2026-04-14T06:54:34.066+0000] {subprocess.py:106} INFO - 26/04/14 06:54:34 INFO DAGScheduler: Missing parents: List()
[2026-04-14T06:54:34.067+0000] {subprocess.py:106} INFO - 26/04/14 06:54:34 INFO DAGScheduler: Submitting ResultStage 1 (*(1) Project [timestamp#0, pm2_5#22, pm10#21, carbon_monoxide#23, nitrogen_dioxide#24, sulphur_dioxide#25, ozone#26, us_aqi_index#19, hour(timestamp#0, Some(GMT)) AS hour#34, dayofweek(cast(timestamp#0 as date)) AS day_of_week#35]
[2026-04-14T06:54:34.074+0000] {subprocess.py:106} INFO - +- *(1) ColumnarToRow
[2026-04-14T06:54:34.075+0000] {subprocess.py:106} INFO -    +- BatchScan iceberg.air_quality_db.air_quality_silver[timestamp#0, us_aqi_index#19, pm10#21, pm2_5#22, carbon_monoxide#23, nitrogen_dioxide#24, sulphur_dioxide#25, ozone#26] iceberg.air_quality_db.air_quality_silver (branch=null) [filters=, groupedBy=] RuntimeFilters: []
[2026-04-14T06:54:34.076+0000] {subprocess.py:106} INFO -  MapPartitionsRDD[7] at count at NativeMethodAccessorImpl.java:0), which has no missing parents
[2026-04-14T06:54:34.089+0000] {subprocess.py:106} INFO - 26/04/14 06:54:34 INFO MemoryStore: Block broadcast_6 stored as values in memory (estimated size 23.2 KiB, free 1048.4 MiB)
[2026-04-14T06:54:34.092+0000] {subprocess.py:106} INFO - 26/04/14 06:54:34 INFO MemoryStore: Block broadcast_6_piece0 stored as bytes in memory (estimated size 8.6 KiB, free 1048.4 MiB)
[2026-04-14T06:54:34.094+0000] {subprocess.py:106} INFO - 26/04/14 06:54:34 INFO SparkContext: Created broadcast 6 from broadcast at DAGScheduler.scala:1676
[2026-04-14T06:54:34.095+0000] {subprocess.py:106} INFO - 26/04/14 06:54:34 INFO DAGScheduler: Submitting 15 missing tasks from ResultStage 1 (*(1) Project [timestamp#0, pm2_5#22, pm10#21, carbon_monoxide#23, nitrogen_dioxide#24, sulphur_dioxide#25, ozone#26, us_aqi_index#19, hour(timestamp#0, Some(GMT)) AS hour#34, dayofweek(cast(timestamp#0 as date)) AS day_of_week#35]
[2026-04-14T06:54:34.097+0000] {subprocess.py:106} INFO - +- *(1) ColumnarToRow
[2026-04-14T06:54:34.098+0000] {subprocess.py:106} INFO -    +- BatchScan iceberg.air_quality_db.air_quality_silver[timestamp#0, us_aqi_index#19, pm10#21, pm2_5#22, carbon_monoxide#23, nitrogen_dioxide#24, sulphur_dioxide#25, ozone#26] iceberg.air_quality_db.air_quality_silver (branch=null) [filters=, groupedBy=] RuntimeFilters: []
[2026-04-14T06:54:34.099+0000] {subprocess.py:106} INFO -  MapPartitionsRDD[7] at count at NativeMethodAccessorImpl.java:0) (first 15 tasks are for partitions Vector(0, 1, 2, 3, 4, 5, 6, 7, 8, 9, 10, 11, 12, 13, 14))
[2026-04-14T06:54:34.100+0000] {subprocess.py:106} INFO - 26/04/14 06:54:34 INFO TaskSchedulerImpl: Adding task set 1.0 with 15 tasks resource profile 0
[2026-04-14T06:54:34.100+0000] {subprocess.py:106} INFO - 26/04/14 06:54:34 INFO TaskSetManager: Starting task 0.0 in stage 1.0 (TID 15) (spark-master,executor driver, partition 0, ANY, 20476 bytes)
[2026-04-14T06:54:34.101+0000] {subprocess.py:106} INFO - 26/04/14 06:54:34 INFO TaskSetManager: Starting task 1.0 in stage 1.0 (TID 16) (spark-master,executor driver, partition 1, ANY, 20448 bytes)
[2026-04-14T06:54:34.102+0000] {subprocess.py:106} INFO - 26/04/14 06:54:34 INFO TaskSetManager: Starting task 2.0 in stage 1.0 (TID 17) (spark-master,executor driver, partition 2, ANY, 20476 bytes)
[2026-04-14T06:54:34.103+0000] {subprocess.py:106} INFO - 26/04/14 06:54:34 INFO TaskSetManager: Starting task 3.0 in stage 1.0 (TID 18) (spark-master,executor driver, partition 3, ANY, 20463 bytes)
[2026-04-14T06:54:34.103+0000] {subprocess.py:106} INFO - 26/04/14 06:54:34 INFO TaskSetManager: Starting task 4.0 in stage 1.0 (TID 19) (spark-master,executor driver, partition 4, ANY, 20463 bytes)
[2026-04-14T06:54:34.104+0000] {subprocess.py:106} INFO - 26/04/14 06:54:34 INFO TaskSetManager: Starting task 5.0 in stage 1.0 (TID 20) (spark-master,executor driver, partition 5, ANY, 20472 bytes)
[2026-04-14T06:54:34.105+0000] {subprocess.py:106} INFO - 26/04/14 06:54:34 INFO TaskSetManager: Starting task 6.0 in stage 1.0 (TID 21) (spark-master,executor driver, partition 6, ANY, 20918 bytes)
[2026-04-14T06:54:34.106+0000] {subprocess.py:106} INFO - 26/04/14 06:54:34 INFO TaskSetManager: Starting task 7.0 in stage 1.0 (TID 22) (spark-master,executor driver, partition 7, ANY, 20912 bytes)
[2026-04-14T06:54:34.108+0000] {subprocess.py:106} INFO - 26/04/14 06:54:34 INFO TaskSetManager: Starting task 8.0 in stage 1.0 (TID 23) (spark-master,executor driver, partition 8, ANY, 20913 bytes)
[2026-04-14T06:54:34.108+0000] {subprocess.py:106} INFO - 26/04/14 06:54:34 INFO TaskSetManager: Starting task 9.0 in stage 1.0 (TID 24) (spark-master,executor driver, partition 9, ANY, 20909 bytes)
[2026-04-14T06:54:34.109+0000] {subprocess.py:106} INFO - 26/04/14 06:54:34 INFO TaskSetManager: Starting task 10.0 in stage 1.0 (TID 25) (spark-master,executor driver, partition 10, ANY, 20468 bytes)
[2026-04-14T06:54:34.110+0000] {subprocess.py:106} INFO - 26/04/14 06:54:34 INFO TaskSetManager: Starting task 11.0 in stage 1.0 (TID 26) (spark-master,executor driver, partition 11, ANY, 20471 bytes)
[2026-04-14T06:54:34.111+0000] {subprocess.py:106} INFO - 26/04/14 06:54:34 INFO TaskSetManager: Starting task 12.0 in stage 1.0 (TID 27) (spark-master,executor driver, partition 12, ANY, 20463 bytes)
[2026-04-14T06:54:34.112+0000] {subprocess.py:106} INFO - 26/04/14 06:54:34 INFO TaskSetManager: Starting task 13.0 in stage 1.0 (TID 28) (spark-master,executor driver, partition 13, ANY, 20470 bytes)
[2026-04-14T06:54:34.113+0000] {subprocess.py:106} INFO - 26/04/14 06:54:34 INFO TaskSetManager: Starting task 14.0 in stage 1.0 (TID 29) (spark-master,executor driver, partition 14, ANY, 20449 bytes)
[2026-04-14T06:54:34.116+0000] {subprocess.py:106} INFO - 26/04/14 06:54:34 INFO Executor: Running task 4.0 in stage 1.0 (TID 19)
[2026-04-14T06:54:34.120+0000] {subprocess.py:106} INFO - 26/04/14 06:54:34 INFO Executor: Running task 0.0 in stage 1.0 (TID 15)
[2026-04-14T06:54:34.121+0000] {subprocess.py:106} INFO - 26/04/14 06:54:34 INFO Executor: Running task 3.0 in stage 1.0 (TID 18)
[2026-04-14T06:54:34.122+0000] {subprocess.py:106} INFO - 26/04/14 06:54:34 INFO Executor: Running task 5.0 in stage 1.0 (TID 20)
[2026-04-14T06:54:34.124+0000] {subprocess.py:106} INFO - 26/04/14 06:54:34 INFO Executor: Running task 10.0 in stage 1.0 (TID 25)
[2026-04-14T06:54:34.125+0000] {subprocess.py:106} INFO - 26/04/14 06:54:34 INFO Executor: Running task 6.0 in stage 1.0 (TID 21)
[2026-04-14T06:54:34.126+0000] {subprocess.py:106} INFO - 26/04/14 06:54:34 INFO Executor: Running task 8.0 in stage 1.0 (TID 23)
[2026-04-14T06:54:34.128+0000] {subprocess.py:106} INFO - 26/04/14 06:54:34 INFO Executor: Running task 9.0 in stage 1.0 (TID 24)
[2026-04-14T06:54:34.134+0000] {subprocess.py:106} INFO - 26/04/14 06:54:34 INFO Executor: Running task 2.0 in stage 1.0 (TID 17)
[2026-04-14T06:54:34.135+0000] {subprocess.py:106} INFO - 26/04/14 06:54:34 INFO Executor: Running task 1.0 in stage 1.0 (TID 16)
[2026-04-14T06:54:34.138+0000] {subprocess.py:106} INFO - 26/04/14 06:54:34 INFO Executor: Running task 7.0 in stage 1.0 (TID 22)
[2026-04-14T06:54:34.139+0000] {subprocess.py:106} INFO - 26/04/14 06:54:34 INFO Executor: Running task 12.0 in stage 1.0 (TID 27)
[2026-04-14T06:54:34.140+0000] {subprocess.py:106} INFO - 26/04/14 06:54:34 INFO Executor: Running task 11.0 in stage 1.0 (TID 26)
[2026-04-14T06:54:34.141+0000] {subprocess.py:106} INFO - 26/04/14 06:54:34 INFO Executor: Running task 14.0 in stage 1.0 (TID 29)
[2026-04-14T06:54:34.141+0000] {subprocess.py:106} INFO - 26/04/14 06:54:34 INFO Executor: Running task 13.0 in stage 1.0 (TID 28)
[2026-04-14T06:54:34.228+0000] {subprocess.py:106} INFO - 26/04/14 06:54:34 INFO CodecPool: Got brand-new decompressor [.zstd]
[2026-04-14T06:54:34.232+0000] {subprocess.py:106} INFO - 26/04/14 06:54:34 INFO CodecPool: Got brand-new decompressor [.zstd]
[2026-04-14T06:54:34.233+0000] {subprocess.py:106} INFO - 26/04/14 06:54:34 INFO CodecPool: Got brand-new decompressor [.zstd]
[2026-04-14T06:54:34.234+0000] {subprocess.py:106} INFO - 26/04/14 06:54:34 INFO CodecPool: Got brand-new decompressor [.zstd]
[2026-04-14T06:54:34.240+0000] {subprocess.py:106} INFO - 26/04/14 06:54:34 INFO CodecPool: Got brand-new decompressor [.zstd]
[2026-04-14T06:54:34.242+0000] {subprocess.py:106} INFO - 26/04/14 06:54:34 INFO CodecPool: Got brand-new decompressor [.zstd]
[2026-04-14T06:54:34.250+0000] {subprocess.py:106} INFO - 26/04/14 06:54:34 INFO CodecPool: Got brand-new decompressor [.zstd]
[2026-04-14T06:54:34.251+0000] {subprocess.py:106} INFO - 26/04/14 06:54:34 INFO CodecPool: Got brand-new decompressor [.zstd]
[2026-04-14T06:54:34.256+0000] {subprocess.py:106} INFO - 26/04/14 06:54:34 INFO CodecPool: Got brand-new decompressor [.zstd]
[2026-04-14T06:54:34.257+0000] {subprocess.py:106} INFO - 26/04/14 06:54:34 INFO CodecPool: Got brand-new decompressor [.zstd]
[2026-04-14T06:54:34.259+0000] {subprocess.py:106} INFO - 26/04/14 06:54:34 INFO CodecPool: Got brand-new decompressor [.zstd]
[2026-04-14T06:54:34.260+0000] {subprocess.py:106} INFO - 26/04/14 06:54:34 INFO CodecPool: Got brand-new decompressor [.zstd]
[2026-04-14T06:54:34.261+0000] {subprocess.py:106} INFO - 26/04/14 06:54:34 INFO CodecPool: Got brand-new decompressor [.zstd]
[2026-04-14T06:54:34.262+0000] {subprocess.py:106} INFO - 26/04/14 06:54:34 INFO CodecPool: Got brand-new decompressor [.zstd]
[2026-04-14T06:54:34.269+0000] {subprocess.py:106} INFO - 26/04/14 06:54:34 INFO CodecPool: Got brand-new decompressor [.zstd]
[2026-04-14T06:54:34.422+0000] {subprocess.py:106} INFO - 26/04/14 06:54:34 INFO CodecPool: Got brand-new decompressor [.zstd]
[2026-04-14T06:54:34.429+0000] {subprocess.py:106} INFO - 26/04/14 06:54:34 INFO CodecPool: Got brand-new decompressor [.zstd]
[2026-04-14T06:54:34.433+0000] {subprocess.py:106} INFO - 26/04/14 06:54:34 INFO CodecPool: Got brand-new decompressor [.zstd]
[2026-04-14T06:54:34.445+0000] {subprocess.py:106} INFO - 26/04/14 06:54:34 INFO CodecPool: Got brand-new decompressor [.zstd]
[2026-04-14T06:54:34.446+0000] {subprocess.py:106} INFO - 26/04/14 06:54:34 INFO CodecPool: Got brand-new decompressor [.zstd]
[2026-04-14T06:54:34.449+0000] {subprocess.py:106} INFO - 26/04/14 06:54:34 INFO CodecPool: Got brand-new decompressor [.zstd]
[2026-04-14T06:54:34.450+0000] {subprocess.py:106} INFO - 26/04/14 06:54:34 INFO CodecPool: Got brand-new decompressor [.zstd]
[2026-04-14T06:54:34.454+0000] {subprocess.py:106} INFO - 26/04/14 06:54:34 INFO CodecPool: Got brand-new decompressor [.zstd]
[2026-04-14T06:54:34.456+0000] {subprocess.py:106} INFO - 26/04/14 06:54:34 INFO CodecPool: Got brand-new decompressor [.zstd]
[2026-04-14T06:54:34.466+0000] {subprocess.py:106} INFO - 26/04/14 06:54:34 INFO CodecPool: Got brand-new decompressor [.zstd]
[2026-04-14T06:54:34.473+0000] {subprocess.py:106} INFO - 26/04/14 06:54:34 INFO CodecPool: Got brand-new decompressor [.zstd]
[2026-04-14T06:54:34.475+0000] {subprocess.py:106} INFO - 26/04/14 06:54:34 INFO CodecPool: Got brand-new decompressor [.zstd]
[2026-04-14T06:54:34.476+0000] {subprocess.py:106} INFO - 26/04/14 06:54:34 INFO CodecPool: Got brand-new decompressor [.zstd]
[2026-04-14T06:54:34.480+0000] {subprocess.py:106} INFO - 26/04/14 06:54:34 INFO CodecPool: Got brand-new decompressor [.zstd]
[2026-04-14T06:54:34.482+0000] {subprocess.py:106} INFO - 26/04/14 06:54:34 INFO CodecPool: Got brand-new decompressor [.zstd]
[2026-04-14T06:54:34.495+0000] {subprocess.py:106} INFO - 26/04/14 06:54:34 INFO CodecPool: Got brand-new decompressor [.zstd]
[2026-04-14T06:54:34.497+0000] {subprocess.py:106} INFO - 26/04/14 06:54:34 INFO CodecPool: Got brand-new decompressor [.zstd]
[2026-04-14T06:54:34.498+0000] {subprocess.py:106} INFO - 26/04/14 06:54:34 INFO CodecPool: Got brand-new decompressor [.zstd]
[2026-04-14T06:54:34.513+0000] {subprocess.py:106} INFO - 26/04/14 06:54:34 INFO CodecPool: Got brand-new decompressor [.zstd]
[2026-04-14T06:54:34.519+0000] {subprocess.py:106} INFO - 26/04/14 06:54:34 INFO CodecPool: Got brand-new decompressor [.zstd]
[2026-04-14T06:54:34.527+0000] {subprocess.py:106} INFO - 26/04/14 06:54:34 INFO CodecPool: Got brand-new decompressor [.zstd]
[2026-04-14T06:54:34.533+0000] {subprocess.py:106} INFO - 26/04/14 06:54:34 INFO CodecPool: Got brand-new decompressor [.zstd]
[2026-04-14T06:54:34.535+0000] {subprocess.py:106} INFO - 26/04/14 06:54:34 INFO CodecPool: Got brand-new decompressor [.zstd]
[2026-04-14T06:54:34.536+0000] {subprocess.py:106} INFO - 26/04/14 06:54:34 INFO CodecPool: Got brand-new decompressor [.zstd]
[2026-04-14T06:54:34.545+0000] {subprocess.py:106} INFO - 26/04/14 06:54:34 INFO CodecPool: Got brand-new decompressor [.zstd]
[2026-04-14T06:54:34.548+0000] {subprocess.py:106} INFO - 26/04/14 06:54:34 INFO CodecPool: Got brand-new decompressor [.zstd]
[2026-04-14T06:54:34.549+0000] {subprocess.py:106} INFO - 26/04/14 06:54:34 INFO CodecPool: Got brand-new decompressor [.zstd]
[2026-04-14T06:54:34.554+0000] {subprocess.py:106} INFO - 26/04/14 06:54:34 INFO CodecPool: Got brand-new decompressor [.zstd]
[2026-04-14T06:54:34.555+0000] {subprocess.py:106} INFO - 26/04/14 06:54:34 INFO CodecPool: Got brand-new decompressor [.zstd]
[2026-04-14T06:54:34.560+0000] {subprocess.py:106} INFO - 26/04/14 06:54:34 INFO CodecPool: Got brand-new decompressor [.zstd]
[2026-04-14T06:54:34.561+0000] {subprocess.py:106} INFO - 26/04/14 06:54:34 INFO CodecPool: Got brand-new decompressor [.zstd]
[2026-04-14T06:54:34.566+0000] {subprocess.py:106} INFO - 26/04/14 06:54:34 INFO CodecPool: Got brand-new decompressor [.zstd]
[2026-04-14T06:54:34.567+0000] {subprocess.py:106} INFO - 26/04/14 06:54:34 INFO CodecPool: Got brand-new decompressor [.zstd]
[2026-04-14T06:54:34.571+0000] {subprocess.py:106} INFO - 26/04/14 06:54:34 INFO CodecPool: Got brand-new decompressor [.zstd]
[2026-04-14T06:54:34.573+0000] {subprocess.py:106} INFO - 26/04/14 06:54:34 INFO CodecPool: Got brand-new decompressor [.zstd]
[2026-04-14T06:54:34.583+0000] {subprocess.py:106} INFO - 26/04/14 06:54:34 INFO CodecPool: Got brand-new decompressor [.zstd]
[2026-04-14T06:54:34.587+0000] {subprocess.py:106} INFO - 26/04/14 06:54:34 INFO MemoryStore: Block rdd_7_11 stored as values in memory (estimated size 1424.0 B, free 1048.5 MiB)
[2026-04-14T06:54:34.589+0000] {subprocess.py:106} INFO - 26/04/14 06:54:34 INFO MemoryStore: Block rdd_7_1 stored as values in memory (estimated size 1528.0 B, free 1048.5 MiB)
[2026-04-14T06:54:34.595+0000] {subprocess.py:106} INFO - 26/04/14 06:54:34 INFO MemoryStore: Block rdd_7_0 stored as values in memory (estimated size 1528.0 B, free 1048.5 MiB)
[2026-04-14T06:54:34.600+0000] {subprocess.py:106} INFO - 26/04/14 06:54:34 INFO MemoryStore: Block rdd_7_12 stored as values in memory (estimated size 1608.0 B, free 1048.5 MiB)
[2026-04-14T06:54:34.604+0000] {subprocess.py:106} INFO - 26/04/14 06:54:34 INFO CodecPool: Got brand-new decompressor [.zstd]
[2026-04-14T06:54:34.606+0000] {subprocess.py:106} INFO - 26/04/14 06:54:34 INFO MemoryStore: Block rdd_7_2 stored as values in memory (estimated size 1424.0 B, free 1048.5 MiB)
[2026-04-14T06:54:34.612+0000] {subprocess.py:106} INFO - 26/04/14 06:54:34 INFO CodecPool: Got brand-new decompressor [.zstd]
[2026-04-14T06:54:34.613+0000] {subprocess.py:106} INFO - 26/04/14 06:54:34 INFO CodecPool: Got brand-new decompressor [.zstd]
[2026-04-14T06:54:34.616+0000] {subprocess.py:106} INFO - 26/04/14 06:54:34 INFO MemoryStore: Block rdd_7_4 stored as values in memory (estimated size 1424.0 B, free 1048.5 MiB)
[2026-04-14T06:54:34.617+0000] {subprocess.py:106} INFO - 26/04/14 06:54:34 INFO MemoryStore: Block rdd_7_14 stored as values in memory (estimated size 1416.0 B, free 1048.5 MiB)
[2026-04-14T06:54:34.619+0000] {subprocess.py:106} INFO - 26/04/14 06:54:34 INFO CodecPool: Got brand-new decompressor [.zstd]
[2026-04-14T06:54:34.621+0000] {subprocess.py:106} INFO - 26/04/14 06:54:34 INFO MemoryStore: Block rdd_7_7 stored as values in memory (estimated size 1432.0 B, free 1048.5 MiB)
[2026-04-14T06:54:34.623+0000] {subprocess.py:106} INFO - 26/04/14 06:54:34 INFO CodecPool: Got brand-new decompressor [.zstd]
[2026-04-14T06:54:34.625+0000] {subprocess.py:106} INFO - 26/04/14 06:54:34 INFO CodecPool: Got brand-new decompressor [.zstd]
[2026-04-14T06:54:34.627+0000] {subprocess.py:106} INFO - 26/04/14 06:54:34 INFO Executor: 1 block locks were not released by task 14.0 in stage 1.0 (TID 29)
[2026-04-14T06:54:34.631+0000] {subprocess.py:106} INFO -  [rdd_7_14])
[2026-04-14T06:54:34.632+0000] {subprocess.py:106} INFO - 26/04/14 06:54:34 INFO Executor: 1 block locks were not released by task 7.0 in stage 1.0 (TID 22)
[2026-04-14T06:54:34.634+0000] {subprocess.py:106} INFO -  [rdd_7_7])
[2026-04-14T06:54:34.636+0000] {subprocess.py:106} INFO - 26/04/14 06:54:34 INFO Executor: 1 block locks were not released by task 12.0 in stage 1.0 (TID 27)
[2026-04-14T06:54:34.637+0000] {subprocess.py:106} INFO -  [rdd_7_12])
[2026-04-14T06:54:34.640+0000] {subprocess.py:106} INFO - 26/04/14 06:54:34 INFO Executor: 1 block locks were not released by task 2.0 in stage 1.0 (TID 17)
[2026-04-14T06:54:34.642+0000] {subprocess.py:106} INFO -  [rdd_7_2])
[2026-04-14T06:54:34.646+0000] {subprocess.py:106} INFO - 26/04/14 06:54:34 INFO Executor: 1 block locks were not released by task 4.0 in stage 1.0 (TID 19)
[2026-04-14T06:54:34.650+0000] {subprocess.py:106} INFO -  [rdd_7_4])
[2026-04-14T06:54:34.653+0000] {subprocess.py:106} INFO - 26/04/14 06:54:34 INFO CodecPool: Got brand-new decompressor [.zstd]
[2026-04-14T06:54:34.656+0000] {subprocess.py:106} INFO - 26/04/14 06:54:34 INFO Executor: 1 block locks were not released by task 0.0 in stage 1.0 (TID 15)
[2026-04-14T06:54:34.660+0000] {subprocess.py:106} INFO -  [rdd_7_0])
[2026-04-14T06:54:34.662+0000] {subprocess.py:106} INFO - 26/04/14 06:54:34 INFO Executor: 1 block locks were not released by task 11.0 in stage 1.0 (TID 26)
[2026-04-14T06:54:34.663+0000] {subprocess.py:106} INFO -  [rdd_7_11])
[2026-04-14T06:54:34.665+0000] {subprocess.py:106} INFO - 26/04/14 06:54:34 INFO Executor: Finished task 7.0 in stage 1.0 (TID 22). 4270 bytes result sent to driver
[2026-04-14T06:54:34.666+0000] {subprocess.py:106} INFO - 26/04/14 06:54:34 INFO MemoryStore: Block rdd_7_3 stored as values in memory (estimated size 1416.0 B, free 1048.5 MiB)
[2026-04-14T06:54:34.667+0000] {subprocess.py:106} INFO - 26/04/14 06:54:34 INFO Executor: 1 block locks were not released by task 1.0 in stage 1.0 (TID 16)
[2026-04-14T06:54:34.668+0000] {subprocess.py:106} INFO -  [rdd_7_1])
[2026-04-14T06:54:34.669+0000] {subprocess.py:106} INFO - 26/04/14 06:54:34 INFO Executor: Finished task 2.0 in stage 1.0 (TID 17). 4270 bytes result sent to driver
[2026-04-14T06:54:34.669+0000] {subprocess.py:106} INFO - 26/04/14 06:54:34 INFO Executor: Finished task 11.0 in stage 1.0 (TID 26). 4270 bytes result sent to driver
[2026-04-14T06:54:34.671+0000] {subprocess.py:106} INFO - 26/04/14 06:54:34 INFO Executor: Finished task 14.0 in stage 1.0 (TID 29). 4313 bytes result sent to driver
[2026-04-14T06:54:34.672+0000] {subprocess.py:106} INFO - 26/04/14 06:54:34 INFO Executor: Finished task 1.0 in stage 1.0 (TID 16). 4313 bytes result sent to driver
[2026-04-14T06:54:34.673+0000] {subprocess.py:106} INFO - 26/04/14 06:54:34 INFO CodecPool: Got brand-new decompressor [.zstd]
[2026-04-14T06:54:34.674+0000] {subprocess.py:106} INFO - 26/04/14 06:54:34 INFO Executor: Finished task 12.0 in stage 1.0 (TID 27). 4270 bytes result sent to driver
[2026-04-14T06:54:34.674+0000] {subprocess.py:106} INFO - 26/04/14 06:54:34 INFO Executor: 1 block locks were not released by task 3.0 in stage 1.0 (TID 18)
[2026-04-14T06:54:34.676+0000] {subprocess.py:106} INFO -  [rdd_7_3])
[2026-04-14T06:54:34.677+0000] {subprocess.py:106} INFO - 26/04/14 06:54:34 INFO MemoryStore: Block rdd_7_13 stored as values in memory (estimated size 1528.0 B, free 1048.5 MiB)
[2026-04-14T06:54:34.677+0000] {subprocess.py:106} INFO - 26/04/14 06:54:34 INFO Executor: Finished task 4.0 in stage 1.0 (TID 19). 4270 bytes result sent to driver
[2026-04-14T06:54:34.678+0000] {subprocess.py:106} INFO - 26/04/14 06:54:34 INFO Executor: Finished task 3.0 in stage 1.0 (TID 18). 4270 bytes result sent to driver
[2026-04-14T06:54:34.679+0000] {subprocess.py:106} INFO - 26/04/14 06:54:34 INFO MemoryStore: Block rdd_7_6 stored as values in memory (estimated size 1440.0 B, free 1048.5 MiB)
[2026-04-14T06:54:34.680+0000] {subprocess.py:106} INFO - 26/04/14 06:54:34 INFO Executor: Finished task 0.0 in stage 1.0 (TID 15). 4270 bytes result sent to driver
[2026-04-14T06:54:34.681+0000] {subprocess.py:106} INFO - 26/04/14 06:54:34 INFO TaskSetManager: Finished task 11.0 in stage 1.0 (TID 26) in 533 ms on spark-master (executor driver) (1/15)
[2026-04-14T06:54:34.683+0000] {subprocess.py:106} INFO - 26/04/14 06:54:34 INFO Executor: 1 block locks were not released by task 13.0 in stage 1.0 (TID 28)
[2026-04-14T06:54:34.685+0000] {subprocess.py:106} INFO -  [rdd_7_13])
[2026-04-14T06:54:34.687+0000] {subprocess.py:106} INFO - 26/04/14 06:54:34 INFO Executor: 1 block locks were not released by task 6.0 in stage 1.0 (TID 21)
[2026-04-14T06:54:34.687+0000] {subprocess.py:106} INFO -  [rdd_7_6])
[2026-04-14T06:54:34.689+0000] {subprocess.py:106} INFO - 26/04/14 06:54:34 INFO TaskSetManager: Finished task 7.0 in stage 1.0 (TID 22) in 542 ms on spark-master (executor driver) (2/15)
[2026-04-14T06:54:34.690+0000] {subprocess.py:106} INFO - 26/04/14 06:54:34 INFO MemoryStore: Block rdd_7_8 stored as values in memory (estimated size 1432.0 B, free 1048.5 MiB)
[2026-04-14T06:54:34.691+0000] {subprocess.py:106} INFO - 26/04/14 06:54:34 INFO Executor: Finished task 6.0 in stage 1.0 (TID 21). 4270 bytes result sent to driver
[2026-04-14T06:54:34.692+0000] {subprocess.py:106} INFO - 26/04/14 06:54:34 INFO CodecPool: Got brand-new decompressor [.zstd]
[2026-04-14T06:54:34.693+0000] {subprocess.py:106} INFO - 26/04/14 06:54:34 INFO MemoryStore: Block rdd_7_5 stored as values in memory (estimated size 1272.0 B, free 1048.5 MiB)
[2026-04-14T06:54:34.694+0000] {subprocess.py:106} INFO - 26/04/14 06:54:34 INFO TaskSetManager: Finished task 1.0 in stage 1.0 (TID 16) in 550 ms on spark-master (executor driver) (3/15)
[2026-04-14T06:54:34.695+0000] {subprocess.py:106} INFO - 26/04/14 06:54:34 INFO Executor: Finished task 13.0 in stage 1.0 (TID 28). 4270 bytes result sent to driver
[2026-04-14T06:54:34.696+0000] {subprocess.py:106} INFO - 26/04/14 06:54:34 INFO MemoryStore: Block rdd_7_10 stored as values in memory (estimated size 1512.0 B, free 1048.5 MiB)
[2026-04-14T06:54:34.697+0000] {subprocess.py:106} INFO - 26/04/14 06:54:34 INFO Executor: 1 block locks were not released by task 5.0 in stage 1.0 (TID 20)
[2026-04-14T06:54:34.699+0000] {subprocess.py:106} INFO -  [rdd_7_5])
[2026-04-14T06:54:34.700+0000] {subprocess.py:106} INFO - 26/04/14 06:54:34 INFO Executor: 1 block locks were not released by task 8.0 in stage 1.0 (TID 23)
[2026-04-14T06:54:34.701+0000] {subprocess.py:106} INFO -  [rdd_7_8])
[2026-04-14T06:54:34.703+0000] {subprocess.py:106} INFO - 26/04/14 06:54:34 INFO Executor: Finished task 5.0 in stage 1.0 (TID 20). 4270 bytes result sent to driver
[2026-04-14T06:54:34.705+0000] {subprocess.py:106} INFO - 26/04/14 06:54:34 INFO TaskSetManager: Finished task 3.0 in stage 1.0 (TID 18) in 555 ms on spark-master (executor driver) (4/15)
[2026-04-14T06:54:34.706+0000] {subprocess.py:106} INFO - 26/04/14 06:54:34 INFO MemoryStore: Block rdd_7_9 stored as values in memory (estimated size 1432.0 B, free 1048.5 MiB)
[2026-04-14T06:54:34.708+0000] {subprocess.py:106} INFO - 26/04/14 06:54:34 INFO TaskSetManager: Finished task 12.0 in stage 1.0 (TID 27) in 549 ms on spark-master (executor driver) (5/15)
[2026-04-14T06:54:34.710+0000] {subprocess.py:106} INFO - 26/04/14 06:54:34 INFO Executor: Finished task 8.0 in stage 1.0 (TID 23). 4270 bytes result sent to driver
[2026-04-14T06:54:34.711+0000] {subprocess.py:106} INFO - 26/04/14 06:54:34 INFO TaskSetManager: Finished task 2.0 in stage 1.0 (TID 17) in 560 ms on spark-master (executor driver) (6/15)
[2026-04-14T06:54:34.712+0000] {subprocess.py:106} INFO - 26/04/14 06:54:34 INFO TaskSetManager: Finished task 14.0 in stage 1.0 (TID 29) in 550 ms on spark-master (executor driver) (7/15)
[2026-04-14T06:54:34.712+0000] {subprocess.py:106} INFO - 26/04/14 06:54:34 INFO Executor: 1 block locks were not released by task 9.0 in stage 1.0 (TID 24)
[2026-04-14T06:54:34.713+0000] {subprocess.py:106} INFO -  [rdd_7_9])
[2026-04-14T06:54:34.714+0000] {subprocess.py:106} INFO - 26/04/14 06:54:34 INFO Executor: 1 block locks were not released by task 10.0 in stage 1.0 (TID 25)
[2026-04-14T06:54:34.715+0000] {subprocess.py:106} INFO -  [rdd_7_10])
[2026-04-14T06:54:34.717+0000] {subprocess.py:106} INFO - 26/04/14 06:54:34 INFO Executor: Finished task 9.0 in stage 1.0 (TID 24). 4270 bytes result sent to driver
[2026-04-14T06:54:34.718+0000] {subprocess.py:106} INFO - 26/04/14 06:54:34 INFO TaskSetManager: Finished task 0.0 in stage 1.0 (TID 15) in 570 ms on spark-master (executor driver) (8/15)
[2026-04-14T06:54:34.718+0000] {subprocess.py:106} INFO - 26/04/14 06:54:34 INFO Executor: Finished task 10.0 in stage 1.0 (TID 25). 4270 bytes result sent to driver
[2026-04-14T06:54:34.719+0000] {subprocess.py:106} INFO - 26/04/14 06:54:34 INFO TaskSetManager: Finished task 4.0 in stage 1.0 (TID 19) in 570 ms on spark-master (executor driver) (9/15)
[2026-04-14T06:54:34.720+0000] {subprocess.py:106} INFO - 26/04/14 06:54:34 INFO TaskSetManager: Finished task 5.0 in stage 1.0 (TID 20) in 570 ms on spark-master (executor driver) (10/15)
[2026-04-14T06:54:34.721+0000] {subprocess.py:106} INFO - 26/04/14 06:54:34 INFO TaskSetManager: Finished task 6.0 in stage 1.0 (TID 21) in 570 ms on spark-master (executor driver) (11/15)
[2026-04-14T06:54:34.722+0000] {subprocess.py:106} INFO - 26/04/14 06:54:34 INFO TaskSetManager: Finished task 13.0 in stage 1.0 (TID 28) in 564 ms on spark-master (executor driver) (12/15)
[2026-04-14T06:54:34.722+0000] {subprocess.py:106} INFO - 26/04/14 06:54:34 INFO TaskSetManager: Finished task 9.0 in stage 1.0 (TID 24) in 569 ms on spark-master (executor driver) (13/15)
[2026-04-14T06:54:34.723+0000] {subprocess.py:106} INFO - 26/04/14 06:54:34 INFO TaskSetManager: Finished task 8.0 in stage 1.0 (TID 23) in 571 ms on spark-master (executor driver) (14/15)
[2026-04-14T06:54:34.724+0000] {subprocess.py:106} INFO - 26/04/14 06:54:34 INFO TaskSetManager: Finished task 10.0 in stage 1.0 (TID 25) in 569 ms on spark-master (executor driver) (15/15)
[2026-04-14T06:54:34.725+0000] {subprocess.py:106} INFO - 26/04/14 06:54:34 INFO TaskSchedulerImpl: Removed TaskSet 1.0 whose tasks have all completed, from pool
[2026-04-14T06:54:34.726+0000] {subprocess.py:106} INFO - 26/04/14 06:54:34 INFO DAGScheduler: ResultStage 1 (count at NativeMethodAccessorImpl.java:0) finished in 614 ms
[2026-04-14T06:54:34.727+0000] {subprocess.py:106} INFO - 26/04/14 06:54:34 INFO DAGScheduler: Job 1 is finished. Cancelling potential speculative or zombie tasks for this job
[2026-04-14T06:54:34.728+0000] {subprocess.py:106} INFO - 26/04/14 06:54:34 INFO TaskSchedulerImpl: Canceling stage 1
[2026-04-14T06:54:34.728+0000] {subprocess.py:106} INFO - 26/04/14 06:54:34 INFO TaskSchedulerImpl: Killing all running tasks in stage 1: Stage finished
[2026-04-14T06:54:34.841+0000] {subprocess.py:106} INFO - 26/04/14 06:54:34 INFO CodeGenerator: Code generated in 36.532485 ms
[2026-04-14T06:54:34.900+0000] {subprocess.py:106} INFO - 26/04/14 06:54:34 INFO DAGScheduler: Registering RDD 12 ($anonfun$withThreadLocalCaptured$2 at CompletableFuture.java:1768) as input to shuffle 0
[2026-04-14T06:54:34.911+0000] {subprocess.py:106} INFO - 26/04/14 06:54:34 INFO DAGScheduler: Got map stage job 2 ($anonfun$withThreadLocalCaptured$2 at CompletableFuture.java:1768) with 15 output partitions
[2026-04-14T06:54:34.913+0000] {subprocess.py:106} INFO - 26/04/14 06:54:34 INFO DAGScheduler: Final stage: ShuffleMapStage 2 ($anonfun$withThreadLocalCaptured$2 at CompletableFuture.java:1768)
[2026-04-14T06:54:34.920+0000] {subprocess.py:106} INFO - 26/04/14 06:54:34 INFO DAGScheduler: Parents of final stage: List()
[2026-04-14T06:54:34.921+0000] {subprocess.py:106} INFO - 26/04/14 06:54:34 INFO DAGScheduler: Missing parents: List()
[2026-04-14T06:54:34.922+0000] {subprocess.py:106} INFO - 26/04/14 06:54:34 INFO DAGScheduler: Submitting ShuffleMapStage 2 (MapPartitionsRDD[12] at $anonfun$withThreadLocalCaptured$2 at CompletableFuture.java:1768), which has no missing parents
[2026-04-14T06:54:34.954+0000] {subprocess.py:106} INFO - 26/04/14 06:54:34 INFO MemoryStore: Block broadcast_7 stored as values in memory (estimated size 31.5 KiB, free 1048.4 MiB)
[2026-04-14T06:54:34.957+0000] {subprocess.py:106} INFO - 26/04/14 06:54:34 INFO MemoryStore: Block broadcast_7_piece0 stored as bytes in memory (estimated size 11.6 KiB, free 1048.4 MiB)
[2026-04-14T06:54:34.961+0000] {subprocess.py:106} INFO - 26/04/14 06:54:34 INFO SparkContext: Created broadcast 7 from broadcast at DAGScheduler.scala:1676
[2026-04-14T06:54:34.963+0000] {subprocess.py:106} INFO - 26/04/14 06:54:34 INFO DAGScheduler: Submitting 15 missing tasks from ShuffleMapStage 2 (MapPartitionsRDD[12] at $anonfun$withThreadLocalCaptured$2 at CompletableFuture.java:1768) (first 15 tasks are for partitions Vector(0, 1, 2, 3, 4, 5, 6, 7, 8, 9, 10, 11, 12, 13, 14))
[2026-04-14T06:54:34.964+0000] {subprocess.py:106} INFO - 26/04/14 06:54:34 INFO TaskSchedulerImpl: Adding task set 2.0 with 15 tasks resource profile 0
[2026-04-14T06:54:34.973+0000] {subprocess.py:106} INFO - 26/04/14 06:54:34 INFO TaskSetManager: Starting task 0.0 in stage 2.0 (TID 30) (spark-master,executor driver, partition 0, PROCESS_LOCAL, 20465 bytes)
[2026-04-14T06:54:34.974+0000] {subprocess.py:106} INFO - 26/04/14 06:54:34 INFO TaskSetManager: Starting task 1.0 in stage 2.0 (TID 31) (spark-master,executor driver, partition 1, PROCESS_LOCAL, 20437 bytes)
[2026-04-14T06:54:34.977+0000] {subprocess.py:106} INFO - 26/04/14 06:54:34 INFO TaskSetManager: Starting task 2.0 in stage 2.0 (TID 32) (spark-master,executor driver, partition 2, PROCESS_LOCAL, 20465 bytes)
[2026-04-14T06:54:34.980+0000] {subprocess.py:106} INFO - 26/04/14 06:54:34 INFO TaskSetManager: Starting task 3.0 in stage 2.0 (TID 33) (spark-master,executor driver, partition 3, PROCESS_LOCAL, 20452 bytes)
[2026-04-14T06:54:34.982+0000] {subprocess.py:106} INFO - 26/04/14 06:54:34 INFO TaskSetManager: Starting task 4.0 in stage 2.0 (TID 34) (spark-master,executor driver, partition 4, PROCESS_LOCAL, 20452 bytes)
[2026-04-14T06:54:34.983+0000] {subprocess.py:106} INFO - 26/04/14 06:54:34 INFO TaskSetManager: Starting task 5.0 in stage 2.0 (TID 35) (spark-master,executor driver, partition 5, PROCESS_LOCAL, 20461 bytes)
[2026-04-14T06:54:34.984+0000] {subprocess.py:106} INFO - 26/04/14 06:54:34 INFO TaskSetManager: Starting task 6.0 in stage 2.0 (TID 36) (spark-master,executor driver, partition 6, PROCESS_LOCAL, 20907 bytes)
[2026-04-14T06:54:34.986+0000] {subprocess.py:106} INFO - 26/04/14 06:54:34 INFO TaskSetManager: Starting task 7.0 in stage 2.0 (TID 37) (spark-master,executor driver, partition 7, PROCESS_LOCAL, 20901 bytes)
[2026-04-14T06:54:34.988+0000] {subprocess.py:106} INFO - 26/04/14 06:54:34 INFO TaskSetManager: Starting task 8.0 in stage 2.0 (TID 38) (spark-master,executor driver, partition 8, PROCESS_LOCAL, 20902 bytes)
[2026-04-14T06:54:34.990+0000] {subprocess.py:106} INFO - 26/04/14 06:54:34 INFO TaskSetManager: Starting task 9.0 in stage 2.0 (TID 39) (spark-master,executor driver, partition 9, PROCESS_LOCAL, 20898 bytes)
[2026-04-14T06:54:34.991+0000] {subprocess.py:106} INFO - 26/04/14 06:54:34 INFO TaskSetManager: Starting task 10.0 in stage 2.0 (TID 40) (spark-master,executor driver, partition 10, PROCESS_LOCAL, 20457 bytes)
[2026-04-14T06:54:34.992+0000] {subprocess.py:106} INFO - 26/04/14 06:54:34 INFO TaskSetManager: Starting task 11.0 in stage 2.0 (TID 41) (spark-master,executor driver, partition 11, PROCESS_LOCAL, 20460 bytes)
[2026-04-14T06:54:34.993+0000] {subprocess.py:106} INFO - 26/04/14 06:54:34 INFO TaskSetManager: Starting task 12.0 in stage 2.0 (TID 42) (spark-master,executor driver, partition 12, PROCESS_LOCAL, 20452 bytes)
[2026-04-14T06:54:34.994+0000] {subprocess.py:106} INFO - 26/04/14 06:54:34 INFO TaskSetManager: Starting task 13.0 in stage 2.0 (TID 43) (spark-master,executor driver, partition 13, PROCESS_LOCAL, 20459 bytes)
[2026-04-14T06:54:34.995+0000] {subprocess.py:106} INFO - 26/04/14 06:54:34 INFO TaskSetManager: Starting task 14.0 in stage 2.0 (TID 44) (spark-master,executor driver, partition 14, PROCESS_LOCAL, 20438 bytes)
[2026-04-14T06:54:35.003+0000] {subprocess.py:106} INFO - 26/04/14 06:54:34 INFO Executor: Running task 7.0 in stage 2.0 (TID 37)
[2026-04-14T06:54:35.004+0000] {subprocess.py:106} INFO - 26/04/14 06:54:34 INFO Executor: Running task 9.0 in stage 2.0 (TID 39)
[2026-04-14T06:54:35.005+0000] {subprocess.py:106} INFO - 26/04/14 06:54:34 INFO Executor: Running task 1.0 in stage 2.0 (TID 31)
[2026-04-14T06:54:35.006+0000] {subprocess.py:106} INFO - 26/04/14 06:54:34 INFO Executor: Running task 11.0 in stage 2.0 (TID 41)
[2026-04-14T06:54:35.007+0000] {subprocess.py:106} INFO - 26/04/14 06:54:34 INFO Executor: Running task 0.0 in stage 2.0 (TID 30)
[2026-04-14T06:54:35.008+0000] {subprocess.py:106} INFO - 26/04/14 06:54:34 INFO Executor: Running task 8.0 in stage 2.0 (TID 38)
[2026-04-14T06:54:35.009+0000] {subprocess.py:106} INFO - 26/04/14 06:54:34 INFO Executor: Running task 6.0 in stage 2.0 (TID 36)
[2026-04-14T06:54:35.010+0000] {subprocess.py:106} INFO - 26/04/14 06:54:34 INFO Executor: Running task 10.0 in stage 2.0 (TID 40)
[2026-04-14T06:54:35.010+0000] {subprocess.py:106} INFO - 26/04/14 06:54:34 INFO Executor: Running task 3.0 in stage 2.0 (TID 33)
[2026-04-14T06:54:35.011+0000] {subprocess.py:106} INFO - 26/04/14 06:54:34 INFO Executor: Running task 12.0 in stage 2.0 (TID 42)
[2026-04-14T06:54:35.011+0000] {subprocess.py:106} INFO - 26/04/14 06:54:34 INFO Executor: Running task 14.0 in stage 2.0 (TID 44)
[2026-04-14T06:54:35.012+0000] {subprocess.py:106} INFO - 26/04/14 06:54:34 INFO Executor: Running task 2.0 in stage 2.0 (TID 32)
[2026-04-14T06:54:35.013+0000] {subprocess.py:106} INFO - 26/04/14 06:54:34 INFO Executor: Running task 5.0 in stage 2.0 (TID 35)
[2026-04-14T06:54:35.013+0000] {subprocess.py:106} INFO - 26/04/14 06:54:34 INFO Executor: Running task 4.0 in stage 2.0 (TID 34)
[2026-04-14T06:54:35.014+0000] {subprocess.py:106} INFO - 26/04/14 06:54:35 INFO Executor: Running task 13.0 in stage 2.0 (TID 43)
[2026-04-14T06:54:35.047+0000] {subprocess.py:106} INFO - 26/04/14 06:54:35 INFO BlockManager: Found block rdd_7_8 locally
[2026-04-14T06:54:35.048+0000] {subprocess.py:106} INFO - 26/04/14 06:54:35 INFO BlockManager: Found block rdd_7_11 locally
[2026-04-14T06:54:35.049+0000] {subprocess.py:106} INFO - 26/04/14 06:54:35 INFO BlockManager: Found block rdd_7_9 locally
[2026-04-14T06:54:35.051+0000] {subprocess.py:106} INFO - 26/04/14 06:54:35 INFO BlockManager: Found block rdd_7_4 locally
[2026-04-14T06:54:35.052+0000] {subprocess.py:106} INFO - 26/04/14 06:54:35 INFO BlockManager: Found block rdd_7_1 locally
[2026-04-14T06:54:35.053+0000] {subprocess.py:106} INFO - 26/04/14 06:54:35 INFO BlockManager: Found block rdd_7_14 locally
[2026-04-14T06:54:35.054+0000] {subprocess.py:106} INFO - 26/04/14 06:54:35 INFO BlockManager: Found block rdd_7_13 locally
[2026-04-14T06:54:35.055+0000] {subprocess.py:106} INFO - 26/04/14 06:54:35 INFO BlockManager: Found block rdd_7_5 locally
[2026-04-14T06:54:35.055+0000] {subprocess.py:106} INFO - 26/04/14 06:54:35 INFO BlockManager: Found block rdd_7_7 locally
[2026-04-14T06:54:35.056+0000] {subprocess.py:106} INFO - 26/04/14 06:54:35 INFO BlockManager: Found block rdd_7_12 locally
[2026-04-14T06:54:35.057+0000] {subprocess.py:106} INFO - 26/04/14 06:54:35 INFO BlockManager: Found block rdd_7_6 locally
[2026-04-14T06:54:35.057+0000] {subprocess.py:106} INFO - 26/04/14 06:54:35 INFO BlockManager: Found block rdd_7_0 locally
[2026-04-14T06:54:35.058+0000] {subprocess.py:106} INFO - 26/04/14 06:54:35 INFO BlockManager: Found block rdd_7_10 locally
[2026-04-14T06:54:35.059+0000] {subprocess.py:106} INFO - 26/04/14 06:54:35 INFO BlockManager: Found block rdd_7_3 locally
[2026-04-14T06:54:35.060+0000] {subprocess.py:106} INFO - 26/04/14 06:54:35 INFO BlockManager: Found block rdd_7_2 locally
[2026-04-14T06:54:35.077+0000] {subprocess.py:106} INFO - 26/04/14 06:54:35 INFO CodeGenerator: Code generated in 8.657115 ms
[2026-04-14T06:54:35.121+0000] {subprocess.py:106} INFO - 26/04/14 06:54:35 INFO CodeGenerator: Code generated in 26.645179 ms
[2026-04-14T06:54:35.140+0000] {subprocess.py:106} INFO - 26/04/14 06:54:35 INFO CodeGenerator: Code generated in 16.473844 ms
[2026-04-14T06:54:35.166+0000] {subprocess.py:106} INFO - 26/04/14 06:54:35 INFO SecurityManager: Changing view acls to: spark
[2026-04-14T06:54:35.168+0000] {subprocess.py:106} INFO - 26/04/14 06:54:35 INFO SecurityManager: Changing modify acls to: spark
[2026-04-14T06:54:35.169+0000] {subprocess.py:106} INFO - 26/04/14 06:54:35 INFO SecurityManager: Changing view acls groups to: spark
[2026-04-14T06:54:35.169+0000] {subprocess.py:106} INFO - 26/04/14 06:54:35 INFO SecurityManager: Changing modify acls groups to: spark
[2026-04-14T06:54:35.170+0000] {subprocess.py:106} INFO - 26/04/14 06:54:35 INFO SecurityManager: SecurityManager: authentication disabled; ui acls disabled; users with view permissions: spark groups with view permissions: EMPTY; users with modify permissions: spark; groups with modify permissions: EMPTY; RPC SSL disabled
[2026-04-14T06:54:35.282+0000] {subprocess.py:106} INFO - 26/04/14 06:54:35 INFO Executor: Finished task 6.0 in stage 2.0 (TID 36). 4973 bytes result sent to driver
[2026-04-14T06:54:35.285+0000] {subprocess.py:106} INFO - 26/04/14 06:54:35 INFO Executor: Finished task 11.0 in stage 2.0 (TID 41). 5016 bytes result sent to driver
[2026-04-14T06:54:35.286+0000] {subprocess.py:106} INFO - 26/04/14 06:54:35 INFO Executor: Finished task 8.0 in stage 2.0 (TID 38). 5016 bytes result sent to driver
[2026-04-14T06:54:35.287+0000] {subprocess.py:106} INFO - 26/04/14 06:54:35 INFO Executor: Finished task 10.0 in stage 2.0 (TID 40). 5016 bytes result sent to driver
[2026-04-14T06:54:35.289+0000] {subprocess.py:106} INFO - 26/04/14 06:54:35 INFO Executor: Finished task 5.0 in stage 2.0 (TID 35). 5016 bytes result sent to driver
[2026-04-14T06:54:35.290+0000] {subprocess.py:106} INFO - 26/04/14 06:54:35 INFO Executor: Finished task 2.0 in stage 2.0 (TID 32). 4973 bytes result sent to driver
[2026-04-14T06:54:35.291+0000] {subprocess.py:106} INFO - 26/04/14 06:54:35 INFO Executor: Finished task 13.0 in stage 2.0 (TID 43). 4973 bytes result sent to driver
[2026-04-14T06:54:35.292+0000] {subprocess.py:106} INFO - 26/04/14 06:54:35 INFO Executor: Finished task 1.0 in stage 2.0 (TID 31). 4973 bytes result sent to driver
[2026-04-14T06:54:35.293+0000] {subprocess.py:106} INFO - 26/04/14 06:54:35 INFO Executor: Finished task 0.0 in stage 2.0 (TID 30). 5016 bytes result sent to driver
[2026-04-14T06:54:35.298+0000] {subprocess.py:106} INFO - 26/04/14 06:54:35 INFO TaskSetManager: Finished task 5.0 in stage 2.0 (TID 35) in 306 ms on spark-master (executor driver) (1/15)
[2026-04-14T06:54:35.299+0000] {subprocess.py:106} INFO - 26/04/14 06:54:35 INFO TaskSetManager: Finished task 8.0 in stage 2.0 (TID 38) in 301 ms on spark-master (executor driver) (2/15)
[2026-04-14T06:54:35.300+0000] {subprocess.py:106} INFO - 26/04/14 06:54:35 INFO Executor: Finished task 3.0 in stage 2.0 (TID 33). 4973 bytes result sent to driver
[2026-04-14T06:54:35.302+0000] {subprocess.py:106} INFO - 26/04/14 06:54:35 INFO TaskSetManager: Finished task 11.0 in stage 2.0 (TID 41) in 298 ms on spark-master (executor driver) (3/15)
[2026-04-14T06:54:35.303+0000] {subprocess.py:106} INFO - 26/04/14 06:54:35 INFO TaskSetManager: Finished task 10.0 in stage 2.0 (TID 40) in 299 ms on spark-master (executor driver) (4/15)
[2026-04-14T06:54:35.304+0000] {subprocess.py:106} INFO - 26/04/14 06:54:35 INFO Executor: Finished task 4.0 in stage 2.0 (TID 34). 4973 bytes result sent to driver
[2026-04-14T06:54:35.305+0000] {subprocess.py:106} INFO - 26/04/14 06:54:35 INFO Executor: Finished task 7.0 in stage 2.0 (TID 37). 4973 bytes result sent to driver
[2026-04-14T06:54:35.307+0000] {subprocess.py:106} INFO - 26/04/14 06:54:35 INFO TaskSetManager: Finished task 1.0 in stage 2.0 (TID 31) in 319 ms on spark-master (executor driver) (5/15)
[2026-04-14T06:54:35.309+0000] {subprocess.py:106} INFO - 26/04/14 06:54:35 INFO Executor: Finished task 9.0 in stage 2.0 (TID 39). 4973 bytes result sent to driver
[2026-04-14T06:54:35.312+0000] {subprocess.py:106} INFO - 26/04/14 06:54:35 INFO TaskSetManager: Finished task 6.0 in stage 2.0 (TID 36) in 312 ms on spark-master (executor driver) (6/15)
[2026-04-14T06:54:35.313+0000] {subprocess.py:106} INFO - 26/04/14 06:54:35 INFO TaskSetManager: Finished task 13.0 in stage 2.0 (TID 43) in 303 ms on spark-master (executor driver) (7/15)
[2026-04-14T06:54:35.314+0000] {subprocess.py:106} INFO - 26/04/14 06:54:35 INFO TaskSetManager: Finished task 4.0 in stage 2.0 (TID 34) in 318 ms on spark-master (executor driver) (8/15)
[2026-04-14T06:54:35.315+0000] {subprocess.py:106} INFO - 26/04/14 06:54:35 INFO TaskSetManager: Finished task 0.0 in stage 2.0 (TID 30) in 330 ms on spark-master (executor driver) (9/15)
[2026-04-14T06:54:35.316+0000] {subprocess.py:106} INFO - 26/04/14 06:54:35 INFO TaskSetManager: Finished task 2.0 in stage 2.0 (TID 32) in 325 ms on spark-master (executor driver) (10/15)
[2026-04-14T06:54:35.317+0000] {subprocess.py:106} INFO - 26/04/14 06:54:35 INFO Executor: Finished task 14.0 in stage 2.0 (TID 44). 4973 bytes result sent to driver
[2026-04-14T06:54:35.318+0000] {subprocess.py:106} INFO - 26/04/14 06:54:35 INFO TaskSetManager: Finished task 7.0 in stage 2.0 (TID 37) in 315 ms on spark-master (executor driver) (11/15)
[2026-04-14T06:54:35.318+0000] {subprocess.py:106} INFO - 26/04/14 06:54:35 INFO TaskSetManager: Finished task 3.0 in stage 2.0 (TID 33) in 325 ms on spark-master (executor driver) (12/15)
[2026-04-14T06:54:35.319+0000] {subprocess.py:106} INFO - 26/04/14 06:54:35 INFO TaskSetManager: Finished task 14.0 in stage 2.0 (TID 44) in 309 ms on spark-master (executor driver) (13/15)
[2026-04-14T06:54:35.320+0000] {subprocess.py:106} INFO - 26/04/14 06:54:35 INFO Executor: Finished task 12.0 in stage 2.0 (TID 42). 4973 bytes result sent to driver
[2026-04-14T06:54:35.321+0000] {subprocess.py:106} INFO - 26/04/14 06:54:35 INFO TaskSetManager: Finished task 9.0 in stage 2.0 (TID 39) in 318 ms on spark-master (executor driver) (14/15)
[2026-04-14T06:54:35.321+0000] {subprocess.py:106} INFO - 26/04/14 06:54:35 INFO TaskSetManager: Finished task 12.0 in stage 2.0 (TID 42) in 316 ms on spark-master (executor driver) (15/15)
[2026-04-14T06:54:35.322+0000] {subprocess.py:106} INFO - 26/04/14 06:54:35 INFO TaskSchedulerImpl: Removed TaskSet 2.0 whose tasks have all completed, from pool
[2026-04-14T06:54:35.324+0000] {subprocess.py:106} INFO - 26/04/14 06:54:35 INFO DAGScheduler: ShuffleMapStage 2 ($anonfun$withThreadLocalCaptured$2 at CompletableFuture.java:1768) finished in 382 ms
[2026-04-14T06:54:35.325+0000] {subprocess.py:106} INFO - 26/04/14 06:54:35 INFO DAGScheduler: looking for newly runnable stages
[2026-04-14T06:54:35.326+0000] {subprocess.py:106} INFO - 26/04/14 06:54:35 INFO DAGScheduler: running: HashSet()
[2026-04-14T06:54:35.327+0000] {subprocess.py:106} INFO - 26/04/14 06:54:35 INFO DAGScheduler: waiting: HashSet()
[2026-04-14T06:54:35.328+0000] {subprocess.py:106} INFO - 26/04/14 06:54:35 INFO DAGScheduler: failed: HashSet()
[2026-04-14T06:54:35.415+0000] {subprocess.py:106} INFO - 26/04/14 06:54:35 INFO CodeGenerator: Code generated in 28.698484 ms
[2026-04-14T06:54:35.466+0000] {subprocess.py:106} INFO - 26/04/14 06:54:35 INFO SparkContext: Starting job: $anonfun$withThreadLocalCaptured$2 at CompletableFuture.java:1768
[2026-04-14T06:54:35.468+0000] {subprocess.py:106} INFO - 26/04/14 06:54:35 INFO DAGScheduler: Got job 3 ($anonfun$withThreadLocalCaptured$2 at CompletableFuture.java:1768) with 1 output partitions
[2026-04-14T06:54:35.469+0000] {subprocess.py:106} INFO - 26/04/14 06:54:35 INFO DAGScheduler: Final stage: ResultStage 4 ($anonfun$withThreadLocalCaptured$2 at CompletableFuture.java:1768)
[2026-04-14T06:54:35.470+0000] {subprocess.py:106} INFO - 26/04/14 06:54:35 INFO DAGScheduler: Parents of final stage: List(ShuffleMapStage 3)
[2026-04-14T06:54:35.471+0000] {subprocess.py:106} INFO - 26/04/14 06:54:35 INFO DAGScheduler: Missing parents: List()
[2026-04-14T06:54:35.472+0000] {subprocess.py:106} INFO - 26/04/14 06:54:35 INFO DAGScheduler: Submitting ResultStage 4 (MapPartitionsRDD[15] at $anonfun$withThreadLocalCaptured$2 at CompletableFuture.java:1768), which has no missing parents
[2026-04-14T06:54:35.481+0000] {subprocess.py:106} INFO - 26/04/14 06:54:35 INFO MemoryStore: Block broadcast_8 stored as values in memory (estimated size 13.6 KiB, free 1048.7 MiB)
[2026-04-14T06:54:35.548+0000] {subprocess.py:106} INFO - 26/04/14 06:54:35 INFO MemoryStore: Block broadcast_8_piece0 stored as bytes in memory (estimated size 6.5 KiB, free 1048.7 MiB)
[2026-04-14T06:54:35.549+0000] {subprocess.py:106} INFO - 26/04/14 06:54:35 INFO SparkContext: Created broadcast 8 from broadcast at DAGScheduler.scala:1676
[2026-04-14T06:54:35.550+0000] {subprocess.py:106} INFO - 26/04/14 06:54:35 INFO DAGScheduler: Submitting 1 missing tasks from ResultStage 4 (MapPartitionsRDD[15] at $anonfun$withThreadLocalCaptured$2 at CompletableFuture.java:1768) (first 15 tasks are for partitions Vector(0))
[2026-04-14T06:54:35.550+0000] {subprocess.py:106} INFO - 26/04/14 06:54:35 INFO TaskSchedulerImpl: Adding task set 4.0 with 1 tasks resource profile 0
[2026-04-14T06:54:35.554+0000] {subprocess.py:106} INFO - 26/04/14 06:54:35 INFO TaskSetManager: Starting task 0.0 in stage 4.0 (TID 45) (spark-master,executor driver, partition 0, NODE_LOCAL, 9962 bytes)
[2026-04-14T06:54:35.555+0000] {subprocess.py:106} INFO - 26/04/14 06:54:35 INFO Executor: Running task 0.0 in stage 4.0 (TID 45)
[2026-04-14T06:54:35.622+0000] {subprocess.py:106} INFO - 26/04/14 06:54:35 INFO ShuffleBlockFetcherIterator: Getting 15 (900.0 B) non-empty blocks including 15 (900.0 B) local and 0 (0.0 B) host-local and 0 (0.0 B) push-merged-local and 0 (0.0 B) remote blocks
[2026-04-14T06:54:35.628+0000] {subprocess.py:106} INFO - 26/04/14 06:54:35 INFO ShuffleBlockFetcherIterator: Started 0 remote fetches in 34 ms
[2026-04-14T06:54:35.652+0000] {subprocess.py:106} INFO - 26/04/14 06:54:35 INFO CodeGenerator: Code generated in 16.822722 ms
[2026-04-14T06:54:35.682+0000] {subprocess.py:106} INFO - 26/04/14 06:54:35 INFO Executor: Finished task 0.0 in stage 4.0 (TID 45). 3938 bytes result sent to driver
[2026-04-14T06:54:35.684+0000] {subprocess.py:106} INFO - 26/04/14 06:54:35 INFO TaskSetManager: Finished task 0.0 in stage 4.0 (TID 45) in 132 ms on spark-master (executor driver) (1/1)
[2026-04-14T06:54:35.687+0000] {subprocess.py:106} INFO - 26/04/14 06:54:35 INFO TaskSchedulerImpl: Removed TaskSet 4.0 whose tasks have all completed, from pool
[2026-04-14T06:54:35.687+0000] {subprocess.py:106} INFO - 26/04/14 06:54:35 INFO DAGScheduler: ResultStage 4 ($anonfun$withThreadLocalCaptured$2 at CompletableFuture.java:1768) finished in 205 ms
[2026-04-14T06:54:35.688+0000] {subprocess.py:106} INFO - 26/04/14 06:54:35 INFO DAGScheduler: Job 3 is finished. Cancelling potential speculative or zombie tasks for this job
[2026-04-14T06:54:35.689+0000] {subprocess.py:106} INFO - 26/04/14 06:54:35 INFO TaskSchedulerImpl: Canceling stage 4
[2026-04-14T06:54:35.690+0000] {subprocess.py:106} INFO - 26/04/14 06:54:35 INFO TaskSchedulerImpl: Killing all running tasks in stage 4: Stage finished
[2026-04-14T06:54:35.690+0000] {subprocess.py:106} INFO - 26/04/14 06:54:35 INFO DAGScheduler: Job 3 finished: $anonfun$withThreadLocalCaptured$2 at CompletableFuture.java:1768, took 219.70751 ms
[2026-04-14T06:54:35.732+0000] {subprocess.py:106} INFO - 26/04/14 06:54:35 INFO SparkContext: SparkContext is stopping with exitCode 0 from stop at NativeMethodAccessorImpl.java:0.
[2026-04-14T06:54:35.766+0000] {subprocess.py:106} INFO - 26/04/14 06:54:35 INFO SparkUI: Stopped Spark web UI at http://spark-master:4040
[2026-04-14T06:54:35.793+0000] {subprocess.py:106} INFO - 26/04/14 06:54:35 INFO MapOutputTrackerMasterEndpoint: MapOutputTrackerMasterEndpoint stopped!
[2026-04-14T06:54:35.843+0000] {subprocess.py:106} INFO - 26/04/14 06:54:35 INFO MemoryStore: MemoryStore cleared
[2026-04-14T06:54:35.844+0000] {subprocess.py:106} INFO - 26/04/14 06:54:35 INFO BlockManager: BlockManager stopped
[2026-04-14T06:54:35.849+0000] {subprocess.py:106} INFO - 26/04/14 06:54:35 INFO BlockManagerMaster: BlockManagerMaster stopped
[2026-04-14T06:54:35.852+0000] {subprocess.py:106} INFO - 26/04/14 06:54:35 INFO OutputCommitCoordinator$OutputCommitCoordinatorEndpoint: OutputCommitCoordinator stopped!
[2026-04-14T06:54:35.879+0000] {subprocess.py:106} INFO - 26/04/14 06:54:35 INFO SparkContext: Successfully stopped SparkContext
[2026-04-14T06:54:38.840+0000] {subprocess.py:106} INFO - 26/04/14 06:54:38 INFO ShutdownHookManager: Shutdown hook called
[2026-04-14T06:54:38.841+0000] {subprocess.py:106} INFO - 26/04/14 06:54:38 INFO ShutdownHookManager: Deleting directory /tmp/artifacts-89d0fce9-1c93-4c1b-87b1-a58f3d6eda4c
[2026-04-14T06:54:38.857+0000] {subprocess.py:106} INFO - 26/04/14 06:54:38 INFO ShutdownHookManager: Deleting directory /tmp/spark-0fcc0c7e-3d9d-4969-9d1c-04fe662a96a4
[2026-04-14T06:54:38.873+0000] {subprocess.py:106} INFO - 26/04/14 06:54:38 INFO ShutdownHookManager: Deleting directory /tmp/spark-f9c267e6-784b-44c2-8f2e-b2800b6954cd/pyspark-10dc59b0-d55c-43ef-8270-e78135b4e835
[2026-04-14T06:54:38.913+0000] {subprocess.py:106} INFO - 26/04/14 06:54:38 INFO ShutdownHookManager: Deleting directory /tmp/spark-f9c267e6-784b-44c2-8f2e-b2800b6954cd
[2026-04-14T06:54:40.055+0000] {subprocess.py:110} INFO - Command exited with return code 0
[2026-04-14T06:54:41.919+0000] {taskinstance.py:340} INFO - ::group::Post task execution logs
[2026-04-14T06:54:41.928+0000] {taskinstance.py:352} INFO - Marking task as SUCCESS. dag_id=predict_aqi, task_id=silver_to_gold, run_id=scheduled__2026-04-14T05:00:00+00:00, execution_date=20260414T050000, start_date=20260414T065334, end_date=20260414T065441
[2026-04-14T06:54:42.112+0000] {local_task_job_runner.py:266} INFO - Task exited with return code 0
[2026-04-14T06:54:42.377+0000] {taskinstance.py:3895} INFO - 1 downstream tasks scheduled from follow-on schedule check
[2026-04-14T06:54:42.382+0000] {local_task_job_runner.py:245} INFO - ::endgroup::
