[2026-04-12T04:38:06.272+0000] {local_task_job_runner.py:123} INFO - ::group::Pre task execution logs
[2026-04-12T04:38:06.307+0000] {taskinstance.py:2613} INFO - Dependencies all met for dep_context=non-requeueable deps ti=<TaskInstance: weather_real_time_pipeline_v2.start_spark_streaming_job scheduled__2026-04-12T04:32:00+00:00 [queued]>
[2026-04-12T04:38:06.330+0000] {taskinstance.py:2613} INFO - Dependencies all met for dep_context=requeueable deps ti=<TaskInstance: weather_real_time_pipeline_v2.start_spark_streaming_job scheduled__2026-04-12T04:32:00+00:00 [queued]>
[2026-04-12T04:38:06.332+0000] {taskinstance.py:2866} INFO - Starting attempt 4 of 4
[2026-04-12T04:38:06.358+0000] {taskinstance.py:2889} INFO - Executing <Task(BashOperator): start_spark_streaming_job> on 2026-04-12 04:32:00+00:00
[2026-04-12T04:38:06.368+0000] {standard_task_runner.py:104} INFO - Running: ['airflow', 'tasks', 'run', 'weather_real_time_pipeline_v2', 'start_spark_streaming_job', 'scheduled__2026-04-12T04:32:00+00:00', '--job-id', '247', '--raw', '--subdir', 'DAGS_FOLDER/weather_pipeline_dag.py', '--cfg-path', '/tmp/tmp8mciq2hq']
[2026-04-12T04:38:06.370+0000] {standard_task_runner.py:105} INFO - Job 247: Subtask start_spark_streaming_job
[2026-04-12T04:38:06.373+0000] {logging_mixin.py:190} WARNING - /home/airflow/airflow/venv/lib/python3.12/site-packages/airflow/task/task_runner/standard_task_runner.py:70 DeprecationWarning: This process (pid=47325) is multi-threaded, use of fork() may lead to deadlocks in the child.
[2026-04-12T04:38:06.374+0000] {standard_task_runner.py:72} INFO - Started process 47346 to run task
[2026-04-12T04:38:06.473+0000] {task_command.py:467} INFO - Running <TaskInstance: weather_real_time_pipeline_v2.start_spark_streaming_job scheduled__2026-04-12T04:32:00+00:00 [running]> on host airflow
[2026-04-12T04:38:06.594+0000] {taskinstance.py:3132} INFO - Exporting env vars: AIRFLOW_CTX_DAG_OWNER='airflow' AIRFLOW_CTX_DAG_ID='weather_real_time_pipeline_v2' AIRFLOW_CTX_TASK_ID='start_spark_streaming_job' AIRFLOW_CTX_EXECUTION_DATE='2026-04-12T04:32:00+00:00' AIRFLOW_CTX_TRY_NUMBER='4' AIRFLOW_CTX_DAG_RUN_ID='scheduled__2026-04-12T04:32:00+00:00'
[2026-04-12T04:38:06.595+0000] {taskinstance.py:731} INFO - ::endgroup::
[2026-04-12T04:38:06.611+0000] {subprocess.py:78} INFO - Tmp dir root location: /tmp
[2026-04-12T04:38:06.612+0000] {subprocess.py:88} INFO - Running command: ['/usr/bin/bash', '-c', 'docker exec spark-master spark-submit                 --packages org.apache.spark:spark-sql-kafka-0-10_2.13:4.0.0,org.apache.iceberg:iceberg-spark-runtime-4.0_2.13:1.10.1                 /home/spark/spark/spark_jobs/weather_streaming.py']
[2026-04-12T04:38:06.623+0000] {subprocess.py:99} INFO - Output:
[2026-04-12T04:38:07.173+0000] {subprocess.py:106} INFO - WARNING: Using incubator modules: jdk.incubator.vector
[2026-04-12T04:38:09.124+0000] {subprocess.py:106} INFO - :: loading settings :: url = jar:file:/home/spark/spark/jars/ivy-2.5.3.jar!/org/apache/ivy/core/settings/ivysettings.xml
[2026-04-12T04:38:09.283+0000] {subprocess.py:106} INFO - Ivy Default Cache set to: /home/spark/.ivy2.5.2/cache
[2026-04-12T04:38:09.286+0000] {subprocess.py:106} INFO - The jars for the packages stored in: /home/spark/.ivy2.5.2/jars
[2026-04-12T04:38:09.297+0000] {subprocess.py:106} INFO - org.apache.spark#spark-sql-kafka-0-10_2.13 added as a dependency
[2026-04-12T04:38:09.298+0000] {subprocess.py:106} INFO - org.apache.iceberg#iceberg-spark-runtime-4.0_2.13 added as a dependency
[2026-04-12T04:38:09.319+0000] {subprocess.py:106} INFO - :: resolving dependencies :: org.apache.spark#spark-submit-parent-346e0fc8-0186-4633-b13a-0a7a6a149b7e;1.0
[2026-04-12T04:38:09.320+0000] {subprocess.py:106} INFO - 	confs: [default]
[2026-04-12T04:38:09.598+0000] {subprocess.py:106} INFO - 	found org.apache.spark#spark-sql-kafka-0-10_2.13;4.0.0 in central
[2026-04-12T04:38:09.700+0000] {subprocess.py:106} INFO - 	found org.apache.spark#spark-token-provider-kafka-0-10_2.13;4.0.0 in central
[2026-04-12T04:38:09.742+0000] {subprocess.py:106} INFO - 	found org.apache.kafka#kafka-clients;3.9.0 in central
[2026-04-12T04:38:09.779+0000] {subprocess.py:106} INFO - 	found org.lz4#lz4-java;1.8.0 in central
[2026-04-12T04:38:09.814+0000] {subprocess.py:106} INFO - 	found org.xerial.snappy#snappy-java;1.1.10.7 in central
[2026-04-12T04:38:09.850+0000] {subprocess.py:106} INFO - 	found org.slf4j#slf4j-api;2.0.16 in central
[2026-04-12T04:38:09.886+0000] {subprocess.py:106} INFO - 	found org.apache.hadoop#hadoop-client-runtime;3.4.1 in central
[2026-04-12T04:38:09.929+0000] {subprocess.py:106} INFO - 	found org.apache.hadoop#hadoop-client-api;3.4.1 in central
[2026-04-12T04:38:09.969+0000] {subprocess.py:106} INFO - 	found com.google.code.findbugs#jsr305;3.0.0 in central
[2026-04-12T04:38:09.987+0000] {subprocess.py:106} INFO - 	found org.scala-lang.modules#scala-parallel-collections_2.13;1.2.0 in central
[2026-04-12T04:38:10.013+0000] {subprocess.py:106} INFO - 	found org.apache.commons#commons-pool2;2.12.0 in central
[2026-04-12T04:38:10.032+0000] {subprocess.py:106} INFO - 	found org.apache.iceberg#iceberg-spark-runtime-4.0_2.13;1.10.1 in central
[2026-04-12T04:38:10.078+0000] {subprocess.py:106} INFO - :: resolution report :: resolve 732ms :: artifacts dl 28ms
[2026-04-12T04:38:10.079+0000] {subprocess.py:106} INFO - 	:: modules in use:
[2026-04-12T04:38:10.081+0000] {subprocess.py:106} INFO - 	com.google.code.findbugs#jsr305;3.0.0 from central in [default]
[2026-04-12T04:38:10.082+0000] {subprocess.py:106} INFO - 	org.apache.commons#commons-pool2;2.12.0 from central in [default]
[2026-04-12T04:38:10.082+0000] {subprocess.py:106} INFO - 	org.apache.hadoop#hadoop-client-api;3.4.1 from central in [default]
[2026-04-12T04:38:10.083+0000] {subprocess.py:106} INFO - 	org.apache.hadoop#hadoop-client-runtime;3.4.1 from central in [default]
[2026-04-12T04:38:10.083+0000] {subprocess.py:106} INFO - 	org.apache.iceberg#iceberg-spark-runtime-4.0_2.13;1.10.1 from central in [default]
[2026-04-12T04:38:10.084+0000] {subprocess.py:106} INFO - 	org.apache.kafka#kafka-clients;3.9.0 from central in [default]
[2026-04-12T04:38:10.085+0000] {subprocess.py:106} INFO - 	org.apache.spark#spark-sql-kafka-0-10_2.13;4.0.0 from central in [default]
[2026-04-12T04:38:10.085+0000] {subprocess.py:106} INFO - 	org.apache.spark#spark-token-provider-kafka-0-10_2.13;4.0.0 from central in [default]
[2026-04-12T04:38:10.086+0000] {subprocess.py:106} INFO - 	org.lz4#lz4-java;1.8.0 from central in [default]
[2026-04-12T04:38:10.087+0000] {subprocess.py:106} INFO - 	org.scala-lang.modules#scala-parallel-collections_2.13;1.2.0 from central in [default]
[2026-04-12T04:38:10.087+0000] {subprocess.py:106} INFO - 	org.slf4j#slf4j-api;2.0.16 from central in [default]
[2026-04-12T04:38:10.088+0000] {subprocess.py:106} INFO - 	org.xerial.snappy#snappy-java;1.1.10.7 from central in [default]
[2026-04-12T04:38:10.088+0000] {subprocess.py:106} INFO - 	---------------------------------------------------------------------
[2026-04-12T04:38:10.088+0000] {subprocess.py:106} INFO - 	|                  |            modules            ||   artifacts   |
[2026-04-12T04:38:10.089+0000] {subprocess.py:106} INFO - 	|       conf       | number| search|dwnlded|evicted|| number|dwnlded|
[2026-04-12T04:38:10.089+0000] {subprocess.py:106} INFO - 	---------------------------------------------------------------------
[2026-04-12T04:38:10.090+0000] {subprocess.py:106} INFO - 	|      default     |   12  |   0   |   0   |   0   ||   12  |   0   |
[2026-04-12T04:38:10.090+0000] {subprocess.py:106} INFO - 	---------------------------------------------------------------------
[2026-04-12T04:38:10.095+0000] {subprocess.py:106} INFO - :: retrieving :: org.apache.spark#spark-submit-parent-346e0fc8-0186-4633-b13a-0a7a6a149b7e
[2026-04-12T04:38:10.095+0000] {subprocess.py:106} INFO - 	confs: [default]
[2026-04-12T04:38:10.108+0000] {subprocess.py:106} INFO - 	0 artifacts copied, 12 already retrieved (0kB/13ms)
[2026-04-12T04:38:10.497+0000] {subprocess.py:106} INFO - 26/04/12 04:38:10 WARN NativeCodeLoader: Unable to load native-hadoop library for your platform... using builtin-java classes where applicable
[2026-04-12T04:38:12.461+0000] {subprocess.py:106} INFO - Using Spark's default log4j profile: org/apache/spark/log4j2-defaults.properties
[2026-04-12T04:38:12.474+0000] {subprocess.py:106} INFO - 26/04/12 04:38:12 INFO SparkContext: Running Spark version 4.0.2
[2026-04-12T04:38:12.477+0000] {subprocess.py:106} INFO - 26/04/12 04:38:12 INFO SparkContext: OS info Linux, 6.6.87.2-microsoft-standard-WSL2, amd64
[2026-04-12T04:38:12.478+0000] {subprocess.py:106} INFO - 26/04/12 04:38:12 INFO SparkContext: Java version 21.0.10
[2026-04-12T04:38:12.520+0000] {subprocess.py:106} INFO - 26/04/12 04:38:12 INFO ResourceUtils: ==============================================================
[2026-04-12T04:38:12.521+0000] {subprocess.py:106} INFO - 26/04/12 04:38:12 INFO ResourceUtils: No custom resources configured for spark.driver.
[2026-04-12T04:38:12.521+0000] {subprocess.py:106} INFO - 26/04/12 04:38:12 INFO ResourceUtils: ==============================================================
[2026-04-12T04:38:12.522+0000] {subprocess.py:106} INFO - 26/04/12 04:38:12 INFO SparkContext: Submitted application: Weather_Kafka_to_Iceberg
[2026-04-12T04:38:12.582+0000] {subprocess.py:106} INFO - 26/04/12 04:38:12 INFO ResourceProfile: Default ResourceProfile created, executor resources: Map(cores -> name: cores, amount: 2, script: , vendor: , memory -> name: memory, amount: 2048, script: , vendor: , offHeap -> name: offHeap, amount: 0, script: , vendor: ), task resources: Map(cpus -> name: cpus, amount: 1.0)
[2026-04-12T04:38:12.594+0000] {subprocess.py:106} INFO - 26/04/12 04:38:12 INFO ResourceProfile: Limiting resource is cpus at 2 tasks per executor
[2026-04-12T04:38:12.598+0000] {subprocess.py:106} INFO - 26/04/12 04:38:12 INFO ResourceProfileManager: Added ResourceProfile id: 0
[2026-04-12T04:38:12.700+0000] {subprocess.py:106} INFO - 26/04/12 04:38:12 INFO SecurityManager: Changing view acls to: spark
[2026-04-12T04:38:12.702+0000] {subprocess.py:106} INFO - 26/04/12 04:38:12 INFO SecurityManager: Changing modify acls to: spark
[2026-04-12T04:38:12.706+0000] {subprocess.py:106} INFO - 26/04/12 04:38:12 INFO SecurityManager: Changing view acls groups to: spark
[2026-04-12T04:38:12.709+0000] {subprocess.py:106} INFO - 26/04/12 04:38:12 INFO SecurityManager: Changing modify acls groups to: spark
[2026-04-12T04:38:12.715+0000] {subprocess.py:106} INFO - 26/04/12 04:38:12 INFO SecurityManager: SecurityManager: authentication disabled; ui acls disabled; users with view permissions: spark groups with view permissions: EMPTY; users with modify permissions: spark; groups with modify permissions: EMPTY; RPC SSL disabled
[2026-04-12T04:38:13.077+0000] {subprocess.py:106} INFO - 26/04/12 04:38:13 INFO Utils: Successfully started service 'sparkDriver' on port 33241.
[2026-04-12T04:38:13.116+0000] {subprocess.py:106} INFO - 26/04/12 04:38:13 INFO SparkEnv: Registering MapOutputTracker
[2026-04-12T04:38:13.130+0000] {subprocess.py:106} INFO - 26/04/12 04:38:13 INFO SparkEnv: Registering BlockManagerMaster
[2026-04-12T04:38:13.156+0000] {subprocess.py:106} INFO - 26/04/12 04:38:13 INFO BlockManagerMasterEndpoint: Using org.apache.spark.storage.DefaultTopologyMapper for getting topology information
[2026-04-12T04:38:13.156+0000] {subprocess.py:106} INFO - 26/04/12 04:38:13 INFO BlockManagerMasterEndpoint: BlockManagerMasterEndpoint up
[2026-04-12T04:38:13.160+0000] {subprocess.py:106} INFO - 26/04/12 04:38:13 INFO SparkEnv: Registering BlockManagerMasterHeartbeat
[2026-04-12T04:38:13.190+0000] {subprocess.py:106} INFO - 26/04/12 04:38:13 INFO DiskBlockManager: Created local directory at /tmp/blockmgr-852010db-69af-4c69-bfa1-1f9205ff4f33
[2026-04-12T04:38:13.219+0000] {subprocess.py:106} INFO - 26/04/12 04:38:13 INFO SparkEnv: Registering OutputCommitCoordinator
[2026-04-12T04:38:13.389+0000] {subprocess.py:106} INFO - 26/04/12 04:38:13 INFO JettyUtils: Start Jetty 0.0.0.0:4040 for SparkUI
[2026-04-12T04:38:13.521+0000] {subprocess.py:106} INFO - 26/04/12 04:38:13 WARN Utils: Service 'SparkUI' could not bind on port 4040. Attempting port 4041.
[2026-04-12T04:38:13.534+0000] {subprocess.py:106} INFO - 26/04/12 04:38:13 INFO Utils: Successfully started service 'SparkUI' on port 4041.
[2026-04-12T04:38:13.601+0000] {subprocess.py:106} INFO - 26/04/12 04:38:13 INFO SparkContext: Added JAR file:///home/spark/.ivy2.5.2/jars/org.apache.spark_spark-sql-kafka-0-10_2.13-4.0.0.jar at spark://spark-master:33241/jars/org.apache.spark_spark-sql-kafka-0-10_2.13-4.0.0.jar with timestamp 1775968692445
[2026-04-12T04:38:13.602+0000] {subprocess.py:106} INFO - 26/04/12 04:38:13 INFO SparkContext: Added JAR file:///home/spark/.ivy2.5.2/jars/org.apache.iceberg_iceberg-spark-runtime-4.0_2.13-1.10.1.jar at spark://spark-master:33241/jars/org.apache.iceberg_iceberg-spark-runtime-4.0_2.13-1.10.1.jar with timestamp 1775968692445
[2026-04-12T04:38:13.604+0000] {subprocess.py:106} INFO - 26/04/12 04:38:13 INFO SparkContext: Added JAR file:///home/spark/.ivy2.5.2/jars/org.apache.spark_spark-token-provider-kafka-0-10_2.13-4.0.0.jar at spark://spark-master:33241/jars/org.apache.spark_spark-token-provider-kafka-0-10_2.13-4.0.0.jar with timestamp 1775968692445
[2026-04-12T04:38:13.605+0000] {subprocess.py:106} INFO - 26/04/12 04:38:13 INFO SparkContext: Added JAR file:///home/spark/.ivy2.5.2/jars/org.scala-lang.modules_scala-parallel-collections_2.13-1.2.0.jar at spark://spark-master:33241/jars/org.scala-lang.modules_scala-parallel-collections_2.13-1.2.0.jar with timestamp 1775968692445
[2026-04-12T04:38:13.606+0000] {subprocess.py:106} INFO - 26/04/12 04:38:13 INFO SparkContext: Added JAR file:///home/spark/.ivy2.5.2/jars/org.apache.kafka_kafka-clients-3.9.0.jar at spark://spark-master:33241/jars/org.apache.kafka_kafka-clients-3.9.0.jar with timestamp 1775968692445
[2026-04-12T04:38:13.606+0000] {subprocess.py:106} INFO - 26/04/12 04:38:13 INFO SparkContext: Added JAR file:///home/spark/.ivy2.5.2/jars/com.google.code.findbugs_jsr305-3.0.0.jar at spark://spark-master:33241/jars/com.google.code.findbugs_jsr305-3.0.0.jar with timestamp 1775968692445
[2026-04-12T04:38:13.607+0000] {subprocess.py:106} INFO - 26/04/12 04:38:13 INFO SparkContext: Added JAR file:///home/spark/.ivy2.5.2/jars/org.apache.commons_commons-pool2-2.12.0.jar at spark://spark-master:33241/jars/org.apache.commons_commons-pool2-2.12.0.jar with timestamp 1775968692445
[2026-04-12T04:38:13.607+0000] {subprocess.py:106} INFO - 26/04/12 04:38:13 INFO SparkContext: Added JAR file:///home/spark/.ivy2.5.2/jars/org.apache.hadoop_hadoop-client-runtime-3.4.1.jar at spark://spark-master:33241/jars/org.apache.hadoop_hadoop-client-runtime-3.4.1.jar with timestamp 1775968692445
[2026-04-12T04:38:13.608+0000] {subprocess.py:106} INFO - 26/04/12 04:38:13 INFO SparkContext: Added JAR file:///home/spark/.ivy2.5.2/jars/org.lz4_lz4-java-1.8.0.jar at spark://spark-master:33241/jars/org.lz4_lz4-java-1.8.0.jar with timestamp 1775968692445
[2026-04-12T04:38:13.609+0000] {subprocess.py:106} INFO - 26/04/12 04:38:13 INFO SparkContext: Added JAR file:///home/spark/.ivy2.5.2/jars/org.xerial.snappy_snappy-java-1.1.10.7.jar at spark://spark-master:33241/jars/org.xerial.snappy_snappy-java-1.1.10.7.jar with timestamp 1775968692445
[2026-04-12T04:38:13.609+0000] {subprocess.py:106} INFO - 26/04/12 04:38:13 INFO SparkContext: Added JAR file:///home/spark/.ivy2.5.2/jars/org.slf4j_slf4j-api-2.0.16.jar at spark://spark-master:33241/jars/org.slf4j_slf4j-api-2.0.16.jar with timestamp 1775968692445
[2026-04-12T04:38:13.610+0000] {subprocess.py:106} INFO - 26/04/12 04:38:13 INFO SparkContext: Added JAR file:///home/spark/.ivy2.5.2/jars/org.apache.hadoop_hadoop-client-api-3.4.1.jar at spark://spark-master:33241/jars/org.apache.hadoop_hadoop-client-api-3.4.1.jar with timestamp 1775968692445
[2026-04-12T04:38:13.614+0000] {subprocess.py:106} INFO - 26/04/12 04:38:13 INFO SparkContext: Added file file:///home/spark/.ivy2.5.2/jars/org.apache.spark_spark-sql-kafka-0-10_2.13-4.0.0.jar at file:///home/spark/.ivy2.5.2/jars/org.apache.spark_spark-sql-kafka-0-10_2.13-4.0.0.jar with timestamp 1775968692445
[2026-04-12T04:38:13.617+0000] {subprocess.py:106} INFO - 26/04/12 04:38:13 INFO Utils: Copying /home/spark/.ivy2.5.2/jars/org.apache.spark_spark-sql-kafka-0-10_2.13-4.0.0.jar to /tmp/spark-30c91f6c-a9b7-4eec-b32a-21c8b4942486/userFiles-2279ad39-0ab7-42bc-8938-a346a2d8b889/org.apache.spark_spark-sql-kafka-0-10_2.13-4.0.0.jar
[2026-04-12T04:38:13.629+0000] {subprocess.py:106} INFO - 26/04/12 04:38:13 INFO SparkContext: Added file file:///home/spark/.ivy2.5.2/jars/org.apache.iceberg_iceberg-spark-runtime-4.0_2.13-1.10.1.jar at file:///home/spark/.ivy2.5.2/jars/org.apache.iceberg_iceberg-spark-runtime-4.0_2.13-1.10.1.jar with timestamp 1775968692445
[2026-04-12T04:38:13.630+0000] {subprocess.py:106} INFO - 26/04/12 04:38:13 INFO Utils: Copying /home/spark/.ivy2.5.2/jars/org.apache.iceberg_iceberg-spark-runtime-4.0_2.13-1.10.1.jar to /tmp/spark-30c91f6c-a9b7-4eec-b32a-21c8b4942486/userFiles-2279ad39-0ab7-42bc-8938-a346a2d8b889/org.apache.iceberg_iceberg-spark-runtime-4.0_2.13-1.10.1.jar
[2026-04-12T04:38:13.763+0000] {subprocess.py:106} INFO - 26/04/12 04:38:13 INFO SparkContext: Added file file:///home/spark/.ivy2.5.2/jars/org.apache.spark_spark-token-provider-kafka-0-10_2.13-4.0.0.jar at file:///home/spark/.ivy2.5.2/jars/org.apache.spark_spark-token-provider-kafka-0-10_2.13-4.0.0.jar with timestamp 1775968692445
[2026-04-12T04:38:13.764+0000] {subprocess.py:106} INFO - 26/04/12 04:38:13 INFO Utils: Copying /home/spark/.ivy2.5.2/jars/org.apache.spark_spark-token-provider-kafka-0-10_2.13-4.0.0.jar to /tmp/spark-30c91f6c-a9b7-4eec-b32a-21c8b4942486/userFiles-2279ad39-0ab7-42bc-8938-a346a2d8b889/org.apache.spark_spark-token-provider-kafka-0-10_2.13-4.0.0.jar
[2026-04-12T04:38:13.770+0000] {subprocess.py:106} INFO - 26/04/12 04:38:13 INFO SparkContext: Added file file:///home/spark/.ivy2.5.2/jars/org.scala-lang.modules_scala-parallel-collections_2.13-1.2.0.jar at file:///home/spark/.ivy2.5.2/jars/org.scala-lang.modules_scala-parallel-collections_2.13-1.2.0.jar with timestamp 1775968692445
[2026-04-12T04:38:13.771+0000] {subprocess.py:106} INFO - 26/04/12 04:38:13 INFO Utils: Copying /home/spark/.ivy2.5.2/jars/org.scala-lang.modules_scala-parallel-collections_2.13-1.2.0.jar to /tmp/spark-30c91f6c-a9b7-4eec-b32a-21c8b4942486/userFiles-2279ad39-0ab7-42bc-8938-a346a2d8b889/org.scala-lang.modules_scala-parallel-collections_2.13-1.2.0.jar
[2026-04-12T04:38:13.777+0000] {subprocess.py:106} INFO - 26/04/12 04:38:13 INFO SparkContext: Added file file:///home/spark/.ivy2.5.2/jars/org.apache.kafka_kafka-clients-3.9.0.jar at file:///home/spark/.ivy2.5.2/jars/org.apache.kafka_kafka-clients-3.9.0.jar with timestamp 1775968692445
[2026-04-12T04:38:13.778+0000] {subprocess.py:106} INFO - 26/04/12 04:38:13 INFO Utils: Copying /home/spark/.ivy2.5.2/jars/org.apache.kafka_kafka-clients-3.9.0.jar to /tmp/spark-30c91f6c-a9b7-4eec-b32a-21c8b4942486/userFiles-2279ad39-0ab7-42bc-8938-a346a2d8b889/org.apache.kafka_kafka-clients-3.9.0.jar
[2026-04-12T04:38:13.791+0000] {subprocess.py:106} INFO - 26/04/12 04:38:13 INFO SparkContext: Added file file:///home/spark/.ivy2.5.2/jars/com.google.code.findbugs_jsr305-3.0.0.jar at file:///home/spark/.ivy2.5.2/jars/com.google.code.findbugs_jsr305-3.0.0.jar with timestamp 1775968692445
[2026-04-12T04:38:13.792+0000] {subprocess.py:106} INFO - 26/04/12 04:38:13 INFO Utils: Copying /home/spark/.ivy2.5.2/jars/com.google.code.findbugs_jsr305-3.0.0.jar to /tmp/spark-30c91f6c-a9b7-4eec-b32a-21c8b4942486/userFiles-2279ad39-0ab7-42bc-8938-a346a2d8b889/com.google.code.findbugs_jsr305-3.0.0.jar
[2026-04-12T04:38:13.797+0000] {subprocess.py:106} INFO - 26/04/12 04:38:13 INFO SparkContext: Added file file:///home/spark/.ivy2.5.2/jars/org.apache.commons_commons-pool2-2.12.0.jar at file:///home/spark/.ivy2.5.2/jars/org.apache.commons_commons-pool2-2.12.0.jar with timestamp 1775968692445
[2026-04-12T04:38:13.798+0000] {subprocess.py:106} INFO - 26/04/12 04:38:13 INFO Utils: Copying /home/spark/.ivy2.5.2/jars/org.apache.commons_commons-pool2-2.12.0.jar to /tmp/spark-30c91f6c-a9b7-4eec-b32a-21c8b4942486/userFiles-2279ad39-0ab7-42bc-8938-a346a2d8b889/org.apache.commons_commons-pool2-2.12.0.jar
[2026-04-12T04:38:13.803+0000] {subprocess.py:106} INFO - 26/04/12 04:38:13 INFO SparkContext: Added file file:///home/spark/.ivy2.5.2/jars/org.apache.hadoop_hadoop-client-runtime-3.4.1.jar at file:///home/spark/.ivy2.5.2/jars/org.apache.hadoop_hadoop-client-runtime-3.4.1.jar with timestamp 1775968692445
[2026-04-12T04:38:13.804+0000] {subprocess.py:106} INFO - 26/04/12 04:38:13 INFO Utils: Copying /home/spark/.ivy2.5.2/jars/org.apache.hadoop_hadoop-client-runtime-3.4.1.jar to /tmp/spark-30c91f6c-a9b7-4eec-b32a-21c8b4942486/userFiles-2279ad39-0ab7-42bc-8938-a346a2d8b889/org.apache.hadoop_hadoop-client-runtime-3.4.1.jar
[2026-04-12T04:38:13.867+0000] {subprocess.py:106} INFO - 26/04/12 04:38:13 INFO SparkContext: Added file file:///home/spark/.ivy2.5.2/jars/org.lz4_lz4-java-1.8.0.jar at file:///home/spark/.ivy2.5.2/jars/org.lz4_lz4-java-1.8.0.jar with timestamp 1775968692445
[2026-04-12T04:38:13.867+0000] {subprocess.py:106} INFO - 26/04/12 04:38:13 INFO Utils: Copying /home/spark/.ivy2.5.2/jars/org.lz4_lz4-java-1.8.0.jar to /tmp/spark-30c91f6c-a9b7-4eec-b32a-21c8b4942486/userFiles-2279ad39-0ab7-42bc-8938-a346a2d8b889/org.lz4_lz4-java-1.8.0.jar
[2026-04-12T04:38:13.876+0000] {subprocess.py:106} INFO - 26/04/12 04:38:13 INFO SparkContext: Added file file:///home/spark/.ivy2.5.2/jars/org.xerial.snappy_snappy-java-1.1.10.7.jar at file:///home/spark/.ivy2.5.2/jars/org.xerial.snappy_snappy-java-1.1.10.7.jar with timestamp 1775968692445
[2026-04-12T04:38:13.877+0000] {subprocess.py:106} INFO - 26/04/12 04:38:13 INFO Utils: Copying /home/spark/.ivy2.5.2/jars/org.xerial.snappy_snappy-java-1.1.10.7.jar to /tmp/spark-30c91f6c-a9b7-4eec-b32a-21c8b4942486/userFiles-2279ad39-0ab7-42bc-8938-a346a2d8b889/org.xerial.snappy_snappy-java-1.1.10.7.jar
[2026-04-12T04:38:13.885+0000] {subprocess.py:106} INFO - 26/04/12 04:38:13 INFO SparkContext: Added file file:///home/spark/.ivy2.5.2/jars/org.slf4j_slf4j-api-2.0.16.jar at file:///home/spark/.ivy2.5.2/jars/org.slf4j_slf4j-api-2.0.16.jar with timestamp 1775968692445
[2026-04-12T04:38:13.886+0000] {subprocess.py:106} INFO - 26/04/12 04:38:13 INFO Utils: Copying /home/spark/.ivy2.5.2/jars/org.slf4j_slf4j-api-2.0.16.jar to /tmp/spark-30c91f6c-a9b7-4eec-b32a-21c8b4942486/userFiles-2279ad39-0ab7-42bc-8938-a346a2d8b889/org.slf4j_slf4j-api-2.0.16.jar
[2026-04-12T04:38:13.892+0000] {subprocess.py:106} INFO - 26/04/12 04:38:13 INFO SparkContext: Added file file:///home/spark/.ivy2.5.2/jars/org.apache.hadoop_hadoop-client-api-3.4.1.jar at file:///home/spark/.ivy2.5.2/jars/org.apache.hadoop_hadoop-client-api-3.4.1.jar with timestamp 1775968692445
[2026-04-12T04:38:13.893+0000] {subprocess.py:106} INFO - 26/04/12 04:38:13 INFO Utils: Copying /home/spark/.ivy2.5.2/jars/org.apache.hadoop_hadoop-client-api-3.4.1.jar to /tmp/spark-30c91f6c-a9b7-4eec-b32a-21c8b4942486/userFiles-2279ad39-0ab7-42bc-8938-a346a2d8b889/org.apache.hadoop_hadoop-client-api-3.4.1.jar
[2026-04-12T04:38:13.960+0000] {subprocess.py:106} INFO - 26/04/12 04:38:13 INFO SecurityManager: Changing view acls to: spark
[2026-04-12T04:38:13.961+0000] {subprocess.py:106} INFO - 26/04/12 04:38:13 INFO SecurityManager: Changing modify acls to: spark
[2026-04-12T04:38:13.961+0000] {subprocess.py:106} INFO - 26/04/12 04:38:13 INFO SecurityManager: Changing view acls groups to: spark
[2026-04-12T04:38:13.962+0000] {subprocess.py:106} INFO - 26/04/12 04:38:13 INFO SecurityManager: Changing modify acls groups to: spark
[2026-04-12T04:38:13.963+0000] {subprocess.py:106} INFO - 26/04/12 04:38:13 INFO SecurityManager: SecurityManager: authentication disabled; ui acls disabled; users with view permissions: spark groups with view permissions: EMPTY; users with modify permissions: spark; groups with modify permissions: EMPTY; RPC SSL disabled
[2026-04-12T04:38:14.274+0000] {subprocess.py:106} INFO - 26/04/12 04:38:14 INFO Executor: Starting executor ID driver on host spark-master
[2026-04-12T04:38:14.561+0000] {subprocess.py:106} INFO - 26/04/12 04:38:14 INFO Executor: OS info Linux, 6.6.87.2-microsoft-standard-WSL2, amd64
[2026-04-12T04:38:14.561+0000] {subprocess.py:106} INFO - 26/04/12 04:38:14 INFO Executor: Java version 21.0.10
[2026-04-12T04:38:14.561+0000] {subprocess.py:106} INFO - 26/04/12 04:38:14 INFO Executor: Starting executor with user classpath (userClassPathFirst = false): ''
[2026-04-12T04:38:14.562+0000] {subprocess.py:106} INFO - 26/04/12 04:38:14 INFO Executor: Created or updated repl class loader org.apache.spark.util.MutableURLClassLoader@640342e6 for default.
[2026-04-12T04:38:14.562+0000] {subprocess.py:106} INFO - 26/04/12 04:38:14 INFO Executor: Fetching file:///home/spark/.ivy2.5.2/jars/org.lz4_lz4-java-1.8.0.jar with timestamp 1775968692445
[2026-04-12T04:38:14.562+0000] {subprocess.py:106} INFO - 26/04/12 04:38:14 INFO Utils: /home/spark/.ivy2.5.2/jars/org.lz4_lz4-java-1.8.0.jar has been previously copied to /tmp/spark-30c91f6c-a9b7-4eec-b32a-21c8b4942486/userFiles-2279ad39-0ab7-42bc-8938-a346a2d8b889/org.lz4_lz4-java-1.8.0.jar
[2026-04-12T04:38:14.562+0000] {subprocess.py:106} INFO - 26/04/12 04:38:14 INFO Executor: Fetching file:///home/spark/.ivy2.5.2/jars/org.scala-lang.modules_scala-parallel-collections_2.13-1.2.0.jar with timestamp 1775968692445
[2026-04-12T04:38:14.563+0000] {subprocess.py:106} INFO - 26/04/12 04:38:14 INFO Utils: /home/spark/.ivy2.5.2/jars/org.scala-lang.modules_scala-parallel-collections_2.13-1.2.0.jar has been previously copied to /tmp/spark-30c91f6c-a9b7-4eec-b32a-21c8b4942486/userFiles-2279ad39-0ab7-42bc-8938-a346a2d8b889/org.scala-lang.modules_scala-parallel-collections_2.13-1.2.0.jar
[2026-04-12T04:38:14.563+0000] {subprocess.py:106} INFO - 26/04/12 04:38:14 INFO Executor: Fetching file:///home/spark/.ivy2.5.2/jars/org.apache.kafka_kafka-clients-3.9.0.jar with timestamp 1775968692445
[2026-04-12T04:38:14.563+0000] {subprocess.py:106} INFO - 26/04/12 04:38:14 INFO Utils: /home/spark/.ivy2.5.2/jars/org.apache.kafka_kafka-clients-3.9.0.jar has been previously copied to /tmp/spark-30c91f6c-a9b7-4eec-b32a-21c8b4942486/userFiles-2279ad39-0ab7-42bc-8938-a346a2d8b889/org.apache.kafka_kafka-clients-3.9.0.jar
[2026-04-12T04:38:14.563+0000] {subprocess.py:106} INFO - 26/04/12 04:38:14 INFO Executor: Fetching file:///home/spark/.ivy2.5.2/jars/org.apache.spark_spark-sql-kafka-0-10_2.13-4.0.0.jar with timestamp 1775968692445
[2026-04-12T04:38:14.564+0000] {subprocess.py:106} INFO - 26/04/12 04:38:14 INFO Utils: /home/spark/.ivy2.5.2/jars/org.apache.spark_spark-sql-kafka-0-10_2.13-4.0.0.jar has been previously copied to /tmp/spark-30c91f6c-a9b7-4eec-b32a-21c8b4942486/userFiles-2279ad39-0ab7-42bc-8938-a346a2d8b889/org.apache.spark_spark-sql-kafka-0-10_2.13-4.0.0.jar
[2026-04-12T04:38:14.564+0000] {subprocess.py:106} INFO - 26/04/12 04:38:14 INFO Executor: Fetching file:///home/spark/.ivy2.5.2/jars/org.apache.hadoop_hadoop-client-api-3.4.1.jar with timestamp 1775968692445
[2026-04-12T04:38:14.564+0000] {subprocess.py:106} INFO - 26/04/12 04:38:14 INFO Utils: /home/spark/.ivy2.5.2/jars/org.apache.hadoop_hadoop-client-api-3.4.1.jar has been previously copied to /tmp/spark-30c91f6c-a9b7-4eec-b32a-21c8b4942486/userFiles-2279ad39-0ab7-42bc-8938-a346a2d8b889/org.apache.hadoop_hadoop-client-api-3.4.1.jar
[2026-04-12T04:38:14.565+0000] {subprocess.py:106} INFO - 26/04/12 04:38:14 INFO Executor: Fetching file:///home/spark/.ivy2.5.2/jars/org.apache.commons_commons-pool2-2.12.0.jar with timestamp 1775968692445
[2026-04-12T04:38:14.565+0000] {subprocess.py:106} INFO - 26/04/12 04:38:14 INFO Utils: /home/spark/.ivy2.5.2/jars/org.apache.commons_commons-pool2-2.12.0.jar has been previously copied to /tmp/spark-30c91f6c-a9b7-4eec-b32a-21c8b4942486/userFiles-2279ad39-0ab7-42bc-8938-a346a2d8b889/org.apache.commons_commons-pool2-2.12.0.jar
[2026-04-12T04:38:14.565+0000] {subprocess.py:106} INFO - 26/04/12 04:38:14 INFO Executor: Fetching file:///home/spark/.ivy2.5.2/jars/org.slf4j_slf4j-api-2.0.16.jar with timestamp 1775968692445
[2026-04-12T04:38:14.565+0000] {subprocess.py:106} INFO - 26/04/12 04:38:14 INFO Utils: /home/spark/.ivy2.5.2/jars/org.slf4j_slf4j-api-2.0.16.jar has been previously copied to /tmp/spark-30c91f6c-a9b7-4eec-b32a-21c8b4942486/userFiles-2279ad39-0ab7-42bc-8938-a346a2d8b889/org.slf4j_slf4j-api-2.0.16.jar
[2026-04-12T04:38:14.566+0000] {subprocess.py:106} INFO - 26/04/12 04:38:14 INFO Executor: Fetching file:///home/spark/.ivy2.5.2/jars/org.apache.iceberg_iceberg-spark-runtime-4.0_2.13-1.10.1.jar with timestamp 1775968692445
[2026-04-12T04:38:16.143+0000] {subprocess.py:106} INFO - 26/04/12 04:38:16 INFO Utils: /home/spark/.ivy2.5.2/jars/org.apache.iceberg_iceberg-spark-runtime-4.0_2.13-1.10.1.jar has been previously copied to /tmp/spark-30c91f6c-a9b7-4eec-b32a-21c8b4942486/userFiles-2279ad39-0ab7-42bc-8938-a346a2d8b889/org.apache.iceberg_iceberg-spark-runtime-4.0_2.13-1.10.1.jar
[2026-04-12T04:38:16.147+0000] {subprocess.py:106} INFO - 26/04/12 04:38:16 INFO Executor: Fetching file:///home/spark/.ivy2.5.2/jars/org.apache.hadoop_hadoop-client-runtime-3.4.1.jar with timestamp 1775968692445
[2026-04-12T04:38:16.164+0000] {subprocess.py:106} INFO - 26/04/12 04:38:16 INFO Utils: /home/spark/.ivy2.5.2/jars/org.apache.hadoop_hadoop-client-runtime-3.4.1.jar has been previously copied to /tmp/spark-30c91f6c-a9b7-4eec-b32a-21c8b4942486/userFiles-2279ad39-0ab7-42bc-8938-a346a2d8b889/org.apache.hadoop_hadoop-client-runtime-3.4.1.jar
[2026-04-12T04:38:16.168+0000] {subprocess.py:106} INFO - 26/04/12 04:38:16 INFO Executor: Fetching file:///home/spark/.ivy2.5.2/jars/org.apache.spark_spark-token-provider-kafka-0-10_2.13-4.0.0.jar with timestamp 1775968692445
[2026-04-12T04:38:16.168+0000] {subprocess.py:106} INFO - 26/04/12 04:38:16 INFO Utils: /home/spark/.ivy2.5.2/jars/org.apache.spark_spark-token-provider-kafka-0-10_2.13-4.0.0.jar has been previously copied to /tmp/spark-30c91f6c-a9b7-4eec-b32a-21c8b4942486/userFiles-2279ad39-0ab7-42bc-8938-a346a2d8b889/org.apache.spark_spark-token-provider-kafka-0-10_2.13-4.0.0.jar
[2026-04-12T04:38:16.173+0000] {subprocess.py:106} INFO - 26/04/12 04:38:16 INFO Executor: Fetching file:///home/spark/.ivy2.5.2/jars/com.google.code.findbugs_jsr305-3.0.0.jar with timestamp 1775968692445
[2026-04-12T04:38:16.174+0000] {subprocess.py:106} INFO - 26/04/12 04:38:16 INFO Utils: /home/spark/.ivy2.5.2/jars/com.google.code.findbugs_jsr305-3.0.0.jar has been previously copied to /tmp/spark-30c91f6c-a9b7-4eec-b32a-21c8b4942486/userFiles-2279ad39-0ab7-42bc-8938-a346a2d8b889/com.google.code.findbugs_jsr305-3.0.0.jar
[2026-04-12T04:38:16.177+0000] {subprocess.py:106} INFO - 26/04/12 04:38:16 INFO Executor: Fetching file:///home/spark/.ivy2.5.2/jars/org.xerial.snappy_snappy-java-1.1.10.7.jar with timestamp 1775968692445
[2026-04-12T04:38:16.179+0000] {subprocess.py:106} INFO - 26/04/12 04:38:16 INFO Utils: /home/spark/.ivy2.5.2/jars/org.xerial.snappy_snappy-java-1.1.10.7.jar has been previously copied to /tmp/spark-30c91f6c-a9b7-4eec-b32a-21c8b4942486/userFiles-2279ad39-0ab7-42bc-8938-a346a2d8b889/org.xerial.snappy_snappy-java-1.1.10.7.jar
[2026-04-12T04:38:16.185+0000] {subprocess.py:106} INFO - 26/04/12 04:38:16 INFO Executor: Fetching spark://spark-master:33241/jars/org.apache.hadoop_hadoop-client-api-3.4.1.jar with timestamp 1775968692445
[2026-04-12T04:38:16.231+0000] {subprocess.py:106} INFO - 26/04/12 04:38:16 INFO TransportClientFactory: Successfully created connection to spark-master/172.20.0.5:33241 after 30 ms (0 ms spent in bootstraps)
[2026-04-12T04:38:16.239+0000] {subprocess.py:106} INFO - 26/04/12 04:38:16 INFO Utils: Fetching spark://spark-master:33241/jars/org.apache.hadoop_hadoop-client-api-3.4.1.jar to /tmp/spark-30c91f6c-a9b7-4eec-b32a-21c8b4942486/userFiles-2279ad39-0ab7-42bc-8938-a346a2d8b889/fetchFileTemp14646243950761265266.tmp
[2026-04-12T04:38:16.373+0000] {subprocess.py:106} INFO - 26/04/12 04:38:16 INFO Utils: /tmp/spark-30c91f6c-a9b7-4eec-b32a-21c8b4942486/userFiles-2279ad39-0ab7-42bc-8938-a346a2d8b889/fetchFileTemp14646243950761265266.tmp has been previously copied to /tmp/spark-30c91f6c-a9b7-4eec-b32a-21c8b4942486/userFiles-2279ad39-0ab7-42bc-8938-a346a2d8b889/org.apache.hadoop_hadoop-client-api-3.4.1.jar
[2026-04-12T04:38:16.573+0000] {subprocess.py:106} INFO - 26/04/12 04:38:16 INFO Executor: Adding file:/tmp/spark-30c91f6c-a9b7-4eec-b32a-21c8b4942486/userFiles-2279ad39-0ab7-42bc-8938-a346a2d8b889/org.apache.hadoop_hadoop-client-api-3.4.1.jar to class loader default
[2026-04-12T04:38:16.573+0000] {subprocess.py:106} INFO - 26/04/12 04:38:16 INFO Executor: Fetching spark://spark-master:33241/jars/org.apache.spark_spark-sql-kafka-0-10_2.13-4.0.0.jar with timestamp 1775968692445
[2026-04-12T04:38:16.574+0000] {subprocess.py:106} INFO - 26/04/12 04:38:16 INFO Utils: Fetching spark://spark-master:33241/jars/org.apache.spark_spark-sql-kafka-0-10_2.13-4.0.0.jar to /tmp/spark-30c91f6c-a9b7-4eec-b32a-21c8b4942486/userFiles-2279ad39-0ab7-42bc-8938-a346a2d8b889/fetchFileTemp4543039754067005582.tmp
[2026-04-12T04:38:16.601+0000] {subprocess.py:106} INFO - 26/04/12 04:38:16 INFO Utils: /tmp/spark-30c91f6c-a9b7-4eec-b32a-21c8b4942486/userFiles-2279ad39-0ab7-42bc-8938-a346a2d8b889/fetchFileTemp4543039754067005582.tmp has been previously copied to /tmp/spark-30c91f6c-a9b7-4eec-b32a-21c8b4942486/userFiles-2279ad39-0ab7-42bc-8938-a346a2d8b889/org.apache.spark_spark-sql-kafka-0-10_2.13-4.0.0.jar
[2026-04-12T04:38:16.606+0000] {subprocess.py:106} INFO - 26/04/12 04:38:16 INFO Executor: Adding file:/tmp/spark-30c91f6c-a9b7-4eec-b32a-21c8b4942486/userFiles-2279ad39-0ab7-42bc-8938-a346a2d8b889/org.apache.spark_spark-sql-kafka-0-10_2.13-4.0.0.jar to class loader default
[2026-04-12T04:38:16.608+0000] {subprocess.py:106} INFO - 26/04/12 04:38:16 INFO Executor: Fetching spark://spark-master:33241/jars/org.apache.kafka_kafka-clients-3.9.0.jar with timestamp 1775968692445
[2026-04-12T04:38:16.609+0000] {subprocess.py:106} INFO - 26/04/12 04:38:16 INFO Utils: Fetching spark://spark-master:33241/jars/org.apache.kafka_kafka-clients-3.9.0.jar to /tmp/spark-30c91f6c-a9b7-4eec-b32a-21c8b4942486/userFiles-2279ad39-0ab7-42bc-8938-a346a2d8b889/fetchFileTemp12576089296837926243.tmp
[2026-04-12T04:38:16.639+0000] {subprocess.py:106} INFO - 26/04/12 04:38:16 INFO Utils: /tmp/spark-30c91f6c-a9b7-4eec-b32a-21c8b4942486/userFiles-2279ad39-0ab7-42bc-8938-a346a2d8b889/fetchFileTemp12576089296837926243.tmp has been previously copied to /tmp/spark-30c91f6c-a9b7-4eec-b32a-21c8b4942486/userFiles-2279ad39-0ab7-42bc-8938-a346a2d8b889/org.apache.kafka_kafka-clients-3.9.0.jar
[2026-04-12T04:38:16.734+0000] {subprocess.py:106} INFO - 26/04/12 04:38:16 INFO Executor: Adding file:/tmp/spark-30c91f6c-a9b7-4eec-b32a-21c8b4942486/userFiles-2279ad39-0ab7-42bc-8938-a346a2d8b889/org.apache.kafka_kafka-clients-3.9.0.jar to class loader default
[2026-04-12T04:38:16.735+0000] {subprocess.py:106} INFO - 26/04/12 04:38:16 INFO Executor: Fetching spark://spark-master:33241/jars/org.apache.commons_commons-pool2-2.12.0.jar with timestamp 1775968692445
[2026-04-12T04:38:16.735+0000] {subprocess.py:106} INFO - 26/04/12 04:38:16 INFO Utils: Fetching spark://spark-master:33241/jars/org.apache.commons_commons-pool2-2.12.0.jar to /tmp/spark-30c91f6c-a9b7-4eec-b32a-21c8b4942486/userFiles-2279ad39-0ab7-42bc-8938-a346a2d8b889/fetchFileTemp46817563320279926.tmp
[2026-04-12T04:38:16.738+0000] {subprocess.py:106} INFO - 26/04/12 04:38:16 INFO Utils: /tmp/spark-30c91f6c-a9b7-4eec-b32a-21c8b4942486/userFiles-2279ad39-0ab7-42bc-8938-a346a2d8b889/fetchFileTemp46817563320279926.tmp has been previously copied to /tmp/spark-30c91f6c-a9b7-4eec-b32a-21c8b4942486/userFiles-2279ad39-0ab7-42bc-8938-a346a2d8b889/org.apache.commons_commons-pool2-2.12.0.jar
[2026-04-12T04:38:16.759+0000] {subprocess.py:106} INFO - 26/04/12 04:38:16 INFO Executor: Adding file:/tmp/spark-30c91f6c-a9b7-4eec-b32a-21c8b4942486/userFiles-2279ad39-0ab7-42bc-8938-a346a2d8b889/org.apache.commons_commons-pool2-2.12.0.jar to class loader default
[2026-04-12T04:38:16.759+0000] {subprocess.py:106} INFO - 26/04/12 04:38:16 INFO Executor: Fetching spark://spark-master:33241/jars/org.apache.hadoop_hadoop-client-runtime-3.4.1.jar with timestamp 1775968692445
[2026-04-12T04:38:16.760+0000] {subprocess.py:106} INFO - 26/04/12 04:38:16 INFO Utils: Fetching spark://spark-master:33241/jars/org.apache.hadoop_hadoop-client-runtime-3.4.1.jar to /tmp/spark-30c91f6c-a9b7-4eec-b32a-21c8b4942486/userFiles-2279ad39-0ab7-42bc-8938-a346a2d8b889/fetchFileTemp17299753074233928166.tmp
[2026-04-12T04:38:16.880+0000] {subprocess.py:106} INFO - 26/04/12 04:38:16 INFO Utils: /tmp/spark-30c91f6c-a9b7-4eec-b32a-21c8b4942486/userFiles-2279ad39-0ab7-42bc-8938-a346a2d8b889/fetchFileTemp17299753074233928166.tmp has been previously copied to /tmp/spark-30c91f6c-a9b7-4eec-b32a-21c8b4942486/userFiles-2279ad39-0ab7-42bc-8938-a346a2d8b889/org.apache.hadoop_hadoop-client-runtime-3.4.1.jar
[2026-04-12T04:38:17.180+0000] {subprocess.py:106} INFO - 26/04/12 04:38:17 INFO Executor: Adding file:/tmp/spark-30c91f6c-a9b7-4eec-b32a-21c8b4942486/userFiles-2279ad39-0ab7-42bc-8938-a346a2d8b889/org.apache.hadoop_hadoop-client-runtime-3.4.1.jar to class loader default
[2026-04-12T04:38:17.181+0000] {subprocess.py:106} INFO - 26/04/12 04:38:17 INFO Executor: Fetching spark://spark-master:33241/jars/org.scala-lang.modules_scala-parallel-collections_2.13-1.2.0.jar with timestamp 1775968692445
[2026-04-12T04:38:17.181+0000] {subprocess.py:106} INFO - 26/04/12 04:38:17 INFO Utils: Fetching spark://spark-master:33241/jars/org.scala-lang.modules_scala-parallel-collections_2.13-1.2.0.jar to /tmp/spark-30c91f6c-a9b7-4eec-b32a-21c8b4942486/userFiles-2279ad39-0ab7-42bc-8938-a346a2d8b889/fetchFileTemp15981488845232021811.tmp
[2026-04-12T04:38:17.188+0000] {subprocess.py:106} INFO - 26/04/12 04:38:17 INFO Utils: /tmp/spark-30c91f6c-a9b7-4eec-b32a-21c8b4942486/userFiles-2279ad39-0ab7-42bc-8938-a346a2d8b889/fetchFileTemp15981488845232021811.tmp has been previously copied to /tmp/spark-30c91f6c-a9b7-4eec-b32a-21c8b4942486/userFiles-2279ad39-0ab7-42bc-8938-a346a2d8b889/org.scala-lang.modules_scala-parallel-collections_2.13-1.2.0.jar
[2026-04-12T04:38:17.227+0000] {subprocess.py:106} INFO - 26/04/12 04:38:17 INFO Executor: Adding file:/tmp/spark-30c91f6c-a9b7-4eec-b32a-21c8b4942486/userFiles-2279ad39-0ab7-42bc-8938-a346a2d8b889/org.scala-lang.modules_scala-parallel-collections_2.13-1.2.0.jar to class loader default
[2026-04-12T04:38:17.228+0000] {subprocess.py:106} INFO - 26/04/12 04:38:17 INFO Executor: Fetching spark://spark-master:33241/jars/org.xerial.snappy_snappy-java-1.1.10.7.jar with timestamp 1775968692445
[2026-04-12T04:38:17.228+0000] {subprocess.py:106} INFO - 26/04/12 04:38:17 INFO Utils: Fetching spark://spark-master:33241/jars/org.xerial.snappy_snappy-java-1.1.10.7.jar to /tmp/spark-30c91f6c-a9b7-4eec-b32a-21c8b4942486/userFiles-2279ad39-0ab7-42bc-8938-a346a2d8b889/fetchFileTemp212283608730251169.tmp
[2026-04-12T04:38:17.238+0000] {subprocess.py:106} INFO - 26/04/12 04:38:17 INFO Utils: /tmp/spark-30c91f6c-a9b7-4eec-b32a-21c8b4942486/userFiles-2279ad39-0ab7-42bc-8938-a346a2d8b889/fetchFileTemp212283608730251169.tmp has been previously copied to /tmp/spark-30c91f6c-a9b7-4eec-b32a-21c8b4942486/userFiles-2279ad39-0ab7-42bc-8938-a346a2d8b889/org.xerial.snappy_snappy-java-1.1.10.7.jar
[2026-04-12T04:38:17.267+0000] {subprocess.py:106} INFO - 26/04/12 04:38:17 INFO Executor: Adding file:/tmp/spark-30c91f6c-a9b7-4eec-b32a-21c8b4942486/userFiles-2279ad39-0ab7-42bc-8938-a346a2d8b889/org.xerial.snappy_snappy-java-1.1.10.7.jar to class loader default
[2026-04-12T04:38:17.267+0000] {subprocess.py:106} INFO - 26/04/12 04:38:17 INFO Executor: Fetching spark://spark-master:33241/jars/org.lz4_lz4-java-1.8.0.jar with timestamp 1775968692445
[2026-04-12T04:38:17.268+0000] {subprocess.py:106} INFO - 26/04/12 04:38:17 INFO Utils: Fetching spark://spark-master:33241/jars/org.lz4_lz4-java-1.8.0.jar to /tmp/spark-30c91f6c-a9b7-4eec-b32a-21c8b4942486/userFiles-2279ad39-0ab7-42bc-8938-a346a2d8b889/fetchFileTemp2365103091889022949.tmp
[2026-04-12T04:38:17.271+0000] {subprocess.py:106} INFO - 26/04/12 04:38:17 INFO Utils: /tmp/spark-30c91f6c-a9b7-4eec-b32a-21c8b4942486/userFiles-2279ad39-0ab7-42bc-8938-a346a2d8b889/fetchFileTemp2365103091889022949.tmp has been previously copied to /tmp/spark-30c91f6c-a9b7-4eec-b32a-21c8b4942486/userFiles-2279ad39-0ab7-42bc-8938-a346a2d8b889/org.lz4_lz4-java-1.8.0.jar
[2026-04-12T04:38:17.287+0000] {subprocess.py:106} INFO - 26/04/12 04:38:17 INFO Executor: Adding file:/tmp/spark-30c91f6c-a9b7-4eec-b32a-21c8b4942486/userFiles-2279ad39-0ab7-42bc-8938-a346a2d8b889/org.lz4_lz4-java-1.8.0.jar to class loader default
[2026-04-12T04:38:17.287+0000] {subprocess.py:106} INFO - 26/04/12 04:38:17 INFO Executor: Fetching spark://spark-master:33241/jars/org.apache.iceberg_iceberg-spark-runtime-4.0_2.13-1.10.1.jar with timestamp 1775968692445
[2026-04-12T04:38:17.288+0000] {subprocess.py:106} INFO - 26/04/12 04:38:17 INFO Utils: Fetching spark://spark-master:33241/jars/org.apache.iceberg_iceberg-spark-runtime-4.0_2.13-1.10.1.jar to /tmp/spark-30c91f6c-a9b7-4eec-b32a-21c8b4942486/userFiles-2279ad39-0ab7-42bc-8938-a346a2d8b889/fetchFileTemp700372574160014733.tmp
[2026-04-12T04:38:17.968+0000] {subprocess.py:106} INFO - 26/04/12 04:38:17 INFO Utils: /tmp/spark-30c91f6c-a9b7-4eec-b32a-21c8b4942486/userFiles-2279ad39-0ab7-42bc-8938-a346a2d8b889/fetchFileTemp700372574160014733.tmp has been previously copied to /tmp/spark-30c91f6c-a9b7-4eec-b32a-21c8b4942486/userFiles-2279ad39-0ab7-42bc-8938-a346a2d8b889/org.apache.iceberg_iceberg-spark-runtime-4.0_2.13-1.10.1.jar
[2026-04-12T04:38:17.979+0000] {subprocess.py:106} INFO - 26/04/12 04:38:17 INFO Executor: Adding file:/tmp/spark-30c91f6c-a9b7-4eec-b32a-21c8b4942486/userFiles-2279ad39-0ab7-42bc-8938-a346a2d8b889/org.apache.iceberg_iceberg-spark-runtime-4.0_2.13-1.10.1.jar to class loader default
[2026-04-12T04:38:17.979+0000] {subprocess.py:106} INFO - 26/04/12 04:38:17 INFO Executor: Fetching spark://spark-master:33241/jars/org.slf4j_slf4j-api-2.0.16.jar with timestamp 1775968692445
[2026-04-12T04:38:17.979+0000] {subprocess.py:106} INFO - 26/04/12 04:38:17 INFO Utils: Fetching spark://spark-master:33241/jars/org.slf4j_slf4j-api-2.0.16.jar to /tmp/spark-30c91f6c-a9b7-4eec-b32a-21c8b4942486/userFiles-2279ad39-0ab7-42bc-8938-a346a2d8b889/fetchFileTemp3761822526339253824.tmp
[2026-04-12T04:38:17.981+0000] {subprocess.py:106} INFO - 26/04/12 04:38:17 INFO Utils: /tmp/spark-30c91f6c-a9b7-4eec-b32a-21c8b4942486/userFiles-2279ad39-0ab7-42bc-8938-a346a2d8b889/fetchFileTemp3761822526339253824.tmp has been previously copied to /tmp/spark-30c91f6c-a9b7-4eec-b32a-21c8b4942486/userFiles-2279ad39-0ab7-42bc-8938-a346a2d8b889/org.slf4j_slf4j-api-2.0.16.jar
[2026-04-12T04:38:17.994+0000] {subprocess.py:106} INFO - 26/04/12 04:38:17 INFO Executor: Adding file:/tmp/spark-30c91f6c-a9b7-4eec-b32a-21c8b4942486/userFiles-2279ad39-0ab7-42bc-8938-a346a2d8b889/org.slf4j_slf4j-api-2.0.16.jar to class loader default
[2026-04-12T04:38:17.994+0000] {subprocess.py:106} INFO - 26/04/12 04:38:17 INFO Executor: Fetching spark://spark-master:33241/jars/com.google.code.findbugs_jsr305-3.0.0.jar with timestamp 1775968692445
[2026-04-12T04:38:17.995+0000] {subprocess.py:106} INFO - 26/04/12 04:38:17 INFO Utils: Fetching spark://spark-master:33241/jars/com.google.code.findbugs_jsr305-3.0.0.jar to /tmp/spark-30c91f6c-a9b7-4eec-b32a-21c8b4942486/userFiles-2279ad39-0ab7-42bc-8938-a346a2d8b889/fetchFileTemp899649443110367565.tmp
[2026-04-12T04:38:17.995+0000] {subprocess.py:106} INFO - 26/04/12 04:38:17 INFO Utils: /tmp/spark-30c91f6c-a9b7-4eec-b32a-21c8b4942486/userFiles-2279ad39-0ab7-42bc-8938-a346a2d8b889/fetchFileTemp899649443110367565.tmp has been previously copied to /tmp/spark-30c91f6c-a9b7-4eec-b32a-21c8b4942486/userFiles-2279ad39-0ab7-42bc-8938-a346a2d8b889/com.google.code.findbugs_jsr305-3.0.0.jar
[2026-04-12T04:38:18.109+0000] {subprocess.py:106} INFO - 26/04/12 04:38:18 INFO Executor: Adding file:/tmp/spark-30c91f6c-a9b7-4eec-b32a-21c8b4942486/userFiles-2279ad39-0ab7-42bc-8938-a346a2d8b889/com.google.code.findbugs_jsr305-3.0.0.jar to class loader default
[2026-04-12T04:38:18.109+0000] {subprocess.py:106} INFO - 26/04/12 04:38:18 INFO Executor: Fetching spark://spark-master:33241/jars/org.apache.spark_spark-token-provider-kafka-0-10_2.13-4.0.0.jar with timestamp 1775968692445
[2026-04-12T04:38:18.110+0000] {subprocess.py:106} INFO - 26/04/12 04:38:18 INFO Utils: Fetching spark://spark-master:33241/jars/org.apache.spark_spark-token-provider-kafka-0-10_2.13-4.0.0.jar to /tmp/spark-30c91f6c-a9b7-4eec-b32a-21c8b4942486/userFiles-2279ad39-0ab7-42bc-8938-a346a2d8b889/fetchFileTemp15468684916674271374.tmp
[2026-04-12T04:38:18.110+0000] {subprocess.py:106} INFO - 26/04/12 04:38:18 INFO Utils: /tmp/spark-30c91f6c-a9b7-4eec-b32a-21c8b4942486/userFiles-2279ad39-0ab7-42bc-8938-a346a2d8b889/fetchFileTemp15468684916674271374.tmp has been previously copied to /tmp/spark-30c91f6c-a9b7-4eec-b32a-21c8b4942486/userFiles-2279ad39-0ab7-42bc-8938-a346a2d8b889/org.apache.spark_spark-token-provider-kafka-0-10_2.13-4.0.0.jar
[2026-04-12T04:38:18.183+0000] {subprocess.py:106} INFO - 26/04/12 04:38:18 INFO Executor: Adding file:/tmp/spark-30c91f6c-a9b7-4eec-b32a-21c8b4942486/userFiles-2279ad39-0ab7-42bc-8938-a346a2d8b889/org.apache.spark_spark-token-provider-kafka-0-10_2.13-4.0.0.jar to class loader default
[2026-04-12T04:38:18.193+0000] {subprocess.py:106} INFO - 26/04/12 04:38:18 INFO Utils: Successfully started service 'org.apache.spark.network.netty.NettyBlockTransferService' on port 35755.
[2026-04-12T04:38:18.194+0000] {subprocess.py:106} INFO - 26/04/12 04:38:18 INFO NettyBlockTransferService: Server created on spark-master:35755
[2026-04-12T04:38:18.195+0000] {subprocess.py:106} INFO - 26/04/12 04:38:18 INFO BlockManager: Using org.apache.spark.storage.RandomBlockReplicationPolicy for block replication policy
[2026-04-12T04:38:18.231+0000] {subprocess.py:106} INFO - 26/04/12 04:38:18 INFO BlockManagerMaster: Registering BlockManager BlockManagerId(driver, spark-master, 35755, None)
[2026-04-12T04:38:18.238+0000] {subprocess.py:106} INFO - 26/04/12 04:38:18 INFO BlockManagerMasterEndpoint: Registering block manager spark-master:35755 with 1048.8 MiB RAM, BlockManagerId(driver, spark-master, 35755, None)
[2026-04-12T04:38:18.241+0000] {subprocess.py:106} INFO - 26/04/12 04:38:18 INFO BlockManagerMaster: Registered BlockManager BlockManagerId(driver, spark-master, 35755, None)
[2026-04-12T04:38:18.243+0000] {subprocess.py:106} INFO - 26/04/12 04:38:18 INFO BlockManager: Initialized BlockManager: BlockManagerId(driver, spark-master, 35755, None)
[2026-04-12T04:38:23.010+0000] {subprocess.py:106} INFO - Spark + Iceberg ready!
[2026-04-12T04:38:23.044+0000] {subprocess.py:106} INFO - 26/04/12 04:38:23 INFO SharedState: spark.sql.warehouse.dir is not set, but hive.metastore.warehouse.dir is set. Setting spark.sql.warehouse.dir to the value of hive.metastore.warehouse.dir.
[2026-04-12T04:38:23.534+0000] {subprocess.py:106} INFO - 26/04/12 04:38:23 INFO SharedState: Warehouse path is 'hdfs://23133083thuyvan-master:9000/user/hive/warehouse'.
[2026-04-12T04:38:24.623+0000] {subprocess.py:106} INFO - 26/04/12 04:38:24 INFO CatalogUtil: Loading custom FileIO implementation: org.apache.iceberg.hadoop.HadoopFileIO
[2026-04-12T04:38:25.523+0000] {subprocess.py:106} INFO - 26/04/12 04:38:25 INFO HiveConf: Found configuration file file:/home/spark/spark/conf/hive-site.xml
[2026-04-12T04:38:25.794+0000] {subprocess.py:106} INFO - 26/04/12 04:38:25 INFO metastore: Trying to connect to metastore with URI thrift://23133083thuyvan-master:9083
[2026-04-12T04:38:25.825+0000] {subprocess.py:106} INFO - 26/04/12 04:38:25 INFO metastore: Opened a connection to metastore, current connections: 1
[2026-04-12T04:38:25.867+0000] {subprocess.py:106} INFO - 26/04/12 04:38:25 INFO metastore: Connected to metastore.
[2026-04-12T04:38:25.663+0000] {subprocess.py:106} INFO - 26/04/12 04:38:25 WARN SparkStringUtils: Truncated the string representation of a plan since it was too large. This behavior can be adjusted by setting 'spark.sql.debug.maxToStringFields'.
[2026-04-12T04:38:25.761+0000] {subprocess.py:106} INFO - 26/04/12 04:38:25 INFO BaseMetastoreTableOperations: Refreshing table metadata from new version: hdfs://23133083thuyvan-master:9000/user/hive/lakehouse/air_quality_db.db/air_quality_silver/metadata/00000-bd5a2971-fd67-45ed-b96f-546c2d057b23.metadata.json
[2026-04-12T04:38:25.308+0000] {subprocess.py:106} INFO - 26/04/12 04:38:25 INFO BaseMetastoreCatalog: Table loaded by catalog: iceberg.air_quality_db.air_quality_silver
[2026-04-12T04:38:25.318+0000] {subprocess.py:106} INFO - Iceberg table 'weather_real_time' ready!
[2026-04-12T04:38:26.630+0000] {subprocess.py:106} INFO - 26/04/12 04:38:26 INFO StateStoreCoordinatorRef: Registered StateStoreCoordinator endpoint
[2026-04-12T04:38:26.757+0000] {subprocess.py:106} INFO - 26/04/12 04:38:26 INFO ResolveWriteToStream: Checkpoint root hdfs://23133083thuyvan-master:9000/user/hive/checkpoints/air_quality_realtime resolved to hdfs://23133083thuyvan-master:9000/user/hive/checkpoints/air_quality_realtime.
[2026-04-12T04:38:26.758+0000] {subprocess.py:106} INFO - 26/04/12 04:38:26 WARN ResolveWriteToStream: spark.sql.adaptive.enabled is not supported in streaming DataFrames/Datasets and will be disabled.
[2026-04-12T04:38:26.978+0000] {subprocess.py:106} INFO - 26/04/12 04:38:26 INFO MicroBatchExecution: Starting [id = 46e5ad83-a953-440f-bb1b-14366f27bcb7, runId = af0e0869-51a6-4e03-91e4-64ee81cdb5bf]. Use hdfs://23133083thuyvan-master:9000/user/hive/checkpoints/air_quality_realtime to store the query checkpoint.
[2026-04-12T04:38:26.991+0000] {subprocess.py:106} INFO - Streaming job started! Listening to 'weather-topic'...
[2026-04-12T04:38:27.004+0000] {subprocess.py:106} INFO - 26/04/12 04:38:27 INFO MicroBatchExecution: Reading table [org.apache.spark.sql.kafka010.KafkaSourceProvider$KafkaTable@66ab3c14] from DataSourceV2 named 'kafka' [org.apache.spark.sql.kafka010.KafkaSourceProvider@3bb68ac9]
[2026-04-12T04:38:27.080+0000] {subprocess.py:106} INFO - 26/04/12 04:38:27 INFO MicroBatchExecution: Finish initializing with logical plan:
[2026-04-12T04:38:27.080+0000] {subprocess.py:106} INFO - ~WriteToMicroBatchDataSourceV1 ForeachBatchSink, 46e5ad83-a953-440f-bb1b-14366f27bcb7, [checkpointLocation=hdfs://23133083thuyvan-master:9000/user/hive/checkpoints/air_quality_realtime], Append
[2026-04-12T04:38:27.081+0000] {subprocess.py:106} INFO - +- ~Project [timestamp#40, location#17, latitude#18, longitude#19, timezone#20, temperature_2m#21, relative_humidity_2m#22, apparent_temperature#23, precipitation#24, cloud_cover#25, wind_speed_10m#26, wind_direction_10m#27, wind_gusts_10m#28, uv_index#29, weather_code#30, european_aqi#31, us_aqi#32, pm10#33, pm2_5#34, carbon_monoxide#35, nitrogen_dioxide#36, sulphur_dioxide#37, ozone#38, processing_time#39, open-meteo AS data_source#41]
[2026-04-12T04:38:27.082+0000] {subprocess.py:106} INFO -    +- ~Project [to_timestamp(timestamp#16, None, TimestampType, Some(GMT), true) AS timestamp#40, location#17, latitude#18, longitude#19, timezone#20, temperature_2m#21, relative_humidity_2m#22, apparent_temperature#23, precipitation#24, cloud_cover#25, wind_speed_10m#26, wind_direction_10m#27, wind_gusts_10m#28, uv_index#29, weather_code#30, european_aqi#31, us_aqi#32, pm10#33, pm2_5#34, carbon_monoxide#35, nitrogen_dioxide#36, sulphur_dioxide#37, ozone#38, processing_time#39]
[2026-04-12T04:38:27.082+0000] {subprocess.py:106} INFO -       +- ~Project [timestamp#16, location#17, latitude#18, longitude#19, timezone#20, temperature_2m#21, relative_humidity_2m#22, apparent_temperature#23, precipitation#24, cloud_cover#25, wind_speed_10m#26, wind_direction_10m#27, wind_gusts_10m#28, uv_index#29, weather_code#30, european_aqi#31, us_aqi#32, pm10#33, pm2_5#34, carbon_monoxide#35, nitrogen_dioxide#36, sulphur_dioxide#37, ozone#38, current_timestamp() AS processing_time#39]
[2026-04-12T04:38:27.083+0000] {subprocess.py:106} INFO -          +- ~Project [data#15.timestamp AS timestamp#16, data#15.location AS location#17, data#15.latitude AS latitude#18, data#15.longitude AS longitude#19, data#15.timezone AS timezone#20, data#15.temperature_2m AS temperature_2m#21, data#15.relative_humidity_2m AS relative_humidity_2m#22, data#15.apparent_temperature AS apparent_temperature#23, data#15.precipitation AS precipitation#24, data#15.cloud_cover AS cloud_cover#25, data#15.wind_speed_10m AS wind_speed_10m#26, data#15.wind_direction_10m AS wind_direction_10m#27, data#15.wind_gusts_10m AS wind_gusts_10m#28, data#15.uv_index AS uv_index#29, data#15.weather_code AS weather_code#30, data#15.european_aqi AS european_aqi#31, data#15.us_aqi AS us_aqi#32, data#15.pm10 AS pm10#33, data#15.pm2_5 AS pm2_5#34, data#15.carbon_monoxide AS carbon_monoxide#35, data#15.nitrogen_dioxide AS nitrogen_dioxide#36, data#15.sulphur_dioxide AS sulphur_dioxide#37, data#15.ozone AS ozone#38]
[2026-04-12T04:38:27.083+0000] {subprocess.py:106} INFO -             +- ~Project [from_json(StructField(timestamp,StringType,true), StructField(location,StringType,true), StructField(latitude,DoubleType,true), StructField(longitude,DoubleType,true), StructField(timezone,StringType,true), StructField(temperature_2m,DoubleType,true), StructField(relative_humidity_2m,DoubleType,true), StructField(apparent_temperature,DoubleType,true), StructField(precipitation,DoubleType,true), StructField(cloud_cover,DoubleType,true), StructField(wind_speed_10m,DoubleType,true), StructField(wind_direction_10m,DoubleType,true), StructField(wind_gusts_10m,DoubleType,true), StructField(uv_index,DoubleType,true), StructField(weather_code,IntegerType,true), StructField(european_aqi,IntegerType,true), StructField(us_aqi,IntegerType,true), StructField(pm10,DoubleType,true), StructField(pm2_5,DoubleType,true), StructField(carbon_monoxide,DoubleType,true), StructField(nitrogen_dioxide,DoubleType,true), StructField(sulphur_dioxide,DoubleType,true), StructField(ozone,DoubleType,true), json#14, Some(GMT), ... 1 more fields) AS data#15]
[2026-04-12T04:38:27.084+0000] {subprocess.py:106} INFO -                +- ~Project [cast(value#8 as string) AS json#14]
[2026-04-12T04:38:27.084+0000] {subprocess.py:106} INFO -                   +- ~StreamingDataSourceV2ScanRelation[key#7, value#8, topic#9, partition#10, offset#11L, timestamp#12, timestampType#13] KafkaTable
[2026-04-12T04:38:27.085+0000] {subprocess.py:106} INFO - 
[2026-04-12T04:38:27.104+0000] {subprocess.py:106} INFO - 26/04/12 04:38:27 INFO OffsetSeqLog: BatchIds found from listing: 0, 1
[2026-04-12T04:38:27.135+0000] {subprocess.py:106} INFO - 26/04/12 04:38:27 INFO OffsetSeqLog: Getting latest batch 1
[2026-04-12T04:38:27.172+0000] {subprocess.py:106} INFO - 26/04/12 04:38:27 INFO OffsetSeqLog: BatchIds found from listing: 0, 1
[2026-04-12T04:38:27.173+0000] {subprocess.py:106} INFO - 26/04/12 04:38:27 INFO OffsetSeqLog: Getting latest batch 1
[2026-04-12T04:38:27.198+0000] {subprocess.py:106} INFO - 26/04/12 04:38:27 INFO CommitLog: BatchIds found from listing: 0
[2026-04-12T04:38:27.199+0000] {subprocess.py:106} INFO - 26/04/12 04:38:27 INFO CommitLog: Getting latest batch 0
[2026-04-12T04:38:27.430+0000] {subprocess.py:106} INFO - 26/04/12 04:38:27 INFO MicroBatchExecution: Resuming at batch 1 with committed offsets {KafkaV2[Subscribe[weather-topic]]: {"weather-topic":{"0":11,"1":16,"2":13}}} and available offsets {KafkaV2[Subscribe[weather-topic]]: {"weather-topic":{"0":15,"1":23,"2":22}}}
[2026-04-12T04:38:27.431+0000] {subprocess.py:106} INFO - 26/04/12 04:38:27 INFO MicroBatchExecution: Stream started from {KafkaV2[Subscribe[weather-topic]]: {"weather-topic":{"0":11,"1":16,"2":13}}}
[2026-04-12T04:38:27.591+0000] {subprocess.py:106} INFO - 26/04/12 04:38:27 INFO IncrementalExecution: Current batch timestamp = 1775968410012
[2026-04-12T04:38:27.753+0000] {subprocess.py:106} INFO - 26/04/12 04:38:27 INFO IncrementalExecution: Current batch timestamp = 1775968410012
[2026-04-12T04:38:28.321+0000] {subprocess.py:106} INFO - 26/04/12 04:38:28 INFO CodeGenerator: Code generated in 367.010994 ms
[2026-04-12T04:38:28.326+0000] {subprocess.py:106} INFO - 26/04/12 04:38:28 INFO KafkaOffsetReaderAdmin: Partitions added: Map()
[2026-04-12T04:38:28.741+0000] {subprocess.py:106} INFO - 26/04/12 04:38:28 INFO CodeGenerator: Code generated in 68.353468 ms
[2026-04-12T04:38:28.803+0000] {subprocess.py:106} INFO - 26/04/12 04:38:28 INFO CodeGenerator: Code generated in 38.6804 ms
[2026-04-12T04:38:28.965+0000] {subprocess.py:106} INFO - 26/04/12 04:38:28 INFO SparkContext: Starting job: start at NativeMethodAccessorImpl.java:0
[2026-04-12T04:38:28.997+0000] {subprocess.py:106} INFO - 26/04/12 04:38:28 INFO DAGScheduler: Registering RDD 6 (start at NativeMethodAccessorImpl.java:0) as input to shuffle 0
[2026-04-12T04:38:29.018+0000] {subprocess.py:106} INFO - 26/04/12 04:38:29 INFO DAGScheduler: Got job 0 (start at NativeMethodAccessorImpl.java:0) with 1 output partitions
[2026-04-12T04:38:29.019+0000] {subprocess.py:106} INFO - 26/04/12 04:38:29 INFO DAGScheduler: Final stage: ResultStage 1 (start at NativeMethodAccessorImpl.java:0)
[2026-04-12T04:38:29.023+0000] {subprocess.py:106} INFO - 26/04/12 04:38:29 INFO DAGScheduler: Parents of final stage: List(ShuffleMapStage 0)
[2026-04-12T04:38:29.028+0000] {subprocess.py:106} INFO - 26/04/12 04:38:29 INFO DAGScheduler: Missing parents: List(ShuffleMapStage 0)
[2026-04-12T04:38:29.038+0000] {subprocess.py:106} INFO - 26/04/12 04:38:29 INFO DAGScheduler: Submitting ShuffleMapStage 0 (MapPartitionsRDD[6] at start at NativeMethodAccessorImpl.java:0), which has no missing parents
[2026-04-12T04:38:29.150+0000] {subprocess.py:106} INFO - 26/04/12 04:38:29 INFO MemoryStore: MemoryStore started with capacity 1048.8 MiB
[2026-04-12T04:38:29.178+0000] {subprocess.py:106} INFO - 26/04/12 04:38:29 INFO MemoryStore: Block broadcast_0 stored as values in memory (estimated size 43.0 KiB, free 1048.8 MiB)
[2026-04-12T04:38:29.221+0000] {subprocess.py:106} INFO - 26/04/12 04:38:29 INFO MemoryStore: Block broadcast_0_piece0 stored as bytes in memory (estimated size 16.4 KiB, free 1048.7 MiB)
[2026-04-12T04:38:29.230+0000] {subprocess.py:106} INFO - 26/04/12 04:38:29 INFO SparkContext: Created broadcast 0 from broadcast at DAGScheduler.scala:1676
[2026-04-12T04:38:29.259+0000] {subprocess.py:106} INFO - 26/04/12 04:38:29 INFO DAGScheduler: Submitting 3 missing tasks from ShuffleMapStage 0 (MapPartitionsRDD[6] at start at NativeMethodAccessorImpl.java:0) (first 15 tasks are for partitions Vector(0, 1, 2))
[2026-04-12T04:38:29.265+0000] {subprocess.py:106} INFO - 26/04/12 04:38:29 INFO TaskSchedulerImpl: Adding task set 0.0 with 3 tasks resource profile 0
[2026-04-12T04:38:29.347+0000] {subprocess.py:106} INFO - 26/04/12 04:38:29 INFO TaskSetManager: Starting task 0.0 in stage 0.0 (TID 0) (spark-master,executor driver, partition 0, PROCESS_LOCAL, 13492 bytes)
[2026-04-12T04:38:29.357+0000] {subprocess.py:106} INFO - 26/04/12 04:38:29 INFO TaskSetManager: Starting task 1.0 in stage 0.0 (TID 1) (spark-master,executor driver, partition 1, PROCESS_LOCAL, 13492 bytes)
[2026-04-12T04:38:29.360+0000] {subprocess.py:106} INFO - 26/04/12 04:38:29 INFO TaskSetManager: Starting task 2.0 in stage 0.0 (TID 2) (spark-master,executor driver, partition 2, PROCESS_LOCAL, 13492 bytes)
[2026-04-12T04:38:29.375+0000] {subprocess.py:106} INFO - 26/04/12 04:38:29 INFO Executor: Running task 2.0 in stage 0.0 (TID 2)
[2026-04-12T04:38:29.377+0000] {subprocess.py:106} INFO - 26/04/12 04:38:29 INFO Executor: Running task 0.0 in stage 0.0 (TID 0)
[2026-04-12T04:38:29.380+0000] {subprocess.py:106} INFO - 26/04/12 04:38:29 INFO Executor: Running task 1.0 in stage 0.0 (TID 1)
[2026-04-12T04:38:29.603+0000] {subprocess.py:106} INFO - 26/04/12 04:38:29 INFO CodeGenerator: Code generated in 55.288819 ms
[2026-04-12T04:38:29.645+0000] {subprocess.py:106} INFO - 26/04/12 04:38:29 INFO CodeGenerator: Code generated in 38.940311 ms
[2026-04-12T04:38:29.717+0000] {subprocess.py:106} INFO - 26/04/12 04:38:29 INFO CodeGenerator: Code generated in 13.529653 ms
[2026-04-12T04:38:29.721+0000] {subprocess.py:106} INFO - 26/04/12 04:38:29 INFO SecurityManager: Changing view acls to: spark
[2026-04-12T04:38:29.723+0000] {subprocess.py:106} INFO - 26/04/12 04:38:29 INFO SecurityManager: Changing modify acls to: spark
[2026-04-12T04:38:29.723+0000] {subprocess.py:106} INFO - 26/04/12 04:38:29 INFO SecurityManager: Changing view acls groups to: spark
[2026-04-12T04:38:29.724+0000] {subprocess.py:106} INFO - 26/04/12 04:38:29 INFO SecurityManager: Changing modify acls groups to: spark
[2026-04-12T04:38:29.725+0000] {subprocess.py:106} INFO - 26/04/12 04:38:29 INFO SecurityManager: SecurityManager: authentication disabled; ui acls disabled; users with view permissions: spark groups with view permissions: EMPTY; users with modify permissions: spark; groups with modify permissions: EMPTY; RPC SSL disabled
[2026-04-12T04:38:29.725+0000] {subprocess.py:106} INFO - 26/04/12 04:38:29 INFO KafkaBatchReaderFactory: Creating Kafka reader topicPartition=weather-topic-0 fromOffset=11} untilOffset=15, for query queryId=46e5ad83-a953-440f-bb1b-14366f27bcb7 batchId=1 taskId=0 partitionId=0
[2026-04-12T04:38:29.726+0000] {subprocess.py:106} INFO - 26/04/12 04:38:29 INFO KafkaBatchReaderFactory: Creating Kafka reader topicPartition=weather-topic-2 fromOffset=13} untilOffset=22, for query queryId=46e5ad83-a953-440f-bb1b-14366f27bcb7 batchId=1 taskId=2 partitionId=2
[2026-04-12T04:38:29.726+0000] {subprocess.py:106} INFO - 26/04/12 04:38:29 INFO KafkaBatchReaderFactory: Creating Kafka reader topicPartition=weather-topic-1 fromOffset=16} untilOffset=23, for query queryId=46e5ad83-a953-440f-bb1b-14366f27bcb7 batchId=1 taskId=1 partitionId=1
[2026-04-12T04:38:29.768+0000] {subprocess.py:106} INFO - 26/04/12 04:38:29 INFO CodeGenerator: Code generated in 12.477889 ms
[2026-04-12T04:38:29.815+0000] {subprocess.py:106} INFO - 26/04/12 04:38:29 INFO CodeGenerator: Code generated in 24.793715 ms
[2026-04-12T04:38:29.875+0000] {subprocess.py:106} INFO - 26/04/12 04:38:29 INFO ConsumerConfig: ConsumerConfig values:
[2026-04-12T04:38:29.875+0000] {subprocess.py:106} INFO - 	allow.auto.create.topics = true
[2026-04-12T04:38:29.876+0000] {subprocess.py:106} INFO - 	auto.commit.interval.ms = 5000
[2026-04-12T04:38:29.876+0000] {subprocess.py:106} INFO - 	auto.include.jmx.reporter = true
[2026-04-12T04:38:29.876+0000] {subprocess.py:106} INFO - 	auto.offset.reset = none
[2026-04-12T04:38:29.877+0000] {subprocess.py:106} INFO - 	bootstrap.servers = [kafka:9092]
[2026-04-12T04:38:29.877+0000] {subprocess.py:106} INFO - 	check.crcs = true
[2026-04-12T04:38:29.877+0000] {subprocess.py:106} INFO - 	client.dns.lookup = use_all_dns_ips
[2026-04-12T04:38:29.878+0000] {subprocess.py:106} INFO - 	client.id = consumer-spark-kafka-source-cd2e18b9-6306-40a5-a12b-03e2d8318c10--983882313-executor-1
[2026-04-12T04:38:29.878+0000] {subprocess.py:106} INFO - 	client.rack =
[2026-04-12T04:38:29.878+0000] {subprocess.py:106} INFO - 	connections.max.idle.ms = 540000
[2026-04-12T04:38:29.878+0000] {subprocess.py:106} INFO - 	default.api.timeout.ms = 60000
[2026-04-12T04:38:29.879+0000] {subprocess.py:106} INFO - 	enable.auto.commit = false
[2026-04-12T04:38:29.879+0000] {subprocess.py:106} INFO - 	enable.metrics.push = true
[2026-04-12T04:38:29.879+0000] {subprocess.py:106} INFO - 	exclude.internal.topics = true
[2026-04-12T04:38:29.880+0000] {subprocess.py:106} INFO - 	fetch.max.bytes = 52428800
[2026-04-12T04:38:29.880+0000] {subprocess.py:106} INFO - 	fetch.max.wait.ms = 500
[2026-04-12T04:38:29.880+0000] {subprocess.py:106} INFO - 	fetch.min.bytes = 1
[2026-04-12T04:38:29.881+0000] {subprocess.py:106} INFO - 	group.id = spark-kafka-source-cd2e18b9-6306-40a5-a12b-03e2d8318c10--983882313-executor
[2026-04-12T04:38:29.881+0000] {subprocess.py:106} INFO - 	group.instance.id = null
[2026-04-12T04:38:29.881+0000] {subprocess.py:106} INFO - 	group.protocol = classic
[2026-04-12T04:38:29.882+0000] {subprocess.py:106} INFO - 	group.remote.assignor = null
[2026-04-12T04:38:29.882+0000] {subprocess.py:106} INFO - 	heartbeat.interval.ms = 3000
[2026-04-12T04:38:29.882+0000] {subprocess.py:106} INFO - 	interceptor.classes = []
[2026-04-12T04:38:29.883+0000] {subprocess.py:106} INFO - 	internal.leave.group.on.close = true
[2026-04-12T04:38:29.883+0000] {subprocess.py:106} INFO - 	internal.throw.on.fetch.stable.offset.unsupported = false
[2026-04-12T04:38:29.883+0000] {subprocess.py:106} INFO - 	isolation.level = read_uncommitted
[2026-04-12T04:38:29.883+0000] {subprocess.py:106} INFO - 	key.deserializer = class org.apache.kafka.common.serialization.ByteArrayDeserializer
[2026-04-12T04:38:29.884+0000] {subprocess.py:106} INFO - 	max.partition.fetch.bytes = 1048576
[2026-04-12T04:38:29.884+0000] {subprocess.py:106} INFO - 	max.poll.interval.ms = 300000
[2026-04-12T04:38:29.885+0000] {subprocess.py:106} INFO - 	max.poll.records = 500
[2026-04-12T04:38:29.885+0000] {subprocess.py:106} INFO - 	metadata.max.age.ms = 300000
[2026-04-12T04:38:29.885+0000] {subprocess.py:106} INFO - 	metadata.recovery.strategy = none
[2026-04-12T04:38:29.885+0000] {subprocess.py:106} INFO - 	metric.reporters = []
[2026-04-12T04:38:29.886+0000] {subprocess.py:106} INFO - 	metrics.num.samples = 2
[2026-04-12T04:38:29.886+0000] {subprocess.py:106} INFO - 	metrics.recording.level = INFO
[2026-04-12T04:38:29.886+0000] {subprocess.py:106} INFO - 	metrics.sample.window.ms = 30000
[2026-04-12T04:38:29.887+0000] {subprocess.py:106} INFO - 	partition.assignment.strategy = [class org.apache.kafka.clients.consumer.RangeAssignor, class org.apache.kafka.clients.consumer.CooperativeStickyAssignor]
[2026-04-12T04:38:29.887+0000] {subprocess.py:106} INFO - 	receive.buffer.bytes = 65536
[2026-04-12T04:38:29.887+0000] {subprocess.py:106} INFO - 	reconnect.backoff.max.ms = 1000
[2026-04-12T04:38:29.888+0000] {subprocess.py:106} INFO - 	reconnect.backoff.ms = 50
[2026-04-12T04:38:29.888+0000] {subprocess.py:106} INFO - 	request.timeout.ms = 30000
[2026-04-12T04:38:29.888+0000] {subprocess.py:106} INFO - 	retry.backoff.max.ms = 1000
[2026-04-12T04:38:29.889+0000] {subprocess.py:106} INFO - 	retry.backoff.ms = 100
[2026-04-12T04:38:29.889+0000] {subprocess.py:106} INFO - 	sasl.client.callback.handler.class = null
[2026-04-12T04:38:29.890+0000] {subprocess.py:106} INFO - 	sasl.jaas.config = null
[2026-04-12T04:38:29.890+0000] {subprocess.py:106} INFO - 	sasl.kerberos.kinit.cmd = /usr/bin/kinit
[2026-04-12T04:38:29.890+0000] {subprocess.py:106} INFO - 	sasl.kerberos.min.time.before.relogin = 60000
[2026-04-12T04:38:29.891+0000] {subprocess.py:106} INFO - 	sasl.kerberos.service.name = null
[2026-04-12T04:38:29.891+0000] {subprocess.py:106} INFO - 	sasl.kerberos.ticket.renew.jitter = 0.05
[2026-04-12T04:38:29.892+0000] {subprocess.py:106} INFO - 	sasl.kerberos.ticket.renew.window.factor = 0.8
[2026-04-12T04:38:29.892+0000] {subprocess.py:106} INFO - 	sasl.login.callback.handler.class = null
[2026-04-12T04:38:29.893+0000] {subprocess.py:106} INFO - 	sasl.login.class = null
[2026-04-12T04:38:29.893+0000] {subprocess.py:106} INFO - 	sasl.login.connect.timeout.ms = null
[2026-04-12T04:38:29.894+0000] {subprocess.py:106} INFO - 	sasl.login.read.timeout.ms = null
[2026-04-12T04:38:29.894+0000] {subprocess.py:106} INFO - 	sasl.login.refresh.buffer.seconds = 300
[2026-04-12T04:38:29.895+0000] {subprocess.py:106} INFO - 	sasl.login.refresh.min.period.seconds = 60
[2026-04-12T04:38:29.895+0000] {subprocess.py:106} INFO - 	sasl.login.refresh.window.factor = 0.8
[2026-04-12T04:38:29.895+0000] {subprocess.py:106} INFO - 	sasl.login.refresh.window.jitter = 0.05
[2026-04-12T04:38:29.896+0000] {subprocess.py:106} INFO - 	sasl.login.retry.backoff.max.ms = 10000
[2026-04-12T04:38:29.896+0000] {subprocess.py:106} INFO - 	sasl.login.retry.backoff.ms = 100
[2026-04-12T04:38:29.897+0000] {subprocess.py:106} INFO - 	sasl.mechanism = GSSAPI
[2026-04-12T04:38:29.898+0000] {subprocess.py:106} INFO - 	sasl.oauthbearer.clock.skew.seconds = 30
[2026-04-12T04:38:29.899+0000] {subprocess.py:106} INFO - 	sasl.oauthbearer.expected.audience = null
[2026-04-12T04:38:29.900+0000] {subprocess.py:106} INFO - 	sasl.oauthbearer.expected.issuer = null
[2026-04-12T04:38:29.900+0000] {subprocess.py:106} INFO - 	sasl.oauthbearer.header.urlencode = false
[2026-04-12T04:38:29.901+0000] {subprocess.py:106} INFO - 	sasl.oauthbearer.jwks.endpoint.refresh.ms = 3600000
[2026-04-12T04:38:29.901+0000] {subprocess.py:106} INFO - 	sasl.oauthbearer.jwks.endpoint.retry.backoff.max.ms = 10000
[2026-04-12T04:38:29.901+0000] {subprocess.py:106} INFO - 	sasl.oauthbearer.jwks.endpoint.retry.backoff.ms = 100
[2026-04-12T04:38:29.902+0000] {subprocess.py:106} INFO - 	sasl.oauthbearer.jwks.endpoint.url = null
[2026-04-12T04:38:29.902+0000] {subprocess.py:106} INFO - 	sasl.oauthbearer.scope.claim.name = scope
[2026-04-12T04:38:29.903+0000] {subprocess.py:106} INFO - 	sasl.oauthbearer.sub.claim.name = sub
[2026-04-12T04:38:29.903+0000] {subprocess.py:106} INFO - 	sasl.oauthbearer.token.endpoint.url = null
[2026-04-12T04:38:29.903+0000] {subprocess.py:106} INFO - 	security.protocol = PLAINTEXT
[2026-04-12T04:38:29.904+0000] {subprocess.py:106} INFO - 	security.providers = null
[2026-04-12T04:38:29.904+0000] {subprocess.py:106} INFO - 	send.buffer.bytes = 131072
[2026-04-12T04:38:29.904+0000] {subprocess.py:106} INFO - 	session.timeout.ms = 45000
[2026-04-12T04:38:29.905+0000] {subprocess.py:106} INFO - 	socket.connection.setup.timeout.max.ms = 30000
[2026-04-12T04:38:29.905+0000] {subprocess.py:106} INFO - 	socket.connection.setup.timeout.ms = 10000
[2026-04-12T04:38:29.906+0000] {subprocess.py:106} INFO - 	ssl.cipher.suites = null
[2026-04-12T04:38:29.906+0000] {subprocess.py:106} INFO - 	ssl.enabled.protocols = [TLSv1.2, TLSv1.3]
[2026-04-12T04:38:29.907+0000] {subprocess.py:106} INFO - 	ssl.endpoint.identification.algorithm = https
[2026-04-12T04:38:29.907+0000] {subprocess.py:106} INFO - 	ssl.engine.factory.class = null
[2026-04-12T04:38:29.907+0000] {subprocess.py:106} INFO - 	ssl.key.password = null
[2026-04-12T04:38:29.908+0000] {subprocess.py:106} INFO - 	ssl.keymanager.algorithm = SunX509
[2026-04-12T04:38:29.908+0000] {subprocess.py:106} INFO - 	ssl.keystore.certificate.chain = null
[2026-04-12T04:38:29.909+0000] {subprocess.py:106} INFO - 	ssl.keystore.key = null
[2026-04-12T04:38:29.909+0000] {subprocess.py:106} INFO - 	ssl.keystore.location = null
[2026-04-12T04:38:29.909+0000] {subprocess.py:106} INFO - 	ssl.keystore.password = null
[2026-04-12T04:38:29.910+0000] {subprocess.py:106} INFO - 	ssl.keystore.type = JKS
[2026-04-12T04:38:29.910+0000] {subprocess.py:106} INFO - 	ssl.protocol = TLSv1.3
[2026-04-12T04:38:29.910+0000] {subprocess.py:106} INFO - 	ssl.provider = null
[2026-04-12T04:38:29.911+0000] {subprocess.py:106} INFO - 	ssl.secure.random.implementation = null
[2026-04-12T04:38:29.911+0000] {subprocess.py:106} INFO - 	ssl.trustmanager.algorithm = PKIX
[2026-04-12T04:38:29.911+0000] {subprocess.py:106} INFO - 	ssl.truststore.certificates = null
[2026-04-12T04:38:29.912+0000] {subprocess.py:106} INFO - 	ssl.truststore.location = null
[2026-04-12T04:38:29.912+0000] {subprocess.py:106} INFO - 	ssl.truststore.password = null
[2026-04-12T04:38:29.912+0000] {subprocess.py:106} INFO - 	ssl.truststore.type = JKS
[2026-04-12T04:38:29.913+0000] {subprocess.py:106} INFO - 	value.deserializer = class org.apache.kafka.common.serialization.ByteArrayDeserializer
[2026-04-12T04:38:29.913+0000] {subprocess.py:106} INFO - 
[2026-04-12T04:38:29.913+0000] {subprocess.py:106} INFO - 26/04/12 04:38:29 INFO ConsumerConfig: ConsumerConfig values:
[2026-04-12T04:38:29.914+0000] {subprocess.py:106} INFO - 	allow.auto.create.topics = true
[2026-04-12T04:38:29.914+0000] {subprocess.py:106} INFO - 	auto.commit.interval.ms = 5000
[2026-04-12T04:38:29.914+0000] {subprocess.py:106} INFO - 	auto.include.jmx.reporter = true
[2026-04-12T04:38:29.915+0000] {subprocess.py:106} INFO - 	auto.offset.reset = none
[2026-04-12T04:38:29.915+0000] {subprocess.py:106} INFO - 	bootstrap.servers = [kafka:9092]
[2026-04-12T04:38:29.915+0000] {subprocess.py:106} INFO - 	check.crcs = true
[2026-04-12T04:38:29.916+0000] {subprocess.py:106} INFO - 	client.dns.lookup = use_all_dns_ips
[2026-04-12T04:38:29.916+0000] {subprocess.py:106} INFO - 	client.id = consumer-spark-kafka-source-cd2e18b9-6306-40a5-a12b-03e2d8318c10--983882313-executor-2
[2026-04-12T04:38:29.916+0000] {subprocess.py:106} INFO - 	client.rack =
[2026-04-12T04:38:29.917+0000] {subprocess.py:106} INFO - 	connections.max.idle.ms = 540000
[2026-04-12T04:38:29.917+0000] {subprocess.py:106} INFO - 	default.api.timeout.ms = 60000
[2026-04-12T04:38:29.917+0000] {subprocess.py:106} INFO - 	enable.auto.commit = false
[2026-04-12T04:38:29.918+0000] {subprocess.py:106} INFO - 	enable.metrics.push = true
[2026-04-12T04:38:29.918+0000] {subprocess.py:106} INFO - 	exclude.internal.topics = true
[2026-04-12T04:38:29.918+0000] {subprocess.py:106} INFO - 	fetch.max.bytes = 52428800
[2026-04-12T04:38:29.919+0000] {subprocess.py:106} INFO - 	fetch.max.wait.ms = 500
[2026-04-12T04:38:29.919+0000] {subprocess.py:106} INFO - 	fetch.min.bytes = 1
[2026-04-12T04:38:29.919+0000] {subprocess.py:106} INFO - 	group.id = spark-kafka-source-cd2e18b9-6306-40a5-a12b-03e2d8318c10--983882313-executor
[2026-04-12T04:38:29.920+0000] {subprocess.py:106} INFO - 	group.instance.id = null
[2026-04-12T04:38:29.920+0000] {subprocess.py:106} INFO - 	group.protocol = classic
[2026-04-12T04:38:29.920+0000] {subprocess.py:106} INFO - 	group.remote.assignor = null
[2026-04-12T04:38:29.921+0000] {subprocess.py:106} INFO - 	heartbeat.interval.ms = 3000
[2026-04-12T04:38:29.921+0000] {subprocess.py:106} INFO - 	interceptor.classes = []
[2026-04-12T04:38:29.921+0000] {subprocess.py:106} INFO - 	internal.leave.group.on.close = true
[2026-04-12T04:38:29.922+0000] {subprocess.py:106} INFO - 	internal.throw.on.fetch.stable.offset.unsupported = false
[2026-04-12T04:38:29.922+0000] {subprocess.py:106} INFO - 	isolation.level = read_uncommitted
[2026-04-12T04:38:29.922+0000] {subprocess.py:106} INFO - 	key.deserializer = class org.apache.kafka.common.serialization.ByteArrayDeserializer
[2026-04-12T04:38:29.923+0000] {subprocess.py:106} INFO - 	max.partition.fetch.bytes = 1048576
[2026-04-12T04:38:29.923+0000] {subprocess.py:106} INFO - 	max.poll.interval.ms = 300000
[2026-04-12T04:38:29.924+0000] {subprocess.py:106} INFO - 	max.poll.records = 500
[2026-04-12T04:38:29.924+0000] {subprocess.py:106} INFO - 	metadata.max.age.ms = 300000
[2026-04-12T04:38:29.924+0000] {subprocess.py:106} INFO - 	metadata.recovery.strategy = none
[2026-04-12T04:38:29.925+0000] {subprocess.py:106} INFO - 	metric.reporters = []
[2026-04-12T04:38:29.925+0000] {subprocess.py:106} INFO - 	metrics.num.samples = 2
[2026-04-12T04:38:29.926+0000] {subprocess.py:106} INFO - 	metrics.recording.level = INFO
[2026-04-12T04:38:29.926+0000] {subprocess.py:106} INFO - 	metrics.sample.window.ms = 30000
[2026-04-12T04:38:29.927+0000] {subprocess.py:106} INFO - 	partition.assignment.strategy = [class org.apache.kafka.clients.consumer.RangeAssignor, class org.apache.kafka.clients.consumer.CooperativeStickyAssignor]
[2026-04-12T04:38:29.927+0000] {subprocess.py:106} INFO - 	receive.buffer.bytes = 65536
[2026-04-12T04:38:29.927+0000] {subprocess.py:106} INFO - 	reconnect.backoff.max.ms = 1000
[2026-04-12T04:38:29.927+0000] {subprocess.py:106} INFO - 	reconnect.backoff.ms = 50
[2026-04-12T04:38:29.928+0000] {subprocess.py:106} INFO - 	request.timeout.ms = 30000
[2026-04-12T04:38:29.928+0000] {subprocess.py:106} INFO - 	retry.backoff.max.ms = 1000
[2026-04-12T04:38:29.928+0000] {subprocess.py:106} INFO - 	retry.backoff.ms = 100
[2026-04-12T04:38:29.929+0000] {subprocess.py:106} INFO - 	sasl.client.callback.handler.class = null
[2026-04-12T04:38:29.929+0000] {subprocess.py:106} INFO - 	sasl.jaas.config = null
[2026-04-12T04:38:29.929+0000] {subprocess.py:106} INFO - 	sasl.kerberos.kinit.cmd = /usr/bin/kinit
[2026-04-12T04:38:29.929+0000] {subprocess.py:106} INFO - 	sasl.kerberos.min.time.before.relogin = 60000
[2026-04-12T04:38:29.930+0000] {subprocess.py:106} INFO - 	sasl.kerberos.service.name = null
[2026-04-12T04:38:29.930+0000] {subprocess.py:106} INFO - 	sasl.kerberos.ticket.renew.jitter = 0.05
[2026-04-12T04:38:29.930+0000] {subprocess.py:106} INFO - 	sasl.kerberos.ticket.renew.window.factor = 0.8
[2026-04-12T04:38:29.931+0000] {subprocess.py:106} INFO - 	sasl.login.callback.handler.class = null
[2026-04-12T04:38:29.931+0000] {subprocess.py:106} INFO - 	sasl.login.class = null
[2026-04-12T04:38:29.931+0000] {subprocess.py:106} INFO - 	sasl.login.connect.timeout.ms = null
[2026-04-12T04:38:29.932+0000] {subprocess.py:106} INFO - 	sasl.login.read.timeout.ms = null
[2026-04-12T04:38:29.932+0000] {subprocess.py:106} INFO - 	sasl.login.refresh.buffer.seconds = 300
[2026-04-12T04:38:29.932+0000] {subprocess.py:106} INFO - 	sasl.login.refresh.min.period.seconds = 60
[2026-04-12T04:38:29.932+0000] {subprocess.py:106} INFO - 	sasl.login.refresh.window.factor = 0.8
[2026-04-12T04:38:29.933+0000] {subprocess.py:106} INFO - 	sasl.login.refresh.window.jitter = 0.05
[2026-04-12T04:38:29.933+0000] {subprocess.py:106} INFO - 	sasl.login.retry.backoff.max.ms = 10000
[2026-04-12T04:38:29.933+0000] {subprocess.py:106} INFO - 	sasl.login.retry.backoff.ms = 100
[2026-04-12T04:38:29.934+0000] {subprocess.py:106} INFO - 	sasl.mechanism = GSSAPI
[2026-04-12T04:38:29.934+0000] {subprocess.py:106} INFO - 	sasl.oauthbearer.clock.skew.seconds = 30
[2026-04-12T04:38:29.934+0000] {subprocess.py:106} INFO - 	sasl.oauthbearer.expected.audience = null
[2026-04-12T04:38:29.935+0000] {subprocess.py:106} INFO - 	sasl.oauthbearer.expected.issuer = null
[2026-04-12T04:38:29.935+0000] {subprocess.py:106} INFO - 	sasl.oauthbearer.header.urlencode = false
[2026-04-12T04:38:29.935+0000] {subprocess.py:106} INFO - 	sasl.oauthbearer.jwks.endpoint.refresh.ms = 3600000
[2026-04-12T04:38:29.935+0000] {subprocess.py:106} INFO - 	sasl.oauthbearer.jwks.endpoint.retry.backoff.max.ms = 10000
[2026-04-12T04:38:29.936+0000] {subprocess.py:106} INFO - 	sasl.oauthbearer.jwks.endpoint.retry.backoff.ms = 100
[2026-04-12T04:38:29.936+0000] {subprocess.py:106} INFO - 	sasl.oauthbearer.jwks.endpoint.url = null
[2026-04-12T04:38:29.936+0000] {subprocess.py:106} INFO - 	sasl.oauthbearer.scope.claim.name = scope
[2026-04-12T04:38:29.937+0000] {subprocess.py:106} INFO - 	sasl.oauthbearer.sub.claim.name = sub
[2026-04-12T04:38:29.937+0000] {subprocess.py:106} INFO - 	sasl.oauthbearer.token.endpoint.url = null
[2026-04-12T04:38:29.937+0000] {subprocess.py:106} INFO - 	security.protocol = PLAINTEXT
[2026-04-12T04:38:29.937+0000] {subprocess.py:106} INFO - 	security.providers = null
[2026-04-12T04:38:29.938+0000] {subprocess.py:106} INFO - 	send.buffer.bytes = 131072
[2026-04-12T04:38:29.938+0000] {subprocess.py:106} INFO - 	session.timeout.ms = 45000
[2026-04-12T04:38:29.938+0000] {subprocess.py:106} INFO - 	socket.connection.setup.timeout.max.ms = 30000
[2026-04-12T04:38:29.938+0000] {subprocess.py:106} INFO - 	socket.connection.setup.timeout.ms = 10000
[2026-04-12T04:38:29.939+0000] {subprocess.py:106} INFO - 	ssl.cipher.suites = null
[2026-04-12T04:38:29.939+0000] {subprocess.py:106} INFO - 	ssl.enabled.protocols = [TLSv1.2, TLSv1.3]
[2026-04-12T04:38:29.939+0000] {subprocess.py:106} INFO - 	ssl.endpoint.identification.algorithm = https
[2026-04-12T04:38:29.940+0000] {subprocess.py:106} INFO - 	ssl.engine.factory.class = null
[2026-04-12T04:38:29.940+0000] {subprocess.py:106} INFO - 	ssl.key.password = null
[2026-04-12T04:38:29.941+0000] {subprocess.py:106} INFO - 	ssl.keymanager.algorithm = SunX509
[2026-04-12T04:38:29.941+0000] {subprocess.py:106} INFO - 	ssl.keystore.certificate.chain = null
[2026-04-12T04:38:29.941+0000] {subprocess.py:106} INFO - 	ssl.keystore.key = null
[2026-04-12T04:38:29.942+0000] {subprocess.py:106} INFO - 	ssl.keystore.location = null
[2026-04-12T04:38:29.942+0000] {subprocess.py:106} INFO - 	ssl.keystore.password = null
[2026-04-12T04:38:29.943+0000] {subprocess.py:106} INFO - 	ssl.keystore.type = JKS
[2026-04-12T04:38:29.943+0000] {subprocess.py:106} INFO - 	ssl.protocol = TLSv1.3
[2026-04-12T04:38:29.944+0000] {subprocess.py:106} INFO - 	ssl.provider = null
[2026-04-12T04:38:29.944+0000] {subprocess.py:106} INFO - 	ssl.secure.random.implementation = null
[2026-04-12T04:38:29.945+0000] {subprocess.py:106} INFO - 	ssl.trustmanager.algorithm = PKIX
[2026-04-12T04:38:29.945+0000] {subprocess.py:106} INFO - 	ssl.truststore.certificates = null
[2026-04-12T04:38:29.945+0000] {subprocess.py:106} INFO - 	ssl.truststore.location = null
[2026-04-12T04:38:29.946+0000] {subprocess.py:106} INFO - 	ssl.truststore.password = null
[2026-04-12T04:38:29.946+0000] {subprocess.py:106} INFO - 	ssl.truststore.type = JKS
[2026-04-12T04:38:29.946+0000] {subprocess.py:106} INFO - 	value.deserializer = class org.apache.kafka.common.serialization.ByteArrayDeserializer
[2026-04-12T04:38:29.946+0000] {subprocess.py:106} INFO - 
[2026-04-12T04:38:29.947+0000] {subprocess.py:106} INFO - 26/04/12 04:38:29 INFO ConsumerConfig: ConsumerConfig values:
[2026-04-12T04:38:29.947+0000] {subprocess.py:106} INFO - 	allow.auto.create.topics = true
[2026-04-12T04:38:29.948+0000] {subprocess.py:106} INFO - 	auto.commit.interval.ms = 5000
[2026-04-12T04:38:29.948+0000] {subprocess.py:106} INFO - 	auto.include.jmx.reporter = true
[2026-04-12T04:38:29.949+0000] {subprocess.py:106} INFO - 	auto.offset.reset = none
[2026-04-12T04:38:29.949+0000] {subprocess.py:106} INFO - 	bootstrap.servers = [kafka:9092]
[2026-04-12T04:38:29.949+0000] {subprocess.py:106} INFO - 	check.crcs = true
[2026-04-12T04:38:29.950+0000] {subprocess.py:106} INFO - 	client.dns.lookup = use_all_dns_ips
[2026-04-12T04:38:29.950+0000] {subprocess.py:106} INFO - 	client.id = consumer-spark-kafka-source-cd2e18b9-6306-40a5-a12b-03e2d8318c10--983882313-executor-3
[2026-04-12T04:38:29.950+0000] {subprocess.py:106} INFO - 	client.rack =
[2026-04-12T04:38:29.950+0000] {subprocess.py:106} INFO - 	connections.max.idle.ms = 540000
[2026-04-12T04:38:29.951+0000] {subprocess.py:106} INFO - 	default.api.timeout.ms = 60000
[2026-04-12T04:38:29.951+0000] {subprocess.py:106} INFO - 	enable.auto.commit = false
[2026-04-12T04:38:29.952+0000] {subprocess.py:106} INFO - 	enable.metrics.push = true
[2026-04-12T04:38:29.952+0000] {subprocess.py:106} INFO - 	exclude.internal.topics = true
[2026-04-12T04:38:29.952+0000] {subprocess.py:106} INFO - 	fetch.max.bytes = 52428800
[2026-04-12T04:38:29.953+0000] {subprocess.py:106} INFO - 	fetch.max.wait.ms = 500
[2026-04-12T04:38:29.953+0000] {subprocess.py:106} INFO - 	fetch.min.bytes = 1
[2026-04-12T04:38:29.953+0000] {subprocess.py:106} INFO - 	group.id = spark-kafka-source-cd2e18b9-6306-40a5-a12b-03e2d8318c10--983882313-executor
[2026-04-12T04:38:29.954+0000] {subprocess.py:106} INFO - 	group.instance.id = null
[2026-04-12T04:38:29.954+0000] {subprocess.py:106} INFO - 	group.protocol = classic
[2026-04-12T04:38:29.954+0000] {subprocess.py:106} INFO - 	group.remote.assignor = null
[2026-04-12T04:38:29.955+0000] {subprocess.py:106} INFO - 	heartbeat.interval.ms = 3000
[2026-04-12T04:38:29.955+0000] {subprocess.py:106} INFO - 	interceptor.classes = []
[2026-04-12T04:38:29.956+0000] {subprocess.py:106} INFO - 	internal.leave.group.on.close = true
[2026-04-12T04:38:29.956+0000] {subprocess.py:106} INFO - 	internal.throw.on.fetch.stable.offset.unsupported = false
[2026-04-12T04:38:29.956+0000] {subprocess.py:106} INFO - 	isolation.level = read_uncommitted
[2026-04-12T04:38:29.957+0000] {subprocess.py:106} INFO - 	key.deserializer = class org.apache.kafka.common.serialization.ByteArrayDeserializer
[2026-04-12T04:38:29.957+0000] {subprocess.py:106} INFO - 	max.partition.fetch.bytes = 1048576
[2026-04-12T04:38:29.958+0000] {subprocess.py:106} INFO - 	max.poll.interval.ms = 300000
[2026-04-12T04:38:29.958+0000] {subprocess.py:106} INFO - 	max.poll.records = 500
[2026-04-12T04:38:29.958+0000] {subprocess.py:106} INFO - 	metadata.max.age.ms = 300000
[2026-04-12T04:38:29.959+0000] {subprocess.py:106} INFO - 	metadata.recovery.strategy = none
[2026-04-12T04:38:29.959+0000] {subprocess.py:106} INFO - 	metric.reporters = []
[2026-04-12T04:38:29.959+0000] {subprocess.py:106} INFO - 	metrics.num.samples = 2
[2026-04-12T04:38:29.960+0000] {subprocess.py:106} INFO - 	metrics.recording.level = INFO
[2026-04-12T04:38:29.960+0000] {subprocess.py:106} INFO - 	metrics.sample.window.ms = 30000
[2026-04-12T04:38:29.960+0000] {subprocess.py:106} INFO - 	partition.assignment.strategy = [class org.apache.kafka.clients.consumer.RangeAssignor, class org.apache.kafka.clients.consumer.CooperativeStickyAssignor]
[2026-04-12T04:38:29.961+0000] {subprocess.py:106} INFO - 	receive.buffer.bytes = 65536
[2026-04-12T04:38:29.961+0000] {subprocess.py:106} INFO - 	reconnect.backoff.max.ms = 1000
[2026-04-12T04:38:29.961+0000] {subprocess.py:106} INFO - 	reconnect.backoff.ms = 50
[2026-04-12T04:38:29.962+0000] {subprocess.py:106} INFO - 	request.timeout.ms = 30000
[2026-04-12T04:38:29.962+0000] {subprocess.py:106} INFO - 	retry.backoff.max.ms = 1000
[2026-04-12T04:38:29.962+0000] {subprocess.py:106} INFO - 	retry.backoff.ms = 100
[2026-04-12T04:38:29.963+0000] {subprocess.py:106} INFO - 	sasl.client.callback.handler.class = null
[2026-04-12T04:38:29.963+0000] {subprocess.py:106} INFO - 	sasl.jaas.config = null
[2026-04-12T04:38:29.964+0000] {subprocess.py:106} INFO - 	sasl.kerberos.kinit.cmd = /usr/bin/kinit
[2026-04-12T04:38:29.964+0000] {subprocess.py:106} INFO - 	sasl.kerberos.min.time.before.relogin = 60000
[2026-04-12T04:38:29.964+0000] {subprocess.py:106} INFO - 	sasl.kerberos.service.name = null
[2026-04-12T04:38:29.965+0000] {subprocess.py:106} INFO - 	sasl.kerberos.ticket.renew.jitter = 0.05
[2026-04-12T04:38:29.965+0000] {subprocess.py:106} INFO - 	sasl.kerberos.ticket.renew.window.factor = 0.8
[2026-04-12T04:38:29.965+0000] {subprocess.py:106} INFO - 	sasl.login.callback.handler.class = null
[2026-04-12T04:38:29.965+0000] {subprocess.py:106} INFO - 	sasl.login.class = null
[2026-04-12T04:38:29.966+0000] {subprocess.py:106} INFO - 	sasl.login.connect.timeout.ms = null
[2026-04-12T04:38:29.966+0000] {subprocess.py:106} INFO - 	sasl.login.read.timeout.ms = null
[2026-04-12T04:38:29.966+0000] {subprocess.py:106} INFO - 	sasl.login.refresh.buffer.seconds = 300
[2026-04-12T04:38:29.967+0000] {subprocess.py:106} INFO - 	sasl.login.refresh.min.period.seconds = 60
[2026-04-12T04:38:29.967+0000] {subprocess.py:106} INFO - 	sasl.login.refresh.window.factor = 0.8
[2026-04-12T04:38:29.967+0000] {subprocess.py:106} INFO - 	sasl.login.refresh.window.jitter = 0.05
[2026-04-12T04:38:29.968+0000] {subprocess.py:106} INFO - 	sasl.login.retry.backoff.max.ms = 10000
[2026-04-12T04:38:29.968+0000] {subprocess.py:106} INFO - 	sasl.login.retry.backoff.ms = 100
[2026-04-12T04:38:29.968+0000] {subprocess.py:106} INFO - 	sasl.mechanism = GSSAPI
[2026-04-12T04:38:29.969+0000] {subprocess.py:106} INFO - 	sasl.oauthbearer.clock.skew.seconds = 30
[2026-04-12T04:38:29.969+0000] {subprocess.py:106} INFO - 	sasl.oauthbearer.expected.audience = null
[2026-04-12T04:38:29.969+0000] {subprocess.py:106} INFO - 	sasl.oauthbearer.expected.issuer = null
[2026-04-12T04:38:29.970+0000] {subprocess.py:106} INFO - 	sasl.oauthbearer.header.urlencode = false
[2026-04-12T04:38:29.970+0000] {subprocess.py:106} INFO - 	sasl.oauthbearer.jwks.endpoint.refresh.ms = 3600000
[2026-04-12T04:38:29.971+0000] {subprocess.py:106} INFO - 	sasl.oauthbearer.jwks.endpoint.retry.backoff.max.ms = 10000
[2026-04-12T04:38:29.971+0000] {subprocess.py:106} INFO - 	sasl.oauthbearer.jwks.endpoint.retry.backoff.ms = 100
[2026-04-12T04:38:29.972+0000] {subprocess.py:106} INFO - 	sasl.oauthbearer.jwks.endpoint.url = null
[2026-04-12T04:38:29.972+0000] {subprocess.py:106} INFO - 	sasl.oauthbearer.scope.claim.name = scope
[2026-04-12T04:38:29.973+0000] {subprocess.py:106} INFO - 	sasl.oauthbearer.sub.claim.name = sub
[2026-04-12T04:38:29.973+0000] {subprocess.py:106} INFO - 	sasl.oauthbearer.token.endpoint.url = null
[2026-04-12T04:38:29.973+0000] {subprocess.py:106} INFO - 	security.protocol = PLAINTEXT
[2026-04-12T04:38:29.974+0000] {subprocess.py:106} INFO - 	security.providers = null
[2026-04-12T04:38:29.974+0000] {subprocess.py:106} INFO - 	send.buffer.bytes = 131072
[2026-04-12T04:38:29.975+0000] {subprocess.py:106} INFO - 	session.timeout.ms = 45000
[2026-04-12T04:38:29.975+0000] {subprocess.py:106} INFO - 	socket.connection.setup.timeout.max.ms = 30000
[2026-04-12T04:38:29.977+0000] {subprocess.py:106} INFO - 	socket.connection.setup.timeout.ms = 10000
[2026-04-12T04:38:29.977+0000] {subprocess.py:106} INFO - 	ssl.cipher.suites = null
[2026-04-12T04:38:29.978+0000] {subprocess.py:106} INFO - 	ssl.enabled.protocols = [TLSv1.2, TLSv1.3]
[2026-04-12T04:38:29.978+0000] {subprocess.py:106} INFO - 	ssl.endpoint.identification.algorithm = https
[2026-04-12T04:38:29.978+0000] {subprocess.py:106} INFO - 	ssl.engine.factory.class = null
[2026-04-12T04:38:29.979+0000] {subprocess.py:106} INFO - 	ssl.key.password = null
[2026-04-12T04:38:29.979+0000] {subprocess.py:106} INFO - 	ssl.keymanager.algorithm = SunX509
[2026-04-12T04:38:29.979+0000] {subprocess.py:106} INFO - 	ssl.keystore.certificate.chain = null
[2026-04-12T04:38:29.980+0000] {subprocess.py:106} INFO - 	ssl.keystore.key = null
[2026-04-12T04:38:29.980+0000] {subprocess.py:106} INFO - 	ssl.keystore.location = null
[2026-04-12T04:38:29.981+0000] {subprocess.py:106} INFO - 	ssl.keystore.password = null
[2026-04-12T04:38:29.981+0000] {subprocess.py:106} INFO - 	ssl.keystore.type = JKS
[2026-04-12T04:38:29.981+0000] {subprocess.py:106} INFO - 	ssl.protocol = TLSv1.3
[2026-04-12T04:38:29.982+0000] {subprocess.py:106} INFO - 	ssl.provider = null
[2026-04-12T04:38:29.982+0000] {subprocess.py:106} INFO - 	ssl.secure.random.implementation = null
[2026-04-12T04:38:29.983+0000] {subprocess.py:106} INFO - 	ssl.trustmanager.algorithm = PKIX
[2026-04-12T04:38:29.983+0000] {subprocess.py:106} INFO - 	ssl.truststore.certificates = null
[2026-04-12T04:38:29.983+0000] {subprocess.py:106} INFO - 	ssl.truststore.location = null
[2026-04-12T04:38:29.984+0000] {subprocess.py:106} INFO - 	ssl.truststore.password = null
[2026-04-12T04:38:29.984+0000] {subprocess.py:106} INFO - 	ssl.truststore.type = JKS
[2026-04-12T04:38:29.984+0000] {subprocess.py:106} INFO - 	value.deserializer = class org.apache.kafka.common.serialization.ByteArrayDeserializer
[2026-04-12T04:38:29.985+0000] {subprocess.py:106} INFO - 
[2026-04-12T04:38:29.985+0000] {subprocess.py:106} INFO - 26/04/12 04:38:29 INFO KafkaMetricsCollector: initializing Kafka metrics collector
[2026-04-12T04:38:29.985+0000] {subprocess.py:106} INFO - 26/04/12 04:38:29 INFO KafkaMetricsCollector: initializing Kafka metrics collector
[2026-04-12T04:38:29.986+0000] {subprocess.py:106} INFO - 26/04/12 04:38:29 INFO KafkaMetricsCollector: initializing Kafka metrics collector
[2026-04-12T04:38:30.069+0000] {subprocess.py:106} INFO - 26/04/12 04:38:30 INFO AppInfoParser: Kafka version: 3.9.0
[2026-04-12T04:38:30.069+0000] {subprocess.py:106} INFO - 26/04/12 04:38:30 INFO AppInfoParser: Kafka commitId: 84caaa6e9da06435
[2026-04-12T04:38:30.076+0000] {subprocess.py:106} INFO - 26/04/12 04:38:30 INFO AppInfoParser: Kafka startTimeMs: 1775968710064
[2026-04-12T04:38:30.076+0000] {subprocess.py:106} INFO - 26/04/12 04:38:30 INFO AppInfoParser: Kafka version: 3.9.0
[2026-04-12T04:38:30.077+0000] {subprocess.py:106} INFO - 26/04/12 04:38:30 INFO AppInfoParser: Kafka commitId: 84caaa6e9da06435
[2026-04-12T04:38:30.078+0000] {subprocess.py:106} INFO - 26/04/12 04:38:30 INFO AppInfoParser: Kafka startTimeMs: 1775968710064
[2026-04-12T04:38:30.078+0000] {subprocess.py:106} INFO - 26/04/12 04:38:30 INFO AppInfoParser: Kafka version: 3.9.0
[2026-04-12T04:38:30.078+0000] {subprocess.py:106} INFO - 26/04/12 04:38:30 INFO AppInfoParser: Kafka commitId: 84caaa6e9da06435
[2026-04-12T04:38:30.079+0000] {subprocess.py:106} INFO - 26/04/12 04:38:30 INFO AppInfoParser: Kafka startTimeMs: 1775968710063
[2026-04-12T04:38:30.079+0000] {subprocess.py:106} INFO - 26/04/12 04:38:30 INFO ClassicKafkaConsumer: [Consumer clientId=consumer-spark-kafka-source-cd2e18b9-6306-40a5-a12b-03e2d8318c10--983882313-executor-2, groupId=spark-kafka-source-cd2e18b9-6306-40a5-a12b-03e2d8318c10--983882313-executor] Assigned to partition(s): weather-topic-0
[2026-04-12T04:38:30.080+0000] {subprocess.py:106} INFO - 26/04/12 04:38:30 INFO ClassicKafkaConsumer: [Consumer clientId=consumer-spark-kafka-source-cd2e18b9-6306-40a5-a12b-03e2d8318c10--983882313-executor-1, groupId=spark-kafka-source-cd2e18b9-6306-40a5-a12b-03e2d8318c10--983882313-executor] Assigned to partition(s): weather-topic-1
[2026-04-12T04:38:30.081+0000] {subprocess.py:106} INFO - 26/04/12 04:38:30 INFO ClassicKafkaConsumer: [Consumer clientId=consumer-spark-kafka-source-cd2e18b9-6306-40a5-a12b-03e2d8318c10--983882313-executor-3, groupId=spark-kafka-source-cd2e18b9-6306-40a5-a12b-03e2d8318c10--983882313-executor] Assigned to partition(s): weather-topic-2
[2026-04-12T04:38:30.093+0000] {subprocess.py:106} INFO - 26/04/12 04:38:30 INFO ClassicKafkaConsumer: [Consumer clientId=consumer-spark-kafka-source-cd2e18b9-6306-40a5-a12b-03e2d8318c10--983882313-executor-1, groupId=spark-kafka-source-cd2e18b9-6306-40a5-a12b-03e2d8318c10--983882313-executor] Seeking to offset 16 for partition weather-topic-1
[2026-04-12T04:38:30.094+0000] {subprocess.py:106} INFO - 26/04/12 04:38:30 INFO ClassicKafkaConsumer: [Consumer clientId=consumer-spark-kafka-source-cd2e18b9-6306-40a5-a12b-03e2d8318c10--983882313-executor-3, groupId=spark-kafka-source-cd2e18b9-6306-40a5-a12b-03e2d8318c10--983882313-executor] Seeking to offset 13 for partition weather-topic-2
[2026-04-12T04:38:30.095+0000] {subprocess.py:106} INFO - 26/04/12 04:38:30 INFO ClassicKafkaConsumer: [Consumer clientId=consumer-spark-kafka-source-cd2e18b9-6306-40a5-a12b-03e2d8318c10--983882313-executor-2, groupId=spark-kafka-source-cd2e18b9-6306-40a5-a12b-03e2d8318c10--983882313-executor] Seeking to offset 11 for partition weather-topic-0
[2026-04-12T04:38:30.772+0000] {subprocess.py:106} INFO - 26/04/12 04:38:30 INFO Metadata: [Consumer clientId=consumer-spark-kafka-source-cd2e18b9-6306-40a5-a12b-03e2d8318c10--983882313-executor-1, groupId=spark-kafka-source-cd2e18b9-6306-40a5-a12b-03e2d8318c10--983882313-executor] Cluster ID: kkX-ljWLTPS7MNugi1CRGg
[2026-04-12T04:38:30.773+0000] {subprocess.py:106} INFO - 26/04/12 04:38:30 INFO Metadata: [Consumer clientId=consumer-spark-kafka-source-cd2e18b9-6306-40a5-a12b-03e2d8318c10--983882313-executor-2, groupId=spark-kafka-source-cd2e18b9-6306-40a5-a12b-03e2d8318c10--983882313-executor] Cluster ID: kkX-ljWLTPS7MNugi1CRGg
[2026-04-12T04:38:30.774+0000] {subprocess.py:106} INFO - 26/04/12 04:38:30 INFO Metadata: [Consumer clientId=consumer-spark-kafka-source-cd2e18b9-6306-40a5-a12b-03e2d8318c10--983882313-executor-3, groupId=spark-kafka-source-cd2e18b9-6306-40a5-a12b-03e2d8318c10--983882313-executor] Cluster ID: kkX-ljWLTPS7MNugi1CRGg
[2026-04-12T04:38:30.855+0000] {subprocess.py:106} INFO - 26/04/12 04:38:30 INFO SubscriptionState: [Consumer clientId=consumer-spark-kafka-source-cd2e18b9-6306-40a5-a12b-03e2d8318c10--983882313-executor-1, groupId=spark-kafka-source-cd2e18b9-6306-40a5-a12b-03e2d8318c10--983882313-executor] Seeking to earliest offset of partition weather-topic-1
[2026-04-12T04:38:30.859+0000] {subprocess.py:106} INFO - 26/04/12 04:38:30 INFO SubscriptionState: [Consumer clientId=consumer-spark-kafka-source-cd2e18b9-6306-40a5-a12b-03e2d8318c10--983882313-executor-2, groupId=spark-kafka-source-cd2e18b9-6306-40a5-a12b-03e2d8318c10--983882313-executor] Seeking to earliest offset of partition weather-topic-0
[2026-04-12T04:38:30.860+0000] {subprocess.py:106} INFO - 26/04/12 04:38:30 INFO SubscriptionState: [Consumer clientId=consumer-spark-kafka-source-cd2e18b9-6306-40a5-a12b-03e2d8318c10--983882313-executor-3, groupId=spark-kafka-source-cd2e18b9-6306-40a5-a12b-03e2d8318c10--983882313-executor] Seeking to earliest offset of partition weather-topic-2
[2026-04-12T04:38:31.354+0000] {subprocess.py:106} INFO - 26/04/12 04:38:31 INFO SubscriptionState: [Consumer clientId=consumer-spark-kafka-source-cd2e18b9-6306-40a5-a12b-03e2d8318c10--983882313-executor-3, groupId=spark-kafka-source-cd2e18b9-6306-40a5-a12b-03e2d8318c10--983882313-executor] Resetting offset for partition weather-topic-2 to position FetchPosition{offset=0, offsetEpoch=Optional.empty, currentLeader=LeaderAndEpoch{leader=Optional[kafka:9092 (id: 1 rack: null)], epoch=0}}.
[2026-04-12T04:38:31.355+0000] {subprocess.py:106} INFO - 26/04/12 04:38:31 INFO SubscriptionState: [Consumer clientId=consumer-spark-kafka-source-cd2e18b9-6306-40a5-a12b-03e2d8318c10--983882313-executor-1, groupId=spark-kafka-source-cd2e18b9-6306-40a5-a12b-03e2d8318c10--983882313-executor] Resetting offset for partition weather-topic-1 to position FetchPosition{offset=0, offsetEpoch=Optional.empty, currentLeader=LeaderAndEpoch{leader=Optional[kafka:9092 (id: 1 rack: null)], epoch=0}}.
[2026-04-12T04:38:31.355+0000] {subprocess.py:106} INFO - 26/04/12 04:38:31 INFO SubscriptionState: [Consumer clientId=consumer-spark-kafka-source-cd2e18b9-6306-40a5-a12b-03e2d8318c10--983882313-executor-2, groupId=spark-kafka-source-cd2e18b9-6306-40a5-a12b-03e2d8318c10--983882313-executor] Resetting offset for partition weather-topic-0 to position FetchPosition{offset=0, offsetEpoch=Optional.empty, currentLeader=LeaderAndEpoch{leader=Optional[kafka:9092 (id: 1 rack: null)], epoch=0}}.
[2026-04-12T04:38:31.356+0000] {subprocess.py:106} INFO - 26/04/12 04:38:31 INFO SubscriptionState: [Consumer clientId=consumer-spark-kafka-source-cd2e18b9-6306-40a5-a12b-03e2d8318c10--983882313-executor-3, groupId=spark-kafka-source-cd2e18b9-6306-40a5-a12b-03e2d8318c10--983882313-executor] Seeking to latest offset of partition weather-topic-2
[2026-04-12T04:38:31.357+0000] {subprocess.py:106} INFO - 26/04/12 04:38:31 INFO SubscriptionState: [Consumer clientId=consumer-spark-kafka-source-cd2e18b9-6306-40a5-a12b-03e2d8318c10--983882313-executor-2, groupId=spark-kafka-source-cd2e18b9-6306-40a5-a12b-03e2d8318c10--983882313-executor] Seeking to latest offset of partition weather-topic-0
[2026-04-12T04:38:31.357+0000] {subprocess.py:106} INFO - 26/04/12 04:38:31 INFO SubscriptionState: [Consumer clientId=consumer-spark-kafka-source-cd2e18b9-6306-40a5-a12b-03e2d8318c10--983882313-executor-1, groupId=spark-kafka-source-cd2e18b9-6306-40a5-a12b-03e2d8318c10--983882313-executor] Seeking to latest offset of partition weather-topic-1
[2026-04-12T04:38:31.358+0000] {subprocess.py:106} INFO - 26/04/12 04:38:31 INFO SubscriptionState: [Consumer clientId=consumer-spark-kafka-source-cd2e18b9-6306-40a5-a12b-03e2d8318c10--983882313-executor-1, groupId=spark-kafka-source-cd2e18b9-6306-40a5-a12b-03e2d8318c10--983882313-executor] Resetting offset for partition weather-topic-1 to position FetchPosition{offset=49, offsetEpoch=Optional.empty, currentLeader=LeaderAndEpoch{leader=Optional[kafka:9092 (id: 1 rack: null)], epoch=0}}.
[2026-04-12T04:38:31.358+0000] {subprocess.py:106} INFO - 26/04/12 04:38:31 INFO SubscriptionState: [Consumer clientId=consumer-spark-kafka-source-cd2e18b9-6306-40a5-a12b-03e2d8318c10--983882313-executor-3, groupId=spark-kafka-source-cd2e18b9-6306-40a5-a12b-03e2d8318c10--983882313-executor] Resetting offset for partition weather-topic-2 to position FetchPosition{offset=32, offsetEpoch=Optional.empty, currentLeader=LeaderAndEpoch{leader=Optional[kafka:9092 (id: 1 rack: null)], epoch=0}}.
[2026-04-12T04:38:31.358+0000] {subprocess.py:106} INFO - 26/04/12 04:38:31 INFO SubscriptionState: [Consumer clientId=consumer-spark-kafka-source-cd2e18b9-6306-40a5-a12b-03e2d8318c10--983882313-executor-2, groupId=spark-kafka-source-cd2e18b9-6306-40a5-a12b-03e2d8318c10--983882313-executor] Resetting offset for partition weather-topic-0 to position FetchPosition{offset=39, offsetEpoch=Optional.empty, currentLeader=LeaderAndEpoch{leader=Optional[kafka:9092 (id: 1 rack: null)], epoch=0}}.
[2026-04-12T04:38:31.587+0000] {subprocess.py:106} INFO - 26/04/12 04:38:31 INFO KafkaDataConsumer: From Kafka topicPartition=weather-topic-2 groupId=spark-kafka-source-cd2e18b9-6306-40a5-a12b-03e2d8318c10--983882313-executor read 9 records through 1 polls (polled out 19 records), taking 1264.669344 ms, during time span of 1498.221317 ms.
[2026-04-12T04:38:31.589+0000] {subprocess.py:106} INFO - 26/04/12 04:38:31 INFO KafkaDataConsumer: From Kafka topicPartition=weather-topic-0 groupId=spark-kafka-source-cd2e18b9-6306-40a5-a12b-03e2d8318c10--983882313-executor read 4 records through 1 polls (polled out 28 records), taking 1264.90952 ms, during time span of 1498.154985 ms.
[2026-04-12T04:38:31.590+0000] {subprocess.py:106} INFO - 26/04/12 04:38:31 INFO KafkaDataConsumer: From Kafka topicPartition=weather-topic-1 groupId=spark-kafka-source-cd2e18b9-6306-40a5-a12b-03e2d8318c10--983882313-executor read 7 records through 1 polls (polled out 33 records), taking 1264.610972 ms, during time span of 1498.190857 ms.
[2026-04-12T04:38:31.629+0000] {subprocess.py:106} INFO - 26/04/12 04:38:31 INFO Executor: Finished task 2.0 in stage 0.0 (TID 2). 2382 bytes result sent to driver
[2026-04-12T04:38:31.630+0000] {subprocess.py:106} INFO - 26/04/12 04:38:31 INFO Executor: Finished task 1.0 in stage 0.0 (TID 1). 2382 bytes result sent to driver
[2026-04-12T04:38:31.631+0000] {subprocess.py:106} INFO - 26/04/12 04:38:31 INFO Executor: Finished task 0.0 in stage 0.0 (TID 0). 2382 bytes result sent to driver
[2026-04-12T04:38:31.653+0000] {subprocess.py:106} INFO - 26/04/12 04:38:31 INFO TaskSetManager: Finished task 1.0 in stage 0.0 (TID 1) in 2293 ms on spark-master (executor driver) (1/3)
[2026-04-12T04:38:31.657+0000] {subprocess.py:106} INFO - 26/04/12 04:38:31 INFO TaskSetManager: Finished task 2.0 in stage 0.0 (TID 2) in 2298 ms on spark-master (executor driver) (2/3)
[2026-04-12T04:38:31.677+0000] {subprocess.py:106} INFO - 26/04/12 04:38:31 INFO TaskSetManager: Finished task 0.0 in stage 0.0 (TID 0) in 2354 ms on spark-master (executor driver) (3/3)
[2026-04-12T04:38:31.678+0000] {subprocess.py:106} INFO - 26/04/12 04:38:31 INFO TaskSchedulerImpl: Removed TaskSet 0.0 whose tasks have all completed, from pool
[2026-04-12T04:38:31.698+0000] {subprocess.py:106} INFO - 26/04/12 04:38:31 INFO DAGScheduler: ShuffleMapStage 0 (start at NativeMethodAccessorImpl.java:0) finished in 2619 ms
[2026-04-12T04:38:31.704+0000] {subprocess.py:106} INFO - 26/04/12 04:38:31 INFO DAGScheduler: looking for newly runnable stages
[2026-04-12T04:38:31.705+0000] {subprocess.py:106} INFO - 26/04/12 04:38:31 INFO DAGScheduler: running: HashSet()
[2026-04-12T04:38:31.706+0000] {subprocess.py:106} INFO - 26/04/12 04:38:31 INFO DAGScheduler: waiting: HashSet(ResultStage 1)
[2026-04-12T04:38:31.707+0000] {subprocess.py:106} INFO - 26/04/12 04:38:31 INFO DAGScheduler: failed: HashSet()
[2026-04-12T04:38:31.715+0000] {subprocess.py:106} INFO - 26/04/12 04:38:31 INFO DAGScheduler: Submitting ResultStage 1 (MapPartitionsRDD[9] at start at NativeMethodAccessorImpl.java:0), which has no missing parents
[2026-04-12T04:38:31.732+0000] {subprocess.py:106} INFO - 26/04/12 04:38:31 INFO MemoryStore: Block broadcast_1 stored as values in memory (estimated size 13.6 KiB, free 1048.7 MiB)
[2026-04-12T04:38:31.738+0000] {subprocess.py:106} INFO - 26/04/12 04:38:31 INFO MemoryStore: Block broadcast_1_piece0 stored as bytes in memory (estimated size 6.5 KiB, free 1048.7 MiB)
[2026-04-12T04:38:31.739+0000] {subprocess.py:106} INFO - 26/04/12 04:38:31 INFO SparkContext: Created broadcast 1 from broadcast at DAGScheduler.scala:1676
[2026-04-12T04:38:31.742+0000] {subprocess.py:106} INFO - 26/04/12 04:38:31 INFO DAGScheduler: Submitting 1 missing tasks from ResultStage 1 (MapPartitionsRDD[9] at start at NativeMethodAccessorImpl.java:0) (first 15 tasks are for partitions Vector(0))
[2026-04-12T04:38:31.743+0000] {subprocess.py:106} INFO - 26/04/12 04:38:31 INFO TaskSchedulerImpl: Adding task set 1.0 with 1 tasks resource profile 0
[2026-04-12T04:38:31.754+0000] {subprocess.py:106} INFO - 26/04/12 04:38:31 INFO TaskSetManager: Starting task 0.0 in stage 1.0 (TID 3) (spark-master,executor driver, partition 0, NODE_LOCAL, 12446 bytes)
[2026-04-12T04:38:31.755+0000] {subprocess.py:106} INFO - 26/04/12 04:38:31 INFO Executor: Running task 0.0 in stage 1.0 (TID 3)
[2026-04-12T04:38:31.865+0000] {subprocess.py:106} INFO - 26/04/12 04:38:31 INFO ShuffleBlockFetcherIterator: Getting 3 (180.0 B) non-empty blocks including 3 (180.0 B) local and 0 (0.0 B) host-local and 0 (0.0 B) push-merged-local and 0 (0.0 B) remote blocks
[2026-04-12T04:38:31.867+0000] {subprocess.py:106} INFO - 26/04/12 04:38:31 INFO ShuffleBlockFetcherIterator: Started 0 remote fetches in 43 ms
[2026-04-12T04:38:31.904+0000] {subprocess.py:106} INFO - 26/04/12 04:38:31 INFO CodeGenerator: Code generated in 26.404474 ms
[2026-04-12T04:38:31.921+0000] {subprocess.py:106} INFO - 26/04/12 04:38:31 INFO Executor: Finished task 0.0 in stage 1.0 (TID 3). 3938 bytes result sent to driver
[2026-04-12T04:38:31.925+0000] {subprocess.py:106} INFO - 26/04/12 04:38:31 INFO TaskSetManager: Finished task 0.0 in stage 1.0 (TID 3) in 176 ms on spark-master (executor driver) (1/1)
[2026-04-12T04:38:31.926+0000] {subprocess.py:106} INFO - 26/04/12 04:38:31 INFO TaskSchedulerImpl: Removed TaskSet 1.0 whose tasks have all completed, from pool
[2026-04-12T04:38:31.926+0000] {subprocess.py:106} INFO - 26/04/12 04:38:31 INFO DAGScheduler: ResultStage 1 (start at NativeMethodAccessorImpl.java:0) finished in 201 ms
[2026-04-12T04:38:31.932+0000] {subprocess.py:106} INFO - 26/04/12 04:38:31 INFO DAGScheduler: Job 0 is finished. Cancelling potential speculative or zombie tasks for this job
[2026-04-12T04:38:31.933+0000] {subprocess.py:106} INFO - 26/04/12 04:38:31 INFO TaskSchedulerImpl: Canceling stage 1
[2026-04-12T04:38:31.936+0000] {subprocess.py:106} INFO - 26/04/12 04:38:31 INFO TaskSchedulerImpl: Killing all running tasks in stage 1: Stage finished
[2026-04-12T04:38:31.941+0000] {subprocess.py:106} INFO - 26/04/12 04:38:31 INFO DAGScheduler: Job 0 finished: start at NativeMethodAccessorImpl.java:0, took 2975.269363 ms
[2026-04-12T04:38:32.132+0000] {subprocess.py:106} INFO - 26/04/12 04:38:32 INFO ParquetUtils: Using default output committer for Parquet: org.apache.parquet.hadoop.ParquetOutputCommitter
[2026-04-12T04:38:32.159+0000] {subprocess.py:106} INFO - 26/04/12 04:38:32 INFO FileOutputCommitter: File Output Committer Algorithm version is 1
[2026-04-12T04:38:32.160+0000] {subprocess.py:106} INFO - 26/04/12 04:38:32 INFO FileOutputCommitter: FileOutputCommitter skip cleanup _temporary folders under output directory:false, ignore cleanup failures: false
[2026-04-12T04:38:32.161+0000] {subprocess.py:106} INFO - 26/04/12 04:38:32 INFO SQLHadoopMapReduceCommitProtocol: Using user defined output committer class org.apache.parquet.hadoop.ParquetOutputCommitter
[2026-04-12T04:38:32.162+0000] {subprocess.py:106} INFO - 26/04/12 04:38:32 INFO FileOutputCommitter: File Output Committer Algorithm version is 1
[2026-04-12T04:38:32.162+0000] {subprocess.py:106} INFO - 26/04/12 04:38:32 INFO FileOutputCommitter: FileOutputCommitter skip cleanup _temporary folders under output directory:false, ignore cleanup failures: false
[2026-04-12T04:38:32.163+0000] {subprocess.py:106} INFO - 26/04/12 04:38:32 INFO SQLHadoopMapReduceCommitProtocol: Using output committer class org.apache.parquet.hadoop.ParquetOutputCommitter
[2026-04-12T04:38:32.195+0000] {subprocess.py:106} INFO - 26/04/12 04:38:32 INFO CodeGenerator: Code generated in 20.184315 ms
[2026-04-12T04:38:32.217+0000] {subprocess.py:106} INFO - 26/04/12 04:38:32 INFO SparkContext: Starting job: start at NativeMethodAccessorImpl.java:0
[2026-04-12T04:38:32.218+0000] {subprocess.py:106} INFO - 26/04/12 04:38:32 INFO DAGScheduler: Got job 1 (start at NativeMethodAccessorImpl.java:0) with 3 output partitions
[2026-04-12T04:38:32.219+0000] {subprocess.py:106} INFO - 26/04/12 04:38:32 INFO DAGScheduler: Final stage: ResultStage 2 (start at NativeMethodAccessorImpl.java:0)
[2026-04-12T04:38:32.219+0000] {subprocess.py:106} INFO - 26/04/12 04:38:32 INFO DAGScheduler: Parents of final stage: List()
[2026-04-12T04:38:32.222+0000] {subprocess.py:106} INFO - 26/04/12 04:38:32 INFO DAGScheduler: Missing parents: List()
[2026-04-12T04:38:32.223+0000] {subprocess.py:106} INFO - 26/04/12 04:38:32 INFO DAGScheduler: Submitting ResultStage 2 (MapPartitionsRDD[16] at start at NativeMethodAccessorImpl.java:0), which has no missing parents
[2026-04-12T04:38:32.280+0000] {subprocess.py:106} INFO - 26/04/12 04:38:32 INFO MemoryStore: Block broadcast_2 stored as values in memory (estimated size 298.8 KiB, free 1048.4 MiB)
[2026-04-12T04:38:32.284+0000] {subprocess.py:106} INFO - 26/04/12 04:38:32 INFO MemoryStore: Block broadcast_2_piece0 stored as bytes in memory (estimated size 105.7 KiB, free 1048.3 MiB)
[2026-04-12T04:38:32.287+0000] {subprocess.py:106} INFO - 26/04/12 04:38:32 INFO SparkContext: Created broadcast 2 from broadcast at DAGScheduler.scala:1676
[2026-04-12T04:38:32.288+0000] {subprocess.py:106} INFO - 26/04/12 04:38:32 INFO DAGScheduler: Submitting 3 missing tasks from ResultStage 2 (MapPartitionsRDD[16] at start at NativeMethodAccessorImpl.java:0) (first 15 tasks are for partitions Vector(0, 1, 2))
[2026-04-12T04:38:32.289+0000] {subprocess.py:106} INFO - 26/04/12 04:38:32 INFO TaskSchedulerImpl: Adding task set 2.0 with 3 tasks resource profile 0
[2026-04-12T04:38:32.290+0000] {subprocess.py:106} INFO - 26/04/12 04:38:32 INFO TaskSetManager: Starting task 0.0 in stage 2.0 (TID 4) (spark-master,executor driver, partition 0, PROCESS_LOCAL, 13503 bytes)
[2026-04-12T04:38:32.293+0000] {subprocess.py:106} INFO - 26/04/12 04:38:32 INFO TaskSetManager: Starting task 1.0 in stage 2.0 (TID 5) (spark-master,executor driver, partition 1, PROCESS_LOCAL, 13503 bytes)
[2026-04-12T04:38:32.297+0000] {subprocess.py:106} INFO - 26/04/12 04:38:32 INFO TaskSetManager: Starting task 2.0 in stage 2.0 (TID 6) (spark-master,executor driver, partition 2, PROCESS_LOCAL, 13503 bytes)
[2026-04-12T04:38:32.298+0000] {subprocess.py:106} INFO - 26/04/12 04:38:32 INFO Executor: Running task 0.0 in stage 2.0 (TID 4)
[2026-04-12T04:38:32.299+0000] {subprocess.py:106} INFO - 26/04/12 04:38:32 INFO Executor: Running task 1.0 in stage 2.0 (TID 5)
[2026-04-12T04:38:32.300+0000] {subprocess.py:106} INFO - 26/04/12 04:38:32 INFO Executor: Running task 2.0 in stage 2.0 (TID 6)
[2026-04-12T04:38:32.496+0000] {subprocess.py:106} INFO - 26/04/12 04:38:32 INFO CodeGenerator: Code generated in 22.799078 ms
[2026-04-12T04:38:32.505+0000] {subprocess.py:106} INFO - 26/04/12 04:38:32 INFO KafkaBatchReaderFactory: Creating Kafka reader topicPartition=weather-topic-0 fromOffset=11} untilOffset=15, for query queryId=46e5ad83-a953-440f-bb1b-14366f27bcb7 batchId=1 taskId=4 partitionId=0
[2026-04-12T04:38:32.506+0000] {subprocess.py:106} INFO - 26/04/12 04:38:32 INFO KafkaBatchReaderFactory: Creating Kafka reader topicPartition=weather-topic-2 fromOffset=13} untilOffset=22, for query queryId=46e5ad83-a953-440f-bb1b-14366f27bcb7 batchId=1 taskId=6 partitionId=2
[2026-04-12T04:38:32.507+0000] {subprocess.py:106} INFO - 26/04/12 04:38:32 INFO KafkaBatchReaderFactory: Creating Kafka reader topicPartition=weather-topic-1 fromOffset=16} untilOffset=23, for query queryId=46e5ad83-a953-440f-bb1b-14366f27bcb7 batchId=1 taskId=5 partitionId=1
[2026-04-12T04:38:32.520+0000] {subprocess.py:106} INFO - 26/04/12 04:38:32 INFO ClassicKafkaConsumer: [Consumer clientId=consumer-spark-kafka-source-cd2e18b9-6306-40a5-a12b-03e2d8318c10--983882313-executor-3, groupId=spark-kafka-source-cd2e18b9-6306-40a5-a12b-03e2d8318c10--983882313-executor] Seeking to offset 13 for partition weather-topic-2
[2026-04-12T04:38:32.520+0000] {subprocess.py:106} INFO - 26/04/12 04:38:32 INFO ClassicKafkaConsumer: [Consumer clientId=consumer-spark-kafka-source-cd2e18b9-6306-40a5-a12b-03e2d8318c10--983882313-executor-1, groupId=spark-kafka-source-cd2e18b9-6306-40a5-a12b-03e2d8318c10--983882313-executor] Seeking to offset 16 for partition weather-topic-1
[2026-04-12T04:38:32.521+0000] {subprocess.py:106} INFO - 26/04/12 04:38:32 INFO ClassicKafkaConsumer: [Consumer clientId=consumer-spark-kafka-source-cd2e18b9-6306-40a5-a12b-03e2d8318c10--983882313-executor-2, groupId=spark-kafka-source-cd2e18b9-6306-40a5-a12b-03e2d8318c10--983882313-executor] Seeking to offset 11 for partition weather-topic-0
[2026-04-12T04:38:32.531+0000] {subprocess.py:106} INFO - 26/04/12 04:38:32 INFO SubscriptionState: [Consumer clientId=consumer-spark-kafka-source-cd2e18b9-6306-40a5-a12b-03e2d8318c10--983882313-executor-1, groupId=spark-kafka-source-cd2e18b9-6306-40a5-a12b-03e2d8318c10--983882313-executor] Seeking to earliest offset of partition weather-topic-1
[2026-04-12T04:38:32.531+0000] {subprocess.py:106} INFO - 26/04/12 04:38:32 INFO SubscriptionState: [Consumer clientId=consumer-spark-kafka-source-cd2e18b9-6306-40a5-a12b-03e2d8318c10--983882313-executor-2, groupId=spark-kafka-source-cd2e18b9-6306-40a5-a12b-03e2d8318c10--983882313-executor] Seeking to earliest offset of partition weather-topic-0
[2026-04-12T04:38:32.532+0000] {subprocess.py:106} INFO - 26/04/12 04:38:32 INFO SubscriptionState: [Consumer clientId=consumer-spark-kafka-source-cd2e18b9-6306-40a5-a12b-03e2d8318c10--983882313-executor-3, groupId=spark-kafka-source-cd2e18b9-6306-40a5-a12b-03e2d8318c10--983882313-executor] Seeking to earliest offset of partition weather-topic-2
[2026-04-12T04:38:33.036+0000] {subprocess.py:106} INFO - 26/04/12 04:38:33 INFO SubscriptionState: [Consumer clientId=consumer-spark-kafka-source-cd2e18b9-6306-40a5-a12b-03e2d8318c10--983882313-executor-3, groupId=spark-kafka-source-cd2e18b9-6306-40a5-a12b-03e2d8318c10--983882313-executor] Resetting offset for partition weather-topic-2 to position FetchPosition{offset=0, offsetEpoch=Optional.empty, currentLeader=LeaderAndEpoch{leader=Optional[kafka:9092 (id: 1 rack: null)], epoch=0}}.
[2026-04-12T04:38:33.037+0000] {subprocess.py:106} INFO - 26/04/12 04:38:33 INFO SubscriptionState: [Consumer clientId=consumer-spark-kafka-source-cd2e18b9-6306-40a5-a12b-03e2d8318c10--983882313-executor-1, groupId=spark-kafka-source-cd2e18b9-6306-40a5-a12b-03e2d8318c10--983882313-executor] Resetting offset for partition weather-topic-1 to position FetchPosition{offset=0, offsetEpoch=Optional.empty, currentLeader=LeaderAndEpoch{leader=Optional[kafka:9092 (id: 1 rack: null)], epoch=0}}.
[2026-04-12T04:38:33.038+0000] {subprocess.py:106} INFO - 26/04/12 04:38:33 INFO SubscriptionState: [Consumer clientId=consumer-spark-kafka-source-cd2e18b9-6306-40a5-a12b-03e2d8318c10--983882313-executor-1, groupId=spark-kafka-source-cd2e18b9-6306-40a5-a12b-03e2d8318c10--983882313-executor] Seeking to latest offset of partition weather-topic-1
[2026-04-12T04:38:33.039+0000] {subprocess.py:106} INFO - 26/04/12 04:38:33 INFO SubscriptionState: [Consumer clientId=consumer-spark-kafka-source-cd2e18b9-6306-40a5-a12b-03e2d8318c10--983882313-executor-3, groupId=spark-kafka-source-cd2e18b9-6306-40a5-a12b-03e2d8318c10--983882313-executor] Seeking to latest offset of partition weather-topic-2
[2026-04-12T04:38:33.040+0000] {subprocess.py:106} INFO - 26/04/12 04:38:33 INFO SubscriptionState: [Consumer clientId=consumer-spark-kafka-source-cd2e18b9-6306-40a5-a12b-03e2d8318c10--983882313-executor-2, groupId=spark-kafka-source-cd2e18b9-6306-40a5-a12b-03e2d8318c10--983882313-executor] Resetting offset for partition weather-topic-0 to position FetchPosition{offset=0, offsetEpoch=Optional.empty, currentLeader=LeaderAndEpoch{leader=Optional[kafka:9092 (id: 1 rack: null)], epoch=0}}.
[2026-04-12T04:38:33.040+0000] {subprocess.py:106} INFO - 26/04/12 04:38:33 INFO SubscriptionState: [Consumer clientId=consumer-spark-kafka-source-cd2e18b9-6306-40a5-a12b-03e2d8318c10--983882313-executor-2, groupId=spark-kafka-source-cd2e18b9-6306-40a5-a12b-03e2d8318c10--983882313-executor] Seeking to latest offset of partition weather-topic-0
[2026-04-12T04:38:33.041+0000] {subprocess.py:106} INFO - 26/04/12 04:38:33 INFO SubscriptionState: [Consumer clientId=consumer-spark-kafka-source-cd2e18b9-6306-40a5-a12b-03e2d8318c10--983882313-executor-1, groupId=spark-kafka-source-cd2e18b9-6306-40a5-a12b-03e2d8318c10--983882313-executor] Resetting offset for partition weather-topic-1 to position FetchPosition{offset=49, offsetEpoch=Optional.empty, currentLeader=LeaderAndEpoch{leader=Optional[kafka:9092 (id: 1 rack: null)], epoch=0}}.
[2026-04-12T04:38:33.042+0000] {subprocess.py:106} INFO - 26/04/12 04:38:33 INFO SubscriptionState: [Consumer clientId=consumer-spark-kafka-source-cd2e18b9-6306-40a5-a12b-03e2d8318c10--983882313-executor-3, groupId=spark-kafka-source-cd2e18b9-6306-40a5-a12b-03e2d8318c10--983882313-executor] Resetting offset for partition weather-topic-2 to position FetchPosition{offset=32, offsetEpoch=Optional.empty, currentLeader=LeaderAndEpoch{leader=Optional[kafka:9092 (id: 1 rack: null)], epoch=0}}.
[2026-04-12T04:38:33.042+0000] {subprocess.py:106} INFO - 26/04/12 04:38:33 INFO SubscriptionState: [Consumer clientId=consumer-spark-kafka-source-cd2e18b9-6306-40a5-a12b-03e2d8318c10--983882313-executor-2, groupId=spark-kafka-source-cd2e18b9-6306-40a5-a12b-03e2d8318c10--983882313-executor] Resetting offset for partition weather-topic-0 to position FetchPosition{offset=39, offsetEpoch=Optional.empty, currentLeader=LeaderAndEpoch{leader=Optional[kafka:9092 (id: 1 rack: null)], epoch=0}}.
[2026-04-12T04:38:33.091+0000] {subprocess.py:106} INFO - 26/04/12 04:38:33 INFO MemoryStore: Block rdd_12_2 stored as values in memory (estimated size 4.3 KiB, free 1048.3 MiB)
[2026-04-12T04:38:33.092+0000] {subprocess.py:106} INFO - 26/04/12 04:38:33 INFO MemoryStore: Block rdd_12_1 stored as values in memory (estimated size 4.0 KiB, free 1048.3 MiB)
[2026-04-12T04:38:33.096+0000] {subprocess.py:106} INFO - 26/04/12 04:38:33 INFO MemoryStore: Block rdd_12_0 stored as values in memory (estimated size 3.5 KiB, free 1048.3 MiB)
[2026-04-12T04:38:33.111+0000] {subprocess.py:106} INFO - 26/04/12 04:38:33 INFO CodeGenerator: Code generated in 6.724603 ms
[2026-04-12T04:38:33.157+0000] {subprocess.py:106} INFO - 26/04/12 04:38:33 INFO CodeGenerator: Code generated in 31.243225 ms
[2026-04-12T04:38:33.161+0000] {subprocess.py:106} INFO - 26/04/12 04:38:33 INFO FileOutputCommitter: File Output Committer Algorithm version is 1
[2026-04-12T04:38:33.162+0000] {subprocess.py:106} INFO - 26/04/12 04:38:33 INFO FileOutputCommitter: File Output Committer Algorithm version is 1
[2026-04-12T04:38:33.163+0000] {subprocess.py:106} INFO - 26/04/12 04:38:33 INFO FileOutputCommitter: File Output Committer Algorithm version is 1
[2026-04-12T04:38:33.163+0000] {subprocess.py:106} INFO - 26/04/12 04:38:33 INFO FileOutputCommitter: FileOutputCommitter skip cleanup _temporary folders under output directory:false, ignore cleanup failures: false
[2026-04-12T04:38:33.164+0000] {subprocess.py:106} INFO - 26/04/12 04:38:33 INFO FileOutputCommitter: FileOutputCommitter skip cleanup _temporary folders under output directory:false, ignore cleanup failures: false
[2026-04-12T04:38:33.165+0000] {subprocess.py:106} INFO - 26/04/12 04:38:33 INFO FileOutputCommitter: FileOutputCommitter skip cleanup _temporary folders under output directory:false, ignore cleanup failures: false
[2026-04-12T04:38:33.166+0000] {subprocess.py:106} INFO - 26/04/12 04:38:33 INFO SQLHadoopMapReduceCommitProtocol: Using user defined output committer class org.apache.parquet.hadoop.ParquetOutputCommitter
[2026-04-12T04:38:33.166+0000] {subprocess.py:106} INFO - 26/04/12 04:38:33 INFO SQLHadoopMapReduceCommitProtocol: Using user defined output committer class org.apache.parquet.hadoop.ParquetOutputCommitter
[2026-04-12T04:38:33.167+0000] {subprocess.py:106} INFO - 26/04/12 04:38:33 INFO SQLHadoopMapReduceCommitProtocol: Using user defined output committer class org.apache.parquet.hadoop.ParquetOutputCommitter
[2026-04-12T04:38:33.168+0000] {subprocess.py:106} INFO - 26/04/12 04:38:33 INFO FileOutputCommitter: File Output Committer Algorithm version is 1
[2026-04-12T04:38:33.168+0000] {subprocess.py:106} INFO - 26/04/12 04:38:33 INFO FileOutputCommitter: FileOutputCommitter skip cleanup _temporary folders under output directory:false, ignore cleanup failures: false
[2026-04-12T04:38:33.169+0000] {subprocess.py:106} INFO - 26/04/12 04:38:33 INFO FileOutputCommitter: File Output Committer Algorithm version is 1
[2026-04-12T04:38:33.170+0000] {subprocess.py:106} INFO - 26/04/12 04:38:33 INFO FileOutputCommitter: FileOutputCommitter skip cleanup _temporary folders under output directory:false, ignore cleanup failures: false
[2026-04-12T04:38:33.171+0000] {subprocess.py:106} INFO - 26/04/12 04:38:33 INFO SQLHadoopMapReduceCommitProtocol: Using output committer class org.apache.parquet.hadoop.ParquetOutputCommitter
[2026-04-12T04:38:33.172+0000] {subprocess.py:106} INFO - 26/04/12 04:38:33 INFO FileOutputCommitter: File Output Committer Algorithm version is 1
[2026-04-12T04:38:33.172+0000] {subprocess.py:106} INFO - 26/04/12 04:38:33 INFO FileOutputCommitter: FileOutputCommitter skip cleanup _temporary folders under output directory:false, ignore cleanup failures: false
[2026-04-12T04:38:33.177+0000] {subprocess.py:106} INFO - 26/04/12 04:38:33 INFO SQLHadoopMapReduceCommitProtocol: Using output committer class org.apache.parquet.hadoop.ParquetOutputCommitter
[2026-04-12T04:38:33.179+0000] {subprocess.py:106} INFO - 26/04/12 04:38:33 INFO SQLHadoopMapReduceCommitProtocol: Using output committer class org.apache.parquet.hadoop.ParquetOutputCommitter
[2026-04-12T04:38:33.180+0000] {subprocess.py:106} INFO - 26/04/12 04:38:33 INFO CodecConfig: Compression: SNAPPY
[2026-04-12T04:38:33.181+0000] {subprocess.py:106} INFO - 26/04/12 04:38:33 INFO CodecConfig: Compression: SNAPPY
[2026-04-12T04:38:33.181+0000] {subprocess.py:106} INFO - 26/04/12 04:38:33 INFO CodecConfig: Compression: SNAPPY
[2026-04-12T04:38:33.181+0000] {subprocess.py:106} INFO - 26/04/12 04:38:33 INFO CodecConfig: Compression: SNAPPY
[2026-04-12T04:38:33.182+0000] {subprocess.py:106} INFO - 26/04/12 04:38:33 INFO CodecConfig: Compression: SNAPPY
[2026-04-12T04:38:33.182+0000] {subprocess.py:106} INFO - 26/04/12 04:38:33 INFO CodecConfig: Compression: SNAPPY
[2026-04-12T04:38:33.205+0000] {subprocess.py:106} INFO - 26/04/12 04:38:33 INFO ParquetOutputFormat: ParquetRecordWriter [block size: 134217728b, row group padding size: 8388608b, validating: false]
[2026-04-12T04:38:33.208+0000] {subprocess.py:106} INFO - 26/04/12 04:38:33 INFO ParquetOutputFormat: ParquetRecordWriter [block size: 134217728b, row group padding size: 8388608b, validating: false]
[2026-04-12T04:38:33.208+0000] {subprocess.py:106} INFO - 26/04/12 04:38:33 INFO ParquetOutputFormat: ParquetRecordWriter [block size: 134217728b, row group padding size: 8388608b, validating: false]
[2026-04-12T04:38:33.325+0000] {subprocess.py:106} INFO - 26/04/12 04:38:33 INFO CodecPool: Got brand-new compressor [.snappy]
[2026-04-12T04:38:33.325+0000] {subprocess.py:106} INFO - 26/04/12 04:38:33 INFO CodecPool: Got brand-new compressor [.snappy]
[2026-04-12T04:38:33.326+0000] {subprocess.py:106} INFO - 26/04/12 04:38:33 INFO CodecPool: Got brand-new compressor [.snappy]
[2026-04-12T04:38:34.183+0000] {subprocess.py:106} INFO - 26/04/12 04:38:34 INFO FileOutputCommitter: Saved output of task 'attempt_202604120438325793938123539415663_0002_m_000002_6' to hdfs://23133083thuyvan-master:9000/user/hive/lakehouse/bronze/raw_api/_temporary/0/task_202604120438325793938123539415663_0002_m_000002
[2026-04-12T04:38:34.183+0000] {subprocess.py:106} INFO - 26/04/12 04:38:34 INFO FileOutputCommitter: Saved output of task 'attempt_202604120438325793938123539415663_0002_m_000000_4' to hdfs://23133083thuyvan-master:9000/user/hive/lakehouse/bronze/raw_api/_temporary/0/task_202604120438325793938123539415663_0002_m_000000
[2026-04-12T04:38:34.184+0000] {subprocess.py:106} INFO - 26/04/12 04:38:34 INFO SparkHadoopMapRedUtil: attempt_202604120438325793938123539415663_0002_m_000002_6: Committed. Elapsed time: 13 ms.
[2026-04-12T04:38:34.185+0000] {subprocess.py:106} INFO - 26/04/12 04:38:34 INFO SparkHadoopMapRedUtil: attempt_202604120438325793938123539415663_0002_m_000000_4: Committed. Elapsed time: 13 ms.
[2026-04-12T04:38:34.188+0000] {subprocess.py:106} INFO - 26/04/12 04:38:34 INFO KafkaDataConsumer: From Kafka topicPartition=weather-topic-2 groupId=spark-kafka-source-cd2e18b9-6306-40a5-a12b-03e2d8318c10--983882313-executor read 9 records through 1 polls (polled out 19 records), taking 521.56759 ms, during time span of 1670.28957 ms.
[2026-04-12T04:38:34.192+0000] {subprocess.py:106} INFO - 26/04/12 04:38:34 INFO KafkaDataConsumer: From Kafka topicPartition=weather-topic-0 groupId=spark-kafka-source-cd2e18b9-6306-40a5-a12b-03e2d8318c10--983882313-executor read 4 records through 1 polls (polled out 28 records), taking 521.698556 ms, during time span of 1668.943399 ms.
[2026-04-12T04:38:34.212+0000] {subprocess.py:106} INFO - 26/04/12 04:38:34 INFO Executor: Finished task 0.0 in stage 2.0 (TID 4). 3367 bytes result sent to driver
[2026-04-12T04:38:34.213+0000] {subprocess.py:106} INFO - 26/04/12 04:38:34 INFO Executor: Finished task 2.0 in stage 2.0 (TID 6). 3367 bytes result sent to driver
[2026-04-12T04:38:34.218+0000] {subprocess.py:106} INFO - 26/04/12 04:38:34 INFO TaskSetManager: Finished task 0.0 in stage 2.0 (TID 4) in 1926 ms on spark-master (executor driver) (1/3)
[2026-04-12T04:38:34.219+0000] {subprocess.py:106} INFO - 26/04/12 04:38:34 INFO TaskSetManager: Finished task 2.0 in stage 2.0 (TID 6) in 1924 ms on spark-master (executor driver) (2/3)
[2026-04-12T04:38:34.571+0000] {subprocess.py:106} INFO - 26/04/12 04:38:34 INFO FileOutputCommitter: Saved output of task 'attempt_202604120438325793938123539415663_0002_m_000001_5' to hdfs://23133083thuyvan-master:9000/user/hive/lakehouse/bronze/raw_api/_temporary/0/task_202604120438325793938123539415663_0002_m_000001
[2026-04-12T04:38:34.571+0000] {subprocess.py:106} INFO - 26/04/12 04:38:34 INFO SparkHadoopMapRedUtil: attempt_202604120438325793938123539415663_0002_m_000001_5: Committed. Elapsed time: 8 ms.
[2026-04-12T04:38:34.572+0000] {subprocess.py:106} INFO - 26/04/12 04:38:34 INFO KafkaDataConsumer: From Kafka topicPartition=weather-topic-1 groupId=spark-kafka-source-cd2e18b9-6306-40a5-a12b-03e2d8318c10--983882313-executor read 7 records through 1 polls (polled out 33 records), taking 520.872428 ms, during time span of 2054.484486 ms.
[2026-04-12T04:38:34.575+0000] {subprocess.py:106} INFO - 26/04/12 04:38:34 INFO Executor: Finished task 1.0 in stage 2.0 (TID 5). 3324 bytes result sent to driver
[2026-04-12T04:38:34.578+0000] {subprocess.py:106} INFO - 26/04/12 04:38:34 INFO TaskSetManager: Finished task 1.0 in stage 2.0 (TID 5) in 2287 ms on spark-master (executor driver) (3/3)
[2026-04-12T04:38:34.579+0000] {subprocess.py:106} INFO - 26/04/12 04:38:34 INFO TaskSchedulerImpl: Removed TaskSet 2.0 whose tasks have all completed, from pool
[2026-04-12T04:38:34.579+0000] {subprocess.py:106} INFO - 26/04/12 04:38:34 INFO DAGScheduler: ResultStage 2 (start at NativeMethodAccessorImpl.java:0) finished in 2354 ms
[2026-04-12T04:38:34.580+0000] {subprocess.py:106} INFO - 26/04/12 04:38:34 INFO DAGScheduler: Job 1 is finished. Cancelling potential speculative or zombie tasks for this job
[2026-04-12T04:38:34.581+0000] {subprocess.py:106} INFO - 26/04/12 04:38:34 INFO TaskSchedulerImpl: Canceling stage 2
[2026-04-12T04:38:34.581+0000] {subprocess.py:106} INFO - 26/04/12 04:38:34 INFO TaskSchedulerImpl: Killing all running tasks in stage 2: Stage finished
[2026-04-12T04:38:34.582+0000] {subprocess.py:106} INFO - 26/04/12 04:38:34 INFO DAGScheduler: Job 1 finished: start at NativeMethodAccessorImpl.java:0, took 2362.992625 ms
[2026-04-12T04:38:34.583+0000] {subprocess.py:106} INFO - 26/04/12 04:38:34 INFO FileFormatWriter: Start to commit write Job 6778e513-b813-43ef-9cca-11e1f13883ab.
[2026-04-12T04:38:34.639+0000] {subprocess.py:106} INFO - 26/04/12 04:38:34 INFO FileFormatWriter: Write Job 6778e513-b813-43ef-9cca-11e1f13883ab committed. Elapsed time: 54 ms.
[2026-04-12T04:38:34.642+0000] {subprocess.py:106} INFO - 26/04/12 04:38:34 INFO FileFormatWriter: Finished processing stats for write job 6778e513-b813-43ef-9cca-11e1f13883ab.
[2026-04-12T04:38:34.911+0000] {subprocess.py:106} INFO - 26/04/12 04:38:34 INFO CatalogUtil: Loading custom FileIO implementation: org.apache.iceberg.hadoop.HadoopFileIO
[2026-04-12T04:38:34.942+0000] {subprocess.py:106} INFO - 26/04/12 04:38:34 INFO BaseMetastoreTableOperations: Refreshing table metadata from new version: hdfs://23133083thuyvan-master:9000/user/hive/lakehouse/air_quality_db.db/air_quality_silver/metadata/00000-bd5a2971-fd67-45ed-b96f-546c2d057b23.metadata.json
[2026-04-12T04:38:34.952+0000] {subprocess.py:106} INFO - 26/04/12 04:38:34 INFO BaseMetastoreCatalog: Table loaded by catalog: iceberg.air_quality_db.air_quality_silver
[2026-04-12T04:38:35.186+0000] {subprocess.py:106} INFO - 26/04/12 04:38:35 INFO CodeGenerator: Code generated in 39.675272 ms
[2026-04-12T04:38:35.215+0000] {subprocess.py:106} INFO - 26/04/12 04:38:35 INFO MemoryStore: Block broadcast_3 stored as values in memory (estimated size 32.0 KiB, free 1048.4 MiB)
[2026-04-12T04:38:35.239+0000] {subprocess.py:106} INFO - 26/04/12 04:38:35 INFO MemoryStore: Block broadcast_3_piece0 stored as bytes in memory (estimated size 36.2 KiB, free 1048.3 MiB)
[2026-04-12T04:38:35.240+0000] {subprocess.py:106} INFO - 26/04/12 04:38:35 INFO SparkContext: Created broadcast 3 from start at NativeMethodAccessorImpl.java:0
[2026-04-12T04:38:35.245+0000] {subprocess.py:106} INFO - 26/04/12 04:38:35 INFO AppendDataExec: Start processing data source write support: IcebergBatchWrite(table=iceberg.air_quality_db.air_quality_silver, format=PARQUET). The input RDD has 3} partitions.
[2026-04-12T04:38:35.271+0000] {subprocess.py:106} INFO - 26/04/12 04:38:35 INFO SparkContext: Starting job: start at NativeMethodAccessorImpl.java:0
[2026-04-12T04:38:35.273+0000] {subprocess.py:106} INFO - 26/04/12 04:38:35 INFO DAGScheduler: Got job 2 (start at NativeMethodAccessorImpl.java:0) with 3 output partitions
[2026-04-12T04:38:35.273+0000] {subprocess.py:106} INFO - 26/04/12 04:38:35 INFO DAGScheduler: Final stage: ResultStage 3 (start at NativeMethodAccessorImpl.java:0)
[2026-04-12T04:38:35.274+0000] {subprocess.py:106} INFO - 26/04/12 04:38:35 INFO DAGScheduler: Parents of final stage: List()
[2026-04-12T04:38:35.275+0000] {subprocess.py:106} INFO - 26/04/12 04:38:35 INFO DAGScheduler: Missing parents: List()
[2026-04-12T04:38:35.276+0000] {subprocess.py:106} INFO - 26/04/12 04:38:35 INFO DAGScheduler: Submitting ResultStage 3 (MapPartitionsRDD[20] at start at NativeMethodAccessorImpl.java:0), which has no missing parents
[2026-04-12T04:38:35.285+0000] {subprocess.py:106} INFO - 26/04/12 04:38:35 INFO MemoryStore: Block broadcast_4 stored as values in memory (estimated size 70.9 KiB, free 1048.3 MiB)
[2026-04-12T04:38:35.288+0000] {subprocess.py:106} INFO - 26/04/12 04:38:35 INFO MemoryStore: Block broadcast_4_piece0 stored as bytes in memory (estimated size 24.5 KiB, free 1048.2 MiB)
[2026-04-12T04:38:35.290+0000] {subprocess.py:106} INFO - 26/04/12 04:38:35 INFO SparkContext: Created broadcast 4 from broadcast at DAGScheduler.scala:1676
[2026-04-12T04:38:35.292+0000] {subprocess.py:106} INFO - 26/04/12 04:38:35 INFO DAGScheduler: Submitting 3 missing tasks from ResultStage 3 (MapPartitionsRDD[20] at start at NativeMethodAccessorImpl.java:0) (first 15 tasks are for partitions Vector(0, 1, 2))
[2026-04-12T04:38:35.293+0000] {subprocess.py:106} INFO - 26/04/12 04:38:35 INFO TaskSchedulerImpl: Adding task set 3.0 with 3 tasks resource profile 0
[2026-04-12T04:38:35.296+0000] {subprocess.py:106} INFO - 26/04/12 04:38:35 INFO TaskSetManager: Starting task 0.0 in stage 3.0 (TID 7) (spark-master,executor driver, partition 0, PROCESS_LOCAL, 13503 bytes)
[2026-04-12T04:38:35.297+0000] {subprocess.py:106} INFO - 26/04/12 04:38:35 INFO TaskSetManager: Starting task 1.0 in stage 3.0 (TID 8) (spark-master,executor driver, partition 1, PROCESS_LOCAL, 13503 bytes)
[2026-04-12T04:38:35.300+0000] {subprocess.py:106} INFO - 26/04/12 04:38:35 INFO TaskSetManager: Starting task 2.0 in stage 3.0 (TID 9) (spark-master,executor driver, partition 2, PROCESS_LOCAL, 13503 bytes)
[2026-04-12T04:38:35.302+0000] {subprocess.py:106} INFO - 26/04/12 04:38:35 INFO Executor: Running task 1.0 in stage 3.0 (TID 8)
[2026-04-12T04:38:35.302+0000] {subprocess.py:106} INFO - 26/04/12 04:38:35 INFO Executor: Running task 0.0 in stage 3.0 (TID 7)
[2026-04-12T04:38:35.303+0000] {subprocess.py:106} INFO - 26/04/12 04:38:35 INFO Executor: Running task 2.0 in stage 3.0 (TID 9)
[2026-04-12T04:38:35.319+0000] {subprocess.py:106} INFO - 26/04/12 04:38:35 INFO BlockManager: Found block rdd_12_0 locally
[2026-04-12T04:38:35.320+0000] {subprocess.py:106} INFO - 26/04/12 04:38:35 INFO BlockManager: Found block rdd_12_2 locally
[2026-04-12T04:38:35.320+0000] {subprocess.py:106} INFO - 26/04/12 04:38:35 INFO BlockManager: Found block rdd_12_1 locally
[2026-04-12T04:38:35.348+0000] {subprocess.py:106} INFO - 26/04/12 04:38:35 INFO CodeGenerator: Code generated in 24.954929 ms
[2026-04-12T04:38:35.381+0000] {subprocess.py:106} INFO - 26/04/12 04:38:35 INFO CodeGenerator: Code generated in 31.422268 ms
[2026-04-12T04:38:35.536+0000] {subprocess.py:106} INFO - 26/04/12 04:38:35 INFO CodecPool: Got brand-new compressor [.zstd]
[2026-04-12T04:38:35.537+0000] {subprocess.py:106} INFO - 26/04/12 04:38:35 INFO CodecPool: Got brand-new compressor [.zstd]
[2026-04-12T04:38:35.538+0000] {subprocess.py:106} INFO - 26/04/12 04:38:35 INFO CodecPool: Got brand-new compressor [.zstd]
[2026-04-12T04:38:35.955+0000] {subprocess.py:106} INFO - 26/04/12 04:38:35 INFO DataWritingSparkTask: Writer for partition 1 is committing.
[2026-04-12T04:38:35.956+0000] {subprocess.py:106} INFO - 26/04/12 04:38:35 INFO DataWritingSparkTask: Writer for partition 0 is committing.
[2026-04-12T04:38:35.956+0000] {subprocess.py:106} INFO - 26/04/12 04:38:35 INFO DataWritingSparkTask: Writer for partition 2 is committing.
[2026-04-12T04:38:36.558+0000] {subprocess.py:106} INFO - 26/04/12 04:38:36 INFO DataWritingSparkTask: Committed partition 1 (task 8, attempt 0, stage 3.0)
[2026-04-12T04:38:36.567+0000] {subprocess.py:106} INFO - 26/04/12 04:38:36 INFO Executor: Finished task 1.0 in stage 3.0 (TID 8). 7291 bytes result sent to driver
[2026-04-12T04:38:36.571+0000] {subprocess.py:106} INFO - 26/04/12 04:38:36 INFO TaskSetManager: Finished task 1.0 in stage 3.0 (TID 8) in 1273 ms on spark-master (executor driver) (1/3)
[2026-04-12T04:38:36.877+0000] {subprocess.py:106} INFO - 26/04/12 04:38:36 INFO DataWritingSparkTask: Committed partition 2 (task 9, attempt 0, stage 3.0)
[2026-04-12T04:38:36.881+0000] {subprocess.py:106} INFO - 26/04/12 04:38:36 INFO Executor: Finished task 2.0 in stage 3.0 (TID 9). 7251 bytes result sent to driver
[2026-04-12T04:38:36.884+0000] {subprocess.py:106} INFO - 26/04/12 04:38:36 INFO TaskSetManager: Finished task 2.0 in stage 3.0 (TID 9) in 1586 ms on spark-master (executor driver) (2/3)
[2026-04-12T04:38:36.898+0000] {subprocess.py:106} INFO - 26/04/12 04:38:36 INFO DataWritingSparkTask: Committed partition 0 (task 7, attempt 0, stage 3.0)
[2026-04-12T04:38:36.900+0000] {subprocess.py:106} INFO - 26/04/12 04:38:36 INFO Executor: Finished task 0.0 in stage 3.0 (TID 7). 7242 bytes result sent to driver
[2026-04-12T04:38:36.902+0000] {subprocess.py:106} INFO - 26/04/12 04:38:36 INFO TaskSetManager: Finished task 0.0 in stage 3.0 (TID 7) in 1607 ms on spark-master (executor driver) (3/3)
[2026-04-12T04:38:36.904+0000] {subprocess.py:106} INFO - 26/04/12 04:38:36 INFO TaskSchedulerImpl: Removed TaskSet 3.0 whose tasks have all completed, from pool
[2026-04-12T04:38:36.904+0000] {subprocess.py:106} INFO - 26/04/12 04:38:36 INFO DAGScheduler: ResultStage 3 (start at NativeMethodAccessorImpl.java:0) finished in 1626 ms
[2026-04-12T04:38:36.905+0000] {subprocess.py:106} INFO - 26/04/12 04:38:36 INFO DAGScheduler: Job 2 is finished. Cancelling potential speculative or zombie tasks for this job
[2026-04-12T04:38:36.905+0000] {subprocess.py:106} INFO - 26/04/12 04:38:36 INFO TaskSchedulerImpl: Canceling stage 3
[2026-04-12T04:38:36.906+0000] {subprocess.py:106} INFO - 26/04/12 04:38:36 INFO TaskSchedulerImpl: Killing all running tasks in stage 3: Stage finished
[2026-04-12T04:38:36.906+0000] {subprocess.py:106} INFO - 26/04/12 04:38:36 INFO DAGScheduler: Job 2 finished: start at NativeMethodAccessorImpl.java:0, took 1632.355918 ms
[2026-04-12T04:38:36.906+0000] {subprocess.py:106} INFO - 26/04/12 04:38:36 INFO AppendDataExec: Data source write support IcebergBatchWrite(table=iceberg.air_quality_db.air_quality_silver, format=PARQUET) is committing.
[2026-04-12T04:38:36.942+0000] {subprocess.py:106} INFO - 26/04/12 04:38:36 INFO SparkWrite: Committing append with 3 new data files to table iceberg.air_quality_db.air_quality_silver
[2026-04-12T04:38:36.971+0000] {subprocess.py:106} INFO - 26/04/12 04:38:36 INFO BaseMetastoreTableOperations: Refreshing table metadata from new version: hdfs://23133083thuyvan-master:9000/user/hive/lakehouse/air_quality_db.db/air_quality_silver/metadata/00001-6cab51a0-4363-4950-9231-8f75498e52c1.metadata.json
[2026-04-12T04:38:39.281+0000] {subprocess.py:106} INFO - 26/04/12 04:38:39 INFO HiveTableOperations: Committed to table iceberg.air_quality_db.air_quality_silver with the new metadata location hdfs://23133083thuyvan-master:9000/user/hive/lakehouse/air_quality_db.db/air_quality_silver/metadata/00002-bfc9095d-e65b-4f99-9537-802a7a64ee99.metadata.json
[2026-04-12T04:38:39.282+0000] {subprocess.py:106} INFO - 26/04/12 04:38:39 INFO BaseMetastoreTableOperations: Successfully committed to table iceberg.air_quality_db.air_quality_silver in 852 ms
[2026-04-12T04:38:39.282+0000] {subprocess.py:106} INFO - 26/04/12 04:38:39 INFO SnapshotProducer: Committed snapshot 8702577455265896100 (MergeAppend)
[2026-04-12T04:38:39.321+0000] {subprocess.py:106} INFO - 26/04/12 04:38:39 INFO BaseMetastoreTableOperations: Refreshing table metadata from new version: hdfs://23133083thuyvan-master:9000/user/hive/lakehouse/air_quality_db.db/air_quality_silver/metadata/00002-bfc9095d-e65b-4f99-9537-802a7a64ee99.metadata.json
[2026-04-12T04:38:39.362+0000] {subprocess.py:106} INFO - 26/04/12 04:38:39 INFO LoggingMetricsReporter: Received metrics report: CommitReport{tableName=iceberg.air_quality_db.air_quality_silver, snapshotId=8702577455265896100, sequenceNumber=2, operation=append, commitMetrics=CommitMetricsResult{totalDuration=TimerResult{timeUnit=NANOSECONDS, totalDuration=PT2.345050372S, count=1}, attempts=CounterResult{unit=COUNT, value=1}, addedDataFiles=CounterResult{unit=COUNT, value=3}, removedDataFiles=null, totalDataFiles=CounterResult{unit=COUNT, value=6}, addedDeleteFiles=null, addedEqualityDeleteFiles=null, addedPositionalDeleteFiles=null, addedDVs=null, removedDeleteFiles=null, removedEqualityDeleteFiles=null, removedPositionalDeleteFiles=null, removedDVs=null, totalDeleteFiles=CounterResult{unit=COUNT, value=0}, addedRecords=CounterResult{unit=COUNT, value=20}, removedRecords=null, totalRecords=CounterResult{unit=COUNT, value=40}, addedFilesSizeInBytes=CounterResult{unit=BYTES, value=26213}, removedFilesSizeInBytes=null, totalFilesSizeInBytes=CounterResult{unit=BYTES, value=52426}, addedPositionalDeletes=null, removedPositionalDeletes=null, totalPositionalDeletes=CounterResult{unit=COUNT, value=0}, addedEqualityDeletes=null, removedEqualityDeletes=null, totalEqualityDeletes=CounterResult{unit=COUNT, value=0}, manifestsCreated=null, manifestsReplaced=null, manifestsKept=null, manifestEntriesProcessed=null}, metadata={engine-version=4.0.2, app-id=local-1775968694047, engine-name=spark, iceberg-version=Apache Iceberg 1.10.1 (commit ccb8bc435062171e64bc8b7e5f56e6aed9c5b934)}}
[2026-04-12T04:38:39.363+0000] {subprocess.py:106} INFO - 26/04/12 04:38:39 INFO SparkWrite: Committed in 2418 ms
[2026-04-12T04:38:39.364+0000] {subprocess.py:106} INFO - 26/04/12 04:38:39 INFO AppendDataExec: Data source write support IcebergBatchWrite(table=iceberg.air_quality_db.air_quality_silver, format=PARQUET) committed.
[2026-04-12T04:38:39.375+0000] {subprocess.py:106} INFO - 26/04/12 04:38:39 INFO MapPartitionsRDD: Removing RDD 12 from persistence list
[2026-04-12T04:38:39.383+0000] {subprocess.py:106} INFO - 26/04/12 04:38:39 INFO BlockManager: Removing RDD 12
[2026-04-12T04:38:39.406+0000] {subprocess.py:106} INFO - 26/04/12 04:38:39 ERROR MicroBatchExecution: Query [id = 46e5ad83-a953-440f-bb1b-14366f27bcb7, runId = af0e0869-51a6-4e03-91e4-64ee81cdb5bf] terminated with error
[2026-04-12T04:38:39.406+0000] {subprocess.py:106} INFO - org.apache.spark.SparkException: [CONCURRENT_STREAM_LOG_UPDATE] Concurrent update to the log. Multiple streaming jobs detected for 1.
[2026-04-12T04:38:39.407+0000] {subprocess.py:106} INFO - Please make sure only one streaming job runs on a specific checkpoint location at a time. SQLSTATE: 40000
[2026-04-12T04:38:39.407+0000] {subprocess.py:106} INFO - 	at org.apache.spark.sql.errors.QueryExecutionErrors$.concurrentStreamLogUpdate(QueryExecutionErrors.scala:1227)
[2026-04-12T04:38:39.408+0000] {subprocess.py:106} INFO - 	at org.apache.spark.sql.execution.streaming.MicroBatchExecution.$anonfun$markMicroBatchEnd$1(MicroBatchExecution.scala:997)
[2026-04-12T04:38:39.408+0000] {subprocess.py:106} INFO - 	at scala.runtime.java8.JFunction0$mcV$sp.apply(JFunction0$mcV$sp.scala:18)
[2026-04-12T04:38:39.409+0000] {subprocess.py:106} INFO - 	at org.apache.spark.sql.execution.streaming.ProgressContext.reportTimeTaken(ProgressReporter.scala:186)
[2026-04-12T04:38:39.409+0000] {subprocess.py:106} INFO - 	at org.apache.spark.sql.execution.streaming.MicroBatchExecution.markMicroBatchEnd(MicroBatchExecution.scala:988)
[2026-04-12T04:38:39.410+0000] {subprocess.py:106} INFO - 	at org.apache.spark.sql.execution.streaming.MicroBatchExecution.$anonfun$runBatch$19(MicroBatchExecution.scala:909)
[2026-04-12T04:38:39.410+0000] {subprocess.py:106} INFO - 	at scala.runtime.java8.JFunction0$mcV$sp.apply(JFunction0$mcV$sp.scala:18)
[2026-04-12T04:38:39.411+0000] {subprocess.py:106} INFO - 	at org.apache.spark.sql.execution.streaming.MicroBatchExecution.withProgressLocked(MicroBatchExecution.scala:1021)
[2026-04-12T04:38:39.411+0000] {subprocess.py:106} INFO - 	at org.apache.spark.sql.execution.streaming.MicroBatchExecution.runBatch(MicroBatchExecution.scala:907)
[2026-04-12T04:38:39.412+0000] {subprocess.py:106} INFO - 	at org.apache.spark.sql.execution.streaming.MicroBatchExecution.$anonfun$executeOneBatch$2(MicroBatchExecution.scala:394)
[2026-04-12T04:38:39.412+0000] {subprocess.py:106} INFO - 	at scala.runtime.java8.JFunction0$mcV$sp.apply(JFunction0$mcV$sp.scala:18)
[2026-04-12T04:38:39.413+0000] {subprocess.py:106} INFO - 	at org.apache.spark.sql.execution.streaming.ProgressContext.reportTimeTaken(ProgressReporter.scala:186)
[2026-04-12T04:38:39.413+0000] {subprocess.py:106} INFO - 	at org.apache.spark.sql.execution.streaming.MicroBatchExecution.executeOneBatch(MicroBatchExecution.scala:364)
[2026-04-12T04:38:39.414+0000] {subprocess.py:106} INFO - 	at org.apache.spark.sql.execution.streaming.MicroBatchExecution.$anonfun$runActivatedStream$1(MicroBatchExecution.scala:344)
[2026-04-12T04:38:39.414+0000] {subprocess.py:106} INFO - 	at org.apache.spark.sql.execution.streaming.MicroBatchExecution.$anonfun$runActivatedStream$1$adapted(MicroBatchExecution.scala:344)
[2026-04-12T04:38:39.415+0000] {subprocess.py:106} INFO - 	at org.apache.spark.sql.execution.streaming.TriggerExecutor.runOneBatch(TriggerExecutor.scala:39)
[2026-04-12T04:38:39.415+0000] {subprocess.py:106} INFO - 	at org.apache.spark.sql.execution.streaming.TriggerExecutor.runOneBatch$(TriggerExecutor.scala:37)
[2026-04-12T04:38:39.415+0000] {subprocess.py:106} INFO - 	at org.apache.spark.sql.execution.streaming.ProcessingTimeExecutor.runOneBatch(TriggerExecutor.scala:70)
[2026-04-12T04:38:39.416+0000] {subprocess.py:106} INFO - 	at org.apache.spark.sql.execution.streaming.ProcessingTimeExecutor.execute(TriggerExecutor.scala:82)
[2026-04-12T04:38:39.416+0000] {subprocess.py:106} INFO - 	at org.apache.spark.sql.execution.streaming.MicroBatchExecution.runActivatedStream(MicroBatchExecution.scala:344)
[2026-04-12T04:38:39.417+0000] {subprocess.py:106} INFO - 	at org.apache.spark.sql.execution.streaming.StreamExecution.$anonfun$runStream$1(StreamExecution.scala:337)
[2026-04-12T04:38:39.418+0000] {subprocess.py:106} INFO - 	at scala.runtime.java8.JFunction0$mcV$sp.apply(JFunction0$mcV$sp.scala:18)
[2026-04-12T04:38:39.418+0000] {subprocess.py:106} INFO - 	at org.apache.spark.sql.SparkSession.withActive(SparkSession.scala:804)
[2026-04-12T04:38:39.419+0000] {subprocess.py:106} INFO - 	at org.apache.spark.sql.execution.streaming.StreamExecution.org$apache$spark$sql$execution$streaming$StreamExecution$$runStream(StreamExecution.scala:311)
[2026-04-12T04:38:39.419+0000] {subprocess.py:106} INFO - 	at org.apache.spark.sql.execution.streaming.StreamExecution$$anon$1.run(StreamExecution.scala:226)
[2026-04-12T04:38:39.420+0000] {subprocess.py:106} INFO - 26/04/12 04:38:39 INFO MicroBatchExecution: Async log purge executor pool for query [id = 46e5ad83-a953-440f-bb1b-14366f27bcb7, runId = af0e0869-51a6-4e03-91e4-64ee81cdb5bf] has been shutdown
[2026-04-12T04:38:39.584+0000] {subprocess.py:106} INFO - Traceback (most recent call last):
[2026-04-12T04:38:39.584+0000] {subprocess.py:106} INFO -   File "/home/spark/spark/spark_jobs/weather_streaming.py", line 150, in <module>
[2026-04-12T04:38:39.608+0000] {subprocess.py:106} INFO -     query.awaitTermination()
[2026-04-12T04:38:39.609+0000] {subprocess.py:106} INFO -   File "/home/spark/spark/python/lib/pyspark.zip/pyspark/sql/streaming/query.py", line 225, in awaitTermination
[2026-04-12T04:38:39.609+0000] {subprocess.py:106} INFO -   File "/home/spark/spark/python/lib/py4j-0.10.9.9-src.zip/py4j/java_gateway.py", line 1362, in __call__
[2026-04-12T04:38:39.610+0000] {subprocess.py:106} INFO -   File "/home/spark/spark/python/lib/pyspark.zip/pyspark/errors/exceptions/captured.py", line 288, in deco
[2026-04-12T04:38:39.617+0000] {subprocess.py:106} INFO - pyspark.errors.exceptions.captured.StreamingQueryException: [STREAM_FAILED] Query [id = 46e5ad83-a953-440f-bb1b-14366f27bcb7, runId = af0e0869-51a6-4e03-91e4-64ee81cdb5bf] terminated with exception: [CONCURRENT_STREAM_LOG_UPDATE] Concurrent update to the log. Multiple streaming jobs detected for 1.
[2026-04-12T04:38:39.617+0000] {subprocess.py:106} INFO - Please make sure only one streaming job runs on a specific checkpoint location at a time. SQLSTATE: 40000 SQLSTATE: XXKST
[2026-04-12T04:38:39.618+0000] {subprocess.py:106} INFO - === Streaming Query ===
[2026-04-12T04:38:39.618+0000] {subprocess.py:106} INFO - Identifier: [id = 46e5ad83-a953-440f-bb1b-14366f27bcb7, runId = af0e0869-51a6-4e03-91e4-64ee81cdb5bf]
[2026-04-12T04:38:39.618+0000] {subprocess.py:106} INFO - Current Committed Offsets: {KafkaV2[Subscribe[weather-topic]]: {"weather-topic":{"0":11,"1":16,"2":13}}}
[2026-04-12T04:38:39.619+0000] {subprocess.py:106} INFO - Current Available Offsets: {KafkaV2[Subscribe[weather-topic]]: {"weather-topic":{"0":15,"1":23,"2":22}}}
[2026-04-12T04:38:39.619+0000] {subprocess.py:106} INFO - 
[2026-04-12T04:38:39.619+0000] {subprocess.py:106} INFO - Current State: ACTIVE
[2026-04-12T04:38:39.620+0000] {subprocess.py:106} INFO - Thread State: RUNNABLE
[2026-04-12T04:38:39.620+0000] {subprocess.py:106} INFO - 
[2026-04-12T04:38:39.621+0000] {subprocess.py:106} INFO - Logical Plan:
[2026-04-12T04:38:39.621+0000] {subprocess.py:106} INFO - ~WriteToMicroBatchDataSourceV1 ForeachBatchSink, 46e5ad83-a953-440f-bb1b-14366f27bcb7, [checkpointLocation=hdfs://23133083thuyvan-master:9000/user/hive/checkpoints/air_quality_realtime], Append
[2026-04-12T04:38:39.621+0000] {subprocess.py:106} INFO - +- ~Project [timestamp#40, location#17, latitude#18, longitude#19, timezone#20, temperature_2m#21, relative_humidity_2m#22, apparent_temperature#23, precipitation#24, cloud_cover#25, wind_speed_10m#26, wind_direction_10m#27, wind_gusts_10m#28, uv_index#29, weather_code#30, european_aqi#31, us_aqi#32, pm10#33, pm2_5#34, carbon_monoxide#35, nitrogen_dioxide#36, sulphur_dioxide#37, ozone#38, processing_time#39, open-meteo AS data_source#41]
[2026-04-12T04:38:39.622+0000] {subprocess.py:106} INFO -    +- ~Project [to_timestamp(timestamp#16, None, TimestampType, Some(GMT), true) AS timestamp#40, location#17, latitude#18, longitude#19, timezone#20, temperature_2m#21, relative_humidity_2m#22, apparent_temperature#23, precipitation#24, cloud_cover#25, wind_speed_10m#26, wind_direction_10m#27, wind_gusts_10m#28, uv_index#29, weather_code#30, european_aqi#31, us_aqi#32, pm10#33, pm2_5#34, carbon_monoxide#35, nitrogen_dioxide#36, sulphur_dioxide#37, ozone#38, processing_time#39]
[2026-04-12T04:38:39.622+0000] {subprocess.py:106} INFO -       +- ~Project [timestamp#16, location#17, latitude#18, longitude#19, timezone#20, temperature_2m#21, relative_humidity_2m#22, apparent_temperature#23, precipitation#24, cloud_cover#25, wind_speed_10m#26, wind_direction_10m#27, wind_gusts_10m#28, uv_index#29, weather_code#30, european_aqi#31, us_aqi#32, pm10#33, pm2_5#34, carbon_monoxide#35, nitrogen_dioxide#36, sulphur_dioxide#37, ozone#38, current_timestamp() AS processing_time#39]
[2026-04-12T04:38:39.622+0000] {subprocess.py:106} INFO -          +- ~Project [data#15.timestamp AS timestamp#16, data#15.location AS location#17, data#15.latitude AS latitude#18, data#15.longitude AS longitude#19, data#15.timezone AS timezone#20, data#15.temperature_2m AS temperature_2m#21, data#15.relative_humidity_2m AS relative_humidity_2m#22, data#15.apparent_temperature AS apparent_temperature#23, data#15.precipitation AS precipitation#24, data#15.cloud_cover AS cloud_cover#25, data#15.wind_speed_10m AS wind_speed_10m#26, data#15.wind_direction_10m AS wind_direction_10m#27, data#15.wind_gusts_10m AS wind_gusts_10m#28, data#15.uv_index AS uv_index#29, data#15.weather_code AS weather_code#30, data#15.european_aqi AS european_aqi#31, data#15.us_aqi AS us_aqi#32, data#15.pm10 AS pm10#33, data#15.pm2_5 AS pm2_5#34, data#15.carbon_monoxide AS carbon_monoxide#35, data#15.nitrogen_dioxide AS nitrogen_dioxide#36, data#15.sulphur_dioxide AS sulphur_dioxide#37, data#15.ozone AS ozone#38]
[2026-04-12T04:38:39.623+0000] {subprocess.py:106} INFO -             +- ~Project [from_json(StructField(timestamp,StringType,true), StructField(location,StringType,true), StructField(latitude,DoubleType,true), StructField(longitude,DoubleType,true), StructField(timezone,StringType,true), StructField(temperature_2m,DoubleType,true), StructField(relative_humidity_2m,DoubleType,true), StructField(apparent_temperature,DoubleType,true), StructField(precipitation,DoubleType,true), StructField(cloud_cover,DoubleType,true), StructField(wind_speed_10m,DoubleType,true), StructField(wind_direction_10m,DoubleType,true), StructField(wind_gusts_10m,DoubleType,true), StructField(uv_index,DoubleType,true), StructField(weather_code,IntegerType,true), StructField(european_aqi,IntegerType,true), StructField(us_aqi,IntegerType,true), StructField(pm10,DoubleType,true), StructField(pm2_5,DoubleType,true), StructField(carbon_monoxide,DoubleType,true), StructField(nitrogen_dioxide,DoubleType,true), StructField(sulphur_dioxide,DoubleType,true), StructField(ozone,DoubleType,true), json#14, Some(GMT), ... 1 more fields) AS data#15]
[2026-04-12T04:38:39.623+0000] {subprocess.py:106} INFO -                +- ~Project [cast(value#8 as string) AS json#14]
[2026-04-12T04:38:39.624+0000] {subprocess.py:106} INFO -                   +- ~StreamingDataSourceV2ScanRelation[key#7, value#8, topic#9, partition#10, offset#11L, timestamp#12, timestampType#13] KafkaTable
[2026-04-12T04:38:39.624+0000] {subprocess.py:106} INFO - 
[2026-04-12T04:38:39.745+0000] {subprocess.py:106} INFO - 26/04/12 04:38:39 INFO ConsumerCoordinator: [Consumer clientId=consumer-spark-kafka-source-cd2e18b9-6306-40a5-a12b-03e2d8318c10--983882313-executor-1, groupId=spark-kafka-source-cd2e18b9-6306-40a5-a12b-03e2d8318c10--983882313-executor] Resetting generation and member id due to: consumer pro-actively leaving the group
[2026-04-12T04:38:39.746+0000] {subprocess.py:106} INFO - 26/04/12 04:38:39 INFO ConsumerCoordinator: [Consumer clientId=consumer-spark-kafka-source-cd2e18b9-6306-40a5-a12b-03e2d8318c10--983882313-executor-1, groupId=spark-kafka-source-cd2e18b9-6306-40a5-a12b-03e2d8318c10--983882313-executor] Request joining group due to: consumer pro-actively leaving the group
[2026-04-12T04:38:39.752+0000] {subprocess.py:106} INFO - 26/04/12 04:38:39 INFO Metrics: Metrics scheduler closed
[2026-04-12T04:38:39.753+0000] {subprocess.py:106} INFO - 26/04/12 04:38:39 INFO Metrics: Closing reporter org.apache.kafka.common.metrics.JmxReporter
[2026-04-12T04:38:39.754+0000] {subprocess.py:106} INFO - 26/04/12 04:38:39 INFO Metrics: Closing reporter org.apache.kafka.common.telemetry.internals.ClientTelemetryReporter
[2026-04-12T04:38:39.754+0000] {subprocess.py:106} INFO - 26/04/12 04:38:39 INFO Metrics: Metrics reporters closed
[2026-04-12T04:38:39.759+0000] {subprocess.py:106} INFO - 26/04/12 04:38:39 INFO AppInfoParser: App info kafka.consumer for consumer-spark-kafka-source-cd2e18b9-6306-40a5-a12b-03e2d8318c10--983882313-executor-1 unregistered
[2026-04-12T04:38:39.760+0000] {subprocess.py:106} INFO - 26/04/12 04:38:39 INFO ConsumerCoordinator: [Consumer clientId=consumer-spark-kafka-source-cd2e18b9-6306-40a5-a12b-03e2d8318c10--983882313-executor-3, groupId=spark-kafka-source-cd2e18b9-6306-40a5-a12b-03e2d8318c10--983882313-executor] Resetting generation and member id due to: consumer pro-actively leaving the group
[2026-04-12T04:38:39.761+0000] {subprocess.py:106} INFO - 26/04/12 04:38:39 INFO ConsumerCoordinator: [Consumer clientId=consumer-spark-kafka-source-cd2e18b9-6306-40a5-a12b-03e2d8318c10--983882313-executor-3, groupId=spark-kafka-source-cd2e18b9-6306-40a5-a12b-03e2d8318c10--983882313-executor] Request joining group due to: consumer pro-actively leaving the group
[2026-04-12T04:38:39.762+0000] {subprocess.py:106} INFO - 26/04/12 04:38:39 INFO Metrics: Metrics scheduler closed
[2026-04-12T04:38:39.763+0000] {subprocess.py:106} INFO - 26/04/12 04:38:39 INFO Metrics: Closing reporter org.apache.kafka.common.metrics.JmxReporter
[2026-04-12T04:38:39.763+0000] {subprocess.py:106} INFO - 26/04/12 04:38:39 INFO Metrics: Closing reporter org.apache.kafka.common.telemetry.internals.ClientTelemetryReporter
[2026-04-12T04:38:39.764+0000] {subprocess.py:106} INFO - 26/04/12 04:38:39 INFO Metrics: Metrics reporters closed
[2026-04-12T04:38:39.766+0000] {subprocess.py:106} INFO - 26/04/12 04:38:39 INFO AppInfoParser: App info kafka.consumer for consumer-spark-kafka-source-cd2e18b9-6306-40a5-a12b-03e2d8318c10--983882313-executor-3 unregistered
[2026-04-12T04:38:39.775+0000] {subprocess.py:106} INFO - 26/04/12 04:38:39 INFO ConsumerCoordinator: [Consumer clientId=consumer-spark-kafka-source-cd2e18b9-6306-40a5-a12b-03e2d8318c10--983882313-executor-2, groupId=spark-kafka-source-cd2e18b9-6306-40a5-a12b-03e2d8318c10--983882313-executor] Resetting generation and member id due to: consumer pro-actively leaving the group
[2026-04-12T04:38:39.776+0000] {subprocess.py:106} INFO - 26/04/12 04:38:39 INFO ConsumerCoordinator: [Consumer clientId=consumer-spark-kafka-source-cd2e18b9-6306-40a5-a12b-03e2d8318c10--983882313-executor-2, groupId=spark-kafka-source-cd2e18b9-6306-40a5-a12b-03e2d8318c10--983882313-executor] Request joining group due to: consumer pro-actively leaving the group
[2026-04-12T04:38:39.776+0000] {subprocess.py:106} INFO - 26/04/12 04:38:39 INFO Metrics: Metrics scheduler closed
[2026-04-12T04:38:39.777+0000] {subprocess.py:106} INFO - 26/04/12 04:38:39 INFO Metrics: Closing reporter org.apache.kafka.common.metrics.JmxReporter
[2026-04-12T04:38:39.777+0000] {subprocess.py:106} INFO - 26/04/12 04:38:39 INFO Metrics: Closing reporter org.apache.kafka.common.telemetry.internals.ClientTelemetryReporter
[2026-04-12T04:38:39.778+0000] {subprocess.py:106} INFO - 26/04/12 04:38:39 INFO Metrics: Metrics reporters closed
[2026-04-12T04:38:39.778+0000] {subprocess.py:106} INFO - 26/04/12 04:38:39 INFO AppInfoParser: App info kafka.consumer for consumer-spark-kafka-source-cd2e18b9-6306-40a5-a12b-03e2d8318c10--983882313-executor-2 unregistered
[2026-04-12T04:38:39.779+0000] {subprocess.py:106} INFO - 26/04/12 04:38:39 INFO SparkContext: Invoking stop() from shutdown hook
[2026-04-12T04:38:39.779+0000] {subprocess.py:106} INFO - 26/04/12 04:38:39 INFO SparkContext: SparkContext is stopping with exitCode 0 from run at Executors.java:572.
[2026-04-12T04:38:39.914+0000] {subprocess.py:106} INFO - 26/04/12 04:38:39 INFO SparkUI: Stopped Spark web UI at http://spark-master:4041
[2026-04-12T04:38:39.974+0000] {subprocess.py:106} INFO - 26/04/12 04:38:39 INFO MapOutputTrackerMasterEndpoint: MapOutputTrackerMasterEndpoint stopped!
[2026-04-12T04:38:40.106+0000] {subprocess.py:106} INFO - 26/04/12 04:38:40 INFO MemoryStore: MemoryStore cleared
[2026-04-12T04:38:40.106+0000] {subprocess.py:106} INFO - 26/04/12 04:38:40 INFO BlockManager: BlockManager stopped
[2026-04-12T04:38:40.136+0000] {subprocess.py:106} INFO - 26/04/12 04:38:40 INFO BlockManagerMaster: BlockManagerMaster stopped
[2026-04-12T04:38:40.138+0000] {subprocess.py:106} INFO - 26/04/12 04:38:40 INFO OutputCommitCoordinator$OutputCommitCoordinatorEndpoint: OutputCommitCoordinator stopped!
[2026-04-12T04:38:40.149+0000] {subprocess.py:106} INFO - 26/04/12 04:38:40 INFO SparkContext: Successfully stopped SparkContext
[2026-04-12T04:38:40.149+0000] {subprocess.py:106} INFO - 26/04/12 04:38:40 INFO ShutdownHookManager: Shutdown hook called
[2026-04-12T04:38:40.150+0000] {subprocess.py:106} INFO - 26/04/12 04:38:40 INFO ShutdownHookManager: Deleting directory /tmp/spark-bd83185b-6f28-4c9b-a9ee-27daa7df466f
[2026-04-12T04:38:40.153+0000] {subprocess.py:106} INFO - 26/04/12 04:38:40 INFO ShutdownHookManager: Deleting directory /tmp/artifacts-a8f21fb2-2bb0-45e3-9708-4989012a1b0b
[2026-04-12T04:38:40.157+0000] {subprocess.py:106} INFO - 26/04/12 04:38:40 INFO ShutdownHookManager: Deleting directory /tmp/spark-30c91f6c-a9b7-4eec-b32a-21c8b4942486/pyspark-bdfee7ed-bb82-42dd-bc01-aa7bb70167d4
[2026-04-12T04:38:40.160+0000] {subprocess.py:106} INFO - 26/04/12 04:38:40 INFO ShutdownHookManager: Deleting directory /tmp/spark-30c91f6c-a9b7-4eec-b32a-21c8b4942486
[2026-04-12T04:38:40.479+0000] {subprocess.py:110} INFO - Command exited with return code 1
[2026-04-12T04:38:40.525+0000] {taskinstance.py:3311} ERROR - Task failed with exception
Traceback (most recent call last):
  File "/home/airflow/airflow/venv/lib/python3.12/site-packages/airflow/models/taskinstance.py", line 767, in _execute_task
    result = _execute_callable(context=context, **execute_callable_kwargs)
             ^^^^^^^^^^^^^^^^^^^^^^^^^^^^^^^^^^^^^^^^^^^^^^^^^^^^^^^^^^^^^
  File "/home/airflow/airflow/venv/lib/python3.12/site-packages/airflow/models/taskinstance.py", line 733, in _execute_callable
    return ExecutionCallableRunner(
           ^^^^^^^^^^^^^^^^^^^^^^^^
  File "/home/airflow/airflow/venv/lib/python3.12/site-packages/airflow/utils/operator_helpers.py", line 252, in run
    return self.func(*args, **kwargs)
           ^^^^^^^^^^^^^^^^^^^^^^^^^^
  File "/home/airflow/airflow/venv/lib/python3.12/site-packages/airflow/models/baseoperator.py", line 422, in wrapper
    return func(self, *args, **kwargs)
           ^^^^^^^^^^^^^^^^^^^^^^^^^^^
  File "/home/airflow/airflow/venv/lib/python3.12/site-packages/airflow/operators/bash.py", line 276, in execute
    raise AirflowException(
airflow.exceptions.AirflowException: Bash command failed. The command returned a non-zero exit code 1.
[2026-04-12T04:38:40.543+0000] {taskinstance.py:1225} INFO - Marking task as FAILED. dag_id=weather_real_time_pipeline_v2, task_id=start_spark_streaming_job, run_id=scheduled__2026-04-12T04:32:00+00:00, execution_date=20260412T043200, start_date=20260412T043806, end_date=20260412T043840
[2026-04-12T04:38:40.668+0000] {taskinstance.py:340} INFO - ::group::Post task execution logs
[2026-04-12T04:38:40.688+0000] {standard_task_runner.py:124} ERROR - Failed to execute job 247 for task start_spark_streaming_job (Bash command failed. The command returned a non-zero exit code 1.; 47346)
Traceback (most recent call last):
  File "/home/airflow/airflow/venv/lib/python3.12/site-packages/airflow/task/task_runner/standard_task_runner.py", line 117, in _start_by_fork
    ret = args.func(args, dag=self.dag)
          ^^^^^^^^^^^^^^^^^^^^^^^^^^^^^
  File "/home/airflow/airflow/venv/lib/python3.12/site-packages/airflow/cli/cli_config.py", line 49, in command
    return func(*args, **kwargs)
           ^^^^^^^^^^^^^^^^^^^^^
  File "/home/airflow/airflow/venv/lib/python3.12/site-packages/airflow/utils/cli.py", line 116, in wrapper
    return f(*args, **kwargs)
           ^^^^^^^^^^^^^^^^^^
  File "/home/airflow/airflow/venv/lib/python3.12/site-packages/airflow/cli/commands/task_command.py", line 483, in task_run
    task_return_code = _run_task_by_selected_method(args, _dag, ti)
                       ^^^^^^^^^^^^^^^^^^^^^^^^^^^^^^^^^^^^^^^^^^^^
  File "/home/airflow/airflow/venv/lib/python3.12/site-packages/airflow/cli/commands/task_command.py", line 256, in _run_task_by_selected_method
    return _run_raw_task(args, ti)
           ^^^^^^^^^^^^^^^^^^^^^^^
  File "/home/airflow/airflow/venv/lib/python3.12/site-packages/airflow/cli/commands/task_command.py", line 341, in _run_raw_task
    return ti._run_raw_task(
           ^^^^^^^^^^^^^^^^^
  File "/home/airflow/airflow/venv/lib/python3.12/site-packages/airflow/utils/session.py", line 97, in wrapper
    return func(*args, session=session, **kwargs)
           ^^^^^^^^^^^^^^^^^^^^^^^^^^^^^^^^^^^^^^
  File "/home/airflow/airflow/venv/lib/python3.12/site-packages/airflow/models/taskinstance.py", line 3005, in _run_raw_task
    return _run_raw_task(
           ^^^^^^^^^^^^^^
  File "/home/airflow/airflow/venv/lib/python3.12/site-packages/airflow/models/taskinstance.py", line 273, in _run_raw_task
    TaskInstance._execute_task_with_callbacks(
  File "/home/airflow/airflow/venv/lib/python3.12/site-packages/airflow/models/taskinstance.py", line 3159, in _execute_task_with_callbacks
    result = self._execute_task(context, task_orig)
             ^^^^^^^^^^^^^^^^^^^^^^^^^^^^^^^^^^^^^^
  File "/home/airflow/airflow/venv/lib/python3.12/site-packages/airflow/models/taskinstance.py", line 3183, in _execute_task
    return _execute_task(self, context, task_orig)
           ^^^^^^^^^^^^^^^^^^^^^^^^^^^^^^^^^^^^^^^
  File "/home/airflow/airflow/venv/lib/python3.12/site-packages/airflow/models/taskinstance.py", line 767, in _execute_task
    result = _execute_callable(context=context, **execute_callable_kwargs)
             ^^^^^^^^^^^^^^^^^^^^^^^^^^^^^^^^^^^^^^^^^^^^^^^^^^^^^^^^^^^^^
  File "/home/airflow/airflow/venv/lib/python3.12/site-packages/airflow/models/taskinstance.py", line 733, in _execute_callable
    return ExecutionCallableRunner(
           ^^^^^^^^^^^^^^^^^^^^^^^^
  File "/home/airflow/airflow/venv/lib/python3.12/site-packages/airflow/utils/operator_helpers.py", line 252, in run
    return self.func(*args, **kwargs)
           ^^^^^^^^^^^^^^^^^^^^^^^^^^
  File "/home/airflow/airflow/venv/lib/python3.12/site-packages/airflow/models/baseoperator.py", line 422, in wrapper
    return func(self, *args, **kwargs)
           ^^^^^^^^^^^^^^^^^^^^^^^^^^^
  File "/home/airflow/airflow/venv/lib/python3.12/site-packages/airflow/operators/bash.py", line 276, in execute
    raise AirflowException(
airflow.exceptions.AirflowException: Bash command failed. The command returned a non-zero exit code 1.
[2026-04-12T04:38:40.798+0000] {local_task_job_runner.py:266} INFO - Task exited with return code 1
[2026-04-12T04:38:40.821+0000] {taskinstance.py:3895} INFO - 0 downstream tasks scheduled from follow-on schedule check
[2026-04-12T04:38:40.888+0000] {local_task_job_runner.py:245} INFO - ::endgroup::
