[2026-04-12T04:34:01.758+0000] {local_task_job_runner.py:123} INFO - ::group::Pre task execution logs
[2026-04-12T04:34:01.795+0000] {taskinstance.py:2613} INFO - Dependencies all met for dep_context=non-requeueable deps ti=<TaskInstance: weather_real_time_pipeline_v2.start_spark_streaming_job scheduled__2026-04-12T04:32:00+00:00 [queued]>
[2026-04-12T04:34:01.814+0000] {taskinstance.py:2613} INFO - Dependencies all met for dep_context=requeueable deps ti=<TaskInstance: weather_real_time_pipeline_v2.start_spark_streaming_job scheduled__2026-04-12T04:32:00+00:00 [queued]>
[2026-04-12T04:34:01.814+0000] {taskinstance.py:2866} INFO - Starting attempt 1 of 4
[2026-04-12T04:34:01.843+0000] {taskinstance.py:2889} INFO - Executing <Task(BashOperator): start_spark_streaming_job> on 2026-04-12 04:32:00+00:00
[2026-04-12T04:34:01.861+0000] {standard_task_runner.py:104} INFO - Running: ['airflow', 'tasks', 'run', 'weather_real_time_pipeline_v2', 'start_spark_streaming_job', 'scheduled__2026-04-12T04:32:00+00:00', '--job-id', '237', '--raw', '--subdir', 'DAGS_FOLDER/weather_pipeline_dag.py', '--cfg-path', '/tmp/tmp8d6r4tgq']
[2026-04-12T04:34:01.863+0000] {standard_task_runner.py:105} INFO - Job 237: Subtask start_spark_streaming_job
[2026-04-12T04:34:01.873+0000] {logging_mixin.py:190} WARNING - /home/airflow/airflow/venv/lib/python3.12/site-packages/airflow/task/task_runner/standard_task_runner.py:70 DeprecationWarning: This process (pid=36142) is multi-threaded, use of fork() may lead to deadlocks in the child.
[2026-04-12T04:34:01.880+0000] {standard_task_runner.py:72} INFO - Started process 36161 to run task
[2026-04-12T04:34:02.007+0000] {task_command.py:467} INFO - Running <TaskInstance: weather_real_time_pipeline_v2.start_spark_streaming_job scheduled__2026-04-12T04:32:00+00:00 [running]> on host airflow
[2026-04-12T04:34:02.139+0000] {taskinstance.py:3132} INFO - Exporting env vars: AIRFLOW_CTX_DAG_OWNER='airflow' AIRFLOW_CTX_DAG_ID='weather_real_time_pipeline_v2' AIRFLOW_CTX_TASK_ID='start_spark_streaming_job' AIRFLOW_CTX_EXECUTION_DATE='2026-04-12T04:32:00+00:00' AIRFLOW_CTX_TRY_NUMBER='1' AIRFLOW_CTX_DAG_RUN_ID='scheduled__2026-04-12T04:32:00+00:00'
[2026-04-12T04:34:02.140+0000] {taskinstance.py:731} INFO - ::endgroup::
[2026-04-12T04:34:02.154+0000] {subprocess.py:78} INFO - Tmp dir root location: /tmp
[2026-04-12T04:34:02.156+0000] {subprocess.py:88} INFO - Running command: ['/usr/bin/bash', '-c', 'docker exec spark-master spark-submit                 --packages org.apache.spark:spark-sql-kafka-0-10_2.13:4.0.0,org.apache.iceberg:iceberg-spark-runtime-4.0_2.13:1.10.1                 /home/spark/spark/spark_jobs/weather_streaming.py']
[2026-04-12T04:34:02.166+0000] {subprocess.py:99} INFO - Output:
[2026-04-12T04:34:02.909+0000] {subprocess.py:106} INFO - WARNING: Using incubator modules: jdk.incubator.vector
[2026-04-12T04:34:04.730+0000] {subprocess.py:106} INFO - :: loading settings :: url = jar:file:/home/spark/spark/jars/ivy-2.5.3.jar!/org/apache/ivy/core/settings/ivysettings.xml
[2026-04-12T04:34:04.859+0000] {subprocess.py:106} INFO - Ivy Default Cache set to: /home/spark/.ivy2.5.2/cache
[2026-04-12T04:34:04.860+0000] {subprocess.py:106} INFO - The jars for the packages stored in: /home/spark/.ivy2.5.2/jars
[2026-04-12T04:34:04.869+0000] {subprocess.py:106} INFO - org.apache.spark#spark-sql-kafka-0-10_2.13 added as a dependency
[2026-04-12T04:34:04.876+0000] {subprocess.py:106} INFO - org.apache.iceberg#iceberg-spark-runtime-4.0_2.13 added as a dependency
[2026-04-12T04:34:04.883+0000] {subprocess.py:106} INFO - :: resolving dependencies :: org.apache.spark#spark-submit-parent-c922993e-7c9c-40fc-8f04-7b8c77292fc1;1.0
[2026-04-12T04:34:04.884+0000] {subprocess.py:106} INFO - 	confs: [default]
[2026-04-12T04:34:05.175+0000] {subprocess.py:106} INFO - 	found org.apache.spark#spark-sql-kafka-0-10_2.13;4.0.0 in central
[2026-04-12T04:34:05.253+0000] {subprocess.py:106} INFO - 	found org.apache.spark#spark-token-provider-kafka-0-10_2.13;4.0.0 in central
[2026-04-12T04:34:05.292+0000] {subprocess.py:106} INFO - 	found org.apache.kafka#kafka-clients;3.9.0 in central
[2026-04-12T04:34:05.322+0000] {subprocess.py:106} INFO - 	found org.lz4#lz4-java;1.8.0 in central
[2026-04-12T04:34:05.347+0000] {subprocess.py:106} INFO - 	found org.xerial.snappy#snappy-java;1.1.10.7 in central
[2026-04-12T04:34:05.375+0000] {subprocess.py:106} INFO - 	found org.slf4j#slf4j-api;2.0.16 in central
[2026-04-12T04:34:05.406+0000] {subprocess.py:106} INFO - 	found org.apache.hadoop#hadoop-client-runtime;3.4.1 in central
[2026-04-12T04:34:05.445+0000] {subprocess.py:106} INFO - 	found org.apache.hadoop#hadoop-client-api;3.4.1 in central
[2026-04-12T04:34:05.479+0000] {subprocess.py:106} INFO - 	found com.google.code.findbugs#jsr305;3.0.0 in central
[2026-04-12T04:34:05.502+0000] {subprocess.py:106} INFO - 	found org.scala-lang.modules#scala-parallel-collections_2.13;1.2.0 in central
[2026-04-12T04:34:05.537+0000] {subprocess.py:106} INFO - 	found org.apache.commons#commons-pool2;2.12.0 in central
[2026-04-12T04:34:05.560+0000] {subprocess.py:106} INFO - 	found org.apache.iceberg#iceberg-spark-runtime-4.0_2.13;1.10.1 in central
[2026-04-12T04:34:05.601+0000] {subprocess.py:106} INFO - :: resolution report :: resolve 696ms :: artifacts dl 22ms
[2026-04-12T04:34:05.602+0000] {subprocess.py:106} INFO - 	:: modules in use:
[2026-04-12T04:34:05.603+0000] {subprocess.py:106} INFO - 	com.google.code.findbugs#jsr305;3.0.0 from central in [default]
[2026-04-12T04:34:05.603+0000] {subprocess.py:106} INFO - 	org.apache.commons#commons-pool2;2.12.0 from central in [default]
[2026-04-12T04:34:05.604+0000] {subprocess.py:106} INFO - 	org.apache.hadoop#hadoop-client-api;3.4.1 from central in [default]
[2026-04-12T04:34:05.604+0000] {subprocess.py:106} INFO - 	org.apache.hadoop#hadoop-client-runtime;3.4.1 from central in [default]
[2026-04-12T04:34:05.605+0000] {subprocess.py:106} INFO - 	org.apache.iceberg#iceberg-spark-runtime-4.0_2.13;1.10.1 from central in [default]
[2026-04-12T04:34:05.606+0000] {subprocess.py:106} INFO - 	org.apache.kafka#kafka-clients;3.9.0 from central in [default]
[2026-04-12T04:34:05.606+0000] {subprocess.py:106} INFO - 	org.apache.spark#spark-sql-kafka-0-10_2.13;4.0.0 from central in [default]
[2026-04-12T04:34:05.607+0000] {subprocess.py:106} INFO - 	org.apache.spark#spark-token-provider-kafka-0-10_2.13;4.0.0 from central in [default]
[2026-04-12T04:34:05.608+0000] {subprocess.py:106} INFO - 	org.lz4#lz4-java;1.8.0 from central in [default]
[2026-04-12T04:34:05.609+0000] {subprocess.py:106} INFO - 	org.scala-lang.modules#scala-parallel-collections_2.13;1.2.0 from central in [default]
[2026-04-12T04:34:05.609+0000] {subprocess.py:106} INFO - 	org.slf4j#slf4j-api;2.0.16 from central in [default]
[2026-04-12T04:34:05.610+0000] {subprocess.py:106} INFO - 	org.xerial.snappy#snappy-java;1.1.10.7 from central in [default]
[2026-04-12T04:34:05.611+0000] {subprocess.py:106} INFO - 	---------------------------------------------------------------------
[2026-04-12T04:34:05.611+0000] {subprocess.py:106} INFO - 	|                  |            modules            ||   artifacts   |
[2026-04-12T04:34:05.612+0000] {subprocess.py:106} INFO - 	|       conf       | number| search|dwnlded|evicted|| number|dwnlded|
[2026-04-12T04:34:05.613+0000] {subprocess.py:106} INFO - 	---------------------------------------------------------------------
[2026-04-12T04:34:05.613+0000] {subprocess.py:106} INFO - 	|      default     |   12  |   0   |   0   |   0   ||   12  |   0   |
[2026-04-12T04:34:05.614+0000] {subprocess.py:106} INFO - 	---------------------------------------------------------------------
[2026-04-12T04:34:05.619+0000] {subprocess.py:106} INFO - :: retrieving :: org.apache.spark#spark-submit-parent-c922993e-7c9c-40fc-8f04-7b8c77292fc1
[2026-04-12T04:34:05.620+0000] {subprocess.py:106} INFO - 	confs: [default]
[2026-04-12T04:34:05.636+0000] {subprocess.py:106} INFO - 	0 artifacts copied, 12 already retrieved (0kB/17ms)
[2026-04-12T04:34:06.109+0000] {subprocess.py:106} INFO - 26/04/12 04:34:06 WARN NativeCodeLoader: Unable to load native-hadoop library for your platform... using builtin-java classes where applicable
[2026-04-12T04:34:07.954+0000] {subprocess.py:106} INFO - Using Spark's default log4j profile: org/apache/spark/log4j2-defaults.properties
[2026-04-12T04:34:07.965+0000] {subprocess.py:106} INFO - 26/04/12 04:34:07 INFO SparkContext: Running Spark version 4.0.2
[2026-04-12T04:34:07.969+0000] {subprocess.py:106} INFO - 26/04/12 04:34:07 INFO SparkContext: OS info Linux, 6.6.87.2-microsoft-standard-WSL2, amd64
[2026-04-12T04:34:07.970+0000] {subprocess.py:106} INFO - 26/04/12 04:34:07 INFO SparkContext: Java version 21.0.10
[2026-04-12T04:34:07.999+0000] {subprocess.py:106} INFO - 26/04/12 04:34:07 INFO ResourceUtils: ==============================================================
[2026-04-12T04:34:08.000+0000] {subprocess.py:106} INFO - 26/04/12 04:34:07 INFO ResourceUtils: No custom resources configured for spark.driver.
[2026-04-12T04:34:08.000+0000] {subprocess.py:106} INFO - 26/04/12 04:34:07 INFO ResourceUtils: ==============================================================
[2026-04-12T04:34:08.001+0000] {subprocess.py:106} INFO - 26/04/12 04:34:07 INFO SparkContext: Submitted application: Weather_Kafka_to_Iceberg
[2026-04-12T04:34:08.043+0000] {subprocess.py:106} INFO - 26/04/12 04:34:08 INFO ResourceProfile: Default ResourceProfile created, executor resources: Map(cores -> name: cores, amount: 2, script: , vendor: , memory -> name: memory, amount: 2048, script: , vendor: , offHeap -> name: offHeap, amount: 0, script: , vendor: ), task resources: Map(cpus -> name: cpus, amount: 1.0)
[2026-04-12T04:34:08.050+0000] {subprocess.py:106} INFO - 26/04/12 04:34:08 INFO ResourceProfile: Limiting resource is cpus at 2 tasks per executor
[2026-04-12T04:34:08.053+0000] {subprocess.py:106} INFO - 26/04/12 04:34:08 INFO ResourceProfileManager: Added ResourceProfile id: 0
[2026-04-12T04:34:08.126+0000] {subprocess.py:106} INFO - 26/04/12 04:34:08 INFO SecurityManager: Changing view acls to: spark
[2026-04-12T04:34:08.128+0000] {subprocess.py:106} INFO - 26/04/12 04:34:08 INFO SecurityManager: Changing modify acls to: spark
[2026-04-12T04:34:08.130+0000] {subprocess.py:106} INFO - 26/04/12 04:34:08 INFO SecurityManager: Changing view acls groups to: spark
[2026-04-12T04:34:08.131+0000] {subprocess.py:106} INFO - 26/04/12 04:34:08 INFO SecurityManager: Changing modify acls groups to: spark
[2026-04-12T04:34:08.135+0000] {subprocess.py:106} INFO - 26/04/12 04:34:08 INFO SecurityManager: SecurityManager: authentication disabled; ui acls disabled; users with view permissions: spark groups with view permissions: EMPTY; users with modify permissions: spark; groups with modify permissions: EMPTY; RPC SSL disabled
[2026-04-12T04:34:08.481+0000] {subprocess.py:106} INFO - 26/04/12 04:34:08 INFO Utils: Successfully started service 'sparkDriver' on port 42757.
[2026-04-12T04:34:08.520+0000] {subprocess.py:106} INFO - 26/04/12 04:34:08 INFO SparkEnv: Registering MapOutputTracker
[2026-04-12T04:34:08.534+0000] {subprocess.py:106} INFO - 26/04/12 04:34:08 INFO SparkEnv: Registering BlockManagerMaster
[2026-04-12T04:34:08.558+0000] {subprocess.py:106} INFO - 26/04/12 04:34:08 INFO BlockManagerMasterEndpoint: Using org.apache.spark.storage.DefaultTopologyMapper for getting topology information
[2026-04-12T04:34:08.558+0000] {subprocess.py:106} INFO - 26/04/12 04:34:08 INFO BlockManagerMasterEndpoint: BlockManagerMasterEndpoint up
[2026-04-12T04:34:08.563+0000] {subprocess.py:106} INFO - 26/04/12 04:34:08 INFO SparkEnv: Registering BlockManagerMasterHeartbeat
[2026-04-12T04:34:08.599+0000] {subprocess.py:106} INFO - 26/04/12 04:34:08 INFO DiskBlockManager: Created local directory at /tmp/blockmgr-053a3de3-7776-4c6a-bbf5-8d1185a26489
[2026-04-12T04:34:08.633+0000] {subprocess.py:106} INFO - 26/04/12 04:34:08 INFO SparkEnv: Registering OutputCommitCoordinator
[2026-04-12T04:34:08.867+0000] {subprocess.py:106} INFO - 26/04/12 04:34:08 INFO JettyUtils: Start Jetty 0.0.0.0:4040 for SparkUI
[2026-04-12T04:34:08.985+0000] {subprocess.py:106} INFO - 26/04/12 04:34:08 INFO Utils: Successfully started service 'SparkUI' on port 4040.
[2026-04-12T04:34:09.035+0000] {subprocess.py:106} INFO - 26/04/12 04:34:09 INFO SparkContext: Added JAR file:///home/spark/.ivy2.5.2/jars/org.apache.spark_spark-sql-kafka-0-10_2.13-4.0.0.jar at spark://spark-master:42757/jars/org.apache.spark_spark-sql-kafka-0-10_2.13-4.0.0.jar with timestamp 1775968447942
[2026-04-12T04:34:09.036+0000] {subprocess.py:106} INFO - 26/04/12 04:34:09 INFO SparkContext: Added JAR file:///home/spark/.ivy2.5.2/jars/org.apache.iceberg_iceberg-spark-runtime-4.0_2.13-1.10.1.jar at spark://spark-master:42757/jars/org.apache.iceberg_iceberg-spark-runtime-4.0_2.13-1.10.1.jar with timestamp 1775968447942
[2026-04-12T04:34:09.037+0000] {subprocess.py:106} INFO - 26/04/12 04:34:09 INFO SparkContext: Added JAR file:///home/spark/.ivy2.5.2/jars/org.apache.spark_spark-token-provider-kafka-0-10_2.13-4.0.0.jar at spark://spark-master:42757/jars/org.apache.spark_spark-token-provider-kafka-0-10_2.13-4.0.0.jar with timestamp 1775968447942
[2026-04-12T04:34:09.039+0000] {subprocess.py:106} INFO - 26/04/12 04:34:09 INFO SparkContext: Added JAR file:///home/spark/.ivy2.5.2/jars/org.scala-lang.modules_scala-parallel-collections_2.13-1.2.0.jar at spark://spark-master:42757/jars/org.scala-lang.modules_scala-parallel-collections_2.13-1.2.0.jar with timestamp 1775968447942
[2026-04-12T04:34:09.039+0000] {subprocess.py:106} INFO - 26/04/12 04:34:09 INFO SparkContext: Added JAR file:///home/spark/.ivy2.5.2/jars/org.apache.kafka_kafka-clients-3.9.0.jar at spark://spark-master:42757/jars/org.apache.kafka_kafka-clients-3.9.0.jar with timestamp 1775968447942
[2026-04-12T04:34:09.040+0000] {subprocess.py:106} INFO - 26/04/12 04:34:09 INFO SparkContext: Added JAR file:///home/spark/.ivy2.5.2/jars/com.google.code.findbugs_jsr305-3.0.0.jar at spark://spark-master:42757/jars/com.google.code.findbugs_jsr305-3.0.0.jar with timestamp 1775968447942
[2026-04-12T04:34:09.040+0000] {subprocess.py:106} INFO - 26/04/12 04:34:09 INFO SparkContext: Added JAR file:///home/spark/.ivy2.5.2/jars/org.apache.commons_commons-pool2-2.12.0.jar at spark://spark-master:42757/jars/org.apache.commons_commons-pool2-2.12.0.jar with timestamp 1775968447942
[2026-04-12T04:34:09.041+0000] {subprocess.py:106} INFO - 26/04/12 04:34:09 INFO SparkContext: Added JAR file:///home/spark/.ivy2.5.2/jars/org.apache.hadoop_hadoop-client-runtime-3.4.1.jar at spark://spark-master:42757/jars/org.apache.hadoop_hadoop-client-runtime-3.4.1.jar with timestamp 1775968447942
[2026-04-12T04:34:09.041+0000] {subprocess.py:106} INFO - 26/04/12 04:34:09 INFO SparkContext: Added JAR file:///home/spark/.ivy2.5.2/jars/org.lz4_lz4-java-1.8.0.jar at spark://spark-master:42757/jars/org.lz4_lz4-java-1.8.0.jar with timestamp 1775968447942
[2026-04-12T04:34:09.042+0000] {subprocess.py:106} INFO - 26/04/12 04:34:09 INFO SparkContext: Added JAR file:///home/spark/.ivy2.5.2/jars/org.xerial.snappy_snappy-java-1.1.10.7.jar at spark://spark-master:42757/jars/org.xerial.snappy_snappy-java-1.1.10.7.jar with timestamp 1775968447942
[2026-04-12T04:34:09.043+0000] {subprocess.py:106} INFO - 26/04/12 04:34:09 INFO SparkContext: Added JAR file:///home/spark/.ivy2.5.2/jars/org.slf4j_slf4j-api-2.0.16.jar at spark://spark-master:42757/jars/org.slf4j_slf4j-api-2.0.16.jar with timestamp 1775968447942
[2026-04-12T04:34:09.043+0000] {subprocess.py:106} INFO - 26/04/12 04:34:09 INFO SparkContext: Added JAR file:///home/spark/.ivy2.5.2/jars/org.apache.hadoop_hadoop-client-api-3.4.1.jar at spark://spark-master:42757/jars/org.apache.hadoop_hadoop-client-api-3.4.1.jar with timestamp 1775968447942
[2026-04-12T04:34:09.045+0000] {subprocess.py:106} INFO - 26/04/12 04:34:09 INFO SparkContext: Added file file:///home/spark/.ivy2.5.2/jars/org.apache.spark_spark-sql-kafka-0-10_2.13-4.0.0.jar at file:///home/spark/.ivy2.5.2/jars/org.apache.spark_spark-sql-kafka-0-10_2.13-4.0.0.jar with timestamp 1775968447942
[2026-04-12T04:34:09.048+0000] {subprocess.py:106} INFO - 26/04/12 04:34:09 INFO Utils: Copying /home/spark/.ivy2.5.2/jars/org.apache.spark_spark-sql-kafka-0-10_2.13-4.0.0.jar to /tmp/spark-0fe3f1a4-8288-4146-ab75-1675532452e8/userFiles-807e1ca3-fc1f-4d0a-834c-ca8622686992/org.apache.spark_spark-sql-kafka-0-10_2.13-4.0.0.jar
[2026-04-12T04:34:09.064+0000] {subprocess.py:106} INFO - 26/04/12 04:34:09 INFO SparkContext: Added file file:///home/spark/.ivy2.5.2/jars/org.apache.iceberg_iceberg-spark-runtime-4.0_2.13-1.10.1.jar at file:///home/spark/.ivy2.5.2/jars/org.apache.iceberg_iceberg-spark-runtime-4.0_2.13-1.10.1.jar with timestamp 1775968447942
[2026-04-12T04:34:09.065+0000] {subprocess.py:106} INFO - 26/04/12 04:34:09 INFO Utils: Copying /home/spark/.ivy2.5.2/jars/org.apache.iceberg_iceberg-spark-runtime-4.0_2.13-1.10.1.jar to /tmp/spark-0fe3f1a4-8288-4146-ab75-1675532452e8/userFiles-807e1ca3-fc1f-4d0a-834c-ca8622686992/org.apache.iceberg_iceberg-spark-runtime-4.0_2.13-1.10.1.jar
[2026-04-12T04:34:09.142+0000] {subprocess.py:106} INFO - 26/04/12 04:34:09 INFO SparkContext: Added file file:///home/spark/.ivy2.5.2/jars/org.apache.spark_spark-token-provider-kafka-0-10_2.13-4.0.0.jar at file:///home/spark/.ivy2.5.2/jars/org.apache.spark_spark-token-provider-kafka-0-10_2.13-4.0.0.jar with timestamp 1775968447942
[2026-04-12T04:34:09.143+0000] {subprocess.py:106} INFO - 26/04/12 04:34:09 INFO Utils: Copying /home/spark/.ivy2.5.2/jars/org.apache.spark_spark-token-provider-kafka-0-10_2.13-4.0.0.jar to /tmp/spark-0fe3f1a4-8288-4146-ab75-1675532452e8/userFiles-807e1ca3-fc1f-4d0a-834c-ca8622686992/org.apache.spark_spark-token-provider-kafka-0-10_2.13-4.0.0.jar
[2026-04-12T04:34:09.147+0000] {subprocess.py:106} INFO - 26/04/12 04:34:09 INFO SparkContext: Added file file:///home/spark/.ivy2.5.2/jars/org.scala-lang.modules_scala-parallel-collections_2.13-1.2.0.jar at file:///home/spark/.ivy2.5.2/jars/org.scala-lang.modules_scala-parallel-collections_2.13-1.2.0.jar with timestamp 1775968447942
[2026-04-12T04:34:09.148+0000] {subprocess.py:106} INFO - 26/04/12 04:34:09 INFO Utils: Copying /home/spark/.ivy2.5.2/jars/org.scala-lang.modules_scala-parallel-collections_2.13-1.2.0.jar to /tmp/spark-0fe3f1a4-8288-4146-ab75-1675532452e8/userFiles-807e1ca3-fc1f-4d0a-834c-ca8622686992/org.scala-lang.modules_scala-parallel-collections_2.13-1.2.0.jar
[2026-04-12T04:34:09.154+0000] {subprocess.py:106} INFO - 26/04/12 04:34:09 INFO SparkContext: Added file file:///home/spark/.ivy2.5.2/jars/org.apache.kafka_kafka-clients-3.9.0.jar at file:///home/spark/.ivy2.5.2/jars/org.apache.kafka_kafka-clients-3.9.0.jar with timestamp 1775968447942
[2026-04-12T04:34:09.155+0000] {subprocess.py:106} INFO - 26/04/12 04:34:09 INFO Utils: Copying /home/spark/.ivy2.5.2/jars/org.apache.kafka_kafka-clients-3.9.0.jar to /tmp/spark-0fe3f1a4-8288-4146-ab75-1675532452e8/userFiles-807e1ca3-fc1f-4d0a-834c-ca8622686992/org.apache.kafka_kafka-clients-3.9.0.jar
[2026-04-12T04:34:09.171+0000] {subprocess.py:106} INFO - 26/04/12 04:34:09 INFO SparkContext: Added file file:///home/spark/.ivy2.5.2/jars/com.google.code.findbugs_jsr305-3.0.0.jar at file:///home/spark/.ivy2.5.2/jars/com.google.code.findbugs_jsr305-3.0.0.jar with timestamp 1775968447942
[2026-04-12T04:34:09.172+0000] {subprocess.py:106} INFO - 26/04/12 04:34:09 INFO Utils: Copying /home/spark/.ivy2.5.2/jars/com.google.code.findbugs_jsr305-3.0.0.jar to /tmp/spark-0fe3f1a4-8288-4146-ab75-1675532452e8/userFiles-807e1ca3-fc1f-4d0a-834c-ca8622686992/com.google.code.findbugs_jsr305-3.0.0.jar
[2026-04-12T04:34:09.177+0000] {subprocess.py:106} INFO - 26/04/12 04:34:09 INFO SparkContext: Added file file:///home/spark/.ivy2.5.2/jars/org.apache.commons_commons-pool2-2.12.0.jar at file:///home/spark/.ivy2.5.2/jars/org.apache.commons_commons-pool2-2.12.0.jar with timestamp 1775968447942
[2026-04-12T04:34:09.179+0000] {subprocess.py:106} INFO - 26/04/12 04:34:09 INFO Utils: Copying /home/spark/.ivy2.5.2/jars/org.apache.commons_commons-pool2-2.12.0.jar to /tmp/spark-0fe3f1a4-8288-4146-ab75-1675532452e8/userFiles-807e1ca3-fc1f-4d0a-834c-ca8622686992/org.apache.commons_commons-pool2-2.12.0.jar
[2026-04-12T04:34:09.183+0000] {subprocess.py:106} INFO - 26/04/12 04:34:09 INFO SparkContext: Added file file:///home/spark/.ivy2.5.2/jars/org.apache.hadoop_hadoop-client-runtime-3.4.1.jar at file:///home/spark/.ivy2.5.2/jars/org.apache.hadoop_hadoop-client-runtime-3.4.1.jar with timestamp 1775968447942
[2026-04-12T04:34:09.183+0000] {subprocess.py:106} INFO - 26/04/12 04:34:09 INFO Utils: Copying /home/spark/.ivy2.5.2/jars/org.apache.hadoop_hadoop-client-runtime-3.4.1.jar to /tmp/spark-0fe3f1a4-8288-4146-ab75-1675532452e8/userFiles-807e1ca3-fc1f-4d0a-834c-ca8622686992/org.apache.hadoop_hadoop-client-runtime-3.4.1.jar
[2026-04-12T04:34:09.237+0000] {subprocess.py:106} INFO - 26/04/12 04:34:09 INFO SparkContext: Added file file:///home/spark/.ivy2.5.2/jars/org.lz4_lz4-java-1.8.0.jar at file:///home/spark/.ivy2.5.2/jars/org.lz4_lz4-java-1.8.0.jar with timestamp 1775968447942
[2026-04-12T04:34:09.237+0000] {subprocess.py:106} INFO - 26/04/12 04:34:09 INFO Utils: Copying /home/spark/.ivy2.5.2/jars/org.lz4_lz4-java-1.8.0.jar to /tmp/spark-0fe3f1a4-8288-4146-ab75-1675532452e8/userFiles-807e1ca3-fc1f-4d0a-834c-ca8622686992/org.lz4_lz4-java-1.8.0.jar
[2026-04-12T04:34:09.243+0000] {subprocess.py:106} INFO - 26/04/12 04:34:09 INFO SparkContext: Added file file:///home/spark/.ivy2.5.2/jars/org.xerial.snappy_snappy-java-1.1.10.7.jar at file:///home/spark/.ivy2.5.2/jars/org.xerial.snappy_snappy-java-1.1.10.7.jar with timestamp 1775968447942
[2026-04-12T04:34:09.244+0000] {subprocess.py:106} INFO - 26/04/12 04:34:09 INFO Utils: Copying /home/spark/.ivy2.5.2/jars/org.xerial.snappy_snappy-java-1.1.10.7.jar to /tmp/spark-0fe3f1a4-8288-4146-ab75-1675532452e8/userFiles-807e1ca3-fc1f-4d0a-834c-ca8622686992/org.xerial.snappy_snappy-java-1.1.10.7.jar
[2026-04-12T04:34:09.251+0000] {subprocess.py:106} INFO - 26/04/12 04:34:09 INFO SparkContext: Added file file:///home/spark/.ivy2.5.2/jars/org.slf4j_slf4j-api-2.0.16.jar at file:///home/spark/.ivy2.5.2/jars/org.slf4j_slf4j-api-2.0.16.jar with timestamp 1775968447942
[2026-04-12T04:34:09.252+0000] {subprocess.py:106} INFO - 26/04/12 04:34:09 INFO Utils: Copying /home/spark/.ivy2.5.2/jars/org.slf4j_slf4j-api-2.0.16.jar to /tmp/spark-0fe3f1a4-8288-4146-ab75-1675532452e8/userFiles-807e1ca3-fc1f-4d0a-834c-ca8622686992/org.slf4j_slf4j-api-2.0.16.jar
[2026-04-12T04:34:09.257+0000] {subprocess.py:106} INFO - 26/04/12 04:34:09 INFO SparkContext: Added file file:///home/spark/.ivy2.5.2/jars/org.apache.hadoop_hadoop-client-api-3.4.1.jar at file:///home/spark/.ivy2.5.2/jars/org.apache.hadoop_hadoop-client-api-3.4.1.jar with timestamp 1775968447942
[2026-04-12T04:34:09.257+0000] {subprocess.py:106} INFO - 26/04/12 04:34:09 INFO Utils: Copying /home/spark/.ivy2.5.2/jars/org.apache.hadoop_hadoop-client-api-3.4.1.jar to /tmp/spark-0fe3f1a4-8288-4146-ab75-1675532452e8/userFiles-807e1ca3-fc1f-4d0a-834c-ca8622686992/org.apache.hadoop_hadoop-client-api-3.4.1.jar
[2026-04-12T04:34:09.320+0000] {subprocess.py:106} INFO - 26/04/12 04:34:09 INFO SecurityManager: Changing view acls to: spark
[2026-04-12T04:34:09.321+0000] {subprocess.py:106} INFO - 26/04/12 04:34:09 INFO SecurityManager: Changing modify acls to: spark
[2026-04-12T04:34:09.322+0000] {subprocess.py:106} INFO - 26/04/12 04:34:09 INFO SecurityManager: Changing view acls groups to: spark
[2026-04-12T04:34:09.322+0000] {subprocess.py:106} INFO - 26/04/12 04:34:09 INFO SecurityManager: Changing modify acls groups to: spark
[2026-04-12T04:34:09.323+0000] {subprocess.py:106} INFO - 26/04/12 04:34:09 INFO SecurityManager: SecurityManager: authentication disabled; ui acls disabled; users with view permissions: spark groups with view permissions: EMPTY; users with modify permissions: spark; groups with modify permissions: EMPTY; RPC SSL disabled
[2026-04-12T04:34:09.575+0000] {subprocess.py:106} INFO - 26/04/12 04:34:09 INFO Executor: Starting executor ID driver on host spark-master
[2026-04-12T04:34:09.576+0000] {subprocess.py:106} INFO - 26/04/12 04:34:09 INFO Executor: OS info Linux, 6.6.87.2-microsoft-standard-WSL2, amd64
[2026-04-12T04:34:09.577+0000] {subprocess.py:106} INFO - 26/04/12 04:34:09 INFO Executor: Java version 21.0.10
[2026-04-12T04:34:09.595+0000] {subprocess.py:106} INFO - 26/04/12 04:34:09 INFO Executor: Starting executor with user classpath (userClassPathFirst = false): ''
[2026-04-12T04:34:09.598+0000] {subprocess.py:106} INFO - 26/04/12 04:34:09 INFO Executor: Created or updated repl class loader org.apache.spark.util.MutableURLClassLoader@78b574c7 for default.
[2026-04-12T04:34:09.618+0000] {subprocess.py:106} INFO - 26/04/12 04:34:09 INFO Executor: Fetching file:///home/spark/.ivy2.5.2/jars/org.lz4_lz4-java-1.8.0.jar with timestamp 1775968447942
[2026-04-12T04:34:09.645+0000] {subprocess.py:106} INFO - 26/04/12 04:34:09 INFO Utils: /home/spark/.ivy2.5.2/jars/org.lz4_lz4-java-1.8.0.jar has been previously copied to /tmp/spark-0fe3f1a4-8288-4146-ab75-1675532452e8/userFiles-807e1ca3-fc1f-4d0a-834c-ca8622686992/org.lz4_lz4-java-1.8.0.jar
[2026-04-12T04:34:09.648+0000] {subprocess.py:106} INFO - 26/04/12 04:34:09 INFO Executor: Fetching file:///home/spark/.ivy2.5.2/jars/org.scala-lang.modules_scala-parallel-collections_2.13-1.2.0.jar with timestamp 1775968447942
[2026-04-12T04:34:09.650+0000] {subprocess.py:106} INFO - 26/04/12 04:34:09 INFO Utils: /home/spark/.ivy2.5.2/jars/org.scala-lang.modules_scala-parallel-collections_2.13-1.2.0.jar has been previously copied to /tmp/spark-0fe3f1a4-8288-4146-ab75-1675532452e8/userFiles-807e1ca3-fc1f-4d0a-834c-ca8622686992/org.scala-lang.modules_scala-parallel-collections_2.13-1.2.0.jar
[2026-04-12T04:34:09.655+0000] {subprocess.py:106} INFO - 26/04/12 04:34:09 INFO Executor: Fetching file:///home/spark/.ivy2.5.2/jars/org.apache.kafka_kafka-clients-3.9.0.jar with timestamp 1775968447942
[2026-04-12T04:34:09.661+0000] {subprocess.py:106} INFO - 26/04/12 04:34:09 INFO Utils: /home/spark/.ivy2.5.2/jars/org.apache.kafka_kafka-clients-3.9.0.jar has been previously copied to /tmp/spark-0fe3f1a4-8288-4146-ab75-1675532452e8/userFiles-807e1ca3-fc1f-4d0a-834c-ca8622686992/org.apache.kafka_kafka-clients-3.9.0.jar
[2026-04-12T04:34:09.665+0000] {subprocess.py:106} INFO - 26/04/12 04:34:09 INFO Executor: Fetching file:///home/spark/.ivy2.5.2/jars/org.apache.spark_spark-sql-kafka-0-10_2.13-4.0.0.jar with timestamp 1775968447942
[2026-04-12T04:34:09.665+0000] {subprocess.py:106} INFO - 26/04/12 04:34:09 INFO Utils: /home/spark/.ivy2.5.2/jars/org.apache.spark_spark-sql-kafka-0-10_2.13-4.0.0.jar has been previously copied to /tmp/spark-0fe3f1a4-8288-4146-ab75-1675532452e8/userFiles-807e1ca3-fc1f-4d0a-834c-ca8622686992/org.apache.spark_spark-sql-kafka-0-10_2.13-4.0.0.jar
[2026-04-12T04:34:09.670+0000] {subprocess.py:106} INFO - 26/04/12 04:34:09 INFO Executor: Fetching file:///home/spark/.ivy2.5.2/jars/org.apache.hadoop_hadoop-client-api-3.4.1.jar with timestamp 1775968447942
[2026-04-12T04:34:09.682+0000] {subprocess.py:106} INFO - 26/04/12 04:34:09 INFO Utils: /home/spark/.ivy2.5.2/jars/org.apache.hadoop_hadoop-client-api-3.4.1.jar has been previously copied to /tmp/spark-0fe3f1a4-8288-4146-ab75-1675532452e8/userFiles-807e1ca3-fc1f-4d0a-834c-ca8622686992/org.apache.hadoop_hadoop-client-api-3.4.1.jar
[2026-04-12T04:34:09.687+0000] {subprocess.py:106} INFO - 26/04/12 04:34:09 INFO Executor: Fetching file:///home/spark/.ivy2.5.2/jars/org.apache.commons_commons-pool2-2.12.0.jar with timestamp 1775968447942
[2026-04-12T04:34:09.688+0000] {subprocess.py:106} INFO - 26/04/12 04:34:09 INFO Utils: /home/spark/.ivy2.5.2/jars/org.apache.commons_commons-pool2-2.12.0.jar has been previously copied to /tmp/spark-0fe3f1a4-8288-4146-ab75-1675532452e8/userFiles-807e1ca3-fc1f-4d0a-834c-ca8622686992/org.apache.commons_commons-pool2-2.12.0.jar
[2026-04-12T04:34:09.693+0000] {subprocess.py:106} INFO - 26/04/12 04:34:09 INFO Executor: Fetching file:///home/spark/.ivy2.5.2/jars/org.slf4j_slf4j-api-2.0.16.jar with timestamp 1775968447942
[2026-04-12T04:34:09.694+0000] {subprocess.py:106} INFO - 26/04/12 04:34:09 INFO Utils: /home/spark/.ivy2.5.2/jars/org.slf4j_slf4j-api-2.0.16.jar has been previously copied to /tmp/spark-0fe3f1a4-8288-4146-ab75-1675532452e8/userFiles-807e1ca3-fc1f-4d0a-834c-ca8622686992/org.slf4j_slf4j-api-2.0.16.jar
[2026-04-12T04:34:09.698+0000] {subprocess.py:106} INFO - 26/04/12 04:34:09 INFO Executor: Fetching file:///home/spark/.ivy2.5.2/jars/org.apache.iceberg_iceberg-spark-runtime-4.0_2.13-1.10.1.jar with timestamp 1775968447942
[2026-04-12T04:34:09.732+0000] {subprocess.py:106} INFO - 26/04/12 04:34:09 INFO Utils: /home/spark/.ivy2.5.2/jars/org.apache.iceberg_iceberg-spark-runtime-4.0_2.13-1.10.1.jar has been previously copied to /tmp/spark-0fe3f1a4-8288-4146-ab75-1675532452e8/userFiles-807e1ca3-fc1f-4d0a-834c-ca8622686992/org.apache.iceberg_iceberg-spark-runtime-4.0_2.13-1.10.1.jar
[2026-04-12T04:34:09.737+0000] {subprocess.py:106} INFO - 26/04/12 04:34:09 INFO Executor: Fetching file:///home/spark/.ivy2.5.2/jars/org.apache.hadoop_hadoop-client-runtime-3.4.1.jar with timestamp 1775968447942
[2026-04-12T04:34:09.756+0000] {subprocess.py:106} INFO - 26/04/12 04:34:09 INFO Utils: /home/spark/.ivy2.5.2/jars/org.apache.hadoop_hadoop-client-runtime-3.4.1.jar has been previously copied to /tmp/spark-0fe3f1a4-8288-4146-ab75-1675532452e8/userFiles-807e1ca3-fc1f-4d0a-834c-ca8622686992/org.apache.hadoop_hadoop-client-runtime-3.4.1.jar
[2026-04-12T04:34:09.761+0000] {subprocess.py:106} INFO - 26/04/12 04:34:09 INFO Executor: Fetching file:///home/spark/.ivy2.5.2/jars/org.apache.spark_spark-token-provider-kafka-0-10_2.13-4.0.0.jar with timestamp 1775968447942
[2026-04-12T04:34:09.762+0000] {subprocess.py:106} INFO - 26/04/12 04:34:09 INFO Utils: /home/spark/.ivy2.5.2/jars/org.apache.spark_spark-token-provider-kafka-0-10_2.13-4.0.0.jar has been previously copied to /tmp/spark-0fe3f1a4-8288-4146-ab75-1675532452e8/userFiles-807e1ca3-fc1f-4d0a-834c-ca8622686992/org.apache.spark_spark-token-provider-kafka-0-10_2.13-4.0.0.jar
[2026-04-12T04:34:09.767+0000] {subprocess.py:106} INFO - 26/04/12 04:34:09 INFO Executor: Fetching file:///home/spark/.ivy2.5.2/jars/com.google.code.findbugs_jsr305-3.0.0.jar with timestamp 1775968447942
[2026-04-12T04:34:09.768+0000] {subprocess.py:106} INFO - 26/04/12 04:34:09 INFO Utils: /home/spark/.ivy2.5.2/jars/com.google.code.findbugs_jsr305-3.0.0.jar has been previously copied to /tmp/spark-0fe3f1a4-8288-4146-ab75-1675532452e8/userFiles-807e1ca3-fc1f-4d0a-834c-ca8622686992/com.google.code.findbugs_jsr305-3.0.0.jar
[2026-04-12T04:34:09.774+0000] {subprocess.py:106} INFO - 26/04/12 04:34:09 INFO Executor: Fetching file:///home/spark/.ivy2.5.2/jars/org.xerial.snappy_snappy-java-1.1.10.7.jar with timestamp 1775968447942
[2026-04-12T04:34:09.776+0000] {subprocess.py:106} INFO - 26/04/12 04:34:09 INFO Utils: /home/spark/.ivy2.5.2/jars/org.xerial.snappy_snappy-java-1.1.10.7.jar has been previously copied to /tmp/spark-0fe3f1a4-8288-4146-ab75-1675532452e8/userFiles-807e1ca3-fc1f-4d0a-834c-ca8622686992/org.xerial.snappy_snappy-java-1.1.10.7.jar
[2026-04-12T04:34:09.786+0000] {subprocess.py:106} INFO - 26/04/12 04:34:09 INFO Executor: Fetching spark://spark-master:42757/jars/org.apache.spark_spark-sql-kafka-0-10_2.13-4.0.0.jar with timestamp 1775968447942
[2026-04-12T04:34:09.850+0000] {subprocess.py:106} INFO - 26/04/12 04:34:09 INFO TransportClientFactory: Successfully created connection to spark-master/172.20.0.5:42757 after 42 ms (0 ms spent in bootstraps)
[2026-04-12T04:34:09.863+0000] {subprocess.py:106} INFO - 26/04/12 04:34:09 INFO Utils: Fetching spark://spark-master:42757/jars/org.apache.spark_spark-sql-kafka-0-10_2.13-4.0.0.jar to /tmp/spark-0fe3f1a4-8288-4146-ab75-1675532452e8/userFiles-807e1ca3-fc1f-4d0a-834c-ca8622686992/fetchFileTemp14868907603779392619.tmp
[2026-04-12T04:34:09.890+0000] {subprocess.py:106} INFO - 26/04/12 04:34:09 INFO Utils: /tmp/spark-0fe3f1a4-8288-4146-ab75-1675532452e8/userFiles-807e1ca3-fc1f-4d0a-834c-ca8622686992/fetchFileTemp14868907603779392619.tmp has been previously copied to /tmp/spark-0fe3f1a4-8288-4146-ab75-1675532452e8/userFiles-807e1ca3-fc1f-4d0a-834c-ca8622686992/org.apache.spark_spark-sql-kafka-0-10_2.13-4.0.0.jar
[2026-04-12T04:34:09.896+0000] {subprocess.py:106} INFO - 26/04/12 04:34:09 INFO Executor: Adding file:/tmp/spark-0fe3f1a4-8288-4146-ab75-1675532452e8/userFiles-807e1ca3-fc1f-4d0a-834c-ca8622686992/org.apache.spark_spark-sql-kafka-0-10_2.13-4.0.0.jar to class loader default
[2026-04-12T04:34:09.897+0000] {subprocess.py:106} INFO - 26/04/12 04:34:09 INFO Executor: Fetching spark://spark-master:42757/jars/com.google.code.findbugs_jsr305-3.0.0.jar with timestamp 1775968447942
[2026-04-12T04:34:09.898+0000] {subprocess.py:106} INFO - 26/04/12 04:34:09 INFO Utils: Fetching spark://spark-master:42757/jars/com.google.code.findbugs_jsr305-3.0.0.jar to /tmp/spark-0fe3f1a4-8288-4146-ab75-1675532452e8/userFiles-807e1ca3-fc1f-4d0a-834c-ca8622686992/fetchFileTemp13450389111223364711.tmp
[2026-04-12T04:34:09.899+0000] {subprocess.py:106} INFO - 26/04/12 04:34:09 INFO Utils: /tmp/spark-0fe3f1a4-8288-4146-ab75-1675532452e8/userFiles-807e1ca3-fc1f-4d0a-834c-ca8622686992/fetchFileTemp13450389111223364711.tmp has been previously copied to /tmp/spark-0fe3f1a4-8288-4146-ab75-1675532452e8/userFiles-807e1ca3-fc1f-4d0a-834c-ca8622686992/com.google.code.findbugs_jsr305-3.0.0.jar
[2026-04-12T04:34:09.904+0000] {subprocess.py:106} INFO - 26/04/12 04:34:09 INFO Executor: Adding file:/tmp/spark-0fe3f1a4-8288-4146-ab75-1675532452e8/userFiles-807e1ca3-fc1f-4d0a-834c-ca8622686992/com.google.code.findbugs_jsr305-3.0.0.jar to class loader default
[2026-04-12T04:34:09.906+0000] {subprocess.py:106} INFO - 26/04/12 04:34:09 INFO Executor: Fetching spark://spark-master:42757/jars/org.apache.hadoop_hadoop-client-api-3.4.1.jar with timestamp 1775968447942
[2026-04-12T04:34:09.907+0000] {subprocess.py:106} INFO - 26/04/12 04:34:09 INFO Utils: Fetching spark://spark-master:42757/jars/org.apache.hadoop_hadoop-client-api-3.4.1.jar to /tmp/spark-0fe3f1a4-8288-4146-ab75-1675532452e8/userFiles-807e1ca3-fc1f-4d0a-834c-ca8622686992/fetchFileTemp14338361879683967238.tmp
[2026-04-12T04:34:10.018+0000] {subprocess.py:106} INFO - 26/04/12 04:34:10 INFO Utils: /tmp/spark-0fe3f1a4-8288-4146-ab75-1675532452e8/userFiles-807e1ca3-fc1f-4d0a-834c-ca8622686992/fetchFileTemp14338361879683967238.tmp has been previously copied to /tmp/spark-0fe3f1a4-8288-4146-ab75-1675532452e8/userFiles-807e1ca3-fc1f-4d0a-834c-ca8622686992/org.apache.hadoop_hadoop-client-api-3.4.1.jar
[2026-04-12T04:34:10.025+0000] {subprocess.py:106} INFO - 26/04/12 04:34:10 INFO Executor: Adding file:/tmp/spark-0fe3f1a4-8288-4146-ab75-1675532452e8/userFiles-807e1ca3-fc1f-4d0a-834c-ca8622686992/org.apache.hadoop_hadoop-client-api-3.4.1.jar to class loader default
[2026-04-12T04:34:10.026+0000] {subprocess.py:106} INFO - 26/04/12 04:34:10 INFO Executor: Fetching spark://spark-master:42757/jars/org.slf4j_slf4j-api-2.0.16.jar with timestamp 1775968447942
[2026-04-12T04:34:10.026+0000] {subprocess.py:106} INFO - 26/04/12 04:34:10 INFO Utils: Fetching spark://spark-master:42757/jars/org.slf4j_slf4j-api-2.0.16.jar to /tmp/spark-0fe3f1a4-8288-4146-ab75-1675532452e8/userFiles-807e1ca3-fc1f-4d0a-834c-ca8622686992/fetchFileTemp18216587497683754885.tmp
[2026-04-12T04:34:10.029+0000] {subprocess.py:106} INFO - 26/04/12 04:34:10 INFO Utils: /tmp/spark-0fe3f1a4-8288-4146-ab75-1675532452e8/userFiles-807e1ca3-fc1f-4d0a-834c-ca8622686992/fetchFileTemp18216587497683754885.tmp has been previously copied to /tmp/spark-0fe3f1a4-8288-4146-ab75-1675532452e8/userFiles-807e1ca3-fc1f-4d0a-834c-ca8622686992/org.slf4j_slf4j-api-2.0.16.jar
[2026-04-12T04:34:10.033+0000] {subprocess.py:106} INFO - 26/04/12 04:34:10 INFO Executor: Adding file:/tmp/spark-0fe3f1a4-8288-4146-ab75-1675532452e8/userFiles-807e1ca3-fc1f-4d0a-834c-ca8622686992/org.slf4j_slf4j-api-2.0.16.jar to class loader default
[2026-04-12T04:34:10.033+0000] {subprocess.py:106} INFO - 26/04/12 04:34:10 INFO Executor: Fetching spark://spark-master:42757/jars/org.apache.kafka_kafka-clients-3.9.0.jar with timestamp 1775968447942
[2026-04-12T04:34:10.034+0000] {subprocess.py:106} INFO - 26/04/12 04:34:10 INFO Utils: Fetching spark://spark-master:42757/jars/org.apache.kafka_kafka-clients-3.9.0.jar to /tmp/spark-0fe3f1a4-8288-4146-ab75-1675532452e8/userFiles-807e1ca3-fc1f-4d0a-834c-ca8622686992/fetchFileTemp17948655625996095424.tmp
[2026-04-12T04:34:10.072+0000] {subprocess.py:106} INFO - 26/04/12 04:34:10 INFO Utils: /tmp/spark-0fe3f1a4-8288-4146-ab75-1675532452e8/userFiles-807e1ca3-fc1f-4d0a-834c-ca8622686992/fetchFileTemp17948655625996095424.tmp has been previously copied to /tmp/spark-0fe3f1a4-8288-4146-ab75-1675532452e8/userFiles-807e1ca3-fc1f-4d0a-834c-ca8622686992/org.apache.kafka_kafka-clients-3.9.0.jar
[2026-04-12T04:34:10.078+0000] {subprocess.py:106} INFO - 26/04/12 04:34:10 INFO Executor: Adding file:/tmp/spark-0fe3f1a4-8288-4146-ab75-1675532452e8/userFiles-807e1ca3-fc1f-4d0a-834c-ca8622686992/org.apache.kafka_kafka-clients-3.9.0.jar to class loader default
[2026-04-12T04:34:10.078+0000] {subprocess.py:106} INFO - 26/04/12 04:34:10 INFO Executor: Fetching spark://spark-master:42757/jars/org.scala-lang.modules_scala-parallel-collections_2.13-1.2.0.jar with timestamp 1775968447942
[2026-04-12T04:34:10.079+0000] {subprocess.py:106} INFO - 26/04/12 04:34:10 INFO Utils: Fetching spark://spark-master:42757/jars/org.scala-lang.modules_scala-parallel-collections_2.13-1.2.0.jar to /tmp/spark-0fe3f1a4-8288-4146-ab75-1675532452e8/userFiles-807e1ca3-fc1f-4d0a-834c-ca8622686992/fetchFileTemp1969947397768491271.tmp
[2026-04-12T04:34:10.085+0000] {subprocess.py:106} INFO - 26/04/12 04:34:10 INFO Utils: /tmp/spark-0fe3f1a4-8288-4146-ab75-1675532452e8/userFiles-807e1ca3-fc1f-4d0a-834c-ca8622686992/fetchFileTemp1969947397768491271.tmp has been previously copied to /tmp/spark-0fe3f1a4-8288-4146-ab75-1675532452e8/userFiles-807e1ca3-fc1f-4d0a-834c-ca8622686992/org.scala-lang.modules_scala-parallel-collections_2.13-1.2.0.jar
[2026-04-12T04:34:10.089+0000] {subprocess.py:106} INFO - 26/04/12 04:34:10 INFO Executor: Adding file:/tmp/spark-0fe3f1a4-8288-4146-ab75-1675532452e8/userFiles-807e1ca3-fc1f-4d0a-834c-ca8622686992/org.scala-lang.modules_scala-parallel-collections_2.13-1.2.0.jar to class loader default
[2026-04-12T04:34:10.089+0000] {subprocess.py:106} INFO - 26/04/12 04:34:10 INFO Executor: Fetching spark://spark-master:42757/jars/org.apache.commons_commons-pool2-2.12.0.jar with timestamp 1775968447942
[2026-04-12T04:34:10.090+0000] {subprocess.py:106} INFO - 26/04/12 04:34:10 INFO Utils: Fetching spark://spark-master:42757/jars/org.apache.commons_commons-pool2-2.12.0.jar to /tmp/spark-0fe3f1a4-8288-4146-ab75-1675532452e8/userFiles-807e1ca3-fc1f-4d0a-834c-ca8622686992/fetchFileTemp17175011562592307556.tmp
[2026-04-12T04:34:10.092+0000] {subprocess.py:106} INFO - 26/04/12 04:34:10 INFO Utils: /tmp/spark-0fe3f1a4-8288-4146-ab75-1675532452e8/userFiles-807e1ca3-fc1f-4d0a-834c-ca8622686992/fetchFileTemp17175011562592307556.tmp has been previously copied to /tmp/spark-0fe3f1a4-8288-4146-ab75-1675532452e8/userFiles-807e1ca3-fc1f-4d0a-834c-ca8622686992/org.apache.commons_commons-pool2-2.12.0.jar
[2026-04-12T04:34:10.096+0000] {subprocess.py:106} INFO - 26/04/12 04:34:10 INFO Executor: Adding file:/tmp/spark-0fe3f1a4-8288-4146-ab75-1675532452e8/userFiles-807e1ca3-fc1f-4d0a-834c-ca8622686992/org.apache.commons_commons-pool2-2.12.0.jar to class loader default
[2026-04-12T04:34:10.097+0000] {subprocess.py:106} INFO - 26/04/12 04:34:10 INFO Executor: Fetching spark://spark-master:42757/jars/org.lz4_lz4-java-1.8.0.jar with timestamp 1775968447942
[2026-04-12T04:34:10.098+0000] {subprocess.py:106} INFO - 26/04/12 04:34:10 INFO Utils: Fetching spark://spark-master:42757/jars/org.lz4_lz4-java-1.8.0.jar to /tmp/spark-0fe3f1a4-8288-4146-ab75-1675532452e8/userFiles-807e1ca3-fc1f-4d0a-834c-ca8622686992/fetchFileTemp11555779474640296824.tmp
[2026-04-12T04:34:10.103+0000] {subprocess.py:106} INFO - 26/04/12 04:34:10 INFO Utils: /tmp/spark-0fe3f1a4-8288-4146-ab75-1675532452e8/userFiles-807e1ca3-fc1f-4d0a-834c-ca8622686992/fetchFileTemp11555779474640296824.tmp has been previously copied to /tmp/spark-0fe3f1a4-8288-4146-ab75-1675532452e8/userFiles-807e1ca3-fc1f-4d0a-834c-ca8622686992/org.lz4_lz4-java-1.8.0.jar
[2026-04-12T04:34:10.107+0000] {subprocess.py:106} INFO - 26/04/12 04:34:10 INFO Executor: Adding file:/tmp/spark-0fe3f1a4-8288-4146-ab75-1675532452e8/userFiles-807e1ca3-fc1f-4d0a-834c-ca8622686992/org.lz4_lz4-java-1.8.0.jar to class loader default
[2026-04-12T04:34:10.107+0000] {subprocess.py:106} INFO - 26/04/12 04:34:10 INFO Executor: Fetching spark://spark-master:42757/jars/org.apache.spark_spark-token-provider-kafka-0-10_2.13-4.0.0.jar with timestamp 1775968447942
[2026-04-12T04:34:10.108+0000] {subprocess.py:106} INFO - 26/04/12 04:34:10 INFO Utils: Fetching spark://spark-master:42757/jars/org.apache.spark_spark-token-provider-kafka-0-10_2.13-4.0.0.jar to /tmp/spark-0fe3f1a4-8288-4146-ab75-1675532452e8/userFiles-807e1ca3-fc1f-4d0a-834c-ca8622686992/fetchFileTemp9440458467412351364.tmp
[2026-04-12T04:34:10.109+0000] {subprocess.py:106} INFO - 26/04/12 04:34:10 INFO Utils: /tmp/spark-0fe3f1a4-8288-4146-ab75-1675532452e8/userFiles-807e1ca3-fc1f-4d0a-834c-ca8622686992/fetchFileTemp9440458467412351364.tmp has been previously copied to /tmp/spark-0fe3f1a4-8288-4146-ab75-1675532452e8/userFiles-807e1ca3-fc1f-4d0a-834c-ca8622686992/org.apache.spark_spark-token-provider-kafka-0-10_2.13-4.0.0.jar
[2026-04-12T04:34:10.113+0000] {subprocess.py:106} INFO - 26/04/12 04:34:10 INFO Executor: Adding file:/tmp/spark-0fe3f1a4-8288-4146-ab75-1675532452e8/userFiles-807e1ca3-fc1f-4d0a-834c-ca8622686992/org.apache.spark_spark-token-provider-kafka-0-10_2.13-4.0.0.jar to class loader default
[2026-04-12T04:34:10.113+0000] {subprocess.py:106} INFO - 26/04/12 04:34:10 INFO Executor: Fetching spark://spark-master:42757/jars/org.apache.hadoop_hadoop-client-runtime-3.4.1.jar with timestamp 1775968447942
[2026-04-12T04:34:10.114+0000] {subprocess.py:106} INFO - 26/04/12 04:34:10 INFO Utils: Fetching spark://spark-master:42757/jars/org.apache.hadoop_hadoop-client-runtime-3.4.1.jar to /tmp/spark-0fe3f1a4-8288-4146-ab75-1675532452e8/userFiles-807e1ca3-fc1f-4d0a-834c-ca8622686992/fetchFileTemp11865027149634071571.tmp
[2026-04-12T04:34:10.230+0000] {subprocess.py:106} INFO - 26/04/12 04:34:10 INFO Utils: /tmp/spark-0fe3f1a4-8288-4146-ab75-1675532452e8/userFiles-807e1ca3-fc1f-4d0a-834c-ca8622686992/fetchFileTemp11865027149634071571.tmp has been previously copied to /tmp/spark-0fe3f1a4-8288-4146-ab75-1675532452e8/userFiles-807e1ca3-fc1f-4d0a-834c-ca8622686992/org.apache.hadoop_hadoop-client-runtime-3.4.1.jar
[2026-04-12T04:34:10.239+0000] {subprocess.py:106} INFO - 26/04/12 04:34:10 INFO Executor: Adding file:/tmp/spark-0fe3f1a4-8288-4146-ab75-1675532452e8/userFiles-807e1ca3-fc1f-4d0a-834c-ca8622686992/org.apache.hadoop_hadoop-client-runtime-3.4.1.jar to class loader default
[2026-04-12T04:34:10.240+0000] {subprocess.py:106} INFO - 26/04/12 04:34:10 INFO Executor: Fetching spark://spark-master:42757/jars/org.xerial.snappy_snappy-java-1.1.10.7.jar with timestamp 1775968447942
[2026-04-12T04:34:10.241+0000] {subprocess.py:106} INFO - 26/04/12 04:34:10 INFO Utils: Fetching spark://spark-master:42757/jars/org.xerial.snappy_snappy-java-1.1.10.7.jar to /tmp/spark-0fe3f1a4-8288-4146-ab75-1675532452e8/userFiles-807e1ca3-fc1f-4d0a-834c-ca8622686992/fetchFileTemp483534303349835308.tmp
[2026-04-12T04:34:10.249+0000] {subprocess.py:106} INFO - 26/04/12 04:34:10 INFO Utils: /tmp/spark-0fe3f1a4-8288-4146-ab75-1675532452e8/userFiles-807e1ca3-fc1f-4d0a-834c-ca8622686992/fetchFileTemp483534303349835308.tmp has been previously copied to /tmp/spark-0fe3f1a4-8288-4146-ab75-1675532452e8/userFiles-807e1ca3-fc1f-4d0a-834c-ca8622686992/org.xerial.snappy_snappy-java-1.1.10.7.jar
[2026-04-12T04:34:10.254+0000] {subprocess.py:106} INFO - 26/04/12 04:34:10 INFO Executor: Adding file:/tmp/spark-0fe3f1a4-8288-4146-ab75-1675532452e8/userFiles-807e1ca3-fc1f-4d0a-834c-ca8622686992/org.xerial.snappy_snappy-java-1.1.10.7.jar to class loader default
[2026-04-12T04:34:10.254+0000] {subprocess.py:106} INFO - 26/04/12 04:34:10 INFO Executor: Fetching spark://spark-master:42757/jars/org.apache.iceberg_iceberg-spark-runtime-4.0_2.13-1.10.1.jar with timestamp 1775968447942
[2026-04-12T04:34:10.256+0000] {subprocess.py:106} INFO - 26/04/12 04:34:10 INFO Utils: Fetching spark://spark-master:42757/jars/org.apache.iceberg_iceberg-spark-runtime-4.0_2.13-1.10.1.jar to /tmp/spark-0fe3f1a4-8288-4146-ab75-1675532452e8/userFiles-807e1ca3-fc1f-4d0a-834c-ca8622686992/fetchFileTemp16478184764270368721.tmp
[2026-04-12T04:34:10.411+0000] {subprocess.py:106} INFO - 26/04/12 04:34:10 INFO Utils: /tmp/spark-0fe3f1a4-8288-4146-ab75-1675532452e8/userFiles-807e1ca3-fc1f-4d0a-834c-ca8622686992/fetchFileTemp16478184764270368721.tmp has been previously copied to /tmp/spark-0fe3f1a4-8288-4146-ab75-1675532452e8/userFiles-807e1ca3-fc1f-4d0a-834c-ca8622686992/org.apache.iceberg_iceberg-spark-runtime-4.0_2.13-1.10.1.jar
[2026-04-12T04:34:10.424+0000] {subprocess.py:106} INFO - 26/04/12 04:34:10 INFO Executor: Adding file:/tmp/spark-0fe3f1a4-8288-4146-ab75-1675532452e8/userFiles-807e1ca3-fc1f-4d0a-834c-ca8622686992/org.apache.iceberg_iceberg-spark-runtime-4.0_2.13-1.10.1.jar to class loader default
[2026-04-12T04:34:10.441+0000] {subprocess.py:106} INFO - 26/04/12 04:34:10 INFO Utils: Successfully started service 'org.apache.spark.network.netty.NettyBlockTransferService' on port 36699.
[2026-04-12T04:34:10.442+0000] {subprocess.py:106} INFO - 26/04/12 04:34:10 INFO NettyBlockTransferService: Server created on spark-master:36699
[2026-04-12T04:34:10.444+0000] {subprocess.py:106} INFO - 26/04/12 04:34:10 INFO BlockManager: Using org.apache.spark.storage.RandomBlockReplicationPolicy for block replication policy
[2026-04-12T04:34:10.476+0000] {subprocess.py:106} INFO - 26/04/12 04:34:10 INFO BlockManagerMaster: Registering BlockManager BlockManagerId(driver, spark-master, 36699, None)
[2026-04-12T04:34:10.485+0000] {subprocess.py:106} INFO - 26/04/12 04:34:10 INFO BlockManagerMasterEndpoint: Registering block manager spark-master:36699 with 1048.8 MiB RAM, BlockManagerId(driver, spark-master, 36699, None)
[2026-04-12T04:34:10.489+0000] {subprocess.py:106} INFO - 26/04/12 04:34:10 INFO BlockManagerMaster: Registered BlockManager BlockManagerId(driver, spark-master, 36699, None)
[2026-04-12T04:34:10.492+0000] {subprocess.py:106} INFO - 26/04/12 04:34:10 INFO BlockManager: Initialized BlockManager: BlockManagerId(driver, spark-master, 36699, None)
[2026-04-12T04:34:11.774+0000] {subprocess.py:106} INFO - Spark + Iceberg ready!
[2026-04-12T04:34:11.792+0000] {subprocess.py:106} INFO - 26/04/12 04:34:11 INFO SharedState: spark.sql.warehouse.dir is not set, but hive.metastore.warehouse.dir is set. Setting spark.sql.warehouse.dir to the value of hive.metastore.warehouse.dir.
[2026-04-12T04:34:12.227+0000] {subprocess.py:106} INFO - 26/04/12 04:34:12 INFO SharedState: Warehouse path is 'hdfs://23133083thuyvan-master:9000/user/hive/warehouse'.
[2026-04-12T04:34:13.233+0000] {subprocess.py:106} INFO - 26/04/12 04:34:13 INFO CatalogUtil: Loading custom FileIO implementation: org.apache.iceberg.hadoop.HadoopFileIO
[2026-04-12T04:34:13.995+0000] {subprocess.py:106} INFO - 26/04/12 04:34:13 INFO HiveConf: Found configuration file file:/home/spark/spark/conf/hive-site.xml
[2026-04-12T04:34:14.189+0000] {subprocess.py:106} INFO - 26/04/12 04:34:14 INFO metastore: Trying to connect to metastore with URI thrift://23133083thuyvan-master:9083
[2026-04-12T04:34:14.219+0000] {subprocess.py:106} INFO - 26/04/12 04:34:14 INFO metastore: Opened a connection to metastore, current connections: 1
[2026-04-12T04:34:14.250+0000] {subprocess.py:106} INFO - 26/04/12 04:34:14 INFO metastore: Connected to metastore.
[2026-04-12T04:34:14.588+0000] {subprocess.py:106} INFO - 26/04/12 04:34:14 WARN SparkStringUtils: Truncated the string representation of a plan since it was too large. This behavior can be adjusted by setting 'spark.sql.debug.maxToStringFields'.
[2026-04-12T04:34:14.690+0000] {subprocess.py:106} INFO - 26/04/12 04:34:14 INFO BaseMetastoreTableOperations: Refreshing table metadata from new version: hdfs://23133083thuyvan-master:9000/user/hive/lakehouse/air_quality_db.db/air_quality_silver/metadata/00000-bd5a2971-fd67-45ed-b96f-546c2d057b23.metadata.json
[2026-04-12T04:34:15.298+0000] {subprocess.py:106} INFO - 26/04/12 04:34:15 INFO BaseMetastoreCatalog: Table loaded by catalog: iceberg.air_quality_db.air_quality_silver
[2026-04-12T04:34:15.306+0000] {subprocess.py:106} INFO - Iceberg table 'weather_real_time' ready!
[2026-04-12T04:34:16.325+0000] {subprocess.py:106} INFO - 26/04/12 04:34:16 INFO StateStoreCoordinatorRef: Registered StateStoreCoordinator endpoint
[2026-04-12T04:34:16.407+0000] {subprocess.py:106} INFO - 26/04/12 04:34:16 INFO ResolveWriteToStream: Checkpoint root hdfs://23133083thuyvan-master:9000/user/hive/checkpoints/air_quality_realtime resolved to hdfs://23133083thuyvan-master:9000/user/hive/checkpoints/air_quality_realtime.
[2026-04-12T04:34:16.407+0000] {subprocess.py:106} INFO - 26/04/12 04:34:16 WARN ResolveWriteToStream: spark.sql.adaptive.enabled is not supported in streaming DataFrames/Datasets and will be disabled.
[2026-04-12T04:34:16.601+0000] {subprocess.py:106} INFO - 26/04/12 04:34:16 INFO MicroBatchExecution: Starting [id = 46e5ad83-a953-440f-bb1b-14366f27bcb7, runId = 0c85cb77-22a4-43ed-b2a1-c2a49b9a9649]. Use hdfs://23133083thuyvan-master:9000/user/hive/checkpoints/air_quality_realtime to store the query checkpoint.
[2026-04-12T04:34:16.609+0000] {subprocess.py:106} INFO - Streaming job started! Listening to 'weather-topic'...
[2026-04-12T04:34:16.616+0000] {subprocess.py:106} INFO - 26/04/12 04:34:16 INFO MicroBatchExecution: Reading table [org.apache.spark.sql.kafka010.KafkaSourceProvider$KafkaTable@74730f77] from DataSourceV2 named 'kafka' [org.apache.spark.sql.kafka010.KafkaSourceProvider@7caf5085]
[2026-04-12T04:34:16.658+0000] {subprocess.py:106} INFO - 26/04/12 04:34:16 INFO MicroBatchExecution: Finish initializing with logical plan:
[2026-04-12T04:34:16.659+0000] {subprocess.py:106} INFO - ~WriteToMicroBatchDataSourceV1 ForeachBatchSink, 46e5ad83-a953-440f-bb1b-14366f27bcb7, [checkpointLocation=hdfs://23133083thuyvan-master:9000/user/hive/checkpoints/air_quality_realtime], Append
[2026-04-12T04:34:16.659+0000] {subprocess.py:106} INFO - +- ~Project [timestamp#40, location#17, latitude#18, longitude#19, timezone#20, temperature_2m#21, relative_humidity_2m#22, apparent_temperature#23, precipitation#24, cloud_cover#25, wind_speed_10m#26, wind_direction_10m#27, wind_gusts_10m#28, uv_index#29, weather_code#30, european_aqi#31, us_aqi#32, pm10#33, pm2_5#34, carbon_monoxide#35, nitrogen_dioxide#36, sulphur_dioxide#37, ozone#38, processing_time#39, open-meteo AS data_source#41]
[2026-04-12T04:34:16.660+0000] {subprocess.py:106} INFO -    +- ~Project [to_timestamp(timestamp#16, None, TimestampType, Some(GMT), true) AS timestamp#40, location#17, latitude#18, longitude#19, timezone#20, temperature_2m#21, relative_humidity_2m#22, apparent_temperature#23, precipitation#24, cloud_cover#25, wind_speed_10m#26, wind_direction_10m#27, wind_gusts_10m#28, uv_index#29, weather_code#30, european_aqi#31, us_aqi#32, pm10#33, pm2_5#34, carbon_monoxide#35, nitrogen_dioxide#36, sulphur_dioxide#37, ozone#38, processing_time#39]
[2026-04-12T04:34:16.660+0000] {subprocess.py:106} INFO -       +- ~Project [timestamp#16, location#17, latitude#18, longitude#19, timezone#20, temperature_2m#21, relative_humidity_2m#22, apparent_temperature#23, precipitation#24, cloud_cover#25, wind_speed_10m#26, wind_direction_10m#27, wind_gusts_10m#28, uv_index#29, weather_code#30, european_aqi#31, us_aqi#32, pm10#33, pm2_5#34, carbon_monoxide#35, nitrogen_dioxide#36, sulphur_dioxide#37, ozone#38, current_timestamp() AS processing_time#39]
[2026-04-12T04:34:16.660+0000] {subprocess.py:106} INFO -          +- ~Project [data#15.timestamp AS timestamp#16, data#15.location AS location#17, data#15.latitude AS latitude#18, data#15.longitude AS longitude#19, data#15.timezone AS timezone#20, data#15.temperature_2m AS temperature_2m#21, data#15.relative_humidity_2m AS relative_humidity_2m#22, data#15.apparent_temperature AS apparent_temperature#23, data#15.precipitation AS precipitation#24, data#15.cloud_cover AS cloud_cover#25, data#15.wind_speed_10m AS wind_speed_10m#26, data#15.wind_direction_10m AS wind_direction_10m#27, data#15.wind_gusts_10m AS wind_gusts_10m#28, data#15.uv_index AS uv_index#29, data#15.weather_code AS weather_code#30, data#15.european_aqi AS european_aqi#31, data#15.us_aqi AS us_aqi#32, data#15.pm10 AS pm10#33, data#15.pm2_5 AS pm2_5#34, data#15.carbon_monoxide AS carbon_monoxide#35, data#15.nitrogen_dioxide AS nitrogen_dioxide#36, data#15.sulphur_dioxide AS sulphur_dioxide#37, data#15.ozone AS ozone#38]
[2026-04-12T04:34:16.661+0000] {subprocess.py:106} INFO -             +- ~Project [from_json(StructField(timestamp,StringType,true), StructField(location,StringType,true), StructField(latitude,DoubleType,true), StructField(longitude,DoubleType,true), StructField(timezone,StringType,true), StructField(temperature_2m,DoubleType,true), StructField(relative_humidity_2m,DoubleType,true), StructField(apparent_temperature,DoubleType,true), StructField(precipitation,DoubleType,true), StructField(cloud_cover,DoubleType,true), StructField(wind_speed_10m,DoubleType,true), StructField(wind_direction_10m,DoubleType,true), StructField(wind_gusts_10m,DoubleType,true), StructField(uv_index,DoubleType,true), StructField(weather_code,IntegerType,true), StructField(european_aqi,IntegerType,true), StructField(us_aqi,IntegerType,true), StructField(pm10,DoubleType,true), StructField(pm2_5,DoubleType,true), StructField(carbon_monoxide,DoubleType,true), StructField(nitrogen_dioxide,DoubleType,true), StructField(sulphur_dioxide,DoubleType,true), StructField(ozone,DoubleType,true), json#14, Some(GMT), ... 1 more fields) AS data#15]
[2026-04-12T04:34:16.661+0000] {subprocess.py:106} INFO -                +- ~Project [cast(value#8 as string) AS json#14]
[2026-04-12T04:34:16.661+0000] {subprocess.py:106} INFO -                   +- ~StreamingDataSourceV2ScanRelation[key#7, value#8, topic#9, partition#10, offset#11L, timestamp#12, timestampType#13] KafkaTable
[2026-04-12T04:34:16.662+0000] {subprocess.py:106} INFO - 
[2026-04-12T04:34:16.671+0000] {subprocess.py:106} INFO - 26/04/12 04:34:16 INFO OffsetSeqLog: BatchIds found from listing: 0, 1
[2026-04-12T04:34:16.682+0000] {subprocess.py:106} INFO - 26/04/12 04:34:16 INFO OffsetSeqLog: Getting latest batch 1
[2026-04-12T04:34:16.711+0000] {subprocess.py:106} INFO - 26/04/12 04:34:16 INFO OffsetSeqLog: BatchIds found from listing: 0, 1
[2026-04-12T04:34:16.712+0000] {subprocess.py:106} INFO - 26/04/12 04:34:16 INFO OffsetSeqLog: Getting latest batch 1
[2026-04-12T04:34:16.730+0000] {subprocess.py:106} INFO - 26/04/12 04:34:16 INFO CommitLog: BatchIds found from listing: 0
[2026-04-12T04:34:16.730+0000] {subprocess.py:106} INFO - 26/04/12 04:34:16 INFO CommitLog: Getting latest batch 0
[2026-04-12T04:34:16.911+0000] {subprocess.py:106} INFO - 26/04/12 04:34:16 INFO MicroBatchExecution: Resuming at batch 1 with committed offsets {KafkaV2[Subscribe[weather-topic]]: {"weather-topic":{"0":11,"1":16,"2":13}}} and available offsets {KafkaV2[Subscribe[weather-topic]]: {"weather-topic":{"0":15,"1":23,"2":22}}}
[2026-04-12T04:34:16.911+0000] {subprocess.py:106} INFO - 26/04/12 04:34:16 INFO MicroBatchExecution: Stream started from {KafkaV2[Subscribe[weather-topic]]: {"weather-topic":{"0":11,"1":16,"2":13}}}
[2026-04-12T04:34:17.028+0000] {subprocess.py:106} INFO - 26/04/12 04:34:17 INFO IncrementalExecution: Current batch timestamp = 1775968410012
[2026-04-12T04:34:17.175+0000] {subprocess.py:106} INFO - 26/04/12 04:34:17 INFO IncrementalExecution: Current batch timestamp = 1775968410012
[2026-04-12T04:34:17.670+0000] {subprocess.py:106} INFO - 26/04/12 04:34:17 INFO CodeGenerator: Code generated in 310.923491 ms
[2026-04-12T04:34:17.676+0000] {subprocess.py:106} INFO - 26/04/12 04:34:17 INFO KafkaOffsetReaderAdmin: Partitions added: Map()
[2026-04-12T04:34:18.031+0000] {subprocess.py:106} INFO - 26/04/12 04:34:18 INFO CodeGenerator: Code generated in 19.863607 ms
[2026-04-12T04:34:18.060+0000] {subprocess.py:106} INFO - 26/04/12 04:34:18 INFO CodeGenerator: Code generated in 17.01921 ms
[2026-04-12T04:34:18.186+0000] {subprocess.py:106} INFO - 26/04/12 04:34:18 INFO SparkContext: Starting job: start at NativeMethodAccessorImpl.java:0
[2026-04-12T04:34:18.208+0000] {subprocess.py:106} INFO - 26/04/12 04:34:18 INFO DAGScheduler: Registering RDD 6 (start at NativeMethodAccessorImpl.java:0) as input to shuffle 0
[2026-04-12T04:34:18.218+0000] {subprocess.py:106} INFO - 26/04/12 04:34:18 INFO DAGScheduler: Got job 0 (start at NativeMethodAccessorImpl.java:0) with 1 output partitions
[2026-04-12T04:34:18.221+0000] {subprocess.py:106} INFO - 26/04/12 04:34:18 INFO DAGScheduler: Final stage: ResultStage 1 (start at NativeMethodAccessorImpl.java:0)
[2026-04-12T04:34:18.222+0000] {subprocess.py:106} INFO - 26/04/12 04:34:18 INFO DAGScheduler: Parents of final stage: List(ShuffleMapStage 0)
[2026-04-12T04:34:18.225+0000] {subprocess.py:106} INFO - 26/04/12 04:34:18 INFO DAGScheduler: Missing parents: List(ShuffleMapStage 0)
[2026-04-12T04:34:18.229+0000] {subprocess.py:106} INFO - 26/04/12 04:34:18 INFO DAGScheduler: Submitting ShuffleMapStage 0 (MapPartitionsRDD[6] at start at NativeMethodAccessorImpl.java:0), which has no missing parents
[2026-04-12T04:34:18.314+0000] {subprocess.py:106} INFO - 26/04/12 04:34:18 INFO MemoryStore: MemoryStore started with capacity 1048.8 MiB
[2026-04-12T04:34:18.351+0000] {subprocess.py:106} INFO - 26/04/12 04:34:18 INFO MemoryStore: Block broadcast_0 stored as values in memory (estimated size 43.0 KiB, free 1048.8 MiB)
[2026-04-12T04:34:18.387+0000] {subprocess.py:106} INFO - 26/04/12 04:34:18 INFO MemoryStore: Block broadcast_0_piece0 stored as bytes in memory (estimated size 16.4 KiB, free 1048.7 MiB)
[2026-04-12T04:34:18.396+0000] {subprocess.py:106} INFO - 26/04/12 04:34:18 INFO SparkContext: Created broadcast 0 from broadcast at DAGScheduler.scala:1676
[2026-04-12T04:34:18.420+0000] {subprocess.py:106} INFO - 26/04/12 04:34:18 INFO DAGScheduler: Submitting 3 missing tasks from ShuffleMapStage 0 (MapPartitionsRDD[6] at start at NativeMethodAccessorImpl.java:0) (first 15 tasks are for partitions Vector(0, 1, 2))
[2026-04-12T04:34:18.424+0000] {subprocess.py:106} INFO - 26/04/12 04:34:18 INFO TaskSchedulerImpl: Adding task set 0.0 with 3 tasks resource profile 0
[2026-04-12T04:34:18.463+0000] {subprocess.py:106} INFO - 26/04/12 04:34:18 INFO TaskSetManager: Starting task 0.0 in stage 0.0 (TID 0) (spark-master,executor driver, partition 0, PROCESS_LOCAL, 13492 bytes)
[2026-04-12T04:34:18.468+0000] {subprocess.py:106} INFO - 26/04/12 04:34:18 INFO TaskSetManager: Starting task 1.0 in stage 0.0 (TID 1) (spark-master,executor driver, partition 1, PROCESS_LOCAL, 13492 bytes)
[2026-04-12T04:34:18.473+0000] {subprocess.py:106} INFO - 26/04/12 04:34:18 INFO TaskSetManager: Starting task 2.0 in stage 0.0 (TID 2) (spark-master,executor driver, partition 2, PROCESS_LOCAL, 13492 bytes)
[2026-04-12T04:34:18.484+0000] {subprocess.py:106} INFO - 26/04/12 04:34:18 INFO Executor: Running task 1.0 in stage 0.0 (TID 1)
[2026-04-12T04:34:18.485+0000] {subprocess.py:106} INFO - 26/04/12 04:34:18 INFO Executor: Running task 0.0 in stage 0.0 (TID 0)
[2026-04-12T04:34:18.486+0000] {subprocess.py:106} INFO - 26/04/12 04:34:18 INFO Executor: Running task 2.0 in stage 0.0 (TID 2)
[2026-04-12T04:34:18.679+0000] {subprocess.py:106} INFO - 26/04/12 04:34:18 INFO CodeGenerator: Code generated in 49.847432 ms
[2026-04-12T04:34:18.720+0000] {subprocess.py:106} INFO - 26/04/12 04:34:18 INFO CodeGenerator: Code generated in 41.427132 ms
[2026-04-12T04:34:18.737+0000] {subprocess.py:106} INFO - 26/04/12 04:34:18 INFO CodeGenerator: Code generated in 13.042736 ms
[2026-04-12T04:34:18.751+0000] {subprocess.py:106} INFO - 26/04/12 04:34:18 INFO SecurityManager: Changing view acls to: spark
[2026-04-12T04:34:18.751+0000] {subprocess.py:106} INFO - 26/04/12 04:34:18 INFO SecurityManager: Changing modify acls to: spark
[2026-04-12T04:34:18.752+0000] {subprocess.py:106} INFO - 26/04/12 04:34:18 INFO SecurityManager: Changing view acls groups to: spark
[2026-04-12T04:34:18.752+0000] {subprocess.py:106} INFO - 26/04/12 04:34:18 INFO SecurityManager: Changing modify acls groups to: spark
[2026-04-12T04:34:18.753+0000] {subprocess.py:106} INFO - 26/04/12 04:34:18 INFO SecurityManager: SecurityManager: authentication disabled; ui acls disabled; users with view permissions: spark groups with view permissions: EMPTY; users with modify permissions: spark; groups with modify permissions: EMPTY; RPC SSL disabled
[2026-04-12T04:34:18.784+0000] {subprocess.py:106} INFO - 26/04/12 04:34:18 INFO KafkaBatchReaderFactory: Creating Kafka reader topicPartition=weather-topic-2 fromOffset=13} untilOffset=22, for query queryId=46e5ad83-a953-440f-bb1b-14366f27bcb7 batchId=1 taskId=2 partitionId=2
[2026-04-12T04:34:18.784+0000] {subprocess.py:106} INFO - 26/04/12 04:34:18 INFO KafkaBatchReaderFactory: Creating Kafka reader topicPartition=weather-topic-1 fromOffset=16} untilOffset=23, for query queryId=46e5ad83-a953-440f-bb1b-14366f27bcb7 batchId=1 taskId=1 partitionId=1
[2026-04-12T04:34:18.786+0000] {subprocess.py:106} INFO - 26/04/12 04:34:18 INFO KafkaBatchReaderFactory: Creating Kafka reader topicPartition=weather-topic-0 fromOffset=11} untilOffset=15, for query queryId=46e5ad83-a953-440f-bb1b-14366f27bcb7 batchId=1 taskId=0 partitionId=0
[2026-04-12T04:34:18.866+0000] {subprocess.py:106} INFO - 26/04/12 04:34:18 INFO CodeGenerator: Code generated in 12.345364 ms
[2026-04-12T04:34:18.901+0000] {subprocess.py:106} INFO - 26/04/12 04:34:18 INFO CodeGenerator: Code generated in 14.357981 ms
[2026-04-12T04:34:18.964+0000] {subprocess.py:106} INFO - 26/04/12 04:34:18 INFO ConsumerConfig: ConsumerConfig values:
[2026-04-12T04:34:18.964+0000] {subprocess.py:106} INFO - 	allow.auto.create.topics = true
[2026-04-12T04:34:18.965+0000] {subprocess.py:106} INFO - 	auto.commit.interval.ms = 5000
[2026-04-12T04:34:18.966+0000] {subprocess.py:106} INFO - 	auto.include.jmx.reporter = true
[2026-04-12T04:34:18.966+0000] {subprocess.py:106} INFO - 	auto.offset.reset = none
[2026-04-12T04:34:18.967+0000] {subprocess.py:106} INFO - 	bootstrap.servers = [kafka:9092]
[2026-04-12T04:34:18.967+0000] {subprocess.py:106} INFO - 	check.crcs = true
[2026-04-12T04:34:18.968+0000] {subprocess.py:106} INFO - 	client.dns.lookup = use_all_dns_ips
[2026-04-12T04:34:18.968+0000] {subprocess.py:106} INFO - 	client.id = consumer-spark-kafka-source-976a919c-62af-466d-8d30-721debbc149c--983882313-executor-2
[2026-04-12T04:34:18.968+0000] {subprocess.py:106} INFO - 	client.rack =
[2026-04-12T04:34:18.969+0000] {subprocess.py:106} INFO - 	connections.max.idle.ms = 540000
[2026-04-12T04:34:18.969+0000] {subprocess.py:106} INFO - 	default.api.timeout.ms = 60000
[2026-04-12T04:34:18.969+0000] {subprocess.py:106} INFO - 	enable.auto.commit = false
[2026-04-12T04:34:18.970+0000] {subprocess.py:106} INFO - 	enable.metrics.push = true
[2026-04-12T04:34:18.970+0000] {subprocess.py:106} INFO - 	exclude.internal.topics = true
[2026-04-12T04:34:18.971+0000] {subprocess.py:106} INFO - 	fetch.max.bytes = 52428800
[2026-04-12T04:34:18.971+0000] {subprocess.py:106} INFO - 	fetch.max.wait.ms = 500
[2026-04-12T04:34:18.971+0000] {subprocess.py:106} INFO - 	fetch.min.bytes = 1
[2026-04-12T04:34:18.972+0000] {subprocess.py:106} INFO - 	group.id = spark-kafka-source-976a919c-62af-466d-8d30-721debbc149c--983882313-executor
[2026-04-12T04:34:18.972+0000] {subprocess.py:106} INFO - 	group.instance.id = null
[2026-04-12T04:34:18.973+0000] {subprocess.py:106} INFO - 	group.protocol = classic
[2026-04-12T04:34:18.973+0000] {subprocess.py:106} INFO - 	group.remote.assignor = null
[2026-04-12T04:34:18.974+0000] {subprocess.py:106} INFO - 	heartbeat.interval.ms = 3000
[2026-04-12T04:34:18.975+0000] {subprocess.py:106} INFO - 	interceptor.classes = []
[2026-04-12T04:34:18.975+0000] {subprocess.py:106} INFO - 	internal.leave.group.on.close = true
[2026-04-12T04:34:18.976+0000] {subprocess.py:106} INFO - 	internal.throw.on.fetch.stable.offset.unsupported = false
[2026-04-12T04:34:18.976+0000] {subprocess.py:106} INFO - 	isolation.level = read_uncommitted
[2026-04-12T04:34:18.977+0000] {subprocess.py:106} INFO - 	key.deserializer = class org.apache.kafka.common.serialization.ByteArrayDeserializer
[2026-04-12T04:34:18.977+0000] {subprocess.py:106} INFO - 	max.partition.fetch.bytes = 1048576
[2026-04-12T04:34:18.978+0000] {subprocess.py:106} INFO - 	max.poll.interval.ms = 300000
[2026-04-12T04:34:18.978+0000] {subprocess.py:106} INFO - 	max.poll.records = 500
[2026-04-12T04:34:18.978+0000] {subprocess.py:106} INFO - 	metadata.max.age.ms = 300000
[2026-04-12T04:34:18.979+0000] {subprocess.py:106} INFO - 	metadata.recovery.strategy = none
[2026-04-12T04:34:18.979+0000] {subprocess.py:106} INFO - 	metric.reporters = []
[2026-04-12T04:34:18.980+0000] {subprocess.py:106} INFO - 	metrics.num.samples = 2
[2026-04-12T04:34:18.980+0000] {subprocess.py:106} INFO - 	metrics.recording.level = INFO
[2026-04-12T04:34:18.980+0000] {subprocess.py:106} INFO - 	metrics.sample.window.ms = 30000
[2026-04-12T04:34:18.981+0000] {subprocess.py:106} INFO - 	partition.assignment.strategy = [class org.apache.kafka.clients.consumer.RangeAssignor, class org.apache.kafka.clients.consumer.CooperativeStickyAssignor]
[2026-04-12T04:34:18.981+0000] {subprocess.py:106} INFO - 	receive.buffer.bytes = 65536
[2026-04-12T04:34:18.981+0000] {subprocess.py:106} INFO - 	reconnect.backoff.max.ms = 1000
[2026-04-12T04:34:18.982+0000] {subprocess.py:106} INFO - 	reconnect.backoff.ms = 50
[2026-04-12T04:34:18.982+0000] {subprocess.py:106} INFO - 	request.timeout.ms = 30000
[2026-04-12T04:34:18.982+0000] {subprocess.py:106} INFO - 	retry.backoff.max.ms = 1000
[2026-04-12T04:34:18.983+0000] {subprocess.py:106} INFO - 	retry.backoff.ms = 100
[2026-04-12T04:34:18.983+0000] {subprocess.py:106} INFO - 	sasl.client.callback.handler.class = null
[2026-04-12T04:34:18.984+0000] {subprocess.py:106} INFO - 	sasl.jaas.config = null
[2026-04-12T04:34:18.984+0000] {subprocess.py:106} INFO - 	sasl.kerberos.kinit.cmd = /usr/bin/kinit
[2026-04-12T04:34:18.984+0000] {subprocess.py:106} INFO - 	sasl.kerberos.min.time.before.relogin = 60000
[2026-04-12T04:34:18.985+0000] {subprocess.py:106} INFO - 	sasl.kerberos.service.name = null
[2026-04-12T04:34:18.985+0000] {subprocess.py:106} INFO - 	sasl.kerberos.ticket.renew.jitter = 0.05
[2026-04-12T04:34:18.985+0000] {subprocess.py:106} INFO - 	sasl.kerberos.ticket.renew.window.factor = 0.8
[2026-04-12T04:34:18.986+0000] {subprocess.py:106} INFO - 	sasl.login.callback.handler.class = null
[2026-04-12T04:34:18.986+0000] {subprocess.py:106} INFO - 	sasl.login.class = null
[2026-04-12T04:34:18.986+0000] {subprocess.py:106} INFO - 	sasl.login.connect.timeout.ms = null
[2026-04-12T04:34:18.987+0000] {subprocess.py:106} INFO - 	sasl.login.read.timeout.ms = null
[2026-04-12T04:34:18.987+0000] {subprocess.py:106} INFO - 	sasl.login.refresh.buffer.seconds = 300
[2026-04-12T04:34:18.988+0000] {subprocess.py:106} INFO - 	sasl.login.refresh.min.period.seconds = 60
[2026-04-12T04:34:18.988+0000] {subprocess.py:106} INFO - 	sasl.login.refresh.window.factor = 0.8
[2026-04-12T04:34:18.988+0000] {subprocess.py:106} INFO - 	sasl.login.refresh.window.jitter = 0.05
[2026-04-12T04:34:18.989+0000] {subprocess.py:106} INFO - 	sasl.login.retry.backoff.max.ms = 10000
[2026-04-12T04:34:18.989+0000] {subprocess.py:106} INFO - 	sasl.login.retry.backoff.ms = 100
[2026-04-12T04:34:18.989+0000] {subprocess.py:106} INFO - 	sasl.mechanism = GSSAPI
[2026-04-12T04:34:18.990+0000] {subprocess.py:106} INFO - 	sasl.oauthbearer.clock.skew.seconds = 30
[2026-04-12T04:34:18.990+0000] {subprocess.py:106} INFO - 	sasl.oauthbearer.expected.audience = null
[2026-04-12T04:34:18.990+0000] {subprocess.py:106} INFO - 	sasl.oauthbearer.expected.issuer = null
[2026-04-12T04:34:18.991+0000] {subprocess.py:106} INFO - 	sasl.oauthbearer.header.urlencode = false
[2026-04-12T04:34:18.991+0000] {subprocess.py:106} INFO - 	sasl.oauthbearer.jwks.endpoint.refresh.ms = 3600000
[2026-04-12T04:34:18.991+0000] {subprocess.py:106} INFO - 	sasl.oauthbearer.jwks.endpoint.retry.backoff.max.ms = 10000
[2026-04-12T04:34:18.992+0000] {subprocess.py:106} INFO - 	sasl.oauthbearer.jwks.endpoint.retry.backoff.ms = 100
[2026-04-12T04:34:18.992+0000] {subprocess.py:106} INFO - 	sasl.oauthbearer.jwks.endpoint.url = null
[2026-04-12T04:34:18.993+0000] {subprocess.py:106} INFO - 	sasl.oauthbearer.scope.claim.name = scope
[2026-04-12T04:34:18.993+0000] {subprocess.py:106} INFO - 	sasl.oauthbearer.sub.claim.name = sub
[2026-04-12T04:34:18.993+0000] {subprocess.py:106} INFO - 	sasl.oauthbearer.token.endpoint.url = null
[2026-04-12T04:34:18.994+0000] {subprocess.py:106} INFO - 	security.protocol = PLAINTEXT
[2026-04-12T04:34:18.994+0000] {subprocess.py:106} INFO - 	security.providers = null
[2026-04-12T04:34:18.995+0000] {subprocess.py:106} INFO - 	send.buffer.bytes = 131072
[2026-04-12T04:34:18.995+0000] {subprocess.py:106} INFO - 	session.timeout.ms = 45000
[2026-04-12T04:34:18.995+0000] {subprocess.py:106} INFO - 	socket.connection.setup.timeout.max.ms = 30000
[2026-04-12T04:34:18.996+0000] {subprocess.py:106} INFO - 	socket.connection.setup.timeout.ms = 10000
[2026-04-12T04:34:18.996+0000] {subprocess.py:106} INFO - 	ssl.cipher.suites = null
[2026-04-12T04:34:18.996+0000] {subprocess.py:106} INFO - 	ssl.enabled.protocols = [TLSv1.2, TLSv1.3]
[2026-04-12T04:34:18.997+0000] {subprocess.py:106} INFO - 	ssl.endpoint.identification.algorithm = https
[2026-04-12T04:34:18.997+0000] {subprocess.py:106} INFO - 	ssl.engine.factory.class = null
[2026-04-12T04:34:18.998+0000] {subprocess.py:106} INFO - 	ssl.key.password = null
[2026-04-12T04:34:18.998+0000] {subprocess.py:106} INFO - 	ssl.keymanager.algorithm = SunX509
[2026-04-12T04:34:18.998+0000] {subprocess.py:106} INFO - 	ssl.keystore.certificate.chain = null
[2026-04-12T04:34:18.999+0000] {subprocess.py:106} INFO - 	ssl.keystore.key = null
[2026-04-12T04:34:18.999+0000] {subprocess.py:106} INFO - 	ssl.keystore.location = null
[2026-04-12T04:34:18.999+0000] {subprocess.py:106} INFO - 	ssl.keystore.password = null
[2026-04-12T04:34:19.000+0000] {subprocess.py:106} INFO - 	ssl.keystore.type = JKS
[2026-04-12T04:34:19.000+0000] {subprocess.py:106} INFO - 	ssl.protocol = TLSv1.3
[2026-04-12T04:34:19.000+0000] {subprocess.py:106} INFO - 	ssl.provider = null
[2026-04-12T04:34:19.001+0000] {subprocess.py:106} INFO - 	ssl.secure.random.implementation = null
[2026-04-12T04:34:19.001+0000] {subprocess.py:106} INFO - 	ssl.trustmanager.algorithm = PKIX
[2026-04-12T04:34:19.002+0000] {subprocess.py:106} INFO - 	ssl.truststore.certificates = null
[2026-04-12T04:34:19.002+0000] {subprocess.py:106} INFO - 	ssl.truststore.location = null
[2026-04-12T04:34:19.002+0000] {subprocess.py:106} INFO - 	ssl.truststore.password = null
[2026-04-12T04:34:19.003+0000] {subprocess.py:106} INFO - 	ssl.truststore.type = JKS
[2026-04-12T04:34:19.003+0000] {subprocess.py:106} INFO - 	value.deserializer = class org.apache.kafka.common.serialization.ByteArrayDeserializer
[2026-04-12T04:34:19.004+0000] {subprocess.py:106} INFO - 
[2026-04-12T04:34:19.004+0000] {subprocess.py:106} INFO - 26/04/12 04:34:18 INFO ConsumerConfig: ConsumerConfig values:
[2026-04-12T04:34:19.004+0000] {subprocess.py:106} INFO - 	allow.auto.create.topics = true
[2026-04-12T04:34:19.005+0000] {subprocess.py:106} INFO - 	auto.commit.interval.ms = 5000
[2026-04-12T04:34:19.006+0000] {subprocess.py:106} INFO - 	auto.include.jmx.reporter = true
[2026-04-12T04:34:19.006+0000] {subprocess.py:106} INFO - 	auto.offset.reset = none
[2026-04-12T04:34:19.007+0000] {subprocess.py:106} INFO - 	bootstrap.servers = [kafka:9092]
[2026-04-12T04:34:19.007+0000] {subprocess.py:106} INFO - 	check.crcs = true
[2026-04-12T04:34:19.008+0000] {subprocess.py:106} INFO - 	client.dns.lookup = use_all_dns_ips
[2026-04-12T04:34:19.008+0000] {subprocess.py:106} INFO - 	client.id = consumer-spark-kafka-source-976a919c-62af-466d-8d30-721debbc149c--983882313-executor-3
[2026-04-12T04:34:19.008+0000] {subprocess.py:106} INFO - 	client.rack =
[2026-04-12T04:34:19.009+0000] {subprocess.py:106} INFO - 	connections.max.idle.ms = 540000
[2026-04-12T04:34:19.009+0000] {subprocess.py:106} INFO - 	default.api.timeout.ms = 60000
[2026-04-12T04:34:19.010+0000] {subprocess.py:106} INFO - 	enable.auto.commit = false
[2026-04-12T04:34:19.010+0000] {subprocess.py:106} INFO - 	enable.metrics.push = true
[2026-04-12T04:34:19.010+0000] {subprocess.py:106} INFO - 	exclude.internal.topics = true
[2026-04-12T04:34:19.011+0000] {subprocess.py:106} INFO - 	fetch.max.bytes = 52428800
[2026-04-12T04:34:19.011+0000] {subprocess.py:106} INFO - 	fetch.max.wait.ms = 500
[2026-04-12T04:34:19.011+0000] {subprocess.py:106} INFO - 	fetch.min.bytes = 1
[2026-04-12T04:34:19.012+0000] {subprocess.py:106} INFO - 	group.id = spark-kafka-source-976a919c-62af-466d-8d30-721debbc149c--983882313-executor
[2026-04-12T04:34:19.012+0000] {subprocess.py:106} INFO - 	group.instance.id = null
[2026-04-12T04:34:19.013+0000] {subprocess.py:106} INFO - 	group.protocol = classic
[2026-04-12T04:34:19.013+0000] {subprocess.py:106} INFO - 	group.remote.assignor = null
[2026-04-12T04:34:19.013+0000] {subprocess.py:106} INFO - 	heartbeat.interval.ms = 3000
[2026-04-12T04:34:19.014+0000] {subprocess.py:106} INFO - 	interceptor.classes = []
[2026-04-12T04:34:19.014+0000] {subprocess.py:106} INFO - 	internal.leave.group.on.close = true
[2026-04-12T04:34:19.014+0000] {subprocess.py:106} INFO - 	internal.throw.on.fetch.stable.offset.unsupported = false
[2026-04-12T04:34:19.015+0000] {subprocess.py:106} INFO - 	isolation.level = read_uncommitted
[2026-04-12T04:34:19.015+0000] {subprocess.py:106} INFO - 	key.deserializer = class org.apache.kafka.common.serialization.ByteArrayDeserializer
[2026-04-12T04:34:19.016+0000] {subprocess.py:106} INFO - 	max.partition.fetch.bytes = 1048576
[2026-04-12T04:34:19.016+0000] {subprocess.py:106} INFO - 	max.poll.interval.ms = 300000
[2026-04-12T04:34:19.016+0000] {subprocess.py:106} INFO - 	max.poll.records = 500
[2026-04-12T04:34:19.017+0000] {subprocess.py:106} INFO - 	metadata.max.age.ms = 300000
[2026-04-12T04:34:19.017+0000] {subprocess.py:106} INFO - 	metadata.recovery.strategy = none
[2026-04-12T04:34:19.018+0000] {subprocess.py:106} INFO - 	metric.reporters = []
[2026-04-12T04:34:19.018+0000] {subprocess.py:106} INFO - 	metrics.num.samples = 2
[2026-04-12T04:34:19.018+0000] {subprocess.py:106} INFO - 	metrics.recording.level = INFO
[2026-04-12T04:34:19.019+0000] {subprocess.py:106} INFO - 	metrics.sample.window.ms = 30000
[2026-04-12T04:34:19.019+0000] {subprocess.py:106} INFO - 	partition.assignment.strategy = [class org.apache.kafka.clients.consumer.RangeAssignor, class org.apache.kafka.clients.consumer.CooperativeStickyAssignor]
[2026-04-12T04:34:19.020+0000] {subprocess.py:106} INFO - 	receive.buffer.bytes = 65536
[2026-04-12T04:34:19.020+0000] {subprocess.py:106} INFO - 	reconnect.backoff.max.ms = 1000
[2026-04-12T04:34:19.022+0000] {subprocess.py:106} INFO - 	reconnect.backoff.ms = 50
[2026-04-12T04:34:19.023+0000] {subprocess.py:106} INFO - 	request.timeout.ms = 30000
[2026-04-12T04:34:19.023+0000] {subprocess.py:106} INFO - 	retry.backoff.max.ms = 1000
[2026-04-12T04:34:19.024+0000] {subprocess.py:106} INFO - 	retry.backoff.ms = 100
[2026-04-12T04:34:19.024+0000] {subprocess.py:106} INFO - 	sasl.client.callback.handler.class = null
[2026-04-12T04:34:19.025+0000] {subprocess.py:106} INFO - 	sasl.jaas.config = null
[2026-04-12T04:34:19.025+0000] {subprocess.py:106} INFO - 	sasl.kerberos.kinit.cmd = /usr/bin/kinit
[2026-04-12T04:34:19.030+0000] {subprocess.py:106} INFO - 	sasl.kerberos.min.time.before.relogin = 60000
[2026-04-12T04:34:19.030+0000] {subprocess.py:106} INFO - 	sasl.kerberos.service.name = null
[2026-04-12T04:34:19.031+0000] {subprocess.py:106} INFO - 	sasl.kerberos.ticket.renew.jitter = 0.05
[2026-04-12T04:34:19.033+0000] {subprocess.py:106} INFO - 	sasl.kerberos.ticket.renew.window.factor = 0.8
[2026-04-12T04:34:19.034+0000] {subprocess.py:106} INFO - 	sasl.login.callback.handler.class = null
[2026-04-12T04:34:19.035+0000] {subprocess.py:106} INFO - 	sasl.login.class = null
[2026-04-12T04:34:19.035+0000] {subprocess.py:106} INFO - 	sasl.login.connect.timeout.ms = null
[2026-04-12T04:34:19.035+0000] {subprocess.py:106} INFO - 	sasl.login.read.timeout.ms = null
[2026-04-12T04:34:19.036+0000] {subprocess.py:106} INFO - 	sasl.login.refresh.buffer.seconds = 300
[2026-04-12T04:34:19.036+0000] {subprocess.py:106} INFO - 	sasl.login.refresh.min.period.seconds = 60
[2026-04-12T04:34:19.037+0000] {subprocess.py:106} INFO - 	sasl.login.refresh.window.factor = 0.8
[2026-04-12T04:34:19.037+0000] {subprocess.py:106} INFO - 	sasl.login.refresh.window.jitter = 0.05
[2026-04-12T04:34:19.038+0000] {subprocess.py:106} INFO - 	sasl.login.retry.backoff.max.ms = 10000
[2026-04-12T04:34:19.038+0000] {subprocess.py:106} INFO - 	sasl.login.retry.backoff.ms = 100
[2026-04-12T04:34:19.039+0000] {subprocess.py:106} INFO - 	sasl.mechanism = GSSAPI
[2026-04-12T04:34:19.039+0000] {subprocess.py:106} INFO - 	sasl.oauthbearer.clock.skew.seconds = 30
[2026-04-12T04:34:19.039+0000] {subprocess.py:106} INFO - 	sasl.oauthbearer.expected.audience = null
[2026-04-12T04:34:19.040+0000] {subprocess.py:106} INFO - 	sasl.oauthbearer.expected.issuer = null
[2026-04-12T04:34:19.040+0000] {subprocess.py:106} INFO - 	sasl.oauthbearer.header.urlencode = false
[2026-04-12T04:34:19.040+0000] {subprocess.py:106} INFO - 	sasl.oauthbearer.jwks.endpoint.refresh.ms = 3600000
[2026-04-12T04:34:19.041+0000] {subprocess.py:106} INFO - 	sasl.oauthbearer.jwks.endpoint.retry.backoff.max.ms = 10000
[2026-04-12T04:34:19.041+0000] {subprocess.py:106} INFO - 	sasl.oauthbearer.jwks.endpoint.retry.backoff.ms = 100
[2026-04-12T04:34:19.042+0000] {subprocess.py:106} INFO - 	sasl.oauthbearer.jwks.endpoint.url = null
[2026-04-12T04:34:19.042+0000] {subprocess.py:106} INFO - 	sasl.oauthbearer.scope.claim.name = scope
[2026-04-12T04:34:19.042+0000] {subprocess.py:106} INFO - 	sasl.oauthbearer.sub.claim.name = sub
[2026-04-12T04:34:19.043+0000] {subprocess.py:106} INFO - 	sasl.oauthbearer.token.endpoint.url = null
[2026-04-12T04:34:19.043+0000] {subprocess.py:106} INFO - 	security.protocol = PLAINTEXT
[2026-04-12T04:34:19.043+0000] {subprocess.py:106} INFO - 	security.providers = null
[2026-04-12T04:34:19.044+0000] {subprocess.py:106} INFO - 	send.buffer.bytes = 131072
[2026-04-12T04:34:19.044+0000] {subprocess.py:106} INFO - 	session.timeout.ms = 45000
[2026-04-12T04:34:19.044+0000] {subprocess.py:106} INFO - 	socket.connection.setup.timeout.max.ms = 30000
[2026-04-12T04:34:19.045+0000] {subprocess.py:106} INFO - 	socket.connection.setup.timeout.ms = 10000
[2026-04-12T04:34:19.045+0000] {subprocess.py:106} INFO - 	ssl.cipher.suites = null
[2026-04-12T04:34:19.046+0000] {subprocess.py:106} INFO - 	ssl.enabled.protocols = [TLSv1.2, TLSv1.3]
[2026-04-12T04:34:19.046+0000] {subprocess.py:106} INFO - 	ssl.endpoint.identification.algorithm = https
[2026-04-12T04:34:19.047+0000] {subprocess.py:106} INFO - 	ssl.engine.factory.class = null
[2026-04-12T04:34:19.047+0000] {subprocess.py:106} INFO - 	ssl.key.password = null
[2026-04-12T04:34:19.047+0000] {subprocess.py:106} INFO - 	ssl.keymanager.algorithm = SunX509
[2026-04-12T04:34:19.048+0000] {subprocess.py:106} INFO - 	ssl.keystore.certificate.chain = null
[2026-04-12T04:34:19.048+0000] {subprocess.py:106} INFO - 	ssl.keystore.key = null
[2026-04-12T04:34:19.049+0000] {subprocess.py:106} INFO - 	ssl.keystore.location = null
[2026-04-12T04:34:19.049+0000] {subprocess.py:106} INFO - 	ssl.keystore.password = null
[2026-04-12T04:34:19.050+0000] {subprocess.py:106} INFO - 	ssl.keystore.type = JKS
[2026-04-12T04:34:19.050+0000] {subprocess.py:106} INFO - 	ssl.protocol = TLSv1.3
[2026-04-12T04:34:19.050+0000] {subprocess.py:106} INFO - 	ssl.provider = null
[2026-04-12T04:34:19.051+0000] {subprocess.py:106} INFO - 	ssl.secure.random.implementation = null
[2026-04-12T04:34:19.051+0000] {subprocess.py:106} INFO - 	ssl.trustmanager.algorithm = PKIX
[2026-04-12T04:34:19.052+0000] {subprocess.py:106} INFO - 	ssl.truststore.certificates = null
[2026-04-12T04:34:19.052+0000] {subprocess.py:106} INFO - 	ssl.truststore.location = null
[2026-04-12T04:34:19.053+0000] {subprocess.py:106} INFO - 	ssl.truststore.password = null
[2026-04-12T04:34:19.053+0000] {subprocess.py:106} INFO - 	ssl.truststore.type = JKS
[2026-04-12T04:34:19.054+0000] {subprocess.py:106} INFO - 	value.deserializer = class org.apache.kafka.common.serialization.ByteArrayDeserializer
[2026-04-12T04:34:19.054+0000] {subprocess.py:106} INFO - 
[2026-04-12T04:34:19.055+0000] {subprocess.py:106} INFO - 26/04/12 04:34:18 INFO ConsumerConfig: ConsumerConfig values:
[2026-04-12T04:34:19.055+0000] {subprocess.py:106} INFO - 	allow.auto.create.topics = true
[2026-04-12T04:34:19.056+0000] {subprocess.py:106} INFO - 	auto.commit.interval.ms = 5000
[2026-04-12T04:34:19.056+0000] {subprocess.py:106} INFO - 	auto.include.jmx.reporter = true
[2026-04-12T04:34:19.057+0000] {subprocess.py:106} INFO - 	auto.offset.reset = none
[2026-04-12T04:34:19.057+0000] {subprocess.py:106} INFO - 	bootstrap.servers = [kafka:9092]
[2026-04-12T04:34:19.058+0000] {subprocess.py:106} INFO - 	check.crcs = true
[2026-04-12T04:34:19.058+0000] {subprocess.py:106} INFO - 	client.dns.lookup = use_all_dns_ips
[2026-04-12T04:34:19.058+0000] {subprocess.py:106} INFO - 	client.id = consumer-spark-kafka-source-976a919c-62af-466d-8d30-721debbc149c--983882313-executor-1
[2026-04-12T04:34:19.059+0000] {subprocess.py:106} INFO - 	client.rack =
[2026-04-12T04:34:19.059+0000] {subprocess.py:106} INFO - 	connections.max.idle.ms = 540000
[2026-04-12T04:34:19.060+0000] {subprocess.py:106} INFO - 	default.api.timeout.ms = 60000
[2026-04-12T04:34:19.060+0000] {subprocess.py:106} INFO - 	enable.auto.commit = false
[2026-04-12T04:34:19.060+0000] {subprocess.py:106} INFO - 	enable.metrics.push = true
[2026-04-12T04:34:19.061+0000] {subprocess.py:106} INFO - 	exclude.internal.topics = true
[2026-04-12T04:34:19.061+0000] {subprocess.py:106} INFO - 	fetch.max.bytes = 52428800
[2026-04-12T04:34:19.062+0000] {subprocess.py:106} INFO - 	fetch.max.wait.ms = 500
[2026-04-12T04:34:19.062+0000] {subprocess.py:106} INFO - 	fetch.min.bytes = 1
[2026-04-12T04:34:19.062+0000] {subprocess.py:106} INFO - 	group.id = spark-kafka-source-976a919c-62af-466d-8d30-721debbc149c--983882313-executor
[2026-04-12T04:34:19.063+0000] {subprocess.py:106} INFO - 	group.instance.id = null
[2026-04-12T04:34:19.063+0000] {subprocess.py:106} INFO - 	group.protocol = classic
[2026-04-12T04:34:19.063+0000] {subprocess.py:106} INFO - 	group.remote.assignor = null
[2026-04-12T04:34:19.064+0000] {subprocess.py:106} INFO - 	heartbeat.interval.ms = 3000
[2026-04-12T04:34:19.064+0000] {subprocess.py:106} INFO - 	interceptor.classes = []
[2026-04-12T04:34:19.064+0000] {subprocess.py:106} INFO - 	internal.leave.group.on.close = true
[2026-04-12T04:34:19.066+0000] {subprocess.py:106} INFO - 	internal.throw.on.fetch.stable.offset.unsupported = false
[2026-04-12T04:34:19.066+0000] {subprocess.py:106} INFO - 	isolation.level = read_uncommitted
[2026-04-12T04:34:19.067+0000] {subprocess.py:106} INFO - 	key.deserializer = class org.apache.kafka.common.serialization.ByteArrayDeserializer
[2026-04-12T04:34:19.067+0000] {subprocess.py:106} INFO - 	max.partition.fetch.bytes = 1048576
[2026-04-12T04:34:19.068+0000] {subprocess.py:106} INFO - 	max.poll.interval.ms = 300000
[2026-04-12T04:34:19.068+0000] {subprocess.py:106} INFO - 	max.poll.records = 500
[2026-04-12T04:34:19.069+0000] {subprocess.py:106} INFO - 	metadata.max.age.ms = 300000
[2026-04-12T04:34:19.069+0000] {subprocess.py:106} INFO - 	metadata.recovery.strategy = none
[2026-04-12T04:34:19.070+0000] {subprocess.py:106} INFO - 	metric.reporters = []
[2026-04-12T04:34:19.070+0000] {subprocess.py:106} INFO - 	metrics.num.samples = 2
[2026-04-12T04:34:19.071+0000] {subprocess.py:106} INFO - 	metrics.recording.level = INFO
[2026-04-12T04:34:19.071+0000] {subprocess.py:106} INFO - 	metrics.sample.window.ms = 30000
[2026-04-12T04:34:19.071+0000] {subprocess.py:106} INFO - 	partition.assignment.strategy = [class org.apache.kafka.clients.consumer.RangeAssignor, class org.apache.kafka.clients.consumer.CooperativeStickyAssignor]
[2026-04-12T04:34:19.072+0000] {subprocess.py:106} INFO - 	receive.buffer.bytes = 65536
[2026-04-12T04:34:19.072+0000] {subprocess.py:106} INFO - 	reconnect.backoff.max.ms = 1000
[2026-04-12T04:34:19.073+0000] {subprocess.py:106} INFO - 	reconnect.backoff.ms = 50
[2026-04-12T04:34:19.073+0000] {subprocess.py:106} INFO - 	request.timeout.ms = 30000
[2026-04-12T04:34:19.073+0000] {subprocess.py:106} INFO - 	retry.backoff.max.ms = 1000
[2026-04-12T04:34:19.074+0000] {subprocess.py:106} INFO - 	retry.backoff.ms = 100
[2026-04-12T04:34:19.074+0000] {subprocess.py:106} INFO - 	sasl.client.callback.handler.class = null
[2026-04-12T04:34:19.075+0000] {subprocess.py:106} INFO - 	sasl.jaas.config = null
[2026-04-12T04:34:19.075+0000] {subprocess.py:106} INFO - 	sasl.kerberos.kinit.cmd = /usr/bin/kinit
[2026-04-12T04:34:19.075+0000] {subprocess.py:106} INFO - 	sasl.kerberos.min.time.before.relogin = 60000
[2026-04-12T04:34:19.076+0000] {subprocess.py:106} INFO - 	sasl.kerberos.service.name = null
[2026-04-12T04:34:19.076+0000] {subprocess.py:106} INFO - 	sasl.kerberos.ticket.renew.jitter = 0.05
[2026-04-12T04:34:19.077+0000] {subprocess.py:106} INFO - 	sasl.kerberos.ticket.renew.window.factor = 0.8
[2026-04-12T04:34:19.077+0000] {subprocess.py:106} INFO - 	sasl.login.callback.handler.class = null
[2026-04-12T04:34:19.077+0000] {subprocess.py:106} INFO - 	sasl.login.class = null
[2026-04-12T04:34:19.078+0000] {subprocess.py:106} INFO - 	sasl.login.connect.timeout.ms = null
[2026-04-12T04:34:19.078+0000] {subprocess.py:106} INFO - 	sasl.login.read.timeout.ms = null
[2026-04-12T04:34:19.078+0000] {subprocess.py:106} INFO - 	sasl.login.refresh.buffer.seconds = 300
[2026-04-12T04:34:19.079+0000] {subprocess.py:106} INFO - 	sasl.login.refresh.min.period.seconds = 60
[2026-04-12T04:34:19.079+0000] {subprocess.py:106} INFO - 	sasl.login.refresh.window.factor = 0.8
[2026-04-12T04:34:19.080+0000] {subprocess.py:106} INFO - 	sasl.login.refresh.window.jitter = 0.05
[2026-04-12T04:34:19.081+0000] {subprocess.py:106} INFO - 	sasl.login.retry.backoff.max.ms = 10000
[2026-04-12T04:34:19.081+0000] {subprocess.py:106} INFO - 	sasl.login.retry.backoff.ms = 100
[2026-04-12T04:34:19.082+0000] {subprocess.py:106} INFO - 	sasl.mechanism = GSSAPI
[2026-04-12T04:34:19.082+0000] {subprocess.py:106} INFO - 	sasl.oauthbearer.clock.skew.seconds = 30
[2026-04-12T04:34:19.083+0000] {subprocess.py:106} INFO - 	sasl.oauthbearer.expected.audience = null
[2026-04-12T04:34:19.084+0000] {subprocess.py:106} INFO - 	sasl.oauthbearer.expected.issuer = null
[2026-04-12T04:34:19.084+0000] {subprocess.py:106} INFO - 	sasl.oauthbearer.header.urlencode = false
[2026-04-12T04:34:19.085+0000] {subprocess.py:106} INFO - 	sasl.oauthbearer.jwks.endpoint.refresh.ms = 3600000
[2026-04-12T04:34:19.085+0000] {subprocess.py:106} INFO - 	sasl.oauthbearer.jwks.endpoint.retry.backoff.max.ms = 10000
[2026-04-12T04:34:19.086+0000] {subprocess.py:106} INFO - 	sasl.oauthbearer.jwks.endpoint.retry.backoff.ms = 100
[2026-04-12T04:34:19.086+0000] {subprocess.py:106} INFO - 	sasl.oauthbearer.jwks.endpoint.url = null
[2026-04-12T04:34:19.087+0000] {subprocess.py:106} INFO - 	sasl.oauthbearer.scope.claim.name = scope
[2026-04-12T04:34:19.087+0000] {subprocess.py:106} INFO - 	sasl.oauthbearer.sub.claim.name = sub
[2026-04-12T04:34:19.088+0000] {subprocess.py:106} INFO - 	sasl.oauthbearer.token.endpoint.url = null
[2026-04-12T04:34:19.088+0000] {subprocess.py:106} INFO - 	security.protocol = PLAINTEXT
[2026-04-12T04:34:19.089+0000] {subprocess.py:106} INFO - 	security.providers = null
[2026-04-12T04:34:19.089+0000] {subprocess.py:106} INFO - 	send.buffer.bytes = 131072
[2026-04-12T04:34:19.089+0000] {subprocess.py:106} INFO - 	session.timeout.ms = 45000
[2026-04-12T04:34:19.090+0000] {subprocess.py:106} INFO - 	socket.connection.setup.timeout.max.ms = 30000
[2026-04-12T04:34:19.090+0000] {subprocess.py:106} INFO - 	socket.connection.setup.timeout.ms = 10000
[2026-04-12T04:34:19.091+0000] {subprocess.py:106} INFO - 	ssl.cipher.suites = null
[2026-04-12T04:34:19.091+0000] {subprocess.py:106} INFO - 	ssl.enabled.protocols = [TLSv1.2, TLSv1.3]
[2026-04-12T04:34:19.092+0000] {subprocess.py:106} INFO - 	ssl.endpoint.identification.algorithm = https
[2026-04-12T04:34:19.092+0000] {subprocess.py:106} INFO - 	ssl.engine.factory.class = null
[2026-04-12T04:34:19.092+0000] {subprocess.py:106} INFO - 	ssl.key.password = null
[2026-04-12T04:34:19.093+0000] {subprocess.py:106} INFO - 	ssl.keymanager.algorithm = SunX509
[2026-04-12T04:34:19.093+0000] {subprocess.py:106} INFO - 	ssl.keystore.certificate.chain = null
[2026-04-12T04:34:19.094+0000] {subprocess.py:106} INFO - 	ssl.keystore.key = null
[2026-04-12T04:34:19.094+0000] {subprocess.py:106} INFO - 	ssl.keystore.location = null
[2026-04-12T04:34:19.094+0000] {subprocess.py:106} INFO - 	ssl.keystore.password = null
[2026-04-12T04:34:19.095+0000] {subprocess.py:106} INFO - 	ssl.keystore.type = JKS
[2026-04-12T04:34:19.095+0000] {subprocess.py:106} INFO - 	ssl.protocol = TLSv1.3
[2026-04-12T04:34:19.096+0000] {subprocess.py:106} INFO - 	ssl.provider = null
[2026-04-12T04:34:19.096+0000] {subprocess.py:106} INFO - 	ssl.secure.random.implementation = null
[2026-04-12T04:34:19.097+0000] {subprocess.py:106} INFO - 	ssl.trustmanager.algorithm = PKIX
[2026-04-12T04:34:19.097+0000] {subprocess.py:106} INFO - 	ssl.truststore.certificates = null
[2026-04-12T04:34:19.097+0000] {subprocess.py:106} INFO - 	ssl.truststore.location = null
[2026-04-12T04:34:19.098+0000] {subprocess.py:106} INFO - 	ssl.truststore.password = null
[2026-04-12T04:34:19.098+0000] {subprocess.py:106} INFO - 	ssl.truststore.type = JKS
[2026-04-12T04:34:19.099+0000] {subprocess.py:106} INFO - 	value.deserializer = class org.apache.kafka.common.serialization.ByteArrayDeserializer
[2026-04-12T04:34:19.099+0000] {subprocess.py:106} INFO - 
[2026-04-12T04:34:19.099+0000] {subprocess.py:106} INFO - 26/04/12 04:34:19 INFO KafkaMetricsCollector: initializing Kafka metrics collector
[2026-04-12T04:34:19.100+0000] {subprocess.py:106} INFO - 26/04/12 04:34:19 INFO KafkaMetricsCollector: initializing Kafka metrics collector
[2026-04-12T04:34:19.100+0000] {subprocess.py:106} INFO - 26/04/12 04:34:19 INFO KafkaMetricsCollector: initializing Kafka metrics collector
[2026-04-12T04:34:19.187+0000] {subprocess.py:106} INFO - 26/04/12 04:34:19 INFO AppInfoParser: Kafka version: 3.9.0
[2026-04-12T04:34:19.189+0000] {subprocess.py:106} INFO - 26/04/12 04:34:19 INFO AppInfoParser: Kafka commitId: 84caaa6e9da06435
[2026-04-12T04:34:19.189+0000] {subprocess.py:106} INFO - 26/04/12 04:34:19 INFO AppInfoParser: Kafka startTimeMs: 1775968459183
[2026-04-12T04:34:19.194+0000] {subprocess.py:106} INFO - 26/04/12 04:34:19 INFO AppInfoParser: Kafka version: 3.9.0
[2026-04-12T04:34:19.195+0000] {subprocess.py:106} INFO - 26/04/12 04:34:19 INFO AppInfoParser: Kafka commitId: 84caaa6e9da06435
[2026-04-12T04:34:19.196+0000] {subprocess.py:106} INFO - 26/04/12 04:34:19 INFO AppInfoParser: Kafka startTimeMs: 1775968459184
[2026-04-12T04:34:19.196+0000] {subprocess.py:106} INFO - 26/04/12 04:34:19 INFO AppInfoParser: Kafka version: 3.9.0
[2026-04-12T04:34:19.197+0000] {subprocess.py:106} INFO - 26/04/12 04:34:19 INFO AppInfoParser: Kafka commitId: 84caaa6e9da06435
[2026-04-12T04:34:19.197+0000] {subprocess.py:106} INFO - 26/04/12 04:34:19 INFO AppInfoParser: Kafka startTimeMs: 1775968459183
[2026-04-12T04:34:19.199+0000] {subprocess.py:106} INFO - 26/04/12 04:34:19 INFO ClassicKafkaConsumer: [Consumer clientId=consumer-spark-kafka-source-976a919c-62af-466d-8d30-721debbc149c--983882313-executor-3, groupId=spark-kafka-source-976a919c-62af-466d-8d30-721debbc149c--983882313-executor] Assigned to partition(s): weather-topic-2
[2026-04-12T04:34:19.199+0000] {subprocess.py:106} INFO - 26/04/12 04:34:19 INFO ClassicKafkaConsumer: [Consumer clientId=consumer-spark-kafka-source-976a919c-62af-466d-8d30-721debbc149c--983882313-executor-2, groupId=spark-kafka-source-976a919c-62af-466d-8d30-721debbc149c--983882313-executor] Assigned to partition(s): weather-topic-1
[2026-04-12T04:34:19.200+0000] {subprocess.py:106} INFO - 26/04/12 04:34:19 INFO ClassicKafkaConsumer: [Consumer clientId=consumer-spark-kafka-source-976a919c-62af-466d-8d30-721debbc149c--983882313-executor-1, groupId=spark-kafka-source-976a919c-62af-466d-8d30-721debbc149c--983882313-executor] Assigned to partition(s): weather-topic-0
[2026-04-12T04:34:19.217+0000] {subprocess.py:106} INFO - 26/04/12 04:34:19 INFO ClassicKafkaConsumer: [Consumer clientId=consumer-spark-kafka-source-976a919c-62af-466d-8d30-721debbc149c--983882313-executor-2, groupId=spark-kafka-source-976a919c-62af-466d-8d30-721debbc149c--983882313-executor] Seeking to offset 16 for partition weather-topic-1
[2026-04-12T04:34:19.218+0000] {subprocess.py:106} INFO - 26/04/12 04:34:19 INFO ClassicKafkaConsumer: [Consumer clientId=consumer-spark-kafka-source-976a919c-62af-466d-8d30-721debbc149c--983882313-executor-1, groupId=spark-kafka-source-976a919c-62af-466d-8d30-721debbc149c--983882313-executor] Seeking to offset 11 for partition weather-topic-0
[2026-04-12T04:34:19.218+0000] {subprocess.py:106} INFO - 26/04/12 04:34:19 INFO ClassicKafkaConsumer: [Consumer clientId=consumer-spark-kafka-source-976a919c-62af-466d-8d30-721debbc149c--983882313-executor-3, groupId=spark-kafka-source-976a919c-62af-466d-8d30-721debbc149c--983882313-executor] Seeking to offset 13 for partition weather-topic-2
[2026-04-12T04:34:19.791+0000] {subprocess.py:106} INFO - 26/04/12 04:34:19 INFO Metadata: [Consumer clientId=consumer-spark-kafka-source-976a919c-62af-466d-8d30-721debbc149c--983882313-executor-2, groupId=spark-kafka-source-976a919c-62af-466d-8d30-721debbc149c--983882313-executor] Cluster ID: kkX-ljWLTPS7MNugi1CRGg
[2026-04-12T04:34:19.792+0000] {subprocess.py:106} INFO - 26/04/12 04:34:19 INFO Metadata: [Consumer clientId=consumer-spark-kafka-source-976a919c-62af-466d-8d30-721debbc149c--983882313-executor-3, groupId=spark-kafka-source-976a919c-62af-466d-8d30-721debbc149c--983882313-executor] Cluster ID: kkX-ljWLTPS7MNugi1CRGg
[2026-04-12T04:34:19.793+0000] {subprocess.py:106} INFO - 26/04/12 04:34:19 INFO Metadata: [Consumer clientId=consumer-spark-kafka-source-976a919c-62af-466d-8d30-721debbc149c--983882313-executor-1, groupId=spark-kafka-source-976a919c-62af-466d-8d30-721debbc149c--983882313-executor] Cluster ID: kkX-ljWLTPS7MNugi1CRGg
[2026-04-12T04:34:19.866+0000] {subprocess.py:106} INFO - 26/04/12 04:34:19 INFO SubscriptionState: [Consumer clientId=consumer-spark-kafka-source-976a919c-62af-466d-8d30-721debbc149c--983882313-executor-2, groupId=spark-kafka-source-976a919c-62af-466d-8d30-721debbc149c--983882313-executor] Seeking to earliest offset of partition weather-topic-1
[2026-04-12T04:34:19.867+0000] {subprocess.py:106} INFO - 26/04/12 04:34:19 INFO SubscriptionState: [Consumer clientId=consumer-spark-kafka-source-976a919c-62af-466d-8d30-721debbc149c--983882313-executor-3, groupId=spark-kafka-source-976a919c-62af-466d-8d30-721debbc149c--983882313-executor] Seeking to earliest offset of partition weather-topic-2
[2026-04-12T04:34:19.868+0000] {subprocess.py:106} INFO - 26/04/12 04:34:19 INFO SubscriptionState: [Consumer clientId=consumer-spark-kafka-source-976a919c-62af-466d-8d30-721debbc149c--983882313-executor-1, groupId=spark-kafka-source-976a919c-62af-466d-8d30-721debbc149c--983882313-executor] Seeking to earliest offset of partition weather-topic-0
[2026-04-12T04:34:20.373+0000] {subprocess.py:106} INFO - 26/04/12 04:34:20 INFO SubscriptionState: [Consumer clientId=consumer-spark-kafka-source-976a919c-62af-466d-8d30-721debbc149c--983882313-executor-2, groupId=spark-kafka-source-976a919c-62af-466d-8d30-721debbc149c--983882313-executor] Resetting offset for partition weather-topic-1 to position FetchPosition{offset=0, offsetEpoch=Optional.empty, currentLeader=LeaderAndEpoch{leader=Optional[kafka:9092 (id: 1 rack: null)], epoch=0}}.
[2026-04-12T04:34:20.375+0000] {subprocess.py:106} INFO - 26/04/12 04:34:20 INFO SubscriptionState: [Consumer clientId=consumer-spark-kafka-source-976a919c-62af-466d-8d30-721debbc149c--983882313-executor-3, groupId=spark-kafka-source-976a919c-62af-466d-8d30-721debbc149c--983882313-executor] Resetting offset for partition weather-topic-2 to position FetchPosition{offset=0, offsetEpoch=Optional.empty, currentLeader=LeaderAndEpoch{leader=Optional[kafka:9092 (id: 1 rack: null)], epoch=0}}.
[2026-04-12T04:34:20.376+0000] {subprocess.py:106} INFO - 26/04/12 04:34:20 INFO SubscriptionState: [Consumer clientId=consumer-spark-kafka-source-976a919c-62af-466d-8d30-721debbc149c--983882313-executor-1, groupId=spark-kafka-source-976a919c-62af-466d-8d30-721debbc149c--983882313-executor] Resetting offset for partition weather-topic-0 to position FetchPosition{offset=0, offsetEpoch=Optional.empty, currentLeader=LeaderAndEpoch{leader=Optional[kafka:9092 (id: 1 rack: null)], epoch=0}}.
[2026-04-12T04:34:20.377+0000] {subprocess.py:106} INFO - 26/04/12 04:34:20 INFO SubscriptionState: [Consumer clientId=consumer-spark-kafka-source-976a919c-62af-466d-8d30-721debbc149c--983882313-executor-1, groupId=spark-kafka-source-976a919c-62af-466d-8d30-721debbc149c--983882313-executor] Seeking to latest offset of partition weather-topic-0
[2026-04-12T04:34:20.378+0000] {subprocess.py:106} INFO - 26/04/12 04:34:20 INFO SubscriptionState: [Consumer clientId=consumer-spark-kafka-source-976a919c-62af-466d-8d30-721debbc149c--983882313-executor-2, groupId=spark-kafka-source-976a919c-62af-466d-8d30-721debbc149c--983882313-executor] Seeking to latest offset of partition weather-topic-1
[2026-04-12T04:34:20.380+0000] {subprocess.py:106} INFO - 26/04/12 04:34:20 INFO SubscriptionState: [Consumer clientId=consumer-spark-kafka-source-976a919c-62af-466d-8d30-721debbc149c--983882313-executor-3, groupId=spark-kafka-source-976a919c-62af-466d-8d30-721debbc149c--983882313-executor] Seeking to latest offset of partition weather-topic-2
[2026-04-12T04:34:20.382+0000] {subprocess.py:106} INFO - 26/04/12 04:34:20 INFO SubscriptionState: [Consumer clientId=consumer-spark-kafka-source-976a919c-62af-466d-8d30-721debbc149c--983882313-executor-2, groupId=spark-kafka-source-976a919c-62af-466d-8d30-721debbc149c--983882313-executor] Resetting offset for partition weather-topic-1 to position FetchPosition{offset=33, offsetEpoch=Optional.empty, currentLeader=LeaderAndEpoch{leader=Optional[kafka:9092 (id: 1 rack: null)], epoch=0}}.
[2026-04-12T04:34:20.383+0000] {subprocess.py:106} INFO - 26/04/12 04:34:20 INFO SubscriptionState: [Consumer clientId=consumer-spark-kafka-source-976a919c-62af-466d-8d30-721debbc149c--983882313-executor-1, groupId=spark-kafka-source-976a919c-62af-466d-8d30-721debbc149c--983882313-executor] Resetting offset for partition weather-topic-0 to position FetchPosition{offset=21, offsetEpoch=Optional.empty, currentLeader=LeaderAndEpoch{leader=Optional[kafka:9092 (id: 1 rack: null)], epoch=0}}.
[2026-04-12T04:34:20.383+0000] {subprocess.py:106} INFO - 26/04/12 04:34:20 INFO SubscriptionState: [Consumer clientId=consumer-spark-kafka-source-976a919c-62af-466d-8d30-721debbc149c--983882313-executor-3, groupId=spark-kafka-source-976a919c-62af-466d-8d30-721debbc149c--983882313-executor] Resetting offset for partition weather-topic-2 to position FetchPosition{offset=26, offsetEpoch=Optional.empty, currentLeader=LeaderAndEpoch{leader=Optional[kafka:9092 (id: 1 rack: null)], epoch=0}}.
[2026-04-12T04:34:20.656+0000] {subprocess.py:106} INFO - 26/04/12 04:34:20 INFO KafkaDataConsumer: From Kafka topicPartition=weather-topic-2 groupId=spark-kafka-source-976a919c-62af-466d-8d30-721debbc149c--983882313-executor read 9 records through 1 polls (polled out 13 records), taking 1161.941143 ms, during time span of 1440.111565 ms.
[2026-04-12T04:34:20.656+0000] {subprocess.py:106} INFO - 26/04/12 04:34:20 INFO KafkaDataConsumer: From Kafka topicPartition=weather-topic-1 groupId=spark-kafka-source-976a919c-62af-466d-8d30-721debbc149c--983882313-executor read 7 records through 1 polls (polled out 17 records), taking 1159.077984 ms, during time span of 1439.435923 ms.
[2026-04-12T04:34:20.657+0000] {subprocess.py:106} INFO - 26/04/12 04:34:20 INFO KafkaDataConsumer: From Kafka topicPartition=weather-topic-0 groupId=spark-kafka-source-976a919c-62af-466d-8d30-721debbc149c--983882313-executor read 4 records through 1 polls (polled out 10 records), taking 1159.324751 ms, during time span of 1439.391721 ms.
[2026-04-12T04:34:20.736+0000] {subprocess.py:106} INFO - 26/04/12 04:34:20 INFO Executor: Finished task 2.0 in stage 0.0 (TID 2). 2382 bytes result sent to driver
[2026-04-12T04:34:20.737+0000] {subprocess.py:106} INFO - 26/04/12 04:34:20 INFO Executor: Finished task 0.0 in stage 0.0 (TID 0). 2382 bytes result sent to driver
[2026-04-12T04:34:20.738+0000] {subprocess.py:106} INFO - 26/04/12 04:34:20 INFO Executor: Finished task 1.0 in stage 0.0 (TID 1). 2382 bytes result sent to driver
[2026-04-12T04:34:20.770+0000] {subprocess.py:106} INFO - 26/04/12 04:34:20 INFO TaskSetManager: Finished task 2.0 in stage 0.0 (TID 2) in 2293 ms on spark-master (executor driver) (1/3)
[2026-04-12T04:34:20.771+0000] {subprocess.py:106} INFO - 26/04/12 04:34:20 INFO TaskSetManager: Finished task 0.0 in stage 0.0 (TID 0) in 2330 ms on spark-master (executor driver) (2/3)
[2026-04-12T04:34:20.777+0000] {subprocess.py:106} INFO - 26/04/12 04:34:20 INFO TaskSetManager: Finished task 1.0 in stage 0.0 (TID 1) in 2308 ms on spark-master (executor driver) (3/3)
[2026-04-12T04:34:20.783+0000] {subprocess.py:106} INFO - 26/04/12 04:34:20 INFO TaskSchedulerImpl: Removed TaskSet 0.0 whose tasks have all completed, from pool
[2026-04-12T04:34:20.824+0000] {subprocess.py:106} INFO - 26/04/12 04:34:20 INFO DAGScheduler: ShuffleMapStage 0 (start at NativeMethodAccessorImpl.java:0) finished in 2575 ms
[2026-04-12T04:34:20.826+0000] {subprocess.py:106} INFO - 26/04/12 04:34:20 INFO DAGScheduler: looking for newly runnable stages
[2026-04-12T04:34:20.828+0000] {subprocess.py:106} INFO - 26/04/12 04:34:20 INFO DAGScheduler: running: HashSet()
[2026-04-12T04:34:20.829+0000] {subprocess.py:106} INFO - 26/04/12 04:34:20 INFO DAGScheduler: waiting: HashSet(ResultStage 1)
[2026-04-12T04:34:20.829+0000] {subprocess.py:106} INFO - 26/04/12 04:34:20 INFO DAGScheduler: failed: HashSet()
[2026-04-12T04:34:20.843+0000] {subprocess.py:106} INFO - 26/04/12 04:34:20 INFO DAGScheduler: Submitting ResultStage 1 (MapPartitionsRDD[9] at start at NativeMethodAccessorImpl.java:0), which has no missing parents
[2026-04-12T04:34:20.870+0000] {subprocess.py:106} INFO - 26/04/12 04:34:20 INFO MemoryStore: Block broadcast_1 stored as values in memory (estimated size 13.6 KiB, free 1048.7 MiB)
[2026-04-12T04:34:20.886+0000] {subprocess.py:106} INFO - 26/04/12 04:34:20 INFO MemoryStore: Block broadcast_1_piece0 stored as bytes in memory (estimated size 6.5 KiB, free 1048.7 MiB)
[2026-04-12T04:34:20.887+0000] {subprocess.py:106} INFO - 26/04/12 04:34:20 INFO SparkContext: Created broadcast 1 from broadcast at DAGScheduler.scala:1676
[2026-04-12T04:34:20.892+0000] {subprocess.py:106} INFO - 26/04/12 04:34:20 INFO DAGScheduler: Submitting 1 missing tasks from ResultStage 1 (MapPartitionsRDD[9] at start at NativeMethodAccessorImpl.java:0) (first 15 tasks are for partitions Vector(0))
[2026-04-12T04:34:20.893+0000] {subprocess.py:106} INFO - 26/04/12 04:34:20 INFO TaskSchedulerImpl: Adding task set 1.0 with 1 tasks resource profile 0
[2026-04-12T04:34:20.901+0000] {subprocess.py:106} INFO - 26/04/12 04:34:20 INFO TaskSetManager: Starting task 0.0 in stage 1.0 (TID 3) (spark-master,executor driver, partition 0, NODE_LOCAL, 12446 bytes)
[2026-04-12T04:34:20.903+0000] {subprocess.py:106} INFO - 26/04/12 04:34:20 INFO Executor: Running task 0.0 in stage 1.0 (TID 3)
[2026-04-12T04:34:20.985+0000] {subprocess.py:106} INFO - 26/04/12 04:34:20 INFO ShuffleBlockFetcherIterator: Getting 3 (180.0 B) non-empty blocks including 3 (180.0 B) local and 0 (0.0 B) host-local and 0 (0.0 B) push-merged-local and 0 (0.0 B) remote blocks
[2026-04-12T04:34:20.989+0000] {subprocess.py:106} INFO - 26/04/12 04:34:20 INFO ShuffleBlockFetcherIterator: Started 0 remote fetches in 28 ms
[2026-04-12T04:34:21.014+0000] {subprocess.py:106} INFO - 26/04/12 04:34:21 INFO CodeGenerator: Code generated in 18.359617 ms
[2026-04-12T04:34:21.033+0000] {subprocess.py:106} INFO - 26/04/12 04:34:21 INFO Executor: Finished task 0.0 in stage 1.0 (TID 3). 3938 bytes result sent to driver
[2026-04-12T04:34:21.035+0000] {subprocess.py:106} INFO - 26/04/12 04:34:21 INFO TaskSetManager: Finished task 0.0 in stage 1.0 (TID 3) in 140 ms on spark-master (executor driver) (1/1)
[2026-04-12T04:34:21.036+0000] {subprocess.py:106} INFO - 26/04/12 04:34:21 INFO TaskSchedulerImpl: Removed TaskSet 1.0 whose tasks have all completed, from pool
[2026-04-12T04:34:21.037+0000] {subprocess.py:106} INFO - 26/04/12 04:34:21 INFO DAGScheduler: ResultStage 1 (start at NativeMethodAccessorImpl.java:0) finished in 172 ms
[2026-04-12T04:34:21.041+0000] {subprocess.py:106} INFO - 26/04/12 04:34:21 INFO DAGScheduler: Job 0 is finished. Cancelling potential speculative or zombie tasks for this job
[2026-04-12T04:34:21.042+0000] {subprocess.py:106} INFO - 26/04/12 04:34:21 INFO TaskSchedulerImpl: Canceling stage 1
[2026-04-12T04:34:21.044+0000] {subprocess.py:106} INFO - 26/04/12 04:34:21 INFO TaskSchedulerImpl: Killing all running tasks in stage 1: Stage finished
[2026-04-12T04:34:21.049+0000] {subprocess.py:106} INFO - 26/04/12 04:34:21 INFO DAGScheduler: Job 0 finished: start at NativeMethodAccessorImpl.java:0, took 2862.509659 ms
[2026-04-12T04:34:21.321+0000] {subprocess.py:106} INFO - 26/04/12 04:34:21 INFO ParquetUtils: Using default output committer for Parquet: org.apache.parquet.hadoop.ParquetOutputCommitter
[2026-04-12T04:34:21.361+0000] {subprocess.py:106} INFO - 26/04/12 04:34:21 INFO FileOutputCommitter: File Output Committer Algorithm version is 1
[2026-04-12T04:34:21.362+0000] {subprocess.py:106} INFO - 26/04/12 04:34:21 INFO FileOutputCommitter: FileOutputCommitter skip cleanup _temporary folders under output directory:false, ignore cleanup failures: false
[2026-04-12T04:34:21.363+0000] {subprocess.py:106} INFO - 26/04/12 04:34:21 INFO SQLHadoopMapReduceCommitProtocol: Using user defined output committer class org.apache.parquet.hadoop.ParquetOutputCommitter
[2026-04-12T04:34:21.364+0000] {subprocess.py:106} INFO - 26/04/12 04:34:21 INFO FileOutputCommitter: File Output Committer Algorithm version is 1
[2026-04-12T04:34:21.369+0000] {subprocess.py:106} INFO - 26/04/12 04:34:21 INFO FileOutputCommitter: FileOutputCommitter skip cleanup _temporary folders under output directory:false, ignore cleanup failures: false
[2026-04-12T04:34:21.370+0000] {subprocess.py:106} INFO - 26/04/12 04:34:21 INFO SQLHadoopMapReduceCommitProtocol: Using output committer class org.apache.parquet.hadoop.ParquetOutputCommitter
[2026-04-12T04:34:21.423+0000] {subprocess.py:106} INFO - 26/04/12 04:34:21 INFO CodeGenerator: Code generated in 35.80005 ms
[2026-04-12T04:34:21.452+0000] {subprocess.py:106} INFO - 26/04/12 04:34:21 INFO SparkContext: Starting job: start at NativeMethodAccessorImpl.java:0
[2026-04-12T04:34:21.454+0000] {subprocess.py:106} INFO - 26/04/12 04:34:21 INFO DAGScheduler: Got job 1 (start at NativeMethodAccessorImpl.java:0) with 3 output partitions
[2026-04-12T04:34:21.454+0000] {subprocess.py:106} INFO - 26/04/12 04:34:21 INFO DAGScheduler: Final stage: ResultStage 2 (start at NativeMethodAccessorImpl.java:0)
[2026-04-12T04:34:21.455+0000] {subprocess.py:106} INFO - 26/04/12 04:34:21 INFO DAGScheduler: Parents of final stage: List()
[2026-04-12T04:34:21.457+0000] {subprocess.py:106} INFO - 26/04/12 04:34:21 INFO DAGScheduler: Missing parents: List()
[2026-04-12T04:34:21.458+0000] {subprocess.py:106} INFO - 26/04/12 04:34:21 INFO DAGScheduler: Submitting ResultStage 2 (MapPartitionsRDD[16] at start at NativeMethodAccessorImpl.java:0), which has no missing parents
[2026-04-12T04:34:21.520+0000] {subprocess.py:106} INFO - 26/04/12 04:34:21 INFO MemoryStore: Block broadcast_2 stored as values in memory (estimated size 298.8 KiB, free 1048.4 MiB)
[2026-04-12T04:34:21.524+0000] {subprocess.py:106} INFO - 26/04/12 04:34:21 INFO MemoryStore: Block broadcast_2_piece0 stored as bytes in memory (estimated size 105.7 KiB, free 1048.3 MiB)
[2026-04-12T04:34:21.527+0000] {subprocess.py:106} INFO - 26/04/12 04:34:21 INFO SparkContext: Created broadcast 2 from broadcast at DAGScheduler.scala:1676
[2026-04-12T04:34:21.529+0000] {subprocess.py:106} INFO - 26/04/12 04:34:21 INFO DAGScheduler: Submitting 3 missing tasks from ResultStage 2 (MapPartitionsRDD[16] at start at NativeMethodAccessorImpl.java:0) (first 15 tasks are for partitions Vector(0, 1, 2))
[2026-04-12T04:34:21.530+0000] {subprocess.py:106} INFO - 26/04/12 04:34:21 INFO TaskSchedulerImpl: Adding task set 2.0 with 3 tasks resource profile 0
[2026-04-12T04:34:21.532+0000] {subprocess.py:106} INFO - 26/04/12 04:34:21 INFO TaskSetManager: Starting task 0.0 in stage 2.0 (TID 4) (spark-master,executor driver, partition 0, PROCESS_LOCAL, 13503 bytes)
[2026-04-12T04:34:21.534+0000] {subprocess.py:106} INFO - 26/04/12 04:34:21 INFO TaskSetManager: Starting task 1.0 in stage 2.0 (TID 5) (spark-master,executor driver, partition 1, PROCESS_LOCAL, 13503 bytes)
[2026-04-12T04:34:21.536+0000] {subprocess.py:106} INFO - 26/04/12 04:34:21 INFO TaskSetManager: Starting task 2.0 in stage 2.0 (TID 6) (spark-master,executor driver, partition 2, PROCESS_LOCAL, 13503 bytes)
[2026-04-12T04:34:21.540+0000] {subprocess.py:106} INFO - 26/04/12 04:34:21 INFO Executor: Running task 0.0 in stage 2.0 (TID 4)
[2026-04-12T04:34:21.540+0000] {subprocess.py:106} INFO - 26/04/12 04:34:21 INFO Executor: Running task 2.0 in stage 2.0 (TID 6)
[2026-04-12T04:34:21.541+0000] {subprocess.py:106} INFO - 26/04/12 04:34:21 INFO Executor: Running task 1.0 in stage 2.0 (TID 5)
[2026-04-12T04:34:21.670+0000] {subprocess.py:106} INFO - 26/04/12 04:34:21 INFO CodeGenerator: Code generated in 22.611529 ms
[2026-04-12T04:34:21.676+0000] {subprocess.py:106} INFO - 26/04/12 04:34:21 INFO KafkaBatchReaderFactory: Creating Kafka reader topicPartition=weather-topic-0 fromOffset=11} untilOffset=15, for query queryId=46e5ad83-a953-440f-bb1b-14366f27bcb7 batchId=1 taskId=4 partitionId=0
[2026-04-12T04:34:21.677+0000] {subprocess.py:106} INFO - 26/04/12 04:34:21 INFO KafkaBatchReaderFactory: Creating Kafka reader topicPartition=weather-topic-1 fromOffset=16} untilOffset=23, for query queryId=46e5ad83-a953-440f-bb1b-14366f27bcb7 batchId=1 taskId=5 partitionId=1
[2026-04-12T04:34:21.678+0000] {subprocess.py:106} INFO - 26/04/12 04:34:21 INFO KafkaBatchReaderFactory: Creating Kafka reader topicPartition=weather-topic-2 fromOffset=13} untilOffset=22, for query queryId=46e5ad83-a953-440f-bb1b-14366f27bcb7 batchId=1 taskId=6 partitionId=2
[2026-04-12T04:34:21.686+0000] {subprocess.py:106} INFO - 26/04/12 04:34:21 INFO ClassicKafkaConsumer: [Consumer clientId=consumer-spark-kafka-source-976a919c-62af-466d-8d30-721debbc149c--983882313-executor-1, groupId=spark-kafka-source-976a919c-62af-466d-8d30-721debbc149c--983882313-executor] Seeking to offset 11 for partition weather-topic-0
[2026-04-12T04:34:21.687+0000] {subprocess.py:106} INFO - 26/04/12 04:34:21 INFO ClassicKafkaConsumer: [Consumer clientId=consumer-spark-kafka-source-976a919c-62af-466d-8d30-721debbc149c--983882313-executor-3, groupId=spark-kafka-source-976a919c-62af-466d-8d30-721debbc149c--983882313-executor] Seeking to offset 13 for partition weather-topic-2
[2026-04-12T04:34:21.687+0000] {subprocess.py:106} INFO - 26/04/12 04:34:21 INFO ClassicKafkaConsumer: [Consumer clientId=consumer-spark-kafka-source-976a919c-62af-466d-8d30-721debbc149c--983882313-executor-2, groupId=spark-kafka-source-976a919c-62af-466d-8d30-721debbc149c--983882313-executor] Seeking to offset 16 for partition weather-topic-1
[2026-04-12T04:34:21.691+0000] {subprocess.py:106} INFO - 26/04/12 04:34:21 INFO SubscriptionState: [Consumer clientId=consumer-spark-kafka-source-976a919c-62af-466d-8d30-721debbc149c--983882313-executor-2, groupId=spark-kafka-source-976a919c-62af-466d-8d30-721debbc149c--983882313-executor] Seeking to earliest offset of partition weather-topic-1
[2026-04-12T04:34:21.692+0000] {subprocess.py:106} INFO - 26/04/12 04:34:21 INFO SubscriptionState: [Consumer clientId=consumer-spark-kafka-source-976a919c-62af-466d-8d30-721debbc149c--983882313-executor-3, groupId=spark-kafka-source-976a919c-62af-466d-8d30-721debbc149c--983882313-executor] Seeking to earliest offset of partition weather-topic-2
[2026-04-12T04:34:21.692+0000] {subprocess.py:106} INFO - 26/04/12 04:34:21 INFO SubscriptionState: [Consumer clientId=consumer-spark-kafka-source-976a919c-62af-466d-8d30-721debbc149c--983882313-executor-1, groupId=spark-kafka-source-976a919c-62af-466d-8d30-721debbc149c--983882313-executor] Seeking to earliest offset of partition weather-topic-0
[2026-04-12T04:34:22.195+0000] {subprocess.py:106} INFO - 26/04/12 04:34:22 INFO SubscriptionState: [Consumer clientId=consumer-spark-kafka-source-976a919c-62af-466d-8d30-721debbc149c--983882313-executor-3, groupId=spark-kafka-source-976a919c-62af-466d-8d30-721debbc149c--983882313-executor] Resetting offset for partition weather-topic-2 to position FetchPosition{offset=0, offsetEpoch=Optional.empty, currentLeader=LeaderAndEpoch{leader=Optional[kafka:9092 (id: 1 rack: null)], epoch=0}}.
[2026-04-12T04:34:22.197+0000] {subprocess.py:106} INFO - 26/04/12 04:34:22 INFO SubscriptionState: [Consumer clientId=consumer-spark-kafka-source-976a919c-62af-466d-8d30-721debbc149c--983882313-executor-3, groupId=spark-kafka-source-976a919c-62af-466d-8d30-721debbc149c--983882313-executor] Seeking to latest offset of partition weather-topic-2
[2026-04-12T04:34:22.197+0000] {subprocess.py:106} INFO - 26/04/12 04:34:22 INFO SubscriptionState: [Consumer clientId=consumer-spark-kafka-source-976a919c-62af-466d-8d30-721debbc149c--983882313-executor-2, groupId=spark-kafka-source-976a919c-62af-466d-8d30-721debbc149c--983882313-executor] Resetting offset for partition weather-topic-1 to position FetchPosition{offset=0, offsetEpoch=Optional.empty, currentLeader=LeaderAndEpoch{leader=Optional[kafka:9092 (id: 1 rack: null)], epoch=0}}.
[2026-04-12T04:34:22.198+0000] {subprocess.py:106} INFO - 26/04/12 04:34:22 INFO SubscriptionState: [Consumer clientId=consumer-spark-kafka-source-976a919c-62af-466d-8d30-721debbc149c--983882313-executor-1, groupId=spark-kafka-source-976a919c-62af-466d-8d30-721debbc149c--983882313-executor] Resetting offset for partition weather-topic-0 to position FetchPosition{offset=0, offsetEpoch=Optional.empty, currentLeader=LeaderAndEpoch{leader=Optional[kafka:9092 (id: 1 rack: null)], epoch=0}}.
[2026-04-12T04:34:22.198+0000] {subprocess.py:106} INFO - 26/04/12 04:34:22 INFO SubscriptionState: [Consumer clientId=consumer-spark-kafka-source-976a919c-62af-466d-8d30-721debbc149c--983882313-executor-2, groupId=spark-kafka-source-976a919c-62af-466d-8d30-721debbc149c--983882313-executor] Seeking to latest offset of partition weather-topic-1
[2026-04-12T04:34:22.199+0000] {subprocess.py:106} INFO - 26/04/12 04:34:22 INFO SubscriptionState: [Consumer clientId=consumer-spark-kafka-source-976a919c-62af-466d-8d30-721debbc149c--983882313-executor-1, groupId=spark-kafka-source-976a919c-62af-466d-8d30-721debbc149c--983882313-executor] Seeking to latest offset of partition weather-topic-0
[2026-04-12T04:34:22.199+0000] {subprocess.py:106} INFO - 26/04/12 04:34:22 INFO SubscriptionState: [Consumer clientId=consumer-spark-kafka-source-976a919c-62af-466d-8d30-721debbc149c--983882313-executor-1, groupId=spark-kafka-source-976a919c-62af-466d-8d30-721debbc149c--983882313-executor] Resetting offset for partition weather-topic-0 to position FetchPosition{offset=21, offsetEpoch=Optional.empty, currentLeader=LeaderAndEpoch{leader=Optional[kafka:9092 (id: 1 rack: null)], epoch=0}}.
[2026-04-12T04:34:22.200+0000] {subprocess.py:106} INFO - 26/04/12 04:34:22 INFO SubscriptionState: [Consumer clientId=consumer-spark-kafka-source-976a919c-62af-466d-8d30-721debbc149c--983882313-executor-3, groupId=spark-kafka-source-976a919c-62af-466d-8d30-721debbc149c--983882313-executor] Resetting offset for partition weather-topic-2 to position FetchPosition{offset=26, offsetEpoch=Optional.empty, currentLeader=LeaderAndEpoch{leader=Optional[kafka:9092 (id: 1 rack: null)], epoch=0}}.
[2026-04-12T04:34:22.200+0000] {subprocess.py:106} INFO - 26/04/12 04:34:22 INFO SubscriptionState: [Consumer clientId=consumer-spark-kafka-source-976a919c-62af-466d-8d30-721debbc149c--983882313-executor-2, groupId=spark-kafka-source-976a919c-62af-466d-8d30-721debbc149c--983882313-executor] Resetting offset for partition weather-topic-1 to position FetchPosition{offset=33, offsetEpoch=Optional.empty, currentLeader=LeaderAndEpoch{leader=Optional[kafka:9092 (id: 1 rack: null)], epoch=0}}.
[2026-04-12T04:34:22.234+0000] {subprocess.py:106} INFO - 26/04/12 04:34:22 INFO MemoryStore: Block rdd_12_2 stored as values in memory (estimated size 4.3 KiB, free 1048.3 MiB)
[2026-04-12T04:34:22.235+0000] {subprocess.py:106} INFO - 26/04/12 04:34:22 INFO MemoryStore: Block rdd_12_0 stored as values in memory (estimated size 3.5 KiB, free 1048.3 MiB)
[2026-04-12T04:34:22.236+0000] {subprocess.py:106} INFO - 26/04/12 04:34:22 INFO MemoryStore: Block rdd_12_1 stored as values in memory (estimated size 4.0 KiB, free 1048.3 MiB)
[2026-04-12T04:34:22.248+0000] {subprocess.py:106} INFO - 26/04/12 04:34:22 INFO CodeGenerator: Code generated in 4.323741 ms
[2026-04-12T04:34:22.298+0000] {subprocess.py:106} INFO - 26/04/12 04:34:22 INFO CodeGenerator: Code generated in 36.056037 ms
[2026-04-12T04:34:22.302+0000] {subprocess.py:106} INFO - 26/04/12 04:34:22 INFO FileOutputCommitter: File Output Committer Algorithm version is 1
[2026-04-12T04:34:22.305+0000] {subprocess.py:106} INFO - 26/04/12 04:34:22 INFO FileOutputCommitter: File Output Committer Algorithm version is 1
[2026-04-12T04:34:22.305+0000] {subprocess.py:106} INFO - 26/04/12 04:34:22 INFO FileOutputCommitter: File Output Committer Algorithm version is 1
[2026-04-12T04:34:22.306+0000] {subprocess.py:106} INFO - 26/04/12 04:34:22 INFO FileOutputCommitter: FileOutputCommitter skip cleanup _temporary folders under output directory:false, ignore cleanup failures: false
[2026-04-12T04:34:22.306+0000] {subprocess.py:106} INFO - 26/04/12 04:34:22 INFO FileOutputCommitter: FileOutputCommitter skip cleanup _temporary folders under output directory:false, ignore cleanup failures: false
[2026-04-12T04:34:22.307+0000] {subprocess.py:106} INFO - 26/04/12 04:34:22 INFO FileOutputCommitter: FileOutputCommitter skip cleanup _temporary folders under output directory:false, ignore cleanup failures: false
[2026-04-12T04:34:22.307+0000] {subprocess.py:106} INFO - 26/04/12 04:34:22 INFO SQLHadoopMapReduceCommitProtocol: Using user defined output committer class org.apache.parquet.hadoop.ParquetOutputCommitter
[2026-04-12T04:34:22.308+0000] {subprocess.py:106} INFO - 26/04/12 04:34:22 INFO SQLHadoopMapReduceCommitProtocol: Using user defined output committer class org.apache.parquet.hadoop.ParquetOutputCommitter
[2026-04-12T04:34:22.308+0000] {subprocess.py:106} INFO - 26/04/12 04:34:22 INFO SQLHadoopMapReduceCommitProtocol: Using user defined output committer class org.apache.parquet.hadoop.ParquetOutputCommitter
[2026-04-12T04:34:22.309+0000] {subprocess.py:106} INFO - 26/04/12 04:34:22 INFO FileOutputCommitter: File Output Committer Algorithm version is 1
[2026-04-12T04:34:22.309+0000] {subprocess.py:106} INFO - 26/04/12 04:34:22 INFO FileOutputCommitter: File Output Committer Algorithm version is 1
[2026-04-12T04:34:22.310+0000] {subprocess.py:106} INFO - 26/04/12 04:34:22 INFO FileOutputCommitter: File Output Committer Algorithm version is 1
[2026-04-12T04:34:22.310+0000] {subprocess.py:106} INFO - 26/04/12 04:34:22 INFO FileOutputCommitter: FileOutputCommitter skip cleanup _temporary folders under output directory:false, ignore cleanup failures: false
[2026-04-12T04:34:22.311+0000] {subprocess.py:106} INFO - 26/04/12 04:34:22 INFO FileOutputCommitter: FileOutputCommitter skip cleanup _temporary folders under output directory:false, ignore cleanup failures: false
[2026-04-12T04:34:22.311+0000] {subprocess.py:106} INFO - 26/04/12 04:34:22 INFO FileOutputCommitter: FileOutputCommitter skip cleanup _temporary folders under output directory:false, ignore cleanup failures: false
[2026-04-12T04:34:22.312+0000] {subprocess.py:106} INFO - 26/04/12 04:34:22 INFO SQLHadoopMapReduceCommitProtocol: Using output committer class org.apache.parquet.hadoop.ParquetOutputCommitter
[2026-04-12T04:34:22.312+0000] {subprocess.py:106} INFO - 26/04/12 04:34:22 INFO SQLHadoopMapReduceCommitProtocol: Using output committer class org.apache.parquet.hadoop.ParquetOutputCommitter
[2026-04-12T04:34:22.313+0000] {subprocess.py:106} INFO - 26/04/12 04:34:22 INFO SQLHadoopMapReduceCommitProtocol: Using output committer class org.apache.parquet.hadoop.ParquetOutputCommitter
[2026-04-12T04:34:22.313+0000] {subprocess.py:106} INFO - 26/04/12 04:34:22 INFO CodecConfig: Compression: SNAPPY
[2026-04-12T04:34:22.314+0000] {subprocess.py:106} INFO - 26/04/12 04:34:22 INFO CodecConfig: Compression: SNAPPY
[2026-04-12T04:34:22.314+0000] {subprocess.py:106} INFO - 26/04/12 04:34:22 INFO CodecConfig: Compression: SNAPPY
[2026-04-12T04:34:22.316+0000] {subprocess.py:106} INFO - 26/04/12 04:34:22 INFO CodecConfig: Compression: SNAPPY
[2026-04-12T04:34:22.317+0000] {subprocess.py:106} INFO - 26/04/12 04:34:22 INFO CodecConfig: Compression: SNAPPY
[2026-04-12T04:34:22.317+0000] {subprocess.py:106} INFO - 26/04/12 04:34:22 INFO CodecConfig: Compression: SNAPPY
[2026-04-12T04:34:22.353+0000] {subprocess.py:106} INFO - 26/04/12 04:34:22 INFO ParquetOutputFormat: ParquetRecordWriter [block size: 134217728b, row group padding size: 8388608b, validating: false]
[2026-04-12T04:34:22.354+0000] {subprocess.py:106} INFO - 26/04/12 04:34:22 INFO ParquetOutputFormat: ParquetRecordWriter [block size: 134217728b, row group padding size: 8388608b, validating: false]
[2026-04-12T04:34:22.354+0000] {subprocess.py:106} INFO - 26/04/12 04:34:22 INFO ParquetOutputFormat: ParquetRecordWriter [block size: 134217728b, row group padding size: 8388608b, validating: false]
[2026-04-12T04:34:22.452+0000] {subprocess.py:106} INFO - 26/04/12 04:34:22 INFO CodecPool: Got brand-new compressor [.snappy]
[2026-04-12T04:34:22.453+0000] {subprocess.py:106} INFO - 26/04/12 04:34:22 INFO CodecPool: Got brand-new compressor [.snappy]
[2026-04-12T04:34:22.453+0000] {subprocess.py:106} INFO - 26/04/12 04:34:22 INFO CodecPool: Got brand-new compressor [.snappy]
[2026-04-12T04:34:23.127+0000] {subprocess.py:106} INFO - 26/04/12 04:34:23 INFO FileOutputCommitter: Saved output of task 'attempt_202604120434212544063684317016670_0002_m_000001_5' to hdfs://23133083thuyvan-master:9000/user/hive/lakehouse/bronze/raw_api/_temporary/0/task_202604120434212544063684317016670_0002_m_000001
[2026-04-12T04:34:23.128+0000] {subprocess.py:106} INFO - 26/04/12 04:34:23 INFO FileOutputCommitter: Saved output of task 'attempt_202604120434212544063684317016670_0002_m_000000_4' to hdfs://23133083thuyvan-master:9000/user/hive/lakehouse/bronze/raw_api/_temporary/0/task_202604120434212544063684317016670_0002_m_000000
[2026-04-12T04:34:23.128+0000] {subprocess.py:106} INFO - 26/04/12 04:34:23 INFO FileOutputCommitter: Saved output of task 'attempt_202604120434212544063684317016670_0002_m_000002_6' to hdfs://23133083thuyvan-master:9000/user/hive/lakehouse/bronze/raw_api/_temporary/0/task_202604120434212544063684317016670_0002_m_000002
[2026-04-12T04:34:23.129+0000] {subprocess.py:106} INFO - 26/04/12 04:34:23 INFO SparkHadoopMapRedUtil: attempt_202604120434212544063684317016670_0002_m_000001_5: Committed. Elapsed time: 12 ms.
[2026-04-12T04:34:23.129+0000] {subprocess.py:106} INFO - 26/04/12 04:34:23 INFO SparkHadoopMapRedUtil: attempt_202604120434212544063684317016670_0002_m_000002_6: Committed. Elapsed time: 12 ms.
[2026-04-12T04:34:23.129+0000] {subprocess.py:106} INFO - 26/04/12 04:34:23 INFO SparkHadoopMapRedUtil: attempt_202604120434212544063684317016670_0002_m_000000_4: Committed. Elapsed time: 12 ms.
[2026-04-12T04:34:23.131+0000] {subprocess.py:106} INFO - 26/04/12 04:34:23 INFO KafkaDataConsumer: From Kafka topicPartition=weather-topic-0 groupId=spark-kafka-source-976a919c-62af-466d-8d30-721debbc149c--983882313-executor read 4 records through 1 polls (polled out 10 records), taking 511.541293 ms, during time span of 1445.138299 ms.
[2026-04-12T04:34:23.131+0000] {subprocess.py:106} INFO - 26/04/12 04:34:23 INFO KafkaDataConsumer: From Kafka topicPartition=weather-topic-1 groupId=spark-kafka-source-976a919c-62af-466d-8d30-721debbc149c--983882313-executor read 7 records through 1 polls (polled out 17 records), taking 511.318343 ms, during time span of 1444.818263 ms.
[2026-04-12T04:34:23.132+0000] {subprocess.py:106} INFO - 26/04/12 04:34:23 INFO KafkaDataConsumer: From Kafka topicPartition=weather-topic-2 groupId=spark-kafka-source-976a919c-62af-466d-8d30-721debbc149c--983882313-executor read 9 records through 1 polls (polled out 13 records), taking 511.264631 ms, during time span of 1444.862277 ms.
[2026-04-12T04:34:23.136+0000] {subprocess.py:106} INFO - 26/04/12 04:34:23 INFO Executor: Finished task 0.0 in stage 2.0 (TID 4). 3367 bytes result sent to driver
[2026-04-12T04:34:23.137+0000] {subprocess.py:106} INFO - 26/04/12 04:34:23 INFO Executor: Finished task 2.0 in stage 2.0 (TID 6). 3367 bytes result sent to driver
[2026-04-12T04:34:23.138+0000] {subprocess.py:106} INFO - 26/04/12 04:34:23 INFO Executor: Finished task 1.0 in stage 2.0 (TID 5). 3367 bytes result sent to driver
[2026-04-12T04:34:23.138+0000] {subprocess.py:106} INFO - 26/04/12 04:34:23 INFO TaskSetManager: Finished task 1.0 in stage 2.0 (TID 5) in 1606 ms on spark-master (executor driver) (1/3)
[2026-04-12T04:34:23.139+0000] {subprocess.py:106} INFO - 26/04/12 04:34:23 INFO TaskSetManager: Finished task 2.0 in stage 2.0 (TID 6) in 1604 ms on spark-master (executor driver) (2/3)
[2026-04-12T04:34:23.139+0000] {subprocess.py:106} INFO - 26/04/12 04:34:23 INFO TaskSetManager: Finished task 0.0 in stage 2.0 (TID 4) in 1609 ms on spark-master (executor driver) (3/3)
[2026-04-12T04:34:23.140+0000] {subprocess.py:106} INFO - 26/04/12 04:34:23 INFO TaskSchedulerImpl: Removed TaskSet 2.0 whose tasks have all completed, from pool
[2026-04-12T04:34:23.141+0000] {subprocess.py:106} INFO - 26/04/12 04:34:23 INFO DAGScheduler: ResultStage 2 (start at NativeMethodAccessorImpl.java:0) finished in 1681 ms
[2026-04-12T04:34:23.141+0000] {subprocess.py:106} INFO - 26/04/12 04:34:23 INFO DAGScheduler: Job 1 is finished. Cancelling potential speculative or zombie tasks for this job
[2026-04-12T04:34:23.142+0000] {subprocess.py:106} INFO - 26/04/12 04:34:23 INFO TaskSchedulerImpl: Canceling stage 2
[2026-04-12T04:34:23.142+0000] {subprocess.py:106} INFO - 26/04/12 04:34:23 INFO TaskSchedulerImpl: Killing all running tasks in stage 2: Stage finished
[2026-04-12T04:34:23.143+0000] {subprocess.py:106} INFO - 26/04/12 04:34:23 INFO DAGScheduler: Job 1 finished: start at NativeMethodAccessorImpl.java:0, took 1690.067516 ms
[2026-04-12T04:34:23.144+0000] {subprocess.py:106} INFO - 26/04/12 04:34:23 INFO FileFormatWriter: Start to commit write Job a1acec5f-e59d-4fca-8127-c1883e98b413.
[2026-04-12T04:34:23.198+0000] {subprocess.py:106} INFO - 26/04/12 04:34:23 INFO FileFormatWriter: Write Job a1acec5f-e59d-4fca-8127-c1883e98b413 committed. Elapsed time: 52 ms.
[2026-04-12T04:34:23.201+0000] {subprocess.py:106} INFO - 26/04/12 04:34:23 INFO FileFormatWriter: Finished processing stats for write job a1acec5f-e59d-4fca-8127-c1883e98b413.
[2026-04-12T04:34:23.408+0000] {subprocess.py:106} INFO - 26/04/12 04:34:23 INFO CatalogUtil: Loading custom FileIO implementation: org.apache.iceberg.hadoop.HadoopFileIO
[2026-04-12T04:34:23.442+0000] {subprocess.py:106} INFO - 26/04/12 04:34:23 INFO BaseMetastoreTableOperations: Refreshing table metadata from new version: hdfs://23133083thuyvan-master:9000/user/hive/lakehouse/air_quality_db.db/air_quality_silver/metadata/00000-bd5a2971-fd67-45ed-b96f-546c2d057b23.metadata.json
[2026-04-12T04:34:23.451+0000] {subprocess.py:106} INFO - 26/04/12 04:34:23 INFO BaseMetastoreCatalog: Table loaded by catalog: iceberg.air_quality_db.air_quality_silver
[2026-04-12T04:34:23.565+0000] {subprocess.py:106} INFO - 26/04/12 04:34:23 ERROR MicroBatchExecution: Query [id = 46e5ad83-a953-440f-bb1b-14366f27bcb7, runId = 0c85cb77-22a4-43ed-b2a1-c2a49b9a9649] terminated with error
[2026-04-12T04:34:23.565+0000] {subprocess.py:106} INFO - org.apache.spark.sql.execution.streaming.sources.ForeachBatchUserFuncException: [FOREACH_BATCH_USER_FUNCTION_ERROR] An error occurred in the user provided function in foreach batch sink. Reason: An exception was raised by the Python Proxy. Return Message: Traceback (most recent call last):
[2026-04-12T04:34:23.566+0000] {subprocess.py:106} INFO -   File "/home/spark/spark/python/lib/py4j-0.10.9.9-src.zip/py4j/clientserver.py", line 644, in _call_proxy
[2026-04-12T04:34:23.566+0000] {subprocess.py:106} INFO -     return_value = getattr(self.pool[obj_id], method)(*params)
[2026-04-12T04:34:23.567+0000] {subprocess.py:106} INFO -   File "/home/spark/spark/python/lib/pyspark.zip/pyspark/sql/utils.py", line 165, in call
[2026-04-12T04:34:23.567+0000] {subprocess.py:106} INFO -     raise e
[2026-04-12T04:34:23.568+0000] {subprocess.py:106} INFO -   File "/home/spark/spark/python/lib/pyspark.zip/pyspark/sql/utils.py", line 162, in call
[2026-04-12T04:34:23.568+0000] {subprocess.py:106} INFO -     self.func(DataFrame(jdf, wrapped_session_jdf), batch_id)
[2026-04-12T04:34:23.569+0000] {subprocess.py:106} INFO -   File "/home/spark/spark/spark_jobs/weather_streaming.py", line 138, in write_to_bronze_and_silver
[2026-04-12T04:34:23.569+0000] {subprocess.py:106} INFO -     .save("iceberg.air_quality_db.air_quality_silver")
[2026-04-12T04:34:23.569+0000] {subprocess.py:106} INFO -   File "/home/spark/spark/python/lib/pyspark.zip/pyspark/sql/readwriter.py", line 1745, in save
[2026-04-12T04:34:23.570+0000] {subprocess.py:106} INFO -     self._jwrite.save(path)
[2026-04-12T04:34:23.570+0000] {subprocess.py:106} INFO -   File "/home/spark/spark/python/lib/py4j-0.10.9.9-src.zip/py4j/java_gateway.py", line 1362, in __call__
[2026-04-12T04:34:23.571+0000] {subprocess.py:106} INFO -     return_value = get_return_value(
[2026-04-12T04:34:23.571+0000] {subprocess.py:106} INFO -   File "/home/spark/spark/python/lib/pyspark.zip/pyspark/errors/exceptions/captured.py", line 288, in deco
[2026-04-12T04:34:23.572+0000] {subprocess.py:106} INFO -     raise converted from None
[2026-04-12T04:34:23.572+0000] {subprocess.py:106} INFO - pyspark.errors.exceptions.captured.AnalysisException: [INCOMPATIBLE_DATA_FOR_TABLE.CANNOT_FIND_DATA] Cannot write incompatible data for the table `iceberg`.`air_quality_db`.`air_quality_silver`: Cannot find data for the output column `us_aqi_index`. SQLSTATE: KD000
[2026-04-12T04:34:23.573+0000] {subprocess.py:106} INFO -  SQLSTATE: 39000
[2026-04-12T04:34:23.573+0000] {subprocess.py:106} INFO - 	at org.apache.spark.sql.execution.streaming.sources.ForeachBatchSink.callBatchWriter(ForeachBatchSink.scala:60)
[2026-04-12T04:34:23.573+0000] {subprocess.py:106} INFO - 	at org.apache.spark.sql.execution.streaming.sources.ForeachBatchSink.addBatch(ForeachBatchSink.scala:49)
[2026-04-12T04:34:23.574+0000] {subprocess.py:106} INFO - 	at org.apache.spark.sql.execution.streaming.MicroBatchExecution.$anonfun$runBatch$17(MicroBatchExecution.scala:889)
[2026-04-12T04:34:23.574+0000] {subprocess.py:106} INFO - 	at org.apache.spark.sql.execution.SQLExecution$.$anonfun$withNewExecutionId0$8(SQLExecution.scala:163)
[2026-04-12T04:34:23.574+0000] {subprocess.py:106} INFO - 	at org.apache.spark.sql.execution.SQLExecution$.withSessionTagsApplied(SQLExecution.scala:272)
[2026-04-12T04:34:23.575+0000] {subprocess.py:106} INFO - 	at org.apache.spark.sql.execution.SQLExecution$.$anonfun$withNewExecutionId0$7(SQLExecution.scala:125)
[2026-04-12T04:34:23.575+0000] {subprocess.py:106} INFO - 	at org.apache.spark.JobArtifactSet$.withActiveJobArtifactState(JobArtifactSet.scala:94)
[2026-04-12T04:34:23.575+0000] {subprocess.py:106} INFO - 	at org.apache.spark.sql.artifact.ArtifactManager.$anonfun$withResources$1(ArtifactManager.scala:112)
[2026-04-12T04:34:23.576+0000] {subprocess.py:106} INFO - 	at org.apache.spark.sql.artifact.ArtifactManager.withClassLoaderIfNeeded(ArtifactManager.scala:106)
[2026-04-12T04:34:23.576+0000] {subprocess.py:106} INFO - 	at org.apache.spark.sql.artifact.ArtifactManager.withResources(ArtifactManager.scala:111)
[2026-04-12T04:34:23.576+0000] {subprocess.py:106} INFO - 	at org.apache.spark.sql.execution.SQLExecution$.$anonfun$withNewExecutionId0$6(SQLExecution.scala:125)
[2026-04-12T04:34:23.577+0000] {subprocess.py:106} INFO - 	at org.apache.spark.sql.execution.SQLExecution$.withSQLConfPropagated(SQLExecution.scala:295)
[2026-04-12T04:34:23.577+0000] {subprocess.py:106} INFO - 	at org.apache.spark.sql.execution.SQLExecution$.$anonfun$withNewExecutionId0$1(SQLExecution.scala:124)
[2026-04-12T04:34:23.578+0000] {subprocess.py:106} INFO - 	at org.apache.spark.sql.SparkSession.withActive(SparkSession.scala:804)
[2026-04-12T04:34:23.578+0000] {subprocess.py:106} INFO - 	at org.apache.spark.sql.execution.SQLExecution$.withNewExecutionId0(SQLExecution.scala:78)
[2026-04-12T04:34:23.578+0000] {subprocess.py:106} INFO - 	at org.apache.spark.sql.execution.SQLExecution$.withNewExecutionId(SQLExecution.scala:237)
[2026-04-12T04:34:23.579+0000] {subprocess.py:106} INFO - 	at org.apache.spark.sql.execution.streaming.MicroBatchExecution.$anonfun$runBatch$16(MicroBatchExecution.scala:886)
[2026-04-12T04:34:23.579+0000] {subprocess.py:106} INFO - 	at org.apache.spark.sql.execution.streaming.ProgressContext.reportTimeTaken(ProgressReporter.scala:186)
[2026-04-12T04:34:23.579+0000] {subprocess.py:106} INFO - 	at org.apache.spark.sql.execution.streaming.MicroBatchExecution.runBatch(MicroBatchExecution.scala:886)
[2026-04-12T04:34:23.580+0000] {subprocess.py:106} INFO - 	at org.apache.spark.sql.execution.streaming.MicroBatchExecution.$anonfun$executeOneBatch$2(MicroBatchExecution.scala:394)
[2026-04-12T04:34:23.580+0000] {subprocess.py:106} INFO - 	at scala.runtime.java8.JFunction0$mcV$sp.apply(JFunction0$mcV$sp.scala:18)
[2026-04-12T04:34:23.581+0000] {subprocess.py:106} INFO - 	at org.apache.spark.sql.execution.streaming.ProgressContext.reportTimeTaken(ProgressReporter.scala:186)
[2026-04-12T04:34:23.581+0000] {subprocess.py:106} INFO - 	at org.apache.spark.sql.execution.streaming.MicroBatchExecution.executeOneBatch(MicroBatchExecution.scala:364)
[2026-04-12T04:34:23.581+0000] {subprocess.py:106} INFO - 	at org.apache.spark.sql.execution.streaming.MicroBatchExecution.$anonfun$runActivatedStream$1(MicroBatchExecution.scala:344)
[2026-04-12T04:34:23.582+0000] {subprocess.py:106} INFO - 	at org.apache.spark.sql.execution.streaming.MicroBatchExecution.$anonfun$runActivatedStream$1$adapted(MicroBatchExecution.scala:344)
[2026-04-12T04:34:23.582+0000] {subprocess.py:106} INFO - 	at org.apache.spark.sql.execution.streaming.TriggerExecutor.runOneBatch(TriggerExecutor.scala:39)
[2026-04-12T04:34:23.583+0000] {subprocess.py:106} INFO - 	at org.apache.spark.sql.execution.streaming.TriggerExecutor.runOneBatch$(TriggerExecutor.scala:37)
[2026-04-12T04:34:23.583+0000] {subprocess.py:106} INFO - 	at org.apache.spark.sql.execution.streaming.ProcessingTimeExecutor.runOneBatch(TriggerExecutor.scala:70)
[2026-04-12T04:34:23.583+0000] {subprocess.py:106} INFO - 	at org.apache.spark.sql.execution.streaming.ProcessingTimeExecutor.execute(TriggerExecutor.scala:82)
[2026-04-12T04:34:23.584+0000] {subprocess.py:106} INFO - 	at org.apache.spark.sql.execution.streaming.MicroBatchExecution.runActivatedStream(MicroBatchExecution.scala:344)
[2026-04-12T04:34:23.584+0000] {subprocess.py:106} INFO - 	at org.apache.spark.sql.execution.streaming.StreamExecution.$anonfun$runStream$1(StreamExecution.scala:337)
[2026-04-12T04:34:23.584+0000] {subprocess.py:106} INFO - 	at scala.runtime.java8.JFunction0$mcV$sp.apply(JFunction0$mcV$sp.scala:18)
[2026-04-12T04:34:23.585+0000] {subprocess.py:106} INFO - 	at org.apache.spark.sql.SparkSession.withActive(SparkSession.scala:804)
[2026-04-12T04:34:23.585+0000] {subprocess.py:106} INFO - 	at org.apache.spark.sql.execution.streaming.StreamExecution.org$apache$spark$sql$execution$streaming$StreamExecution$$runStream(StreamExecution.scala:311)
[2026-04-12T04:34:23.586+0000] {subprocess.py:106} INFO - 	at org.apache.spark.sql.execution.streaming.StreamExecution$$anon$1.run(StreamExecution.scala:226)
[2026-04-12T04:34:23.586+0000] {subprocess.py:106} INFO - Caused by: py4j.Py4JException: An exception was raised by the Python Proxy. Return Message: Traceback (most recent call last):
[2026-04-12T04:34:23.586+0000] {subprocess.py:106} INFO -   File "/home/spark/spark/python/lib/py4j-0.10.9.9-src.zip/py4j/clientserver.py", line 644, in _call_proxy
[2026-04-12T04:34:23.587+0000] {subprocess.py:106} INFO -     return_value = getattr(self.pool[obj_id], method)(*params)
[2026-04-12T04:34:23.587+0000] {subprocess.py:106} INFO -   File "/home/spark/spark/python/lib/pyspark.zip/pyspark/sql/utils.py", line 165, in call
[2026-04-12T04:34:23.588+0000] {subprocess.py:106} INFO -     raise e
[2026-04-12T04:34:23.588+0000] {subprocess.py:106} INFO -   File "/home/spark/spark/python/lib/pyspark.zip/pyspark/sql/utils.py", line 162, in call
[2026-04-12T04:34:23.588+0000] {subprocess.py:106} INFO -     self.func(DataFrame(jdf, wrapped_session_jdf), batch_id)
[2026-04-12T04:34:23.589+0000] {subprocess.py:106} INFO -   File "/home/spark/spark/spark_jobs/weather_streaming.py", line 138, in write_to_bronze_and_silver
[2026-04-12T04:34:23.589+0000] {subprocess.py:106} INFO -     .save("iceberg.air_quality_db.air_quality_silver")
[2026-04-12T04:34:23.590+0000] {subprocess.py:106} INFO -   File "/home/spark/spark/python/lib/pyspark.zip/pyspark/sql/readwriter.py", line 1745, in save
[2026-04-12T04:34:23.590+0000] {subprocess.py:106} INFO -     self._jwrite.save(path)
[2026-04-12T04:34:23.590+0000] {subprocess.py:106} INFO -   File "/home/spark/spark/python/lib/py4j-0.10.9.9-src.zip/py4j/java_gateway.py", line 1362, in __call__
[2026-04-12T04:34:23.591+0000] {subprocess.py:106} INFO -     return_value = get_return_value(
[2026-04-12T04:34:23.591+0000] {subprocess.py:106} INFO -   File "/home/spark/spark/python/lib/pyspark.zip/pyspark/errors/exceptions/captured.py", line 288, in deco
[2026-04-12T04:34:23.591+0000] {subprocess.py:106} INFO -     raise converted from None
[2026-04-12T04:34:23.592+0000] {subprocess.py:106} INFO - pyspark.errors.exceptions.captured.AnalysisException: [INCOMPATIBLE_DATA_FOR_TABLE.CANNOT_FIND_DATA] Cannot write incompatible data for the table `iceberg`.`air_quality_db`.`air_quality_silver`: Cannot find data for the output column `us_aqi_index`. SQLSTATE: KD000
[2026-04-12T04:34:23.592+0000] {subprocess.py:106} INFO - 
[2026-04-12T04:34:23.592+0000] {subprocess.py:106} INFO - 	at py4j.Protocol.getReturnValue(Protocol.java:476)
[2026-04-12T04:34:23.593+0000] {subprocess.py:106} INFO - 	at py4j.reflection.PythonProxyHandler.invoke(PythonProxyHandler.java:108)
[2026-04-12T04:34:23.593+0000] {subprocess.py:106} INFO - 	at jdk.proxy3/jdk.proxy3.$Proxy49.call(Unknown Source)
[2026-04-12T04:34:23.593+0000] {subprocess.py:106} INFO - 	at org.apache.spark.sql.execution.streaming.sources.PythonForeachBatchHelper$.$anonfun$callForeachBatch$1(ForeachBatchSink.scala:87)
[2026-04-12T04:34:23.594+0000] {subprocess.py:106} INFO - 	at org.apache.spark.sql.execution.streaming.sources.PythonForeachBatchHelper$.$anonfun$callForeachBatch$1$adapted(ForeachBatchSink.scala:87)
[2026-04-12T04:34:23.594+0000] {subprocess.py:106} INFO - 	at org.apache.spark.sql.execution.streaming.sources.ForeachBatchSink.callBatchWriter(ForeachBatchSink.scala:56)
[2026-04-12T04:34:23.594+0000] {subprocess.py:106} INFO - 	... 34 more
[2026-04-12T04:34:23.595+0000] {subprocess.py:106} INFO - 26/04/12 04:34:23 INFO MicroBatchExecution: Async log purge executor pool for query [id = 46e5ad83-a953-440f-bb1b-14366f27bcb7, runId = 0c85cb77-22a4-43ed-b2a1-c2a49b9a9649] has been shutdown
[2026-04-12T04:34:23.672+0000] {subprocess.py:106} INFO - Traceback (most recent call last):
[2026-04-12T04:34:23.672+0000] {subprocess.py:106} INFO -   File "/home/spark/spark/spark_jobs/weather_streaming.py", line 150, in <module>
[2026-04-12T04:34:23.675+0000] {subprocess.py:106} INFO -     query.awaitTermination()
[2026-04-12T04:34:23.675+0000] {subprocess.py:106} INFO -   File "/home/spark/spark/python/lib/pyspark.zip/pyspark/sql/streaming/query.py", line 225, in awaitTermination
[2026-04-12T04:34:23.676+0000] {subprocess.py:106} INFO -   File "/home/spark/spark/python/lib/py4j-0.10.9.9-src.zip/py4j/java_gateway.py", line 1362, in __call__
[2026-04-12T04:34:23.676+0000] {subprocess.py:106} INFO -   File "/home/spark/spark/python/lib/pyspark.zip/pyspark/errors/exceptions/captured.py", line 288, in deco
[2026-04-12T04:34:23.679+0000] {subprocess.py:106} INFO - pyspark.errors.exceptions.captured.StreamingQueryException: [STREAM_FAILED] Query [id = 46e5ad83-a953-440f-bb1b-14366f27bcb7, runId = 0c85cb77-22a4-43ed-b2a1-c2a49b9a9649] terminated with exception: [FOREACH_BATCH_USER_FUNCTION_ERROR] An error occurred in the user provided function in foreach batch sink. Reason: An exception was raised by the Python Proxy. Return Message: Traceback (most recent call last):
[2026-04-12T04:34:23.679+0000] {subprocess.py:106} INFO -   File "/home/spark/spark/python/lib/py4j-0.10.9.9-src.zip/py4j/clientserver.py", line 644, in _call_proxy
[2026-04-12T04:34:23.680+0000] {subprocess.py:106} INFO -     return_value = getattr(self.pool[obj_id], method)(*params)
[2026-04-12T04:34:23.680+0000] {subprocess.py:106} INFO -   File "/home/spark/spark/python/lib/pyspark.zip/pyspark/sql/utils.py", line 165, in call
[2026-04-12T04:34:23.680+0000] {subprocess.py:106} INFO -     raise e
[2026-04-12T04:34:23.681+0000] {subprocess.py:106} INFO -   File "/home/spark/spark/python/lib/pyspark.zip/pyspark/sql/utils.py", line 162, in call
[2026-04-12T04:34:23.681+0000] {subprocess.py:106} INFO -     self.func(DataFrame(jdf, wrapped_session_jdf), batch_id)
[2026-04-12T04:34:23.681+0000] {subprocess.py:106} INFO -   File "/home/spark/spark/spark_jobs/weather_streaming.py", line 138, in write_to_bronze_and_silver
[2026-04-12T04:34:23.682+0000] {subprocess.py:106} INFO -     .save("iceberg.air_quality_db.air_quality_silver")
[2026-04-12T04:34:23.682+0000] {subprocess.py:106} INFO -   File "/home/spark/spark/python/lib/pyspark.zip/pyspark/sql/readwriter.py", line 1745, in save
[2026-04-12T04:34:23.683+0000] {subprocess.py:106} INFO -     self._jwrite.save(path)
[2026-04-12T04:34:23.683+0000] {subprocess.py:106} INFO -   File "/home/spark/spark/python/lib/py4j-0.10.9.9-src.zip/py4j/java_gateway.py", line 1362, in __call__
[2026-04-12T04:34:23.683+0000] {subprocess.py:106} INFO -     return_value = get_return_value(
[2026-04-12T04:34:23.684+0000] {subprocess.py:106} INFO -   File "/home/spark/spark/python/lib/pyspark.zip/pyspark/errors/exceptions/captured.py", line 288, in deco
[2026-04-12T04:34:23.684+0000] {subprocess.py:106} INFO -     raise converted from None
[2026-04-12T04:34:23.684+0000] {subprocess.py:106} INFO - pyspark.errors.exceptions.captured.AnalysisException: [INCOMPATIBLE_DATA_FOR_TABLE.CANNOT_FIND_DATA] Cannot write incompatible data for the table `iceberg`.`air_quality_db`.`air_quality_silver`: Cannot find data for the output column `us_aqi_index`. SQLSTATE: KD000
[2026-04-12T04:34:23.685+0000] {subprocess.py:106} INFO -  SQLSTATE: 39000 SQLSTATE: XXKST
[2026-04-12T04:34:23.685+0000] {subprocess.py:106} INFO - === Streaming Query ===
[2026-04-12T04:34:23.685+0000] {subprocess.py:106} INFO - Identifier: [id = 46e5ad83-a953-440f-bb1b-14366f27bcb7, runId = 0c85cb77-22a4-43ed-b2a1-c2a49b9a9649]
[2026-04-12T04:34:23.686+0000] {subprocess.py:106} INFO - Current Committed Offsets: {KafkaV2[Subscribe[weather-topic]]: {"weather-topic":{"0":11,"1":16,"2":13}}}
[2026-04-12T04:34:23.686+0000] {subprocess.py:106} INFO - Current Available Offsets: {KafkaV2[Subscribe[weather-topic]]: {"weather-topic":{"0":15,"1":23,"2":22}}}
[2026-04-12T04:34:23.687+0000] {subprocess.py:106} INFO - 
[2026-04-12T04:34:23.687+0000] {subprocess.py:106} INFO - Current State: ACTIVE
[2026-04-12T04:34:23.688+0000] {subprocess.py:106} INFO - Thread State: RUNNABLE
[2026-04-12T04:34:23.688+0000] {subprocess.py:106} INFO - 
[2026-04-12T04:34:23.688+0000] {subprocess.py:106} INFO - Logical Plan:
[2026-04-12T04:34:23.689+0000] {subprocess.py:106} INFO - ~WriteToMicroBatchDataSourceV1 ForeachBatchSink, 46e5ad83-a953-440f-bb1b-14366f27bcb7, [checkpointLocation=hdfs://23133083thuyvan-master:9000/user/hive/checkpoints/air_quality_realtime], Append
[2026-04-12T04:34:23.689+0000] {subprocess.py:106} INFO - +- ~Project [timestamp#40, location#17, latitude#18, longitude#19, timezone#20, temperature_2m#21, relative_humidity_2m#22, apparent_temperature#23, precipitation#24, cloud_cover#25, wind_speed_10m#26, wind_direction_10m#27, wind_gusts_10m#28, uv_index#29, weather_code#30, european_aqi#31, us_aqi#32, pm10#33, pm2_5#34, carbon_monoxide#35, nitrogen_dioxide#36, sulphur_dioxide#37, ozone#38, processing_time#39, open-meteo AS data_source#41]
[2026-04-12T04:34:23.690+0000] {subprocess.py:106} INFO -    +- ~Project [to_timestamp(timestamp#16, None, TimestampType, Some(GMT), true) AS timestamp#40, location#17, latitude#18, longitude#19, timezone#20, temperature_2m#21, relative_humidity_2m#22, apparent_temperature#23, precipitation#24, cloud_cover#25, wind_speed_10m#26, wind_direction_10m#27, wind_gusts_10m#28, uv_index#29, weather_code#30, european_aqi#31, us_aqi#32, pm10#33, pm2_5#34, carbon_monoxide#35, nitrogen_dioxide#36, sulphur_dioxide#37, ozone#38, processing_time#39]
[2026-04-12T04:34:23.690+0000] {subprocess.py:106} INFO -       +- ~Project [timestamp#16, location#17, latitude#18, longitude#19, timezone#20, temperature_2m#21, relative_humidity_2m#22, apparent_temperature#23, precipitation#24, cloud_cover#25, wind_speed_10m#26, wind_direction_10m#27, wind_gusts_10m#28, uv_index#29, weather_code#30, european_aqi#31, us_aqi#32, pm10#33, pm2_5#34, carbon_monoxide#35, nitrogen_dioxide#36, sulphur_dioxide#37, ozone#38, current_timestamp() AS processing_time#39]
[2026-04-12T04:34:23.690+0000] {subprocess.py:106} INFO -          +- ~Project [data#15.timestamp AS timestamp#16, data#15.location AS location#17, data#15.latitude AS latitude#18, data#15.longitude AS longitude#19, data#15.timezone AS timezone#20, data#15.temperature_2m AS temperature_2m#21, data#15.relative_humidity_2m AS relative_humidity_2m#22, data#15.apparent_temperature AS apparent_temperature#23, data#15.precipitation AS precipitation#24, data#15.cloud_cover AS cloud_cover#25, data#15.wind_speed_10m AS wind_speed_10m#26, data#15.wind_direction_10m AS wind_direction_10m#27, data#15.wind_gusts_10m AS wind_gusts_10m#28, data#15.uv_index AS uv_index#29, data#15.weather_code AS weather_code#30, data#15.european_aqi AS european_aqi#31, data#15.us_aqi AS us_aqi#32, data#15.pm10 AS pm10#33, data#15.pm2_5 AS pm2_5#34, data#15.carbon_monoxide AS carbon_monoxide#35, data#15.nitrogen_dioxide AS nitrogen_dioxide#36, data#15.sulphur_dioxide AS sulphur_dioxide#37, data#15.ozone AS ozone#38]
[2026-04-12T04:34:23.691+0000] {subprocess.py:106} INFO -             +- ~Project [from_json(StructField(timestamp,StringType,true), StructField(location,StringType,true), StructField(latitude,DoubleType,true), StructField(longitude,DoubleType,true), StructField(timezone,StringType,true), StructField(temperature_2m,DoubleType,true), StructField(relative_humidity_2m,DoubleType,true), StructField(apparent_temperature,DoubleType,true), StructField(precipitation,DoubleType,true), StructField(cloud_cover,DoubleType,true), StructField(wind_speed_10m,DoubleType,true), StructField(wind_direction_10m,DoubleType,true), StructField(wind_gusts_10m,DoubleType,true), StructField(uv_index,DoubleType,true), StructField(weather_code,IntegerType,true), StructField(european_aqi,IntegerType,true), StructField(us_aqi,IntegerType,true), StructField(pm10,DoubleType,true), StructField(pm2_5,DoubleType,true), StructField(carbon_monoxide,DoubleType,true), StructField(nitrogen_dioxide,DoubleType,true), StructField(sulphur_dioxide,DoubleType,true), StructField(ozone,DoubleType,true), json#14, Some(GMT), ... 1 more fields) AS data#15]
[2026-04-12T04:34:23.691+0000] {subprocess.py:106} INFO -                +- ~Project [cast(value#8 as string) AS json#14]
[2026-04-12T04:34:23.692+0000] {subprocess.py:106} INFO -                   +- ~StreamingDataSourceV2ScanRelation[key#7, value#8, topic#9, partition#10, offset#11L, timestamp#12, timestampType#13] KafkaTable
[2026-04-12T04:34:23.692+0000] {subprocess.py:106} INFO - 
[2026-04-12T04:34:23.739+0000] {subprocess.py:106} INFO - 26/04/12 04:34:23 INFO ConsumerCoordinator: [Consumer clientId=consumer-spark-kafka-source-976a919c-62af-466d-8d30-721debbc149c--983882313-executor-1, groupId=spark-kafka-source-976a919c-62af-466d-8d30-721debbc149c--983882313-executor] Resetting generation and member id due to: consumer pro-actively leaving the group
[2026-04-12T04:34:23.739+0000] {subprocess.py:106} INFO - 26/04/12 04:34:23 INFO ConsumerCoordinator: [Consumer clientId=consumer-spark-kafka-source-976a919c-62af-466d-8d30-721debbc149c--983882313-executor-1, groupId=spark-kafka-source-976a919c-62af-466d-8d30-721debbc149c--983882313-executor] Request joining group due to: consumer pro-actively leaving the group
[2026-04-12T04:34:23.745+0000] {subprocess.py:106} INFO - 26/04/12 04:34:23 INFO Metrics: Metrics scheduler closed
[2026-04-12T04:34:23.745+0000] {subprocess.py:106} INFO - 26/04/12 04:34:23 INFO Metrics: Closing reporter org.apache.kafka.common.metrics.JmxReporter
[2026-04-12T04:34:23.746+0000] {subprocess.py:106} INFO - 26/04/12 04:34:23 INFO Metrics: Closing reporter org.apache.kafka.common.telemetry.internals.ClientTelemetryReporter
[2026-04-12T04:34:23.746+0000] {subprocess.py:106} INFO - 26/04/12 04:34:23 INFO Metrics: Metrics reporters closed
[2026-04-12T04:34:23.752+0000] {subprocess.py:106} INFO - 26/04/12 04:34:23 INFO AppInfoParser: App info kafka.consumer for consumer-spark-kafka-source-976a919c-62af-466d-8d30-721debbc149c--983882313-executor-1 unregistered
[2026-04-12T04:34:23.753+0000] {subprocess.py:106} INFO - 26/04/12 04:34:23 INFO ConsumerCoordinator: [Consumer clientId=consumer-spark-kafka-source-976a919c-62af-466d-8d30-721debbc149c--983882313-executor-2, groupId=spark-kafka-source-976a919c-62af-466d-8d30-721debbc149c--983882313-executor] Resetting generation and member id due to: consumer pro-actively leaving the group
[2026-04-12T04:34:23.753+0000] {subprocess.py:106} INFO - 26/04/12 04:34:23 INFO ConsumerCoordinator: [Consumer clientId=consumer-spark-kafka-source-976a919c-62af-466d-8d30-721debbc149c--983882313-executor-2, groupId=spark-kafka-source-976a919c-62af-466d-8d30-721debbc149c--983882313-executor] Request joining group due to: consumer pro-actively leaving the group
[2026-04-12T04:34:23.756+0000] {subprocess.py:106} INFO - 26/04/12 04:34:23 INFO Metrics: Metrics scheduler closed
[2026-04-12T04:34:23.757+0000] {subprocess.py:106} INFO - 26/04/12 04:34:23 INFO Metrics: Closing reporter org.apache.kafka.common.metrics.JmxReporter
[2026-04-12T04:34:23.757+0000] {subprocess.py:106} INFO - 26/04/12 04:34:23 INFO Metrics: Closing reporter org.apache.kafka.common.telemetry.internals.ClientTelemetryReporter
[2026-04-12T04:34:23.758+0000] {subprocess.py:106} INFO - 26/04/12 04:34:23 INFO Metrics: Metrics reporters closed
[2026-04-12T04:34:23.761+0000] {subprocess.py:106} INFO - 26/04/12 04:34:23 INFO AppInfoParser: App info kafka.consumer for consumer-spark-kafka-source-976a919c-62af-466d-8d30-721debbc149c--983882313-executor-2 unregistered
[2026-04-12T04:34:23.762+0000] {subprocess.py:106} INFO - 26/04/12 04:34:23 INFO ConsumerCoordinator: [Consumer clientId=consumer-spark-kafka-source-976a919c-62af-466d-8d30-721debbc149c--983882313-executor-3, groupId=spark-kafka-source-976a919c-62af-466d-8d30-721debbc149c--983882313-executor] Resetting generation and member id due to: consumer pro-actively leaving the group
[2026-04-12T04:34:23.762+0000] {subprocess.py:106} INFO - 26/04/12 04:34:23 INFO ConsumerCoordinator: [Consumer clientId=consumer-spark-kafka-source-976a919c-62af-466d-8d30-721debbc149c--983882313-executor-3, groupId=spark-kafka-source-976a919c-62af-466d-8d30-721debbc149c--983882313-executor] Request joining group due to: consumer pro-actively leaving the group
[2026-04-12T04:34:23.764+0000] {subprocess.py:106} INFO - 26/04/12 04:34:23 INFO Metrics: Metrics scheduler closed
[2026-04-12T04:34:23.765+0000] {subprocess.py:106} INFO - 26/04/12 04:34:23 INFO Metrics: Closing reporter org.apache.kafka.common.metrics.JmxReporter
[2026-04-12T04:34:23.765+0000] {subprocess.py:106} INFO - 26/04/12 04:34:23 INFO Metrics: Closing reporter org.apache.kafka.common.telemetry.internals.ClientTelemetryReporter
[2026-04-12T04:34:23.766+0000] {subprocess.py:106} INFO - 26/04/12 04:34:23 INFO Metrics: Metrics reporters closed
[2026-04-12T04:34:23.769+0000] {subprocess.py:106} INFO - 26/04/12 04:34:23 INFO AppInfoParser: App info kafka.consumer for consumer-spark-kafka-source-976a919c-62af-466d-8d30-721debbc149c--983882313-executor-3 unregistered
[2026-04-12T04:34:23.769+0000] {subprocess.py:106} INFO - 26/04/12 04:34:23 INFO SparkContext: Invoking stop() from shutdown hook
[2026-04-12T04:34:23.771+0000] {subprocess.py:106} INFO - 26/04/12 04:34:23 INFO SparkContext: SparkContext is stopping with exitCode 0 from run at Executors.java:572.
[2026-04-12T04:34:23.783+0000] {subprocess.py:106} INFO - 26/04/12 04:34:23 INFO SparkUI: Stopped Spark web UI at http://spark-master:4040
[2026-04-12T04:34:23.796+0000] {subprocess.py:106} INFO - 26/04/12 04:34:23 INFO MapOutputTrackerMasterEndpoint: MapOutputTrackerMasterEndpoint stopped!
[2026-04-12T04:34:23.813+0000] {subprocess.py:106} INFO - 26/04/12 04:34:23 INFO MemoryStore: MemoryStore cleared
[2026-04-12T04:34:23.814+0000] {subprocess.py:106} INFO - 26/04/12 04:34:23 INFO BlockManager: BlockManager stopped
[2026-04-12T04:34:23.817+0000] {subprocess.py:106} INFO - 26/04/12 04:34:23 INFO BlockManagerMaster: BlockManagerMaster stopped
[2026-04-12T04:34:23.821+0000] {subprocess.py:106} INFO - 26/04/12 04:34:23 INFO OutputCommitCoordinator$OutputCommitCoordinatorEndpoint: OutputCommitCoordinator stopped!
[2026-04-12T04:34:23.835+0000] {subprocess.py:106} INFO - 26/04/12 04:34:23 INFO SparkContext: Successfully stopped SparkContext
[2026-04-12T04:34:23.836+0000] {subprocess.py:106} INFO - 26/04/12 04:34:23 INFO ShutdownHookManager: Shutdown hook called
[2026-04-12T04:34:23.836+0000] {subprocess.py:106} INFO - 26/04/12 04:34:23 INFO ShutdownHookManager: Deleting directory /tmp/spark-0fe3f1a4-8288-4146-ab75-1675532452e8/pyspark-b85f9e9f-c120-4a6e-90e5-fcbac15380c8
[2026-04-12T04:34:23.840+0000] {subprocess.py:106} INFO - 26/04/12 04:34:23 INFO ShutdownHookManager: Deleting directory /tmp/spark-f1f7f65d-944b-46a7-9e52-39ac09fb3acf
[2026-04-12T04:34:23.844+0000] {subprocess.py:106} INFO - 26/04/12 04:34:23 INFO ShutdownHookManager: Deleting directory /tmp/artifacts-5e6e4dbe-0d7b-409f-baba-825e8c051790
[2026-04-12T04:34:23.847+0000] {subprocess.py:106} INFO - 26/04/12 04:34:23 INFO ShutdownHookManager: Deleting directory /tmp/spark-0fe3f1a4-8288-4146-ab75-1675532452e8
[2026-04-12T04:34:23.948+0000] {subprocess.py:110} INFO - Command exited with return code 1
[2026-04-12T04:34:23.967+0000] {taskinstance.py:3311} ERROR - Task failed with exception
Traceback (most recent call last):
  File "/home/airflow/airflow/venv/lib/python3.12/site-packages/airflow/models/taskinstance.py", line 767, in _execute_task
    result = _execute_callable(context=context, **execute_callable_kwargs)
             ^^^^^^^^^^^^^^^^^^^^^^^^^^^^^^^^^^^^^^^^^^^^^^^^^^^^^^^^^^^^^
  File "/home/airflow/airflow/venv/lib/python3.12/site-packages/airflow/models/taskinstance.py", line 733, in _execute_callable
    return ExecutionCallableRunner(
           ^^^^^^^^^^^^^^^^^^^^^^^^
  File "/home/airflow/airflow/venv/lib/python3.12/site-packages/airflow/utils/operator_helpers.py", line 252, in run
    return self.func(*args, **kwargs)
           ^^^^^^^^^^^^^^^^^^^^^^^^^^
  File "/home/airflow/airflow/venv/lib/python3.12/site-packages/airflow/models/baseoperator.py", line 422, in wrapper
    return func(self, *args, **kwargs)
           ^^^^^^^^^^^^^^^^^^^^^^^^^^^
  File "/home/airflow/airflow/venv/lib/python3.12/site-packages/airflow/operators/bash.py", line 276, in execute
    raise AirflowException(
airflow.exceptions.AirflowException: Bash command failed. The command returned a non-zero exit code 1.
[2026-04-12T04:34:23.984+0000] {taskinstance.py:1225} INFO - Marking task as UP_FOR_RETRY. dag_id=weather_real_time_pipeline_v2, task_id=start_spark_streaming_job, run_id=scheduled__2026-04-12T04:32:00+00:00, execution_date=20260412T043200, start_date=20260412T043401, end_date=20260412T043423
[2026-04-12T04:34:24.009+0000] {taskinstance.py:340} INFO - ::group::Post task execution logs
[2026-04-12T04:34:24.009+0000] {standard_task_runner.py:124} ERROR - Failed to execute job 237 for task start_spark_streaming_job (Bash command failed. The command returned a non-zero exit code 1.; 36161)
Traceback (most recent call last):
  File "/home/airflow/airflow/venv/lib/python3.12/site-packages/airflow/task/task_runner/standard_task_runner.py", line 117, in _start_by_fork
    ret = args.func(args, dag=self.dag)
          ^^^^^^^^^^^^^^^^^^^^^^^^^^^^^
  File "/home/airflow/airflow/venv/lib/python3.12/site-packages/airflow/cli/cli_config.py", line 49, in command
    return func(*args, **kwargs)
           ^^^^^^^^^^^^^^^^^^^^^
  File "/home/airflow/airflow/venv/lib/python3.12/site-packages/airflow/utils/cli.py", line 116, in wrapper
    return f(*args, **kwargs)
           ^^^^^^^^^^^^^^^^^^
  File "/home/airflow/airflow/venv/lib/python3.12/site-packages/airflow/cli/commands/task_command.py", line 483, in task_run
    task_return_code = _run_task_by_selected_method(args, _dag, ti)
                       ^^^^^^^^^^^^^^^^^^^^^^^^^^^^^^^^^^^^^^^^^^^^
  File "/home/airflow/airflow/venv/lib/python3.12/site-packages/airflow/cli/commands/task_command.py", line 256, in _run_task_by_selected_method
    return _run_raw_task(args, ti)
           ^^^^^^^^^^^^^^^^^^^^^^^
  File "/home/airflow/airflow/venv/lib/python3.12/site-packages/airflow/cli/commands/task_command.py", line 341, in _run_raw_task
    return ti._run_raw_task(
           ^^^^^^^^^^^^^^^^^
  File "/home/airflow/airflow/venv/lib/python3.12/site-packages/airflow/utils/session.py", line 97, in wrapper
    return func(*args, session=session, **kwargs)
           ^^^^^^^^^^^^^^^^^^^^^^^^^^^^^^^^^^^^^^
  File "/home/airflow/airflow/venv/lib/python3.12/site-packages/airflow/models/taskinstance.py", line 3005, in _run_raw_task
    return _run_raw_task(
           ^^^^^^^^^^^^^^
  File "/home/airflow/airflow/venv/lib/python3.12/site-packages/airflow/models/taskinstance.py", line 273, in _run_raw_task
    TaskInstance._execute_task_with_callbacks(
  File "/home/airflow/airflow/venv/lib/python3.12/site-packages/airflow/models/taskinstance.py", line 3159, in _execute_task_with_callbacks
    result = self._execute_task(context, task_orig)
             ^^^^^^^^^^^^^^^^^^^^^^^^^^^^^^^^^^^^^^
  File "/home/airflow/airflow/venv/lib/python3.12/site-packages/airflow/models/taskinstance.py", line 3183, in _execute_task
    return _execute_task(self, context, task_orig)
           ^^^^^^^^^^^^^^^^^^^^^^^^^^^^^^^^^^^^^^^
  File "/home/airflow/airflow/venv/lib/python3.12/site-packages/airflow/models/taskinstance.py", line 767, in _execute_task
    result = _execute_callable(context=context, **execute_callable_kwargs)
             ^^^^^^^^^^^^^^^^^^^^^^^^^^^^^^^^^^^^^^^^^^^^^^^^^^^^^^^^^^^^^
  File "/home/airflow/airflow/venv/lib/python3.12/site-packages/airflow/models/taskinstance.py", line 733, in _execute_callable
    return ExecutionCallableRunner(
           ^^^^^^^^^^^^^^^^^^^^^^^^
  File "/home/airflow/airflow/venv/lib/python3.12/site-packages/airflow/utils/operator_helpers.py", line 252, in run
    return self.func(*args, **kwargs)
           ^^^^^^^^^^^^^^^^^^^^^^^^^^
  File "/home/airflow/airflow/venv/lib/python3.12/site-packages/airflow/models/baseoperator.py", line 422, in wrapper
    return func(self, *args, **kwargs)
           ^^^^^^^^^^^^^^^^^^^^^^^^^^^
  File "/home/airflow/airflow/venv/lib/python3.12/site-packages/airflow/operators/bash.py", line 276, in execute
    raise AirflowException(
airflow.exceptions.AirflowException: Bash command failed. The command returned a non-zero exit code 1.
[2026-04-12T04:34:24.018+0000] {local_task_job_runner.py:266} INFO - Task exited with return code 1
[2026-04-12T04:34:24.045+0000] {taskinstance.py:3895} INFO - 0 downstream tasks scheduled from follow-on schedule check
[2026-04-12T04:34:24.047+0000] {local_task_job_runner.py:245} INFO - ::endgroup::
