[2026-04-12T04:36:46.006+0000] {local_task_job_runner.py:123} INFO - ::group::Pre task execution logs
[2026-04-12T04:36:46.037+0000] {taskinstance.py:2613} INFO - Dependencies all met for dep_context=non-requeueable deps ti=<TaskInstance: weather_real_time_pipeline_v2.start_spark_streaming_job scheduled__2026-04-12T04:32:00+00:00 [queued]>
[2026-04-12T04:36:46.050+0000] {taskinstance.py:2613} INFO - Dependencies all met for dep_context=requeueable deps ti=<TaskInstance: weather_real_time_pipeline_v2.start_spark_streaming_job scheduled__2026-04-12T04:32:00+00:00 [queued]>
[2026-04-12T04:36:46.050+0000] {taskinstance.py:2866} INFO - Starting attempt 3 of 4
[2026-04-12T04:36:46.068+0000] {taskinstance.py:2889} INFO - Executing <Task(BashOperator): start_spark_streaming_job> on 2026-04-12 04:32:00+00:00
[2026-04-12T04:36:46.076+0000] {standard_task_runner.py:104} INFO - Running: ['airflow', 'tasks', 'run', 'weather_real_time_pipeline_v2', 'start_spark_streaming_job', 'scheduled__2026-04-12T04:32:00+00:00', '--job-id', '242', '--raw', '--subdir', 'DAGS_FOLDER/weather_pipeline_dag.py', '--cfg-path', '/tmp/tmp3jpnszwf']
[2026-04-12T04:36:46.078+0000] {standard_task_runner.py:105} INFO - Job 242: Subtask start_spark_streaming_job
[2026-04-12T04:36:46.080+0000] {logging_mixin.py:190} WARNING - /home/airflow/airflow/venv/lib/python3.12/site-packages/airflow/task/task_runner/standard_task_runner.py:70 DeprecationWarning: This process (pid=43786) is multi-threaded, use of fork() may lead to deadlocks in the child.
[2026-04-12T04:36:46.081+0000] {standard_task_runner.py:72} INFO - Started process 43797 to run task
[2026-04-12T04:36:46.173+0000] {task_command.py:467} INFO - Running <TaskInstance: weather_real_time_pipeline_v2.start_spark_streaming_job scheduled__2026-04-12T04:32:00+00:00 [running]> on host airflow
[2026-04-12T04:36:46.287+0000] {taskinstance.py:3132} INFO - Exporting env vars: AIRFLOW_CTX_DAG_OWNER='airflow' AIRFLOW_CTX_DAG_ID='weather_real_time_pipeline_v2' AIRFLOW_CTX_TASK_ID='start_spark_streaming_job' AIRFLOW_CTX_EXECUTION_DATE='2026-04-12T04:32:00+00:00' AIRFLOW_CTX_TRY_NUMBER='3' AIRFLOW_CTX_DAG_RUN_ID='scheduled__2026-04-12T04:32:00+00:00'
[2026-04-12T04:36:46.288+0000] {taskinstance.py:731} INFO - ::endgroup::
[2026-04-12T04:36:46.301+0000] {subprocess.py:78} INFO - Tmp dir root location: /tmp
[2026-04-12T04:36:46.302+0000] {subprocess.py:88} INFO - Running command: ['/usr/bin/bash', '-c', 'docker exec spark-master spark-submit                 --packages org.apache.spark:spark-sql-kafka-0-10_2.13:4.0.0,org.apache.iceberg:iceberg-spark-runtime-4.0_2.13:1.10.1                 /home/spark/spark/spark_jobs/weather_streaming.py']
[2026-04-12T04:36:46.311+0000] {subprocess.py:99} INFO - Output:
[2026-04-12T04:36:46.762+0000] {subprocess.py:106} INFO - WARNING: Using incubator modules: jdk.incubator.vector
[2026-04-12T04:36:48.261+0000] {subprocess.py:106} INFO - :: loading settings :: url = jar:file:/home/spark/spark/jars/ivy-2.5.3.jar!/org/apache/ivy/core/settings/ivysettings.xml
[2026-04-12T04:36:48.355+0000] {subprocess.py:106} INFO - Ivy Default Cache set to: /home/spark/.ivy2.5.2/cache
[2026-04-12T04:36:48.356+0000] {subprocess.py:106} INFO - The jars for the packages stored in: /home/spark/.ivy2.5.2/jars
[2026-04-12T04:36:48.377+0000] {subprocess.py:106} INFO - org.apache.spark#spark-sql-kafka-0-10_2.13 added as a dependency
[2026-04-12T04:36:48.378+0000] {subprocess.py:106} INFO - org.apache.iceberg#iceberg-spark-runtime-4.0_2.13 added as a dependency
[2026-04-12T04:36:48.380+0000] {subprocess.py:106} INFO - :: resolving dependencies :: org.apache.spark#spark-submit-parent-eca54264-3903-4f2c-a621-58d8a19eeb95;1.0
[2026-04-12T04:36:48.383+0000] {subprocess.py:106} INFO - 	confs: [default]
[2026-04-12T04:36:48.608+0000] {subprocess.py:106} INFO - 	found org.apache.spark#spark-sql-kafka-0-10_2.13;4.0.0 in central
[2026-04-12T04:36:48.696+0000] {subprocess.py:106} INFO - 	found org.apache.spark#spark-token-provider-kafka-0-10_2.13;4.0.0 in central
[2026-04-12T04:36:48.744+0000] {subprocess.py:106} INFO - 	found org.apache.kafka#kafka-clients;3.9.0 in central
[2026-04-12T04:36:48.791+0000] {subprocess.py:106} INFO - 	found org.lz4#lz4-java;1.8.0 in central
[2026-04-12T04:36:48.825+0000] {subprocess.py:106} INFO - 	found org.xerial.snappy#snappy-java;1.1.10.7 in central
[2026-04-12T04:36:48.857+0000] {subprocess.py:106} INFO - 	found org.slf4j#slf4j-api;2.0.16 in central
[2026-04-12T04:36:48.888+0000] {subprocess.py:106} INFO - 	found org.apache.hadoop#hadoop-client-runtime;3.4.1 in central
[2026-04-12T04:36:48.928+0000] {subprocess.py:106} INFO - 	found org.apache.hadoop#hadoop-client-api;3.4.1 in central
[2026-04-12T04:36:48.965+0000] {subprocess.py:106} INFO - 	found com.google.code.findbugs#jsr305;3.0.0 in central
[2026-04-12T04:36:48.985+0000] {subprocess.py:106} INFO - 	found org.scala-lang.modules#scala-parallel-collections_2.13;1.2.0 in central
[2026-04-12T04:36:49.008+0000] {subprocess.py:106} INFO - 	found org.apache.commons#commons-pool2;2.12.0 in central
[2026-04-12T04:36:49.029+0000] {subprocess.py:106} INFO - 	found org.apache.iceberg#iceberg-spark-runtime-4.0_2.13;1.10.1 in central
[2026-04-12T04:36:49.066+0000] {subprocess.py:106} INFO - :: resolution report :: resolve 663ms :: artifacts dl 23ms
[2026-04-12T04:36:49.067+0000] {subprocess.py:106} INFO - 	:: modules in use:
[2026-04-12T04:36:49.068+0000] {subprocess.py:106} INFO - 	com.google.code.findbugs#jsr305;3.0.0 from central in [default]
[2026-04-12T04:36:49.069+0000] {subprocess.py:106} INFO - 	org.apache.commons#commons-pool2;2.12.0 from central in [default]
[2026-04-12T04:36:49.069+0000] {subprocess.py:106} INFO - 	org.apache.hadoop#hadoop-client-api;3.4.1 from central in [default]
[2026-04-12T04:36:49.070+0000] {subprocess.py:106} INFO - 	org.apache.hadoop#hadoop-client-runtime;3.4.1 from central in [default]
[2026-04-12T04:36:49.070+0000] {subprocess.py:106} INFO - 	org.apache.iceberg#iceberg-spark-runtime-4.0_2.13;1.10.1 from central in [default]
[2026-04-12T04:36:49.071+0000] {subprocess.py:106} INFO - 	org.apache.kafka#kafka-clients;3.9.0 from central in [default]
[2026-04-12T04:36:49.071+0000] {subprocess.py:106} INFO - 	org.apache.spark#spark-sql-kafka-0-10_2.13;4.0.0 from central in [default]
[2026-04-12T04:36:49.072+0000] {subprocess.py:106} INFO - 	org.apache.spark#spark-token-provider-kafka-0-10_2.13;4.0.0 from central in [default]
[2026-04-12T04:36:49.072+0000] {subprocess.py:106} INFO - 	org.lz4#lz4-java;1.8.0 from central in [default]
[2026-04-12T04:36:49.073+0000] {subprocess.py:106} INFO - 	org.scala-lang.modules#scala-parallel-collections_2.13;1.2.0 from central in [default]
[2026-04-12T04:36:49.073+0000] {subprocess.py:106} INFO - 	org.slf4j#slf4j-api;2.0.16 from central in [default]
[2026-04-12T04:36:49.074+0000] {subprocess.py:106} INFO - 	org.xerial.snappy#snappy-java;1.1.10.7 from central in [default]
[2026-04-12T04:36:49.075+0000] {subprocess.py:106} INFO - 	---------------------------------------------------------------------
[2026-04-12T04:36:49.076+0000] {subprocess.py:106} INFO - 	|                  |            modules            ||   artifacts   |
[2026-04-12T04:36:49.077+0000] {subprocess.py:106} INFO - 	|       conf       | number| search|dwnlded|evicted|| number|dwnlded|
[2026-04-12T04:36:49.077+0000] {subprocess.py:106} INFO - 	---------------------------------------------------------------------
[2026-04-12T04:36:49.077+0000] {subprocess.py:106} INFO - 	|      default     |   12  |   0   |   0   |   0   ||   12  |   0   |
[2026-04-12T04:36:49.078+0000] {subprocess.py:106} INFO - 	---------------------------------------------------------------------
[2026-04-12T04:36:49.079+0000] {subprocess.py:106} INFO - :: retrieving :: org.apache.spark#spark-submit-parent-eca54264-3903-4f2c-a621-58d8a19eeb95
[2026-04-12T04:36:49.080+0000] {subprocess.py:106} INFO - 	confs: [default]
[2026-04-12T04:36:49.093+0000] {subprocess.py:106} INFO - 	0 artifacts copied, 12 already retrieved (0kB/14ms)
[2026-04-12T04:36:49.458+0000] {subprocess.py:106} INFO - 26/04/12 04:36:49 WARN NativeCodeLoader: Unable to load native-hadoop library for your platform... using builtin-java classes where applicable
[2026-04-12T04:36:50.854+0000] {subprocess.py:106} INFO - Using Spark's default log4j profile: org/apache/spark/log4j2-defaults.properties
[2026-04-12T04:36:50.863+0000] {subprocess.py:106} INFO - 26/04/12 04:36:50 INFO SparkContext: Running Spark version 4.0.2
[2026-04-12T04:36:50.865+0000] {subprocess.py:106} INFO - 26/04/12 04:36:50 INFO SparkContext: OS info Linux, 6.6.87.2-microsoft-standard-WSL2, amd64
[2026-04-12T04:36:50.867+0000] {subprocess.py:106} INFO - 26/04/12 04:36:50 INFO SparkContext: Java version 21.0.10
[2026-04-12T04:36:50.901+0000] {subprocess.py:106} INFO - 26/04/12 04:36:50 INFO ResourceUtils: ==============================================================
[2026-04-12T04:36:50.902+0000] {subprocess.py:106} INFO - 26/04/12 04:36:50 INFO ResourceUtils: No custom resources configured for spark.driver.
[2026-04-12T04:36:50.902+0000] {subprocess.py:106} INFO - 26/04/12 04:36:50 INFO ResourceUtils: ==============================================================
[2026-04-12T04:36:50.904+0000] {subprocess.py:106} INFO - 26/04/12 04:36:50 INFO SparkContext: Submitted application: Weather_Kafka_to_Iceberg
[2026-04-12T04:36:50.946+0000] {subprocess.py:106} INFO - 26/04/12 04:36:50 INFO ResourceProfile: Default ResourceProfile created, executor resources: Map(cores -> name: cores, amount: 2, script: , vendor: , memory -> name: memory, amount: 2048, script: , vendor: , offHeap -> name: offHeap, amount: 0, script: , vendor: ), task resources: Map(cpus -> name: cpus, amount: 1.0)
[2026-04-12T04:36:50.956+0000] {subprocess.py:106} INFO - 26/04/12 04:36:50 INFO ResourceProfile: Limiting resource is cpus at 2 tasks per executor
[2026-04-12T04:36:50.960+0000] {subprocess.py:106} INFO - 26/04/12 04:36:50 INFO ResourceProfileManager: Added ResourceProfile id: 0
[2026-04-12T04:36:51.034+0000] {subprocess.py:106} INFO - 26/04/12 04:36:51 INFO SecurityManager: Changing view acls to: spark
[2026-04-12T04:36:51.036+0000] {subprocess.py:106} INFO - 26/04/12 04:36:51 INFO SecurityManager: Changing modify acls to: spark
[2026-04-12T04:36:51.037+0000] {subprocess.py:106} INFO - 26/04/12 04:36:51 INFO SecurityManager: Changing view acls groups to: spark
[2026-04-12T04:36:51.038+0000] {subprocess.py:106} INFO - 26/04/12 04:36:51 INFO SecurityManager: Changing modify acls groups to: spark
[2026-04-12T04:36:51.042+0000] {subprocess.py:106} INFO - 26/04/12 04:36:51 INFO SecurityManager: SecurityManager: authentication disabled; ui acls disabled; users with view permissions: spark groups with view permissions: EMPTY; users with modify permissions: spark; groups with modify permissions: EMPTY; RPC SSL disabled
[2026-04-12T04:36:51.346+0000] {subprocess.py:106} INFO - 26/04/12 04:36:51 INFO Utils: Successfully started service 'sparkDriver' on port 38253.
[2026-04-12T04:36:51.374+0000] {subprocess.py:106} INFO - 26/04/12 04:36:51 INFO SparkEnv: Registering MapOutputTracker
[2026-04-12T04:36:51.389+0000] {subprocess.py:106} INFO - 26/04/12 04:36:51 INFO SparkEnv: Registering BlockManagerMaster
[2026-04-12T04:36:51.406+0000] {subprocess.py:106} INFO - 26/04/12 04:36:51 INFO BlockManagerMasterEndpoint: Using org.apache.spark.storage.DefaultTopologyMapper for getting topology information
[2026-04-12T04:36:51.406+0000] {subprocess.py:106} INFO - 26/04/12 04:36:51 INFO BlockManagerMasterEndpoint: BlockManagerMasterEndpoint up
[2026-04-12T04:36:51.410+0000] {subprocess.py:106} INFO - 26/04/12 04:36:51 INFO SparkEnv: Registering BlockManagerMasterHeartbeat
[2026-04-12T04:36:51.435+0000] {subprocess.py:106} INFO - 26/04/12 04:36:51 INFO DiskBlockManager: Created local directory at /tmp/blockmgr-493e3855-e1da-4444-84cc-07535d8c6d5c
[2026-04-12T04:36:51.458+0000] {subprocess.py:106} INFO - 26/04/12 04:36:51 INFO SparkEnv: Registering OutputCommitCoordinator
[2026-04-12T04:36:51.631+0000] {subprocess.py:106} INFO - 26/04/12 04:36:51 INFO JettyUtils: Start Jetty 0.0.0.0:4040 for SparkUI
[2026-04-12T04:36:51.724+0000] {subprocess.py:106} INFO - 26/04/12 04:36:51 INFO Utils: Successfully started service 'SparkUI' on port 4040.
[2026-04-12T04:36:51.778+0000] {subprocess.py:106} INFO - 26/04/12 04:36:51 INFO SparkContext: Added JAR file:///home/spark/.ivy2.5.2/jars/org.apache.spark_spark-sql-kafka-0-10_2.13-4.0.0.jar at spark://spark-master:38253/jars/org.apache.spark_spark-sql-kafka-0-10_2.13-4.0.0.jar with timestamp 1775968610840
[2026-04-12T04:36:51.779+0000] {subprocess.py:106} INFO - 26/04/12 04:36:51 INFO SparkContext: Added JAR file:///home/spark/.ivy2.5.2/jars/org.apache.iceberg_iceberg-spark-runtime-4.0_2.13-1.10.1.jar at spark://spark-master:38253/jars/org.apache.iceberg_iceberg-spark-runtime-4.0_2.13-1.10.1.jar with timestamp 1775968610840
[2026-04-12T04:36:51.780+0000] {subprocess.py:106} INFO - 26/04/12 04:36:51 INFO SparkContext: Added JAR file:///home/spark/.ivy2.5.2/jars/org.apache.spark_spark-token-provider-kafka-0-10_2.13-4.0.0.jar at spark://spark-master:38253/jars/org.apache.spark_spark-token-provider-kafka-0-10_2.13-4.0.0.jar with timestamp 1775968610840
[2026-04-12T04:36:51.780+0000] {subprocess.py:106} INFO - 26/04/12 04:36:51 INFO SparkContext: Added JAR file:///home/spark/.ivy2.5.2/jars/org.scala-lang.modules_scala-parallel-collections_2.13-1.2.0.jar at spark://spark-master:38253/jars/org.scala-lang.modules_scala-parallel-collections_2.13-1.2.0.jar with timestamp 1775968610840
[2026-04-12T04:36:51.781+0000] {subprocess.py:106} INFO - 26/04/12 04:36:51 INFO SparkContext: Added JAR file:///home/spark/.ivy2.5.2/jars/org.apache.kafka_kafka-clients-3.9.0.jar at spark://spark-master:38253/jars/org.apache.kafka_kafka-clients-3.9.0.jar with timestamp 1775968610840
[2026-04-12T04:36:51.781+0000] {subprocess.py:106} INFO - 26/04/12 04:36:51 INFO SparkContext: Added JAR file:///home/spark/.ivy2.5.2/jars/com.google.code.findbugs_jsr305-3.0.0.jar at spark://spark-master:38253/jars/com.google.code.findbugs_jsr305-3.0.0.jar with timestamp 1775968610840
[2026-04-12T04:36:51.782+0000] {subprocess.py:106} INFO - 26/04/12 04:36:51 INFO SparkContext: Added JAR file:///home/spark/.ivy2.5.2/jars/org.apache.commons_commons-pool2-2.12.0.jar at spark://spark-master:38253/jars/org.apache.commons_commons-pool2-2.12.0.jar with timestamp 1775968610840
[2026-04-12T04:36:51.783+0000] {subprocess.py:106} INFO - 26/04/12 04:36:51 INFO SparkContext: Added JAR file:///home/spark/.ivy2.5.2/jars/org.apache.hadoop_hadoop-client-runtime-3.4.1.jar at spark://spark-master:38253/jars/org.apache.hadoop_hadoop-client-runtime-3.4.1.jar with timestamp 1775968610840
[2026-04-12T04:36:51.783+0000] {subprocess.py:106} INFO - 26/04/12 04:36:51 INFO SparkContext: Added JAR file:///home/spark/.ivy2.5.2/jars/org.lz4_lz4-java-1.8.0.jar at spark://spark-master:38253/jars/org.lz4_lz4-java-1.8.0.jar with timestamp 1775968610840
[2026-04-12T04:36:51.784+0000] {subprocess.py:106} INFO - 26/04/12 04:36:51 INFO SparkContext: Added JAR file:///home/spark/.ivy2.5.2/jars/org.xerial.snappy_snappy-java-1.1.10.7.jar at spark://spark-master:38253/jars/org.xerial.snappy_snappy-java-1.1.10.7.jar with timestamp 1775968610840
[2026-04-12T04:36:51.785+0000] {subprocess.py:106} INFO - 26/04/12 04:36:51 INFO SparkContext: Added JAR file:///home/spark/.ivy2.5.2/jars/org.slf4j_slf4j-api-2.0.16.jar at spark://spark-master:38253/jars/org.slf4j_slf4j-api-2.0.16.jar with timestamp 1775968610840
[2026-04-12T04:36:51.787+0000] {subprocess.py:106} INFO - 26/04/12 04:36:51 INFO SparkContext: Added JAR file:///home/spark/.ivy2.5.2/jars/org.apache.hadoop_hadoop-client-api-3.4.1.jar at spark://spark-master:38253/jars/org.apache.hadoop_hadoop-client-api-3.4.1.jar with timestamp 1775968610840
[2026-04-12T04:36:51.793+0000] {subprocess.py:106} INFO - 26/04/12 04:36:51 INFO SparkContext: Added file file:///home/spark/.ivy2.5.2/jars/org.apache.spark_spark-sql-kafka-0-10_2.13-4.0.0.jar at file:///home/spark/.ivy2.5.2/jars/org.apache.spark_spark-sql-kafka-0-10_2.13-4.0.0.jar with timestamp 1775968610840
[2026-04-12T04:36:51.797+0000] {subprocess.py:106} INFO - 26/04/12 04:36:51 INFO Utils: Copying /home/spark/.ivy2.5.2/jars/org.apache.spark_spark-sql-kafka-0-10_2.13-4.0.0.jar to /tmp/spark-eddd39c3-5c44-47ca-8a28-832795ba899c/userFiles-ea6283ca-d129-4a3c-9890-2f5caf4c7113/org.apache.spark_spark-sql-kafka-0-10_2.13-4.0.0.jar
[2026-04-12T04:36:51.810+0000] {subprocess.py:106} INFO - 26/04/12 04:36:51 INFO SparkContext: Added file file:///home/spark/.ivy2.5.2/jars/org.apache.iceberg_iceberg-spark-runtime-4.0_2.13-1.10.1.jar at file:///home/spark/.ivy2.5.2/jars/org.apache.iceberg_iceberg-spark-runtime-4.0_2.13-1.10.1.jar with timestamp 1775968610840
[2026-04-12T04:36:51.811+0000] {subprocess.py:106} INFO - 26/04/12 04:36:51 INFO Utils: Copying /home/spark/.ivy2.5.2/jars/org.apache.iceberg_iceberg-spark-runtime-4.0_2.13-1.10.1.jar to /tmp/spark-eddd39c3-5c44-47ca-8a28-832795ba899c/userFiles-ea6283ca-d129-4a3c-9890-2f5caf4c7113/org.apache.iceberg_iceberg-spark-runtime-4.0_2.13-1.10.1.jar
[2026-04-12T04:36:51.848+0000] {subprocess.py:106} INFO - 26/04/12 04:36:51 INFO SparkContext: Added file file:///home/spark/.ivy2.5.2/jars/org.apache.spark_spark-token-provider-kafka-0-10_2.13-4.0.0.jar at file:///home/spark/.ivy2.5.2/jars/org.apache.spark_spark-token-provider-kafka-0-10_2.13-4.0.0.jar with timestamp 1775968610840
[2026-04-12T04:36:51.849+0000] {subprocess.py:106} INFO - 26/04/12 04:36:51 INFO Utils: Copying /home/spark/.ivy2.5.2/jars/org.apache.spark_spark-token-provider-kafka-0-10_2.13-4.0.0.jar to /tmp/spark-eddd39c3-5c44-47ca-8a28-832795ba899c/userFiles-ea6283ca-d129-4a3c-9890-2f5caf4c7113/org.apache.spark_spark-token-provider-kafka-0-10_2.13-4.0.0.jar
[2026-04-12T04:36:51.854+0000] {subprocess.py:106} INFO - 26/04/12 04:36:51 INFO SparkContext: Added file file:///home/spark/.ivy2.5.2/jars/org.scala-lang.modules_scala-parallel-collections_2.13-1.2.0.jar at file:///home/spark/.ivy2.5.2/jars/org.scala-lang.modules_scala-parallel-collections_2.13-1.2.0.jar with timestamp 1775968610840
[2026-04-12T04:36:51.855+0000] {subprocess.py:106} INFO - 26/04/12 04:36:51 INFO Utils: Copying /home/spark/.ivy2.5.2/jars/org.scala-lang.modules_scala-parallel-collections_2.13-1.2.0.jar to /tmp/spark-eddd39c3-5c44-47ca-8a28-832795ba899c/userFiles-ea6283ca-d129-4a3c-9890-2f5caf4c7113/org.scala-lang.modules_scala-parallel-collections_2.13-1.2.0.jar
[2026-04-12T04:36:51.862+0000] {subprocess.py:106} INFO - 26/04/12 04:36:51 INFO SparkContext: Added file file:///home/spark/.ivy2.5.2/jars/org.apache.kafka_kafka-clients-3.9.0.jar at file:///home/spark/.ivy2.5.2/jars/org.apache.kafka_kafka-clients-3.9.0.jar with timestamp 1775968610840
[2026-04-12T04:36:51.863+0000] {subprocess.py:106} INFO - 26/04/12 04:36:51 INFO Utils: Copying /home/spark/.ivy2.5.2/jars/org.apache.kafka_kafka-clients-3.9.0.jar to /tmp/spark-eddd39c3-5c44-47ca-8a28-832795ba899c/userFiles-ea6283ca-d129-4a3c-9890-2f5caf4c7113/org.apache.kafka_kafka-clients-3.9.0.jar
[2026-04-12T04:36:51.875+0000] {subprocess.py:106} INFO - 26/04/12 04:36:51 INFO SparkContext: Added file file:///home/spark/.ivy2.5.2/jars/com.google.code.findbugs_jsr305-3.0.0.jar at file:///home/spark/.ivy2.5.2/jars/com.google.code.findbugs_jsr305-3.0.0.jar with timestamp 1775968610840
[2026-04-12T04:36:51.876+0000] {subprocess.py:106} INFO - 26/04/12 04:36:51 INFO Utils: Copying /home/spark/.ivy2.5.2/jars/com.google.code.findbugs_jsr305-3.0.0.jar to /tmp/spark-eddd39c3-5c44-47ca-8a28-832795ba899c/userFiles-ea6283ca-d129-4a3c-9890-2f5caf4c7113/com.google.code.findbugs_jsr305-3.0.0.jar
[2026-04-12T04:36:51.881+0000] {subprocess.py:106} INFO - 26/04/12 04:36:51 INFO SparkContext: Added file file:///home/spark/.ivy2.5.2/jars/org.apache.commons_commons-pool2-2.12.0.jar at file:///home/spark/.ivy2.5.2/jars/org.apache.commons_commons-pool2-2.12.0.jar with timestamp 1775968610840
[2026-04-12T04:36:51.882+0000] {subprocess.py:106} INFO - 26/04/12 04:36:51 INFO Utils: Copying /home/spark/.ivy2.5.2/jars/org.apache.commons_commons-pool2-2.12.0.jar to /tmp/spark-eddd39c3-5c44-47ca-8a28-832795ba899c/userFiles-ea6283ca-d129-4a3c-9890-2f5caf4c7113/org.apache.commons_commons-pool2-2.12.0.jar
[2026-04-12T04:36:51.887+0000] {subprocess.py:106} INFO - 26/04/12 04:36:51 INFO SparkContext: Added file file:///home/spark/.ivy2.5.2/jars/org.apache.hadoop_hadoop-client-runtime-3.4.1.jar at file:///home/spark/.ivy2.5.2/jars/org.apache.hadoop_hadoop-client-runtime-3.4.1.jar with timestamp 1775968610840
[2026-04-12T04:36:51.888+0000] {subprocess.py:106} INFO - 26/04/12 04:36:51 INFO Utils: Copying /home/spark/.ivy2.5.2/jars/org.apache.hadoop_hadoop-client-runtime-3.4.1.jar to /tmp/spark-eddd39c3-5c44-47ca-8a28-832795ba899c/userFiles-ea6283ca-d129-4a3c-9890-2f5caf4c7113/org.apache.hadoop_hadoop-client-runtime-3.4.1.jar
[2026-04-12T04:36:51.913+0000] {subprocess.py:106} INFO - 26/04/12 04:36:51 INFO SparkContext: Added file file:///home/spark/.ivy2.5.2/jars/org.lz4_lz4-java-1.8.0.jar at file:///home/spark/.ivy2.5.2/jars/org.lz4_lz4-java-1.8.0.jar with timestamp 1775968610840
[2026-04-12T04:36:51.914+0000] {subprocess.py:106} INFO - 26/04/12 04:36:51 INFO Utils: Copying /home/spark/.ivy2.5.2/jars/org.lz4_lz4-java-1.8.0.jar to /tmp/spark-eddd39c3-5c44-47ca-8a28-832795ba899c/userFiles-ea6283ca-d129-4a3c-9890-2f5caf4c7113/org.lz4_lz4-java-1.8.0.jar
[2026-04-12T04:36:51.919+0000] {subprocess.py:106} INFO - 26/04/12 04:36:51 INFO SparkContext: Added file file:///home/spark/.ivy2.5.2/jars/org.xerial.snappy_snappy-java-1.1.10.7.jar at file:///home/spark/.ivy2.5.2/jars/org.xerial.snappy_snappy-java-1.1.10.7.jar with timestamp 1775968610840
[2026-04-12T04:36:51.920+0000] {subprocess.py:106} INFO - 26/04/12 04:36:51 INFO Utils: Copying /home/spark/.ivy2.5.2/jars/org.xerial.snappy_snappy-java-1.1.10.7.jar to /tmp/spark-eddd39c3-5c44-47ca-8a28-832795ba899c/userFiles-ea6283ca-d129-4a3c-9890-2f5caf4c7113/org.xerial.snappy_snappy-java-1.1.10.7.jar
[2026-04-12T04:36:51.927+0000] {subprocess.py:106} INFO - 26/04/12 04:36:51 INFO SparkContext: Added file file:///home/spark/.ivy2.5.2/jars/org.slf4j_slf4j-api-2.0.16.jar at file:///home/spark/.ivy2.5.2/jars/org.slf4j_slf4j-api-2.0.16.jar with timestamp 1775968610840
[2026-04-12T04:36:51.928+0000] {subprocess.py:106} INFO - 26/04/12 04:36:51 INFO Utils: Copying /home/spark/.ivy2.5.2/jars/org.slf4j_slf4j-api-2.0.16.jar to /tmp/spark-eddd39c3-5c44-47ca-8a28-832795ba899c/userFiles-ea6283ca-d129-4a3c-9890-2f5caf4c7113/org.slf4j_slf4j-api-2.0.16.jar
[2026-04-12T04:36:51.934+0000] {subprocess.py:106} INFO - 26/04/12 04:36:51 INFO SparkContext: Added file file:///home/spark/.ivy2.5.2/jars/org.apache.hadoop_hadoop-client-api-3.4.1.jar at file:///home/spark/.ivy2.5.2/jars/org.apache.hadoop_hadoop-client-api-3.4.1.jar with timestamp 1775968610840
[2026-04-12T04:36:51.935+0000] {subprocess.py:106} INFO - 26/04/12 04:36:51 INFO Utils: Copying /home/spark/.ivy2.5.2/jars/org.apache.hadoop_hadoop-client-api-3.4.1.jar to /tmp/spark-eddd39c3-5c44-47ca-8a28-832795ba899c/userFiles-ea6283ca-d129-4a3c-9890-2f5caf4c7113/org.apache.hadoop_hadoop-client-api-3.4.1.jar
[2026-04-12T04:36:51.975+0000] {subprocess.py:106} INFO - 26/04/12 04:36:51 INFO SecurityManager: Changing view acls to: spark
[2026-04-12T04:36:51.977+0000] {subprocess.py:106} INFO - 26/04/12 04:36:51 INFO SecurityManager: Changing modify acls to: spark
[2026-04-12T04:36:51.978+0000] {subprocess.py:106} INFO - 26/04/12 04:36:51 INFO SecurityManager: Changing view acls groups to: spark
[2026-04-12T04:36:51.979+0000] {subprocess.py:106} INFO - 26/04/12 04:36:51 INFO SecurityManager: Changing modify acls groups to: spark
[2026-04-12T04:36:51.979+0000] {subprocess.py:106} INFO - 26/04/12 04:36:51 INFO SecurityManager: SecurityManager: authentication disabled; ui acls disabled; users with view permissions: spark groups with view permissions: EMPTY; users with modify permissions: spark; groups with modify permissions: EMPTY; RPC SSL disabled
[2026-04-12T04:36:52.204+0000] {subprocess.py:106} INFO - 26/04/12 04:36:52 INFO Executor: Starting executor ID driver on host spark-master
[2026-04-12T04:36:52.205+0000] {subprocess.py:106} INFO - 26/04/12 04:36:52 INFO Executor: OS info Linux, 6.6.87.2-microsoft-standard-WSL2, amd64
[2026-04-12T04:36:52.206+0000] {subprocess.py:106} INFO - 26/04/12 04:36:52 INFO Executor: Java version 21.0.10
[2026-04-12T04:36:52.223+0000] {subprocess.py:106} INFO - 26/04/12 04:36:52 INFO Executor: Starting executor with user classpath (userClassPathFirst = false): ''
[2026-04-12T04:36:52.225+0000] {subprocess.py:106} INFO - 26/04/12 04:36:52 INFO Executor: Created or updated repl class loader org.apache.spark.util.MutableURLClassLoader@15de3591 for default.
[2026-04-12T04:36:52.239+0000] {subprocess.py:106} INFO - 26/04/12 04:36:52 INFO Executor: Fetching file:///home/spark/.ivy2.5.2/jars/org.lz4_lz4-java-1.8.0.jar with timestamp 1775968610840
[2026-04-12T04:36:52.260+0000] {subprocess.py:106} INFO - 26/04/12 04:36:52 INFO Utils: /home/spark/.ivy2.5.2/jars/org.lz4_lz4-java-1.8.0.jar has been previously copied to /tmp/spark-eddd39c3-5c44-47ca-8a28-832795ba899c/userFiles-ea6283ca-d129-4a3c-9890-2f5caf4c7113/org.lz4_lz4-java-1.8.0.jar
[2026-04-12T04:36:52.264+0000] {subprocess.py:106} INFO - 26/04/12 04:36:52 INFO Executor: Fetching file:///home/spark/.ivy2.5.2/jars/org.scala-lang.modules_scala-parallel-collections_2.13-1.2.0.jar with timestamp 1775968610840
[2026-04-12T04:36:52.266+0000] {subprocess.py:106} INFO - 26/04/12 04:36:52 INFO Utils: /home/spark/.ivy2.5.2/jars/org.scala-lang.modules_scala-parallel-collections_2.13-1.2.0.jar has been previously copied to /tmp/spark-eddd39c3-5c44-47ca-8a28-832795ba899c/userFiles-ea6283ca-d129-4a3c-9890-2f5caf4c7113/org.scala-lang.modules_scala-parallel-collections_2.13-1.2.0.jar
[2026-04-12T04:36:52.270+0000] {subprocess.py:106} INFO - 26/04/12 04:36:52 INFO Executor: Fetching file:///home/spark/.ivy2.5.2/jars/org.apache.kafka_kafka-clients-3.9.0.jar with timestamp 1775968610840
[2026-04-12T04:36:52.277+0000] {subprocess.py:106} INFO - 26/04/12 04:36:52 INFO Utils: /home/spark/.ivy2.5.2/jars/org.apache.kafka_kafka-clients-3.9.0.jar has been previously copied to /tmp/spark-eddd39c3-5c44-47ca-8a28-832795ba899c/userFiles-ea6283ca-d129-4a3c-9890-2f5caf4c7113/org.apache.kafka_kafka-clients-3.9.0.jar
[2026-04-12T04:36:52.281+0000] {subprocess.py:106} INFO - 26/04/12 04:36:52 INFO Executor: Fetching file:///home/spark/.ivy2.5.2/jars/org.apache.spark_spark-sql-kafka-0-10_2.13-4.0.0.jar with timestamp 1775968610840
[2026-04-12T04:36:52.282+0000] {subprocess.py:106} INFO - 26/04/12 04:36:52 INFO Utils: /home/spark/.ivy2.5.2/jars/org.apache.spark_spark-sql-kafka-0-10_2.13-4.0.0.jar has been previously copied to /tmp/spark-eddd39c3-5c44-47ca-8a28-832795ba899c/userFiles-ea6283ca-d129-4a3c-9890-2f5caf4c7113/org.apache.spark_spark-sql-kafka-0-10_2.13-4.0.0.jar
[2026-04-12T04:36:52.286+0000] {subprocess.py:106} INFO - 26/04/12 04:36:52 INFO Executor: Fetching file:///home/spark/.ivy2.5.2/jars/org.apache.hadoop_hadoop-client-api-3.4.1.jar with timestamp 1775968610840
[2026-04-12T04:36:52.298+0000] {subprocess.py:106} INFO - 26/04/12 04:36:52 INFO Utils: /home/spark/.ivy2.5.2/jars/org.apache.hadoop_hadoop-client-api-3.4.1.jar has been previously copied to /tmp/spark-eddd39c3-5c44-47ca-8a28-832795ba899c/userFiles-ea6283ca-d129-4a3c-9890-2f5caf4c7113/org.apache.hadoop_hadoop-client-api-3.4.1.jar
[2026-04-12T04:36:52.302+0000] {subprocess.py:106} INFO - 26/04/12 04:36:52 INFO Executor: Fetching file:///home/spark/.ivy2.5.2/jars/org.apache.commons_commons-pool2-2.12.0.jar with timestamp 1775968610840
[2026-04-12T04:36:52.304+0000] {subprocess.py:106} INFO - 26/04/12 04:36:52 INFO Utils: /home/spark/.ivy2.5.2/jars/org.apache.commons_commons-pool2-2.12.0.jar has been previously copied to /tmp/spark-eddd39c3-5c44-47ca-8a28-832795ba899c/userFiles-ea6283ca-d129-4a3c-9890-2f5caf4c7113/org.apache.commons_commons-pool2-2.12.0.jar
[2026-04-12T04:36:52.308+0000] {subprocess.py:106} INFO - 26/04/12 04:36:52 INFO Executor: Fetching file:///home/spark/.ivy2.5.2/jars/org.slf4j_slf4j-api-2.0.16.jar with timestamp 1775968610840
[2026-04-12T04:36:52.308+0000] {subprocess.py:106} INFO - 26/04/12 04:36:52 INFO Utils: /home/spark/.ivy2.5.2/jars/org.slf4j_slf4j-api-2.0.16.jar has been previously copied to /tmp/spark-eddd39c3-5c44-47ca-8a28-832795ba899c/userFiles-ea6283ca-d129-4a3c-9890-2f5caf4c7113/org.slf4j_slf4j-api-2.0.16.jar
[2026-04-12T04:36:52.312+0000] {subprocess.py:106} INFO - 26/04/12 04:36:52 INFO Executor: Fetching file:///home/spark/.ivy2.5.2/jars/org.apache.iceberg_iceberg-spark-runtime-4.0_2.13-1.10.1.jar with timestamp 1775968610840
[2026-04-12T04:36:52.339+0000] {subprocess.py:106} INFO - 26/04/12 04:36:52 INFO Utils: /home/spark/.ivy2.5.2/jars/org.apache.iceberg_iceberg-spark-runtime-4.0_2.13-1.10.1.jar has been previously copied to /tmp/spark-eddd39c3-5c44-47ca-8a28-832795ba899c/userFiles-ea6283ca-d129-4a3c-9890-2f5caf4c7113/org.apache.iceberg_iceberg-spark-runtime-4.0_2.13-1.10.1.jar
[2026-04-12T04:36:52.343+0000] {subprocess.py:106} INFO - 26/04/12 04:36:52 INFO Executor: Fetching file:///home/spark/.ivy2.5.2/jars/org.apache.hadoop_hadoop-client-runtime-3.4.1.jar with timestamp 1775968610840
[2026-04-12T04:36:52.360+0000] {subprocess.py:106} INFO - 26/04/12 04:36:52 INFO Utils: /home/spark/.ivy2.5.2/jars/org.apache.hadoop_hadoop-client-runtime-3.4.1.jar has been previously copied to /tmp/spark-eddd39c3-5c44-47ca-8a28-832795ba899c/userFiles-ea6283ca-d129-4a3c-9890-2f5caf4c7113/org.apache.hadoop_hadoop-client-runtime-3.4.1.jar
[2026-04-12T04:36:52.364+0000] {subprocess.py:106} INFO - 26/04/12 04:36:52 INFO Executor: Fetching file:///home/spark/.ivy2.5.2/jars/org.apache.spark_spark-token-provider-kafka-0-10_2.13-4.0.0.jar with timestamp 1775968610840
[2026-04-12T04:36:52.365+0000] {subprocess.py:106} INFO - 26/04/12 04:36:52 INFO Utils: /home/spark/.ivy2.5.2/jars/org.apache.spark_spark-token-provider-kafka-0-10_2.13-4.0.0.jar has been previously copied to /tmp/spark-eddd39c3-5c44-47ca-8a28-832795ba899c/userFiles-ea6283ca-d129-4a3c-9890-2f5caf4c7113/org.apache.spark_spark-token-provider-kafka-0-10_2.13-4.0.0.jar
[2026-04-12T04:36:52.369+0000] {subprocess.py:106} INFO - 26/04/12 04:36:52 INFO Executor: Fetching file:///home/spark/.ivy2.5.2/jars/com.google.code.findbugs_jsr305-3.0.0.jar with timestamp 1775968610840
[2026-04-12T04:36:52.370+0000] {subprocess.py:106} INFO - 26/04/12 04:36:52 INFO Utils: /home/spark/.ivy2.5.2/jars/com.google.code.findbugs_jsr305-3.0.0.jar has been previously copied to /tmp/spark-eddd39c3-5c44-47ca-8a28-832795ba899c/userFiles-ea6283ca-d129-4a3c-9890-2f5caf4c7113/com.google.code.findbugs_jsr305-3.0.0.jar
[2026-04-12T04:36:52.374+0000] {subprocess.py:106} INFO - 26/04/12 04:36:52 INFO Executor: Fetching file:///home/spark/.ivy2.5.2/jars/org.xerial.snappy_snappy-java-1.1.10.7.jar with timestamp 1775968610840
[2026-04-12T04:36:52.376+0000] {subprocess.py:106} INFO - 26/04/12 04:36:52 INFO Utils: /home/spark/.ivy2.5.2/jars/org.xerial.snappy_snappy-java-1.1.10.7.jar has been previously copied to /tmp/spark-eddd39c3-5c44-47ca-8a28-832795ba899c/userFiles-ea6283ca-d129-4a3c-9890-2f5caf4c7113/org.xerial.snappy_snappy-java-1.1.10.7.jar
[2026-04-12T04:36:52.383+0000] {subprocess.py:106} INFO - 26/04/12 04:36:52 INFO Executor: Fetching spark://spark-master:38253/jars/org.apache.spark_spark-token-provider-kafka-0-10_2.13-4.0.0.jar with timestamp 1775968610840
[2026-04-12T04:36:52.442+0000] {subprocess.py:106} INFO - 26/04/12 04:36:52 INFO TransportClientFactory: Successfully created connection to spark-master/172.20.0.5:38253 after 41 ms (0 ms spent in bootstraps)
[2026-04-12T04:36:52.453+0000] {subprocess.py:106} INFO - 26/04/12 04:36:52 INFO Utils: Fetching spark://spark-master:38253/jars/org.apache.spark_spark-token-provider-kafka-0-10_2.13-4.0.0.jar to /tmp/spark-eddd39c3-5c44-47ca-8a28-832795ba899c/userFiles-ea6283ca-d129-4a3c-9890-2f5caf4c7113/fetchFileTemp4306439903204002564.tmp
[2026-04-12T04:36:52.480+0000] {subprocess.py:106} INFO - 26/04/12 04:36:52 INFO Utils: /tmp/spark-eddd39c3-5c44-47ca-8a28-832795ba899c/userFiles-ea6283ca-d129-4a3c-9890-2f5caf4c7113/fetchFileTemp4306439903204002564.tmp has been previously copied to /tmp/spark-eddd39c3-5c44-47ca-8a28-832795ba899c/userFiles-ea6283ca-d129-4a3c-9890-2f5caf4c7113/org.apache.spark_spark-token-provider-kafka-0-10_2.13-4.0.0.jar
[2026-04-12T04:36:52.487+0000] {subprocess.py:106} INFO - 26/04/12 04:36:52 INFO Executor: Adding file:/tmp/spark-eddd39c3-5c44-47ca-8a28-832795ba899c/userFiles-ea6283ca-d129-4a3c-9890-2f5caf4c7113/org.apache.spark_spark-token-provider-kafka-0-10_2.13-4.0.0.jar to class loader default
[2026-04-12T04:36:52.488+0000] {subprocess.py:106} INFO - 26/04/12 04:36:52 INFO Executor: Fetching spark://spark-master:38253/jars/org.apache.kafka_kafka-clients-3.9.0.jar with timestamp 1775968610840
[2026-04-12T04:36:52.489+0000] {subprocess.py:106} INFO - 26/04/12 04:36:52 INFO Utils: Fetching spark://spark-master:38253/jars/org.apache.kafka_kafka-clients-3.9.0.jar to /tmp/spark-eddd39c3-5c44-47ca-8a28-832795ba899c/userFiles-ea6283ca-d129-4a3c-9890-2f5caf4c7113/fetchFileTemp18402659734618434121.tmp
[2026-04-12T04:36:52.550+0000] {subprocess.py:106} INFO - 26/04/12 04:36:52 INFO Utils: /tmp/spark-eddd39c3-5c44-47ca-8a28-832795ba899c/userFiles-ea6283ca-d129-4a3c-9890-2f5caf4c7113/fetchFileTemp18402659734618434121.tmp has been previously copied to /tmp/spark-eddd39c3-5c44-47ca-8a28-832795ba899c/userFiles-ea6283ca-d129-4a3c-9890-2f5caf4c7113/org.apache.kafka_kafka-clients-3.9.0.jar
[2026-04-12T04:36:52.600+0000] {subprocess.py:106} INFO - 26/04/12 04:36:52 INFO Executor: Adding file:/tmp/spark-eddd39c3-5c44-47ca-8a28-832795ba899c/userFiles-ea6283ca-d129-4a3c-9890-2f5caf4c7113/org.apache.kafka_kafka-clients-3.9.0.jar to class loader default
[2026-04-12T04:36:52.600+0000] {subprocess.py:106} INFO - 26/04/12 04:36:52 INFO Executor: Fetching spark://spark-master:38253/jars/com.google.code.findbugs_jsr305-3.0.0.jar with timestamp 1775968610840
[2026-04-12T04:36:52.601+0000] {subprocess.py:106} INFO - 26/04/12 04:36:52 INFO Utils: Fetching spark://spark-master:38253/jars/com.google.code.findbugs_jsr305-3.0.0.jar to /tmp/spark-eddd39c3-5c44-47ca-8a28-832795ba899c/userFiles-ea6283ca-d129-4a3c-9890-2f5caf4c7113/fetchFileTemp13191193801819389419.tmp
[2026-04-12T04:36:52.602+0000] {subprocess.py:106} INFO - 26/04/12 04:36:52 INFO Utils: /tmp/spark-eddd39c3-5c44-47ca-8a28-832795ba899c/userFiles-ea6283ca-d129-4a3c-9890-2f5caf4c7113/fetchFileTemp13191193801819389419.tmp has been previously copied to /tmp/spark-eddd39c3-5c44-47ca-8a28-832795ba899c/userFiles-ea6283ca-d129-4a3c-9890-2f5caf4c7113/com.google.code.findbugs_jsr305-3.0.0.jar
[2026-04-12T04:36:52.606+0000] {subprocess.py:106} INFO - 26/04/12 04:36:52 INFO Executor: Adding file:/tmp/spark-eddd39c3-5c44-47ca-8a28-832795ba899c/userFiles-ea6283ca-d129-4a3c-9890-2f5caf4c7113/com.google.code.findbugs_jsr305-3.0.0.jar to class loader default
[2026-04-12T04:36:52.607+0000] {subprocess.py:106} INFO - 26/04/12 04:36:52 INFO Executor: Fetching spark://spark-master:38253/jars/org.apache.iceberg_iceberg-spark-runtime-4.0_2.13-1.10.1.jar with timestamp 1775968610840
[2026-04-12T04:36:52.608+0000] {subprocess.py:106} INFO - 26/04/12 04:36:52 INFO Utils: Fetching spark://spark-master:38253/jars/org.apache.iceberg_iceberg-spark-runtime-4.0_2.13-1.10.1.jar to /tmp/spark-eddd39c3-5c44-47ca-8a28-832795ba899c/userFiles-ea6283ca-d129-4a3c-9890-2f5caf4c7113/fetchFileTemp18287399436597238886.tmp
[2026-04-12T04:36:52.822+0000] {subprocess.py:106} INFO - 26/04/12 04:36:52 INFO Utils: /tmp/spark-eddd39c3-5c44-47ca-8a28-832795ba899c/userFiles-ea6283ca-d129-4a3c-9890-2f5caf4c7113/fetchFileTemp18287399436597238886.tmp has been previously copied to /tmp/spark-eddd39c3-5c44-47ca-8a28-832795ba899c/userFiles-ea6283ca-d129-4a3c-9890-2f5caf4c7113/org.apache.iceberg_iceberg-spark-runtime-4.0_2.13-1.10.1.jar
[2026-04-12T04:36:53.077+0000] {subprocess.py:106} INFO - 26/04/12 04:36:53 INFO Executor: Adding file:/tmp/spark-eddd39c3-5c44-47ca-8a28-832795ba899c/userFiles-ea6283ca-d129-4a3c-9890-2f5caf4c7113/org.apache.iceberg_iceberg-spark-runtime-4.0_2.13-1.10.1.jar to class loader default
[2026-04-12T04:36:53.078+0000] {subprocess.py:106} INFO - 26/04/12 04:36:53 INFO Executor: Fetching spark://spark-master:38253/jars/org.slf4j_slf4j-api-2.0.16.jar with timestamp 1775968610840
[2026-04-12T04:36:53.080+0000] {subprocess.py:106} INFO - 26/04/12 04:36:53 INFO Utils: Fetching spark://spark-master:38253/jars/org.slf4j_slf4j-api-2.0.16.jar to /tmp/spark-eddd39c3-5c44-47ca-8a28-832795ba899c/userFiles-ea6283ca-d129-4a3c-9890-2f5caf4c7113/fetchFileTemp2418200802427324970.tmp
[2026-04-12T04:36:53.081+0000] {subprocess.py:106} INFO - 26/04/12 04:36:53 INFO Utils: /tmp/spark-eddd39c3-5c44-47ca-8a28-832795ba899c/userFiles-ea6283ca-d129-4a3c-9890-2f5caf4c7113/fetchFileTemp2418200802427324970.tmp has been previously copied to /tmp/spark-eddd39c3-5c44-47ca-8a28-832795ba899c/userFiles-ea6283ca-d129-4a3c-9890-2f5caf4c7113/org.slf4j_slf4j-api-2.0.16.jar
[2026-04-12T04:36:53.085+0000] {subprocess.py:106} INFO - 26/04/12 04:36:53 INFO Executor: Adding file:/tmp/spark-eddd39c3-5c44-47ca-8a28-832795ba899c/userFiles-ea6283ca-d129-4a3c-9890-2f5caf4c7113/org.slf4j_slf4j-api-2.0.16.jar to class loader default
[2026-04-12T04:36:53.085+0000] {subprocess.py:106} INFO - 26/04/12 04:36:53 INFO Executor: Fetching spark://spark-master:38253/jars/org.apache.commons_commons-pool2-2.12.0.jar with timestamp 1775968610840
[2026-04-12T04:36:53.088+0000] {subprocess.py:106} INFO - 26/04/12 04:36:53 INFO Utils: Fetching spark://spark-master:38253/jars/org.apache.commons_commons-pool2-2.12.0.jar to /tmp/spark-eddd39c3-5c44-47ca-8a28-832795ba899c/userFiles-ea6283ca-d129-4a3c-9890-2f5caf4c7113/fetchFileTemp4197890772981326698.tmp
[2026-04-12T04:36:53.089+0000] {subprocess.py:106} INFO - 26/04/12 04:36:53 INFO Utils: /tmp/spark-eddd39c3-5c44-47ca-8a28-832795ba899c/userFiles-ea6283ca-d129-4a3c-9890-2f5caf4c7113/fetchFileTemp4197890772981326698.tmp has been previously copied to /tmp/spark-eddd39c3-5c44-47ca-8a28-832795ba899c/userFiles-ea6283ca-d129-4a3c-9890-2f5caf4c7113/org.apache.commons_commons-pool2-2.12.0.jar
[2026-04-12T04:36:53.094+0000] {subprocess.py:106} INFO - 26/04/12 04:36:53 INFO Executor: Adding file:/tmp/spark-eddd39c3-5c44-47ca-8a28-832795ba899c/userFiles-ea6283ca-d129-4a3c-9890-2f5caf4c7113/org.apache.commons_commons-pool2-2.12.0.jar to class loader default
[2026-04-12T04:36:53.095+0000] {subprocess.py:106} INFO - 26/04/12 04:36:53 INFO Executor: Fetching spark://spark-master:38253/jars/org.lz4_lz4-java-1.8.0.jar with timestamp 1775968610840
[2026-04-12T04:36:53.095+0000] {subprocess.py:106} INFO - 26/04/12 04:36:53 INFO Utils: Fetching spark://spark-master:38253/jars/org.lz4_lz4-java-1.8.0.jar to /tmp/spark-eddd39c3-5c44-47ca-8a28-832795ba899c/userFiles-ea6283ca-d129-4a3c-9890-2f5caf4c7113/fetchFileTemp15438178988453735460.tmp
[2026-04-12T04:36:53.101+0000] {subprocess.py:106} INFO - 26/04/12 04:36:53 INFO Utils: /tmp/spark-eddd39c3-5c44-47ca-8a28-832795ba899c/userFiles-ea6283ca-d129-4a3c-9890-2f5caf4c7113/fetchFileTemp15438178988453735460.tmp has been previously copied to /tmp/spark-eddd39c3-5c44-47ca-8a28-832795ba899c/userFiles-ea6283ca-d129-4a3c-9890-2f5caf4c7113/org.lz4_lz4-java-1.8.0.jar
[2026-04-12T04:36:53.109+0000] {subprocess.py:106} INFO - 26/04/12 04:36:53 INFO Executor: Adding file:/tmp/spark-eddd39c3-5c44-47ca-8a28-832795ba899c/userFiles-ea6283ca-d129-4a3c-9890-2f5caf4c7113/org.lz4_lz4-java-1.8.0.jar to class loader default
[2026-04-12T04:36:53.110+0000] {subprocess.py:106} INFO - 26/04/12 04:36:53 INFO Executor: Fetching spark://spark-master:38253/jars/org.apache.spark_spark-sql-kafka-0-10_2.13-4.0.0.jar with timestamp 1775968610840
[2026-04-12T04:36:53.110+0000] {subprocess.py:106} INFO - 26/04/12 04:36:53 INFO Utils: Fetching spark://spark-master:38253/jars/org.apache.spark_spark-sql-kafka-0-10_2.13-4.0.0.jar to /tmp/spark-eddd39c3-5c44-47ca-8a28-832795ba899c/userFiles-ea6283ca-d129-4a3c-9890-2f5caf4c7113/fetchFileTemp13113980304433190157.tmp
[2026-04-12T04:36:53.115+0000] {subprocess.py:106} INFO - 26/04/12 04:36:53 INFO Utils: /tmp/spark-eddd39c3-5c44-47ca-8a28-832795ba899c/userFiles-ea6283ca-d129-4a3c-9890-2f5caf4c7113/fetchFileTemp13113980304433190157.tmp has been previously copied to /tmp/spark-eddd39c3-5c44-47ca-8a28-832795ba899c/userFiles-ea6283ca-d129-4a3c-9890-2f5caf4c7113/org.apache.spark_spark-sql-kafka-0-10_2.13-4.0.0.jar
[2026-04-12T04:36:53.121+0000] {subprocess.py:106} INFO - 26/04/12 04:36:53 INFO Executor: Adding file:/tmp/spark-eddd39c3-5c44-47ca-8a28-832795ba899c/userFiles-ea6283ca-d129-4a3c-9890-2f5caf4c7113/org.apache.spark_spark-sql-kafka-0-10_2.13-4.0.0.jar to class loader default
[2026-04-12T04:36:53.122+0000] {subprocess.py:106} INFO - 26/04/12 04:36:53 INFO Executor: Fetching spark://spark-master:38253/jars/org.xerial.snappy_snappy-java-1.1.10.7.jar with timestamp 1775968610840
[2026-04-12T04:36:53.122+0000] {subprocess.py:106} INFO - 26/04/12 04:36:53 INFO Utils: Fetching spark://spark-master:38253/jars/org.xerial.snappy_snappy-java-1.1.10.7.jar to /tmp/spark-eddd39c3-5c44-47ca-8a28-832795ba899c/userFiles-ea6283ca-d129-4a3c-9890-2f5caf4c7113/fetchFileTemp11089407515938109545.tmp
[2026-04-12T04:36:53.131+0000] {subprocess.py:106} INFO - 26/04/12 04:36:53 INFO Utils: /tmp/spark-eddd39c3-5c44-47ca-8a28-832795ba899c/userFiles-ea6283ca-d129-4a3c-9890-2f5caf4c7113/fetchFileTemp11089407515938109545.tmp has been previously copied to /tmp/spark-eddd39c3-5c44-47ca-8a28-832795ba899c/userFiles-ea6283ca-d129-4a3c-9890-2f5caf4c7113/org.xerial.snappy_snappy-java-1.1.10.7.jar
[2026-04-12T04:36:53.149+0000] {subprocess.py:106} INFO - 26/04/12 04:36:53 INFO Executor: Adding file:/tmp/spark-eddd39c3-5c44-47ca-8a28-832795ba899c/userFiles-ea6283ca-d129-4a3c-9890-2f5caf4c7113/org.xerial.snappy_snappy-java-1.1.10.7.jar to class loader default
[2026-04-12T04:36:53.150+0000] {subprocess.py:106} INFO - 26/04/12 04:36:53 INFO Executor: Fetching spark://spark-master:38253/jars/org.apache.hadoop_hadoop-client-api-3.4.1.jar with timestamp 1775968610840
[2026-04-12T04:36:53.151+0000] {subprocess.py:106} INFO - 26/04/12 04:36:53 INFO Utils: Fetching spark://spark-master:38253/jars/org.apache.hadoop_hadoop-client-api-3.4.1.jar to /tmp/spark-eddd39c3-5c44-47ca-8a28-832795ba899c/userFiles-ea6283ca-d129-4a3c-9890-2f5caf4c7113/fetchFileTemp7266706909631898850.tmp
[2026-04-12T04:36:53.214+0000] {subprocess.py:106} INFO - 26/04/12 04:36:53 INFO Utils: /tmp/spark-eddd39c3-5c44-47ca-8a28-832795ba899c/userFiles-ea6283ca-d129-4a3c-9890-2f5caf4c7113/fetchFileTemp7266706909631898850.tmp has been previously copied to /tmp/spark-eddd39c3-5c44-47ca-8a28-832795ba899c/userFiles-ea6283ca-d129-4a3c-9890-2f5caf4c7113/org.apache.hadoop_hadoop-client-api-3.4.1.jar
[2026-04-12T04:36:53.324+0000] {subprocess.py:106} INFO - 26/04/12 04:36:53 INFO Executor: Adding file:/tmp/spark-eddd39c3-5c44-47ca-8a28-832795ba899c/userFiles-ea6283ca-d129-4a3c-9890-2f5caf4c7113/org.apache.hadoop_hadoop-client-api-3.4.1.jar to class loader default
[2026-04-12T04:36:53.327+0000] {subprocess.py:106} INFO - 26/04/12 04:36:53 INFO Executor: Fetching spark://spark-master:38253/jars/org.apache.hadoop_hadoop-client-runtime-3.4.1.jar with timestamp 1775968610840
[2026-04-12T04:36:53.327+0000] {subprocess.py:106} INFO - 26/04/12 04:36:53 INFO Utils: Fetching spark://spark-master:38253/jars/org.apache.hadoop_hadoop-client-runtime-3.4.1.jar to /tmp/spark-eddd39c3-5c44-47ca-8a28-832795ba899c/userFiles-ea6283ca-d129-4a3c-9890-2f5caf4c7113/fetchFileTemp1137468305703881353.tmp
[2026-04-12T04:36:53.416+0000] {subprocess.py:106} INFO - 26/04/12 04:36:53 INFO Utils: /tmp/spark-eddd39c3-5c44-47ca-8a28-832795ba899c/userFiles-ea6283ca-d129-4a3c-9890-2f5caf4c7113/fetchFileTemp1137468305703881353.tmp has been previously copied to /tmp/spark-eddd39c3-5c44-47ca-8a28-832795ba899c/userFiles-ea6283ca-d129-4a3c-9890-2f5caf4c7113/org.apache.hadoop_hadoop-client-runtime-3.4.1.jar
[2026-04-12T04:36:53.585+0000] {subprocess.py:106} INFO - 26/04/12 04:36:53 INFO Executor: Adding file:/tmp/spark-eddd39c3-5c44-47ca-8a28-832795ba899c/userFiles-ea6283ca-d129-4a3c-9890-2f5caf4c7113/org.apache.hadoop_hadoop-client-runtime-3.4.1.jar to class loader default
[2026-04-12T04:36:53.586+0000] {subprocess.py:106} INFO - 26/04/12 04:36:53 INFO Executor: Fetching spark://spark-master:38253/jars/org.scala-lang.modules_scala-parallel-collections_2.13-1.2.0.jar with timestamp 1775968610840
[2026-04-12T04:36:53.586+0000] {subprocess.py:106} INFO - 26/04/12 04:36:53 INFO Utils: Fetching spark://spark-master:38253/jars/org.scala-lang.modules_scala-parallel-collections_2.13-1.2.0.jar to /tmp/spark-eddd39c3-5c44-47ca-8a28-832795ba899c/userFiles-ea6283ca-d129-4a3c-9890-2f5caf4c7113/fetchFileTemp15095139859155104488.tmp
[2026-04-12T04:36:53.592+0000] {subprocess.py:106} INFO - 26/04/12 04:36:53 INFO Utils: /tmp/spark-eddd39c3-5c44-47ca-8a28-832795ba899c/userFiles-ea6283ca-d129-4a3c-9890-2f5caf4c7113/fetchFileTemp15095139859155104488.tmp has been previously copied to /tmp/spark-eddd39c3-5c44-47ca-8a28-832795ba899c/userFiles-ea6283ca-d129-4a3c-9890-2f5caf4c7113/org.scala-lang.modules_scala-parallel-collections_2.13-1.2.0.jar
[2026-04-12T04:36:53.603+0000] {subprocess.py:106} INFO - 26/04/12 04:36:53 INFO Executor: Adding file:/tmp/spark-eddd39c3-5c44-47ca-8a28-832795ba899c/userFiles-ea6283ca-d129-4a3c-9890-2f5caf4c7113/org.scala-lang.modules_scala-parallel-collections_2.13-1.2.0.jar to class loader default
[2026-04-12T04:36:53.620+0000] {subprocess.py:106} INFO - 26/04/12 04:36:53 INFO Utils: Successfully started service 'org.apache.spark.network.netty.NettyBlockTransferService' on port 36355.
[2026-04-12T04:36:53.621+0000] {subprocess.py:106} INFO - 26/04/12 04:36:53 INFO NettyBlockTransferService: Server created on spark-master:36355
[2026-04-12T04:36:53.624+0000] {subprocess.py:106} INFO - 26/04/12 04:36:53 INFO BlockManager: Using org.apache.spark.storage.RandomBlockReplicationPolicy for block replication policy
[2026-04-12T04:36:53.643+0000] {subprocess.py:106} INFO - 26/04/12 04:36:53 INFO BlockManagerMaster: Registering BlockManager BlockManagerId(driver, spark-master, 36355, None)
[2026-04-12T04:36:53.648+0000] {subprocess.py:106} INFO - 26/04/12 04:36:53 INFO BlockManagerMasterEndpoint: Registering block manager spark-master:36355 with 1048.8 MiB RAM, BlockManagerId(driver, spark-master, 36355, None)
[2026-04-12T04:36:53.652+0000] {subprocess.py:106} INFO - 26/04/12 04:36:53 INFO BlockManagerMaster: Registered BlockManager BlockManagerId(driver, spark-master, 36355, None)
[2026-04-12T04:36:53.653+0000] {subprocess.py:106} INFO - 26/04/12 04:36:53 INFO BlockManager: Initialized BlockManager: BlockManagerId(driver, spark-master, 36355, None)
[2026-04-12T04:36:56.307+0000] {subprocess.py:106} INFO - Spark + Iceberg ready!
[2026-04-12T04:36:56.327+0000] {subprocess.py:106} INFO - 26/04/12 04:36:56 INFO SharedState: spark.sql.warehouse.dir is not set, but hive.metastore.warehouse.dir is set. Setting spark.sql.warehouse.dir to the value of hive.metastore.warehouse.dir.
[2026-04-12T04:36:56.607+0000] {subprocess.py:106} INFO - 26/04/12 04:36:56 INFO SharedState: Warehouse path is 'hdfs://23133083thuyvan-master:9000/user/hive/warehouse'.
[2026-04-12T04:36:57.540+0000] {subprocess.py:106} INFO - 26/04/12 04:36:57 INFO CatalogUtil: Loading custom FileIO implementation: org.apache.iceberg.hadoop.HadoopFileIO
[2026-04-12T04:36:58.170+0000] {subprocess.py:106} INFO - 26/04/12 04:36:58 INFO HiveConf: Found configuration file file:/home/spark/spark/conf/hive-site.xml
[2026-04-12T04:36:58.325+0000] {subprocess.py:106} INFO - 26/04/12 04:36:58 INFO metastore: Trying to connect to metastore with URI thrift://23133083thuyvan-master:9083
[2026-04-12T04:36:58.345+0000] {subprocess.py:106} INFO - 26/04/12 04:36:58 INFO metastore: Opened a connection to metastore, current connections: 1
[2026-04-12T04:36:58.366+0000] {subprocess.py:106} INFO - 26/04/12 04:36:58 INFO metastore: Connected to metastore.
[2026-04-12T04:36:58.650+0000] {subprocess.py:106} INFO - 26/04/12 04:36:58 WARN SparkStringUtils: Truncated the string representation of a plan since it was too large. This behavior can be adjusted by setting 'spark.sql.debug.maxToStringFields'.
[2026-04-12T04:36:58.724+0000] {subprocess.py:106} INFO - 26/04/12 04:36:58 INFO BaseMetastoreTableOperations: Refreshing table metadata from new version: hdfs://23133083thuyvan-master:9000/user/hive/lakehouse/air_quality_db.db/air_quality_silver/metadata/00000-bd5a2971-fd67-45ed-b96f-546c2d057b23.metadata.json
[2026-04-12T04:36:59.169+0000] {subprocess.py:106} INFO - 26/04/12 04:36:59 INFO BaseMetastoreCatalog: Table loaded by catalog: iceberg.air_quality_db.air_quality_silver
[2026-04-12T04:36:59.175+0000] {subprocess.py:106} INFO - Iceberg table 'weather_real_time' ready!
[2026-04-12T04:37:00.093+0000] {subprocess.py:106} INFO - 26/04/12 04:37:00 INFO StateStoreCoordinatorRef: Registered StateStoreCoordinator endpoint
[2026-04-12T04:37:00.172+0000] {subprocess.py:106} INFO - 26/04/12 04:37:00 INFO ResolveWriteToStream: Checkpoint root hdfs://23133083thuyvan-master:9000/user/hive/checkpoints/air_quality_realtime resolved to hdfs://23133083thuyvan-master:9000/user/hive/checkpoints/air_quality_realtime.
[2026-04-12T04:37:00.172+0000] {subprocess.py:106} INFO - 26/04/12 04:37:00 WARN ResolveWriteToStream: spark.sql.adaptive.enabled is not supported in streaming DataFrames/Datasets and will be disabled.
[2026-04-12T04:37:00.310+0000] {subprocess.py:106} INFO - 26/04/12 04:37:00 INFO MicroBatchExecution: Starting [id = 46e5ad83-a953-440f-bb1b-14366f27bcb7, runId = 1a99c78a-e1c7-4f47-9c3c-af21f890db9a]. Use hdfs://23133083thuyvan-master:9000/user/hive/checkpoints/air_quality_realtime to store the query checkpoint.
[2026-04-12T04:37:00.317+0000] {subprocess.py:106} INFO - Streaming job started! Listening to 'weather-topic'...
[2026-04-12T04:37:00.323+0000] {subprocess.py:106} INFO - 26/04/12 04:37:00 INFO MicroBatchExecution: Reading table [org.apache.spark.sql.kafka010.KafkaSourceProvider$KafkaTable@26c7910c] from DataSourceV2 named 'kafka' [org.apache.spark.sql.kafka010.KafkaSourceProvider@366d56ed]
[2026-04-12T04:37:00.369+0000] {subprocess.py:106} INFO - 26/04/12 04:37:00 INFO MicroBatchExecution: Finish initializing with logical plan:
[2026-04-12T04:37:00.369+0000] {subprocess.py:106} INFO - ~WriteToMicroBatchDataSourceV1 ForeachBatchSink, 46e5ad83-a953-440f-bb1b-14366f27bcb7, [checkpointLocation=hdfs://23133083thuyvan-master:9000/user/hive/checkpoints/air_quality_realtime], Append
[2026-04-12T04:37:00.369+0000] {subprocess.py:106} INFO - +- ~Project [timestamp#40, location#17, latitude#18, longitude#19, timezone#20, temperature_2m#21, relative_humidity_2m#22, apparent_temperature#23, precipitation#24, cloud_cover#25, wind_speed_10m#26, wind_direction_10m#27, wind_gusts_10m#28, uv_index#29, weather_code#30, european_aqi#31, us_aqi#32, pm10#33, pm2_5#34, carbon_monoxide#35, nitrogen_dioxide#36, sulphur_dioxide#37, ozone#38, processing_time#39, open-meteo AS data_source#41]
[2026-04-12T04:37:00.370+0000] {subprocess.py:106} INFO -    +- ~Project [to_timestamp(timestamp#16, None, TimestampType, Some(GMT), true) AS timestamp#40, location#17, latitude#18, longitude#19, timezone#20, temperature_2m#21, relative_humidity_2m#22, apparent_temperature#23, precipitation#24, cloud_cover#25, wind_speed_10m#26, wind_direction_10m#27, wind_gusts_10m#28, uv_index#29, weather_code#30, european_aqi#31, us_aqi#32, pm10#33, pm2_5#34, carbon_monoxide#35, nitrogen_dioxide#36, sulphur_dioxide#37, ozone#38, processing_time#39]
[2026-04-12T04:37:00.370+0000] {subprocess.py:106} INFO -       +- ~Project [timestamp#16, location#17, latitude#18, longitude#19, timezone#20, temperature_2m#21, relative_humidity_2m#22, apparent_temperature#23, precipitation#24, cloud_cover#25, wind_speed_10m#26, wind_direction_10m#27, wind_gusts_10m#28, uv_index#29, weather_code#30, european_aqi#31, us_aqi#32, pm10#33, pm2_5#34, carbon_monoxide#35, nitrogen_dioxide#36, sulphur_dioxide#37, ozone#38, current_timestamp() AS processing_time#39]
[2026-04-12T04:37:00.371+0000] {subprocess.py:106} INFO -          +- ~Project [data#15.timestamp AS timestamp#16, data#15.location AS location#17, data#15.latitude AS latitude#18, data#15.longitude AS longitude#19, data#15.timezone AS timezone#20, data#15.temperature_2m AS temperature_2m#21, data#15.relative_humidity_2m AS relative_humidity_2m#22, data#15.apparent_temperature AS apparent_temperature#23, data#15.precipitation AS precipitation#24, data#15.cloud_cover AS cloud_cover#25, data#15.wind_speed_10m AS wind_speed_10m#26, data#15.wind_direction_10m AS wind_direction_10m#27, data#15.wind_gusts_10m AS wind_gusts_10m#28, data#15.uv_index AS uv_index#29, data#15.weather_code AS weather_code#30, data#15.european_aqi AS european_aqi#31, data#15.us_aqi AS us_aqi#32, data#15.pm10 AS pm10#33, data#15.pm2_5 AS pm2_5#34, data#15.carbon_monoxide AS carbon_monoxide#35, data#15.nitrogen_dioxide AS nitrogen_dioxide#36, data#15.sulphur_dioxide AS sulphur_dioxide#37, data#15.ozone AS ozone#38]
[2026-04-12T04:37:00.371+0000] {subprocess.py:106} INFO -             +- ~Project [from_json(StructField(timestamp,StringType,true), StructField(location,StringType,true), StructField(latitude,DoubleType,true), StructField(longitude,DoubleType,true), StructField(timezone,StringType,true), StructField(temperature_2m,DoubleType,true), StructField(relative_humidity_2m,DoubleType,true), StructField(apparent_temperature,DoubleType,true), StructField(precipitation,DoubleType,true), StructField(cloud_cover,DoubleType,true), StructField(wind_speed_10m,DoubleType,true), StructField(wind_direction_10m,DoubleType,true), StructField(wind_gusts_10m,DoubleType,true), StructField(uv_index,DoubleType,true), StructField(weather_code,IntegerType,true), StructField(european_aqi,IntegerType,true), StructField(us_aqi,IntegerType,true), StructField(pm10,DoubleType,true), StructField(pm2_5,DoubleType,true), StructField(carbon_monoxide,DoubleType,true), StructField(nitrogen_dioxide,DoubleType,true), StructField(sulphur_dioxide,DoubleType,true), StructField(ozone,DoubleType,true), json#14, Some(GMT), ... 1 more fields) AS data#15]
[2026-04-12T04:37:00.371+0000] {subprocess.py:106} INFO -                +- ~Project [cast(value#8 as string) AS json#14]
[2026-04-12T04:37:00.372+0000] {subprocess.py:106} INFO -                   +- ~StreamingDataSourceV2ScanRelation[key#7, value#8, topic#9, partition#10, offset#11L, timestamp#12, timestampType#13] KafkaTable
[2026-04-12T04:37:00.372+0000] {subprocess.py:106} INFO - 
[2026-04-12T04:37:00.383+0000] {subprocess.py:106} INFO - 26/04/12 04:37:00 INFO OffsetSeqLog: BatchIds found from listing: 0, 1
[2026-04-12T04:37:00.397+0000] {subprocess.py:106} INFO - 26/04/12 04:37:00 INFO OffsetSeqLog: Getting latest batch 1
[2026-04-12T04:37:00.433+0000] {subprocess.py:106} INFO - 26/04/12 04:37:00 INFO OffsetSeqLog: BatchIds found from listing: 0, 1
[2026-04-12T04:37:00.434+0000] {subprocess.py:106} INFO - 26/04/12 04:37:00 INFO OffsetSeqLog: Getting latest batch 1
[2026-04-12T04:37:00.455+0000] {subprocess.py:106} INFO - 26/04/12 04:37:00 INFO CommitLog: BatchIds found from listing: 0
[2026-04-12T04:37:00.456+0000] {subprocess.py:106} INFO - 26/04/12 04:37:00 INFO CommitLog: Getting latest batch 0
[2026-04-12T04:37:00.628+0000] {subprocess.py:106} INFO - 26/04/12 04:37:00 INFO MicroBatchExecution: Resuming at batch 1 with committed offsets {KafkaV2[Subscribe[weather-topic]]: {"weather-topic":{"0":11,"1":16,"2":13}}} and available offsets {KafkaV2[Subscribe[weather-topic]]: {"weather-topic":{"0":15,"1":23,"2":22}}}
[2026-04-12T04:37:00.629+0000] {subprocess.py:106} INFO - 26/04/12 04:37:00 INFO MicroBatchExecution: Stream started from {KafkaV2[Subscribe[weather-topic]]: {"weather-topic":{"0":11,"1":16,"2":13}}}
[2026-04-12T04:37:00.750+0000] {subprocess.py:106} INFO - 26/04/12 04:37:00 INFO IncrementalExecution: Current batch timestamp = 1775968410012
[2026-04-12T04:37:00.905+0000] {subprocess.py:106} INFO - 26/04/12 04:37:00 INFO IncrementalExecution: Current batch timestamp = 1775968410012
[2026-04-12T04:37:01.453+0000] {subprocess.py:106} INFO - 26/04/12 04:37:01 INFO CodeGenerator: Code generated in 313.257821 ms
[2026-04-12T04:37:01.458+0000] {subprocess.py:106} INFO - 26/04/12 04:37:01 INFO KafkaOffsetReaderAdmin: Partitions added: Map()
[2026-04-12T04:37:01.162+0000] {subprocess.py:106} INFO - 26/04/12 04:37:01 INFO CodeGenerator: Code generated in 21.610127 ms
[2026-04-12T04:37:01.192+0000] {subprocess.py:106} INFO - 26/04/12 04:37:01 INFO CodeGenerator: Code generated in 16.089327 ms
[2026-04-12T04:37:00.140+0000] {subprocess.py:106} INFO - 26/04/12 04:37:00 INFO SparkContext: Starting job: start at NativeMethodAccessorImpl.java:0
[2026-04-12T04:37:00.161+0000] {subprocess.py:106} INFO - 26/04/12 04:37:00 INFO DAGScheduler: Registering RDD 6 (start at NativeMethodAccessorImpl.java:0) as input to shuffle 0
[2026-04-12T04:37:00.169+0000] {subprocess.py:106} INFO - 26/04/12 04:37:00 INFO DAGScheduler: Got job 0 (start at NativeMethodAccessorImpl.java:0) with 1 output partitions
[2026-04-12T04:37:00.171+0000] {subprocess.py:106} INFO - 26/04/12 04:37:00 INFO DAGScheduler: Final stage: ResultStage 1 (start at NativeMethodAccessorImpl.java:0)
[2026-04-12T04:37:00.173+0000] {subprocess.py:106} INFO - 26/04/12 04:37:00 INFO DAGScheduler: Parents of final stage: List(ShuffleMapStage 0)
[2026-04-12T04:37:00.176+0000] {subprocess.py:106} INFO - 26/04/12 04:37:00 INFO DAGScheduler: Missing parents: List(ShuffleMapStage 0)
[2026-04-12T04:37:00.180+0000] {subprocess.py:106} INFO - 26/04/12 04:37:00 INFO DAGScheduler: Submitting ShuffleMapStage 0 (MapPartitionsRDD[6] at start at NativeMethodAccessorImpl.java:0), which has no missing parents
[2026-04-12T04:37:00.259+0000] {subprocess.py:106} INFO - 26/04/12 04:37:00 INFO MemoryStore: MemoryStore started with capacity 1048.8 MiB
[2026-04-12T04:37:00.288+0000] {subprocess.py:106} INFO - 26/04/12 04:37:00 INFO MemoryStore: Block broadcast_0 stored as values in memory (estimated size 43.0 KiB, free 1048.8 MiB)
[2026-04-12T04:37:00.323+0000] {subprocess.py:106} INFO - 26/04/12 04:37:00 INFO MemoryStore: Block broadcast_0_piece0 stored as bytes in memory (estimated size 16.4 KiB, free 1048.7 MiB)
[2026-04-12T04:37:00.332+0000] {subprocess.py:106} INFO - 26/04/12 04:37:00 INFO SparkContext: Created broadcast 0 from broadcast at DAGScheduler.scala:1676
[2026-04-12T04:37:00.356+0000] {subprocess.py:106} INFO - 26/04/12 04:37:00 INFO DAGScheduler: Submitting 3 missing tasks from ShuffleMapStage 0 (MapPartitionsRDD[6] at start at NativeMethodAccessorImpl.java:0) (first 15 tasks are for partitions Vector(0, 1, 2))
[2026-04-12T04:37:00.365+0000] {subprocess.py:106} INFO - 26/04/12 04:37:00 INFO TaskSchedulerImpl: Adding task set 0.0 with 3 tasks resource profile 0
[2026-04-12T04:37:00.411+0000] {subprocess.py:106} INFO - 26/04/12 04:37:00 INFO TaskSetManager: Starting task 0.0 in stage 0.0 (TID 0) (spark-master,executor driver, partition 0, PROCESS_LOCAL, 13492 bytes)
[2026-04-12T04:37:00.416+0000] {subprocess.py:106} INFO - 26/04/12 04:37:00 INFO TaskSetManager: Starting task 1.0 in stage 0.0 (TID 1) (spark-master,executor driver, partition 1, PROCESS_LOCAL, 13492 bytes)
[2026-04-12T04:37:00.417+0000] {subprocess.py:106} INFO - 26/04/12 04:37:00 INFO TaskSetManager: Starting task 2.0 in stage 0.0 (TID 2) (spark-master,executor driver, partition 2, PROCESS_LOCAL, 13492 bytes)
[2026-04-12T04:37:00.432+0000] {subprocess.py:106} INFO - 26/04/12 04:37:00 INFO Executor: Running task 2.0 in stage 0.0 (TID 2)
[2026-04-12T04:37:00.433+0000] {subprocess.py:106} INFO - 26/04/12 04:37:00 INFO Executor: Running task 1.0 in stage 0.0 (TID 1)
[2026-04-12T04:37:00.434+0000] {subprocess.py:106} INFO - 26/04/12 04:37:00 INFO Executor: Running task 0.0 in stage 0.0 (TID 0)
[2026-04-12T04:37:00.608+0000] {subprocess.py:106} INFO - 26/04/12 04:37:00 INFO CodeGenerator: Code generated in 42.20125 ms
[2026-04-12T04:37:00.658+0000] {subprocess.py:106} INFO - 26/04/12 04:37:00 INFO CodeGenerator: Code generated in 47.023838 ms
[2026-04-12T04:37:00.676+0000] {subprocess.py:106} INFO - 26/04/12 04:37:00 INFO CodeGenerator: Code generated in 14.438389 ms
[2026-04-12T04:37:00.689+0000] {subprocess.py:106} INFO - 26/04/12 04:37:00 INFO SecurityManager: Changing view acls to: spark
[2026-04-12T04:37:00.689+0000] {subprocess.py:106} INFO - 26/04/12 04:37:00 INFO SecurityManager: Changing modify acls to: spark
[2026-04-12T04:37:00.690+0000] {subprocess.py:106} INFO - 26/04/12 04:37:00 INFO SecurityManager: Changing view acls groups to: spark
[2026-04-12T04:37:00.690+0000] {subprocess.py:106} INFO - 26/04/12 04:37:00 INFO SecurityManager: Changing modify acls groups to: spark
[2026-04-12T04:37:00.691+0000] {subprocess.py:106} INFO - 26/04/12 04:37:00 INFO SecurityManager: SecurityManager: authentication disabled; ui acls disabled; users with view permissions: spark groups with view permissions: EMPTY; users with modify permissions: spark; groups with modify permissions: EMPTY; RPC SSL disabled
[2026-04-12T04:37:00.719+0000] {subprocess.py:106} INFO - 26/04/12 04:37:00 INFO KafkaBatchReaderFactory: Creating Kafka reader topicPartition=weather-topic-2 fromOffset=13} untilOffset=22, for query queryId=46e5ad83-a953-440f-bb1b-14366f27bcb7 batchId=1 taskId=2 partitionId=2
[2026-04-12T04:37:00.720+0000] {subprocess.py:106} INFO - 26/04/12 04:37:00 INFO KafkaBatchReaderFactory: Creating Kafka reader topicPartition=weather-topic-0 fromOffset=11} untilOffset=15, for query queryId=46e5ad83-a953-440f-bb1b-14366f27bcb7 batchId=1 taskId=0 partitionId=0
[2026-04-12T04:37:00.720+0000] {subprocess.py:106} INFO - 26/04/12 04:37:00 INFO KafkaBatchReaderFactory: Creating Kafka reader topicPartition=weather-topic-1 fromOffset=16} untilOffset=23, for query queryId=46e5ad83-a953-440f-bb1b-14366f27bcb7 batchId=1 taskId=1 partitionId=1
[2026-04-12T04:37:00.767+0000] {subprocess.py:106} INFO - 26/04/12 04:37:00 INFO CodeGenerator: Code generated in 11.334715 ms
[2026-04-12T04:37:00.803+0000] {subprocess.py:106} INFO - 26/04/12 04:37:00 INFO CodeGenerator: Code generated in 15.663867 ms
[2026-04-12T04:37:00.863+0000] {subprocess.py:106} INFO - 26/04/12 04:37:00 INFO ConsumerConfig: ConsumerConfig values:
[2026-04-12T04:37:00.864+0000] {subprocess.py:106} INFO - 	allow.auto.create.topics = true
[2026-04-12T04:37:00.865+0000] {subprocess.py:106} INFO - 	auto.commit.interval.ms = 5000
[2026-04-12T04:37:00.865+0000] {subprocess.py:106} INFO - 	auto.include.jmx.reporter = true
[2026-04-12T04:37:00.865+0000] {subprocess.py:106} INFO - 	auto.offset.reset = none
[2026-04-12T04:37:00.866+0000] {subprocess.py:106} INFO - 	bootstrap.servers = [kafka:9092]
[2026-04-12T04:37:00.866+0000] {subprocess.py:106} INFO - 	check.crcs = true
[2026-04-12T04:37:00.867+0000] {subprocess.py:106} INFO - 	client.dns.lookup = use_all_dns_ips
[2026-04-12T04:37:00.867+0000] {subprocess.py:106} INFO - 	client.id = consumer-spark-kafka-source-6439718c-16c0-4453-8572-63b5f9a931ad--983882313-executor-1
[2026-04-12T04:37:00.867+0000] {subprocess.py:106} INFO - 	client.rack =
[2026-04-12T04:37:00.868+0000] {subprocess.py:106} INFO - 	connections.max.idle.ms = 540000
[2026-04-12T04:37:00.868+0000] {subprocess.py:106} INFO - 	default.api.timeout.ms = 60000
[2026-04-12T04:37:00.868+0000] {subprocess.py:106} INFO - 	enable.auto.commit = false
[2026-04-12T04:37:00.869+0000] {subprocess.py:106} INFO - 	enable.metrics.push = true
[2026-04-12T04:37:00.869+0000] {subprocess.py:106} INFO - 	exclude.internal.topics = true
[2026-04-12T04:37:00.870+0000] {subprocess.py:106} INFO - 	fetch.max.bytes = 52428800
[2026-04-12T04:37:00.870+0000] {subprocess.py:106} INFO - 	fetch.max.wait.ms = 500
[2026-04-12T04:37:00.870+0000] {subprocess.py:106} INFO - 	fetch.min.bytes = 1
[2026-04-12T04:37:00.871+0000] {subprocess.py:106} INFO - 	group.id = spark-kafka-source-6439718c-16c0-4453-8572-63b5f9a931ad--983882313-executor
[2026-04-12T04:37:00.871+0000] {subprocess.py:106} INFO - 	group.instance.id = null
[2026-04-12T04:37:00.871+0000] {subprocess.py:106} INFO - 	group.protocol = classic
[2026-04-12T04:37:00.872+0000] {subprocess.py:106} INFO - 	group.remote.assignor = null
[2026-04-12T04:37:00.872+0000] {subprocess.py:106} INFO - 	heartbeat.interval.ms = 3000
[2026-04-12T04:37:00.873+0000] {subprocess.py:106} INFO - 	interceptor.classes = []
[2026-04-12T04:37:00.873+0000] {subprocess.py:106} INFO - 	internal.leave.group.on.close = true
[2026-04-12T04:37:00.873+0000] {subprocess.py:106} INFO - 	internal.throw.on.fetch.stable.offset.unsupported = false
[2026-04-12T04:37:00.874+0000] {subprocess.py:106} INFO - 	isolation.level = read_uncommitted
[2026-04-12T04:37:00.874+0000] {subprocess.py:106} INFO - 	key.deserializer = class org.apache.kafka.common.serialization.ByteArrayDeserializer
[2026-04-12T04:37:00.875+0000] {subprocess.py:106} INFO - 	max.partition.fetch.bytes = 1048576
[2026-04-12T04:37:00.875+0000] {subprocess.py:106} INFO - 	max.poll.interval.ms = 300000
[2026-04-12T04:37:00.875+0000] {subprocess.py:106} INFO - 	max.poll.records = 500
[2026-04-12T04:37:00.876+0000] {subprocess.py:106} INFO - 	metadata.max.age.ms = 300000
[2026-04-12T04:37:00.876+0000] {subprocess.py:106} INFO - 	metadata.recovery.strategy = none
[2026-04-12T04:37:00.876+0000] {subprocess.py:106} INFO - 	metric.reporters = []
[2026-04-12T04:37:00.877+0000] {subprocess.py:106} INFO - 	metrics.num.samples = 2
[2026-04-12T04:37:00.877+0000] {subprocess.py:106} INFO - 	metrics.recording.level = INFO
[2026-04-12T04:37:00.878+0000] {subprocess.py:106} INFO - 	metrics.sample.window.ms = 30000
[2026-04-12T04:37:00.878+0000] {subprocess.py:106} INFO - 	partition.assignment.strategy = [class org.apache.kafka.clients.consumer.RangeAssignor, class org.apache.kafka.clients.consumer.CooperativeStickyAssignor]
[2026-04-12T04:37:00.878+0000] {subprocess.py:106} INFO - 	receive.buffer.bytes = 65536
[2026-04-12T04:37:00.879+0000] {subprocess.py:106} INFO - 	reconnect.backoff.max.ms = 1000
[2026-04-12T04:37:00.879+0000] {subprocess.py:106} INFO - 	reconnect.backoff.ms = 50
[2026-04-12T04:37:00.879+0000] {subprocess.py:106} INFO - 	request.timeout.ms = 30000
[2026-04-12T04:37:00.880+0000] {subprocess.py:106} INFO - 	retry.backoff.max.ms = 1000
[2026-04-12T04:37:00.881+0000] {subprocess.py:106} INFO - 	retry.backoff.ms = 100
[2026-04-12T04:37:00.882+0000] {subprocess.py:106} INFO - 	sasl.client.callback.handler.class = null
[2026-04-12T04:37:00.882+0000] {subprocess.py:106} INFO - 	sasl.jaas.config = null
[2026-04-12T04:37:00.882+0000] {subprocess.py:106} INFO - 	sasl.kerberos.kinit.cmd = /usr/bin/kinit
[2026-04-12T04:37:00.883+0000] {subprocess.py:106} INFO - 	sasl.kerberos.min.time.before.relogin = 60000
[2026-04-12T04:37:00.883+0000] {subprocess.py:106} INFO - 	sasl.kerberos.service.name = null
[2026-04-12T04:37:00.883+0000] {subprocess.py:106} INFO - 	sasl.kerberos.ticket.renew.jitter = 0.05
[2026-04-12T04:37:00.884+0000] {subprocess.py:106} INFO - 	sasl.kerberos.ticket.renew.window.factor = 0.8
[2026-04-12T04:37:00.884+0000] {subprocess.py:106} INFO - 	sasl.login.callback.handler.class = null
[2026-04-12T04:37:00.885+0000] {subprocess.py:106} INFO - 	sasl.login.class = null
[2026-04-12T04:37:00.885+0000] {subprocess.py:106} INFO - 	sasl.login.connect.timeout.ms = null
[2026-04-12T04:37:00.886+0000] {subprocess.py:106} INFO - 	sasl.login.read.timeout.ms = null
[2026-04-12T04:37:00.886+0000] {subprocess.py:106} INFO - 	sasl.login.refresh.buffer.seconds = 300
[2026-04-12T04:37:00.887+0000] {subprocess.py:106} INFO - 	sasl.login.refresh.min.period.seconds = 60
[2026-04-12T04:37:00.887+0000] {subprocess.py:106} INFO - 	sasl.login.refresh.window.factor = 0.8
[2026-04-12T04:37:00.887+0000] {subprocess.py:106} INFO - 	sasl.login.refresh.window.jitter = 0.05
[2026-04-12T04:37:00.888+0000] {subprocess.py:106} INFO - 	sasl.login.retry.backoff.max.ms = 10000
[2026-04-12T04:37:00.888+0000] {subprocess.py:106} INFO - 	sasl.login.retry.backoff.ms = 100
[2026-04-12T04:37:00.889+0000] {subprocess.py:106} INFO - 	sasl.mechanism = GSSAPI
[2026-04-12T04:37:00.889+0000] {subprocess.py:106} INFO - 	sasl.oauthbearer.clock.skew.seconds = 30
[2026-04-12T04:37:00.890+0000] {subprocess.py:106} INFO - 	sasl.oauthbearer.expected.audience = null
[2026-04-12T04:37:00.890+0000] {subprocess.py:106} INFO - 	sasl.oauthbearer.expected.issuer = null
[2026-04-12T04:37:00.890+0000] {subprocess.py:106} INFO - 	sasl.oauthbearer.header.urlencode = false
[2026-04-12T04:37:00.891+0000] {subprocess.py:106} INFO - 	sasl.oauthbearer.jwks.endpoint.refresh.ms = 3600000
[2026-04-12T04:37:00.891+0000] {subprocess.py:106} INFO - 	sasl.oauthbearer.jwks.endpoint.retry.backoff.max.ms = 10000
[2026-04-12T04:37:00.891+0000] {subprocess.py:106} INFO - 	sasl.oauthbearer.jwks.endpoint.retry.backoff.ms = 100
[2026-04-12T04:37:00.892+0000] {subprocess.py:106} INFO - 	sasl.oauthbearer.jwks.endpoint.url = null
[2026-04-12T04:37:00.892+0000] {subprocess.py:106} INFO - 	sasl.oauthbearer.scope.claim.name = scope
[2026-04-12T04:37:00.892+0000] {subprocess.py:106} INFO - 	sasl.oauthbearer.sub.claim.name = sub
[2026-04-12T04:37:00.893+0000] {subprocess.py:106} INFO - 	sasl.oauthbearer.token.endpoint.url = null
[2026-04-12T04:37:00.893+0000] {subprocess.py:106} INFO - 	security.protocol = PLAINTEXT
[2026-04-12T04:37:00.894+0000] {subprocess.py:106} INFO - 	security.providers = null
[2026-04-12T04:37:00.894+0000] {subprocess.py:106} INFO - 	send.buffer.bytes = 131072
[2026-04-12T04:37:00.894+0000] {subprocess.py:106} INFO - 	session.timeout.ms = 45000
[2026-04-12T04:37:00.895+0000] {subprocess.py:106} INFO - 	socket.connection.setup.timeout.max.ms = 30000
[2026-04-12T04:37:00.895+0000] {subprocess.py:106} INFO - 	socket.connection.setup.timeout.ms = 10000
[2026-04-12T04:37:00.896+0000] {subprocess.py:106} INFO - 	ssl.cipher.suites = null
[2026-04-12T04:37:00.896+0000] {subprocess.py:106} INFO - 	ssl.enabled.protocols = [TLSv1.2, TLSv1.3]
[2026-04-12T04:37:00.896+0000] {subprocess.py:106} INFO - 	ssl.endpoint.identification.algorithm = https
[2026-04-12T04:37:00.897+0000] {subprocess.py:106} INFO - 	ssl.engine.factory.class = null
[2026-04-12T04:37:00.897+0000] {subprocess.py:106} INFO - 	ssl.key.password = null
[2026-04-12T04:37:00.898+0000] {subprocess.py:106} INFO - 	ssl.keymanager.algorithm = SunX509
[2026-04-12T04:37:00.898+0000] {subprocess.py:106} INFO - 	ssl.keystore.certificate.chain = null
[2026-04-12T04:37:00.898+0000] {subprocess.py:106} INFO - 	ssl.keystore.key = null
[2026-04-12T04:37:00.899+0000] {subprocess.py:106} INFO - 	ssl.keystore.location = null
[2026-04-12T04:37:00.899+0000] {subprocess.py:106} INFO - 	ssl.keystore.password = null
[2026-04-12T04:37:00.899+0000] {subprocess.py:106} INFO - 	ssl.keystore.type = JKS
[2026-04-12T04:37:00.900+0000] {subprocess.py:106} INFO - 	ssl.protocol = TLSv1.3
[2026-04-12T04:37:00.900+0000] {subprocess.py:106} INFO - 	ssl.provider = null
[2026-04-12T04:37:00.900+0000] {subprocess.py:106} INFO - 	ssl.secure.random.implementation = null
[2026-04-12T04:37:00.901+0000] {subprocess.py:106} INFO - 	ssl.trustmanager.algorithm = PKIX
[2026-04-12T04:37:00.901+0000] {subprocess.py:106} INFO - 	ssl.truststore.certificates = null
[2026-04-12T04:37:00.901+0000] {subprocess.py:106} INFO - 	ssl.truststore.location = null
[2026-04-12T04:37:00.902+0000] {subprocess.py:106} INFO - 	ssl.truststore.password = null
[2026-04-12T04:37:00.902+0000] {subprocess.py:106} INFO - 	ssl.truststore.type = JKS
[2026-04-12T04:37:00.903+0000] {subprocess.py:106} INFO - 	value.deserializer = class org.apache.kafka.common.serialization.ByteArrayDeserializer
[2026-04-12T04:37:00.903+0000] {subprocess.py:106} INFO - 
[2026-04-12T04:37:00.903+0000] {subprocess.py:106} INFO - 26/04/12 04:37:00 INFO ConsumerConfig: ConsumerConfig values:
[2026-04-12T04:37:00.904+0000] {subprocess.py:106} INFO - 	allow.auto.create.topics = true
[2026-04-12T04:37:00.904+0000] {subprocess.py:106} INFO - 	auto.commit.interval.ms = 5000
[2026-04-12T04:37:00.904+0000] {subprocess.py:106} INFO - 	auto.include.jmx.reporter = true
[2026-04-12T04:37:00.905+0000] {subprocess.py:106} INFO - 	auto.offset.reset = none
[2026-04-12T04:37:00.905+0000] {subprocess.py:106} INFO - 	bootstrap.servers = [kafka:9092]
[2026-04-12T04:37:00.905+0000] {subprocess.py:106} INFO - 	check.crcs = true
[2026-04-12T04:37:00.906+0000] {subprocess.py:106} INFO - 	client.dns.lookup = use_all_dns_ips
[2026-04-12T04:37:00.906+0000] {subprocess.py:106} INFO - 	client.id = consumer-spark-kafka-source-6439718c-16c0-4453-8572-63b5f9a931ad--983882313-executor-2
[2026-04-12T04:37:00.906+0000] {subprocess.py:106} INFO - 	client.rack =
[2026-04-12T04:37:00.907+0000] {subprocess.py:106} INFO - 	connections.max.idle.ms = 540000
[2026-04-12T04:37:00.907+0000] {subprocess.py:106} INFO - 	default.api.timeout.ms = 60000
[2026-04-12T04:37:00.907+0000] {subprocess.py:106} INFO - 	enable.auto.commit = false
[2026-04-12T04:37:00.908+0000] {subprocess.py:106} INFO - 	enable.metrics.push = true
[2026-04-12T04:37:00.908+0000] {subprocess.py:106} INFO - 	exclude.internal.topics = true
[2026-04-12T04:37:00.908+0000] {subprocess.py:106} INFO - 	fetch.max.bytes = 52428800
[2026-04-12T04:37:00.909+0000] {subprocess.py:106} INFO - 	fetch.max.wait.ms = 500
[2026-04-12T04:37:00.909+0000] {subprocess.py:106} INFO - 	fetch.min.bytes = 1
[2026-04-12T04:37:00.910+0000] {subprocess.py:106} INFO - 	group.id = spark-kafka-source-6439718c-16c0-4453-8572-63b5f9a931ad--983882313-executor
[2026-04-12T04:37:00.910+0000] {subprocess.py:106} INFO - 	group.instance.id = null
[2026-04-12T04:37:00.910+0000] {subprocess.py:106} INFO - 	group.protocol = classic
[2026-04-12T04:37:00.911+0000] {subprocess.py:106} INFO - 	group.remote.assignor = null
[2026-04-12T04:37:00.911+0000] {subprocess.py:106} INFO - 	heartbeat.interval.ms = 3000
[2026-04-12T04:37:00.911+0000] {subprocess.py:106} INFO - 	interceptor.classes = []
[2026-04-12T04:37:00.912+0000] {subprocess.py:106} INFO - 	internal.leave.group.on.close = true
[2026-04-12T04:37:00.912+0000] {subprocess.py:106} INFO - 	internal.throw.on.fetch.stable.offset.unsupported = false
[2026-04-12T04:37:00.912+0000] {subprocess.py:106} INFO - 	isolation.level = read_uncommitted
[2026-04-12T04:37:00.913+0000] {subprocess.py:106} INFO - 	key.deserializer = class org.apache.kafka.common.serialization.ByteArrayDeserializer
[2026-04-12T04:37:00.913+0000] {subprocess.py:106} INFO - 	max.partition.fetch.bytes = 1048576
[2026-04-12T04:37:00.913+0000] {subprocess.py:106} INFO - 	max.poll.interval.ms = 300000
[2026-04-12T04:37:00.914+0000] {subprocess.py:106} INFO - 	max.poll.records = 500
[2026-04-12T04:37:00.914+0000] {subprocess.py:106} INFO - 	metadata.max.age.ms = 300000
[2026-04-12T04:37:00.914+0000] {subprocess.py:106} INFO - 	metadata.recovery.strategy = none
[2026-04-12T04:37:00.914+0000] {subprocess.py:106} INFO - 	metric.reporters = []
[2026-04-12T04:37:00.915+0000] {subprocess.py:106} INFO - 	metrics.num.samples = 2
[2026-04-12T04:37:00.915+0000] {subprocess.py:106} INFO - 	metrics.recording.level = INFO
[2026-04-12T04:37:00.916+0000] {subprocess.py:106} INFO - 	metrics.sample.window.ms = 30000
[2026-04-12T04:37:00.916+0000] {subprocess.py:106} INFO - 	partition.assignment.strategy = [class org.apache.kafka.clients.consumer.RangeAssignor, class org.apache.kafka.clients.consumer.CooperativeStickyAssignor]
[2026-04-12T04:37:00.916+0000] {subprocess.py:106} INFO - 	receive.buffer.bytes = 65536
[2026-04-12T04:37:00.917+0000] {subprocess.py:106} INFO - 	reconnect.backoff.max.ms = 1000
[2026-04-12T04:37:00.917+0000] {subprocess.py:106} INFO - 	reconnect.backoff.ms = 50
[2026-04-12T04:37:00.918+0000] {subprocess.py:106} INFO - 	request.timeout.ms = 30000
[2026-04-12T04:37:00.918+0000] {subprocess.py:106} INFO - 	retry.backoff.max.ms = 1000
[2026-04-12T04:37:00.919+0000] {subprocess.py:106} INFO - 	retry.backoff.ms = 100
[2026-04-12T04:37:00.919+0000] {subprocess.py:106} INFO - 	sasl.client.callback.handler.class = null
[2026-04-12T04:37:00.919+0000] {subprocess.py:106} INFO - 	sasl.jaas.config = null
[2026-04-12T04:37:00.920+0000] {subprocess.py:106} INFO - 	sasl.kerberos.kinit.cmd = /usr/bin/kinit
[2026-04-12T04:37:00.921+0000] {subprocess.py:106} INFO - 	sasl.kerberos.min.time.before.relogin = 60000
[2026-04-12T04:37:00.921+0000] {subprocess.py:106} INFO - 	sasl.kerberos.service.name = null
[2026-04-12T04:37:00.922+0000] {subprocess.py:106} INFO - 	sasl.kerberos.ticket.renew.jitter = 0.05
[2026-04-12T04:37:00.922+0000] {subprocess.py:106} INFO - 	sasl.kerberos.ticket.renew.window.factor = 0.8
[2026-04-12T04:37:00.923+0000] {subprocess.py:106} INFO - 	sasl.login.callback.handler.class = null
[2026-04-12T04:37:00.923+0000] {subprocess.py:106} INFO - 	sasl.login.class = null
[2026-04-12T04:37:00.923+0000] {subprocess.py:106} INFO - 	sasl.login.connect.timeout.ms = null
[2026-04-12T04:37:00.924+0000] {subprocess.py:106} INFO - 	sasl.login.read.timeout.ms = null
[2026-04-12T04:37:00.925+0000] {subprocess.py:106} INFO - 	sasl.login.refresh.buffer.seconds = 300
[2026-04-12T04:37:00.925+0000] {subprocess.py:106} INFO - 	sasl.login.refresh.min.period.seconds = 60
[2026-04-12T04:37:00.926+0000] {subprocess.py:106} INFO - 	sasl.login.refresh.window.factor = 0.8
[2026-04-12T04:37:00.926+0000] {subprocess.py:106} INFO - 	sasl.login.refresh.window.jitter = 0.05
[2026-04-12T04:37:00.927+0000] {subprocess.py:106} INFO - 	sasl.login.retry.backoff.max.ms = 10000
[2026-04-12T04:37:00.927+0000] {subprocess.py:106} INFO - 	sasl.login.retry.backoff.ms = 100
[2026-04-12T04:37:00.928+0000] {subprocess.py:106} INFO - 	sasl.mechanism = GSSAPI
[2026-04-12T04:37:00.928+0000] {subprocess.py:106} INFO - 	sasl.oauthbearer.clock.skew.seconds = 30
[2026-04-12T04:37:00.929+0000] {subprocess.py:106} INFO - 	sasl.oauthbearer.expected.audience = null
[2026-04-12T04:37:00.929+0000] {subprocess.py:106} INFO - 	sasl.oauthbearer.expected.issuer = null
[2026-04-12T04:37:00.929+0000] {subprocess.py:106} INFO - 	sasl.oauthbearer.header.urlencode = false
[2026-04-12T04:37:00.930+0000] {subprocess.py:106} INFO - 	sasl.oauthbearer.jwks.endpoint.refresh.ms = 3600000
[2026-04-12T04:37:00.930+0000] {subprocess.py:106} INFO - 	sasl.oauthbearer.jwks.endpoint.retry.backoff.max.ms = 10000
[2026-04-12T04:37:00.930+0000] {subprocess.py:106} INFO - 	sasl.oauthbearer.jwks.endpoint.retry.backoff.ms = 100
[2026-04-12T04:37:00.931+0000] {subprocess.py:106} INFO - 	sasl.oauthbearer.jwks.endpoint.url = null
[2026-04-12T04:37:00.931+0000] {subprocess.py:106} INFO - 	sasl.oauthbearer.scope.claim.name = scope
[2026-04-12T04:37:00.932+0000] {subprocess.py:106} INFO - 	sasl.oauthbearer.sub.claim.name = sub
[2026-04-12T04:37:00.932+0000] {subprocess.py:106} INFO - 	sasl.oauthbearer.token.endpoint.url = null
[2026-04-12T04:37:00.933+0000] {subprocess.py:106} INFO - 	security.protocol = PLAINTEXT
[2026-04-12T04:37:00.933+0000] {subprocess.py:106} INFO - 	security.providers = null
[2026-04-12T04:37:00.934+0000] {subprocess.py:106} INFO - 	send.buffer.bytes = 131072
[2026-04-12T04:37:00.934+0000] {subprocess.py:106} INFO - 	session.timeout.ms = 45000
[2026-04-12T04:37:00.934+0000] {subprocess.py:106} INFO - 	socket.connection.setup.timeout.max.ms = 30000
[2026-04-12T04:37:00.935+0000] {subprocess.py:106} INFO - 	socket.connection.setup.timeout.ms = 10000
[2026-04-12T04:37:00.936+0000] {subprocess.py:106} INFO - 	ssl.cipher.suites = null
[2026-04-12T04:37:00.936+0000] {subprocess.py:106} INFO - 	ssl.enabled.protocols = [TLSv1.2, TLSv1.3]
[2026-04-12T04:37:00.937+0000] {subprocess.py:106} INFO - 	ssl.endpoint.identification.algorithm = https
[2026-04-12T04:37:00.937+0000] {subprocess.py:106} INFO - 	ssl.engine.factory.class = null
[2026-04-12T04:37:00.938+0000] {subprocess.py:106} INFO - 	ssl.key.password = null
[2026-04-12T04:37:00.938+0000] {subprocess.py:106} INFO - 	ssl.keymanager.algorithm = SunX509
[2026-04-12T04:37:00.939+0000] {subprocess.py:106} INFO - 	ssl.keystore.certificate.chain = null
[2026-04-12T04:37:00.939+0000] {subprocess.py:106} INFO - 	ssl.keystore.key = null
[2026-04-12T04:37:00.939+0000] {subprocess.py:106} INFO - 	ssl.keystore.location = null
[2026-04-12T04:37:00.940+0000] {subprocess.py:106} INFO - 	ssl.keystore.password = null
[2026-04-12T04:37:00.940+0000] {subprocess.py:106} INFO - 	ssl.keystore.type = JKS
[2026-04-12T04:37:00.940+0000] {subprocess.py:106} INFO - 	ssl.protocol = TLSv1.3
[2026-04-12T04:37:00.941+0000] {subprocess.py:106} INFO - 	ssl.provider = null
[2026-04-12T04:37:00.941+0000] {subprocess.py:106} INFO - 	ssl.secure.random.implementation = null
[2026-04-12T04:37:00.941+0000] {subprocess.py:106} INFO - 	ssl.trustmanager.algorithm = PKIX
[2026-04-12T04:37:00.942+0000] {subprocess.py:106} INFO - 	ssl.truststore.certificates = null
[2026-04-12T04:37:00.942+0000] {subprocess.py:106} INFO - 	ssl.truststore.location = null
[2026-04-12T04:37:00.942+0000] {subprocess.py:106} INFO - 	ssl.truststore.password = null
[2026-04-12T04:37:00.943+0000] {subprocess.py:106} INFO - 	ssl.truststore.type = JKS
[2026-04-12T04:37:00.943+0000] {subprocess.py:106} INFO - 	value.deserializer = class org.apache.kafka.common.serialization.ByteArrayDeserializer
[2026-04-12T04:37:00.943+0000] {subprocess.py:106} INFO - 
[2026-04-12T04:37:00.944+0000] {subprocess.py:106} INFO - 26/04/12 04:37:00 INFO ConsumerConfig: ConsumerConfig values:
[2026-04-12T04:37:00.944+0000] {subprocess.py:106} INFO - 	allow.auto.create.topics = true
[2026-04-12T04:37:00.945+0000] {subprocess.py:106} INFO - 	auto.commit.interval.ms = 5000
[2026-04-12T04:37:00.945+0000] {subprocess.py:106} INFO - 	auto.include.jmx.reporter = true
[2026-04-12T04:37:00.946+0000] {subprocess.py:106} INFO - 	auto.offset.reset = none
[2026-04-12T04:37:00.946+0000] {subprocess.py:106} INFO - 	bootstrap.servers = [kafka:9092]
[2026-04-12T04:37:00.947+0000] {subprocess.py:106} INFO - 	check.crcs = true
[2026-04-12T04:37:00.947+0000] {subprocess.py:106} INFO - 	client.dns.lookup = use_all_dns_ips
[2026-04-12T04:37:00.948+0000] {subprocess.py:106} INFO - 	client.id = consumer-spark-kafka-source-6439718c-16c0-4453-8572-63b5f9a931ad--983882313-executor-3
[2026-04-12T04:37:00.948+0000] {subprocess.py:106} INFO - 	client.rack =
[2026-04-12T04:37:00.948+0000] {subprocess.py:106} INFO - 	connections.max.idle.ms = 540000
[2026-04-12T04:37:00.949+0000] {subprocess.py:106} INFO - 	default.api.timeout.ms = 60000
[2026-04-12T04:37:00.949+0000] {subprocess.py:106} INFO - 	enable.auto.commit = false
[2026-04-12T04:37:00.950+0000] {subprocess.py:106} INFO - 	enable.metrics.push = true
[2026-04-12T04:37:00.950+0000] {subprocess.py:106} INFO - 	exclude.internal.topics = true
[2026-04-12T04:37:00.950+0000] {subprocess.py:106} INFO - 	fetch.max.bytes = 52428800
[2026-04-12T04:37:00.951+0000] {subprocess.py:106} INFO - 	fetch.max.wait.ms = 500
[2026-04-12T04:37:00.951+0000] {subprocess.py:106} INFO - 	fetch.min.bytes = 1
[2026-04-12T04:37:00.952+0000] {subprocess.py:106} INFO - 	group.id = spark-kafka-source-6439718c-16c0-4453-8572-63b5f9a931ad--983882313-executor
[2026-04-12T04:37:00.952+0000] {subprocess.py:106} INFO - 	group.instance.id = null
[2026-04-12T04:37:00.953+0000] {subprocess.py:106} INFO - 	group.protocol = classic
[2026-04-12T04:37:00.953+0000] {subprocess.py:106} INFO - 	group.remote.assignor = null
[2026-04-12T04:37:00.954+0000] {subprocess.py:106} INFO - 	heartbeat.interval.ms = 3000
[2026-04-12T04:37:00.954+0000] {subprocess.py:106} INFO - 	interceptor.classes = []
[2026-04-12T04:37:00.954+0000] {subprocess.py:106} INFO - 	internal.leave.group.on.close = true
[2026-04-12T04:37:00.955+0000] {subprocess.py:106} INFO - 	internal.throw.on.fetch.stable.offset.unsupported = false
[2026-04-12T04:37:00.955+0000] {subprocess.py:106} INFO - 	isolation.level = read_uncommitted
[2026-04-12T04:37:00.956+0000] {subprocess.py:106} INFO - 	key.deserializer = class org.apache.kafka.common.serialization.ByteArrayDeserializer
[2026-04-12T04:37:00.956+0000] {subprocess.py:106} INFO - 	max.partition.fetch.bytes = 1048576
[2026-04-12T04:37:00.956+0000] {subprocess.py:106} INFO - 	max.poll.interval.ms = 300000
[2026-04-12T04:37:00.957+0000] {subprocess.py:106} INFO - 	max.poll.records = 500
[2026-04-12T04:37:00.957+0000] {subprocess.py:106} INFO - 	metadata.max.age.ms = 300000
[2026-04-12T04:37:00.958+0000] {subprocess.py:106} INFO - 	metadata.recovery.strategy = none
[2026-04-12T04:37:00.958+0000] {subprocess.py:106} INFO - 	metric.reporters = []
[2026-04-12T04:37:00.958+0000] {subprocess.py:106} INFO - 	metrics.num.samples = 2
[2026-04-12T04:37:00.959+0000] {subprocess.py:106} INFO - 	metrics.recording.level = INFO
[2026-04-12T04:37:00.959+0000] {subprocess.py:106} INFO - 	metrics.sample.window.ms = 30000
[2026-04-12T04:37:00.959+0000] {subprocess.py:106} INFO - 	partition.assignment.strategy = [class org.apache.kafka.clients.consumer.RangeAssignor, class org.apache.kafka.clients.consumer.CooperativeStickyAssignor]
[2026-04-12T04:37:00.960+0000] {subprocess.py:106} INFO - 	receive.buffer.bytes = 65536
[2026-04-12T04:37:00.960+0000] {subprocess.py:106} INFO - 	reconnect.backoff.max.ms = 1000
[2026-04-12T04:37:00.960+0000] {subprocess.py:106} INFO - 	reconnect.backoff.ms = 50
[2026-04-12T04:37:00.961+0000] {subprocess.py:106} INFO - 	request.timeout.ms = 30000
[2026-04-12T04:37:00.961+0000] {subprocess.py:106} INFO - 	retry.backoff.max.ms = 1000
[2026-04-12T04:37:00.961+0000] {subprocess.py:106} INFO - 	retry.backoff.ms = 100
[2026-04-12T04:37:00.962+0000] {subprocess.py:106} INFO - 	sasl.client.callback.handler.class = null
[2026-04-12T04:37:00.962+0000] {subprocess.py:106} INFO - 	sasl.jaas.config = null
[2026-04-12T04:37:00.962+0000] {subprocess.py:106} INFO - 	sasl.kerberos.kinit.cmd = /usr/bin/kinit
[2026-04-12T04:37:00.963+0000] {subprocess.py:106} INFO - 	sasl.kerberos.min.time.before.relogin = 60000
[2026-04-12T04:37:00.963+0000] {subprocess.py:106} INFO - 	sasl.kerberos.service.name = null
[2026-04-12T04:37:00.963+0000] {subprocess.py:106} INFO - 	sasl.kerberos.ticket.renew.jitter = 0.05
[2026-04-12T04:37:00.964+0000] {subprocess.py:106} INFO - 	sasl.kerberos.ticket.renew.window.factor = 0.8
[2026-04-12T04:37:00.964+0000] {subprocess.py:106} INFO - 	sasl.login.callback.handler.class = null
[2026-04-12T04:37:00.965+0000] {subprocess.py:106} INFO - 	sasl.login.class = null
[2026-04-12T04:37:00.965+0000] {subprocess.py:106} INFO - 	sasl.login.connect.timeout.ms = null
[2026-04-12T04:37:00.965+0000] {subprocess.py:106} INFO - 	sasl.login.read.timeout.ms = null
[2026-04-12T04:37:00.966+0000] {subprocess.py:106} INFO - 	sasl.login.refresh.buffer.seconds = 300
[2026-04-12T04:37:00.966+0000] {subprocess.py:106} INFO - 	sasl.login.refresh.min.period.seconds = 60
[2026-04-12T04:37:00.967+0000] {subprocess.py:106} INFO - 	sasl.login.refresh.window.factor = 0.8
[2026-04-12T04:37:00.967+0000] {subprocess.py:106} INFO - 	sasl.login.refresh.window.jitter = 0.05
[2026-04-12T04:37:00.967+0000] {subprocess.py:106} INFO - 	sasl.login.retry.backoff.max.ms = 10000
[2026-04-12T04:37:00.968+0000] {subprocess.py:106} INFO - 	sasl.login.retry.backoff.ms = 100
[2026-04-12T04:37:00.968+0000] {subprocess.py:106} INFO - 	sasl.mechanism = GSSAPI
[2026-04-12T04:37:00.968+0000] {subprocess.py:106} INFO - 	sasl.oauthbearer.clock.skew.seconds = 30
[2026-04-12T04:37:00.972+0000] {subprocess.py:106} INFO - 	sasl.oauthbearer.expected.audience = null
[2026-04-12T04:37:00.973+0000] {subprocess.py:106} INFO - 	sasl.oauthbearer.expected.issuer = null
[2026-04-12T04:37:00.973+0000] {subprocess.py:106} INFO - 	sasl.oauthbearer.header.urlencode = false
[2026-04-12T04:37:00.974+0000] {subprocess.py:106} INFO - 	sasl.oauthbearer.jwks.endpoint.refresh.ms = 3600000
[2026-04-12T04:37:00.974+0000] {subprocess.py:106} INFO - 	sasl.oauthbearer.jwks.endpoint.retry.backoff.max.ms = 10000
[2026-04-12T04:37:00.975+0000] {subprocess.py:106} INFO - 	sasl.oauthbearer.jwks.endpoint.retry.backoff.ms = 100
[2026-04-12T04:37:00.975+0000] {subprocess.py:106} INFO - 	sasl.oauthbearer.jwks.endpoint.url = null
[2026-04-12T04:37:00.975+0000] {subprocess.py:106} INFO - 	sasl.oauthbearer.scope.claim.name = scope
[2026-04-12T04:37:00.976+0000] {subprocess.py:106} INFO - 	sasl.oauthbearer.sub.claim.name = sub
[2026-04-12T04:37:00.976+0000] {subprocess.py:106} INFO - 	sasl.oauthbearer.token.endpoint.url = null
[2026-04-12T04:37:00.977+0000] {subprocess.py:106} INFO - 	security.protocol = PLAINTEXT
[2026-04-12T04:37:00.977+0000] {subprocess.py:106} INFO - 	security.providers = null
[2026-04-12T04:37:00.977+0000] {subprocess.py:106} INFO - 	send.buffer.bytes = 131072
[2026-04-12T04:37:00.978+0000] {subprocess.py:106} INFO - 	session.timeout.ms = 45000
[2026-04-12T04:37:00.978+0000] {subprocess.py:106} INFO - 	socket.connection.setup.timeout.max.ms = 30000
[2026-04-12T04:37:00.978+0000] {subprocess.py:106} INFO - 	socket.connection.setup.timeout.ms = 10000
[2026-04-12T04:37:00.979+0000] {subprocess.py:106} INFO - 	ssl.cipher.suites = null
[2026-04-12T04:37:00.979+0000] {subprocess.py:106} INFO - 	ssl.enabled.protocols = [TLSv1.2, TLSv1.3]
[2026-04-12T04:37:00.980+0000] {subprocess.py:106} INFO - 	ssl.endpoint.identification.algorithm = https
[2026-04-12T04:37:00.980+0000] {subprocess.py:106} INFO - 	ssl.engine.factory.class = null
[2026-04-12T04:37:00.980+0000] {subprocess.py:106} INFO - 	ssl.key.password = null
[2026-04-12T04:37:00.981+0000] {subprocess.py:106} INFO - 	ssl.keymanager.algorithm = SunX509
[2026-04-12T04:37:00.981+0000] {subprocess.py:106} INFO - 	ssl.keystore.certificate.chain = null
[2026-04-12T04:37:00.982+0000] {subprocess.py:106} INFO - 	ssl.keystore.key = null
[2026-04-12T04:37:00.982+0000] {subprocess.py:106} INFO - 	ssl.keystore.location = null
[2026-04-12T04:37:00.982+0000] {subprocess.py:106} INFO - 	ssl.keystore.password = null
[2026-04-12T04:37:00.983+0000] {subprocess.py:106} INFO - 	ssl.keystore.type = JKS
[2026-04-12T04:37:00.983+0000] {subprocess.py:106} INFO - 	ssl.protocol = TLSv1.3
[2026-04-12T04:37:00.983+0000] {subprocess.py:106} INFO - 	ssl.provider = null
[2026-04-12T04:37:00.984+0000] {subprocess.py:106} INFO - 	ssl.secure.random.implementation = null
[2026-04-12T04:37:00.984+0000] {subprocess.py:106} INFO - 	ssl.trustmanager.algorithm = PKIX
[2026-04-12T04:37:00.985+0000] {subprocess.py:106} INFO - 	ssl.truststore.certificates = null
[2026-04-12T04:37:00.985+0000] {subprocess.py:106} INFO - 	ssl.truststore.location = null
[2026-04-12T04:37:00.986+0000] {subprocess.py:106} INFO - 	ssl.truststore.password = null
[2026-04-12T04:37:00.986+0000] {subprocess.py:106} INFO - 	ssl.truststore.type = JKS
[2026-04-12T04:37:00.986+0000] {subprocess.py:106} INFO - 	value.deserializer = class org.apache.kafka.common.serialization.ByteArrayDeserializer
[2026-04-12T04:37:00.987+0000] {subprocess.py:106} INFO - 
[2026-04-12T04:37:00.987+0000] {subprocess.py:106} INFO - 26/04/12 04:37:00 INFO KafkaMetricsCollector: initializing Kafka metrics collector
[2026-04-12T04:37:00.987+0000] {subprocess.py:106} INFO - 26/04/12 04:37:00 INFO KafkaMetricsCollector: initializing Kafka metrics collector
[2026-04-12T04:37:00.988+0000] {subprocess.py:106} INFO - 26/04/12 04:37:00 INFO KafkaMetricsCollector: initializing Kafka metrics collector
[2026-04-12T04:37:01.095+0000] {subprocess.py:106} INFO - 26/04/12 04:37:01 INFO AppInfoParser: Kafka version: 3.9.0
[2026-04-12T04:37:01.096+0000] {subprocess.py:106} INFO - 26/04/12 04:37:01 INFO AppInfoParser: Kafka commitId: 84caaa6e9da06435
[2026-04-12T04:37:01.097+0000] {subprocess.py:106} INFO - 26/04/12 04:37:01 INFO AppInfoParser: Kafka startTimeMs: 1775968621090
[2026-04-12T04:37:01.099+0000] {subprocess.py:106} INFO - 26/04/12 04:37:01 INFO AppInfoParser: Kafka version: 3.9.0
[2026-04-12T04:37:01.100+0000] {subprocess.py:106} INFO - 26/04/12 04:37:01 INFO AppInfoParser: Kafka commitId: 84caaa6e9da06435
[2026-04-12T04:37:01.101+0000] {subprocess.py:106} INFO - 26/04/12 04:37:01 INFO AppInfoParser: Kafka startTimeMs: 1775968621090
[2026-04-12T04:37:01.101+0000] {subprocess.py:106} INFO - 26/04/12 04:37:01 INFO AppInfoParser: Kafka version: 3.9.0
[2026-04-12T04:37:01.102+0000] {subprocess.py:106} INFO - 26/04/12 04:37:01 INFO AppInfoParser: Kafka commitId: 84caaa6e9da06435
[2026-04-12T04:37:01.103+0000] {subprocess.py:106} INFO - 26/04/12 04:37:01 INFO AppInfoParser: Kafka startTimeMs: 1775968621091
[2026-04-12T04:37:01.104+0000] {subprocess.py:106} INFO - 26/04/12 04:37:01 INFO ClassicKafkaConsumer: [Consumer clientId=consumer-spark-kafka-source-6439718c-16c0-4453-8572-63b5f9a931ad--983882313-executor-3, groupId=spark-kafka-source-6439718c-16c0-4453-8572-63b5f9a931ad--983882313-executor] Assigned to partition(s): weather-topic-2
[2026-04-12T04:37:01.104+0000] {subprocess.py:106} INFO - 26/04/12 04:37:01 INFO ClassicKafkaConsumer: [Consumer clientId=consumer-spark-kafka-source-6439718c-16c0-4453-8572-63b5f9a931ad--983882313-executor-1, groupId=spark-kafka-source-6439718c-16c0-4453-8572-63b5f9a931ad--983882313-executor] Assigned to partition(s): weather-topic-1
[2026-04-12T04:37:01.105+0000] {subprocess.py:106} INFO - 26/04/12 04:37:01 INFO ClassicKafkaConsumer: [Consumer clientId=consumer-spark-kafka-source-6439718c-16c0-4453-8572-63b5f9a931ad--983882313-executor-2, groupId=spark-kafka-source-6439718c-16c0-4453-8572-63b5f9a931ad--983882313-executor] Assigned to partition(s): weather-topic-0
[2026-04-12T04:37:01.118+0000] {subprocess.py:106} INFO - 26/04/12 04:37:01 INFO ClassicKafkaConsumer: [Consumer clientId=consumer-spark-kafka-source-6439718c-16c0-4453-8572-63b5f9a931ad--983882313-executor-1, groupId=spark-kafka-source-6439718c-16c0-4453-8572-63b5f9a931ad--983882313-executor] Seeking to offset 16 for partition weather-topic-1
[2026-04-12T04:37:01.119+0000] {subprocess.py:106} INFO - 26/04/12 04:37:01 INFO ClassicKafkaConsumer: [Consumer clientId=consumer-spark-kafka-source-6439718c-16c0-4453-8572-63b5f9a931ad--983882313-executor-2, groupId=spark-kafka-source-6439718c-16c0-4453-8572-63b5f9a931ad--983882313-executor] Seeking to offset 11 for partition weather-topic-0
[2026-04-12T04:37:01.119+0000] {subprocess.py:106} INFO - 26/04/12 04:37:01 INFO ClassicKafkaConsumer: [Consumer clientId=consumer-spark-kafka-source-6439718c-16c0-4453-8572-63b5f9a931ad--983882313-executor-3, groupId=spark-kafka-source-6439718c-16c0-4453-8572-63b5f9a931ad--983882313-executor] Seeking to offset 13 for partition weather-topic-2
[2026-04-12T04:37:01.596+0000] {subprocess.py:106} INFO - 26/04/12 04:37:01 INFO Metadata: [Consumer clientId=consumer-spark-kafka-source-6439718c-16c0-4453-8572-63b5f9a931ad--983882313-executor-1, groupId=spark-kafka-source-6439718c-16c0-4453-8572-63b5f9a931ad--983882313-executor] Cluster ID: kkX-ljWLTPS7MNugi1CRGg
[2026-04-12T04:37:01.597+0000] {subprocess.py:106} INFO - 26/04/12 04:37:01 INFO Metadata: [Consumer clientId=consumer-spark-kafka-source-6439718c-16c0-4453-8572-63b5f9a931ad--983882313-executor-3, groupId=spark-kafka-source-6439718c-16c0-4453-8572-63b5f9a931ad--983882313-executor] Cluster ID: kkX-ljWLTPS7MNugi1CRGg
[2026-04-12T04:37:01.597+0000] {subprocess.py:106} INFO - 26/04/12 04:37:01 INFO Metadata: [Consumer clientId=consumer-spark-kafka-source-6439718c-16c0-4453-8572-63b5f9a931ad--983882313-executor-2, groupId=spark-kafka-source-6439718c-16c0-4453-8572-63b5f9a931ad--983882313-executor] Cluster ID: kkX-ljWLTPS7MNugi1CRGg
[2026-04-12T04:37:01.667+0000] {subprocess.py:106} INFO - 26/04/12 04:37:01 INFO SubscriptionState: [Consumer clientId=consumer-spark-kafka-source-6439718c-16c0-4453-8572-63b5f9a931ad--983882313-executor-2, groupId=spark-kafka-source-6439718c-16c0-4453-8572-63b5f9a931ad--983882313-executor] Seeking to earliest offset of partition weather-topic-0
[2026-04-12T04:37:01.667+0000] {subprocess.py:106} INFO - 26/04/12 04:37:01 INFO SubscriptionState: [Consumer clientId=consumer-spark-kafka-source-6439718c-16c0-4453-8572-63b5f9a931ad--983882313-executor-1, groupId=spark-kafka-source-6439718c-16c0-4453-8572-63b5f9a931ad--983882313-executor] Seeking to earliest offset of partition weather-topic-1
[2026-04-12T04:37:01.668+0000] {subprocess.py:106} INFO - 26/04/12 04:37:01 INFO SubscriptionState: [Consumer clientId=consumer-spark-kafka-source-6439718c-16c0-4453-8572-63b5f9a931ad--983882313-executor-3, groupId=spark-kafka-source-6439718c-16c0-4453-8572-63b5f9a931ad--983882313-executor] Seeking to earliest offset of partition weather-topic-2
[2026-04-12T04:37:02.168+0000] {subprocess.py:106} INFO - 26/04/12 04:37:02 INFO SubscriptionState: [Consumer clientId=consumer-spark-kafka-source-6439718c-16c0-4453-8572-63b5f9a931ad--983882313-executor-1, groupId=spark-kafka-source-6439718c-16c0-4453-8572-63b5f9a931ad--983882313-executor] Resetting offset for partition weather-topic-1 to position FetchPosition{offset=0, offsetEpoch=Optional.empty, currentLeader=LeaderAndEpoch{leader=Optional[kafka:9092 (id: 1 rack: null)], epoch=0}}.
[2026-04-12T04:37:02.169+0000] {subprocess.py:106} INFO - 26/04/12 04:37:02 INFO SubscriptionState: [Consumer clientId=consumer-spark-kafka-source-6439718c-16c0-4453-8572-63b5f9a931ad--983882313-executor-2, groupId=spark-kafka-source-6439718c-16c0-4453-8572-63b5f9a931ad--983882313-executor] Resetting offset for partition weather-topic-0 to position FetchPosition{offset=0, offsetEpoch=Optional.empty, currentLeader=LeaderAndEpoch{leader=Optional[kafka:9092 (id: 1 rack: null)], epoch=0}}.
[2026-04-12T04:37:02.169+0000] {subprocess.py:106} INFO - 26/04/12 04:37:02 INFO SubscriptionState: [Consumer clientId=consumer-spark-kafka-source-6439718c-16c0-4453-8572-63b5f9a931ad--983882313-executor-3, groupId=spark-kafka-source-6439718c-16c0-4453-8572-63b5f9a931ad--983882313-executor] Resetting offset for partition weather-topic-2 to position FetchPosition{offset=0, offsetEpoch=Optional.empty, currentLeader=LeaderAndEpoch{leader=Optional[kafka:9092 (id: 1 rack: null)], epoch=0}}.
[2026-04-12T04:37:02.170+0000] {subprocess.py:106} INFO - 26/04/12 04:37:02 INFO SubscriptionState: [Consumer clientId=consumer-spark-kafka-source-6439718c-16c0-4453-8572-63b5f9a931ad--983882313-executor-2, groupId=spark-kafka-source-6439718c-16c0-4453-8572-63b5f9a931ad--983882313-executor] Seeking to latest offset of partition weather-topic-0
[2026-04-12T04:37:02.170+0000] {subprocess.py:106} INFO - 26/04/12 04:37:02 INFO SubscriptionState: [Consumer clientId=consumer-spark-kafka-source-6439718c-16c0-4453-8572-63b5f9a931ad--983882313-executor-1, groupId=spark-kafka-source-6439718c-16c0-4453-8572-63b5f9a931ad--983882313-executor] Seeking to latest offset of partition weather-topic-1
[2026-04-12T04:37:02.171+0000] {subprocess.py:106} INFO - 26/04/12 04:37:02 INFO SubscriptionState: [Consumer clientId=consumer-spark-kafka-source-6439718c-16c0-4453-8572-63b5f9a931ad--983882313-executor-3, groupId=spark-kafka-source-6439718c-16c0-4453-8572-63b5f9a931ad--983882313-executor] Seeking to latest offset of partition weather-topic-2
[2026-04-12T04:37:02.172+0000] {subprocess.py:106} INFO - 26/04/12 04:37:02 INFO SubscriptionState: [Consumer clientId=consumer-spark-kafka-source-6439718c-16c0-4453-8572-63b5f9a931ad--983882313-executor-1, groupId=spark-kafka-source-6439718c-16c0-4453-8572-63b5f9a931ad--983882313-executor] Resetting offset for partition weather-topic-1 to position FetchPosition{offset=44, offsetEpoch=Optional.empty, currentLeader=LeaderAndEpoch{leader=Optional[kafka:9092 (id: 1 rack: null)], epoch=0}}.
[2026-04-12T04:37:02.172+0000] {subprocess.py:106} INFO - 26/04/12 04:37:02 INFO SubscriptionState: [Consumer clientId=consumer-spark-kafka-source-6439718c-16c0-4453-8572-63b5f9a931ad--983882313-executor-2, groupId=spark-kafka-source-6439718c-16c0-4453-8572-63b5f9a931ad--983882313-executor] Resetting offset for partition weather-topic-0 to position FetchPosition{offset=28, offsetEpoch=Optional.empty, currentLeader=LeaderAndEpoch{leader=Optional[kafka:9092 (id: 1 rack: null)], epoch=0}}.
[2026-04-12T04:37:02.173+0000] {subprocess.py:106} INFO - 26/04/12 04:37:02 INFO SubscriptionState: [Consumer clientId=consumer-spark-kafka-source-6439718c-16c0-4453-8572-63b5f9a931ad--983882313-executor-3, groupId=spark-kafka-source-6439718c-16c0-4453-8572-63b5f9a931ad--983882313-executor] Resetting offset for partition weather-topic-2 to position FetchPosition{offset=28, offsetEpoch=Optional.empty, currentLeader=LeaderAndEpoch{leader=Optional[kafka:9092 (id: 1 rack: null)], epoch=0}}.
[2026-04-12T04:37:02.299+0000] {subprocess.py:106} INFO - 26/04/12 04:37:02 INFO KafkaDataConsumer: From Kafka topicPartition=weather-topic-0 groupId=spark-kafka-source-6439718c-16c0-4453-8572-63b5f9a931ad--983882313-executor read 4 records through 1 polls (polled out 17 records), taking 1053.434195 ms, during time span of 1184.772728 ms.
[2026-04-12T04:37:02.299+0000] {subprocess.py:106} INFO - 26/04/12 04:37:02 INFO KafkaDataConsumer: From Kafka topicPartition=weather-topic-2 groupId=spark-kafka-source-6439718c-16c0-4453-8572-63b5f9a931ad--983882313-executor read 9 records through 1 polls (polled out 15 records), taking 1053.445648 ms, during time span of 1184.839326 ms.
[2026-04-12T04:37:02.300+0000] {subprocess.py:106} INFO - 26/04/12 04:37:02 INFO KafkaDataConsumer: From Kafka topicPartition=weather-topic-1 groupId=spark-kafka-source-6439718c-16c0-4453-8572-63b5f9a931ad--983882313-executor read 7 records through 1 polls (polled out 28 records), taking 1053.419031 ms, during time span of 1184.750776 ms.
[2026-04-12T04:37:02.317+0000] {subprocess.py:106} INFO - 26/04/12 04:37:02 INFO Executor: Finished task 0.0 in stage 0.0 (TID 0). 2382 bytes result sent to driver
[2026-04-12T04:37:02.318+0000] {subprocess.py:106} INFO - 26/04/12 04:37:02 INFO Executor: Finished task 1.0 in stage 0.0 (TID 1). 2382 bytes result sent to driver
[2026-04-12T04:37:02.319+0000] {subprocess.py:106} INFO - 26/04/12 04:37:02 INFO Executor: Finished task 2.0 in stage 0.0 (TID 2). 2382 bytes result sent to driver
[2026-04-12T04:37:02.329+0000] {subprocess.py:106} INFO - 26/04/12 04:37:02 INFO TaskSetManager: Finished task 0.0 in stage 0.0 (TID 0) in 1935 ms on spark-master (executor driver) (1/3)
[2026-04-12T04:37:02.330+0000] {subprocess.py:106} INFO - 26/04/12 04:37:02 INFO TaskSetManager: Finished task 1.0 in stage 0.0 (TID 1) in 1915 ms on spark-master (executor driver) (2/3)
[2026-04-12T04:37:02.331+0000] {subprocess.py:106} INFO - 26/04/12 04:37:02 INFO TaskSetManager: Finished task 2.0 in stage 0.0 (TID 2) in 1914 ms on spark-master (executor driver) (3/3)
[2026-04-12T04:37:02.333+0000] {subprocess.py:106} INFO - 26/04/12 04:37:02 INFO TaskSchedulerImpl: Removed TaskSet 0.0 whose tasks have all completed, from pool
[2026-04-12T04:37:02.341+0000] {subprocess.py:106} INFO - 26/04/12 04:37:02 INFO DAGScheduler: ShuffleMapStage 0 (start at NativeMethodAccessorImpl.java:0) finished in 2141 ms
[2026-04-12T04:37:02.342+0000] {subprocess.py:106} INFO - 26/04/12 04:37:02 INFO DAGScheduler: looking for newly runnable stages
[2026-04-12T04:37:02.343+0000] {subprocess.py:106} INFO - 26/04/12 04:37:02 INFO DAGScheduler: running: HashSet()
[2026-04-12T04:37:02.343+0000] {subprocess.py:106} INFO - 26/04/12 04:37:02 INFO DAGScheduler: waiting: HashSet(ResultStage 1)
[2026-04-12T04:37:02.344+0000] {subprocess.py:106} INFO - 26/04/12 04:37:02 INFO DAGScheduler: failed: HashSet()
[2026-04-12T04:37:02.347+0000] {subprocess.py:106} INFO - 26/04/12 04:37:02 INFO DAGScheduler: Submitting ResultStage 1 (MapPartitionsRDD[9] at start at NativeMethodAccessorImpl.java:0), which has no missing parents
[2026-04-12T04:37:02.357+0000] {subprocess.py:106} INFO - 26/04/12 04:37:02 INFO MemoryStore: Block broadcast_1 stored as values in memory (estimated size 13.6 KiB, free 1048.7 MiB)
[2026-04-12T04:37:02.360+0000] {subprocess.py:106} INFO - 26/04/12 04:37:02 INFO MemoryStore: Block broadcast_1_piece0 stored as bytes in memory (estimated size 6.5 KiB, free 1048.7 MiB)
[2026-04-12T04:37:02.361+0000] {subprocess.py:106} INFO - 26/04/12 04:37:02 INFO SparkContext: Created broadcast 1 from broadcast at DAGScheduler.scala:1676
[2026-04-12T04:37:02.363+0000] {subprocess.py:106} INFO - 26/04/12 04:37:02 INFO DAGScheduler: Submitting 1 missing tasks from ResultStage 1 (MapPartitionsRDD[9] at start at NativeMethodAccessorImpl.java:0) (first 15 tasks are for partitions Vector(0))
[2026-04-12T04:37:02.364+0000] {subprocess.py:106} INFO - 26/04/12 04:37:02 INFO TaskSchedulerImpl: Adding task set 1.0 with 1 tasks resource profile 0
[2026-04-12T04:37:02.369+0000] {subprocess.py:106} INFO - 26/04/12 04:37:02 INFO TaskSetManager: Starting task 0.0 in stage 1.0 (TID 3) (spark-master,executor driver, partition 0, NODE_LOCAL, 12446 bytes)
[2026-04-12T04:37:02.370+0000] {subprocess.py:106} INFO - 26/04/12 04:37:02 INFO Executor: Running task 0.0 in stage 1.0 (TID 3)
[2026-04-12T04:37:02.421+0000] {subprocess.py:106} INFO - 26/04/12 04:37:02 INFO ShuffleBlockFetcherIterator: Getting 3 (180.0 B) non-empty blocks including 3 (180.0 B) local and 0 (0.0 B) host-local and 0 (0.0 B) push-merged-local and 0 (0.0 B) remote blocks
[2026-04-12T04:37:02.425+0000] {subprocess.py:106} INFO - 26/04/12 04:37:02 INFO ShuffleBlockFetcherIterator: Started 0 remote fetches in 16 ms
[2026-04-12T04:37:02.441+0000] {subprocess.py:106} INFO - 26/04/12 04:37:02 INFO CodeGenerator: Code generated in 11.22782 ms
[2026-04-12T04:37:02.452+0000] {subprocess.py:106} INFO - 26/04/12 04:37:02 INFO Executor: Finished task 0.0 in stage 1.0 (TID 3). 3938 bytes result sent to driver
[2026-04-12T04:37:02.455+0000] {subprocess.py:106} INFO - 26/04/12 04:37:02 INFO TaskSetManager: Finished task 0.0 in stage 1.0 (TID 3) in 88 ms on spark-master (executor driver) (1/1)
[2026-04-12T04:37:02.456+0000] {subprocess.py:106} INFO - 26/04/12 04:37:02 INFO TaskSchedulerImpl: Removed TaskSet 1.0 whose tasks have all completed, from pool
[2026-04-12T04:37:02.457+0000] {subprocess.py:106} INFO - 26/04/12 04:37:02 INFO DAGScheduler: ResultStage 1 (start at NativeMethodAccessorImpl.java:0) finished in 101 ms
[2026-04-12T04:37:02.459+0000] {subprocess.py:106} INFO - 26/04/12 04:37:02 INFO DAGScheduler: Job 0 is finished. Cancelling potential speculative or zombie tasks for this job
[2026-04-12T04:37:02.460+0000] {subprocess.py:106} INFO - 26/04/12 04:37:02 INFO TaskSchedulerImpl: Canceling stage 1
[2026-04-12T04:37:02.460+0000] {subprocess.py:106} INFO - 26/04/12 04:37:02 INFO TaskSchedulerImpl: Killing all running tasks in stage 1: Stage finished
[2026-04-12T04:37:02.464+0000] {subprocess.py:106} INFO - 26/04/12 04:37:02 INFO DAGScheduler: Job 0 finished: start at NativeMethodAccessorImpl.java:0, took 2323.597781 ms
[2026-04-12T04:37:02.593+0000] {subprocess.py:106} INFO - 26/04/12 04:37:02 INFO ParquetUtils: Using default output committer for Parquet: org.apache.parquet.hadoop.ParquetOutputCommitter
[2026-04-12T04:37:02.616+0000] {subprocess.py:106} INFO - 26/04/12 04:37:02 INFO FileOutputCommitter: File Output Committer Algorithm version is 1
[2026-04-12T04:37:02.617+0000] {subprocess.py:106} INFO - 26/04/12 04:37:02 INFO FileOutputCommitter: FileOutputCommitter skip cleanup _temporary folders under output directory:false, ignore cleanup failures: false
[2026-04-12T04:37:02.618+0000] {subprocess.py:106} INFO - 26/04/12 04:37:02 INFO SQLHadoopMapReduceCommitProtocol: Using user defined output committer class org.apache.parquet.hadoop.ParquetOutputCommitter
[2026-04-12T04:37:02.618+0000] {subprocess.py:106} INFO - 26/04/12 04:37:02 INFO FileOutputCommitter: File Output Committer Algorithm version is 1
[2026-04-12T04:37:02.619+0000] {subprocess.py:106} INFO - 26/04/12 04:37:02 INFO FileOutputCommitter: FileOutputCommitter skip cleanup _temporary folders under output directory:false, ignore cleanup failures: false
[2026-04-12T04:37:02.620+0000] {subprocess.py:106} INFO - 26/04/12 04:37:02 INFO SQLHadoopMapReduceCommitProtocol: Using output committer class org.apache.parquet.hadoop.ParquetOutputCommitter
[2026-04-12T04:37:02.650+0000] {subprocess.py:106} INFO - 26/04/12 04:37:02 INFO CodeGenerator: Code generated in 18.077282 ms
[2026-04-12T04:37:02.668+0000] {subprocess.py:106} INFO - 26/04/12 04:37:02 INFO SparkContext: Starting job: start at NativeMethodAccessorImpl.java:0
[2026-04-12T04:37:02.669+0000] {subprocess.py:106} INFO - 26/04/12 04:37:02 INFO DAGScheduler: Got job 1 (start at NativeMethodAccessorImpl.java:0) with 3 output partitions
[2026-04-12T04:37:02.669+0000] {subprocess.py:106} INFO - 26/04/12 04:37:02 INFO DAGScheduler: Final stage: ResultStage 2 (start at NativeMethodAccessorImpl.java:0)
[2026-04-12T04:37:02.670+0000] {subprocess.py:106} INFO - 26/04/12 04:37:02 INFO DAGScheduler: Parents of final stage: List()
[2026-04-12T04:37:02.677+0000] {subprocess.py:106} INFO - 26/04/12 04:37:02 INFO DAGScheduler: Missing parents: List()
[2026-04-12T04:37:02.677+0000] {subprocess.py:106} INFO - 26/04/12 04:37:02 INFO DAGScheduler: Submitting ResultStage 2 (MapPartitionsRDD[16] at start at NativeMethodAccessorImpl.java:0), which has no missing parents
[2026-04-12T04:37:02.760+0000] {subprocess.py:106} INFO - 26/04/12 04:37:02 INFO MemoryStore: Block broadcast_2 stored as values in memory (estimated size 298.8 KiB, free 1048.5 MiB)
[2026-04-12T04:37:02.763+0000] {subprocess.py:106} INFO - 26/04/12 04:37:02 INFO MemoryStore: Block broadcast_2_piece0 stored as bytes in memory (estimated size 105.7 KiB, free 1048.4 MiB)
[2026-04-12T04:37:02.766+0000] {subprocess.py:106} INFO - 26/04/12 04:37:02 INFO SparkContext: Created broadcast 2 from broadcast at DAGScheduler.scala:1676
[2026-04-12T04:37:02.768+0000] {subprocess.py:106} INFO - 26/04/12 04:37:02 INFO DAGScheduler: Submitting 3 missing tasks from ResultStage 2 (MapPartitionsRDD[16] at start at NativeMethodAccessorImpl.java:0) (first 15 tasks are for partitions Vector(0, 1, 2))
[2026-04-12T04:37:02.769+0000] {subprocess.py:106} INFO - 26/04/12 04:37:02 INFO TaskSchedulerImpl: Adding task set 2.0 with 3 tasks resource profile 0
[2026-04-12T04:37:02.771+0000] {subprocess.py:106} INFO - 26/04/12 04:37:02 INFO TaskSetManager: Starting task 0.0 in stage 2.0 (TID 4) (spark-master,executor driver, partition 0, PROCESS_LOCAL, 13503 bytes)
[2026-04-12T04:37:02.774+0000] {subprocess.py:106} INFO - 26/04/12 04:37:02 INFO TaskSetManager: Starting task 1.0 in stage 2.0 (TID 5) (spark-master,executor driver, partition 1, PROCESS_LOCAL, 13503 bytes)
[2026-04-12T04:37:02.776+0000] {subprocess.py:106} INFO - 26/04/12 04:37:02 INFO TaskSetManager: Starting task 2.0 in stage 2.0 (TID 6) (spark-master,executor driver, partition 2, PROCESS_LOCAL, 13503 bytes)
[2026-04-12T04:37:02.778+0000] {subprocess.py:106} INFO - 26/04/12 04:37:02 INFO Executor: Running task 0.0 in stage 2.0 (TID 4)
[2026-04-12T04:37:02.781+0000] {subprocess.py:106} INFO - 26/04/12 04:37:02 INFO Executor: Running task 1.0 in stage 2.0 (TID 5)
[2026-04-12T04:37:02.782+0000] {subprocess.py:106} INFO - 26/04/12 04:37:02 INFO Executor: Running task 2.0 in stage 2.0 (TID 6)
[2026-04-12T04:37:02.917+0000] {subprocess.py:106} INFO - 26/04/12 04:37:02 INFO CodeGenerator: Code generated in 17.499433 ms
[2026-04-12T04:37:02.925+0000] {subprocess.py:106} INFO - 26/04/12 04:37:02 INFO KafkaBatchReaderFactory: Creating Kafka reader topicPartition=weather-topic-1 fromOffset=16} untilOffset=23, for query queryId=46e5ad83-a953-440f-bb1b-14366f27bcb7 batchId=1 taskId=5 partitionId=1
[2026-04-12T04:37:02.926+0000] {subprocess.py:106} INFO - 26/04/12 04:37:02 INFO KafkaBatchReaderFactory: Creating Kafka reader topicPartition=weather-topic-2 fromOffset=13} untilOffset=22, for query queryId=46e5ad83-a953-440f-bb1b-14366f27bcb7 batchId=1 taskId=6 partitionId=2
[2026-04-12T04:37:02.927+0000] {subprocess.py:106} INFO - 26/04/12 04:37:02 INFO KafkaBatchReaderFactory: Creating Kafka reader topicPartition=weather-topic-0 fromOffset=11} untilOffset=15, for query queryId=46e5ad83-a953-440f-bb1b-14366f27bcb7 batchId=1 taskId=4 partitionId=0
[2026-04-12T04:37:02.935+0000] {subprocess.py:106} INFO - 26/04/12 04:37:02 INFO ClassicKafkaConsumer: [Consumer clientId=consumer-spark-kafka-source-6439718c-16c0-4453-8572-63b5f9a931ad--983882313-executor-2, groupId=spark-kafka-source-6439718c-16c0-4453-8572-63b5f9a931ad--983882313-executor] Seeking to offset 11 for partition weather-topic-0
[2026-04-12T04:37:02.936+0000] {subprocess.py:106} INFO - 26/04/12 04:37:02 INFO ClassicKafkaConsumer: [Consumer clientId=consumer-spark-kafka-source-6439718c-16c0-4453-8572-63b5f9a931ad--983882313-executor-1, groupId=spark-kafka-source-6439718c-16c0-4453-8572-63b5f9a931ad--983882313-executor] Seeking to offset 16 for partition weather-topic-1
[2026-04-12T04:37:02.937+0000] {subprocess.py:106} INFO - 26/04/12 04:37:02 INFO ClassicKafkaConsumer: [Consumer clientId=consumer-spark-kafka-source-6439718c-16c0-4453-8572-63b5f9a931ad--983882313-executor-3, groupId=spark-kafka-source-6439718c-16c0-4453-8572-63b5f9a931ad--983882313-executor] Seeking to offset 13 for partition weather-topic-2
[2026-04-12T04:37:02.941+0000] {subprocess.py:106} INFO - 26/04/12 04:37:02 INFO SubscriptionState: [Consumer clientId=consumer-spark-kafka-source-6439718c-16c0-4453-8572-63b5f9a931ad--983882313-executor-1, groupId=spark-kafka-source-6439718c-16c0-4453-8572-63b5f9a931ad--983882313-executor] Seeking to earliest offset of partition weather-topic-1
[2026-04-12T04:37:02.942+0000] {subprocess.py:106} INFO - 26/04/12 04:37:02 INFO SubscriptionState: [Consumer clientId=consumer-spark-kafka-source-6439718c-16c0-4453-8572-63b5f9a931ad--983882313-executor-2, groupId=spark-kafka-source-6439718c-16c0-4453-8572-63b5f9a931ad--983882313-executor] Seeking to earliest offset of partition weather-topic-0
[2026-04-12T04:37:02.943+0000] {subprocess.py:106} INFO - 26/04/12 04:37:02 INFO SubscriptionState: [Consumer clientId=consumer-spark-kafka-source-6439718c-16c0-4453-8572-63b5f9a931ad--983882313-executor-3, groupId=spark-kafka-source-6439718c-16c0-4453-8572-63b5f9a931ad--983882313-executor] Seeking to earliest offset of partition weather-topic-2
[2026-04-12T04:37:03.445+0000] {subprocess.py:106} INFO - 26/04/12 04:37:03 INFO SubscriptionState: [Consumer clientId=consumer-spark-kafka-source-6439718c-16c0-4453-8572-63b5f9a931ad--983882313-executor-1, groupId=spark-kafka-source-6439718c-16c0-4453-8572-63b5f9a931ad--983882313-executor] Resetting offset for partition weather-topic-1 to position FetchPosition{offset=0, offsetEpoch=Optional.empty, currentLeader=LeaderAndEpoch{leader=Optional[kafka:9092 (id: 1 rack: null)], epoch=0}}.
[2026-04-12T04:37:03.447+0000] {subprocess.py:106} INFO - 26/04/12 04:37:03 INFO SubscriptionState: [Consumer clientId=consumer-spark-kafka-source-6439718c-16c0-4453-8572-63b5f9a931ad--983882313-executor-1, groupId=spark-kafka-source-6439718c-16c0-4453-8572-63b5f9a931ad--983882313-executor] Seeking to latest offset of partition weather-topic-1
[2026-04-12T04:37:03.448+0000] {subprocess.py:106} INFO - 26/04/12 04:37:03 INFO SubscriptionState: [Consumer clientId=consumer-spark-kafka-source-6439718c-16c0-4453-8572-63b5f9a931ad--983882313-executor-2, groupId=spark-kafka-source-6439718c-16c0-4453-8572-63b5f9a931ad--983882313-executor] Resetting offset for partition weather-topic-0 to position FetchPosition{offset=0, offsetEpoch=Optional.empty, currentLeader=LeaderAndEpoch{leader=Optional[kafka:9092 (id: 1 rack: null)], epoch=0}}.
[2026-04-12T04:37:03.448+0000] {subprocess.py:106} INFO - 26/04/12 04:37:03 INFO SubscriptionState: [Consumer clientId=consumer-spark-kafka-source-6439718c-16c0-4453-8572-63b5f9a931ad--983882313-executor-2, groupId=spark-kafka-source-6439718c-16c0-4453-8572-63b5f9a931ad--983882313-executor] Seeking to latest offset of partition weather-topic-0
[2026-04-12T04:37:03.451+0000] {subprocess.py:106} INFO - 26/04/12 04:37:03 INFO SubscriptionState: [Consumer clientId=consumer-spark-kafka-source-6439718c-16c0-4453-8572-63b5f9a931ad--983882313-executor-3, groupId=spark-kafka-source-6439718c-16c0-4453-8572-63b5f9a931ad--983882313-executor] Resetting offset for partition weather-topic-2 to position FetchPosition{offset=0, offsetEpoch=Optional.empty, currentLeader=LeaderAndEpoch{leader=Optional[kafka:9092 (id: 1 rack: null)], epoch=0}}.
[2026-04-12T04:37:03.452+0000] {subprocess.py:106} INFO - 26/04/12 04:37:03 INFO SubscriptionState: [Consumer clientId=consumer-spark-kafka-source-6439718c-16c0-4453-8572-63b5f9a931ad--983882313-executor-1, groupId=spark-kafka-source-6439718c-16c0-4453-8572-63b5f9a931ad--983882313-executor] Resetting offset for partition weather-topic-1 to position FetchPosition{offset=44, offsetEpoch=Optional.empty, currentLeader=LeaderAndEpoch{leader=Optional[kafka:9092 (id: 1 rack: null)], epoch=0}}.
[2026-04-12T04:37:03.452+0000] {subprocess.py:106} INFO - 26/04/12 04:37:03 INFO SubscriptionState: [Consumer clientId=consumer-spark-kafka-source-6439718c-16c0-4453-8572-63b5f9a931ad--983882313-executor-3, groupId=spark-kafka-source-6439718c-16c0-4453-8572-63b5f9a931ad--983882313-executor] Seeking to latest offset of partition weather-topic-2
[2026-04-12T04:37:03.453+0000] {subprocess.py:106} INFO - 26/04/12 04:37:03 INFO SubscriptionState: [Consumer clientId=consumer-spark-kafka-source-6439718c-16c0-4453-8572-63b5f9a931ad--983882313-executor-2, groupId=spark-kafka-source-6439718c-16c0-4453-8572-63b5f9a931ad--983882313-executor] Resetting offset for partition weather-topic-0 to position FetchPosition{offset=28, offsetEpoch=Optional.empty, currentLeader=LeaderAndEpoch{leader=Optional[kafka:9092 (id: 1 rack: null)], epoch=0}}.
[2026-04-12T04:37:03.453+0000] {subprocess.py:106} INFO - 26/04/12 04:37:03 INFO SubscriptionState: [Consumer clientId=consumer-spark-kafka-source-6439718c-16c0-4453-8572-63b5f9a931ad--983882313-executor-3, groupId=spark-kafka-source-6439718c-16c0-4453-8572-63b5f9a931ad--983882313-executor] Resetting offset for partition weather-topic-2 to position FetchPosition{offset=28, offsetEpoch=Optional.empty, currentLeader=LeaderAndEpoch{leader=Optional[kafka:9092 (id: 1 rack: null)], epoch=0}}.
[2026-04-12T04:37:03.495+0000] {subprocess.py:106} INFO - 26/04/12 04:37:03 INFO MemoryStore: Block rdd_12_2 stored as values in memory (estimated size 4.3 KiB, free 1048.4 MiB)
[2026-04-12T04:37:03.496+0000] {subprocess.py:106} INFO - 26/04/12 04:37:03 INFO MemoryStore: Block rdd_12_0 stored as values in memory (estimated size 3.5 KiB, free 1048.4 MiB)
[2026-04-12T04:37:03.497+0000] {subprocess.py:106} INFO - 26/04/12 04:37:03 INFO MemoryStore: Block rdd_12_1 stored as values in memory (estimated size 4.0 KiB, free 1048.4 MiB)
[2026-04-12T04:37:03.513+0000] {subprocess.py:106} INFO - 26/04/12 04:37:03 INFO CodeGenerator: Code generated in 5.505212 ms
[2026-04-12T04:37:03.565+0000] {subprocess.py:106} INFO - 26/04/12 04:37:03 INFO CodeGenerator: Code generated in 35.001622 ms
[2026-04-12T04:37:03.571+0000] {subprocess.py:106} INFO - 26/04/12 04:37:03 INFO FileOutputCommitter: File Output Committer Algorithm version is 1
[2026-04-12T04:37:03.572+0000] {subprocess.py:106} INFO - 26/04/12 04:37:03 INFO FileOutputCommitter: FileOutputCommitter skip cleanup _temporary folders under output directory:false, ignore cleanup failures: false
[2026-04-12T04:37:03.573+0000] {subprocess.py:106} INFO - 26/04/12 04:37:03 INFO FileOutputCommitter: File Output Committer Algorithm version is 1
[2026-04-12T04:37:03.574+0000] {subprocess.py:106} INFO - 26/04/12 04:37:03 INFO FileOutputCommitter: File Output Committer Algorithm version is 1
[2026-04-12T04:37:03.574+0000] {subprocess.py:106} INFO - 26/04/12 04:37:03 INFO FileOutputCommitter: FileOutputCommitter skip cleanup _temporary folders under output directory:false, ignore cleanup failures: false
[2026-04-12T04:37:03.575+0000] {subprocess.py:106} INFO - 26/04/12 04:37:03 INFO FileOutputCommitter: FileOutputCommitter skip cleanup _temporary folders under output directory:false, ignore cleanup failures: false
[2026-04-12T04:37:03.576+0000] {subprocess.py:106} INFO - 26/04/12 04:37:03 INFO SQLHadoopMapReduceCommitProtocol: Using user defined output committer class org.apache.parquet.hadoop.ParquetOutputCommitter
[2026-04-12T04:37:03.576+0000] {subprocess.py:106} INFO - 26/04/12 04:37:03 INFO FileOutputCommitter: File Output Committer Algorithm version is 1
[2026-04-12T04:37:03.577+0000] {subprocess.py:106} INFO - 26/04/12 04:37:03 INFO FileOutputCommitter: FileOutputCommitter skip cleanup _temporary folders under output directory:false, ignore cleanup failures: false
[2026-04-12T04:37:03.578+0000] {subprocess.py:106} INFO - 26/04/12 04:37:03 INFO SQLHadoopMapReduceCommitProtocol: Using user defined output committer class org.apache.parquet.hadoop.ParquetOutputCommitter
[2026-04-12T04:37:03.578+0000] {subprocess.py:106} INFO - 26/04/12 04:37:03 INFO FileOutputCommitter: File Output Committer Algorithm version is 1
[2026-04-12T04:37:03.579+0000] {subprocess.py:106} INFO - 26/04/12 04:37:03 INFO FileOutputCommitter: FileOutputCommitter skip cleanup _temporary folders under output directory:false, ignore cleanup failures: false
[2026-04-12T04:37:03.579+0000] {subprocess.py:106} INFO - 26/04/12 04:37:03 INFO SQLHadoopMapReduceCommitProtocol: Using output committer class org.apache.parquet.hadoop.ParquetOutputCommitter
[2026-04-12T04:37:03.580+0000] {subprocess.py:106} INFO - 26/04/12 04:37:03 INFO SQLHadoopMapReduceCommitProtocol: Using output committer class org.apache.parquet.hadoop.ParquetOutputCommitter
[2026-04-12T04:37:03.580+0000] {subprocess.py:106} INFO - 26/04/12 04:37:03 INFO SQLHadoopMapReduceCommitProtocol: Using user defined output committer class org.apache.parquet.hadoop.ParquetOutputCommitter
[2026-04-12T04:37:03.581+0000] {subprocess.py:106} INFO - 26/04/12 04:37:03 INFO FileOutputCommitter: File Output Committer Algorithm version is 1
[2026-04-12T04:37:03.582+0000] {subprocess.py:106} INFO - 26/04/12 04:37:03 INFO FileOutputCommitter: FileOutputCommitter skip cleanup _temporary folders under output directory:false, ignore cleanup failures: false
[2026-04-12T04:37:03.583+0000] {subprocess.py:106} INFO - 26/04/12 04:37:03 INFO SQLHadoopMapReduceCommitProtocol: Using output committer class org.apache.parquet.hadoop.ParquetOutputCommitter
[2026-04-12T04:37:03.583+0000] {subprocess.py:106} INFO - 26/04/12 04:37:03 INFO CodecConfig: Compression: SNAPPY
[2026-04-12T04:37:03.584+0000] {subprocess.py:106} INFO - 26/04/12 04:37:03 INFO CodecConfig: Compression: SNAPPY
[2026-04-12T04:37:03.585+0000] {subprocess.py:106} INFO - 26/04/12 04:37:03 INFO CodecConfig: Compression: SNAPPY
[2026-04-12T04:37:03.586+0000] {subprocess.py:106} INFO - 26/04/12 04:37:03 INFO CodecConfig: Compression: SNAPPY
[2026-04-12T04:37:03.586+0000] {subprocess.py:106} INFO - 26/04/12 04:37:03 INFO CodecConfig: Compression: SNAPPY
[2026-04-12T04:37:03.587+0000] {subprocess.py:106} INFO - 26/04/12 04:37:03 INFO CodecConfig: Compression: SNAPPY
[2026-04-12T04:37:03.613+0000] {subprocess.py:106} INFO - 26/04/12 04:37:03 INFO ParquetOutputFormat: ParquetRecordWriter [block size: 134217728b, row group padding size: 8388608b, validating: false]
[2026-04-12T04:37:03.614+0000] {subprocess.py:106} INFO - 26/04/12 04:37:03 INFO ParquetOutputFormat: ParquetRecordWriter [block size: 134217728b, row group padding size: 8388608b, validating: false]
[2026-04-12T04:37:03.614+0000] {subprocess.py:106} INFO - 26/04/12 04:37:03 INFO ParquetOutputFormat: ParquetRecordWriter [block size: 134217728b, row group padding size: 8388608b, validating: false]
[2026-04-12T04:37:03.705+0000] {subprocess.py:106} INFO - 26/04/12 04:37:03 INFO CodecPool: Got brand-new compressor [.snappy]
[2026-04-12T04:37:03.706+0000] {subprocess.py:106} INFO - 26/04/12 04:37:03 INFO CodecPool: Got brand-new compressor [.snappy]
[2026-04-12T04:37:03.706+0000] {subprocess.py:106} INFO - 26/04/12 04:37:03 INFO CodecPool: Got brand-new compressor [.snappy]
[2026-04-12T04:37:04.475+0000] {subprocess.py:106} INFO - 26/04/12 04:37:04 INFO FileOutputCommitter: Saved output of task 'attempt_202604120437025115472595273163190_0002_m_000002_6' to hdfs://23133083thuyvan-master:9000/user/hive/lakehouse/bronze/raw_api/_temporary/0/task_202604120437025115472595273163190_0002_m_000002
[2026-04-12T04:37:04.476+0000] {subprocess.py:106} INFO - 26/04/12 04:37:04 INFO FileOutputCommitter: Saved output of task 'attempt_202604120437025115472595273163190_0002_m_000001_5' to hdfs://23133083thuyvan-master:9000/user/hive/lakehouse/bronze/raw_api/_temporary/0/task_202604120437025115472595273163190_0002_m_000001
[2026-04-12T04:37:04.477+0000] {subprocess.py:106} INFO - 26/04/12 04:37:04 INFO FileOutputCommitter: Saved output of task 'attempt_202604120437025115472595273163190_0002_m_000000_4' to hdfs://23133083thuyvan-master:9000/user/hive/lakehouse/bronze/raw_api/_temporary/0/task_202604120437025115472595273163190_0002_m_000000
[2026-04-12T04:37:04.477+0000] {subprocess.py:106} INFO - 26/04/12 04:37:04 INFO SparkHadoopMapRedUtil: attempt_202604120437025115472595273163190_0002_m_000001_5: Committed. Elapsed time: 11 ms.
[2026-04-12T04:37:04.478+0000] {subprocess.py:106} INFO - 26/04/12 04:37:04 INFO SparkHadoopMapRedUtil: attempt_202604120437025115472595273163190_0002_m_000002_6: Committed. Elapsed time: 11 ms.
[2026-04-12T04:37:04.479+0000] {subprocess.py:106} INFO - 26/04/12 04:37:04 INFO SparkHadoopMapRedUtil: attempt_202604120437025115472595273163190_0002_m_000000_4: Committed. Elapsed time: 11 ms.
[2026-04-12T04:37:04.479+0000] {subprocess.py:106} INFO - 26/04/12 04:37:04 INFO KafkaDataConsumer: From Kafka topicPartition=weather-topic-0 groupId=spark-kafka-source-6439718c-16c0-4453-8572-63b5f9a931ad--983882313-executor read 4 records through 1 polls (polled out 17 records), taking 513.985587 ms, during time span of 1544.114707 ms.
[2026-04-12T04:37:04.480+0000] {subprocess.py:106} INFO - 26/04/12 04:37:04 INFO KafkaDataConsumer: From Kafka topicPartition=weather-topic-2 groupId=spark-kafka-source-6439718c-16c0-4453-8572-63b5f9a931ad--983882313-executor read 9 records through 1 polls (polled out 15 records), taking 515.49983 ms, during time span of 1543.567717 ms.
[2026-04-12T04:37:04.480+0000] {subprocess.py:106} INFO - 26/04/12 04:37:04 INFO KafkaDataConsumer: From Kafka topicPartition=weather-topic-1 groupId=spark-kafka-source-6439718c-16c0-4453-8572-63b5f9a931ad--983882313-executor read 7 records through 1 polls (polled out 28 records), taking 512.277595 ms, during time span of 1543.742482 ms.
[2026-04-12T04:37:04.485+0000] {subprocess.py:106} INFO - 26/04/12 04:37:04 INFO Executor: Finished task 1.0 in stage 2.0 (TID 5). 3367 bytes result sent to driver
[2026-04-12T04:37:04.485+0000] {subprocess.py:106} INFO - 26/04/12 04:37:04 INFO Executor: Finished task 0.0 in stage 2.0 (TID 4). 3367 bytes result sent to driver
[2026-04-12T04:37:04.486+0000] {subprocess.py:106} INFO - 26/04/12 04:37:04 INFO Executor: Finished task 2.0 in stage 2.0 (TID 6). 3367 bytes result sent to driver
[2026-04-12T04:37:04.487+0000] {subprocess.py:106} INFO - 26/04/12 04:37:04 INFO TaskSetManager: Finished task 1.0 in stage 2.0 (TID 5) in 1715 ms on spark-master (executor driver) (1/3)
[2026-04-12T04:37:04.488+0000] {subprocess.py:106} INFO - 26/04/12 04:37:04 INFO TaskSetManager: Finished task 2.0 in stage 2.0 (TID 6) in 1712 ms on spark-master (executor driver) (2/3)
[2026-04-12T04:37:04.488+0000] {subprocess.py:106} INFO - 26/04/12 04:37:04 INFO TaskSetManager: Finished task 0.0 in stage 2.0 (TID 4) in 1718 ms on spark-master (executor driver) (3/3)
[2026-04-12T04:37:04.493+0000] {subprocess.py:106} INFO - 26/04/12 04:37:04 INFO TaskSchedulerImpl: Removed TaskSet 2.0 whose tasks have all completed, from pool
[2026-04-12T04:37:04.494+0000] {subprocess.py:106} INFO - 26/04/12 04:37:04 INFO DAGScheduler: ResultStage 2 (start at NativeMethodAccessorImpl.java:0) finished in 1815 ms
[2026-04-12T04:37:04.494+0000] {subprocess.py:106} INFO - 26/04/12 04:37:04 INFO DAGScheduler: Job 1 is finished. Cancelling potential speculative or zombie tasks for this job
[2026-04-12T04:37:04.494+0000] {subprocess.py:106} INFO - 26/04/12 04:37:04 INFO TaskSchedulerImpl: Canceling stage 2
[2026-04-12T04:37:04.496+0000] {subprocess.py:106} INFO - 26/04/12 04:37:04 INFO TaskSchedulerImpl: Killing all running tasks in stage 2: Stage finished
[2026-04-12T04:37:04.496+0000] {subprocess.py:106} INFO - 26/04/12 04:37:04 INFO DAGScheduler: Job 1 finished: start at NativeMethodAccessorImpl.java:0, took 1822.571654 ms
[2026-04-12T04:37:04.497+0000] {subprocess.py:106} INFO - 26/04/12 04:37:04 INFO FileFormatWriter: Start to commit write Job 7de7fc97-374a-4da7-8492-4d6fb3a2b859.
[2026-04-12T04:37:04.542+0000] {subprocess.py:106} INFO - 26/04/12 04:37:04 INFO FileFormatWriter: Write Job 7de7fc97-374a-4da7-8492-4d6fb3a2b859 committed. Elapsed time: 49 ms.
[2026-04-12T04:37:04.546+0000] {subprocess.py:106} INFO - 26/04/12 04:37:04 INFO FileFormatWriter: Finished processing stats for write job 7de7fc97-374a-4da7-8492-4d6fb3a2b859.
[2026-04-12T04:37:04.749+0000] {subprocess.py:106} INFO - 26/04/12 04:37:04 INFO CatalogUtil: Loading custom FileIO implementation: org.apache.iceberg.hadoop.HadoopFileIO
[2026-04-12T04:37:04.779+0000] {subprocess.py:106} INFO - 26/04/12 04:37:04 INFO BaseMetastoreTableOperations: Refreshing table metadata from new version: hdfs://23133083thuyvan-master:9000/user/hive/lakehouse/air_quality_db.db/air_quality_silver/metadata/00000-bd5a2971-fd67-45ed-b96f-546c2d057b23.metadata.json
[2026-04-12T04:37:04.787+0000] {subprocess.py:106} INFO - 26/04/12 04:37:04 INFO BaseMetastoreCatalog: Table loaded by catalog: iceberg.air_quality_db.air_quality_silver
[2026-04-12T04:37:04.902+0000] {subprocess.py:106} INFO - 26/04/12 04:37:04 ERROR MicroBatchExecution: Query [id = 46e5ad83-a953-440f-bb1b-14366f27bcb7, runId = 1a99c78a-e1c7-4f47-9c3c-af21f890db9a] terminated with error
[2026-04-12T04:37:04.903+0000] {subprocess.py:106} INFO - org.apache.spark.sql.execution.streaming.sources.ForeachBatchUserFuncException: [FOREACH_BATCH_USER_FUNCTION_ERROR] An error occurred in the user provided function in foreach batch sink. Reason: An exception was raised by the Python Proxy. Return Message: Traceback (most recent call last):
[2026-04-12T04:37:04.904+0000] {subprocess.py:106} INFO -   File "/home/spark/spark/python/lib/py4j-0.10.9.9-src.zip/py4j/clientserver.py", line 644, in _call_proxy
[2026-04-12T04:37:04.904+0000] {subprocess.py:106} INFO -     return_value = getattr(self.pool[obj_id], method)(*params)
[2026-04-12T04:37:04.905+0000] {subprocess.py:106} INFO -   File "/home/spark/spark/python/lib/pyspark.zip/pyspark/sql/utils.py", line 165, in call
[2026-04-12T04:37:04.905+0000] {subprocess.py:106} INFO -     raise e
[2026-04-12T04:37:04.906+0000] {subprocess.py:106} INFO -   File "/home/spark/spark/python/lib/pyspark.zip/pyspark/sql/utils.py", line 162, in call
[2026-04-12T04:37:04.906+0000] {subprocess.py:106} INFO -     self.func(DataFrame(jdf, wrapped_session_jdf), batch_id)
[2026-04-12T04:37:04.907+0000] {subprocess.py:106} INFO -   File "/home/spark/spark/spark_jobs/weather_streaming.py", line 138, in write_to_bronze_and_silver
[2026-04-12T04:37:04.907+0000] {subprocess.py:106} INFO -     .save("iceberg.air_quality_db.air_quality_silver")
[2026-04-12T04:37:04.907+0000] {subprocess.py:106} INFO -   File "/home/spark/spark/python/lib/pyspark.zip/pyspark/sql/readwriter.py", line 1745, in save
[2026-04-12T04:37:04.908+0000] {subprocess.py:106} INFO -     self._jwrite.save(path)
[2026-04-12T04:37:04.908+0000] {subprocess.py:106} INFO -   File "/home/spark/spark/python/lib/py4j-0.10.9.9-src.zip/py4j/java_gateway.py", line 1362, in __call__
[2026-04-12T04:37:04.909+0000] {subprocess.py:106} INFO -     return_value = get_return_value(
[2026-04-12T04:37:04.909+0000] {subprocess.py:106} INFO -   File "/home/spark/spark/python/lib/pyspark.zip/pyspark/errors/exceptions/captured.py", line 288, in deco
[2026-04-12T04:37:04.909+0000] {subprocess.py:106} INFO -     raise converted from None
[2026-04-12T04:37:04.910+0000] {subprocess.py:106} INFO - pyspark.errors.exceptions.captured.AnalysisException: [INCOMPATIBLE_DATA_FOR_TABLE.CANNOT_FIND_DATA] Cannot write incompatible data for the table `iceberg`.`air_quality_db`.`air_quality_silver`: Cannot find data for the output column `us_aqi_index`. SQLSTATE: KD000
[2026-04-12T04:37:04.910+0000] {subprocess.py:106} INFO -  SQLSTATE: 39000
[2026-04-12T04:37:04.911+0000] {subprocess.py:106} INFO - 	at org.apache.spark.sql.execution.streaming.sources.ForeachBatchSink.callBatchWriter(ForeachBatchSink.scala:60)
[2026-04-12T04:37:04.911+0000] {subprocess.py:106} INFO - 	at org.apache.spark.sql.execution.streaming.sources.ForeachBatchSink.addBatch(ForeachBatchSink.scala:49)
[2026-04-12T04:37:04.911+0000] {subprocess.py:106} INFO - 	at org.apache.spark.sql.execution.streaming.MicroBatchExecution.$anonfun$runBatch$17(MicroBatchExecution.scala:889)
[2026-04-12T04:37:04.912+0000] {subprocess.py:106} INFO - 	at org.apache.spark.sql.execution.SQLExecution$.$anonfun$withNewExecutionId0$8(SQLExecution.scala:163)
[2026-04-12T04:37:04.912+0000] {subprocess.py:106} INFO - 	at org.apache.spark.sql.execution.SQLExecution$.withSessionTagsApplied(SQLExecution.scala:272)
[2026-04-12T04:37:04.913+0000] {subprocess.py:106} INFO - 	at org.apache.spark.sql.execution.SQLExecution$.$anonfun$withNewExecutionId0$7(SQLExecution.scala:125)
[2026-04-12T04:37:04.913+0000] {subprocess.py:106} INFO - 	at org.apache.spark.JobArtifactSet$.withActiveJobArtifactState(JobArtifactSet.scala:94)
[2026-04-12T04:37:04.914+0000] {subprocess.py:106} INFO - 	at org.apache.spark.sql.artifact.ArtifactManager.$anonfun$withResources$1(ArtifactManager.scala:112)
[2026-04-12T04:37:04.914+0000] {subprocess.py:106} INFO - 	at org.apache.spark.sql.artifact.ArtifactManager.withClassLoaderIfNeeded(ArtifactManager.scala:106)
[2026-04-12T04:37:04.915+0000] {subprocess.py:106} INFO - 	at org.apache.spark.sql.artifact.ArtifactManager.withResources(ArtifactManager.scala:111)
[2026-04-12T04:37:04.915+0000] {subprocess.py:106} INFO - 	at org.apache.spark.sql.execution.SQLExecution$.$anonfun$withNewExecutionId0$6(SQLExecution.scala:125)
[2026-04-12T04:37:04.916+0000] {subprocess.py:106} INFO - 	at org.apache.spark.sql.execution.SQLExecution$.withSQLConfPropagated(SQLExecution.scala:295)
[2026-04-12T04:37:04.916+0000] {subprocess.py:106} INFO - 	at org.apache.spark.sql.execution.SQLExecution$.$anonfun$withNewExecutionId0$1(SQLExecution.scala:124)
[2026-04-12T04:37:04.917+0000] {subprocess.py:106} INFO - 	at org.apache.spark.sql.SparkSession.withActive(SparkSession.scala:804)
[2026-04-12T04:37:04.917+0000] {subprocess.py:106} INFO - 	at org.apache.spark.sql.execution.SQLExecution$.withNewExecutionId0(SQLExecution.scala:78)
[2026-04-12T04:37:04.918+0000] {subprocess.py:106} INFO - 	at org.apache.spark.sql.execution.SQLExecution$.withNewExecutionId(SQLExecution.scala:237)
[2026-04-12T04:37:04.918+0000] {subprocess.py:106} INFO - 	at org.apache.spark.sql.execution.streaming.MicroBatchExecution.$anonfun$runBatch$16(MicroBatchExecution.scala:886)
[2026-04-12T04:37:04.919+0000] {subprocess.py:106} INFO - 	at org.apache.spark.sql.execution.streaming.ProgressContext.reportTimeTaken(ProgressReporter.scala:186)
[2026-04-12T04:37:04.919+0000] {subprocess.py:106} INFO - 	at org.apache.spark.sql.execution.streaming.MicroBatchExecution.runBatch(MicroBatchExecution.scala:886)
[2026-04-12T04:37:04.920+0000] {subprocess.py:106} INFO - 	at org.apache.spark.sql.execution.streaming.MicroBatchExecution.$anonfun$executeOneBatch$2(MicroBatchExecution.scala:394)
[2026-04-12T04:37:04.920+0000] {subprocess.py:106} INFO - 	at scala.runtime.java8.JFunction0$mcV$sp.apply(JFunction0$mcV$sp.scala:18)
[2026-04-12T04:37:04.921+0000] {subprocess.py:106} INFO - 	at org.apache.spark.sql.execution.streaming.ProgressContext.reportTimeTaken(ProgressReporter.scala:186)
[2026-04-12T04:37:04.921+0000] {subprocess.py:106} INFO - 	at org.apache.spark.sql.execution.streaming.MicroBatchExecution.executeOneBatch(MicroBatchExecution.scala:364)
[2026-04-12T04:37:04.922+0000] {subprocess.py:106} INFO - 	at org.apache.spark.sql.execution.streaming.MicroBatchExecution.$anonfun$runActivatedStream$1(MicroBatchExecution.scala:344)
[2026-04-12T04:37:04.922+0000] {subprocess.py:106} INFO - 	at org.apache.spark.sql.execution.streaming.MicroBatchExecution.$anonfun$runActivatedStream$1$adapted(MicroBatchExecution.scala:344)
[2026-04-12T04:37:04.923+0000] {subprocess.py:106} INFO - 	at org.apache.spark.sql.execution.streaming.TriggerExecutor.runOneBatch(TriggerExecutor.scala:39)
[2026-04-12T04:37:04.923+0000] {subprocess.py:106} INFO - 	at org.apache.spark.sql.execution.streaming.TriggerExecutor.runOneBatch$(TriggerExecutor.scala:37)
[2026-04-12T04:37:04.924+0000] {subprocess.py:106} INFO - 	at org.apache.spark.sql.execution.streaming.ProcessingTimeExecutor.runOneBatch(TriggerExecutor.scala:70)
[2026-04-12T04:37:04.924+0000] {subprocess.py:106} INFO - 	at org.apache.spark.sql.execution.streaming.ProcessingTimeExecutor.execute(TriggerExecutor.scala:82)
[2026-04-12T04:37:04.925+0000] {subprocess.py:106} INFO - 	at org.apache.spark.sql.execution.streaming.MicroBatchExecution.runActivatedStream(MicroBatchExecution.scala:344)
[2026-04-12T04:37:04.925+0000] {subprocess.py:106} INFO - 	at org.apache.spark.sql.execution.streaming.StreamExecution.$anonfun$runStream$1(StreamExecution.scala:337)
[2026-04-12T04:37:04.926+0000] {subprocess.py:106} INFO - 	at scala.runtime.java8.JFunction0$mcV$sp.apply(JFunction0$mcV$sp.scala:18)
[2026-04-12T04:37:04.926+0000] {subprocess.py:106} INFO - 	at org.apache.spark.sql.SparkSession.withActive(SparkSession.scala:804)
[2026-04-12T04:37:04.927+0000] {subprocess.py:106} INFO - 	at org.apache.spark.sql.execution.streaming.StreamExecution.org$apache$spark$sql$execution$streaming$StreamExecution$$runStream(StreamExecution.scala:311)
[2026-04-12T04:37:04.928+0000] {subprocess.py:106} INFO - 	at org.apache.spark.sql.execution.streaming.StreamExecution$$anon$1.run(StreamExecution.scala:226)
[2026-04-12T04:37:04.928+0000] {subprocess.py:106} INFO - Caused by: py4j.Py4JException: An exception was raised by the Python Proxy. Return Message: Traceback (most recent call last):
[2026-04-12T04:37:04.929+0000] {subprocess.py:106} INFO -   File "/home/spark/spark/python/lib/py4j-0.10.9.9-src.zip/py4j/clientserver.py", line 644, in _call_proxy
[2026-04-12T04:37:04.929+0000] {subprocess.py:106} INFO -     return_value = getattr(self.pool[obj_id], method)(*params)
[2026-04-12T04:37:04.930+0000] {subprocess.py:106} INFO -   File "/home/spark/spark/python/lib/pyspark.zip/pyspark/sql/utils.py", line 165, in call
[2026-04-12T04:37:04.937+0000] {subprocess.py:106} INFO -     raise e
[2026-04-12T04:37:04.948+0000] {subprocess.py:106} INFO -   File "/home/spark/spark/python/lib/pyspark.zip/pyspark/sql/utils.py", line 162, in call
[2026-04-12T04:37:04.951+0000] {subprocess.py:106} INFO -     self.func(DataFrame(jdf, wrapped_session_jdf), batch_id)
[2026-04-12T04:37:04.952+0000] {subprocess.py:106} INFO -   File "/home/spark/spark/spark_jobs/weather_streaming.py", line 138, in write_to_bronze_and_silver
[2026-04-12T04:37:04.953+0000] {subprocess.py:106} INFO -     .save("iceberg.air_quality_db.air_quality_silver")
[2026-04-12T04:37:04.953+0000] {subprocess.py:106} INFO -   File "/home/spark/spark/python/lib/pyspark.zip/pyspark/sql/readwriter.py", line 1745, in save
[2026-04-12T04:37:04.954+0000] {subprocess.py:106} INFO -     self._jwrite.save(path)
[2026-04-12T04:37:04.954+0000] {subprocess.py:106} INFO -   File "/home/spark/spark/python/lib/py4j-0.10.9.9-src.zip/py4j/java_gateway.py", line 1362, in __call__
[2026-04-12T04:37:04.954+0000] {subprocess.py:106} INFO -     return_value = get_return_value(
[2026-04-12T04:37:04.955+0000] {subprocess.py:106} INFO -   File "/home/spark/spark/python/lib/pyspark.zip/pyspark/errors/exceptions/captured.py", line 288, in deco
[2026-04-12T04:37:04.955+0000] {subprocess.py:106} INFO -     raise converted from None
[2026-04-12T04:37:04.956+0000] {subprocess.py:106} INFO - pyspark.errors.exceptions.captured.AnalysisException: [INCOMPATIBLE_DATA_FOR_TABLE.CANNOT_FIND_DATA] Cannot write incompatible data for the table `iceberg`.`air_quality_db`.`air_quality_silver`: Cannot find data for the output column `us_aqi_index`. SQLSTATE: KD000
[2026-04-12T04:37:04.958+0000] {subprocess.py:106} INFO - 
[2026-04-12T04:37:04.958+0000] {subprocess.py:106} INFO - 	at py4j.Protocol.getReturnValue(Protocol.java:476)
[2026-04-12T04:37:04.960+0000] {subprocess.py:106} INFO - 	at py4j.reflection.PythonProxyHandler.invoke(PythonProxyHandler.java:108)
[2026-04-12T04:37:04.962+0000] {subprocess.py:106} INFO - 	at jdk.proxy3/jdk.proxy3.$Proxy49.call(Unknown Source)
[2026-04-12T04:37:04.962+0000] {subprocess.py:106} INFO - 	at org.apache.spark.sql.execution.streaming.sources.PythonForeachBatchHelper$.$anonfun$callForeachBatch$1(ForeachBatchSink.scala:87)
[2026-04-12T04:37:04.963+0000] {subprocess.py:106} INFO - 	at org.apache.spark.sql.execution.streaming.sources.PythonForeachBatchHelper$.$anonfun$callForeachBatch$1$adapted(ForeachBatchSink.scala:87)
[2026-04-12T04:37:04.963+0000] {subprocess.py:106} INFO - 	at org.apache.spark.sql.execution.streaming.sources.ForeachBatchSink.callBatchWriter(ForeachBatchSink.scala:56)
[2026-04-12T04:37:04.964+0000] {subprocess.py:106} INFO - 	... 34 more
[2026-04-12T04:37:04.964+0000] {subprocess.py:106} INFO - 26/04/12 04:37:04 INFO MicroBatchExecution: Async log purge executor pool for query [id = 46e5ad83-a953-440f-bb1b-14366f27bcb7, runId = 1a99c78a-e1c7-4f47-9c3c-af21f890db9a] has been shutdown
[2026-04-12T04:37:05.046+0000] {subprocess.py:106} INFO - Traceback (most recent call last):
[2026-04-12T04:37:05.047+0000] {subprocess.py:106} INFO -   File "/home/spark/spark/spark_jobs/weather_streaming.py", line 150, in <module>
[2026-04-12T04:37:05.050+0000] {subprocess.py:106} INFO -     query.awaitTermination()
[2026-04-12T04:37:05.051+0000] {subprocess.py:106} INFO -   File "/home/spark/spark/python/lib/pyspark.zip/pyspark/sql/streaming/query.py", line 225, in awaitTermination
[2026-04-12T04:37:05.052+0000] {subprocess.py:106} INFO -   File "/home/spark/spark/python/lib/py4j-0.10.9.9-src.zip/py4j/java_gateway.py", line 1362, in __call__
[2026-04-12T04:37:05.052+0000] {subprocess.py:106} INFO -   File "/home/spark/spark/python/lib/pyspark.zip/pyspark/errors/exceptions/captured.py", line 288, in deco
[2026-04-12T04:37:05.055+0000] {subprocess.py:106} INFO - pyspark.errors.exceptions.captured.StreamingQueryException: [STREAM_FAILED] Query [id = 46e5ad83-a953-440f-bb1b-14366f27bcb7, runId = 1a99c78a-e1c7-4f47-9c3c-af21f890db9a] terminated with exception: [FOREACH_BATCH_USER_FUNCTION_ERROR] An error occurred in the user provided function in foreach batch sink. Reason: An exception was raised by the Python Proxy. Return Message: Traceback (most recent call last):
[2026-04-12T04:37:05.056+0000] {subprocess.py:106} INFO -   File "/home/spark/spark/python/lib/py4j-0.10.9.9-src.zip/py4j/clientserver.py", line 644, in _call_proxy
[2026-04-12T04:37:05.057+0000] {subprocess.py:106} INFO -     return_value = getattr(self.pool[obj_id], method)(*params)
[2026-04-12T04:37:05.057+0000] {subprocess.py:106} INFO -   File "/home/spark/spark/python/lib/pyspark.zip/pyspark/sql/utils.py", line 165, in call
[2026-04-12T04:37:05.058+0000] {subprocess.py:106} INFO -     raise e
[2026-04-12T04:37:05.058+0000] {subprocess.py:106} INFO -   File "/home/spark/spark/python/lib/pyspark.zip/pyspark/sql/utils.py", line 162, in call
[2026-04-12T04:37:05.059+0000] {subprocess.py:106} INFO -     self.func(DataFrame(jdf, wrapped_session_jdf), batch_id)
[2026-04-12T04:37:05.059+0000] {subprocess.py:106} INFO -   File "/home/spark/spark/spark_jobs/weather_streaming.py", line 138, in write_to_bronze_and_silver
[2026-04-12T04:37:05.060+0000] {subprocess.py:106} INFO -     .save("iceberg.air_quality_db.air_quality_silver")
[2026-04-12T04:37:05.060+0000] {subprocess.py:106} INFO -   File "/home/spark/spark/python/lib/pyspark.zip/pyspark/sql/readwriter.py", line 1745, in save
[2026-04-12T04:37:05.061+0000] {subprocess.py:106} INFO -     self._jwrite.save(path)
[2026-04-12T04:37:05.061+0000] {subprocess.py:106} INFO -   File "/home/spark/spark/python/lib/py4j-0.10.9.9-src.zip/py4j/java_gateway.py", line 1362, in __call__
[2026-04-12T04:37:05.062+0000] {subprocess.py:106} INFO -     return_value = get_return_value(
[2026-04-12T04:37:05.062+0000] {subprocess.py:106} INFO -   File "/home/spark/spark/python/lib/pyspark.zip/pyspark/errors/exceptions/captured.py", line 288, in deco
[2026-04-12T04:37:05.063+0000] {subprocess.py:106} INFO -     raise converted from None
[2026-04-12T04:37:05.063+0000] {subprocess.py:106} INFO - pyspark.errors.exceptions.captured.AnalysisException: [INCOMPATIBLE_DATA_FOR_TABLE.CANNOT_FIND_DATA] Cannot write incompatible data for the table `iceberg`.`air_quality_db`.`air_quality_silver`: Cannot find data for the output column `us_aqi_index`. SQLSTATE: KD000
[2026-04-12T04:37:05.064+0000] {subprocess.py:106} INFO -  SQLSTATE: 39000 SQLSTATE: XXKST
[2026-04-12T04:37:05.064+0000] {subprocess.py:106} INFO - === Streaming Query ===
[2026-04-12T04:37:05.064+0000] {subprocess.py:106} INFO - Identifier: [id = 46e5ad83-a953-440f-bb1b-14366f27bcb7, runId = 1a99c78a-e1c7-4f47-9c3c-af21f890db9a]
[2026-04-12T04:37:05.065+0000] {subprocess.py:106} INFO - Current Committed Offsets: {KafkaV2[Subscribe[weather-topic]]: {"weather-topic":{"0":11,"1":16,"2":13}}}
[2026-04-12T04:37:05.065+0000] {subprocess.py:106} INFO - Current Available Offsets: {KafkaV2[Subscribe[weather-topic]]: {"weather-topic":{"0":15,"1":23,"2":22}}}
[2026-04-12T04:37:05.066+0000] {subprocess.py:106} INFO - 
[2026-04-12T04:37:05.066+0000] {subprocess.py:106} INFO - Current State: ACTIVE
[2026-04-12T04:37:05.066+0000] {subprocess.py:106} INFO - Thread State: RUNNABLE
[2026-04-12T04:37:05.067+0000] {subprocess.py:106} INFO - 
[2026-04-12T04:37:05.067+0000] {subprocess.py:106} INFO - Logical Plan:
[2026-04-12T04:37:05.067+0000] {subprocess.py:106} INFO - ~WriteToMicroBatchDataSourceV1 ForeachBatchSink, 46e5ad83-a953-440f-bb1b-14366f27bcb7, [checkpointLocation=hdfs://23133083thuyvan-master:9000/user/hive/checkpoints/air_quality_realtime], Append
[2026-04-12T04:37:05.068+0000] {subprocess.py:106} INFO - +- ~Project [timestamp#40, location#17, latitude#18, longitude#19, timezone#20, temperature_2m#21, relative_humidity_2m#22, apparent_temperature#23, precipitation#24, cloud_cover#25, wind_speed_10m#26, wind_direction_10m#27, wind_gusts_10m#28, uv_index#29, weather_code#30, european_aqi#31, us_aqi#32, pm10#33, pm2_5#34, carbon_monoxide#35, nitrogen_dioxide#36, sulphur_dioxide#37, ozone#38, processing_time#39, open-meteo AS data_source#41]
[2026-04-12T04:37:05.068+0000] {subprocess.py:106} INFO -    +- ~Project [to_timestamp(timestamp#16, None, TimestampType, Some(GMT), true) AS timestamp#40, location#17, latitude#18, longitude#19, timezone#20, temperature_2m#21, relative_humidity_2m#22, apparent_temperature#23, precipitation#24, cloud_cover#25, wind_speed_10m#26, wind_direction_10m#27, wind_gusts_10m#28, uv_index#29, weather_code#30, european_aqi#31, us_aqi#32, pm10#33, pm2_5#34, carbon_monoxide#35, nitrogen_dioxide#36, sulphur_dioxide#37, ozone#38, processing_time#39]
[2026-04-12T04:37:05.068+0000] {subprocess.py:106} INFO -       +- ~Project [timestamp#16, location#17, latitude#18, longitude#19, timezone#20, temperature_2m#21, relative_humidity_2m#22, apparent_temperature#23, precipitation#24, cloud_cover#25, wind_speed_10m#26, wind_direction_10m#27, wind_gusts_10m#28, uv_index#29, weather_code#30, european_aqi#31, us_aqi#32, pm10#33, pm2_5#34, carbon_monoxide#35, nitrogen_dioxide#36, sulphur_dioxide#37, ozone#38, current_timestamp() AS processing_time#39]
[2026-04-12T04:37:05.069+0000] {subprocess.py:106} INFO -          +- ~Project [data#15.timestamp AS timestamp#16, data#15.location AS location#17, data#15.latitude AS latitude#18, data#15.longitude AS longitude#19, data#15.timezone AS timezone#20, data#15.temperature_2m AS temperature_2m#21, data#15.relative_humidity_2m AS relative_humidity_2m#22, data#15.apparent_temperature AS apparent_temperature#23, data#15.precipitation AS precipitation#24, data#15.cloud_cover AS cloud_cover#25, data#15.wind_speed_10m AS wind_speed_10m#26, data#15.wind_direction_10m AS wind_direction_10m#27, data#15.wind_gusts_10m AS wind_gusts_10m#28, data#15.uv_index AS uv_index#29, data#15.weather_code AS weather_code#30, data#15.european_aqi AS european_aqi#31, data#15.us_aqi AS us_aqi#32, data#15.pm10 AS pm10#33, data#15.pm2_5 AS pm2_5#34, data#15.carbon_monoxide AS carbon_monoxide#35, data#15.nitrogen_dioxide AS nitrogen_dioxide#36, data#15.sulphur_dioxide AS sulphur_dioxide#37, data#15.ozone AS ozone#38]
[2026-04-12T04:37:05.069+0000] {subprocess.py:106} INFO -             +- ~Project [from_json(StructField(timestamp,StringType,true), StructField(location,StringType,true), StructField(latitude,DoubleType,true), StructField(longitude,DoubleType,true), StructField(timezone,StringType,true), StructField(temperature_2m,DoubleType,true), StructField(relative_humidity_2m,DoubleType,true), StructField(apparent_temperature,DoubleType,true), StructField(precipitation,DoubleType,true), StructField(cloud_cover,DoubleType,true), StructField(wind_speed_10m,DoubleType,true), StructField(wind_direction_10m,DoubleType,true), StructField(wind_gusts_10m,DoubleType,true), StructField(uv_index,DoubleType,true), StructField(weather_code,IntegerType,true), StructField(european_aqi,IntegerType,true), StructField(us_aqi,IntegerType,true), StructField(pm10,DoubleType,true), StructField(pm2_5,DoubleType,true), StructField(carbon_monoxide,DoubleType,true), StructField(nitrogen_dioxide,DoubleType,true), StructField(sulphur_dioxide,DoubleType,true), StructField(ozone,DoubleType,true), json#14, Some(GMT), ... 1 more fields) AS data#15]
[2026-04-12T04:37:05.070+0000] {subprocess.py:106} INFO -                +- ~Project [cast(value#8 as string) AS json#14]
[2026-04-12T04:37:05.070+0000] {subprocess.py:106} INFO -                   +- ~StreamingDataSourceV2ScanRelation[key#7, value#8, topic#9, partition#10, offset#11L, timestamp#12, timestampType#13] KafkaTable
[2026-04-12T04:37:05.070+0000] {subprocess.py:106} INFO - 
[2026-04-12T04:37:05.133+0000] {subprocess.py:106} INFO - 26/04/12 04:37:05 INFO ConsumerCoordinator: [Consumer clientId=consumer-spark-kafka-source-6439718c-16c0-4453-8572-63b5f9a931ad--983882313-executor-2, groupId=spark-kafka-source-6439718c-16c0-4453-8572-63b5f9a931ad--983882313-executor] Resetting generation and member id due to: consumer pro-actively leaving the group
[2026-04-12T04:37:05.133+0000] {subprocess.py:106} INFO - 26/04/12 04:37:05 INFO ConsumerCoordinator: [Consumer clientId=consumer-spark-kafka-source-6439718c-16c0-4453-8572-63b5f9a931ad--983882313-executor-2, groupId=spark-kafka-source-6439718c-16c0-4453-8572-63b5f9a931ad--983882313-executor] Request joining group due to: consumer pro-actively leaving the group
[2026-04-12T04:37:05.140+0000] {subprocess.py:106} INFO - 26/04/12 04:37:05 INFO Metrics: Metrics scheduler closed
[2026-04-12T04:37:05.141+0000] {subprocess.py:106} INFO - 26/04/12 04:37:05 INFO Metrics: Closing reporter org.apache.kafka.common.metrics.JmxReporter
[2026-04-12T04:37:05.141+0000] {subprocess.py:106} INFO - 26/04/12 04:37:05 INFO Metrics: Closing reporter org.apache.kafka.common.telemetry.internals.ClientTelemetryReporter
[2026-04-12T04:37:05.142+0000] {subprocess.py:106} INFO - 26/04/12 04:37:05 INFO Metrics: Metrics reporters closed
[2026-04-12T04:37:05.148+0000] {subprocess.py:106} INFO - 26/04/12 04:37:05 INFO AppInfoParser: App info kafka.consumer for consumer-spark-kafka-source-6439718c-16c0-4453-8572-63b5f9a931ad--983882313-executor-2 unregistered
[2026-04-12T04:37:05.149+0000] {subprocess.py:106} INFO - 26/04/12 04:37:05 INFO ConsumerCoordinator: [Consumer clientId=consumer-spark-kafka-source-6439718c-16c0-4453-8572-63b5f9a931ad--983882313-executor-3, groupId=spark-kafka-source-6439718c-16c0-4453-8572-63b5f9a931ad--983882313-executor] Resetting generation and member id due to: consumer pro-actively leaving the group
[2026-04-12T04:37:05.149+0000] {subprocess.py:106} INFO - 26/04/12 04:37:05 INFO ConsumerCoordinator: [Consumer clientId=consumer-spark-kafka-source-6439718c-16c0-4453-8572-63b5f9a931ad--983882313-executor-3, groupId=spark-kafka-source-6439718c-16c0-4453-8572-63b5f9a931ad--983882313-executor] Request joining group due to: consumer pro-actively leaving the group
[2026-04-12T04:37:05.152+0000] {subprocess.py:106} INFO - 26/04/12 04:37:05 INFO Metrics: Metrics scheduler closed
[2026-04-12T04:37:05.152+0000] {subprocess.py:106} INFO - 26/04/12 04:37:05 INFO Metrics: Closing reporter org.apache.kafka.common.metrics.JmxReporter
[2026-04-12T04:37:05.153+0000] {subprocess.py:106} INFO - 26/04/12 04:37:05 INFO Metrics: Closing reporter org.apache.kafka.common.telemetry.internals.ClientTelemetryReporter
[2026-04-12T04:37:05.153+0000] {subprocess.py:106} INFO - 26/04/12 04:37:05 INFO Metrics: Metrics reporters closed
[2026-04-12T04:37:05.159+0000] {subprocess.py:106} INFO - 26/04/12 04:37:05 INFO AppInfoParser: App info kafka.consumer for consumer-spark-kafka-source-6439718c-16c0-4453-8572-63b5f9a931ad--983882313-executor-3 unregistered
[2026-04-12T04:37:05.160+0000] {subprocess.py:106} INFO - 26/04/12 04:37:05 INFO ConsumerCoordinator: [Consumer clientId=consumer-spark-kafka-source-6439718c-16c0-4453-8572-63b5f9a931ad--983882313-executor-1, groupId=spark-kafka-source-6439718c-16c0-4453-8572-63b5f9a931ad--983882313-executor] Resetting generation and member id due to: consumer pro-actively leaving the group
[2026-04-12T04:37:05.160+0000] {subprocess.py:106} INFO - 26/04/12 04:37:05 INFO ConsumerCoordinator: [Consumer clientId=consumer-spark-kafka-source-6439718c-16c0-4453-8572-63b5f9a931ad--983882313-executor-1, groupId=spark-kafka-source-6439718c-16c0-4453-8572-63b5f9a931ad--983882313-executor] Request joining group due to: consumer pro-actively leaving the group
[2026-04-12T04:37:05.163+0000] {subprocess.py:106} INFO - 26/04/12 04:37:05 INFO Metrics: Metrics scheduler closed
[2026-04-12T04:37:05.164+0000] {subprocess.py:106} INFO - 26/04/12 04:37:05 INFO Metrics: Closing reporter org.apache.kafka.common.metrics.JmxReporter
[2026-04-12T04:37:05.164+0000] {subprocess.py:106} INFO - 26/04/12 04:37:05 INFO Metrics: Closing reporter org.apache.kafka.common.telemetry.internals.ClientTelemetryReporter
[2026-04-12T04:37:05.165+0000] {subprocess.py:106} INFO - 26/04/12 04:37:05 INFO Metrics: Metrics reporters closed
[2026-04-12T04:37:05.169+0000] {subprocess.py:106} INFO - 26/04/12 04:37:05 INFO AppInfoParser: App info kafka.consumer for consumer-spark-kafka-source-6439718c-16c0-4453-8572-63b5f9a931ad--983882313-executor-1 unregistered
[2026-04-12T04:37:05.170+0000] {subprocess.py:106} INFO - 26/04/12 04:37:05 INFO SparkContext: Invoking stop() from shutdown hook
[2026-04-12T04:37:05.173+0000] {subprocess.py:106} INFO - 26/04/12 04:37:05 INFO SparkContext: SparkContext is stopping with exitCode 0 from run at Executors.java:572.
[2026-04-12T04:37:05.189+0000] {subprocess.py:106} INFO - 26/04/12 04:37:05 INFO SparkUI: Stopped Spark web UI at http://spark-master:4040
[2026-04-12T04:37:05.210+0000] {subprocess.py:106} INFO - 26/04/12 04:37:05 INFO MapOutputTrackerMasterEndpoint: MapOutputTrackerMasterEndpoint stopped!
[2026-04-12T04:37:05.229+0000] {subprocess.py:106} INFO - 26/04/12 04:37:05 INFO MemoryStore: MemoryStore cleared
[2026-04-12T04:37:05.229+0000] {subprocess.py:106} INFO - 26/04/12 04:37:05 INFO BlockManager: BlockManager stopped
[2026-04-12T04:37:05.233+0000] {subprocess.py:106} INFO - 26/04/12 04:37:05 INFO BlockManagerMaster: BlockManagerMaster stopped
[2026-04-12T04:37:05.236+0000] {subprocess.py:106} INFO - 26/04/12 04:37:05 INFO OutputCommitCoordinator$OutputCommitCoordinatorEndpoint: OutputCommitCoordinator stopped!
[2026-04-12T04:37:05.250+0000] {subprocess.py:106} INFO - 26/04/12 04:37:05 INFO SparkContext: Successfully stopped SparkContext
[2026-04-12T04:37:05.250+0000] {subprocess.py:106} INFO - 26/04/12 04:37:05 INFO ShutdownHookManager: Shutdown hook called
[2026-04-12T04:37:05.251+0000] {subprocess.py:106} INFO - 26/04/12 04:37:05 INFO ShutdownHookManager: Deleting directory /tmp/spark-13428878-44ce-42a6-8e35-26a639f507ba
[2026-04-12T04:37:05.256+0000] {subprocess.py:106} INFO - 26/04/12 04:37:05 INFO ShutdownHookManager: Deleting directory /tmp/artifacts-28acc5d6-9db3-4ef0-a228-3ab5c7a1e69a
[2026-04-12T04:37:05.261+0000] {subprocess.py:106} INFO - 26/04/12 04:37:05 INFO ShutdownHookManager: Deleting directory /tmp/spark-eddd39c3-5c44-47ca-8a28-832795ba899c
[2026-04-12T04:37:05.266+0000] {subprocess.py:106} INFO - 26/04/12 04:37:05 INFO ShutdownHookManager: Deleting directory /tmp/spark-eddd39c3-5c44-47ca-8a28-832795ba899c/pyspark-3d36d590-6350-4e82-a3b0-f8e3016b4a11
[2026-04-12T04:37:05.406+0000] {subprocess.py:110} INFO - Command exited with return code 1
[2026-04-12T04:37:05.428+0000] {taskinstance.py:3311} ERROR - Task failed with exception
Traceback (most recent call last):
  File "/home/airflow/airflow/venv/lib/python3.12/site-packages/airflow/models/taskinstance.py", line 767, in _execute_task
    result = _execute_callable(context=context, **execute_callable_kwargs)
             ^^^^^^^^^^^^^^^^^^^^^^^^^^^^^^^^^^^^^^^^^^^^^^^^^^^^^^^^^^^^^
  File "/home/airflow/airflow/venv/lib/python3.12/site-packages/airflow/models/taskinstance.py", line 733, in _execute_callable
    return ExecutionCallableRunner(
           ^^^^^^^^^^^^^^^^^^^^^^^^
  File "/home/airflow/airflow/venv/lib/python3.12/site-packages/airflow/utils/operator_helpers.py", line 252, in run
    return self.func(*args, **kwargs)
           ^^^^^^^^^^^^^^^^^^^^^^^^^^
  File "/home/airflow/airflow/venv/lib/python3.12/site-packages/airflow/models/baseoperator.py", line 422, in wrapper
    return func(self, *args, **kwargs)
           ^^^^^^^^^^^^^^^^^^^^^^^^^^^
  File "/home/airflow/airflow/venv/lib/python3.12/site-packages/airflow/operators/bash.py", line 276, in execute
    raise AirflowException(
airflow.exceptions.AirflowException: Bash command failed. The command returned a non-zero exit code 1.
[2026-04-12T04:37:05.438+0000] {taskinstance.py:1225} INFO - Marking task as UP_FOR_RETRY. dag_id=weather_real_time_pipeline_v2, task_id=start_spark_streaming_job, run_id=scheduled__2026-04-12T04:32:00+00:00, execution_date=20260412T043200, start_date=20260412T043646, end_date=20260412T043705
[2026-04-12T04:37:05.461+0000] {taskinstance.py:340} INFO - ::group::Post task execution logs
[2026-04-12T04:37:05.462+0000] {standard_task_runner.py:124} ERROR - Failed to execute job 242 for task start_spark_streaming_job (Bash command failed. The command returned a non-zero exit code 1.; 43797)
Traceback (most recent call last):
  File "/home/airflow/airflow/venv/lib/python3.12/site-packages/airflow/task/task_runner/standard_task_runner.py", line 117, in _start_by_fork
    ret = args.func(args, dag=self.dag)
          ^^^^^^^^^^^^^^^^^^^^^^^^^^^^^
  File "/home/airflow/airflow/venv/lib/python3.12/site-packages/airflow/cli/cli_config.py", line 49, in command
    return func(*args, **kwargs)
           ^^^^^^^^^^^^^^^^^^^^^
  File "/home/airflow/airflow/venv/lib/python3.12/site-packages/airflow/utils/cli.py", line 116, in wrapper
    return f(*args, **kwargs)
           ^^^^^^^^^^^^^^^^^^
  File "/home/airflow/airflow/venv/lib/python3.12/site-packages/airflow/cli/commands/task_command.py", line 483, in task_run
    task_return_code = _run_task_by_selected_method(args, _dag, ti)
                       ^^^^^^^^^^^^^^^^^^^^^^^^^^^^^^^^^^^^^^^^^^^^
  File "/home/airflow/airflow/venv/lib/python3.12/site-packages/airflow/cli/commands/task_command.py", line 256, in _run_task_by_selected_method
    return _run_raw_task(args, ti)
           ^^^^^^^^^^^^^^^^^^^^^^^
  File "/home/airflow/airflow/venv/lib/python3.12/site-packages/airflow/cli/commands/task_command.py", line 341, in _run_raw_task
    return ti._run_raw_task(
           ^^^^^^^^^^^^^^^^^
  File "/home/airflow/airflow/venv/lib/python3.12/site-packages/airflow/utils/session.py", line 97, in wrapper
    return func(*args, session=session, **kwargs)
           ^^^^^^^^^^^^^^^^^^^^^^^^^^^^^^^^^^^^^^
  File "/home/airflow/airflow/venv/lib/python3.12/site-packages/airflow/models/taskinstance.py", line 3005, in _run_raw_task
    return _run_raw_task(
           ^^^^^^^^^^^^^^
  File "/home/airflow/airflow/venv/lib/python3.12/site-packages/airflow/models/taskinstance.py", line 273, in _run_raw_task
    TaskInstance._execute_task_with_callbacks(
  File "/home/airflow/airflow/venv/lib/python3.12/site-packages/airflow/models/taskinstance.py", line 3159, in _execute_task_with_callbacks
    result = self._execute_task(context, task_orig)
             ^^^^^^^^^^^^^^^^^^^^^^^^^^^^^^^^^^^^^^
  File "/home/airflow/airflow/venv/lib/python3.12/site-packages/airflow/models/taskinstance.py", line 3183, in _execute_task
    return _execute_task(self, context, task_orig)
           ^^^^^^^^^^^^^^^^^^^^^^^^^^^^^^^^^^^^^^^
  File "/home/airflow/airflow/venv/lib/python3.12/site-packages/airflow/models/taskinstance.py", line 767, in _execute_task
    result = _execute_callable(context=context, **execute_callable_kwargs)
             ^^^^^^^^^^^^^^^^^^^^^^^^^^^^^^^^^^^^^^^^^^^^^^^^^^^^^^^^^^^^^
  File "/home/airflow/airflow/venv/lib/python3.12/site-packages/airflow/models/taskinstance.py", line 733, in _execute_callable
    return ExecutionCallableRunner(
           ^^^^^^^^^^^^^^^^^^^^^^^^
  File "/home/airflow/airflow/venv/lib/python3.12/site-packages/airflow/utils/operator_helpers.py", line 252, in run
    return self.func(*args, **kwargs)
           ^^^^^^^^^^^^^^^^^^^^^^^^^^
  File "/home/airflow/airflow/venv/lib/python3.12/site-packages/airflow/models/baseoperator.py", line 422, in wrapper
    return func(self, *args, **kwargs)
           ^^^^^^^^^^^^^^^^^^^^^^^^^^^
  File "/home/airflow/airflow/venv/lib/python3.12/site-packages/airflow/operators/bash.py", line 276, in execute
    raise AirflowException(
airflow.exceptions.AirflowException: Bash command failed. The command returned a non-zero exit code 1.
[2026-04-12T04:37:06.229+0000] {local_task_job_runner.py:266} INFO - Task exited with return code 1
[2026-04-12T04:37:06.272+0000] {taskinstance.py:3895} INFO - 0 downstream tasks scheduled from follow-on schedule check
[2026-04-12T04:37:06.275+0000] {local_task_job_runner.py:245} INFO - ::endgroup::
