[2026-04-14T03:11:59.057+0000] {local_task_job_runner.py:123} INFO - ::group::Pre task execution logs
[2026-04-14T03:11:59.151+0000] {taskinstance.py:2613} INFO - Dependencies all met for dep_context=non-requeueable deps ti=<TaskInstance: predict_aqi.train_model scheduled__2026-04-13T14:00:00+00:00 [queued]>
[2026-04-14T03:11:59.182+0000] {taskinstance.py:2613} INFO - Dependencies all met for dep_context=requeueable deps ti=<TaskInstance: predict_aqi.train_model scheduled__2026-04-13T14:00:00+00:00 [queued]>
[2026-04-14T03:11:59.191+0000] {taskinstance.py:2866} INFO - Starting attempt 4 of 3
[2026-04-14T03:11:59.240+0000] {taskinstance.py:2889} INFO - Executing <Task(BashOperator): train_model> on 2026-04-13 14:00:00+00:00
[2026-04-14T03:11:59.275+0000] {standard_task_runner.py:104} INFO - Running: ['airflow', 'tasks', 'run', 'predict_aqi', 'train_model', 'scheduled__2026-04-13T14:00:00+00:00', '--job-id', '249', '--raw', '--subdir', 'DAGS_FOLDER/dag_ml.py', '--cfg-path', '/tmp/tmpyzlrsrur']
[2026-04-14T03:11:59.280+0000] {standard_task_runner.py:105} INFO - Job 249: Subtask train_model
[2026-04-14T03:11:59.289+0000] {logging_mixin.py:190} WARNING - /home/airflow/airflow/venv/lib/python3.12/site-packages/airflow/task/task_runner/standard_task_runner.py:70 DeprecationWarning: This process (pid=221) is multi-threaded, use of fork() may lead to deadlocks in the child.
[2026-04-14T03:11:59.294+0000] {standard_task_runner.py:72} INFO - Started process 249 to run task
[2026-04-14T03:11:59.867+0000] {task_command.py:467} INFO - Running <TaskInstance: predict_aqi.train_model scheduled__2026-04-13T14:00:00+00:00 [running]> on host airflow
[2026-04-14T03:12:00.404+0000] {taskinstance.py:3132} INFO - Exporting env vars: AIRFLOW_CTX_DAG_OWNER='airflow' AIRFLOW_CTX_DAG_ID='predict_aqi' AIRFLOW_CTX_TASK_ID='train_model' AIRFLOW_CTX_EXECUTION_DATE='2026-04-13T14:00:00+00:00' AIRFLOW_CTX_TRY_NUMBER='4' AIRFLOW_CTX_DAG_RUN_ID='scheduled__2026-04-13T14:00:00+00:00'
[2026-04-14T03:12:00.408+0000] {taskinstance.py:731} INFO - ::endgroup::
[2026-04-14T03:12:00.455+0000] {subprocess.py:78} INFO - Tmp dir root location: /tmp
[2026-04-14T03:12:00.459+0000] {subprocess.py:88} INFO - Running command: ['/usr/bin/bash', '-c', '\n            docker exec spark-master spark-submit                 --conf spark.pyspark.python=python3                 --packages org.apache.iceberg:iceberg-spark-runtime-4.0_2.13:1.10.1                 /home/spark/spark/spark_jobs/train_model.py 2026-04-13\n        ']
[2026-04-14T03:12:00.498+0000] {subprocess.py:99} INFO - Output:
[2026-04-14T03:12:04.863+0000] {subprocess.py:106} INFO - WARNING: Using incubator modules: jdk.incubator.vector
[2026-04-14T03:12:21.357+0000] {subprocess.py:106} INFO - :: loading settings :: url = jar:file:/home/spark/spark/jars/ivy-2.5.3.jar!/org/apache/ivy/core/settings/ivysettings.xml
[2026-04-14T03:12:21.876+0000] {subprocess.py:106} INFO - Ivy Default Cache set to: /home/spark/.ivy2.5.2/cache
[2026-04-14T03:12:21.879+0000] {subprocess.py:106} INFO - The jars for the packages stored in: /home/spark/.ivy2.5.2/jars
[2026-04-14T03:12:21.954+0000] {subprocess.py:106} INFO - org.apache.iceberg#iceberg-spark-runtime-4.0_2.13 added as a dependency
[2026-04-14T03:12:21.966+0000] {subprocess.py:106} INFO - :: resolving dependencies :: org.apache.spark#spark-submit-parent-d4407c90-c565-4f58-ba61-4c6a4533a96b;1.0
[2026-04-14T03:12:21.970+0000] {subprocess.py:106} INFO - 	confs: [default]
[2026-04-14T03:12:22.575+0000] {subprocess.py:106} INFO - 	found org.apache.iceberg#iceberg-spark-runtime-4.0_2.13;1.10.1 in spark-list
[2026-04-14T03:12:22.636+0000] {subprocess.py:106} INFO - :: resolution report :: resolve 627ms :: artifacts dl 40ms
[2026-04-14T03:12:22.638+0000] {subprocess.py:106} INFO - 	:: modules in use:
[2026-04-14T03:12:22.640+0000] {subprocess.py:106} INFO - 	org.apache.iceberg#iceberg-spark-runtime-4.0_2.13;1.10.1 from spark-list in [default]
[2026-04-14T03:12:22.642+0000] {subprocess.py:106} INFO - 	---------------------------------------------------------------------
[2026-04-14T03:12:22.649+0000] {subprocess.py:106} INFO - 	|                  |            modules            ||   artifacts   |
[2026-04-14T03:12:22.651+0000] {subprocess.py:106} INFO - 	|       conf       | number| search|dwnlded|evicted|| number|dwnlded|
[2026-04-14T03:12:22.655+0000] {subprocess.py:106} INFO - 	---------------------------------------------------------------------
[2026-04-14T03:12:22.656+0000] {subprocess.py:106} INFO - 	|      default     |   1   |   0   |   0   |   0   ||   1   |   0   |
[2026-04-14T03:12:22.658+0000] {subprocess.py:106} INFO - 	---------------------------------------------------------------------
[2026-04-14T03:12:22.673+0000] {subprocess.py:106} INFO - :: retrieving :: org.apache.spark#spark-submit-parent-d4407c90-c565-4f58-ba61-4c6a4533a96b
[2026-04-14T03:12:22.680+0000] {subprocess.py:106} INFO - 	confs: [default]
[2026-04-14T03:12:22.725+0000] {subprocess.py:106} INFO - 	0 artifacts copied, 1 already retrieved (0kB/47ms)
[2026-04-14T03:12:24.578+0000] {subprocess.py:106} INFO - 26/04/14 03:12:24 WARN NativeCodeLoader: Unable to load native-hadoop library for your platform... using builtin-java classes where applicable
[2026-04-14T03:12:49.548+0000] {subprocess.py:106} INFO - Using Spark's default log4j profile: org/apache/spark/log4j2-defaults.properties
[2026-04-14T03:12:49.619+0000] {subprocess.py:106} INFO - 26/04/14 03:12:49 INFO SparkContext: Running Spark version 4.0.2
[2026-04-14T03:12:49.622+0000] {subprocess.py:106} INFO - 26/04/14 03:12:49 INFO SparkContext: OS info Linux, 6.6.87.2-microsoft-standard-WSL2, amd64
[2026-04-14T03:12:49.625+0000] {subprocess.py:106} INFO - 26/04/14 03:12:49 INFO SparkContext: Java version 21.0.10
[2026-04-14T03:12:49.763+0000] {subprocess.py:106} INFO - 26/04/14 03:12:49 INFO ResourceUtils: ==============================================================
[2026-04-14T03:12:49.765+0000] {subprocess.py:106} INFO - 26/04/14 03:12:49 INFO ResourceUtils: No custom resources configured for spark.driver.
[2026-04-14T03:12:49.769+0000] {subprocess.py:106} INFO - 26/04/14 03:12:49 INFO ResourceUtils: ==============================================================
[2026-04-14T03:12:49.777+0000] {subprocess.py:106} INFO - 26/04/14 03:12:49 INFO SparkContext: Submitted application: TrainModel
[2026-04-14T03:12:49.923+0000] {subprocess.py:106} INFO - 26/04/14 03:12:49 INFO ResourceProfile: Default ResourceProfile created, executor resources: Map(cores -> name: cores, amount: 2, script: , vendor: , memory -> name: memory, amount: 2048, script: , vendor: , offHeap -> name: offHeap, amount: 0, script: , vendor: ), task resources: Map(cpus -> name: cpus, amount: 1.0)
[2026-04-14T03:12:49.974+0000] {subprocess.py:106} INFO - 26/04/14 03:12:49 INFO ResourceProfile: Limiting resource is cpus at 2 tasks per executor
[2026-04-14T03:12:49.980+0000] {subprocess.py:106} INFO - 26/04/14 03:12:49 INFO ResourceProfileManager: Added ResourceProfile id: 0
[2026-04-14T03:12:51.162+0000] {subprocess.py:106} INFO - 26/04/14 03:12:51 INFO SecurityManager: Changing view acls to: spark
[2026-04-14T03:12:51.198+0000] {subprocess.py:106} INFO - 26/04/14 03:12:51 INFO SecurityManager: Changing modify acls to: spark
[2026-04-14T03:12:51.199+0000] {subprocess.py:106} INFO - 26/04/14 03:12:51 INFO SecurityManager: Changing view acls groups to: spark
[2026-04-14T03:12:51.203+0000] {subprocess.py:106} INFO - 26/04/14 03:12:51 INFO SecurityManager: Changing modify acls groups to: spark
[2026-04-14T03:12:51.232+0000] {subprocess.py:106} INFO - 26/04/14 03:12:51 INFO SecurityManager: SecurityManager: authentication disabled; ui acls disabled; users with view permissions: spark groups with view permissions: EMPTY; users with modify permissions: spark; groups with modify permissions: EMPTY; RPC SSL disabled
[2026-04-14T03:12:55.766+0000] {subprocess.py:106} INFO - 26/04/14 03:12:55 INFO Utils: Successfully started service 'sparkDriver' on port 44291.
[2026-04-14T03:12:57.761+0000] {subprocess.py:106} INFO - 26/04/14 03:12:57 INFO SparkEnv: Registering MapOutputTracker
[2026-04-14T03:12:57.900+0000] {subprocess.py:106} INFO - 26/04/14 03:12:57 INFO SparkEnv: Registering BlockManagerMaster
[2026-04-14T03:12:58.076+0000] {subprocess.py:106} INFO - 26/04/14 03:12:58 INFO BlockManagerMasterEndpoint: Using org.apache.spark.storage.DefaultTopologyMapper for getting topology information
[2026-04-14T03:12:58.082+0000] {subprocess.py:106} INFO - 26/04/14 03:12:58 INFO BlockManagerMasterEndpoint: BlockManagerMasterEndpoint up
[2026-04-14T03:12:58.115+0000] {subprocess.py:106} INFO - 26/04/14 03:12:58 INFO SparkEnv: Registering BlockManagerMasterHeartbeat
[2026-04-14T03:12:58.487+0000] {subprocess.py:106} INFO - 26/04/14 03:12:58 INFO DiskBlockManager: Created local directory at /tmp/blockmgr-a6a1ef12-c2b0-43ad-8825-b68b35590108
[2026-04-14T03:12:58.749+0000] {subprocess.py:106} INFO - 26/04/14 03:12:58 INFO SparkEnv: Registering OutputCommitCoordinator
[2026-04-14T03:13:01.346+0000] {subprocess.py:106} INFO - 26/04/14 03:13:01 INFO JettyUtils: Start Jetty 0.0.0.0:4040 for SparkUI
[2026-04-14T03:13:02.849+0000] {subprocess.py:106} INFO - 26/04/14 03:13:02 WARN Utils: Service 'SparkUI' could not bind on port 4040. Attempting port 4041.
[2026-04-14T03:13:02.867+0000] {subprocess.py:106} INFO - 26/04/14 03:13:02 WARN Utils: Service 'SparkUI' could not bind on port 4041. Attempting port 4042.
[2026-04-14T03:13:03.013+0000] {subprocess.py:106} INFO - 26/04/14 03:13:03 INFO Utils: Successfully started service 'SparkUI' on port 4042.
[2026-04-14T03:13:03.409+0000] {subprocess.py:106} INFO - 26/04/14 03:13:03 INFO SparkContext: Added JAR file:///home/spark/.ivy2.5.2/jars/org.apache.iceberg_iceberg-spark-runtime-4.0_2.13-1.10.1.jar at spark://spark-master:44291/jars/org.apache.iceberg_iceberg-spark-runtime-4.0_2.13-1.10.1.jar with timestamp 1776136369202
[2026-04-14T03:13:03.555+0000] {subprocess.py:106} INFO - 26/04/14 03:13:03 INFO SparkContext: Added file file:///home/spark/.ivy2.5.2/jars/org.apache.iceberg_iceberg-spark-runtime-4.0_2.13-1.10.1.jar at file:///home/spark/.ivy2.5.2/jars/org.apache.iceberg_iceberg-spark-runtime-4.0_2.13-1.10.1.jar with timestamp 1776136369202
[2026-04-14T03:13:03.569+0000] {subprocess.py:106} INFO - 26/04/14 03:13:03 INFO Utils: Copying /home/spark/.ivy2.5.2/jars/org.apache.iceberg_iceberg-spark-runtime-4.0_2.13-1.10.1.jar to /tmp/spark-3b106a13-efa3-47bf-9cca-0dbdc8587b76/userFiles-8476db0e-a5d6-4479-ab0d-bd6e375841e6/org.apache.iceberg_iceberg-spark-runtime-4.0_2.13-1.10.1.jar
[2026-04-14T03:13:13.429+0000] {subprocess.py:106} INFO - 26/04/14 03:13:13 INFO SecurityManager: Changing view acls to: spark
[2026-04-14T03:13:13.688+0000] {subprocess.py:106} INFO - 26/04/14 03:13:13 INFO SecurityManager: Changing modify acls to: spark
[2026-04-14T03:13:13.730+0000] {subprocess.py:106} INFO - 26/04/14 03:13:13 INFO SecurityManager: Changing view acls groups to: spark
[2026-04-14T03:13:13.742+0000] {subprocess.py:106} INFO - 26/04/14 03:13:13 INFO SecurityManager: Changing modify acls groups to: spark
[2026-04-14T03:13:13.749+0000] {subprocess.py:106} INFO - 26/04/14 03:13:13 INFO SecurityManager: SecurityManager: authentication disabled; ui acls disabled; users with view permissions: spark groups with view permissions: EMPTY; users with modify permissions: spark; groups with modify permissions: EMPTY; RPC SSL disabled
[2026-04-14T03:13:31.385+0000] {subprocess.py:106} INFO - 26/04/14 03:13:31 INFO Executor: Starting executor ID driver on host spark-master
[2026-04-14T03:13:31.443+0000] {subprocess.py:106} INFO - 26/04/14 03:13:31 INFO Executor: OS info Linux, 6.6.87.2-microsoft-standard-WSL2, amd64
[2026-04-14T03:13:31.467+0000] {subprocess.py:106} INFO - 26/04/14 03:13:31 INFO Executor: Java version 21.0.10
[2026-04-14T03:13:31.939+0000] {subprocess.py:106} INFO - 26/04/14 03:13:31 INFO Executor: Starting executor with user classpath (userClassPathFirst = false): ''
[2026-04-14T03:13:31.950+0000] {subprocess.py:106} INFO - 26/04/14 03:13:31 INFO Executor: Created or updated repl class loader org.apache.spark.util.MutableURLClassLoader@73662e3b for default.
[2026-04-14T03:13:32.094+0000] {subprocess.py:106} INFO - 26/04/14 03:13:32 INFO Executor: Fetching file:///home/spark/.ivy2.5.2/jars/org.apache.iceberg_iceberg-spark-runtime-4.0_2.13-1.10.1.jar with timestamp 1776136369202
[2026-04-14T03:13:39.866+0000] {subprocess.py:106} INFO - 26/04/14 03:13:39 INFO Utils: /home/spark/.ivy2.5.2/jars/org.apache.iceberg_iceberg-spark-runtime-4.0_2.13-1.10.1.jar has been previously copied to /tmp/spark-3b106a13-efa3-47bf-9cca-0dbdc8587b76/userFiles-8476db0e-a5d6-4479-ab0d-bd6e375841e6/org.apache.iceberg_iceberg-spark-runtime-4.0_2.13-1.10.1.jar
[2026-04-14T03:13:39.754+0000] {job.py:229} INFO - Heartbeat recovered after 12.35 seconds
[2026-04-14T03:13:40.158+0000] {subprocess.py:106} INFO - 26/04/14 03:13:40 INFO Executor: Fetching spark://spark-master:44291/jars/org.apache.iceberg_iceberg-spark-runtime-4.0_2.13-1.10.1.jar with timestamp 1776136369202
[2026-04-14T03:13:41.367+0000] {subprocess.py:106} INFO - 26/04/14 03:13:41 INFO TransportClientFactory: Successfully created connection to spark-master/172.20.0.5:44291 after 461 ms (1 ms spent in bootstraps)
[2026-04-14T03:13:41.784+0000] {subprocess.py:106} INFO - 26/04/14 03:13:41 INFO Utils: Fetching spark://spark-master:44291/jars/org.apache.iceberg_iceberg-spark-runtime-4.0_2.13-1.10.1.jar to /tmp/spark-3b106a13-efa3-47bf-9cca-0dbdc8587b76/userFiles-8476db0e-a5d6-4479-ab0d-bd6e375841e6/fetchFileTemp13993875364370499547.tmp
[2026-04-14T03:13:42.771+0000] {subprocess.py:106} INFO - 26/04/14 03:13:42 INFO Utils: /tmp/spark-3b106a13-efa3-47bf-9cca-0dbdc8587b76/userFiles-8476db0e-a5d6-4479-ab0d-bd6e375841e6/fetchFileTemp13993875364370499547.tmp has been previously copied to /tmp/spark-3b106a13-efa3-47bf-9cca-0dbdc8587b76/userFiles-8476db0e-a5d6-4479-ab0d-bd6e375841e6/org.apache.iceberg_iceberg-spark-runtime-4.0_2.13-1.10.1.jar
[2026-04-14T03:13:42.970+0000] {subprocess.py:106} INFO - 26/04/14 03:13:42 INFO Executor: Adding file:/tmp/spark-3b106a13-efa3-47bf-9cca-0dbdc8587b76/userFiles-8476db0e-a5d6-4479-ab0d-bd6e375841e6/org.apache.iceberg_iceberg-spark-runtime-4.0_2.13-1.10.1.jar to class loader default
[2026-04-14T03:13:43.551+0000] {subprocess.py:106} INFO - 26/04/14 03:13:43 INFO Utils: Successfully started service 'org.apache.spark.network.netty.NettyBlockTransferService' on port 38927.
[2026-04-14T03:13:43.553+0000] {subprocess.py:106} INFO - 26/04/14 03:13:43 INFO NettyBlockTransferService: Server created on spark-master:38927
[2026-04-14T03:13:43.558+0000] {subprocess.py:106} INFO - 26/04/14 03:13:43 INFO BlockManager: Using org.apache.spark.storage.RandomBlockReplicationPolicy for block replication policy
[2026-04-14T03:13:46.024+0000] {subprocess.py:106} INFO - 26/04/14 03:13:46 INFO BlockManagerMaster: Registering BlockManager BlockManagerId(driver, spark-master, 38927, None)
[2026-04-14T03:13:46.769+0000] {subprocess.py:106} INFO - 26/04/14 03:13:46 INFO BlockManagerMasterEndpoint: Registering block manager spark-master:38927 with 1048.8 MiB RAM, BlockManagerId(driver, spark-master, 38927, None)
[2026-04-14T03:13:46.799+0000] {subprocess.py:106} INFO - 26/04/14 03:13:46 INFO BlockManagerMaster: Registered BlockManager BlockManagerId(driver, spark-master, 38927, None)
[2026-04-14T03:13:46.956+0000] {subprocess.py:106} INFO - 26/04/14 03:13:46 INFO BlockManager: Initialized BlockManager: BlockManagerId(driver, spark-master, 38927, None)
[2026-04-14T03:14:31.250+0000] {job.py:229} INFO - Heartbeat recovered after 25.00 seconds
[2026-04-14T03:14:53.534+0000] {job.py:229} INFO - Heartbeat recovered after 22.34 seconds
[2026-04-14T03:15:17.379+0000] {subprocess.py:106} INFO - Đọc dữ liệu Gold từ iceberg.air_quality_ml.air_quality_gold
[2026-04-14T03:15:57.449+0000] {job.py:239} ERROR - Job heartbeat failed with error
Traceback (most recent call last):
  File "/home/airflow/airflow/venv/lib/python3.12/site-packages/sqlalchemy/engine/base.py", line 3371, in _wrap_pool_connect
    return fn()
           ^^^^
  File "/home/airflow/airflow/venv/lib/python3.12/site-packages/sqlalchemy/pool/base.py", line 327, in connect
    return _ConnectionFairy._checkout(self)
           ^^^^^^^^^^^^^^^^^^^^^^^^^^^^^^^^
  File "/home/airflow/airflow/venv/lib/python3.12/site-packages/sqlalchemy/pool/base.py", line 894, in _checkout
    fairy = _ConnectionRecord.checkout(pool)
            ^^^^^^^^^^^^^^^^^^^^^^^^^^^^^^^^
  File "/home/airflow/airflow/venv/lib/python3.12/site-packages/sqlalchemy/pool/base.py", line 493, in checkout
    rec = pool._do_get()
          ^^^^^^^^^^^^^^
  File "/home/airflow/airflow/venv/lib/python3.12/site-packages/sqlalchemy/pool/impl.py", line 256, in _do_get
    return self._create_connection()
           ^^^^^^^^^^^^^^^^^^^^^^^^^
  File "/home/airflow/airflow/venv/lib/python3.12/site-packages/sqlalchemy/pool/base.py", line 273, in _create_connection
    return _ConnectionRecord(self)
           ^^^^^^^^^^^^^^^^^^^^^^^
  File "/home/airflow/airflow/venv/lib/python3.12/site-packages/sqlalchemy/pool/base.py", line 388, in __init__
    self.__connect()
  File "/home/airflow/airflow/venv/lib/python3.12/site-packages/sqlalchemy/pool/base.py", line 690, in __connect
    with util.safe_reraise():
         ^^^^^^^^^^^^^^^^^^^
  File "/home/airflow/airflow/venv/lib/python3.12/site-packages/sqlalchemy/util/langhelpers.py", line 70, in __exit__
    compat.raise_(
  File "/home/airflow/airflow/venv/lib/python3.12/site-packages/sqlalchemy/util/compat.py", line 211, in raise_
    raise exception
  File "/home/airflow/airflow/venv/lib/python3.12/site-packages/sqlalchemy/pool/base.py", line 686, in __connect
    self.dbapi_connection = connection = pool._invoke_creator(self)
                                         ^^^^^^^^^^^^^^^^^^^^^^^^^^
  File "/home/airflow/airflow/venv/lib/python3.12/site-packages/sqlalchemy/engine/create.py", line 574, in connect
    return dialect.connect(*cargs, **cparams)
           ^^^^^^^^^^^^^^^^^^^^^^^^^^^^^^^^^^
  File "/home/airflow/airflow/venv/lib/python3.12/site-packages/sqlalchemy/engine/default.py", line 598, in connect
    return self.dbapi.connect(*cargs, **cparams)
           ^^^^^^^^^^^^^^^^^^^^^^^^^^^^^^^^^^^^^
  File "/home/airflow/airflow/venv/lib/python3.12/site-packages/psycopg2/__init__.py", line 122, in connect
    conn = _connect(dsn, connection_factory=connection_factory, **kwasync)
           ^^^^^^^^^^^^^^^^^^^^^^^^^^^^^^^^^^^^^^^^^^^^^^^^^^^^^^^^^^^^^^^
psycopg2.OperationalError: could not translate host name "***" to address: Temporary failure in name resolution


The above exception was the direct cause of the following exception:

Traceback (most recent call last):
  File "/home/airflow/airflow/venv/lib/python3.12/site-packages/airflow/jobs/job.py", line 207, in heartbeat
    self._merge_from(Job._fetch_from_db(self, session))
                     ^^^^^^^^^^^^^^^^^^^^^^^^^^^^^^^^^
  File "/home/airflow/airflow/venv/lib/python3.12/site-packages/airflow/api_internal/internal_api_call.py", line 166, in wrapper
    return func(*args, **kwargs)
           ^^^^^^^^^^^^^^^^^^^^^
  File "/home/airflow/airflow/venv/lib/python3.12/site-packages/airflow/utils/session.py", line 94, in wrapper
    return func(*args, **kwargs)
           ^^^^^^^^^^^^^^^^^^^^^
  File "/home/airflow/airflow/venv/lib/python3.12/site-packages/airflow/utils/retries.py", line 93, in wrapped_function
    for attempt in run_with_db_retries(max_retries=retries, logger=logger, **retry_kwargs):
                   ^^^^^^^^^^^^^^^^^^^^^^^^^^^^^^^^^^^^^^^^^^^^^^^^^^^^^^^^^^^^^^^^^^^^^^^
  File "/home/airflow/airflow/venv/lib/python3.12/site-packages/tenacity/__init__.py", line 438, in __iter__
    do = self.iter(retry_state=retry_state)
         ^^^^^^^^^^^^^^^^^^^^^^^^^^^^^^^^^^
  File "/home/airflow/airflow/venv/lib/python3.12/site-packages/tenacity/__init__.py", line 371, in iter
    result = action(retry_state)
             ^^^^^^^^^^^^^^^^^^^
  File "/home/airflow/airflow/venv/lib/python3.12/site-packages/tenacity/__init__.py", line 413, in exc_check
    raise retry_exc.reraise()
          ^^^^^^^^^^^^^^^^^^^
  File "/home/airflow/airflow/venv/lib/python3.12/site-packages/tenacity/__init__.py", line 184, in reraise
    raise self.last_attempt.result()
          ^^^^^^^^^^^^^^^^^^^^^^^^^^
  File "/usr/local/lib/python3.12/concurrent/futures/_base.py", line 449, in result
    return self.__get_result()
           ^^^^^^^^^^^^^^^^^^^
  File "/usr/local/lib/python3.12/concurrent/futures/_base.py", line 401, in __get_result
    raise self._exception
  File "/home/airflow/airflow/venv/lib/python3.12/site-packages/airflow/utils/retries.py", line 102, in wrapped_function
    return func(*args, **kwargs)
           ^^^^^^^^^^^^^^^^^^^^^
  File "/home/airflow/airflow/venv/lib/python3.12/site-packages/airflow/jobs/job.py", line 335, in _fetch_from_db
    session.merge(job)
  File "/home/airflow/airflow/venv/lib/python3.12/site-packages/sqlalchemy/orm/session.py", line 3056, in merge
    return self._merge(
           ^^^^^^^^^^^^
  File "/home/airflow/airflow/venv/lib/python3.12/site-packages/sqlalchemy/orm/session.py", line 3136, in _merge
    merged = self.get(
             ^^^^^^^^^
  File "/home/airflow/airflow/venv/lib/python3.12/site-packages/sqlalchemy/orm/session.py", line 2853, in get
    return self._get_impl(
           ^^^^^^^^^^^^^^^
  File "/home/airflow/airflow/venv/lib/python3.12/site-packages/sqlalchemy/orm/session.py", line 2975, in _get_impl
    return db_load_fn(
           ^^^^^^^^^^^
  File "/home/airflow/airflow/venv/lib/python3.12/site-packages/sqlalchemy/orm/loading.py", line 530, in load_on_pk_identity
    session.execute(
  File "/home/airflow/airflow/venv/lib/python3.12/site-packages/sqlalchemy/orm/session.py", line 1716, in execute
    conn = self._connection_for_bind(bind)
           ^^^^^^^^^^^^^^^^^^^^^^^^^^^^^^^
  File "/home/airflow/airflow/venv/lib/python3.12/site-packages/sqlalchemy/orm/session.py", line 1555, in _connection_for_bind
    return self._transaction._connection_for_bind(
           ^^^^^^^^^^^^^^^^^^^^^^^^^^^^^^^^^^^^^^^
  File "/home/airflow/airflow/venv/lib/python3.12/site-packages/sqlalchemy/orm/session.py", line 750, in _connection_for_bind
    conn = bind.connect()
           ^^^^^^^^^^^^^^
  File "/home/airflow/airflow/venv/lib/python3.12/site-packages/sqlalchemy/future/engine.py", line 412, in connect
    return super(Engine, self).connect()
           ^^^^^^^^^^^^^^^^^^^^^^^^^^^^^
  File "/home/airflow/airflow/venv/lib/python3.12/site-packages/sqlalchemy/engine/base.py", line 3325, in connect
    return self._connection_cls(self, close_with_result=close_with_result)
           ^^^^^^^^^^^^^^^^^^^^^^^^^^^^^^^^^^^^^^^^^^^^^^^^^^^^^^^^^^^^^^^
  File "/home/airflow/airflow/venv/lib/python3.12/site-packages/sqlalchemy/engine/base.py", line 96, in __init__
    else engine.raw_connection()
         ^^^^^^^^^^^^^^^^^^^^^^^
  File "/home/airflow/airflow/venv/lib/python3.12/site-packages/sqlalchemy/engine/base.py", line 3404, in raw_connection
    return self._wrap_pool_connect(self.pool.connect, _connection)
           ^^^^^^^^^^^^^^^^^^^^^^^^^^^^^^^^^^^^^^^^^^^^^^^^^^^^^^^
  File "/home/airflow/airflow/venv/lib/python3.12/site-packages/sqlalchemy/engine/base.py", line 3374, in _wrap_pool_connect
    Connection._handle_dbapi_exception_noconnection(
  File "/home/airflow/airflow/venv/lib/python3.12/site-packages/sqlalchemy/engine/base.py", line 2208, in _handle_dbapi_exception_noconnection
    util.raise_(
  File "/home/airflow/airflow/venv/lib/python3.12/site-packages/sqlalchemy/util/compat.py", line 211, in raise_
    raise exception
  File "/home/airflow/airflow/venv/lib/python3.12/site-packages/sqlalchemy/engine/base.py", line 3371, in _wrap_pool_connect
    return fn()
           ^^^^
  File "/home/airflow/airflow/venv/lib/python3.12/site-packages/sqlalchemy/pool/base.py", line 327, in connect
    return _ConnectionFairy._checkout(self)
           ^^^^^^^^^^^^^^^^^^^^^^^^^^^^^^^^
  File "/home/airflow/airflow/venv/lib/python3.12/site-packages/sqlalchemy/pool/base.py", line 894, in _checkout
    fairy = _ConnectionRecord.checkout(pool)
            ^^^^^^^^^^^^^^^^^^^^^^^^^^^^^^^^
  File "/home/airflow/airflow/venv/lib/python3.12/site-packages/sqlalchemy/pool/base.py", line 493, in checkout
    rec = pool._do_get()
          ^^^^^^^^^^^^^^
  File "/home/airflow/airflow/venv/lib/python3.12/site-packages/sqlalchemy/pool/impl.py", line 256, in _do_get
    return self._create_connection()
           ^^^^^^^^^^^^^^^^^^^^^^^^^
  File "/home/airflow/airflow/venv/lib/python3.12/site-packages/sqlalchemy/pool/base.py", line 273, in _create_connection
    return _ConnectionRecord(self)
           ^^^^^^^^^^^^^^^^^^^^^^^
  File "/home/airflow/airflow/venv/lib/python3.12/site-packages/sqlalchemy/pool/base.py", line 388, in __init__
    self.__connect()
  File "/home/airflow/airflow/venv/lib/python3.12/site-packages/sqlalchemy/pool/base.py", line 690, in __connect
    with util.safe_reraise():
         ^^^^^^^^^^^^^^^^^^^
  File "/home/airflow/airflow/venv/lib/python3.12/site-packages/sqlalchemy/util/langhelpers.py", line 70, in __exit__
    compat.raise_(
  File "/home/airflow/airflow/venv/lib/python3.12/site-packages/sqlalchemy/util/compat.py", line 211, in raise_
    raise exception
  File "/home/airflow/airflow/venv/lib/python3.12/site-packages/sqlalchemy/pool/base.py", line 686, in __connect
    self.dbapi_connection = connection = pool._invoke_creator(self)
                                         ^^^^^^^^^^^^^^^^^^^^^^^^^^
  File "/home/airflow/airflow/venv/lib/python3.12/site-packages/sqlalchemy/engine/create.py", line 574, in connect
    return dialect.connect(*cargs, **cparams)
           ^^^^^^^^^^^^^^^^^^^^^^^^^^^^^^^^^^
  File "/home/airflow/airflow/venv/lib/python3.12/site-packages/sqlalchemy/engine/default.py", line 598, in connect
    return self.dbapi.connect(*cargs, **cparams)
           ^^^^^^^^^^^^^^^^^^^^^^^^^^^^^^^^^^^^^
  File "/home/airflow/airflow/venv/lib/python3.12/site-packages/psycopg2/__init__.py", line 122, in connect
    conn = _connect(dsn, connection_factory=connection_factory, **kwasync)
           ^^^^^^^^^^^^^^^^^^^^^^^^^^^^^^^^^^^^^^^^^^^^^^^^^^^^^^^^^^^^^^^
sqlalchemy.exc.OperationalError: (psycopg2.OperationalError) could not translate host name "***" to address: Temporary failure in name resolution

(Background on this error at: https://sqlalche.me/e/14/e3q8)
[2026-04-14T03:16:25.440+0000] {job.py:254} ERROR - Job heartbeat failed with error. Scheduler is in unhealthy state
[2026-04-14T03:16:26.033+0000] {subprocess.py:106} INFO - 26/04/14 03:15:17 INFO SharedState: spark.sql.warehouse.dir is not set, but hive.metastore.warehouse.dir is set. Setting spark.sql.warehouse.dir to the value of hive.metastore.warehouse.dir.
[2026-04-14T03:16:26.060+0000] {subprocess.py:106} INFO - 26/04/14 03:15:40 WARN FileSystem: Failed to initialize filesystem hdfs://23133083thuyvan-master:9000/user/hive/lakehouse: java.lang.IllegalArgumentException: java.net.UnknownHostException: 23133083thuyvan-master
[2026-04-14T03:16:26.098+0000] {subprocess.py:106} INFO - 26/04/14 03:16:25 WARN SharedState: Cannot qualify the warehouse path, leaving it unqualified.
[2026-04-14T03:16:26.102+0000] {subprocess.py:106} INFO - java.lang.IllegalArgumentException: java.net.UnknownHostException: 23133083thuyvan-master
[2026-04-14T03:16:26.103+0000] {subprocess.py:106} INFO - 	at org.apache.hadoop.security.SecurityUtil.buildTokenService(SecurityUtil.java:479)
[2026-04-14T03:16:26.115+0000] {subprocess.py:106} INFO - 	at org.apache.hadoop.hdfs.NameNodeProxiesClient.createProxyWithClientProtocol(NameNodeProxiesClient.java:134)
[2026-04-14T03:16:26.118+0000] {subprocess.py:106} INFO - 	at org.apache.hadoop.hdfs.DFSClient.<init>(DFSClient.java:370)
[2026-04-14T03:16:26.119+0000] {subprocess.py:106} INFO - 	at org.apache.hadoop.hdfs.DFSClient.<init>(DFSClient.java:309)
[2026-04-14T03:16:26.121+0000] {subprocess.py:106} INFO - 	at org.apache.hadoop.hdfs.DistributedFileSystem.initDFSClient(DistributedFileSystem.java:203)
[2026-04-14T03:16:26.128+0000] {subprocess.py:106} INFO - 	at org.apache.hadoop.hdfs.DistributedFileSystem.initialize(DistributedFileSystem.java:188)
[2026-04-14T03:16:26.135+0000] {subprocess.py:106} INFO - 	at org.apache.hadoop.fs.FileSystem.createFileSystem(FileSystem.java:3615)
[2026-04-14T03:16:26.138+0000] {subprocess.py:106} INFO - 	at org.apache.hadoop.fs.FileSystem.access$300(FileSystem.java:172)
[2026-04-14T03:16:26.139+0000] {subprocess.py:106} INFO - 	at org.apache.hadoop.fs.FileSystem$Cache.getInternal(FileSystem.java:3716)
[2026-04-14T03:16:26.158+0000] {subprocess.py:106} INFO - 	at org.apache.hadoop.fs.FileSystem$Cache.get(FileSystem.java:3667)
[2026-04-14T03:16:26.160+0000] {subprocess.py:106} INFO - 	at org.apache.hadoop.fs.FileSystem.get(FileSystem.java:557)
[2026-04-14T03:16:26.169+0000] {subprocess.py:106} INFO - 	at org.apache.hadoop.fs.Path.getFileSystem(Path.java:366)
[2026-04-14T03:16:26.183+0000] {subprocess.py:106} INFO - 	at org.apache.spark.sql.internal.SharedState$.qualifyWarehousePath(SharedState.scala:294)
[2026-04-14T03:16:26.189+0000] {subprocess.py:106} INFO - 	at org.apache.spark.sql.internal.SharedState.liftedTree1$1(SharedState.scala:81)
[2026-04-14T03:16:26.195+0000] {subprocess.py:106} INFO - 	at org.apache.spark.sql.internal.SharedState.<init>(SharedState.scala:80)
[2026-04-14T03:16:26.210+0000] {subprocess.py:106} INFO - 	at org.apache.spark.sql.classic.SparkSession.$anonfun$sharedState$1(SparkSession.scala:175)
[2026-04-14T03:16:26.218+0000] {subprocess.py:106} INFO - 	at scala.Option.getOrElse(Option.scala:201)
[2026-04-14T03:16:26.223+0000] {subprocess.py:106} INFO - 	at org.apache.spark.sql.classic.SparkSession.sharedState$lzycompute(SparkSession.scala:175)
[2026-04-14T03:16:26.239+0000] {subprocess.py:106} INFO - 	at org.apache.spark.sql.classic.SparkSession.sharedState(SparkSession.scala:174)
[2026-04-14T03:16:26.241+0000] {subprocess.py:106} INFO - 	at org.apache.spark.sql.classic.SparkSession.$anonfun$sessionState$2(SparkSession.scala:186)
[2026-04-14T03:16:26.253+0000] {subprocess.py:106} INFO - 	at scala.Option.getOrElse(Option.scala:201)
[2026-04-14T03:16:26.261+0000] {subprocess.py:106} INFO - 	at org.apache.spark.sql.classic.SparkSession.sessionState$lzycompute(SparkSession.scala:184)
[2026-04-14T03:16:26.268+0000] {subprocess.py:106} INFO - 	at org.apache.spark.sql.classic.SparkSession.sessionState(SparkSession.scala:181)
[2026-04-14T03:16:26.270+0000] {subprocess.py:106} INFO - 	at org.apache.spark.sql.classic.DataFrameReader.<init>(DataFrameReader.scala:61)
[2026-04-14T03:16:26.276+0000] {subprocess.py:106} INFO - 	at org.apache.spark.sql.classic.SparkSession.read(SparkSession.scala:639)
[2026-04-14T03:16:26.277+0000] {subprocess.py:106} INFO - 	at org.apache.spark.sql.classic.SparkSession.read(SparkSession.scala:91)
[2026-04-14T03:16:26.291+0000] {subprocess.py:106} INFO - 	at java.base/jdk.internal.reflect.NativeMethodAccessorImpl.invoke0(Native Method)
[2026-04-14T03:16:26.298+0000] {subprocess.py:106} INFO - 	at java.base/jdk.internal.reflect.NativeMethodAccessorImpl.invoke(NativeMethodAccessorImpl.java:75)
[2026-04-14T03:16:26.300+0000] {subprocess.py:106} INFO - 	at java.base/jdk.internal.reflect.DelegatingMethodAccessorImpl.invoke(DelegatingMethodAccessorImpl.java:52)
[2026-04-14T03:16:26.313+0000] {subprocess.py:106} INFO - 	at java.base/java.lang.reflect.Method.invoke(Method.java:580)
[2026-04-14T03:16:26.340+0000] {subprocess.py:106} INFO - 	at py4j.reflection.MethodInvoker.invoke(MethodInvoker.java:244)
[2026-04-14T03:16:26.347+0000] {subprocess.py:106} INFO - 	at py4j.reflection.ReflectionEngine.invoke(ReflectionEngine.java:374)
[2026-04-14T03:16:26.352+0000] {subprocess.py:106} INFO - 	at py4j.Gateway.invoke(Gateway.java:282)
[2026-04-14T03:16:26.368+0000] {subprocess.py:106} INFO - 	at py4j.commands.AbstractCommand.invokeMethod(AbstractCommand.java:132)
[2026-04-14T03:16:26.371+0000] {subprocess.py:106} INFO - 	at py4j.commands.CallCommand.execute(CallCommand.java:79)
[2026-04-14T03:16:26.373+0000] {subprocess.py:106} INFO - 	at py4j.ClientServerConnection.waitForCommands(ClientServerConnection.java:184)
[2026-04-14T03:16:26.378+0000] {subprocess.py:106} INFO - 	at py4j.ClientServerConnection.run(ClientServerConnection.java:108)
[2026-04-14T03:16:26.394+0000] {subprocess.py:106} INFO - 	at java.base/java.lang.Thread.run(Thread.java:1583)
[2026-04-14T03:16:26.399+0000] {subprocess.py:106} INFO - Caused by: java.net.UnknownHostException: 23133083thuyvan-master
[2026-04-14T03:16:26.402+0000] {subprocess.py:106} INFO - 	... 38 more
[2026-04-14T03:16:37.799+0000] {job.py:229} INFO - Heartbeat recovered after 81.99 seconds
[2026-04-14T03:17:22.277+0000] {job.py:239} ERROR - Job heartbeat failed with error
Traceback (most recent call last):
  File "/home/airflow/airflow/venv/lib/python3.12/site-packages/sqlalchemy/engine/base.py", line 3371, in _wrap_pool_connect
    return fn()
           ^^^^
  File "/home/airflow/airflow/venv/lib/python3.12/site-packages/sqlalchemy/pool/base.py", line 327, in connect
    return _ConnectionFairy._checkout(self)
           ^^^^^^^^^^^^^^^^^^^^^^^^^^^^^^^^
  File "/home/airflow/airflow/venv/lib/python3.12/site-packages/sqlalchemy/pool/base.py", line 894, in _checkout
    fairy = _ConnectionRecord.checkout(pool)
            ^^^^^^^^^^^^^^^^^^^^^^^^^^^^^^^^
  File "/home/airflow/airflow/venv/lib/python3.12/site-packages/sqlalchemy/pool/base.py", line 493, in checkout
    rec = pool._do_get()
          ^^^^^^^^^^^^^^
  File "/home/airflow/airflow/venv/lib/python3.12/site-packages/sqlalchemy/pool/impl.py", line 256, in _do_get
    return self._create_connection()
           ^^^^^^^^^^^^^^^^^^^^^^^^^
  File "/home/airflow/airflow/venv/lib/python3.12/site-packages/sqlalchemy/pool/base.py", line 273, in _create_connection
    return _ConnectionRecord(self)
           ^^^^^^^^^^^^^^^^^^^^^^^
  File "/home/airflow/airflow/venv/lib/python3.12/site-packages/sqlalchemy/pool/base.py", line 388, in __init__
    self.__connect()
  File "/home/airflow/airflow/venv/lib/python3.12/site-packages/sqlalchemy/pool/base.py", line 690, in __connect
    with util.safe_reraise():
         ^^^^^^^^^^^^^^^^^^^
  File "/home/airflow/airflow/venv/lib/python3.12/site-packages/sqlalchemy/util/langhelpers.py", line 70, in __exit__
    compat.raise_(
  File "/home/airflow/airflow/venv/lib/python3.12/site-packages/sqlalchemy/util/compat.py", line 211, in raise_
    raise exception
  File "/home/airflow/airflow/venv/lib/python3.12/site-packages/sqlalchemy/pool/base.py", line 686, in __connect
    self.dbapi_connection = connection = pool._invoke_creator(self)
                                         ^^^^^^^^^^^^^^^^^^^^^^^^^^
  File "/home/airflow/airflow/venv/lib/python3.12/site-packages/sqlalchemy/engine/create.py", line 574, in connect
    return dialect.connect(*cargs, **cparams)
           ^^^^^^^^^^^^^^^^^^^^^^^^^^^^^^^^^^
  File "/home/airflow/airflow/venv/lib/python3.12/site-packages/sqlalchemy/engine/default.py", line 598, in connect
    return self.dbapi.connect(*cargs, **cparams)
           ^^^^^^^^^^^^^^^^^^^^^^^^^^^^^^^^^^^^^
  File "/home/airflow/airflow/venv/lib/python3.12/site-packages/psycopg2/__init__.py", line 122, in connect
    conn = _connect(dsn, connection_factory=connection_factory, **kwasync)
           ^^^^^^^^^^^^^^^^^^^^^^^^^^^^^^^^^^^^^^^^^^^^^^^^^^^^^^^^^^^^^^^
psycopg2.OperationalError: could not translate host name "***" to address: Temporary failure in name resolution


The above exception was the direct cause of the following exception:

Traceback (most recent call last):
  File "/home/airflow/airflow/venv/lib/python3.12/site-packages/airflow/jobs/job.py", line 207, in heartbeat
    self._merge_from(Job._fetch_from_db(self, session))
                     ^^^^^^^^^^^^^^^^^^^^^^^^^^^^^^^^^
  File "/home/airflow/airflow/venv/lib/python3.12/site-packages/airflow/api_internal/internal_api_call.py", line 166, in wrapper
    return func(*args, **kwargs)
           ^^^^^^^^^^^^^^^^^^^^^
  File "/home/airflow/airflow/venv/lib/python3.12/site-packages/airflow/utils/session.py", line 94, in wrapper
    return func(*args, **kwargs)
           ^^^^^^^^^^^^^^^^^^^^^
  File "/home/airflow/airflow/venv/lib/python3.12/site-packages/airflow/utils/retries.py", line 93, in wrapped_function
    for attempt in run_with_db_retries(max_retries=retries, logger=logger, **retry_kwargs):
                   ^^^^^^^^^^^^^^^^^^^^^^^^^^^^^^^^^^^^^^^^^^^^^^^^^^^^^^^^^^^^^^^^^^^^^^^
  File "/home/airflow/airflow/venv/lib/python3.12/site-packages/tenacity/__init__.py", line 438, in __iter__
    do = self.iter(retry_state=retry_state)
         ^^^^^^^^^^^^^^^^^^^^^^^^^^^^^^^^^^
  File "/home/airflow/airflow/venv/lib/python3.12/site-packages/tenacity/__init__.py", line 371, in iter
    result = action(retry_state)
             ^^^^^^^^^^^^^^^^^^^
  File "/home/airflow/airflow/venv/lib/python3.12/site-packages/tenacity/__init__.py", line 413, in exc_check
    raise retry_exc.reraise()
          ^^^^^^^^^^^^^^^^^^^
  File "/home/airflow/airflow/venv/lib/python3.12/site-packages/tenacity/__init__.py", line 184, in reraise
    raise self.last_attempt.result()
          ^^^^^^^^^^^^^^^^^^^^^^^^^^
  File "/usr/local/lib/python3.12/concurrent/futures/_base.py", line 449, in result
    return self.__get_result()
           ^^^^^^^^^^^^^^^^^^^
  File "/usr/local/lib/python3.12/concurrent/futures/_base.py", line 401, in __get_result
    raise self._exception
  File "/home/airflow/airflow/venv/lib/python3.12/site-packages/airflow/utils/retries.py", line 102, in wrapped_function
    return func(*args, **kwargs)
           ^^^^^^^^^^^^^^^^^^^^^
  File "/home/airflow/airflow/venv/lib/python3.12/site-packages/airflow/jobs/job.py", line 335, in _fetch_from_db
    session.merge(job)
  File "/home/airflow/airflow/venv/lib/python3.12/site-packages/sqlalchemy/orm/session.py", line 3056, in merge
    return self._merge(
           ^^^^^^^^^^^^
  File "/home/airflow/airflow/venv/lib/python3.12/site-packages/sqlalchemy/orm/session.py", line 3136, in _merge
    merged = self.get(
             ^^^^^^^^^
  File "/home/airflow/airflow/venv/lib/python3.12/site-packages/sqlalchemy/orm/session.py", line 2853, in get
    return self._get_impl(
           ^^^^^^^^^^^^^^^
  File "/home/airflow/airflow/venv/lib/python3.12/site-packages/sqlalchemy/orm/session.py", line 2975, in _get_impl
    return db_load_fn(
           ^^^^^^^^^^^
  File "/home/airflow/airflow/venv/lib/python3.12/site-packages/sqlalchemy/orm/loading.py", line 530, in load_on_pk_identity
    session.execute(
  File "/home/airflow/airflow/venv/lib/python3.12/site-packages/sqlalchemy/orm/session.py", line 1716, in execute
    conn = self._connection_for_bind(bind)
           ^^^^^^^^^^^^^^^^^^^^^^^^^^^^^^^
  File "/home/airflow/airflow/venv/lib/python3.12/site-packages/sqlalchemy/orm/session.py", line 1555, in _connection_for_bind
    return self._transaction._connection_for_bind(
           ^^^^^^^^^^^^^^^^^^^^^^^^^^^^^^^^^^^^^^^
  File "/home/airflow/airflow/venv/lib/python3.12/site-packages/sqlalchemy/orm/session.py", line 750, in _connection_for_bind
    conn = bind.connect()
           ^^^^^^^^^^^^^^
  File "/home/airflow/airflow/venv/lib/python3.12/site-packages/sqlalchemy/future/engine.py", line 412, in connect
    return super(Engine, self).connect()
           ^^^^^^^^^^^^^^^^^^^^^^^^^^^^^
  File "/home/airflow/airflow/venv/lib/python3.12/site-packages/sqlalchemy/engine/base.py", line 3325, in connect
    return self._connection_cls(self, close_with_result=close_with_result)
           ^^^^^^^^^^^^^^^^^^^^^^^^^^^^^^^^^^^^^^^^^^^^^^^^^^^^^^^^^^^^^^^
  File "/home/airflow/airflow/venv/lib/python3.12/site-packages/sqlalchemy/engine/base.py", line 96, in __init__
    else engine.raw_connection()
         ^^^^^^^^^^^^^^^^^^^^^^^
  File "/home/airflow/airflow/venv/lib/python3.12/site-packages/sqlalchemy/engine/base.py", line 3404, in raw_connection
    return self._wrap_pool_connect(self.pool.connect, _connection)
           ^^^^^^^^^^^^^^^^^^^^^^^^^^^^^^^^^^^^^^^^^^^^^^^^^^^^^^^
  File "/home/airflow/airflow/venv/lib/python3.12/site-packages/sqlalchemy/engine/base.py", line 3374, in _wrap_pool_connect
    Connection._handle_dbapi_exception_noconnection(
  File "/home/airflow/airflow/venv/lib/python3.12/site-packages/sqlalchemy/engine/base.py", line 2208, in _handle_dbapi_exception_noconnection
    util.raise_(
  File "/home/airflow/airflow/venv/lib/python3.12/site-packages/sqlalchemy/util/compat.py", line 211, in raise_
    raise exception
  File "/home/airflow/airflow/venv/lib/python3.12/site-packages/sqlalchemy/engine/base.py", line 3371, in _wrap_pool_connect
    return fn()
           ^^^^
  File "/home/airflow/airflow/venv/lib/python3.12/site-packages/sqlalchemy/pool/base.py", line 327, in connect
    return _ConnectionFairy._checkout(self)
           ^^^^^^^^^^^^^^^^^^^^^^^^^^^^^^^^
  File "/home/airflow/airflow/venv/lib/python3.12/site-packages/sqlalchemy/pool/base.py", line 894, in _checkout
    fairy = _ConnectionRecord.checkout(pool)
            ^^^^^^^^^^^^^^^^^^^^^^^^^^^^^^^^
  File "/home/airflow/airflow/venv/lib/python3.12/site-packages/sqlalchemy/pool/base.py", line 493, in checkout
    rec = pool._do_get()
          ^^^^^^^^^^^^^^
  File "/home/airflow/airflow/venv/lib/python3.12/site-packages/sqlalchemy/pool/impl.py", line 256, in _do_get
    return self._create_connection()
           ^^^^^^^^^^^^^^^^^^^^^^^^^
  File "/home/airflow/airflow/venv/lib/python3.12/site-packages/sqlalchemy/pool/base.py", line 273, in _create_connection
    return _ConnectionRecord(self)
           ^^^^^^^^^^^^^^^^^^^^^^^
  File "/home/airflow/airflow/venv/lib/python3.12/site-packages/sqlalchemy/pool/base.py", line 388, in __init__
    self.__connect()
  File "/home/airflow/airflow/venv/lib/python3.12/site-packages/sqlalchemy/pool/base.py", line 690, in __connect
    with util.safe_reraise():
         ^^^^^^^^^^^^^^^^^^^
  File "/home/airflow/airflow/venv/lib/python3.12/site-packages/sqlalchemy/util/langhelpers.py", line 70, in __exit__
    compat.raise_(
  File "/home/airflow/airflow/venv/lib/python3.12/site-packages/sqlalchemy/util/compat.py", line 211, in raise_
    raise exception
  File "/home/airflow/airflow/venv/lib/python3.12/site-packages/sqlalchemy/pool/base.py", line 686, in __connect
    self.dbapi_connection = connection = pool._invoke_creator(self)
                                         ^^^^^^^^^^^^^^^^^^^^^^^^^^
  File "/home/airflow/airflow/venv/lib/python3.12/site-packages/sqlalchemy/engine/create.py", line 574, in connect
    return dialect.connect(*cargs, **cparams)
           ^^^^^^^^^^^^^^^^^^^^^^^^^^^^^^^^^^
  File "/home/airflow/airflow/venv/lib/python3.12/site-packages/sqlalchemy/engine/default.py", line 598, in connect
    return self.dbapi.connect(*cargs, **cparams)
           ^^^^^^^^^^^^^^^^^^^^^^^^^^^^^^^^^^^^^
  File "/home/airflow/airflow/venv/lib/python3.12/site-packages/psycopg2/__init__.py", line 122, in connect
    conn = _connect(dsn, connection_factory=connection_factory, **kwasync)
           ^^^^^^^^^^^^^^^^^^^^^^^^^^^^^^^^^^^^^^^^^^^^^^^^^^^^^^^^^^^^^^^
sqlalchemy.exc.OperationalError: (psycopg2.OperationalError) could not translate host name "***" to address: Temporary failure in name resolution

(Background on this error at: https://sqlalche.me/e/14/e3q8)
[2026-04-14T03:17:25.103+0000] {job.py:254} ERROR - Job heartbeat failed with error. Scheduler is in unhealthy state
[2026-04-14T03:17:36.240+0000] {job.py:229} INFO - Heartbeat recovered after 51.93 seconds
[2026-04-14T03:17:53.479+0000] {subprocess.py:106} INFO - 26/04/14 03:17:53 INFO CatalogUtil: Loading custom FileIO implementation: org.apache.iceberg.hadoop.HadoopFileIO
[2026-04-14T03:17:56.555+0000] {subprocess.py:106} INFO - 26/04/14 03:17:55 INFO HiveConf: Found configuration file file:/home/spark/spark/conf/hive-site.xml
[2026-04-14T03:18:01.530+0000] {subprocess.py:106} INFO - 26/04/14 03:18:01 INFO metastore: Trying to connect to metastore with URI thrift://23133083thuyvan-master:9083
[2026-04-14T03:18:15.038+0000] {job.py:229} INFO - Heartbeat recovered after 15.91 seconds
[2026-04-14T03:18:15.392+0000] {subprocess.py:106} INFO - 26/04/14 03:18:14 WARN metastore: Failed to connect to the MetaStore Server...
[2026-04-14T03:18:15.454+0000] {subprocess.py:106} INFO - 26/04/14 03:18:14 INFO metastore: Waiting 1 seconds before next connection attempt.
[2026-04-14T03:18:15.458+0000] {subprocess.py:106} INFO - 26/04/14 03:18:15 INFO metastore: Trying to connect to metastore with URI thrift://23133083thuyvan-master:9083
[2026-04-14T03:18:15.462+0000] {subprocess.py:106} INFO - 26/04/14 03:18:15 WARN metastore: Failed to connect to the MetaStore Server...
[2026-04-14T03:18:15.466+0000] {subprocess.py:106} INFO - 26/04/14 03:18:15 INFO metastore: Waiting 1 seconds before next connection attempt.
[2026-04-14T03:18:16.367+0000] {subprocess.py:106} INFO - 26/04/14 03:18:16 INFO metastore: Trying to connect to metastore with URI thrift://23133083thuyvan-master:9083
[2026-04-14T03:18:16.373+0000] {subprocess.py:106} INFO - 26/04/14 03:18:16 WARN metastore: Failed to connect to the MetaStore Server...
[2026-04-14T03:18:16.377+0000] {subprocess.py:106} INFO - 26/04/14 03:18:16 INFO metastore: Waiting 1 seconds before next connection attempt.
[2026-04-14T03:18:21.331+0000] {subprocess.py:106} INFO - Traceback (most recent call last):
[2026-04-14T03:18:21.334+0000] {subprocess.py:106} INFO -   File "/home/spark/spark/spark_jobs/train_model.py", line 22, in <module>
[2026-04-14T03:18:21.395+0000] {subprocess.py:106} INFO -     .load("iceberg.air_quality_ml.air_quality_gold")
[2026-04-14T03:18:21.396+0000] {subprocess.py:106} INFO -   File "/home/spark/spark/python/lib/pyspark.zip/pyspark/sql/readwriter.py", line 311, in load
[2026-04-14T03:18:21.417+0000] {subprocess.py:106} INFO -   File "/home/spark/spark/python/lib/py4j-0.10.9.9-src.zip/py4j/java_gateway.py", line 1362, in __call__
[2026-04-14T03:18:21.418+0000] {subprocess.py:106} INFO -   File "/home/spark/spark/python/lib/pyspark.zip/pyspark/errors/exceptions/captured.py", line 282, in deco
[2026-04-14T03:18:21.420+0000] {subprocess.py:106} INFO -   File "/home/spark/spark/python/lib/py4j-0.10.9.9-src.zip/py4j/protocol.py", line 327, in get_return_value
[2026-04-14T03:18:21.551+0000] {subprocess.py:106} INFO - py4j.protocol.Py4JJavaError: An error occurred while calling o54.load.
[2026-04-14T03:18:21.552+0000] {subprocess.py:106} INFO - : org.apache.iceberg.hive.RuntimeMetaException: Failed to connect to Hive Metastore
[2026-04-14T03:18:21.554+0000] {subprocess.py:106} INFO - 	at org.apache.iceberg.hive.HiveClientPool.newClient(HiveClientPool.java:85)
[2026-04-14T03:18:21.555+0000] {subprocess.py:106} INFO - 	at org.apache.iceberg.hive.HiveClientPool.newClient(HiveClientPool.java:34)
[2026-04-14T03:18:21.558+0000] {subprocess.py:106} INFO - 	at org.apache.iceberg.ClientPoolImpl.get(ClientPoolImpl.java:143)
[2026-04-14T03:18:21.564+0000] {subprocess.py:106} INFO - 	at org.apache.iceberg.ClientPoolImpl.run(ClientPoolImpl.java:70)
[2026-04-14T03:18:21.565+0000] {subprocess.py:106} INFO - 	at org.apache.iceberg.ClientPoolImpl.run(ClientPoolImpl.java:65)
[2026-04-14T03:18:21.567+0000] {subprocess.py:106} INFO - 	at org.apache.iceberg.hive.CachedClientPool.run(CachedClientPool.java:122)
[2026-04-14T03:18:21.569+0000] {subprocess.py:106} INFO - 	at org.apache.iceberg.hive.HiveTableOperations.doRefresh(HiveTableOperations.java:107)
[2026-04-14T03:18:21.570+0000] {subprocess.py:106} INFO - 	at org.apache.iceberg.BaseMetastoreTableOperations.refresh(BaseMetastoreTableOperations.java:88)
[2026-04-14T03:18:21.571+0000] {subprocess.py:106} INFO - 	at org.apache.iceberg.BaseMetastoreTableOperations.current(BaseMetastoreTableOperations.java:71)
[2026-04-14T03:18:21.572+0000] {subprocess.py:106} INFO - 	at org.apache.iceberg.BaseMetastoreCatalog.loadTable(BaseMetastoreCatalog.java:49)
[2026-04-14T03:18:21.573+0000] {subprocess.py:106} INFO - 	at org.apache.iceberg.shaded.com.github.benmanes.caffeine.cache.BoundedLocalCache.lambda$doComputeIfAbsent$14(BoundedLocalCache.java:2406)
[2026-04-14T03:18:21.576+0000] {subprocess.py:106} INFO - 	at java.base/java.util.concurrent.ConcurrentHashMap.compute(ConcurrentHashMap.java:1916)
[2026-04-14T03:18:21.577+0000] {subprocess.py:106} INFO - 	at org.apache.iceberg.shaded.com.github.benmanes.caffeine.cache.BoundedLocalCache.doComputeIfAbsent(BoundedLocalCache.java:2404)
[2026-04-14T03:18:21.579+0000] {subprocess.py:106} INFO - 	at org.apache.iceberg.shaded.com.github.benmanes.caffeine.cache.BoundedLocalCache.computeIfAbsent(BoundedLocalCache.java:2387)
[2026-04-14T03:18:21.580+0000] {subprocess.py:106} INFO - 	at org.apache.iceberg.shaded.com.github.benmanes.caffeine.cache.LocalCache.computeIfAbsent(LocalCache.java:108)
[2026-04-14T03:18:21.589+0000] {subprocess.py:106} INFO - 	at org.apache.iceberg.shaded.com.github.benmanes.caffeine.cache.LocalManualCache.get(LocalManualCache.java:62)
[2026-04-14T03:18:21.590+0000] {subprocess.py:106} INFO - 	at org.apache.iceberg.CachingCatalog.loadTable(CachingCatalog.java:147)
[2026-04-14T03:18:21.591+0000] {subprocess.py:106} INFO - 	at org.apache.iceberg.spark.SparkCatalog.load(SparkCatalog.java:846)
[2026-04-14T03:18:21.592+0000] {subprocess.py:106} INFO - 	at org.apache.iceberg.spark.SparkCatalog.loadTable(SparkCatalog.java:171)
[2026-04-14T03:18:21.593+0000] {subprocess.py:106} INFO - 	at org.apache.spark.sql.connector.catalog.CatalogV2Util$.getTable(CatalogV2Util.scala:438)
[2026-04-14T03:18:21.594+0000] {subprocess.py:106} INFO - 	at org.apache.spark.sql.execution.datasources.v2.DataSourceV2Utils$.loadV2Source(DataSourceV2Utils.scala:144)
[2026-04-14T03:18:21.595+0000] {subprocess.py:106} INFO - 	at org.apache.spark.sql.catalyst.analysis.ResolveDataSource$$anonfun$apply$1.$anonfun$applyOrElse$1(ResolveDataSource.scala:60)
[2026-04-14T03:18:21.596+0000] {subprocess.py:106} INFO - 	at scala.Option.flatMap(Option.scala:283)
[2026-04-14T03:18:21.597+0000] {subprocess.py:106} INFO - 	at org.apache.spark.sql.catalyst.analysis.ResolveDataSource$$anonfun$apply$1.applyOrElse(ResolveDataSource.scala:58)
[2026-04-14T03:18:21.598+0000] {subprocess.py:106} INFO - 	at org.apache.spark.sql.catalyst.analysis.ResolveDataSource$$anonfun$apply$1.applyOrElse(ResolveDataSource.scala:45)
[2026-04-14T03:18:21.599+0000] {subprocess.py:106} INFO - 	at org.apache.spark.sql.catalyst.plans.logical.AnalysisHelper.$anonfun$resolveOperatorsUpWithPruning$3(AnalysisHelper.scala:139)
[2026-04-14T03:18:21.602+0000] {subprocess.py:106} INFO - 	at org.apache.spark.sql.catalyst.trees.CurrentOrigin$.withOrigin(origin.scala:86)
[2026-04-14T03:18:21.603+0000] {subprocess.py:106} INFO - 	at org.apache.spark.sql.catalyst.plans.logical.AnalysisHelper.$anonfun$resolveOperatorsUpWithPruning$1(AnalysisHelper.scala:139)
[2026-04-14T03:18:21.605+0000] {subprocess.py:106} INFO - 	at org.apache.spark.sql.catalyst.plans.logical.AnalysisHelper$.allowInvokingTransformsInAnalyzer(AnalysisHelper.scala:416)
[2026-04-14T03:18:21.606+0000] {subprocess.py:106} INFO - 	at org.apache.spark.sql.catalyst.plans.logical.AnalysisHelper.resolveOperatorsUpWithPruning(AnalysisHelper.scala:135)
[2026-04-14T03:18:21.610+0000] {subprocess.py:106} INFO - 	at org.apache.spark.sql.catalyst.plans.logical.AnalysisHelper.resolveOperatorsUpWithPruning$(AnalysisHelper.scala:131)
[2026-04-14T03:18:21.614+0000] {subprocess.py:106} INFO - 	at org.apache.spark.sql.catalyst.plans.logical.LogicalPlan.resolveOperatorsUpWithPruning(LogicalPlan.scala:37)
[2026-04-14T03:18:21.617+0000] {subprocess.py:106} INFO - 	at org.apache.spark.sql.catalyst.plans.logical.AnalysisHelper.resolveOperatorsUp(AnalysisHelper.scala:112)
[2026-04-14T03:18:21.620+0000] {subprocess.py:106} INFO - 	at org.apache.spark.sql.catalyst.plans.logical.AnalysisHelper.resolveOperatorsUp$(AnalysisHelper.scala:111)
[2026-04-14T03:18:21.621+0000] {subprocess.py:106} INFO - 	at org.apache.spark.sql.catalyst.plans.logical.LogicalPlan.resolveOperatorsUp(LogicalPlan.scala:37)
[2026-04-14T03:18:21.625+0000] {subprocess.py:106} INFO - 	at org.apache.spark.sql.catalyst.analysis.ResolveDataSource.apply(ResolveDataSource.scala:45)
[2026-04-14T03:18:21.627+0000] {subprocess.py:106} INFO - 	at org.apache.spark.sql.catalyst.analysis.ResolveDataSource.apply(ResolveDataSource.scala:43)
[2026-04-14T03:18:21.629+0000] {subprocess.py:106} INFO - 	at org.apache.spark.sql.catalyst.rules.RuleExecutor.$anonfun$execute$2(RuleExecutor.scala:242)
[2026-04-14T03:18:21.630+0000] {subprocess.py:106} INFO - 	at scala.collection.LinearSeqOps.foldLeft(LinearSeq.scala:183)
[2026-04-14T03:18:21.631+0000] {subprocess.py:106} INFO - 	at scala.collection.LinearSeqOps.foldLeft$(LinearSeq.scala:179)
[2026-04-14T03:18:21.636+0000] {subprocess.py:106} INFO - 	at scala.collection.immutable.List.foldLeft(List.scala:79)
[2026-04-14T03:18:21.638+0000] {subprocess.py:106} INFO - 	at org.apache.spark.sql.catalyst.rules.RuleExecutor.$anonfun$execute$1(RuleExecutor.scala:239)
[2026-04-14T03:18:21.639+0000] {subprocess.py:106} INFO - 	at org.apache.spark.sql.catalyst.rules.RuleExecutor.$anonfun$execute$1$adapted(RuleExecutor.scala:231)
[2026-04-14T03:18:21.641+0000] {subprocess.py:106} INFO - 	at scala.collection.immutable.List.foreach(List.scala:334)
[2026-04-14T03:18:21.642+0000] {subprocess.py:106} INFO - 	at org.apache.spark.sql.catalyst.rules.RuleExecutor.execute(RuleExecutor.scala:231)
[2026-04-14T03:18:21.643+0000] {subprocess.py:106} INFO - 	at org.apache.spark.sql.catalyst.analysis.Analyzer.org$apache$spark$sql$catalyst$analysis$Analyzer$$executeSameContext(Analyzer.scala:340)
[2026-04-14T03:18:21.644+0000] {subprocess.py:106} INFO - 	at org.apache.spark.sql.catalyst.analysis.Analyzer.$anonfun$execute$1(Analyzer.scala:336)
[2026-04-14T03:18:21.645+0000] {subprocess.py:106} INFO - 	at org.apache.spark.sql.catalyst.analysis.AnalysisContext$.withNewAnalysisContext(Analyzer.scala:234)
[2026-04-14T03:18:21.646+0000] {subprocess.py:106} INFO - 	at org.apache.spark.sql.catalyst.analysis.Analyzer.execute(Analyzer.scala:336)
[2026-04-14T03:18:21.647+0000] {subprocess.py:106} INFO - 	at org.apache.spark.sql.catalyst.analysis.Analyzer.execute(Analyzer.scala:299)
[2026-04-14T03:18:21.652+0000] {subprocess.py:106} INFO - 	at org.apache.spark.sql.catalyst.rules.RuleExecutor.$anonfun$executeAndTrack$1(RuleExecutor.scala:201)
[2026-04-14T03:18:21.653+0000] {subprocess.py:106} INFO - 	at org.apache.spark.sql.catalyst.QueryPlanningTracker$.withTracker(QueryPlanningTracker.scala:89)
[2026-04-14T03:18:21.654+0000] {subprocess.py:106} INFO - 	at org.apache.spark.sql.catalyst.rules.RuleExecutor.executeAndTrack(RuleExecutor.scala:201)
[2026-04-14T03:18:21.655+0000] {subprocess.py:106} INFO - 	at org.apache.spark.sql.catalyst.analysis.resolver.HybridAnalyzer.resolveInFixedPoint(HybridAnalyzer.scala:190)
[2026-04-14T03:18:21.656+0000] {subprocess.py:106} INFO - 	at org.apache.spark.sql.catalyst.analysis.resolver.HybridAnalyzer.$anonfun$apply$1(HybridAnalyzer.scala:76)
[2026-04-14T03:18:21.659+0000] {subprocess.py:106} INFO - 	at org.apache.spark.sql.catalyst.analysis.resolver.HybridAnalyzer.withTrackedAnalyzerBridgeState(HybridAnalyzer.scala:111)
[2026-04-14T03:18:21.661+0000] {subprocess.py:106} INFO - 	at org.apache.spark.sql.catalyst.analysis.resolver.HybridAnalyzer.apply(HybridAnalyzer.scala:71)
[2026-04-14T03:18:21.664+0000] {subprocess.py:106} INFO - 	at org.apache.spark.sql.catalyst.analysis.Analyzer.$anonfun$executeAndCheck$1(Analyzer.scala:330)
[2026-04-14T03:18:21.666+0000] {subprocess.py:106} INFO - 	at org.apache.spark.sql.catalyst.plans.logical.AnalysisHelper$.markInAnalyzer(AnalysisHelper.scala:423)
[2026-04-14T03:18:21.667+0000] {subprocess.py:106} INFO - 	at org.apache.spark.sql.catalyst.analysis.Analyzer.executeAndCheck(Analyzer.scala:330)
[2026-04-14T03:18:21.668+0000] {subprocess.py:106} INFO - 	at org.apache.spark.sql.execution.QueryExecution.$anonfun$lazyAnalyzed$2(QueryExecution.scala:110)
[2026-04-14T03:18:21.669+0000] {subprocess.py:106} INFO - 	at org.apache.spark.sql.catalyst.QueryPlanningTracker.measurePhase(QueryPlanningTracker.scala:148)
[2026-04-14T03:18:21.671+0000] {subprocess.py:106} INFO - 	at org.apache.spark.sql.execution.QueryExecution.$anonfun$executePhase$2(QueryExecution.scala:278)
[2026-04-14T03:18:21.685+0000] {subprocess.py:106} INFO - 	at org.apache.spark.sql.execution.QueryExecution$.withInternalError(QueryExecution.scala:654)
[2026-04-14T03:18:21.686+0000] {subprocess.py:106} INFO - 	at org.apache.spark.sql.execution.QueryExecution.$anonfun$executePhase$1(QueryExecution.scala:278)
[2026-04-14T03:18:21.687+0000] {subprocess.py:106} INFO - 	at org.apache.spark.sql.SparkSession.withActive(SparkSession.scala:804)
[2026-04-14T03:18:21.688+0000] {subprocess.py:106} INFO - 	at org.apache.spark.sql.execution.QueryExecution.executePhase(QueryExecution.scala:277)
[2026-04-14T03:18:21.689+0000] {subprocess.py:106} INFO - 	at org.apache.spark.sql.execution.QueryExecution.$anonfun$lazyAnalyzed$1(QueryExecution.scala:110)
[2026-04-14T03:18:21.690+0000] {subprocess.py:106} INFO - 	at scala.util.Try$.apply(Try.scala:217)
[2026-04-14T03:18:21.690+0000] {subprocess.py:106} INFO - 	at org.apache.spark.util.Utils$.doTryWithCallerStacktrace(Utils.scala:1378)
[2026-04-14T03:18:21.692+0000] {subprocess.py:106} INFO - 	at org.apache.spark.util.Utils$.getTryWithCallerStacktrace(Utils.scala:1439)
[2026-04-14T03:18:21.693+0000] {subprocess.py:106} INFO - 	at org.apache.spark.util.LazyTry.get(LazyTry.scala:58)
[2026-04-14T03:18:21.694+0000] {subprocess.py:106} INFO - 	at org.apache.spark.sql.execution.QueryExecution.analyzed(QueryExecution.scala:121)
[2026-04-14T03:18:21.695+0000] {subprocess.py:106} INFO - 	at org.apache.spark.sql.execution.QueryExecution.assertAnalyzed(QueryExecution.scala:80)
[2026-04-14T03:18:21.696+0000] {subprocess.py:106} INFO - 	at org.apache.spark.sql.classic.Dataset$.$anonfun$ofRows$1(Dataset.scala:115)
[2026-04-14T03:18:21.697+0000] {subprocess.py:106} INFO - 	at org.apache.spark.sql.SparkSession.withActive(SparkSession.scala:804)
[2026-04-14T03:18:21.698+0000] {subprocess.py:106} INFO - 	at org.apache.spark.sql.classic.Dataset$.ofRows(Dataset.scala:113)
[2026-04-14T03:18:21.698+0000] {subprocess.py:106} INFO - 	at org.apache.spark.sql.classic.DataFrameReader.load(DataFrameReader.scala:109)
[2026-04-14T03:18:21.699+0000] {subprocess.py:106} INFO - 	at org.apache.spark.sql.classic.DataFrameReader.load(DataFrameReader.scala:100)
[2026-04-14T03:18:21.700+0000] {subprocess.py:106} INFO - 	at org.apache.spark.sql.classic.DataFrameReader.load(DataFrameReader.scala:58)
[2026-04-14T03:18:21.702+0000] {subprocess.py:106} INFO - 	at java.base/jdk.internal.reflect.NativeMethodAccessorImpl.invoke0(Native Method)
[2026-04-14T03:18:21.703+0000] {subprocess.py:106} INFO - 	at java.base/jdk.internal.reflect.NativeMethodAccessorImpl.invoke(NativeMethodAccessorImpl.java:75)
[2026-04-14T03:18:21.704+0000] {subprocess.py:106} INFO - 	at java.base/jdk.internal.reflect.DelegatingMethodAccessorImpl.invoke(DelegatingMethodAccessorImpl.java:52)
[2026-04-14T03:18:21.705+0000] {subprocess.py:106} INFO - 	at java.base/java.lang.reflect.Method.invoke(Method.java:580)
[2026-04-14T03:18:21.705+0000] {subprocess.py:106} INFO - 	at py4j.reflection.MethodInvoker.invoke(MethodInvoker.java:244)
[2026-04-14T03:18:21.706+0000] {subprocess.py:106} INFO - 	at py4j.reflection.ReflectionEngine.invoke(ReflectionEngine.java:374)
[2026-04-14T03:18:21.707+0000] {subprocess.py:106} INFO - 	at py4j.Gateway.invoke(Gateway.java:282)
[2026-04-14T03:18:21.708+0000] {subprocess.py:106} INFO - 	at py4j.commands.AbstractCommand.invokeMethod(AbstractCommand.java:132)
[2026-04-14T03:18:21.709+0000] {subprocess.py:106} INFO - 	at py4j.commands.CallCommand.execute(CallCommand.java:79)
[2026-04-14T03:18:21.710+0000] {subprocess.py:106} INFO - 	at py4j.ClientServerConnection.waitForCommands(ClientServerConnection.java:184)
[2026-04-14T03:18:21.710+0000] {subprocess.py:106} INFO - 	at py4j.ClientServerConnection.run(ClientServerConnection.java:108)
[2026-04-14T03:18:21.712+0000] {subprocess.py:106} INFO - 	at java.base/java.lang.Thread.run(Thread.java:1583)
[2026-04-14T03:18:21.712+0000] {subprocess.py:106} INFO - 	Suppressed: org.apache.spark.util.Utils$OriginalTryStackTraceException: Full stacktrace of original doTryWithCallerStacktrace caller
[2026-04-14T03:18:21.713+0000] {subprocess.py:106} INFO - 		at org.apache.iceberg.hive.HiveClientPool.newClient(HiveClientPool.java:85)
[2026-04-14T03:18:21.714+0000] {subprocess.py:106} INFO - 		at org.apache.iceberg.hive.HiveClientPool.newClient(HiveClientPool.java:34)
[2026-04-14T03:18:21.715+0000] {subprocess.py:106} INFO - 		at org.apache.iceberg.ClientPoolImpl.get(ClientPoolImpl.java:143)
[2026-04-14T03:18:21.716+0000] {subprocess.py:106} INFO - 		at org.apache.iceberg.ClientPoolImpl.run(ClientPoolImpl.java:70)
[2026-04-14T03:18:21.717+0000] {subprocess.py:106} INFO - 		at org.apache.iceberg.ClientPoolImpl.run(ClientPoolImpl.java:65)
[2026-04-14T03:18:21.718+0000] {subprocess.py:106} INFO - 		at org.apache.iceberg.hive.CachedClientPool.run(CachedClientPool.java:122)
[2026-04-14T03:18:21.719+0000] {subprocess.py:106} INFO - 		at org.apache.iceberg.hive.HiveTableOperations.doRefresh(HiveTableOperations.java:107)
[2026-04-14T03:18:21.720+0000] {subprocess.py:106} INFO - 		at org.apache.iceberg.BaseMetastoreTableOperations.refresh(BaseMetastoreTableOperations.java:88)
[2026-04-14T03:18:21.721+0000] {subprocess.py:106} INFO - 		at org.apache.iceberg.BaseMetastoreTableOperations.current(BaseMetastoreTableOperations.java:71)
[2026-04-14T03:18:21.722+0000] {subprocess.py:106} INFO - 		at org.apache.iceberg.BaseMetastoreCatalog.loadTable(BaseMetastoreCatalog.java:49)
[2026-04-14T03:18:21.723+0000] {subprocess.py:106} INFO - 		at org.apache.iceberg.shaded.com.github.benmanes.caffeine.cache.BoundedLocalCache.lambda$doComputeIfAbsent$14(BoundedLocalCache.java:2406)
[2026-04-14T03:18:21.724+0000] {subprocess.py:106} INFO - 		at java.base/java.util.concurrent.ConcurrentHashMap.compute(ConcurrentHashMap.java:1916)
[2026-04-14T03:18:21.725+0000] {subprocess.py:106} INFO - 		at org.apache.iceberg.shaded.com.github.benmanes.caffeine.cache.BoundedLocalCache.doComputeIfAbsent(BoundedLocalCache.java:2404)
[2026-04-14T03:18:21.726+0000] {subprocess.py:106} INFO - 		at org.apache.iceberg.shaded.com.github.benmanes.caffeine.cache.BoundedLocalCache.computeIfAbsent(BoundedLocalCache.java:2387)
[2026-04-14T03:18:21.726+0000] {subprocess.py:106} INFO - 		at org.apache.iceberg.shaded.com.github.benmanes.caffeine.cache.LocalCache.computeIfAbsent(LocalCache.java:108)
[2026-04-14T03:18:21.727+0000] {subprocess.py:106} INFO - 		at org.apache.iceberg.shaded.com.github.benmanes.caffeine.cache.LocalManualCache.get(LocalManualCache.java:62)
[2026-04-14T03:18:21.728+0000] {subprocess.py:106} INFO - 		at org.apache.iceberg.CachingCatalog.loadTable(CachingCatalog.java:147)
[2026-04-14T03:18:21.729+0000] {subprocess.py:106} INFO - 		at org.apache.iceberg.spark.SparkCatalog.load(SparkCatalog.java:846)
[2026-04-14T03:18:21.729+0000] {subprocess.py:106} INFO - 		at org.apache.iceberg.spark.SparkCatalog.loadTable(SparkCatalog.java:171)
[2026-04-14T03:18:21.730+0000] {subprocess.py:106} INFO - 		at org.apache.spark.sql.connector.catalog.CatalogV2Util$.getTable(CatalogV2Util.scala:438)
[2026-04-14T03:18:21.731+0000] {subprocess.py:106} INFO - 		at org.apache.spark.sql.execution.datasources.v2.DataSourceV2Utils$.loadV2Source(DataSourceV2Utils.scala:144)
[2026-04-14T03:18:21.732+0000] {subprocess.py:106} INFO - 		at org.apache.spark.sql.catalyst.analysis.ResolveDataSource$$anonfun$apply$1.$anonfun$applyOrElse$1(ResolveDataSource.scala:60)
[2026-04-14T03:18:21.732+0000] {subprocess.py:106} INFO - 		at scala.Option.flatMap(Option.scala:283)
[2026-04-14T03:18:21.733+0000] {subprocess.py:106} INFO - 		at org.apache.spark.sql.catalyst.analysis.ResolveDataSource$$anonfun$apply$1.applyOrElse(ResolveDataSource.scala:58)
[2026-04-14T03:18:21.734+0000] {subprocess.py:106} INFO - 		at org.apache.spark.sql.catalyst.analysis.ResolveDataSource$$anonfun$apply$1.applyOrElse(ResolveDataSource.scala:45)
[2026-04-14T03:18:21.735+0000] {subprocess.py:106} INFO - 		at org.apache.spark.sql.catalyst.plans.logical.AnalysisHelper.$anonfun$resolveOperatorsUpWithPruning$3(AnalysisHelper.scala:139)
[2026-04-14T03:18:21.736+0000] {subprocess.py:106} INFO - 		at org.apache.spark.sql.catalyst.trees.CurrentOrigin$.withOrigin(origin.scala:86)
[2026-04-14T03:18:21.737+0000] {subprocess.py:106} INFO - 		at org.apache.spark.sql.catalyst.plans.logical.AnalysisHelper.$anonfun$resolveOperatorsUpWithPruning$1(AnalysisHelper.scala:139)
[2026-04-14T03:18:21.738+0000] {subprocess.py:106} INFO - 		at org.apache.spark.sql.catalyst.plans.logical.AnalysisHelper$.allowInvokingTransformsInAnalyzer(AnalysisHelper.scala:416)
[2026-04-14T03:18:21.739+0000] {subprocess.py:106} INFO - 		at org.apache.spark.sql.catalyst.plans.logical.AnalysisHelper.resolveOperatorsUpWithPruning(AnalysisHelper.scala:135)
[2026-04-14T03:18:21.739+0000] {subprocess.py:106} INFO - 		at org.apache.spark.sql.catalyst.plans.logical.AnalysisHelper.resolveOperatorsUpWithPruning$(AnalysisHelper.scala:131)
[2026-04-14T03:18:21.740+0000] {subprocess.py:106} INFO - 		at org.apache.spark.sql.catalyst.plans.logical.LogicalPlan.resolveOperatorsUpWithPruning(LogicalPlan.scala:37)
[2026-04-14T03:18:21.741+0000] {subprocess.py:106} INFO - 		at org.apache.spark.sql.catalyst.plans.logical.AnalysisHelper.resolveOperatorsUp(AnalysisHelper.scala:112)
[2026-04-14T03:18:21.742+0000] {subprocess.py:106} INFO - 		at org.apache.spark.sql.catalyst.plans.logical.AnalysisHelper.resolveOperatorsUp$(AnalysisHelper.scala:111)
[2026-04-14T03:18:21.743+0000] {subprocess.py:106} INFO - 		at org.apache.spark.sql.catalyst.plans.logical.LogicalPlan.resolveOperatorsUp(LogicalPlan.scala:37)
[2026-04-14T03:18:21.743+0000] {subprocess.py:106} INFO - 		at org.apache.spark.sql.catalyst.analysis.ResolveDataSource.apply(ResolveDataSource.scala:45)
[2026-04-14T03:18:21.744+0000] {subprocess.py:106} INFO - 		at org.apache.spark.sql.catalyst.analysis.ResolveDataSource.apply(ResolveDataSource.scala:43)
[2026-04-14T03:18:21.745+0000] {subprocess.py:106} INFO - 		at org.apache.spark.sql.catalyst.rules.RuleExecutor.$anonfun$execute$2(RuleExecutor.scala:242)
[2026-04-14T03:18:21.746+0000] {subprocess.py:106} INFO - 		at scala.collection.LinearSeqOps.foldLeft(LinearSeq.scala:183)
[2026-04-14T03:18:21.746+0000] {subprocess.py:106} INFO - 		at scala.collection.LinearSeqOps.foldLeft$(LinearSeq.scala:179)
[2026-04-14T03:18:21.747+0000] {subprocess.py:106} INFO - 		at scala.collection.immutable.List.foldLeft(List.scala:79)
[2026-04-14T03:18:21.748+0000] {subprocess.py:106} INFO - 		at org.apache.spark.sql.catalyst.rules.RuleExecutor.$anonfun$execute$1(RuleExecutor.scala:239)
[2026-04-14T03:18:21.749+0000] {subprocess.py:106} INFO - 		at org.apache.spark.sql.catalyst.rules.RuleExecutor.$anonfun$execute$1$adapted(RuleExecutor.scala:231)
[2026-04-14T03:18:21.749+0000] {subprocess.py:106} INFO - 		at scala.collection.immutable.List.foreach(List.scala:334)
[2026-04-14T03:18:21.750+0000] {subprocess.py:106} INFO - 		at org.apache.spark.sql.catalyst.rules.RuleExecutor.execute(RuleExecutor.scala:231)
[2026-04-14T03:18:21.751+0000] {subprocess.py:106} INFO - 		at org.apache.spark.sql.catalyst.analysis.Analyzer.org$apache$spark$sql$catalyst$analysis$Analyzer$$executeSameContext(Analyzer.scala:340)
[2026-04-14T03:18:21.751+0000] {subprocess.py:106} INFO - 		at org.apache.spark.sql.catalyst.analysis.Analyzer.$anonfun$execute$1(Analyzer.scala:336)
[2026-04-14T03:18:21.752+0000] {subprocess.py:106} INFO - 		at org.apache.spark.sql.catalyst.analysis.AnalysisContext$.withNewAnalysisContext(Analyzer.scala:234)
[2026-04-14T03:18:21.753+0000] {subprocess.py:106} INFO - 		at org.apache.spark.sql.catalyst.analysis.Analyzer.execute(Analyzer.scala:336)
[2026-04-14T03:18:21.754+0000] {subprocess.py:106} INFO - 		at org.apache.spark.sql.catalyst.analysis.Analyzer.execute(Analyzer.scala:299)
[2026-04-14T03:18:21.755+0000] {subprocess.py:106} INFO - 		at org.apache.spark.sql.catalyst.rules.RuleExecutor.$anonfun$executeAndTrack$1(RuleExecutor.scala:201)
[2026-04-14T03:18:21.755+0000] {subprocess.py:106} INFO - 		at org.apache.spark.sql.catalyst.QueryPlanningTracker$.withTracker(QueryPlanningTracker.scala:89)
[2026-04-14T03:18:21.757+0000] {subprocess.py:106} INFO - 		at org.apache.spark.sql.catalyst.rules.RuleExecutor.executeAndTrack(RuleExecutor.scala:201)
[2026-04-14T03:18:21.757+0000] {subprocess.py:106} INFO - 		at org.apache.spark.sql.catalyst.analysis.resolver.HybridAnalyzer.resolveInFixedPoint(HybridAnalyzer.scala:190)
[2026-04-14T03:18:21.758+0000] {subprocess.py:106} INFO - 		at org.apache.spark.sql.catalyst.analysis.resolver.HybridAnalyzer.$anonfun$apply$1(HybridAnalyzer.scala:76)
[2026-04-14T03:18:21.759+0000] {subprocess.py:106} INFO - 		at org.apache.spark.sql.catalyst.analysis.resolver.HybridAnalyzer.withTrackedAnalyzerBridgeState(HybridAnalyzer.scala:111)
[2026-04-14T03:18:21.759+0000] {subprocess.py:106} INFO - 		at org.apache.spark.sql.catalyst.analysis.resolver.HybridAnalyzer.apply(HybridAnalyzer.scala:71)
[2026-04-14T03:18:21.760+0000] {subprocess.py:106} INFO - 		at org.apache.spark.sql.catalyst.analysis.Analyzer.$anonfun$executeAndCheck$1(Analyzer.scala:330)
[2026-04-14T03:18:21.761+0000] {subprocess.py:106} INFO - 		at org.apache.spark.sql.catalyst.plans.logical.AnalysisHelper$.markInAnalyzer(AnalysisHelper.scala:423)
[2026-04-14T03:18:21.761+0000] {subprocess.py:106} INFO - 		at org.apache.spark.sql.catalyst.analysis.Analyzer.executeAndCheck(Analyzer.scala:330)
[2026-04-14T03:18:21.762+0000] {subprocess.py:106} INFO - 		at org.apache.spark.sql.execution.QueryExecution.$anonfun$lazyAnalyzed$2(QueryExecution.scala:110)
[2026-04-14T03:18:21.763+0000] {subprocess.py:106} INFO - 		at org.apache.spark.sql.catalyst.QueryPlanningTracker.measurePhase(QueryPlanningTracker.scala:148)
[2026-04-14T03:18:21.763+0000] {subprocess.py:106} INFO - 		at org.apache.spark.sql.execution.QueryExecution.$anonfun$executePhase$2(QueryExecution.scala:278)
[2026-04-14T03:18:21.764+0000] {subprocess.py:106} INFO - 		at org.apache.spark.sql.execution.QueryExecution$.withInternalError(QueryExecution.scala:654)
[2026-04-14T03:18:21.765+0000] {subprocess.py:106} INFO - 		at org.apache.spark.sql.execution.QueryExecution.$anonfun$executePhase$1(QueryExecution.scala:278)
[2026-04-14T03:18:21.766+0000] {subprocess.py:106} INFO - 		at org.apache.spark.sql.SparkSession.withActive(SparkSession.scala:804)
[2026-04-14T03:18:21.766+0000] {subprocess.py:106} INFO - 		at org.apache.spark.sql.execution.QueryExecution.executePhase(QueryExecution.scala:277)
[2026-04-14T03:18:21.767+0000] {subprocess.py:106} INFO - 		at org.apache.spark.sql.execution.QueryExecution.$anonfun$lazyAnalyzed$1(QueryExecution.scala:110)
[2026-04-14T03:18:21.768+0000] {subprocess.py:106} INFO - 		at scala.util.Try$.apply(Try.scala:217)
[2026-04-14T03:18:21.768+0000] {subprocess.py:106} INFO - 		at org.apache.spark.util.Utils$.doTryWithCallerStacktrace(Utils.scala:1378)
[2026-04-14T03:18:21.769+0000] {subprocess.py:106} INFO - 		at org.apache.spark.util.LazyTry.tryT$lzycompute(LazyTry.scala:46)
[2026-04-14T03:18:21.770+0000] {subprocess.py:106} INFO - 		at org.apache.spark.util.LazyTry.tryT(LazyTry.scala:46)
[2026-04-14T03:18:21.770+0000] {subprocess.py:106} INFO - 		... 21 more
[2026-04-14T03:18:21.822+0000] {subprocess.py:106} INFO - Caused by: java.lang.RuntimeException: Unable to instantiate org.apache.hadoop.hive.metastore.HiveMetaStoreClient
[2026-04-14T03:18:21.823+0000] {subprocess.py:106} INFO - 	at org.apache.hadoop.hive.metastore.MetaStoreUtils.newInstance(MetaStoreUtils.java:1742)
[2026-04-14T03:18:21.827+0000] {subprocess.py:106} INFO - 	at org.apache.hadoop.hive.metastore.RetryingMetaStoreClient.<init>(RetryingMetaStoreClient.java:83)
[2026-04-14T03:18:21.828+0000] {subprocess.py:106} INFO - 	at org.apache.hadoop.hive.metastore.RetryingMetaStoreClient.getProxy(RetryingMetaStoreClient.java:133)
[2026-04-14T03:18:21.829+0000] {subprocess.py:106} INFO - 	at org.apache.hadoop.hive.metastore.RetryingMetaStoreClient.getProxy(RetryingMetaStoreClient.java:104)
[2026-04-14T03:18:21.830+0000] {subprocess.py:106} INFO - 	at org.apache.hadoop.hive.metastore.RetryingMetaStoreClient.getProxy(RetryingMetaStoreClient.java:97)
[2026-04-14T03:18:21.830+0000] {subprocess.py:106} INFO - 	at java.base/jdk.internal.reflect.NativeMethodAccessorImpl.invoke0(Native Method)
[2026-04-14T03:18:21.831+0000] {subprocess.py:106} INFO - 	at java.base/jdk.internal.reflect.NativeMethodAccessorImpl.invoke(NativeMethodAccessorImpl.java:75)
[2026-04-14T03:18:21.833+0000] {subprocess.py:106} INFO - 	at java.base/jdk.internal.reflect.DelegatingMethodAccessorImpl.invoke(DelegatingMethodAccessorImpl.java:52)
[2026-04-14T03:18:21.833+0000] {subprocess.py:106} INFO - 	at java.base/java.lang.reflect.Method.invoke(Method.java:580)
[2026-04-14T03:18:21.834+0000] {subprocess.py:106} INFO - 	at org.apache.iceberg.common.DynMethods$UnboundMethod.invokeChecked(DynMethods.java:60)
[2026-04-14T03:18:21.835+0000] {subprocess.py:106} INFO - 	at org.apache.iceberg.common.DynMethods$UnboundMethod.invoke(DynMethods.java:72)
[2026-04-14T03:18:21.835+0000] {subprocess.py:106} INFO - 	at org.apache.iceberg.common.DynMethods$StaticMethod.invoke(DynMethods.java:185)
[2026-04-14T03:18:21.836+0000] {subprocess.py:106} INFO - 	at org.apache.iceberg.hive.HiveClientPool.newClient(HiveClientPool.java:63)
[2026-04-14T03:18:21.837+0000] {subprocess.py:106} INFO - 	at org.apache.iceberg.hive.HiveClientPool.newClient(HiveClientPool.java:34)
[2026-04-14T03:18:21.837+0000] {subprocess.py:106} INFO - 	at org.apache.iceberg.ClientPoolImpl.get(ClientPoolImpl.java:143)
[2026-04-14T03:18:21.838+0000] {subprocess.py:106} INFO - 	at org.apache.iceberg.ClientPoolImpl.run(ClientPoolImpl.java:70)
[2026-04-14T03:18:21.839+0000] {subprocess.py:106} INFO - 	at org.apache.iceberg.ClientPoolImpl.run(ClientPoolImpl.java:65)
[2026-04-14T03:18:21.840+0000] {subprocess.py:106} INFO - 	at org.apache.iceberg.hive.CachedClientPool.run(CachedClientPool.java:122)
[2026-04-14T03:18:21.840+0000] {subprocess.py:106} INFO - 	at org.apache.iceberg.hive.HiveTableOperations.doRefresh(HiveTableOperations.java:107)
[2026-04-14T03:18:21.841+0000] {subprocess.py:106} INFO - 	at org.apache.iceberg.BaseMetastoreTableOperations.refresh(BaseMetastoreTableOperations.java:88)
[2026-04-14T03:18:21.842+0000] {subprocess.py:106} INFO - 	at org.apache.iceberg.BaseMetastoreTableOperations.current(BaseMetastoreTableOperations.java:71)
[2026-04-14T03:18:21.843+0000] {subprocess.py:106} INFO - 	at org.apache.iceberg.BaseMetastoreCatalog.loadTable(BaseMetastoreCatalog.java:49)
[2026-04-14T03:18:21.844+0000] {subprocess.py:106} INFO - 	at org.apache.iceberg.shaded.com.github.benmanes.caffeine.cache.BoundedLocalCache.lambda$doComputeIfAbsent$14(BoundedLocalCache.java:2406)
[2026-04-14T03:18:21.845+0000] {subprocess.py:106} INFO - 	at java.base/java.util.concurrent.ConcurrentHashMap.compute(ConcurrentHashMap.java:1916)
[2026-04-14T03:18:21.846+0000] {subprocess.py:106} INFO - 	at org.apache.iceberg.shaded.com.github.benmanes.caffeine.cache.BoundedLocalCache.doComputeIfAbsent(BoundedLocalCache.java:2404)
[2026-04-14T03:18:21.847+0000] {subprocess.py:106} INFO - 	at org.apache.iceberg.shaded.com.github.benmanes.caffeine.cache.BoundedLocalCache.computeIfAbsent(BoundedLocalCache.java:2387)
[2026-04-14T03:18:21.848+0000] {subprocess.py:106} INFO - 	at org.apache.iceberg.shaded.com.github.benmanes.caffeine.cache.LocalCache.computeIfAbsent(LocalCache.java:108)
[2026-04-14T03:18:21.849+0000] {subprocess.py:106} INFO - 	at org.apache.iceberg.shaded.com.github.benmanes.caffeine.cache.LocalManualCache.get(LocalManualCache.java:62)
[2026-04-14T03:18:21.849+0000] {subprocess.py:106} INFO - 	at org.apache.iceberg.CachingCatalog.loadTable(CachingCatalog.java:147)
[2026-04-14T03:18:21.851+0000] {subprocess.py:106} INFO - 	at org.apache.iceberg.spark.SparkCatalog.load(SparkCatalog.java:846)
[2026-04-14T03:18:21.852+0000] {subprocess.py:106} INFO - 	at org.apache.iceberg.spark.SparkCatalog.loadTable(SparkCatalog.java:171)
[2026-04-14T03:18:21.852+0000] {subprocess.py:106} INFO - 	at org.apache.spark.sql.connector.catalog.CatalogV2Util$.getTable(CatalogV2Util.scala:438)
[2026-04-14T03:18:21.853+0000] {subprocess.py:106} INFO - 	at org.apache.spark.sql.execution.datasources.v2.DataSourceV2Utils$.loadV2Source(DataSourceV2Utils.scala:144)
[2026-04-14T03:18:21.854+0000] {subprocess.py:106} INFO - 	at org.apache.spark.sql.catalyst.analysis.ResolveDataSource$$anonfun$apply$1.$anonfun$applyOrElse$1(ResolveDataSource.scala:60)
[2026-04-14T03:18:21.858+0000] {subprocess.py:106} INFO - 	at scala.Option.flatMap(Option.scala:283)
[2026-04-14T03:18:21.859+0000] {subprocess.py:106} INFO - 	at org.apache.spark.sql.catalyst.analysis.ResolveDataSource$$anonfun$apply$1.applyOrElse(ResolveDataSource.scala:58)
[2026-04-14T03:18:21.860+0000] {subprocess.py:106} INFO - 	at org.apache.spark.sql.catalyst.analysis.ResolveDataSource$$anonfun$apply$1.applyOrElse(ResolveDataSource.scala:45)
[2026-04-14T03:18:21.861+0000] {subprocess.py:106} INFO - 	at org.apache.spark.sql.catalyst.plans.logical.AnalysisHelper.$anonfun$resolveOperatorsUpWithPruning$3(AnalysisHelper.scala:139)
[2026-04-14T03:18:21.862+0000] {subprocess.py:106} INFO - 	at org.apache.spark.sql.catalyst.trees.CurrentOrigin$.withOrigin(origin.scala:86)
[2026-04-14T03:18:21.863+0000] {subprocess.py:106} INFO - 	at org.apache.spark.sql.catalyst.plans.logical.AnalysisHelper.$anonfun$resolveOperatorsUpWithPruning$1(AnalysisHelper.scala:139)
[2026-04-14T03:18:21.864+0000] {subprocess.py:106} INFO - 	at org.apache.spark.sql.catalyst.plans.logical.AnalysisHelper$.allowInvokingTransformsInAnalyzer(AnalysisHelper.scala:416)
[2026-04-14T03:18:21.865+0000] {subprocess.py:106} INFO - 	at org.apache.spark.sql.catalyst.plans.logical.AnalysisHelper.resolveOperatorsUpWithPruning(AnalysisHelper.scala:135)
[2026-04-14T03:18:21.865+0000] {subprocess.py:106} INFO - 	at org.apache.spark.sql.catalyst.plans.logical.AnalysisHelper.resolveOperatorsUpWithPruning$(AnalysisHelper.scala:131)
[2026-04-14T03:18:21.866+0000] {subprocess.py:106} INFO - 	at org.apache.spark.sql.catalyst.plans.logical.LogicalPlan.resolveOperatorsUpWithPruning(LogicalPlan.scala:37)
[2026-04-14T03:18:21.867+0000] {subprocess.py:106} INFO - 	at org.apache.spark.sql.catalyst.plans.logical.AnalysisHelper.resolveOperatorsUp(AnalysisHelper.scala:112)
[2026-04-14T03:18:21.868+0000] {subprocess.py:106} INFO - 	at org.apache.spark.sql.catalyst.plans.logical.AnalysisHelper.resolveOperatorsUp$(AnalysisHelper.scala:111)
[2026-04-14T03:18:21.869+0000] {subprocess.py:106} INFO - 	at org.apache.spark.sql.catalyst.plans.logical.LogicalPlan.resolveOperatorsUp(LogicalPlan.scala:37)
[2026-04-14T03:18:21.870+0000] {subprocess.py:106} INFO - 	at org.apache.spark.sql.catalyst.analysis.ResolveDataSource.apply(ResolveDataSource.scala:45)
[2026-04-14T03:18:21.872+0000] {subprocess.py:106} INFO - 	at org.apache.spark.sql.catalyst.analysis.ResolveDataSource.apply(ResolveDataSource.scala:43)
[2026-04-14T03:18:21.872+0000] {subprocess.py:106} INFO - 	at org.apache.spark.sql.catalyst.rules.RuleExecutor.$anonfun$execute$2(RuleExecutor.scala:242)
[2026-04-14T03:18:21.873+0000] {subprocess.py:106} INFO - 	at scala.collection.LinearSeqOps.foldLeft(LinearSeq.scala:183)
[2026-04-14T03:18:21.874+0000] {subprocess.py:106} INFO - 	at scala.collection.LinearSeqOps.foldLeft$(LinearSeq.scala:179)
[2026-04-14T03:18:21.875+0000] {subprocess.py:106} INFO - 	at scala.collection.immutable.List.foldLeft(List.scala:79)
[2026-04-14T03:18:21.876+0000] {subprocess.py:106} INFO - 	at org.apache.spark.sql.catalyst.rules.RuleExecutor.$anonfun$execute$1(RuleExecutor.scala:239)
[2026-04-14T03:18:21.876+0000] {subprocess.py:106} INFO - 	at org.apache.spark.sql.catalyst.rules.RuleExecutor.$anonfun$execute$1$adapted(RuleExecutor.scala:231)
[2026-04-14T03:18:21.877+0000] {subprocess.py:106} INFO - 	at scala.collection.immutable.List.foreach(List.scala:334)
[2026-04-14T03:18:21.878+0000] {subprocess.py:106} INFO - 	at org.apache.spark.sql.catalyst.rules.RuleExecutor.execute(RuleExecutor.scala:231)
[2026-04-14T03:18:21.879+0000] {subprocess.py:106} INFO - 	at org.apache.spark.sql.catalyst.analysis.Analyzer.org$apache$spark$sql$catalyst$analysis$Analyzer$$executeSameContext(Analyzer.scala:340)
[2026-04-14T03:18:21.880+0000] {subprocess.py:106} INFO - 	at org.apache.spark.sql.catalyst.analysis.Analyzer.$anonfun$execute$1(Analyzer.scala:336)
[2026-04-14T03:18:21.881+0000] {subprocess.py:106} INFO - 	at org.apache.spark.sql.catalyst.analysis.AnalysisContext$.withNewAnalysisContext(Analyzer.scala:234)
[2026-04-14T03:18:21.882+0000] {subprocess.py:106} INFO - 	at org.apache.spark.sql.catalyst.analysis.Analyzer.execute(Analyzer.scala:336)
[2026-04-14T03:18:21.882+0000] {subprocess.py:106} INFO - 	at org.apache.spark.sql.catalyst.analysis.Analyzer.execute(Analyzer.scala:299)
[2026-04-14T03:18:21.883+0000] {subprocess.py:106} INFO - 	at org.apache.spark.sql.catalyst.rules.RuleExecutor.$anonfun$executeAndTrack$1(RuleExecutor.scala:201)
[2026-04-14T03:18:21.884+0000] {subprocess.py:106} INFO - 	at org.apache.spark.sql.catalyst.QueryPlanningTracker$.withTracker(QueryPlanningTracker.scala:89)
[2026-04-14T03:18:21.885+0000] {subprocess.py:106} INFO - 	at org.apache.spark.sql.catalyst.rules.RuleExecutor.executeAndTrack(RuleExecutor.scala:201)
[2026-04-14T03:18:21.886+0000] {subprocess.py:106} INFO - 	at org.apache.spark.sql.catalyst.analysis.resolver.HybridAnalyzer.resolveInFixedPoint(HybridAnalyzer.scala:190)
[2026-04-14T03:18:21.887+0000] {subprocess.py:106} INFO - 	at org.apache.spark.sql.catalyst.analysis.resolver.HybridAnalyzer.$anonfun$apply$1(HybridAnalyzer.scala:76)
[2026-04-14T03:18:21.888+0000] {subprocess.py:106} INFO - 	at org.apache.spark.sql.catalyst.analysis.resolver.HybridAnalyzer.withTrackedAnalyzerBridgeState(HybridAnalyzer.scala:111)
[2026-04-14T03:18:21.889+0000] {subprocess.py:106} INFO - 	at org.apache.spark.sql.catalyst.analysis.resolver.HybridAnalyzer.apply(HybridAnalyzer.scala:71)
[2026-04-14T03:18:21.891+0000] {subprocess.py:106} INFO - 	at org.apache.spark.sql.catalyst.analysis.Analyzer.$anonfun$executeAndCheck$1(Analyzer.scala:330)
[2026-04-14T03:18:21.892+0000] {subprocess.py:106} INFO - 	at org.apache.spark.sql.catalyst.plans.logical.AnalysisHelper$.markInAnalyzer(AnalysisHelper.scala:423)
[2026-04-14T03:18:21.893+0000] {subprocess.py:106} INFO - 	at org.apache.spark.sql.catalyst.analysis.Analyzer.executeAndCheck(Analyzer.scala:330)
[2026-04-14T03:18:21.894+0000] {subprocess.py:106} INFO - 	at org.apache.spark.sql.execution.QueryExecution.$anonfun$lazyAnalyzed$2(QueryExecution.scala:110)
[2026-04-14T03:18:21.894+0000] {subprocess.py:106} INFO - 	at org.apache.spark.sql.catalyst.QueryPlanningTracker.measurePhase(QueryPlanningTracker.scala:148)
[2026-04-14T03:18:21.896+0000] {subprocess.py:106} INFO - 	at org.apache.spark.sql.execution.QueryExecution.$anonfun$executePhase$2(QueryExecution.scala:278)
[2026-04-14T03:18:21.897+0000] {subprocess.py:106} INFO - 	at org.apache.spark.sql.execution.QueryExecution$.withInternalError(QueryExecution.scala:654)
[2026-04-14T03:18:21.898+0000] {subprocess.py:106} INFO - 	at org.apache.spark.sql.execution.QueryExecution.$anonfun$executePhase$1(QueryExecution.scala:278)
[2026-04-14T03:18:21.899+0000] {subprocess.py:106} INFO - 	at org.apache.spark.sql.SparkSession.withActive(SparkSession.scala:804)
[2026-04-14T03:18:21.900+0000] {subprocess.py:106} INFO - 	at org.apache.spark.sql.execution.QueryExecution.executePhase(QueryExecution.scala:277)
[2026-04-14T03:18:21.900+0000] {subprocess.py:106} INFO - 	at org.apache.spark.sql.execution.QueryExecution.$anonfun$lazyAnalyzed$1(QueryExecution.scala:110)
[2026-04-14T03:18:21.901+0000] {subprocess.py:106} INFO - 	at scala.util.Try$.apply(Try.scala:217)
[2026-04-14T03:18:21.902+0000] {subprocess.py:106} INFO - 	at org.apache.spark.util.Utils$.doTryWithCallerStacktrace(Utils.scala:1378)
[2026-04-14T03:18:21.903+0000] {subprocess.py:106} INFO - 	at org.apache.spark.util.LazyTry.tryT$lzycompute(LazyTry.scala:46)
[2026-04-14T03:18:21.904+0000] {subprocess.py:106} INFO - 	at org.apache.spark.util.LazyTry.tryT(LazyTry.scala:46)
[2026-04-14T03:18:21.904+0000] {subprocess.py:106} INFO - 	... 21 more
[2026-04-14T03:18:21.906+0000] {subprocess.py:106} INFO - Caused by: java.lang.reflect.InvocationTargetException
[2026-04-14T03:18:21.908+0000] {subprocess.py:106} INFO - 	at java.base/jdk.internal.reflect.NativeConstructorAccessorImpl.newInstance0(Native Method)
[2026-04-14T03:18:21.910+0000] {subprocess.py:106} INFO - 	at java.base/jdk.internal.reflect.NativeConstructorAccessorImpl.newInstance(NativeConstructorAccessorImpl.java:75)
[2026-04-14T03:18:21.912+0000] {subprocess.py:106} INFO - 	at java.base/jdk.internal.reflect.DelegatingConstructorAccessorImpl.newInstance(DelegatingConstructorAccessorImpl.java:53)
[2026-04-14T03:18:21.913+0000] {subprocess.py:106} INFO - 	at java.base/java.lang.reflect.Constructor.newInstanceWithCaller(Constructor.java:502)
[2026-04-14T03:18:21.915+0000] {subprocess.py:106} INFO - 	at java.base/java.lang.reflect.Constructor.newInstance(Constructor.java:486)
[2026-04-14T03:18:21.916+0000] {subprocess.py:106} INFO - 	at org.apache.hadoop.hive.metastore.MetaStoreUtils.newInstance(MetaStoreUtils.java:1740)
[2026-04-14T03:18:21.918+0000] {subprocess.py:106} INFO - 	... 104 more
[2026-04-14T03:18:21.919+0000] {subprocess.py:106} INFO - Caused by: MetaException(message:Could not connect to meta store using any of the URIs provided. Most recent failure: org.apache.thrift.transport.TTransportException: java.net.UnknownHostException: 23133083thuyvan-master
[2026-04-14T03:18:21.924+0000] {subprocess.py:106} INFO - 	at org.apache.thrift.transport.TSocket.open(TSocket.java:255)
[2026-04-14T03:18:21.925+0000] {subprocess.py:106} INFO - 	at org.apache.hadoop.hive.metastore.HiveMetaStoreClient.open(HiveMetaStoreClient.java:492)
[2026-04-14T03:18:21.926+0000] {subprocess.py:106} INFO - 	at org.apache.hadoop.hive.metastore.HiveMetaStoreClient.<init>(HiveMetaStoreClient.java:246)
[2026-04-14T03:18:21.927+0000] {subprocess.py:106} INFO - 	at java.base/jdk.internal.reflect.NativeConstructorAccessorImpl.newInstance0(Native Method)
[2026-04-14T03:18:21.928+0000] {subprocess.py:106} INFO - 	at java.base/jdk.internal.reflect.NativeConstructorAccessorImpl.newInstance(NativeConstructorAccessorImpl.java:75)
[2026-04-14T03:18:21.929+0000] {subprocess.py:106} INFO - 	at java.base/jdk.internal.reflect.DelegatingConstructorAccessorImpl.newInstance(DelegatingConstructorAccessorImpl.java:53)
[2026-04-14T03:18:21.929+0000] {subprocess.py:106} INFO - 	at java.base/java.lang.reflect.Constructor.newInstanceWithCaller(Constructor.java:502)
[2026-04-14T03:18:21.930+0000] {subprocess.py:106} INFO - 	at java.base/java.lang.reflect.Constructor.newInstance(Constructor.java:486)
[2026-04-14T03:18:21.931+0000] {subprocess.py:106} INFO - 	at org.apache.hadoop.hive.metastore.MetaStoreUtils.newInstance(MetaStoreUtils.java:1740)
[2026-04-14T03:18:21.932+0000] {subprocess.py:106} INFO - 	at org.apache.hadoop.hive.metastore.RetryingMetaStoreClient.<init>(RetryingMetaStoreClient.java:83)
[2026-04-14T03:18:21.933+0000] {subprocess.py:106} INFO - 	at org.apache.hadoop.hive.metastore.RetryingMetaStoreClient.getProxy(RetryingMetaStoreClient.java:133)
[2026-04-14T03:18:21.934+0000] {subprocess.py:106} INFO - 	at org.apache.hadoop.hive.metastore.RetryingMetaStoreClient.getProxy(RetryingMetaStoreClient.java:104)
[2026-04-14T03:18:21.935+0000] {subprocess.py:106} INFO - 	at org.apache.hadoop.hive.metastore.RetryingMetaStoreClient.getProxy(RetryingMetaStoreClient.java:97)
[2026-04-14T03:18:21.936+0000] {subprocess.py:106} INFO - 	at java.base/jdk.internal.reflect.NativeMethodAccessorImpl.invoke0(Native Method)
[2026-04-14T03:18:21.937+0000] {subprocess.py:106} INFO - 	at java.base/jdk.internal.reflect.NativeMethodAccessorImpl.invoke(NativeMethodAccessorImpl.java:75)
[2026-04-14T03:18:21.938+0000] {subprocess.py:106} INFO - 	at java.base/jdk.internal.reflect.DelegatingMethodAccessorImpl.invoke(DelegatingMethodAccessorImpl.java:52)
[2026-04-14T03:18:21.939+0000] {subprocess.py:106} INFO - 	at java.base/java.lang.reflect.Method.invoke(Method.java:580)
[2026-04-14T03:18:21.940+0000] {subprocess.py:106} INFO - 	at org.apache.iceberg.common.DynMethods$UnboundMethod.invokeChecked(DynMethods.java:60)
[2026-04-14T03:18:21.941+0000] {subprocess.py:106} INFO - 	at org.apache.iceberg.common.DynMethods$UnboundMethod.invoke(DynMethods.java:72)
[2026-04-14T03:18:21.942+0000] {subprocess.py:106} INFO - 	at org.apache.iceberg.common.DynMethods$StaticMethod.invoke(DynMethods.java:185)
[2026-04-14T03:18:21.943+0000] {subprocess.py:106} INFO - 	at org.apache.iceberg.hive.HiveClientPool.newClient(HiveClientPool.java:63)
[2026-04-14T03:18:21.944+0000] {subprocess.py:106} INFO - 	at org.apache.iceberg.hive.HiveClientPool.newClient(HiveClientPool.java:34)
[2026-04-14T03:18:21.945+0000] {subprocess.py:106} INFO - 	at org.apache.iceberg.ClientPoolImpl.get(ClientPoolImpl.java:143)
[2026-04-14T03:18:21.946+0000] {subprocess.py:106} INFO - 	at org.apache.iceberg.ClientPoolImpl.run(ClientPoolImpl.java:70)
[2026-04-14T03:18:21.947+0000] {subprocess.py:106} INFO - 	at org.apache.iceberg.ClientPoolImpl.run(ClientPoolImpl.java:65)
[2026-04-14T03:18:21.949+0000] {subprocess.py:106} INFO - 	at org.apache.iceberg.hive.CachedClientPool.run(CachedClientPool.java:122)
[2026-04-14T03:18:21.950+0000] {subprocess.py:106} INFO - 	at org.apache.iceberg.hive.HiveTableOperations.doRefresh(HiveTableOperations.java:107)
[2026-04-14T03:18:21.950+0000] {subprocess.py:106} INFO - 	at org.apache.iceberg.BaseMetastoreTableOperations.refresh(BaseMetastoreTableOperations.java:88)
[2026-04-14T03:18:21.951+0000] {subprocess.py:106} INFO - 	at org.apache.iceberg.BaseMetastoreTableOperations.current(BaseMetastoreTableOperations.java:71)
[2026-04-14T03:18:21.952+0000] {subprocess.py:106} INFO - 	at org.apache.iceberg.BaseMetastoreCatalog.loadTable(BaseMetastoreCatalog.java:49)
[2026-04-14T03:18:21.953+0000] {subprocess.py:106} INFO - 	at org.apache.iceberg.shaded.com.github.benmanes.caffeine.cache.BoundedLocalCache.lambda$doComputeIfAbsent$14(BoundedLocalCache.java:2406)
[2026-04-14T03:18:21.954+0000] {subprocess.py:106} INFO - 	at java.base/java.util.concurrent.ConcurrentHashMap.compute(ConcurrentHashMap.java:1916)
[2026-04-14T03:18:21.955+0000] {subprocess.py:106} INFO - 	at org.apache.iceberg.shaded.com.github.benmanes.caffeine.cache.BoundedLocalCache.doComputeIfAbsent(BoundedLocalCache.java:2404)
[2026-04-14T03:18:21.956+0000] {subprocess.py:106} INFO - 	at org.apache.iceberg.shaded.com.github.benmanes.caffeine.cache.BoundedLocalCache.computeIfAbsent(BoundedLocalCache.java:2387)
[2026-04-14T03:18:21.957+0000] {subprocess.py:106} INFO - 	at org.apache.iceberg.shaded.com.github.benmanes.caffeine.cache.LocalCache.computeIfAbsent(LocalCache.java:108)
[2026-04-14T03:18:21.958+0000] {subprocess.py:106} INFO - 	at org.apache.iceberg.shaded.com.github.benmanes.caffeine.cache.LocalManualCache.get(LocalManualCache.java:62)
[2026-04-14T03:18:21.959+0000] {subprocess.py:106} INFO - 	at org.apache.iceberg.CachingCatalog.loadTable(CachingCatalog.java:147)
[2026-04-14T03:18:21.960+0000] {subprocess.py:106} INFO - 	at org.apache.iceberg.spark.SparkCatalog.load(SparkCatalog.java:846)
[2026-04-14T03:18:21.960+0000] {subprocess.py:106} INFO - 	at org.apache.iceberg.spark.SparkCatalog.loadTable(SparkCatalog.java:171)
[2026-04-14T03:18:21.961+0000] {subprocess.py:106} INFO - 	at org.apache.spark.sql.connector.catalog.CatalogV2Util$.getTable(CatalogV2Util.scala:438)
[2026-04-14T03:18:21.962+0000] {subprocess.py:106} INFO - 	at org.apache.spark.sql.execution.datasources.v2.DataSourceV2Utils$.loadV2Source(DataSourceV2Utils.scala:144)
[2026-04-14T03:18:21.963+0000] {subprocess.py:106} INFO - 	at org.apache.spark.sql.catalyst.analysis.ResolveDataSource$$anonfun$apply$1.$anonfun$applyOrElse$1(ResolveDataSource.scala:60)
[2026-04-14T03:18:21.963+0000] {subprocess.py:106} INFO - 	at scala.Option.flatMap(Option.scala:283)
[2026-04-14T03:18:21.964+0000] {subprocess.py:106} INFO - 	at org.apache.spark.sql.catalyst.analysis.ResolveDataSource$$anonfun$apply$1.applyOrElse(ResolveDataSource.scala:58)
[2026-04-14T03:18:21.965+0000] {subprocess.py:106} INFO - 	at org.apache.spark.sql.catalyst.analysis.ResolveDataSource$$anonfun$apply$1.applyOrElse(ResolveDataSource.scala:45)
[2026-04-14T03:18:21.966+0000] {subprocess.py:106} INFO - 	at org.apache.spark.sql.catalyst.plans.logical.AnalysisHelper.$anonfun$resolveOperatorsUpWithPruning$3(AnalysisHelper.scala:139)
[2026-04-14T03:18:21.966+0000] {subprocess.py:106} INFO - 	at org.apache.spark.sql.catalyst.trees.CurrentOrigin$.withOrigin(origin.scala:86)
[2026-04-14T03:18:21.967+0000] {subprocess.py:106} INFO - 	at org.apache.spark.sql.catalyst.plans.logical.AnalysisHelper.$anonfun$resolveOperatorsUpWithPruning$1(AnalysisHelper.scala:139)
[2026-04-14T03:18:21.968+0000] {subprocess.py:106} INFO - 	at org.apache.spark.sql.catalyst.plans.logical.AnalysisHelper$.allowInvokingTransformsInAnalyzer(AnalysisHelper.scala:416)
[2026-04-14T03:18:21.969+0000] {subprocess.py:106} INFO - 	at org.apache.spark.sql.catalyst.plans.logical.AnalysisHelper.resolveOperatorsUpWithPruning(AnalysisHelper.scala:135)
[2026-04-14T03:18:21.970+0000] {subprocess.py:106} INFO - 	at org.apache.spark.sql.catalyst.plans.logical.AnalysisHelper.resolveOperatorsUpWithPruning$(AnalysisHelper.scala:131)
[2026-04-14T03:18:21.971+0000] {subprocess.py:106} INFO - 	at org.apache.spark.sql.catalyst.plans.logical.LogicalPlan.resolveOperatorsUpWithPruning(LogicalPlan.scala:37)
[2026-04-14T03:18:21.971+0000] {subprocess.py:106} INFO - 	at org.apache.spark.sql.catalyst.plans.logical.AnalysisHelper.resolveOperatorsUp(AnalysisHelper.scala:112)
[2026-04-14T03:18:21.972+0000] {subprocess.py:106} INFO - 	at org.apache.spark.sql.catalyst.plans.logical.AnalysisHelper.resolveOperatorsUp$(AnalysisHelper.scala:111)
[2026-04-14T03:18:21.973+0000] {subprocess.py:106} INFO - 	at org.apache.spark.sql.catalyst.plans.logical.LogicalPlan.resolveOperatorsUp(LogicalPlan.scala:37)
[2026-04-14T03:18:21.974+0000] {subprocess.py:106} INFO - 	at org.apache.spark.sql.catalyst.analysis.ResolveDataSource.apply(ResolveDataSource.scala:45)
[2026-04-14T03:18:21.975+0000] {subprocess.py:106} INFO - 	at org.apache.spark.sql.catalyst.analysis.ResolveDataSource.apply(ResolveDataSource.scala:43)
[2026-04-14T03:18:21.976+0000] {subprocess.py:106} INFO - 	at org.apache.spark.sql.catalyst.rules.RuleExecutor.$anonfun$execute$2(RuleExecutor.scala:242)
[2026-04-14T03:18:21.977+0000] {subprocess.py:106} INFO - 	at scala.collection.LinearSeqOps.foldLeft(LinearSeq.scala:183)
[2026-04-14T03:18:21.978+0000] {subprocess.py:106} INFO - 	at scala.collection.LinearSeqOps.foldLeft$(LinearSeq.scala:179)
[2026-04-14T03:18:21.980+0000] {subprocess.py:106} INFO - 	at scala.collection.immutable.List.foldLeft(List.scala:79)
[2026-04-14T03:18:21.981+0000] {subprocess.py:106} INFO - 	at org.apache.spark.sql.catalyst.rules.RuleExecutor.$anonfun$execute$1(RuleExecutor.scala:239)
[2026-04-14T03:18:21.983+0000] {subprocess.py:106} INFO - 	at org.apache.spark.sql.catalyst.rules.RuleExecutor.$anonfun$execute$1$adapted(RuleExecutor.scala:231)
[2026-04-14T03:18:21.984+0000] {subprocess.py:106} INFO - 	at scala.collection.immutable.List.foreach(List.scala:334)
[2026-04-14T03:18:21.986+0000] {subprocess.py:106} INFO - 	at org.apache.spark.sql.catalyst.rules.RuleExecutor.execute(RuleExecutor.scala:231)
[2026-04-14T03:18:21.987+0000] {subprocess.py:106} INFO - 	at org.apache.spark.sql.catalyst.analysis.Analyzer.org$apache$spark$sql$catalyst$analysis$Analyzer$$executeSameContext(Analyzer.scala:340)
[2026-04-14T03:18:21.989+0000] {subprocess.py:106} INFO - 	at org.apache.spark.sql.catalyst.analysis.Analyzer.$anonfun$execute$1(Analyzer.scala:336)
[2026-04-14T03:18:21.990+0000] {subprocess.py:106} INFO - 	at org.apache.spark.sql.catalyst.analysis.AnalysisContext$.withNewAnalysisContext(Analyzer.scala:234)
[2026-04-14T03:18:21.991+0000] {subprocess.py:106} INFO - 	at org.apache.spark.sql.catalyst.analysis.Analyzer.execute(Analyzer.scala:336)
[2026-04-14T03:18:21.992+0000] {subprocess.py:106} INFO - 	at org.apache.spark.sql.catalyst.analysis.Analyzer.execute(Analyzer.scala:299)
[2026-04-14T03:18:21.993+0000] {subprocess.py:106} INFO - 	at org.apache.spark.sql.catalyst.rules.RuleExecutor.$anonfun$executeAndTrack$1(RuleExecutor.scala:201)
[2026-04-14T03:18:21.995+0000] {subprocess.py:106} INFO - 	at org.apache.spark.sql.catalyst.QueryPlanningTracker$.withTracker(QueryPlanningTracker.scala:89)
[2026-04-14T03:18:21.996+0000] {subprocess.py:106} INFO - 	at org.apache.spark.sql.catalyst.rules.RuleExecutor.executeAndTrack(RuleExecutor.scala:201)
[2026-04-14T03:18:21.997+0000] {subprocess.py:106} INFO - 	at org.apache.spark.sql.catalyst.analysis.resolver.HybridAnalyzer.resolveInFixedPoint(HybridAnalyzer.scala:190)
[2026-04-14T03:18:21.998+0000] {subprocess.py:106} INFO - 	at org.apache.spark.sql.catalyst.analysis.resolver.HybridAnalyzer.$anonfun$apply$1(HybridAnalyzer.scala:76)
[2026-04-14T03:18:22.000+0000] {subprocess.py:106} INFO - 	at org.apache.spark.sql.catalyst.analysis.resolver.HybridAnalyzer.withTrackedAnalyzerBridgeState(HybridAnalyzer.scala:111)
[2026-04-14T03:18:22.001+0000] {subprocess.py:106} INFO - 	at org.apache.spark.sql.catalyst.analysis.resolver.HybridAnalyzer.apply(HybridAnalyzer.scala:71)
[2026-04-14T03:18:22.002+0000] {subprocess.py:106} INFO - 	at org.apache.spark.sql.catalyst.analysis.Analyzer.$anonfun$executeAndCheck$1(Analyzer.scala:330)
[2026-04-14T03:18:22.004+0000] {subprocess.py:106} INFO - 	at org.apache.spark.sql.catalyst.plans.logical.AnalysisHelper$.markInAnalyzer(AnalysisHelper.scala:423)
[2026-04-14T03:18:22.005+0000] {subprocess.py:106} INFO - 	at org.apache.spark.sql.catalyst.analysis.Analyzer.executeAndCheck(Analyzer.scala:330)
[2026-04-14T03:18:22.006+0000] {subprocess.py:106} INFO - 	at org.apache.spark.sql.execution.QueryExecution.$anonfun$lazyAnalyzed$2(QueryExecution.scala:110)
[2026-04-14T03:18:22.007+0000] {subprocess.py:106} INFO - 	at org.apache.spark.sql.catalyst.QueryPlanningTracker.measurePhase(QueryPlanningTracker.scala:148)
[2026-04-14T03:18:22.008+0000] {subprocess.py:106} INFO - 	at org.apache.spark.sql.execution.QueryExecution.$anonfun$executePhase$2(QueryExecution.scala:278)
[2026-04-14T03:18:22.010+0000] {subprocess.py:106} INFO - 	at org.apache.spark.sql.execution.QueryExecution$.withInternalError(QueryExecution.scala:654)
[2026-04-14T03:18:22.010+0000] {subprocess.py:106} INFO - 	at org.apache.spark.sql.execution.QueryExecution.$anonfun$executePhase$1(QueryExecution.scala:278)
[2026-04-14T03:18:22.011+0000] {subprocess.py:106} INFO - 	at org.apache.spark.sql.SparkSession.withActive(SparkSession.scala:804)
[2026-04-14T03:18:22.013+0000] {subprocess.py:106} INFO - 	at org.apache.spark.sql.execution.QueryExecution.executePhase(QueryExecution.scala:277)
[2026-04-14T03:18:22.018+0000] {subprocess.py:106} INFO - 	at org.apache.spark.sql.execution.QueryExecution.$anonfun$lazyAnalyzed$1(QueryExecution.scala:110)
[2026-04-14T03:18:22.020+0000] {subprocess.py:106} INFO - 	at scala.util.Try$.apply(Try.scala:217)
[2026-04-14T03:18:22.021+0000] {subprocess.py:106} INFO - 	at org.apache.spark.util.Utils$.doTryWithCallerStacktrace(Utils.scala:1378)
[2026-04-14T03:18:22.022+0000] {subprocess.py:106} INFO - 	at org.apache.spark.util.LazyTry.tryT$lzycompute(LazyTry.scala:46)
[2026-04-14T03:18:22.023+0000] {subprocess.py:106} INFO - 	at org.apache.spark.util.LazyTry.tryT(LazyTry.scala:46)
[2026-04-14T03:18:22.028+0000] {subprocess.py:106} INFO - 	at org.apache.spark.util.LazyTry.get(LazyTry.scala:58)
[2026-04-14T03:18:22.029+0000] {subprocess.py:106} INFO - 	at org.apache.spark.sql.execution.QueryExecution.analyzed(QueryExecution.scala:121)
[2026-04-14T03:18:22.030+0000] {subprocess.py:106} INFO - 	at org.apache.spark.sql.execution.QueryExecution.assertAnalyzed(QueryExecution.scala:80)
[2026-04-14T03:18:22.032+0000] {subprocess.py:106} INFO - 	at org.apache.spark.sql.classic.Dataset$.$anonfun$ofRows$1(Dataset.scala:115)
[2026-04-14T03:18:22.034+0000] {subprocess.py:106} INFO - 	at org.apache.spark.sql.SparkSession.withActive(SparkSession.scala:804)
[2026-04-14T03:18:22.035+0000] {subprocess.py:106} INFO - 	at org.apache.spark.sql.classic.Dataset$.ofRows(Dataset.scala:113)
[2026-04-14T03:18:22.036+0000] {subprocess.py:106} INFO - 	at org.apache.spark.sql.classic.DataFrameReader.load(DataFrameReader.scala:109)
[2026-04-14T03:18:22.037+0000] {subprocess.py:106} INFO - 	at org.apache.spark.sql.classic.DataFrameReader.load(DataFrameReader.scala:100)
[2026-04-14T03:18:22.038+0000] {subprocess.py:106} INFO - 	at org.apache.spark.sql.classic.DataFrameReader.load(DataFrameReader.scala:58)
[2026-04-14T03:18:22.040+0000] {subprocess.py:106} INFO - 	at java.base/jdk.internal.reflect.NativeMethodAccessorImpl.invoke0(Native Method)
[2026-04-14T03:18:22.041+0000] {subprocess.py:106} INFO - 	at java.base/jdk.internal.reflect.NativeMethodAccessorImpl.invoke(NativeMethodAccessorImpl.java:75)
[2026-04-14T03:18:22.042+0000] {subprocess.py:106} INFO - 	at java.base/jdk.internal.reflect.DelegatingMethodAccessorImpl.invoke(DelegatingMethodAccessorImpl.java:52)
[2026-04-14T03:18:22.043+0000] {subprocess.py:106} INFO - 	at java.base/java.lang.reflect.Method.invoke(Method.java:580)
[2026-04-14T03:18:22.044+0000] {subprocess.py:106} INFO - 	at py4j.reflection.MethodInvoker.invoke(MethodInvoker.java:244)
[2026-04-14T03:18:22.045+0000] {subprocess.py:106} INFO - 	at py4j.reflection.ReflectionEngine.invoke(ReflectionEngine.java:374)
[2026-04-14T03:18:22.046+0000] {subprocess.py:106} INFO - 	at py4j.Gateway.invoke(Gateway.java:282)
[2026-04-14T03:18:22.047+0000] {subprocess.py:106} INFO - 	at py4j.commands.AbstractCommand.invokeMethod(AbstractCommand.java:132)
[2026-04-14T03:18:22.048+0000] {subprocess.py:106} INFO - 	at py4j.commands.CallCommand.execute(CallCommand.java:79)
[2026-04-14T03:18:22.049+0000] {subprocess.py:106} INFO - 	at py4j.ClientServerConnection.waitForCommands(ClientServerConnection.java:184)
[2026-04-14T03:18:22.050+0000] {subprocess.py:106} INFO - 	at py4j.ClientServerConnection.run(ClientServerConnection.java:108)
[2026-04-14T03:18:22.051+0000] {subprocess.py:106} INFO - 	at java.base/java.lang.Thread.run(Thread.java:1583)
[2026-04-14T03:18:22.375+0000] {subprocess.py:106} INFO - Caused by: java.net.UnknownHostException: 23133083thuyvan-master
[2026-04-14T03:18:22.377+0000] {subprocess.py:106} INFO - 	at java.base/sun.nio.ch.NioSocketImpl.connect(NioSocketImpl.java:567)
[2026-04-14T03:18:22.380+0000] {subprocess.py:106} INFO - 	at java.base/java.net.SocksSocketImpl.connect(SocksSocketImpl.java:327)
[2026-04-14T03:18:22.381+0000] {subprocess.py:106} INFO - 	at java.base/java.net.Socket.connect(Socket.java:751)
[2026-04-14T03:18:22.383+0000] {subprocess.py:106} INFO - 	at org.apache.thrift.transport.TSocket.open(TSocket.java:250)
[2026-04-14T03:18:22.384+0000] {subprocess.py:106} INFO - 	... 112 more
[2026-04-14T03:18:22.392+0000] {subprocess.py:106} INFO - )
[2026-04-14T03:18:22.395+0000] {subprocess.py:106} INFO - 	at org.apache.hadoop.hive.metastore.HiveMetaStoreClient.open(HiveMetaStoreClient.java:541)
[2026-04-14T03:18:22.397+0000] {subprocess.py:106} INFO - 	at org.apache.hadoop.hive.metastore.HiveMetaStoreClient.<init>(HiveMetaStoreClient.java:246)
[2026-04-14T03:18:22.399+0000] {subprocess.py:106} INFO - 	... 110 more
[2026-04-14T03:18:22.400+0000] {subprocess.py:106} INFO - 
[2026-04-14T03:18:32.881+0000] {subprocess.py:106} INFO - 26/04/14 03:18:32 INFO SparkContext: Invoking stop() from shutdown hook
[2026-04-14T03:18:33.049+0000] {subprocess.py:106} INFO - 26/04/14 03:18:33 INFO SparkContext: SparkContext is stopping with exitCode 0 from run at Executors.java:572.
[2026-04-14T03:18:33.638+0000] {subprocess.py:106} INFO - 26/04/14 03:18:33 INFO SparkUI: Stopped Spark web UI at http://spark-master:4042
[2026-04-14T03:18:34.251+0000] {subprocess.py:106} INFO - 26/04/14 03:18:34 INFO MapOutputTrackerMasterEndpoint: MapOutputTrackerMasterEndpoint stopped!
[2026-04-14T03:18:35.666+0000] {subprocess.py:106} INFO - 26/04/14 03:18:35 INFO MemoryStore: MemoryStore started with capacity 1048.8 MiB
[2026-04-14T03:18:35.691+0000] {subprocess.py:106} INFO - 26/04/14 03:18:35 INFO MemoryStore: MemoryStore cleared
[2026-04-14T03:18:35.705+0000] {subprocess.py:106} INFO - 26/04/14 03:18:35 INFO BlockManager: BlockManager stopped
[2026-04-14T03:18:35.849+0000] {subprocess.py:106} INFO - 26/04/14 03:18:35 INFO BlockManagerMaster: BlockManagerMaster stopped
[2026-04-14T03:18:35.920+0000] {subprocess.py:106} INFO - 26/04/14 03:18:35 INFO OutputCommitCoordinator$OutputCommitCoordinatorEndpoint: OutputCommitCoordinator stopped!
[2026-04-14T03:18:36.137+0000] {subprocess.py:106} INFO - 26/04/14 03:18:36 INFO SparkContext: Successfully stopped SparkContext
[2026-04-14T03:18:36.138+0000] {subprocess.py:106} INFO - 26/04/14 03:18:36 INFO ShutdownHookManager: Shutdown hook called
[2026-04-14T03:18:36.149+0000] {subprocess.py:106} INFO - 26/04/14 03:18:36 INFO ShutdownHookManager: Deleting directory /tmp/spark-3b106a13-efa3-47bf-9cca-0dbdc8587b76
[2026-04-14T03:18:36.177+0000] {subprocess.py:106} INFO - 26/04/14 03:18:36 INFO ShutdownHookManager: Deleting directory /tmp/spark-d4b6809d-c829-4a59-b184-4f61efc5103d
[2026-04-14T03:18:36.212+0000] {subprocess.py:106} INFO - 26/04/14 03:18:36 INFO ShutdownHookManager: Deleting directory /tmp/spark-3b106a13-efa3-47bf-9cca-0dbdc8587b76/pyspark-ed953419-9222-4e72-9f78-5162e1abbcc4
[2026-04-14T03:18:36.997+0000] {subprocess.py:110} INFO - Command exited with return code 1
[2026-04-14T03:18:38.187+0000] {taskinstance.py:3311} ERROR - Task failed with exception
Traceback (most recent call last):
  File "/home/airflow/airflow/venv/lib/python3.12/site-packages/airflow/models/taskinstance.py", line 767, in _execute_task
    result = _execute_callable(context=context, **execute_callable_kwargs)
             ^^^^^^^^^^^^^^^^^^^^^^^^^^^^^^^^^^^^^^^^^^^^^^^^^^^^^^^^^^^^^
  File "/home/airflow/airflow/venv/lib/python3.12/site-packages/airflow/models/taskinstance.py", line 733, in _execute_callable
    return ExecutionCallableRunner(
           ^^^^^^^^^^^^^^^^^^^^^^^^
  File "/home/airflow/airflow/venv/lib/python3.12/site-packages/airflow/utils/operator_helpers.py", line 252, in run
    return self.func(*args, **kwargs)
           ^^^^^^^^^^^^^^^^^^^^^^^^^^
  File "/home/airflow/airflow/venv/lib/python3.12/site-packages/airflow/models/baseoperator.py", line 422, in wrapper
    return func(self, *args, **kwargs)
           ^^^^^^^^^^^^^^^^^^^^^^^^^^^
  File "/home/airflow/airflow/venv/lib/python3.12/site-packages/airflow/operators/bash.py", line 276, in execute
    raise AirflowException(
airflow.exceptions.AirflowException: Bash command failed. The command returned a non-zero exit code 1.
[2026-04-14T03:18:38.404+0000] {taskinstance.py:1225} INFO - Marking task as FAILED. dag_id=predict_aqi, task_id=train_model, run_id=scheduled__2026-04-13T14:00:00+00:00, execution_date=20260413T140000, start_date=20260414T031159, end_date=20260414T031838
[2026-04-14T03:18:38.770+0000] {taskinstance.py:340} INFO - ::group::Post task execution logs
[2026-04-14T03:18:38.802+0000] {standard_task_runner.py:124} ERROR - Failed to execute job 249 for task train_model (Bash command failed. The command returned a non-zero exit code 1.; 249)
Traceback (most recent call last):
  File "/home/airflow/airflow/venv/lib/python3.12/site-packages/airflow/task/task_runner/standard_task_runner.py", line 117, in _start_by_fork
    ret = args.func(args, dag=self.dag)
          ^^^^^^^^^^^^^^^^^^^^^^^^^^^^^
  File "/home/airflow/airflow/venv/lib/python3.12/site-packages/airflow/cli/cli_config.py", line 49, in command
    return func(*args, **kwargs)
           ^^^^^^^^^^^^^^^^^^^^^
  File "/home/airflow/airflow/venv/lib/python3.12/site-packages/airflow/utils/cli.py", line 116, in wrapper
    return f(*args, **kwargs)
           ^^^^^^^^^^^^^^^^^^
  File "/home/airflow/airflow/venv/lib/python3.12/site-packages/airflow/cli/commands/task_command.py", line 483, in task_run
    task_return_code = _run_task_by_selected_method(args, _dag, ti)
                       ^^^^^^^^^^^^^^^^^^^^^^^^^^^^^^^^^^^^^^^^^^^^
  File "/home/airflow/airflow/venv/lib/python3.12/site-packages/airflow/cli/commands/task_command.py", line 256, in _run_task_by_selected_method
    return _run_raw_task(args, ti)
           ^^^^^^^^^^^^^^^^^^^^^^^
  File "/home/airflow/airflow/venv/lib/python3.12/site-packages/airflow/cli/commands/task_command.py", line 341, in _run_raw_task
    return ti._run_raw_task(
           ^^^^^^^^^^^^^^^^^
  File "/home/airflow/airflow/venv/lib/python3.12/site-packages/airflow/utils/session.py", line 97, in wrapper
    return func(*args, session=session, **kwargs)
           ^^^^^^^^^^^^^^^^^^^^^^^^^^^^^^^^^^^^^^
  File "/home/airflow/airflow/venv/lib/python3.12/site-packages/airflow/models/taskinstance.py", line 3005, in _run_raw_task
    return _run_raw_task(
           ^^^^^^^^^^^^^^
  File "/home/airflow/airflow/venv/lib/python3.12/site-packages/airflow/models/taskinstance.py", line 273, in _run_raw_task
    TaskInstance._execute_task_with_callbacks(
  File "/home/airflow/airflow/venv/lib/python3.12/site-packages/airflow/models/taskinstance.py", line 3159, in _execute_task_with_callbacks
    result = self._execute_task(context, task_orig)
             ^^^^^^^^^^^^^^^^^^^^^^^^^^^^^^^^^^^^^^
  File "/home/airflow/airflow/venv/lib/python3.12/site-packages/airflow/models/taskinstance.py", line 3183, in _execute_task
    return _execute_task(self, context, task_orig)
           ^^^^^^^^^^^^^^^^^^^^^^^^^^^^^^^^^^^^^^^
  File "/home/airflow/airflow/venv/lib/python3.12/site-packages/airflow/models/taskinstance.py", line 767, in _execute_task
    result = _execute_callable(context=context, **execute_callable_kwargs)
             ^^^^^^^^^^^^^^^^^^^^^^^^^^^^^^^^^^^^^^^^^^^^^^^^^^^^^^^^^^^^^
  File "/home/airflow/airflow/venv/lib/python3.12/site-packages/airflow/models/taskinstance.py", line 733, in _execute_callable
    return ExecutionCallableRunner(
           ^^^^^^^^^^^^^^^^^^^^^^^^
  File "/home/airflow/airflow/venv/lib/python3.12/site-packages/airflow/utils/operator_helpers.py", line 252, in run
    return self.func(*args, **kwargs)
           ^^^^^^^^^^^^^^^^^^^^^^^^^^
  File "/home/airflow/airflow/venv/lib/python3.12/site-packages/airflow/models/baseoperator.py", line 422, in wrapper
    return func(self, *args, **kwargs)
           ^^^^^^^^^^^^^^^^^^^^^^^^^^^
  File "/home/airflow/airflow/venv/lib/python3.12/site-packages/airflow/operators/bash.py", line 276, in execute
    raise AirflowException(
airflow.exceptions.AirflowException: Bash command failed. The command returned a non-zero exit code 1.
[2026-04-14T03:18:38.890+0000] {local_task_job_runner.py:266} INFO - Task exited with return code 1
[2026-04-14T03:18:39.498+0000] {taskinstance.py:3895} INFO - 0 downstream tasks scheduled from follow-on schedule check
[2026-04-14T03:18:39.925+0000] {local_task_job_runner.py:245} INFO - ::endgroup::
