[2026-04-12T09:47:35.292+0000] {local_task_job_runner.py:123} INFO - ::group::Pre task execution logs
[2026-04-12T09:47:35.336+0000] {taskinstance.py:2613} INFO - Dependencies all met for dep_context=non-requeueable deps ti=<TaskInstance: weather_real_time_pipeline_v2.start_spark_streaming_job scheduled__2026-04-12T09:40:00+00:00 [queued]>
[2026-04-12T09:47:35.351+0000] {taskinstance.py:2613} INFO - Dependencies all met for dep_context=requeueable deps ti=<TaskInstance: weather_real_time_pipeline_v2.start_spark_streaming_job scheduled__2026-04-12T09:40:00+00:00 [queued]>
[2026-04-12T09:47:35.352+0000] {taskinstance.py:2866} INFO - Starting attempt 2 of 4
[2026-04-12T09:47:35.370+0000] {taskinstance.py:2889} INFO - Executing <Task(BashOperator): start_spark_streaming_job> on 2026-04-12 09:40:00+00:00
[2026-04-12T09:47:35.381+0000] {standard_task_runner.py:104} INFO - Running: ['airflow', 'tasks', 'run', 'weather_real_time_pipeline_v2', 'start_spark_streaming_job', 'scheduled__2026-04-12T09:40:00+00:00', '--job-id', '12', '--raw', '--subdir', 'DAGS_FOLDER/weather_pipeline_dag.py', '--cfg-path', '/tmp/tmp_6rxklf_']
[2026-04-12T09:47:35.383+0000] {standard_task_runner.py:105} INFO - Job 12: Subtask start_spark_streaming_job
[2026-04-12T09:47:35.386+0000] {logging_mixin.py:190} WARNING - /home/airflow/airflow/venv/lib/python3.12/site-packages/airflow/task/task_runner/standard_task_runner.py:70 DeprecationWarning: This process (pid=31276) is multi-threaded, use of fork() may lead to deadlocks in the child.
[2026-04-12T09:47:35.387+0000] {standard_task_runner.py:72} INFO - Started process 31302 to run task
[2026-04-12T09:47:35.479+0000] {task_command.py:467} INFO - Running <TaskInstance: weather_real_time_pipeline_v2.start_spark_streaming_job scheduled__2026-04-12T09:40:00+00:00 [running]> on host airflow
[2026-04-12T09:47:35.601+0000] {taskinstance.py:3132} INFO - Exporting env vars: AIRFLOW_CTX_DAG_OWNER='airflow' AIRFLOW_CTX_DAG_ID='weather_real_time_pipeline_v2' AIRFLOW_CTX_TASK_ID='start_spark_streaming_job' AIRFLOW_CTX_EXECUTION_DATE='2026-04-12T09:40:00+00:00' AIRFLOW_CTX_TRY_NUMBER='2' AIRFLOW_CTX_DAG_RUN_ID='scheduled__2026-04-12T09:40:00+00:00'
[2026-04-12T09:47:35.602+0000] {taskinstance.py:731} INFO - ::endgroup::
[2026-04-12T09:47:35.619+0000] {subprocess.py:78} INFO - Tmp dir root location: /tmp
[2026-04-12T09:47:35.620+0000] {subprocess.py:88} INFO - Running command: ['/usr/bin/bash', '-c', 'docker exec spark-master spark-submit                 --packages org.apache.spark:spark-sql-kafka-0-10_2.13:4.0.0,org.apache.iceberg:iceberg-spark-runtime-4.0_2.13:1.10.1                 /home/spark/spark/spark_jobs/weather_streaming.py']
[2026-04-12T09:47:35.630+0000] {subprocess.py:99} INFO - Output:
[2026-04-12T09:47:36.127+0000] {subprocess.py:106} INFO - WARNING: Using incubator modules: jdk.incubator.vector
[2026-04-12T09:47:37.713+0000] {subprocess.py:106} INFO - :: loading settings :: url = jar:file:/home/spark/spark/jars/ivy-2.5.3.jar!/org/apache/ivy/core/settings/ivysettings.xml
[2026-04-12T09:47:37.797+0000] {subprocess.py:106} INFO - Ivy Default Cache set to: /home/spark/.ivy2.5.2/cache
[2026-04-12T09:47:37.797+0000] {subprocess.py:106} INFO - The jars for the packages stored in: /home/spark/.ivy2.5.2/jars
[2026-04-12T09:47:37.812+0000] {subprocess.py:106} INFO - org.apache.spark#spark-sql-kafka-0-10_2.13 added as a dependency
[2026-04-12T09:47:37.813+0000] {subprocess.py:106} INFO - org.apache.iceberg#iceberg-spark-runtime-4.0_2.13 added as a dependency
[2026-04-12T09:47:37.815+0000] {subprocess.py:106} INFO - :: resolving dependencies :: org.apache.spark#spark-submit-parent-28e3a290-bca8-4aa6-82fe-aaa481731a51;1.0
[2026-04-12T09:47:37.816+0000] {subprocess.py:106} INFO - 	confs: [default]
[2026-04-12T09:47:38.005+0000] {subprocess.py:106} INFO - 	found org.apache.spark#spark-sql-kafka-0-10_2.13;4.0.0 in central
[2026-04-12T09:47:38.081+0000] {subprocess.py:106} INFO - 	found org.apache.spark#spark-token-provider-kafka-0-10_2.13;4.0.0 in central
[2026-04-12T09:47:38.118+0000] {subprocess.py:106} INFO - 	found org.apache.kafka#kafka-clients;3.9.0 in central
[2026-04-12T09:47:38.160+0000] {subprocess.py:106} INFO - 	found org.lz4#lz4-java;1.8.0 in central
[2026-04-12T09:47:38.191+0000] {subprocess.py:106} INFO - 	found org.xerial.snappy#snappy-java;1.1.10.7 in central
[2026-04-12T09:47:38.214+0000] {subprocess.py:106} INFO - 	found org.slf4j#slf4j-api;2.0.16 in central
[2026-04-12T09:47:38.246+0000] {subprocess.py:106} INFO - 	found org.apache.hadoop#hadoop-client-runtime;3.4.1 in central
[2026-04-12T09:47:38.288+0000] {subprocess.py:106} INFO - 	found org.apache.hadoop#hadoop-client-api;3.4.1 in central
[2026-04-12T09:47:38.322+0000] {subprocess.py:106} INFO - 	found com.google.code.findbugs#jsr305;3.0.0 in central
[2026-04-12T09:47:38.342+0000] {subprocess.py:106} INFO - 	found org.scala-lang.modules#scala-parallel-collections_2.13;1.2.0 in central
[2026-04-12T09:47:38.367+0000] {subprocess.py:106} INFO - 	found org.apache.commons#commons-pool2;2.12.0 in central
[2026-04-12T09:47:38.384+0000] {subprocess.py:106} INFO - 	found org.apache.iceberg#iceberg-spark-runtime-4.0_2.13;1.10.1 in central
[2026-04-12T09:47:38.416+0000] {subprocess.py:106} INFO - :: resolution report :: resolve 583ms :: artifacts dl 19ms
[2026-04-12T09:47:38.417+0000] {subprocess.py:106} INFO - 	:: modules in use:
[2026-04-12T09:47:38.418+0000] {subprocess.py:106} INFO - 	com.google.code.findbugs#jsr305;3.0.0 from central in [default]
[2026-04-12T09:47:38.419+0000] {subprocess.py:106} INFO - 	org.apache.commons#commons-pool2;2.12.0 from central in [default]
[2026-04-12T09:47:38.420+0000] {subprocess.py:106} INFO - 	org.apache.hadoop#hadoop-client-api;3.4.1 from central in [default]
[2026-04-12T09:47:38.421+0000] {subprocess.py:106} INFO - 	org.apache.hadoop#hadoop-client-runtime;3.4.1 from central in [default]
[2026-04-12T09:47:38.422+0000] {subprocess.py:106} INFO - 	org.apache.iceberg#iceberg-spark-runtime-4.0_2.13;1.10.1 from central in [default]
[2026-04-12T09:47:38.422+0000] {subprocess.py:106} INFO - 	org.apache.kafka#kafka-clients;3.9.0 from central in [default]
[2026-04-12T09:47:38.423+0000] {subprocess.py:106} INFO - 	org.apache.spark#spark-sql-kafka-0-10_2.13;4.0.0 from central in [default]
[2026-04-12T09:47:38.424+0000] {subprocess.py:106} INFO - 	org.apache.spark#spark-token-provider-kafka-0-10_2.13;4.0.0 from central in [default]
[2026-04-12T09:47:38.424+0000] {subprocess.py:106} INFO - 	org.lz4#lz4-java;1.8.0 from central in [default]
[2026-04-12T09:47:38.425+0000] {subprocess.py:106} INFO - 	org.scala-lang.modules#scala-parallel-collections_2.13;1.2.0 from central in [default]
[2026-04-12T09:47:38.425+0000] {subprocess.py:106} INFO - 	org.slf4j#slf4j-api;2.0.16 from central in [default]
[2026-04-12T09:47:38.426+0000] {subprocess.py:106} INFO - 	org.xerial.snappy#snappy-java;1.1.10.7 from central in [default]
[2026-04-12T09:47:38.427+0000] {subprocess.py:106} INFO - 	---------------------------------------------------------------------
[2026-04-12T09:47:38.430+0000] {subprocess.py:106} INFO - 	|                  |            modules            ||   artifacts   |
[2026-04-12T09:47:38.433+0000] {subprocess.py:106} INFO - 	|       conf       | number| search|dwnlded|evicted|| number|dwnlded|
[2026-04-12T09:47:38.433+0000] {subprocess.py:106} INFO - 	---------------------------------------------------------------------
[2026-04-12T09:47:38.434+0000] {subprocess.py:106} INFO - 	|      default     |   12  |   0   |   0   |   0   ||   12  |   0   |
[2026-04-12T09:47:38.435+0000] {subprocess.py:106} INFO - 	---------------------------------------------------------------------
[2026-04-12T09:47:38.435+0000] {subprocess.py:106} INFO - :: retrieving :: org.apache.spark#spark-submit-parent-28e3a290-bca8-4aa6-82fe-aaa481731a51
[2026-04-12T09:47:38.436+0000] {subprocess.py:106} INFO - 	confs: [default]
[2026-04-12T09:47:38.449+0000] {subprocess.py:106} INFO - 	0 artifacts copied, 12 already retrieved (0kB/17ms)
[2026-04-12T09:47:38.858+0000] {subprocess.py:106} INFO - 26/04/12 09:47:38 WARN NativeCodeLoader: Unable to load native-hadoop library for your platform... using builtin-java classes where applicable
[2026-04-12T09:47:40.325+0000] {subprocess.py:106} INFO - Using Spark's default log4j profile: org/apache/spark/log4j2-defaults.properties
[2026-04-12T09:47:40.336+0000] {subprocess.py:106} INFO - 26/04/12 09:47:40 INFO SparkContext: Running Spark version 4.0.2
[2026-04-12T09:47:40.339+0000] {subprocess.py:106} INFO - 26/04/12 09:47:40 INFO SparkContext: OS info Linux, 6.6.87.2-microsoft-standard-WSL2, amd64
[2026-04-12T09:47:40.340+0000] {subprocess.py:106} INFO - 26/04/12 09:47:40 INFO SparkContext: Java version 21.0.10
[2026-04-12T09:47:40.395+0000] {subprocess.py:106} INFO - 26/04/12 09:47:40 INFO ResourceUtils: ==============================================================
[2026-04-12T09:47:40.396+0000] {subprocess.py:106} INFO - 26/04/12 09:47:40 INFO ResourceUtils: No custom resources configured for spark.driver.
[2026-04-12T09:47:40.397+0000] {subprocess.py:106} INFO - 26/04/12 09:47:40 INFO ResourceUtils: ==============================================================
[2026-04-12T09:47:40.400+0000] {subprocess.py:106} INFO - 26/04/12 09:47:40 INFO SparkContext: Submitted application: Weather_Kafka_to_Iceberg
[2026-04-12T09:47:40.459+0000] {subprocess.py:106} INFO - 26/04/12 09:47:40 INFO ResourceProfile: Default ResourceProfile created, executor resources: Map(cores -> name: cores, amount: 2, script: , vendor: , memory -> name: memory, amount: 2048, script: , vendor: , offHeap -> name: offHeap, amount: 0, script: , vendor: ), task resources: Map(cpus -> name: cpus, amount: 1.0)
[2026-04-12T09:47:40.468+0000] {subprocess.py:106} INFO - 26/04/12 09:47:40 INFO ResourceProfile: Limiting resource is cpus at 2 tasks per executor
[2026-04-12T09:47:40.473+0000] {subprocess.py:106} INFO - 26/04/12 09:47:40 INFO ResourceProfileManager: Added ResourceProfile id: 0
[2026-04-12T09:47:40.535+0000] {subprocess.py:106} INFO - 26/04/12 09:47:40 INFO SecurityManager: Changing view acls to: spark
[2026-04-12T09:47:40.536+0000] {subprocess.py:106} INFO - 26/04/12 09:47:40 INFO SecurityManager: Changing modify acls to: spark
[2026-04-12T09:47:40.536+0000] {subprocess.py:106} INFO - 26/04/12 09:47:40 INFO SecurityManager: Changing view acls groups to: spark
[2026-04-12T09:47:40.537+0000] {subprocess.py:106} INFO - 26/04/12 09:47:40 INFO SecurityManager: Changing modify acls groups to: spark
[2026-04-12T09:47:40.541+0000] {subprocess.py:106} INFO - 26/04/12 09:47:40 INFO SecurityManager: SecurityManager: authentication disabled; ui acls disabled; users with view permissions: spark groups with view permissions: EMPTY; users with modify permissions: spark; groups with modify permissions: EMPTY; RPC SSL disabled
[2026-04-12T09:47:40.871+0000] {subprocess.py:106} INFO - 26/04/12 09:47:40 INFO Utils: Successfully started service 'sparkDriver' on port 42449.
[2026-04-12T09:47:40.902+0000] {subprocess.py:106} INFO - 26/04/12 09:47:40 INFO SparkEnv: Registering MapOutputTracker
[2026-04-12T09:47:40.917+0000] {subprocess.py:106} INFO - 26/04/12 09:47:40 INFO SparkEnv: Registering BlockManagerMaster
[2026-04-12T09:47:40.936+0000] {subprocess.py:106} INFO - 26/04/12 09:47:40 INFO BlockManagerMasterEndpoint: Using org.apache.spark.storage.DefaultTopologyMapper for getting topology information
[2026-04-12T09:47:40.937+0000] {subprocess.py:106} INFO - 26/04/12 09:47:40 INFO BlockManagerMasterEndpoint: BlockManagerMasterEndpoint up
[2026-04-12T09:47:40.940+0000] {subprocess.py:106} INFO - 26/04/12 09:47:40 INFO SparkEnv: Registering BlockManagerMasterHeartbeat
[2026-04-12T09:47:40.968+0000] {subprocess.py:106} INFO - 26/04/12 09:47:40 INFO DiskBlockManager: Created local directory at /tmp/blockmgr-98cf62a3-72b2-4f6e-9287-c07d8559453d
[2026-04-12T09:47:40.995+0000] {subprocess.py:106} INFO - 26/04/12 09:47:40 INFO SparkEnv: Registering OutputCommitCoordinator
[2026-04-12T09:47:41.168+0000] {subprocess.py:106} INFO - 26/04/12 09:47:41 INFO JettyUtils: Start Jetty 0.0.0.0:4040 for SparkUI
[2026-04-12T09:47:41.282+0000] {subprocess.py:106} INFO - 26/04/12 09:47:41 INFO Utils: Successfully started service 'SparkUI' on port 4040.
[2026-04-12T09:47:41.339+0000] {subprocess.py:106} INFO - 26/04/12 09:47:41 INFO SparkContext: Added JAR file:///home/spark/.ivy2.5.2/jars/org.apache.spark_spark-sql-kafka-0-10_2.13-4.0.0.jar at spark://spark-master:42449/jars/org.apache.spark_spark-sql-kafka-0-10_2.13-4.0.0.jar with timestamp 1775987260310
[2026-04-12T09:47:41.340+0000] {subprocess.py:106} INFO - 26/04/12 09:47:41 INFO SparkContext: Added JAR file:///home/spark/.ivy2.5.2/jars/org.apache.iceberg_iceberg-spark-runtime-4.0_2.13-1.10.1.jar at spark://spark-master:42449/jars/org.apache.iceberg_iceberg-spark-runtime-4.0_2.13-1.10.1.jar with timestamp 1775987260310
[2026-04-12T09:47:41.340+0000] {subprocess.py:106} INFO - 26/04/12 09:47:41 INFO SparkContext: Added JAR file:///home/spark/.ivy2.5.2/jars/org.apache.spark_spark-token-provider-kafka-0-10_2.13-4.0.0.jar at spark://spark-master:42449/jars/org.apache.spark_spark-token-provider-kafka-0-10_2.13-4.0.0.jar with timestamp 1775987260310
[2026-04-12T09:47:41.341+0000] {subprocess.py:106} INFO - 26/04/12 09:47:41 INFO SparkContext: Added JAR file:///home/spark/.ivy2.5.2/jars/org.scala-lang.modules_scala-parallel-collections_2.13-1.2.0.jar at spark://spark-master:42449/jars/org.scala-lang.modules_scala-parallel-collections_2.13-1.2.0.jar with timestamp 1775987260310
[2026-04-12T09:47:41.342+0000] {subprocess.py:106} INFO - 26/04/12 09:47:41 INFO SparkContext: Added JAR file:///home/spark/.ivy2.5.2/jars/org.apache.kafka_kafka-clients-3.9.0.jar at spark://spark-master:42449/jars/org.apache.kafka_kafka-clients-3.9.0.jar with timestamp 1775987260310
[2026-04-12T09:47:41.342+0000] {subprocess.py:106} INFO - 26/04/12 09:47:41 INFO SparkContext: Added JAR file:///home/spark/.ivy2.5.2/jars/com.google.code.findbugs_jsr305-3.0.0.jar at spark://spark-master:42449/jars/com.google.code.findbugs_jsr305-3.0.0.jar with timestamp 1775987260310
[2026-04-12T09:47:41.343+0000] {subprocess.py:106} INFO - 26/04/12 09:47:41 INFO SparkContext: Added JAR file:///home/spark/.ivy2.5.2/jars/org.apache.commons_commons-pool2-2.12.0.jar at spark://spark-master:42449/jars/org.apache.commons_commons-pool2-2.12.0.jar with timestamp 1775987260310
[2026-04-12T09:47:41.343+0000] {subprocess.py:106} INFO - 26/04/12 09:47:41 INFO SparkContext: Added JAR file:///home/spark/.ivy2.5.2/jars/org.apache.hadoop_hadoop-client-runtime-3.4.1.jar at spark://spark-master:42449/jars/org.apache.hadoop_hadoop-client-runtime-3.4.1.jar with timestamp 1775987260310
[2026-04-12T09:47:41.344+0000] {subprocess.py:106} INFO - 26/04/12 09:47:41 INFO SparkContext: Added JAR file:///home/spark/.ivy2.5.2/jars/org.lz4_lz4-java-1.8.0.jar at spark://spark-master:42449/jars/org.lz4_lz4-java-1.8.0.jar with timestamp 1775987260310
[2026-04-12T09:47:41.344+0000] {subprocess.py:106} INFO - 26/04/12 09:47:41 INFO SparkContext: Added JAR file:///home/spark/.ivy2.5.2/jars/org.xerial.snappy_snappy-java-1.1.10.7.jar at spark://spark-master:42449/jars/org.xerial.snappy_snappy-java-1.1.10.7.jar with timestamp 1775987260310
[2026-04-12T09:47:41.345+0000] {subprocess.py:106} INFO - 26/04/12 09:47:41 INFO SparkContext: Added JAR file:///home/spark/.ivy2.5.2/jars/org.slf4j_slf4j-api-2.0.16.jar at spark://spark-master:42449/jars/org.slf4j_slf4j-api-2.0.16.jar with timestamp 1775987260310
[2026-04-12T09:47:41.346+0000] {subprocess.py:106} INFO - 26/04/12 09:47:41 INFO SparkContext: Added JAR file:///home/spark/.ivy2.5.2/jars/org.apache.hadoop_hadoop-client-api-3.4.1.jar at spark://spark-master:42449/jars/org.apache.hadoop_hadoop-client-api-3.4.1.jar with timestamp 1775987260310
[2026-04-12T09:47:41.351+0000] {subprocess.py:106} INFO - 26/04/12 09:47:41 INFO SparkContext: Added file file:///home/spark/.ivy2.5.2/jars/org.apache.spark_spark-sql-kafka-0-10_2.13-4.0.0.jar at file:///home/spark/.ivy2.5.2/jars/org.apache.spark_spark-sql-kafka-0-10_2.13-4.0.0.jar with timestamp 1775987260310
[2026-04-12T09:47:41.355+0000] {subprocess.py:106} INFO - 26/04/12 09:47:41 INFO Utils: Copying /home/spark/.ivy2.5.2/jars/org.apache.spark_spark-sql-kafka-0-10_2.13-4.0.0.jar to /tmp/spark-1fdf4a35-0c13-4a23-ad39-4b6b00edda6d/userFiles-3a28f605-7d1e-4527-b820-c6df20484f03/org.apache.spark_spark-sql-kafka-0-10_2.13-4.0.0.jar
[2026-04-12T09:47:41.367+0000] {subprocess.py:106} INFO - 26/04/12 09:47:41 INFO SparkContext: Added file file:///home/spark/.ivy2.5.2/jars/org.apache.iceberg_iceberg-spark-runtime-4.0_2.13-1.10.1.jar at file:///home/spark/.ivy2.5.2/jars/org.apache.iceberg_iceberg-spark-runtime-4.0_2.13-1.10.1.jar with timestamp 1775987260310
[2026-04-12T09:47:41.368+0000] {subprocess.py:106} INFO - 26/04/12 09:47:41 INFO Utils: Copying /home/spark/.ivy2.5.2/jars/org.apache.iceberg_iceberg-spark-runtime-4.0_2.13-1.10.1.jar to /tmp/spark-1fdf4a35-0c13-4a23-ad39-4b6b00edda6d/userFiles-3a28f605-7d1e-4527-b820-c6df20484f03/org.apache.iceberg_iceberg-spark-runtime-4.0_2.13-1.10.1.jar
[2026-04-12T09:47:41.406+0000] {subprocess.py:106} INFO - 26/04/12 09:47:41 INFO SparkContext: Added file file:///home/spark/.ivy2.5.2/jars/org.apache.spark_spark-token-provider-kafka-0-10_2.13-4.0.0.jar at file:///home/spark/.ivy2.5.2/jars/org.apache.spark_spark-token-provider-kafka-0-10_2.13-4.0.0.jar with timestamp 1775987260310
[2026-04-12T09:47:41.407+0000] {subprocess.py:106} INFO - 26/04/12 09:47:41 INFO Utils: Copying /home/spark/.ivy2.5.2/jars/org.apache.spark_spark-token-provider-kafka-0-10_2.13-4.0.0.jar to /tmp/spark-1fdf4a35-0c13-4a23-ad39-4b6b00edda6d/userFiles-3a28f605-7d1e-4527-b820-c6df20484f03/org.apache.spark_spark-token-provider-kafka-0-10_2.13-4.0.0.jar
[2026-04-12T09:47:41.411+0000] {subprocess.py:106} INFO - 26/04/12 09:47:41 INFO SparkContext: Added file file:///home/spark/.ivy2.5.2/jars/org.scala-lang.modules_scala-parallel-collections_2.13-1.2.0.jar at file:///home/spark/.ivy2.5.2/jars/org.scala-lang.modules_scala-parallel-collections_2.13-1.2.0.jar with timestamp 1775987260310
[2026-04-12T09:47:41.412+0000] {subprocess.py:106} INFO - 26/04/12 09:47:41 INFO Utils: Copying /home/spark/.ivy2.5.2/jars/org.scala-lang.modules_scala-parallel-collections_2.13-1.2.0.jar to /tmp/spark-1fdf4a35-0c13-4a23-ad39-4b6b00edda6d/userFiles-3a28f605-7d1e-4527-b820-c6df20484f03/org.scala-lang.modules_scala-parallel-collections_2.13-1.2.0.jar
[2026-04-12T09:47:41.420+0000] {subprocess.py:106} INFO - 26/04/12 09:47:41 INFO SparkContext: Added file file:///home/spark/.ivy2.5.2/jars/org.apache.kafka_kafka-clients-3.9.0.jar at file:///home/spark/.ivy2.5.2/jars/org.apache.kafka_kafka-clients-3.9.0.jar with timestamp 1775987260310
[2026-04-12T09:47:41.421+0000] {subprocess.py:106} INFO - 26/04/12 09:47:41 INFO Utils: Copying /home/spark/.ivy2.5.2/jars/org.apache.kafka_kafka-clients-3.9.0.jar to /tmp/spark-1fdf4a35-0c13-4a23-ad39-4b6b00edda6d/userFiles-3a28f605-7d1e-4527-b820-c6df20484f03/org.apache.kafka_kafka-clients-3.9.0.jar
[2026-04-12T09:47:41.440+0000] {subprocess.py:106} INFO - 26/04/12 09:47:41 INFO SparkContext: Added file file:///home/spark/.ivy2.5.2/jars/com.google.code.findbugs_jsr305-3.0.0.jar at file:///home/spark/.ivy2.5.2/jars/com.google.code.findbugs_jsr305-3.0.0.jar with timestamp 1775987260310
[2026-04-12T09:47:41.441+0000] {subprocess.py:106} INFO - 26/04/12 09:47:41 INFO Utils: Copying /home/spark/.ivy2.5.2/jars/com.google.code.findbugs_jsr305-3.0.0.jar to /tmp/spark-1fdf4a35-0c13-4a23-ad39-4b6b00edda6d/userFiles-3a28f605-7d1e-4527-b820-c6df20484f03/com.google.code.findbugs_jsr305-3.0.0.jar
[2026-04-12T09:47:41.445+0000] {subprocess.py:106} INFO - 26/04/12 09:47:41 INFO SparkContext: Added file file:///home/spark/.ivy2.5.2/jars/org.apache.commons_commons-pool2-2.12.0.jar at file:///home/spark/.ivy2.5.2/jars/org.apache.commons_commons-pool2-2.12.0.jar with timestamp 1775987260310
[2026-04-12T09:47:41.446+0000] {subprocess.py:106} INFO - 26/04/12 09:47:41 INFO Utils: Copying /home/spark/.ivy2.5.2/jars/org.apache.commons_commons-pool2-2.12.0.jar to /tmp/spark-1fdf4a35-0c13-4a23-ad39-4b6b00edda6d/userFiles-3a28f605-7d1e-4527-b820-c6df20484f03/org.apache.commons_commons-pool2-2.12.0.jar
[2026-04-12T09:47:41.451+0000] {subprocess.py:106} INFO - 26/04/12 09:47:41 INFO SparkContext: Added file file:///home/spark/.ivy2.5.2/jars/org.apache.hadoop_hadoop-client-runtime-3.4.1.jar at file:///home/spark/.ivy2.5.2/jars/org.apache.hadoop_hadoop-client-runtime-3.4.1.jar with timestamp 1775987260310
[2026-04-12T09:47:41.452+0000] {subprocess.py:106} INFO - 26/04/12 09:47:41 INFO Utils: Copying /home/spark/.ivy2.5.2/jars/org.apache.hadoop_hadoop-client-runtime-3.4.1.jar to /tmp/spark-1fdf4a35-0c13-4a23-ad39-4b6b00edda6d/userFiles-3a28f605-7d1e-4527-b820-c6df20484f03/org.apache.hadoop_hadoop-client-runtime-3.4.1.jar
[2026-04-12T09:47:41.486+0000] {subprocess.py:106} INFO - 26/04/12 09:47:41 INFO SparkContext: Added file file:///home/spark/.ivy2.5.2/jars/org.lz4_lz4-java-1.8.0.jar at file:///home/spark/.ivy2.5.2/jars/org.lz4_lz4-java-1.8.0.jar with timestamp 1775987260310
[2026-04-12T09:47:41.486+0000] {subprocess.py:106} INFO - 26/04/12 09:47:41 INFO Utils: Copying /home/spark/.ivy2.5.2/jars/org.lz4_lz4-java-1.8.0.jar to /tmp/spark-1fdf4a35-0c13-4a23-ad39-4b6b00edda6d/userFiles-3a28f605-7d1e-4527-b820-c6df20484f03/org.lz4_lz4-java-1.8.0.jar
[2026-04-12T09:47:41.493+0000] {subprocess.py:106} INFO - 26/04/12 09:47:41 INFO SparkContext: Added file file:///home/spark/.ivy2.5.2/jars/org.xerial.snappy_snappy-java-1.1.10.7.jar at file:///home/spark/.ivy2.5.2/jars/org.xerial.snappy_snappy-java-1.1.10.7.jar with timestamp 1775987260310
[2026-04-12T09:47:41.493+0000] {subprocess.py:106} INFO - 26/04/12 09:47:41 INFO Utils: Copying /home/spark/.ivy2.5.2/jars/org.xerial.snappy_snappy-java-1.1.10.7.jar to /tmp/spark-1fdf4a35-0c13-4a23-ad39-4b6b00edda6d/userFiles-3a28f605-7d1e-4527-b820-c6df20484f03/org.xerial.snappy_snappy-java-1.1.10.7.jar
[2026-04-12T09:47:41.500+0000] {subprocess.py:106} INFO - 26/04/12 09:47:41 INFO SparkContext: Added file file:///home/spark/.ivy2.5.2/jars/org.slf4j_slf4j-api-2.0.16.jar at file:///home/spark/.ivy2.5.2/jars/org.slf4j_slf4j-api-2.0.16.jar with timestamp 1775987260310
[2026-04-12T09:47:41.500+0000] {subprocess.py:106} INFO - 26/04/12 09:47:41 INFO Utils: Copying /home/spark/.ivy2.5.2/jars/org.slf4j_slf4j-api-2.0.16.jar to /tmp/spark-1fdf4a35-0c13-4a23-ad39-4b6b00edda6d/userFiles-3a28f605-7d1e-4527-b820-c6df20484f03/org.slf4j_slf4j-api-2.0.16.jar
[2026-04-12T09:47:41.505+0000] {subprocess.py:106} INFO - 26/04/12 09:47:41 INFO SparkContext: Added file file:///home/spark/.ivy2.5.2/jars/org.apache.hadoop_hadoop-client-api-3.4.1.jar at file:///home/spark/.ivy2.5.2/jars/org.apache.hadoop_hadoop-client-api-3.4.1.jar with timestamp 1775987260310
[2026-04-12T09:47:41.505+0000] {subprocess.py:106} INFO - 26/04/12 09:47:41 INFO Utils: Copying /home/spark/.ivy2.5.2/jars/org.apache.hadoop_hadoop-client-api-3.4.1.jar to /tmp/spark-1fdf4a35-0c13-4a23-ad39-4b6b00edda6d/userFiles-3a28f605-7d1e-4527-b820-c6df20484f03/org.apache.hadoop_hadoop-client-api-3.4.1.jar
[2026-04-12T09:47:41.568+0000] {subprocess.py:106} INFO - 26/04/12 09:47:41 INFO SecurityManager: Changing view acls to: spark
[2026-04-12T09:47:41.569+0000] {subprocess.py:106} INFO - 26/04/12 09:47:41 INFO SecurityManager: Changing modify acls to: spark
[2026-04-12T09:47:41.570+0000] {subprocess.py:106} INFO - 26/04/12 09:47:41 INFO SecurityManager: Changing view acls groups to: spark
[2026-04-12T09:47:41.571+0000] {subprocess.py:106} INFO - 26/04/12 09:47:41 INFO SecurityManager: Changing modify acls groups to: spark
[2026-04-12T09:47:41.571+0000] {subprocess.py:106} INFO - 26/04/12 09:47:41 INFO SecurityManager: SecurityManager: authentication disabled; ui acls disabled; users with view permissions: spark groups with view permissions: EMPTY; users with modify permissions: spark; groups with modify permissions: EMPTY; RPC SSL disabled
[2026-04-12T09:47:41.804+0000] {subprocess.py:106} INFO - 26/04/12 09:47:41 INFO Executor: Starting executor ID driver on host spark-master
[2026-04-12T09:47:41.805+0000] {subprocess.py:106} INFO - 26/04/12 09:47:41 INFO Executor: OS info Linux, 6.6.87.2-microsoft-standard-WSL2, amd64
[2026-04-12T09:47:41.806+0000] {subprocess.py:106} INFO - 26/04/12 09:47:41 INFO Executor: Java version 21.0.10
[2026-04-12T09:47:41.823+0000] {subprocess.py:106} INFO - 26/04/12 09:47:41 INFO Executor: Starting executor with user classpath (userClassPathFirst = false): ''
[2026-04-12T09:47:41.825+0000] {subprocess.py:106} INFO - 26/04/12 09:47:41 INFO Executor: Created or updated repl class loader org.apache.spark.util.MutableURLClassLoader@1bd846b6 for default.
[2026-04-12T09:47:41.841+0000] {subprocess.py:106} INFO - 26/04/12 09:47:41 INFO Executor: Fetching file:///home/spark/.ivy2.5.2/jars/org.lz4_lz4-java-1.8.0.jar with timestamp 1775987260310
[2026-04-12T09:47:41.862+0000] {subprocess.py:106} INFO - 26/04/12 09:47:41 INFO Utils: /home/spark/.ivy2.5.2/jars/org.lz4_lz4-java-1.8.0.jar has been previously copied to /tmp/spark-1fdf4a35-0c13-4a23-ad39-4b6b00edda6d/userFiles-3a28f605-7d1e-4527-b820-c6df20484f03/org.lz4_lz4-java-1.8.0.jar
[2026-04-12T09:47:41.866+0000] {subprocess.py:106} INFO - 26/04/12 09:47:41 INFO Executor: Fetching file:///home/spark/.ivy2.5.2/jars/org.scala-lang.modules_scala-parallel-collections_2.13-1.2.0.jar with timestamp 1775987260310
[2026-04-12T09:47:41.867+0000] {subprocess.py:106} INFO - 26/04/12 09:47:41 INFO Utils: /home/spark/.ivy2.5.2/jars/org.scala-lang.modules_scala-parallel-collections_2.13-1.2.0.jar has been previously copied to /tmp/spark-1fdf4a35-0c13-4a23-ad39-4b6b00edda6d/userFiles-3a28f605-7d1e-4527-b820-c6df20484f03/org.scala-lang.modules_scala-parallel-collections_2.13-1.2.0.jar
[2026-04-12T09:47:41.872+0000] {subprocess.py:106} INFO - 26/04/12 09:47:41 INFO Executor: Fetching file:///home/spark/.ivy2.5.2/jars/org.apache.kafka_kafka-clients-3.9.0.jar with timestamp 1775987260310
[2026-04-12T09:47:41.877+0000] {subprocess.py:106} INFO - 26/04/12 09:47:41 INFO Utils: /home/spark/.ivy2.5.2/jars/org.apache.kafka_kafka-clients-3.9.0.jar has been previously copied to /tmp/spark-1fdf4a35-0c13-4a23-ad39-4b6b00edda6d/userFiles-3a28f605-7d1e-4527-b820-c6df20484f03/org.apache.kafka_kafka-clients-3.9.0.jar
[2026-04-12T09:47:41.882+0000] {subprocess.py:106} INFO - 26/04/12 09:47:41 INFO Executor: Fetching file:///home/spark/.ivy2.5.2/jars/org.apache.spark_spark-sql-kafka-0-10_2.13-4.0.0.jar with timestamp 1775987260310
[2026-04-12T09:47:41.882+0000] {subprocess.py:106} INFO - 26/04/12 09:47:41 INFO Utils: /home/spark/.ivy2.5.2/jars/org.apache.spark_spark-sql-kafka-0-10_2.13-4.0.0.jar has been previously copied to /tmp/spark-1fdf4a35-0c13-4a23-ad39-4b6b00edda6d/userFiles-3a28f605-7d1e-4527-b820-c6df20484f03/org.apache.spark_spark-sql-kafka-0-10_2.13-4.0.0.jar
[2026-04-12T09:47:41.886+0000] {subprocess.py:106} INFO - 26/04/12 09:47:41 INFO Executor: Fetching file:///home/spark/.ivy2.5.2/jars/org.apache.hadoop_hadoop-client-api-3.4.1.jar with timestamp 1775987260310
[2026-04-12T09:47:41.899+0000] {subprocess.py:106} INFO - 26/04/12 09:47:41 INFO Utils: /home/spark/.ivy2.5.2/jars/org.apache.hadoop_hadoop-client-api-3.4.1.jar has been previously copied to /tmp/spark-1fdf4a35-0c13-4a23-ad39-4b6b00edda6d/userFiles-3a28f605-7d1e-4527-b820-c6df20484f03/org.apache.hadoop_hadoop-client-api-3.4.1.jar
[2026-04-12T09:47:41.902+0000] {subprocess.py:106} INFO - 26/04/12 09:47:41 INFO Executor: Fetching file:///home/spark/.ivy2.5.2/jars/org.apache.commons_commons-pool2-2.12.0.jar with timestamp 1775987260310
[2026-04-12T09:47:41.905+0000] {subprocess.py:106} INFO - 26/04/12 09:47:41 INFO Utils: /home/spark/.ivy2.5.2/jars/org.apache.commons_commons-pool2-2.12.0.jar has been previously copied to /tmp/spark-1fdf4a35-0c13-4a23-ad39-4b6b00edda6d/userFiles-3a28f605-7d1e-4527-b820-c6df20484f03/org.apache.commons_commons-pool2-2.12.0.jar
[2026-04-12T09:47:41.907+0000] {subprocess.py:106} INFO - 26/04/12 09:47:41 INFO Executor: Fetching file:///home/spark/.ivy2.5.2/jars/org.slf4j_slf4j-api-2.0.16.jar with timestamp 1775987260310
[2026-04-12T09:47:41.908+0000] {subprocess.py:106} INFO - 26/04/12 09:47:41 INFO Utils: /home/spark/.ivy2.5.2/jars/org.slf4j_slf4j-api-2.0.16.jar has been previously copied to /tmp/spark-1fdf4a35-0c13-4a23-ad39-4b6b00edda6d/userFiles-3a28f605-7d1e-4527-b820-c6df20484f03/org.slf4j_slf4j-api-2.0.16.jar
[2026-04-12T09:47:41.912+0000] {subprocess.py:106} INFO - 26/04/12 09:47:41 INFO Executor: Fetching file:///home/spark/.ivy2.5.2/jars/org.apache.iceberg_iceberg-spark-runtime-4.0_2.13-1.10.1.jar with timestamp 1775987260310
[2026-04-12T09:47:41.938+0000] {subprocess.py:106} INFO - 26/04/12 09:47:41 INFO Utils: /home/spark/.ivy2.5.2/jars/org.apache.iceberg_iceberg-spark-runtime-4.0_2.13-1.10.1.jar has been previously copied to /tmp/spark-1fdf4a35-0c13-4a23-ad39-4b6b00edda6d/userFiles-3a28f605-7d1e-4527-b820-c6df20484f03/org.apache.iceberg_iceberg-spark-runtime-4.0_2.13-1.10.1.jar
[2026-04-12T09:47:41.941+0000] {subprocess.py:106} INFO - 26/04/12 09:47:41 INFO Executor: Fetching file:///home/spark/.ivy2.5.2/jars/org.apache.hadoop_hadoop-client-runtime-3.4.1.jar with timestamp 1775987260310
[2026-04-12T09:47:41.958+0000] {subprocess.py:106} INFO - 26/04/12 09:47:41 INFO Utils: /home/spark/.ivy2.5.2/jars/org.apache.hadoop_hadoop-client-runtime-3.4.1.jar has been previously copied to /tmp/spark-1fdf4a35-0c13-4a23-ad39-4b6b00edda6d/userFiles-3a28f605-7d1e-4527-b820-c6df20484f03/org.apache.hadoop_hadoop-client-runtime-3.4.1.jar
[2026-04-12T09:47:41.961+0000] {subprocess.py:106} INFO - 26/04/12 09:47:41 INFO Executor: Fetching file:///home/spark/.ivy2.5.2/jars/org.apache.spark_spark-token-provider-kafka-0-10_2.13-4.0.0.jar with timestamp 1775987260310
[2026-04-12T09:47:41.961+0000] {subprocess.py:106} INFO - 26/04/12 09:47:41 INFO Utils: /home/spark/.ivy2.5.2/jars/org.apache.spark_spark-token-provider-kafka-0-10_2.13-4.0.0.jar has been previously copied to /tmp/spark-1fdf4a35-0c13-4a23-ad39-4b6b00edda6d/userFiles-3a28f605-7d1e-4527-b820-c6df20484f03/org.apache.spark_spark-token-provider-kafka-0-10_2.13-4.0.0.jar
[2026-04-12T09:47:41.965+0000] {subprocess.py:106} INFO - 26/04/12 09:47:41 INFO Executor: Fetching file:///home/spark/.ivy2.5.2/jars/com.google.code.findbugs_jsr305-3.0.0.jar with timestamp 1775987260310
[2026-04-12T09:47:41.966+0000] {subprocess.py:106} INFO - 26/04/12 09:47:41 INFO Utils: /home/spark/.ivy2.5.2/jars/com.google.code.findbugs_jsr305-3.0.0.jar has been previously copied to /tmp/spark-1fdf4a35-0c13-4a23-ad39-4b6b00edda6d/userFiles-3a28f605-7d1e-4527-b820-c6df20484f03/com.google.code.findbugs_jsr305-3.0.0.jar
[2026-04-12T09:47:41.969+0000] {subprocess.py:106} INFO - 26/04/12 09:47:41 INFO Executor: Fetching file:///home/spark/.ivy2.5.2/jars/org.xerial.snappy_snappy-java-1.1.10.7.jar with timestamp 1775987260310
[2026-04-12T09:47:41.971+0000] {subprocess.py:106} INFO - 26/04/12 09:47:41 INFO Utils: /home/spark/.ivy2.5.2/jars/org.xerial.snappy_snappy-java-1.1.10.7.jar has been previously copied to /tmp/spark-1fdf4a35-0c13-4a23-ad39-4b6b00edda6d/userFiles-3a28f605-7d1e-4527-b820-c6df20484f03/org.xerial.snappy_snappy-java-1.1.10.7.jar
[2026-04-12T09:47:41.978+0000] {subprocess.py:106} INFO - 26/04/12 09:47:41 INFO Executor: Fetching spark://spark-master:42449/jars/com.google.code.findbugs_jsr305-3.0.0.jar with timestamp 1775987260310
[2026-04-12T09:47:42.033+0000] {subprocess.py:106} INFO - 26/04/12 09:47:42 INFO TransportClientFactory: Successfully created connection to spark-master/172.20.0.5:42449 after 39 ms (0 ms spent in bootstraps)
[2026-04-12T09:47:42.042+0000] {subprocess.py:106} INFO - 26/04/12 09:47:42 INFO Utils: Fetching spark://spark-master:42449/jars/com.google.code.findbugs_jsr305-3.0.0.jar to /tmp/spark-1fdf4a35-0c13-4a23-ad39-4b6b00edda6d/userFiles-3a28f605-7d1e-4527-b820-c6df20484f03/fetchFileTemp13299695254421032335.tmp
[2026-04-12T09:47:42.063+0000] {subprocess.py:106} INFO - 26/04/12 09:47:42 INFO Utils: /tmp/spark-1fdf4a35-0c13-4a23-ad39-4b6b00edda6d/userFiles-3a28f605-7d1e-4527-b820-c6df20484f03/fetchFileTemp13299695254421032335.tmp has been previously copied to /tmp/spark-1fdf4a35-0c13-4a23-ad39-4b6b00edda6d/userFiles-3a28f605-7d1e-4527-b820-c6df20484f03/com.google.code.findbugs_jsr305-3.0.0.jar
[2026-04-12T09:47:42.070+0000] {subprocess.py:106} INFO - 26/04/12 09:47:42 INFO Executor: Adding file:/tmp/spark-1fdf4a35-0c13-4a23-ad39-4b6b00edda6d/userFiles-3a28f605-7d1e-4527-b820-c6df20484f03/com.google.code.findbugs_jsr305-3.0.0.jar to class loader default
[2026-04-12T09:47:42.071+0000] {subprocess.py:106} INFO - 26/04/12 09:47:42 INFO Executor: Fetching spark://spark-master:42449/jars/org.scala-lang.modules_scala-parallel-collections_2.13-1.2.0.jar with timestamp 1775987260310
[2026-04-12T09:47:42.072+0000] {subprocess.py:106} INFO - 26/04/12 09:47:42 INFO Utils: Fetching spark://spark-master:42449/jars/org.scala-lang.modules_scala-parallel-collections_2.13-1.2.0.jar to /tmp/spark-1fdf4a35-0c13-4a23-ad39-4b6b00edda6d/userFiles-3a28f605-7d1e-4527-b820-c6df20484f03/fetchFileTemp2567612937942905395.tmp
[2026-04-12T09:47:42.095+0000] {subprocess.py:106} INFO - 26/04/12 09:47:42 INFO Utils: /tmp/spark-1fdf4a35-0c13-4a23-ad39-4b6b00edda6d/userFiles-3a28f605-7d1e-4527-b820-c6df20484f03/fetchFileTemp2567612937942905395.tmp has been previously copied to /tmp/spark-1fdf4a35-0c13-4a23-ad39-4b6b00edda6d/userFiles-3a28f605-7d1e-4527-b820-c6df20484f03/org.scala-lang.modules_scala-parallel-collections_2.13-1.2.0.jar
[2026-04-12T09:47:42.107+0000] {subprocess.py:106} INFO - 26/04/12 09:47:42 INFO Executor: Adding file:/tmp/spark-1fdf4a35-0c13-4a23-ad39-4b6b00edda6d/userFiles-3a28f605-7d1e-4527-b820-c6df20484f03/org.scala-lang.modules_scala-parallel-collections_2.13-1.2.0.jar to class loader default
[2026-04-12T09:47:42.108+0000] {subprocess.py:106} INFO - 26/04/12 09:47:42 INFO Executor: Fetching spark://spark-master:42449/jars/org.apache.commons_commons-pool2-2.12.0.jar with timestamp 1775987260310
[2026-04-12T09:47:42.109+0000] {subprocess.py:106} INFO - 26/04/12 09:47:42 INFO Utils: Fetching spark://spark-master:42449/jars/org.apache.commons_commons-pool2-2.12.0.jar to /tmp/spark-1fdf4a35-0c13-4a23-ad39-4b6b00edda6d/userFiles-3a28f605-7d1e-4527-b820-c6df20484f03/fetchFileTemp301997662837499574.tmp
[2026-04-12T09:47:42.112+0000] {subprocess.py:106} INFO - 26/04/12 09:47:42 INFO Utils: /tmp/spark-1fdf4a35-0c13-4a23-ad39-4b6b00edda6d/userFiles-3a28f605-7d1e-4527-b820-c6df20484f03/fetchFileTemp301997662837499574.tmp has been previously copied to /tmp/spark-1fdf4a35-0c13-4a23-ad39-4b6b00edda6d/userFiles-3a28f605-7d1e-4527-b820-c6df20484f03/org.apache.commons_commons-pool2-2.12.0.jar
[2026-04-12T09:47:42.118+0000] {subprocess.py:106} INFO - 26/04/12 09:47:42 INFO Executor: Adding file:/tmp/spark-1fdf4a35-0c13-4a23-ad39-4b6b00edda6d/userFiles-3a28f605-7d1e-4527-b820-c6df20484f03/org.apache.commons_commons-pool2-2.12.0.jar to class loader default
[2026-04-12T09:47:42.118+0000] {subprocess.py:106} INFO - 26/04/12 09:47:42 INFO Executor: Fetching spark://spark-master:42449/jars/org.xerial.snappy_snappy-java-1.1.10.7.jar with timestamp 1775987260310
[2026-04-12T09:47:42.119+0000] {subprocess.py:106} INFO - 26/04/12 09:47:42 INFO Utils: Fetching spark://spark-master:42449/jars/org.xerial.snappy_snappy-java-1.1.10.7.jar to /tmp/spark-1fdf4a35-0c13-4a23-ad39-4b6b00edda6d/userFiles-3a28f605-7d1e-4527-b820-c6df20484f03/fetchFileTemp16372981936993600310.tmp
[2026-04-12T09:47:42.136+0000] {subprocess.py:106} INFO - 26/04/12 09:47:42 INFO Utils: /tmp/spark-1fdf4a35-0c13-4a23-ad39-4b6b00edda6d/userFiles-3a28f605-7d1e-4527-b820-c6df20484f03/fetchFileTemp16372981936993600310.tmp has been previously copied to /tmp/spark-1fdf4a35-0c13-4a23-ad39-4b6b00edda6d/userFiles-3a28f605-7d1e-4527-b820-c6df20484f03/org.xerial.snappy_snappy-java-1.1.10.7.jar
[2026-04-12T09:47:42.162+0000] {subprocess.py:106} INFO - 26/04/12 09:47:42 INFO Executor: Adding file:/tmp/spark-1fdf4a35-0c13-4a23-ad39-4b6b00edda6d/userFiles-3a28f605-7d1e-4527-b820-c6df20484f03/org.xerial.snappy_snappy-java-1.1.10.7.jar to class loader default
[2026-04-12T09:47:42.163+0000] {subprocess.py:106} INFO - 26/04/12 09:47:42 INFO Executor: Fetching spark://spark-master:42449/jars/org.lz4_lz4-java-1.8.0.jar with timestamp 1775987260310
[2026-04-12T09:47:42.165+0000] {subprocess.py:106} INFO - 26/04/12 09:47:42 INFO Utils: Fetching spark://spark-master:42449/jars/org.lz4_lz4-java-1.8.0.jar to /tmp/spark-1fdf4a35-0c13-4a23-ad39-4b6b00edda6d/userFiles-3a28f605-7d1e-4527-b820-c6df20484f03/fetchFileTemp8679319679813380776.tmp
[2026-04-12T09:47:42.197+0000] {subprocess.py:106} INFO - 26/04/12 09:47:42 INFO Utils: /tmp/spark-1fdf4a35-0c13-4a23-ad39-4b6b00edda6d/userFiles-3a28f605-7d1e-4527-b820-c6df20484f03/fetchFileTemp8679319679813380776.tmp has been previously copied to /tmp/spark-1fdf4a35-0c13-4a23-ad39-4b6b00edda6d/userFiles-3a28f605-7d1e-4527-b820-c6df20484f03/org.lz4_lz4-java-1.8.0.jar
[2026-04-12T09:47:42.215+0000] {subprocess.py:106} INFO - 26/04/12 09:47:42 INFO Executor: Adding file:/tmp/spark-1fdf4a35-0c13-4a23-ad39-4b6b00edda6d/userFiles-3a28f605-7d1e-4527-b820-c6df20484f03/org.lz4_lz4-java-1.8.0.jar to class loader default
[2026-04-12T09:47:42.217+0000] {subprocess.py:106} INFO - 26/04/12 09:47:42 INFO Executor: Fetching spark://spark-master:42449/jars/org.apache.hadoop_hadoop-client-runtime-3.4.1.jar with timestamp 1775987260310
[2026-04-12T09:47:42.218+0000] {subprocess.py:106} INFO - 26/04/12 09:47:42 INFO Utils: Fetching spark://spark-master:42449/jars/org.apache.hadoop_hadoop-client-runtime-3.4.1.jar to /tmp/spark-1fdf4a35-0c13-4a23-ad39-4b6b00edda6d/userFiles-3a28f605-7d1e-4527-b820-c6df20484f03/fetchFileTemp13261137241937158361.tmp
[2026-04-12T09:47:42.486+0000] {subprocess.py:106} INFO - 26/04/12 09:47:42 INFO Utils: /tmp/spark-1fdf4a35-0c13-4a23-ad39-4b6b00edda6d/userFiles-3a28f605-7d1e-4527-b820-c6df20484f03/fetchFileTemp13261137241937158361.tmp has been previously copied to /tmp/spark-1fdf4a35-0c13-4a23-ad39-4b6b00edda6d/userFiles-3a28f605-7d1e-4527-b820-c6df20484f03/org.apache.hadoop_hadoop-client-runtime-3.4.1.jar
[2026-04-12T09:47:42.724+0000] {subprocess.py:106} INFO - 26/04/12 09:47:42 INFO Executor: Adding file:/tmp/spark-1fdf4a35-0c13-4a23-ad39-4b6b00edda6d/userFiles-3a28f605-7d1e-4527-b820-c6df20484f03/org.apache.hadoop_hadoop-client-runtime-3.4.1.jar to class loader default
[2026-04-12T09:47:42.725+0000] {subprocess.py:106} INFO - 26/04/12 09:47:42 INFO Executor: Fetching spark://spark-master:42449/jars/org.apache.hadoop_hadoop-client-api-3.4.1.jar with timestamp 1775987260310
[2026-04-12T09:47:42.726+0000] {subprocess.py:106} INFO - 26/04/12 09:47:42 INFO Utils: Fetching spark://spark-master:42449/jars/org.apache.hadoop_hadoop-client-api-3.4.1.jar to /tmp/spark-1fdf4a35-0c13-4a23-ad39-4b6b00edda6d/userFiles-3a28f605-7d1e-4527-b820-c6df20484f03/fetchFileTemp13259407127344400537.tmp
[2026-04-12T09:47:42.801+0000] {subprocess.py:106} INFO - 26/04/12 09:47:42 INFO Utils: /tmp/spark-1fdf4a35-0c13-4a23-ad39-4b6b00edda6d/userFiles-3a28f605-7d1e-4527-b820-c6df20484f03/fetchFileTemp13259407127344400537.tmp has been previously copied to /tmp/spark-1fdf4a35-0c13-4a23-ad39-4b6b00edda6d/userFiles-3a28f605-7d1e-4527-b820-c6df20484f03/org.apache.hadoop_hadoop-client-api-3.4.1.jar
[2026-04-12T09:47:42.987+0000] {subprocess.py:106} INFO - 26/04/12 09:47:42 INFO Executor: Adding file:/tmp/spark-1fdf4a35-0c13-4a23-ad39-4b6b00edda6d/userFiles-3a28f605-7d1e-4527-b820-c6df20484f03/org.apache.hadoop_hadoop-client-api-3.4.1.jar to class loader default
[2026-04-12T09:47:42.988+0000] {subprocess.py:106} INFO - 26/04/12 09:47:42 INFO Executor: Fetching spark://spark-master:42449/jars/org.apache.spark_spark-sql-kafka-0-10_2.13-4.0.0.jar with timestamp 1775987260310
[2026-04-12T09:47:42.989+0000] {subprocess.py:106} INFO - 26/04/12 09:47:42 INFO Utils: Fetching spark://spark-master:42449/jars/org.apache.spark_spark-sql-kafka-0-10_2.13-4.0.0.jar to /tmp/spark-1fdf4a35-0c13-4a23-ad39-4b6b00edda6d/userFiles-3a28f605-7d1e-4527-b820-c6df20484f03/fetchFileTemp14219529901132431719.tmp
[2026-04-12T09:47:42.991+0000] {subprocess.py:106} INFO - 26/04/12 09:47:42 INFO Utils: /tmp/spark-1fdf4a35-0c13-4a23-ad39-4b6b00edda6d/userFiles-3a28f605-7d1e-4527-b820-c6df20484f03/fetchFileTemp14219529901132431719.tmp has been previously copied to /tmp/spark-1fdf4a35-0c13-4a23-ad39-4b6b00edda6d/userFiles-3a28f605-7d1e-4527-b820-c6df20484f03/org.apache.spark_spark-sql-kafka-0-10_2.13-4.0.0.jar
[2026-04-12T09:47:42.998+0000] {subprocess.py:106} INFO - 26/04/12 09:47:42 INFO Executor: Adding file:/tmp/spark-1fdf4a35-0c13-4a23-ad39-4b6b00edda6d/userFiles-3a28f605-7d1e-4527-b820-c6df20484f03/org.apache.spark_spark-sql-kafka-0-10_2.13-4.0.0.jar to class loader default
[2026-04-12T09:47:42.998+0000] {subprocess.py:106} INFO - 26/04/12 09:47:42 INFO Executor: Fetching spark://spark-master:42449/jars/org.slf4j_slf4j-api-2.0.16.jar with timestamp 1775987260310
[2026-04-12T09:47:43.003+0000] {subprocess.py:106} INFO - 26/04/12 09:47:42 INFO Utils: Fetching spark://spark-master:42449/jars/org.slf4j_slf4j-api-2.0.16.jar to /tmp/spark-1fdf4a35-0c13-4a23-ad39-4b6b00edda6d/userFiles-3a28f605-7d1e-4527-b820-c6df20484f03/fetchFileTemp10492803722404295606.tmp
[2026-04-12T09:47:43.004+0000] {subprocess.py:106} INFO - 26/04/12 09:47:42 INFO Utils: /tmp/spark-1fdf4a35-0c13-4a23-ad39-4b6b00edda6d/userFiles-3a28f605-7d1e-4527-b820-c6df20484f03/fetchFileTemp10492803722404295606.tmp has been previously copied to /tmp/spark-1fdf4a35-0c13-4a23-ad39-4b6b00edda6d/userFiles-3a28f605-7d1e-4527-b820-c6df20484f03/org.slf4j_slf4j-api-2.0.16.jar
[2026-04-12T09:47:43.004+0000] {subprocess.py:106} INFO - 26/04/12 09:47:43 INFO Executor: Adding file:/tmp/spark-1fdf4a35-0c13-4a23-ad39-4b6b00edda6d/userFiles-3a28f605-7d1e-4527-b820-c6df20484f03/org.slf4j_slf4j-api-2.0.16.jar to class loader default
[2026-04-12T09:47:43.005+0000] {subprocess.py:106} INFO - 26/04/12 09:47:43 INFO Executor: Fetching spark://spark-master:42449/jars/org.apache.kafka_kafka-clients-3.9.0.jar with timestamp 1775987260310
[2026-04-12T09:47:43.006+0000] {subprocess.py:106} INFO - 26/04/12 09:47:43 INFO Utils: Fetching spark://spark-master:42449/jars/org.apache.kafka_kafka-clients-3.9.0.jar to /tmp/spark-1fdf4a35-0c13-4a23-ad39-4b6b00edda6d/userFiles-3a28f605-7d1e-4527-b820-c6df20484f03/fetchFileTemp5405447231046404025.tmp
[2026-04-12T09:47:43.036+0000] {subprocess.py:106} INFO - 26/04/12 09:47:43 INFO Utils: /tmp/spark-1fdf4a35-0c13-4a23-ad39-4b6b00edda6d/userFiles-3a28f605-7d1e-4527-b820-c6df20484f03/fetchFileTemp5405447231046404025.tmp has been previously copied to /tmp/spark-1fdf4a35-0c13-4a23-ad39-4b6b00edda6d/userFiles-3a28f605-7d1e-4527-b820-c6df20484f03/org.apache.kafka_kafka-clients-3.9.0.jar
[2026-04-12T09:47:43.108+0000] {subprocess.py:106} INFO - 26/04/12 09:47:43 INFO Executor: Adding file:/tmp/spark-1fdf4a35-0c13-4a23-ad39-4b6b00edda6d/userFiles-3a28f605-7d1e-4527-b820-c6df20484f03/org.apache.kafka_kafka-clients-3.9.0.jar to class loader default
[2026-04-12T09:47:43.110+0000] {subprocess.py:106} INFO - 26/04/12 09:47:43 INFO Executor: Fetching spark://spark-master:42449/jars/org.apache.spark_spark-token-provider-kafka-0-10_2.13-4.0.0.jar with timestamp 1775987260310
[2026-04-12T09:47:43.112+0000] {subprocess.py:106} INFO - 26/04/12 09:47:43 INFO Utils: Fetching spark://spark-master:42449/jars/org.apache.spark_spark-token-provider-kafka-0-10_2.13-4.0.0.jar to /tmp/spark-1fdf4a35-0c13-4a23-ad39-4b6b00edda6d/userFiles-3a28f605-7d1e-4527-b820-c6df20484f03/fetchFileTemp4431578528771354474.tmp
[2026-04-12T09:47:43.113+0000] {subprocess.py:106} INFO - 26/04/12 09:47:43 INFO Utils: /tmp/spark-1fdf4a35-0c13-4a23-ad39-4b6b00edda6d/userFiles-3a28f605-7d1e-4527-b820-c6df20484f03/fetchFileTemp4431578528771354474.tmp has been previously copied to /tmp/spark-1fdf4a35-0c13-4a23-ad39-4b6b00edda6d/userFiles-3a28f605-7d1e-4527-b820-c6df20484f03/org.apache.spark_spark-token-provider-kafka-0-10_2.13-4.0.0.jar
[2026-04-12T09:47:43.115+0000] {subprocess.py:106} INFO - 26/04/12 09:47:43 INFO Executor: Adding file:/tmp/spark-1fdf4a35-0c13-4a23-ad39-4b6b00edda6d/userFiles-3a28f605-7d1e-4527-b820-c6df20484f03/org.apache.spark_spark-token-provider-kafka-0-10_2.13-4.0.0.jar to class loader default
[2026-04-12T09:47:43.116+0000] {subprocess.py:106} INFO - 26/04/12 09:47:43 INFO Executor: Fetching spark://spark-master:42449/jars/org.apache.iceberg_iceberg-spark-runtime-4.0_2.13-1.10.1.jar with timestamp 1775987260310
[2026-04-12T09:47:43.117+0000] {subprocess.py:106} INFO - 26/04/12 09:47:43 INFO Utils: Fetching spark://spark-master:42449/jars/org.apache.iceberg_iceberg-spark-runtime-4.0_2.13-1.10.1.jar to /tmp/spark-1fdf4a35-0c13-4a23-ad39-4b6b00edda6d/userFiles-3a28f605-7d1e-4527-b820-c6df20484f03/fetchFileTemp13833610510960542022.tmp
[2026-04-12T09:47:43.259+0000] {subprocess.py:106} INFO - 26/04/12 09:47:43 INFO Utils: /tmp/spark-1fdf4a35-0c13-4a23-ad39-4b6b00edda6d/userFiles-3a28f605-7d1e-4527-b820-c6df20484f03/fetchFileTemp13833610510960542022.tmp has been previously copied to /tmp/spark-1fdf4a35-0c13-4a23-ad39-4b6b00edda6d/userFiles-3a28f605-7d1e-4527-b820-c6df20484f03/org.apache.iceberg_iceberg-spark-runtime-4.0_2.13-1.10.1.jar
[2026-04-12T09:47:43.606+0000] {subprocess.py:106} INFO - 26/04/12 09:47:43 INFO Executor: Adding file:/tmp/spark-1fdf4a35-0c13-4a23-ad39-4b6b00edda6d/userFiles-3a28f605-7d1e-4527-b820-c6df20484f03/org.apache.iceberg_iceberg-spark-runtime-4.0_2.13-1.10.1.jar to class loader default
[2026-04-12T09:47:43.640+0000] {subprocess.py:106} INFO - 26/04/12 09:47:43 INFO Utils: Successfully started service 'org.apache.spark.network.netty.NettyBlockTransferService' on port 34971.
[2026-04-12T09:47:43.652+0000] {subprocess.py:106} INFO - 26/04/12 09:47:43 INFO NettyBlockTransferService: Server created on spark-master:34971
[2026-04-12T09:47:43.654+0000] {subprocess.py:106} INFO - 26/04/12 09:47:43 INFO BlockManager: Using org.apache.spark.storage.RandomBlockReplicationPolicy for block replication policy
[2026-04-12T09:47:43.681+0000] {subprocess.py:106} INFO - 26/04/12 09:47:43 INFO BlockManagerMaster: Registering BlockManager BlockManagerId(driver, spark-master, 34971, None)
[2026-04-12T09:47:43.703+0000] {subprocess.py:106} INFO - 26/04/12 09:47:43 INFO BlockManagerMasterEndpoint: Registering block manager spark-master:34971 with 1048.8 MiB RAM, BlockManagerId(driver, spark-master, 34971, None)
[2026-04-12T09:47:43.720+0000] {subprocess.py:106} INFO - 26/04/12 09:47:43 INFO BlockManagerMaster: Registered BlockManager BlockManagerId(driver, spark-master, 34971, None)
[2026-04-12T09:47:43.720+0000] {subprocess.py:106} INFO - 26/04/12 09:47:43 INFO BlockManager: Initialized BlockManager: BlockManagerId(driver, spark-master, 34971, None)
[2026-04-12T09:47:47.367+0000] {subprocess.py:106} INFO - Spark + Iceberg ready!
[2026-04-12T09:47:47.405+0000] {subprocess.py:106} INFO - 26/04/12 09:47:47 INFO SharedState: spark.sql.warehouse.dir is not set, but hive.metastore.warehouse.dir is set. Setting spark.sql.warehouse.dir to the value of hive.metastore.warehouse.dir.
[2026-04-12T09:47:47.834+0000] {subprocess.py:106} INFO - 26/04/12 09:47:47 INFO SharedState: Warehouse path is 'hdfs://23133083thuyvan-master:9000/user/hive/warehouse'.
[2026-04-12T09:47:48.906+0000] {subprocess.py:106} INFO - 26/04/12 09:47:48 INFO CatalogUtil: Loading custom FileIO implementation: org.apache.iceberg.hadoop.HadoopFileIO
[2026-04-12T09:47:49.547+0000] {subprocess.py:106} INFO - 26/04/12 09:47:49 INFO HiveConf: Found configuration file file:/home/spark/spark/conf/hive-site.xml
[2026-04-12T09:47:49.765+0000] {subprocess.py:106} INFO - 26/04/12 09:47:49 INFO metastore: Trying to connect to metastore with URI thrift://23133083thuyvan-master:9083
[2026-04-12T09:47:49.796+0000] {subprocess.py:106} INFO - 26/04/12 09:47:49 INFO metastore: Opened a connection to metastore, current connections: 1
[2026-04-12T09:47:49.826+0000] {subprocess.py:106} INFO - 26/04/12 09:47:49 INFO metastore: Connected to metastore.
[2026-04-12T09:47:49.950+0000] {subprocess.py:106} INFO - Iceberg schema 'iceberg.air_quality_db' ready!
[2026-04-12T09:47:50.369+0000] {subprocess.py:106} INFO - 26/04/12 09:47:50 WARN SparkStringUtils: Truncated the string representation of a plan since it was too large. This behavior can be adjusted by setting 'spark.sql.debug.maxToStringFields'.
[2026-04-12T09:47:50.496+0000] {subprocess.py:106} INFO - 26/04/12 09:47:50 INFO BaseMetastoreTableOperations: Refreshing table metadata from new version: hdfs://23133083thuyvan-master:9000/user/hive/lakehouse/silver/air_quality_silver/metadata/00000-dcc929a9-39b0-49f7-ab4e-d198189dc5b1.metadata.json
[2026-04-12T09:47:51.161+0000] {subprocess.py:106} INFO - 26/04/12 09:47:51 INFO BaseMetastoreCatalog: Table loaded by catalog: iceberg.air_quality_db.air_quality_silver
[2026-04-12T09:47:51.171+0000] {subprocess.py:106} INFO - Iceberg table 'weather_real_time' ready!
[2026-04-12T09:47:52.307+0000] {subprocess.py:106} INFO - 26/04/12 09:47:52 INFO StateStoreCoordinatorRef: Registered StateStoreCoordinator endpoint
[2026-04-12T09:47:52.382+0000] {subprocess.py:106} INFO - 26/04/12 09:47:52 INFO ResolveWriteToStream: Checkpoint root hdfs://23133083thuyvan-master:9000/user/hive/checkpoints/air_quality_realtime resolved to hdfs://23133083thuyvan-master:9000/user/hive/checkpoints/air_quality_realtime.
[2026-04-12T09:47:52.383+0000] {subprocess.py:106} INFO - 26/04/12 09:47:52 WARN ResolveWriteToStream: spark.sql.adaptive.enabled is not supported in streaming DataFrames/Datasets and will be disabled.
[2026-04-12T09:47:52.547+0000] {subprocess.py:106} INFO - 26/04/12 09:47:52 INFO MicroBatchExecution: Starting [id = fffa4a28-b831-4a17-a849-992bff20d106, runId = 0ce52385-993d-4375-8d16-34f3c822e6b5]. Use hdfs://23133083thuyvan-master:9000/user/hive/checkpoints/air_quality_realtime to store the query checkpoint.
[2026-04-12T09:47:52.556+0000] {subprocess.py:106} INFO - Streaming job started! Listening to 'weather-topic'...
[2026-04-12T09:47:52.563+0000] {subprocess.py:106} INFO - 26/04/12 09:47:52 INFO MicroBatchExecution: Reading table [org.apache.spark.sql.kafka010.KafkaSourceProvider$KafkaTable@5a6084f4] from DataSourceV2 named 'kafka' [org.apache.spark.sql.kafka010.KafkaSourceProvider@b5edd99]
[2026-04-12T09:47:52.614+0000] {subprocess.py:106} INFO - 26/04/12 09:47:52 INFO MicroBatchExecution: Finish initializing with logical plan:
[2026-04-12T09:47:52.615+0000] {subprocess.py:106} INFO - ~WriteToMicroBatchDataSourceV1 ForeachBatchSink, fffa4a28-b831-4a17-a849-992bff20d106, [checkpointLocation=hdfs://23133083thuyvan-master:9000/user/hive/checkpoints/air_quality_realtime], Append
[2026-04-12T09:47:52.615+0000] {subprocess.py:106} INFO - +- ~Project [timestamp#42, location#17, latitude#18, longitude#19, country#20, condition_text#21, timezone#22, temperature_2m#23, relative_humidity_2m#24, apparent_temperature#25, precipitation#26, cloud_cover#27, wind_speed_10m#28, wind_direction_10m#29, wind_gusts_10m#30, uv_index#31, weather_code#32, european_aqi#33, us_aqi#34, pm10#35, pm2_5#36, carbon_monoxide#37, nitrogen_dioxide#38, sulphur_dioxide#39, ozone#40, ... 2 more fields]
[2026-04-12T09:47:52.616+0000] {subprocess.py:106} INFO -    +- ~Project [to_timestamp(timestamp#16, None, TimestampType, Some(GMT), true) AS timestamp#42, location#17, latitude#18, longitude#19, country#20, condition_text#21, timezone#22, temperature_2m#23, relative_humidity_2m#24, apparent_temperature#25, precipitation#26, cloud_cover#27, wind_speed_10m#28, wind_direction_10m#29, wind_gusts_10m#30, uv_index#31, weather_code#32, european_aqi#33, us_aqi#34, pm10#35, pm2_5#36, carbon_monoxide#37, nitrogen_dioxide#38, sulphur_dioxide#39, ozone#40, ... 1 more fields]
[2026-04-12T09:47:52.616+0000] {subprocess.py:106} INFO -       +- ~Project [timestamp#16, location#17, latitude#18, longitude#19, country#20, condition_text#21, timezone#22, temperature_2m#23, relative_humidity_2m#24, apparent_temperature#25, precipitation#26, cloud_cover#27, wind_speed_10m#28, wind_direction_10m#29, wind_gusts_10m#30, uv_index#31, weather_code#32, european_aqi#33, us_aqi#34, pm10#35, pm2_5#36, carbon_monoxide#37, nitrogen_dioxide#38, sulphur_dioxide#39, ozone#40, ... 1 more fields]
[2026-04-12T09:47:52.617+0000] {subprocess.py:106} INFO -          +- ~Project [data#15.timestamp AS timestamp#16, data#15.location AS location#17, data#15.latitude AS latitude#18, data#15.longitude AS longitude#19, data#15.country AS country#20, data#15.condition_text AS condition_text#21, data#15.timezone AS timezone#22, data#15.temperature_2m AS temperature_2m#23, data#15.relative_humidity_2m AS relative_humidity_2m#24, data#15.apparent_temperature AS apparent_temperature#25, data#15.precipitation AS precipitation#26, data#15.cloud_cover AS cloud_cover#27, data#15.wind_speed_10m AS wind_speed_10m#28, data#15.wind_direction_10m AS wind_direction_10m#29, data#15.wind_gusts_10m AS wind_gusts_10m#30, data#15.uv_index AS uv_index#31, data#15.weather_code AS weather_code#32, data#15.european_aqi AS european_aqi#33, data#15.us_aqi AS us_aqi#34, data#15.pm10 AS pm10#35, data#15.pm2_5 AS pm2_5#36, data#15.carbon_monoxide AS carbon_monoxide#37, data#15.nitrogen_dioxide AS nitrogen_dioxide#38, data#15.sulphur_dioxide AS sulphur_dioxide#39, data#15.ozone AS ozone#40]
[2026-04-12T09:47:52.617+0000] {subprocess.py:106} INFO -             +- ~Project [from_json(StructField(timestamp,StringType,true), StructField(location,StringType,true), StructField(latitude,DoubleType,true), StructField(longitude,DoubleType,true), StructField(country,StringType,true), StructField(condition_text,StringType,true), StructField(timezone,StringType,true), StructField(temperature_2m,DoubleType,true), StructField(relative_humidity_2m,DoubleType,true), StructField(apparent_temperature,DoubleType,true), StructField(precipitation,DoubleType,true), StructField(cloud_cover,DoubleType,true), StructField(wind_speed_10m,DoubleType,true), StructField(wind_direction_10m,DoubleType,true), StructField(wind_gusts_10m,DoubleType,true), StructField(uv_index,DoubleType,true), StructField(weather_code,IntegerType,true), StructField(european_aqi,IntegerType,true), StructField(us_aqi,IntegerType,true), StructField(pm10,DoubleType,true), StructField(pm2_5,DoubleType,true), StructField(carbon_monoxide,DoubleType,true), StructField(nitrogen_dioxide,DoubleType,true), StructField(sulphur_dioxide,DoubleType,true), StructField(ozone,DoubleType,true), ... 3 more fields) AS data#15]
[2026-04-12T09:47:52.618+0000] {subprocess.py:106} INFO -                +- ~Project [cast(value#8 as string) AS json#14]
[2026-04-12T09:47:52.618+0000] {subprocess.py:106} INFO -                   +- ~StreamingDataSourceV2ScanRelation[key#7, value#8, topic#9, partition#10, offset#11L, timestamp#12, timestampType#13] KafkaTable
[2026-04-12T09:47:52.619+0000] {subprocess.py:106} INFO - 
[2026-04-12T09:47:52.627+0000] {subprocess.py:106} INFO - 26/04/12 09:47:52 INFO OffsetSeqLog: BatchIds found from listing: 0, 1
[2026-04-12T09:47:52.641+0000] {subprocess.py:106} INFO - 26/04/12 09:47:52 INFO OffsetSeqLog: Getting latest batch 1
[2026-04-12T09:47:52.679+0000] {subprocess.py:106} INFO - 26/04/12 09:47:52 INFO OffsetSeqLog: BatchIds found from listing: 0, 1
[2026-04-12T09:47:52.680+0000] {subprocess.py:106} INFO - 26/04/12 09:47:52 INFO OffsetSeqLog: Getting latest batch 1
[2026-04-12T09:47:52.705+0000] {subprocess.py:106} INFO - 26/04/12 09:47:52 INFO CommitLog: BatchIds found from listing: 0
[2026-04-12T09:47:52.707+0000] {subprocess.py:106} INFO - 26/04/12 09:47:52 INFO CommitLog: Getting latest batch 0
[2026-04-12T09:47:52.868+0000] {subprocess.py:106} INFO - 26/04/12 09:47:52 INFO MicroBatchExecution: Resuming at batch 1 with committed offsets {KafkaV2[Subscribe[weather-topic]]: {"weather-topic":{"0":0,"1":0,"2":0}}} and available offsets {KafkaV2[Subscribe[weather-topic]]: {"weather-topic":{"0":7,"1":6,"2":7}}}
[2026-04-12T09:47:52.869+0000] {subprocess.py:106} INFO - 26/04/12 09:47:52 INFO MicroBatchExecution: Stream started from {KafkaV2[Subscribe[weather-topic]]: {"weather-topic":{"0":0,"1":0,"2":0}}}
[2026-04-12T09:47:53.002+0000] {subprocess.py:106} INFO - 26/04/12 09:47:53 INFO IncrementalExecution: Current batch timestamp = 1775987190013
[2026-04-12T09:47:53.170+0000] {subprocess.py:106} INFO - 26/04/12 09:47:53 INFO IncrementalExecution: Current batch timestamp = 1775987190013
[2026-04-12T09:47:53.656+0000] {subprocess.py:106} INFO - 26/04/12 09:47:53 INFO CodeGenerator: Code generated in 275.952224 ms
[2026-04-12T09:47:53.661+0000] {subprocess.py:106} INFO - 26/04/12 09:47:53 INFO KafkaOffsetReaderAdmin: Partitions added: Map()
[2026-04-12T09:47:53.927+0000] {subprocess.py:106} INFO - 26/04/12 09:47:53 INFO CodeGenerator: Code generated in 21.461489 ms
[2026-04-12T09:47:53.961+0000] {subprocess.py:106} INFO - 26/04/12 09:47:53 INFO CodeGenerator: Code generated in 19.468479 ms
[2026-04-12T09:47:54.063+0000] {subprocess.py:106} INFO - 26/04/12 09:47:54 INFO SparkContext: Starting job: start at NativeMethodAccessorImpl.java:0
[2026-04-12T09:47:54.088+0000] {subprocess.py:106} INFO - 26/04/12 09:47:54 INFO DAGScheduler: Registering RDD 6 (start at NativeMethodAccessorImpl.java:0) as input to shuffle 0
[2026-04-12T09:47:54.098+0000] {subprocess.py:106} INFO - 26/04/12 09:47:54 INFO DAGScheduler: Got job 0 (start at NativeMethodAccessorImpl.java:0) with 1 output partitions
[2026-04-12T09:47:54.101+0000] {subprocess.py:106} INFO - 26/04/12 09:47:54 INFO DAGScheduler: Final stage: ResultStage 1 (start at NativeMethodAccessorImpl.java:0)
[2026-04-12T09:47:54.103+0000] {subprocess.py:106} INFO - 26/04/12 09:47:54 INFO DAGScheduler: Parents of final stage: List(ShuffleMapStage 0)
[2026-04-12T09:47:54.108+0000] {subprocess.py:106} INFO - 26/04/12 09:47:54 INFO DAGScheduler: Missing parents: List(ShuffleMapStage 0)
[2026-04-12T09:47:54.112+0000] {subprocess.py:106} INFO - 26/04/12 09:47:54 INFO DAGScheduler: Submitting ShuffleMapStage 0 (MapPartitionsRDD[6] at start at NativeMethodAccessorImpl.java:0), which has no missing parents
[2026-04-12T09:47:54.209+0000] {subprocess.py:106} INFO - 26/04/12 09:47:54 INFO MemoryStore: MemoryStore started with capacity 1048.8 MiB
[2026-04-12T09:47:54.240+0000] {subprocess.py:106} INFO - 26/04/12 09:47:54 INFO MemoryStore: Block broadcast_0 stored as values in memory (estimated size 43.9 KiB, free 1048.8 MiB)
[2026-04-12T09:47:54.278+0000] {subprocess.py:106} INFO - 26/04/12 09:47:54 INFO MemoryStore: Block broadcast_0_piece0 stored as bytes in memory (estimated size 16.6 KiB, free 1048.7 MiB)
[2026-04-12T09:47:54.287+0000] {subprocess.py:106} INFO - 26/04/12 09:47:54 INFO SparkContext: Created broadcast 0 from broadcast at DAGScheduler.scala:1676
[2026-04-12T09:47:54.311+0000] {subprocess.py:106} INFO - 26/04/12 09:47:54 INFO DAGScheduler: Submitting 3 missing tasks from ShuffleMapStage 0 (MapPartitionsRDD[6] at start at NativeMethodAccessorImpl.java:0) (first 15 tasks are for partitions Vector(0, 1, 2))
[2026-04-12T09:47:54.316+0000] {subprocess.py:106} INFO - 26/04/12 09:47:54 INFO TaskSchedulerImpl: Adding task set 0.0 with 3 tasks resource profile 0
[2026-04-12T09:47:54.360+0000] {subprocess.py:106} INFO - 26/04/12 09:47:54 INFO TaskSetManager: Starting task 0.0 in stage 0.0 (TID 0) (spark-master,executor driver, partition 0, PROCESS_LOCAL, 13492 bytes)
[2026-04-12T09:47:54.367+0000] {subprocess.py:106} INFO - 26/04/12 09:47:54 INFO TaskSetManager: Starting task 1.0 in stage 0.0 (TID 1) (spark-master,executor driver, partition 1, PROCESS_LOCAL, 13492 bytes)
[2026-04-12T09:47:54.369+0000] {subprocess.py:106} INFO - 26/04/12 09:47:54 INFO TaskSetManager: Starting task 2.0 in stage 0.0 (TID 2) (spark-master,executor driver, partition 2, PROCESS_LOCAL, 13492 bytes)
[2026-04-12T09:47:54.384+0000] {subprocess.py:106} INFO - 26/04/12 09:47:54 INFO Executor: Running task 2.0 in stage 0.0 (TID 2)
[2026-04-12T09:47:54.384+0000] {subprocess.py:106} INFO - 26/04/12 09:47:54 INFO Executor: Running task 0.0 in stage 0.0 (TID 0)
[2026-04-12T09:47:54.385+0000] {subprocess.py:106} INFO - 26/04/12 09:47:54 INFO Executor: Running task 1.0 in stage 0.0 (TID 1)
[2026-04-12T09:47:54.598+0000] {subprocess.py:106} INFO - 26/04/12 09:47:54 INFO CodeGenerator: Code generated in 49.620937 ms
[2026-04-12T09:47:54.638+0000] {subprocess.py:106} INFO - 26/04/12 09:47:54 INFO CodeGenerator: Code generated in 36.636406 ms
[2026-04-12T09:47:54.654+0000] {subprocess.py:106} INFO - 26/04/12 09:47:54 INFO CodeGenerator: Code generated in 11.387855 ms
[2026-04-12T09:47:54.670+0000] {subprocess.py:106} INFO - 26/04/12 09:47:54 INFO SecurityManager: Changing view acls to: spark
[2026-04-12T09:47:54.670+0000] {subprocess.py:106} INFO - 26/04/12 09:47:54 INFO SecurityManager: Changing modify acls to: spark
[2026-04-12T09:47:54.671+0000] {subprocess.py:106} INFO - 26/04/12 09:47:54 INFO SecurityManager: Changing view acls groups to: spark
[2026-04-12T09:47:54.672+0000] {subprocess.py:106} INFO - 26/04/12 09:47:54 INFO SecurityManager: Changing modify acls groups to: spark
[2026-04-12T09:47:54.672+0000] {subprocess.py:106} INFO - 26/04/12 09:47:54 INFO SecurityManager: SecurityManager: authentication disabled; ui acls disabled; users with view permissions: spark groups with view permissions: EMPTY; users with modify permissions: spark; groups with modify permissions: EMPTY; RPC SSL disabled
[2026-04-12T09:47:54.705+0000] {subprocess.py:106} INFO - 26/04/12 09:47:54 INFO KafkaBatchReaderFactory: Creating Kafka reader topicPartition=weather-topic-1 fromOffset=0} untilOffset=6, for query queryId=fffa4a28-b831-4a17-a849-992bff20d106 batchId=1 taskId=1 partitionId=1
[2026-04-12T09:47:54.706+0000] {subprocess.py:106} INFO - 26/04/12 09:47:54 INFO KafkaBatchReaderFactory: Creating Kafka reader topicPartition=weather-topic-0 fromOffset=0} untilOffset=7, for query queryId=fffa4a28-b831-4a17-a849-992bff20d106 batchId=1 taskId=0 partitionId=0
[2026-04-12T09:47:54.707+0000] {subprocess.py:106} INFO - 26/04/12 09:47:54 INFO KafkaBatchReaderFactory: Creating Kafka reader topicPartition=weather-topic-2 fromOffset=0} untilOffset=7, for query queryId=fffa4a28-b831-4a17-a849-992bff20d106 batchId=1 taskId=2 partitionId=2
[2026-04-12T09:47:54.777+0000] {subprocess.py:106} INFO - 26/04/12 09:47:54 INFO CodeGenerator: Code generated in 17.186693 ms
[2026-04-12T09:47:54.826+0000] {subprocess.py:106} INFO - 26/04/12 09:47:54 INFO CodeGenerator: Code generated in 24.407858 ms
[2026-04-12T09:47:54.916+0000] {subprocess.py:106} INFO - 26/04/12 09:47:54 INFO ConsumerConfig: ConsumerConfig values:
[2026-04-12T09:47:54.916+0000] {subprocess.py:106} INFO - 	allow.auto.create.topics = true
[2026-04-12T09:47:54.917+0000] {subprocess.py:106} INFO - 	auto.commit.interval.ms = 5000
[2026-04-12T09:47:54.917+0000] {subprocess.py:106} INFO - 	auto.include.jmx.reporter = true
[2026-04-12T09:47:54.918+0000] {subprocess.py:106} INFO - 	auto.offset.reset = none
[2026-04-12T09:47:54.918+0000] {subprocess.py:106} INFO - 	bootstrap.servers = [kafka:9092]
[2026-04-12T09:47:54.919+0000] {subprocess.py:106} INFO - 	check.crcs = true
[2026-04-12T09:47:54.920+0000] {subprocess.py:106} INFO - 	client.dns.lookup = use_all_dns_ips
[2026-04-12T09:47:54.920+0000] {subprocess.py:106} INFO - 	client.id = consumer-spark-kafka-source-602249b4-d0d5-4848-9126-d7a657f85550--983882313-executor-1
[2026-04-12T09:47:54.921+0000] {subprocess.py:106} INFO - 	client.rack =
[2026-04-12T09:47:54.921+0000] {subprocess.py:106} INFO - 	connections.max.idle.ms = 540000
[2026-04-12T09:47:54.922+0000] {subprocess.py:106} INFO - 	default.api.timeout.ms = 60000
[2026-04-12T09:47:54.922+0000] {subprocess.py:106} INFO - 	enable.auto.commit = false
[2026-04-12T09:47:54.923+0000] {subprocess.py:106} INFO - 	enable.metrics.push = true
[2026-04-12T09:47:54.923+0000] {subprocess.py:106} INFO - 	exclude.internal.topics = true
[2026-04-12T09:47:54.924+0000] {subprocess.py:106} INFO - 	fetch.max.bytes = 52428800
[2026-04-12T09:47:54.925+0000] {subprocess.py:106} INFO - 	fetch.max.wait.ms = 500
[2026-04-12T09:47:54.926+0000] {subprocess.py:106} INFO - 	fetch.min.bytes = 1
[2026-04-12T09:47:54.927+0000] {subprocess.py:106} INFO - 	group.id = spark-kafka-source-602249b4-d0d5-4848-9126-d7a657f85550--983882313-executor
[2026-04-12T09:47:54.927+0000] {subprocess.py:106} INFO - 	group.instance.id = null
[2026-04-12T09:47:54.928+0000] {subprocess.py:106} INFO - 	group.protocol = classic
[2026-04-12T09:47:54.929+0000] {subprocess.py:106} INFO - 	group.remote.assignor = null
[2026-04-12T09:47:54.929+0000] {subprocess.py:106} INFO - 	heartbeat.interval.ms = 3000
[2026-04-12T09:47:54.930+0000] {subprocess.py:106} INFO - 	interceptor.classes = []
[2026-04-12T09:47:54.930+0000] {subprocess.py:106} INFO - 	internal.leave.group.on.close = true
[2026-04-12T09:47:54.931+0000] {subprocess.py:106} INFO - 	internal.throw.on.fetch.stable.offset.unsupported = false
[2026-04-12T09:47:54.931+0000] {subprocess.py:106} INFO - 	isolation.level = read_uncommitted
[2026-04-12T09:47:54.932+0000] {subprocess.py:106} INFO - 	key.deserializer = class org.apache.kafka.common.serialization.ByteArrayDeserializer
[2026-04-12T09:47:54.932+0000] {subprocess.py:106} INFO - 	max.partition.fetch.bytes = 1048576
[2026-04-12T09:47:54.933+0000] {subprocess.py:106} INFO - 	max.poll.interval.ms = 300000
[2026-04-12T09:47:54.933+0000] {subprocess.py:106} INFO - 	max.poll.records = 500
[2026-04-12T09:47:54.934+0000] {subprocess.py:106} INFO - 	metadata.max.age.ms = 300000
[2026-04-12T09:47:54.934+0000] {subprocess.py:106} INFO - 	metadata.recovery.strategy = none
[2026-04-12T09:47:54.935+0000] {subprocess.py:106} INFO - 	metric.reporters = []
[2026-04-12T09:47:54.935+0000] {subprocess.py:106} INFO - 	metrics.num.samples = 2
[2026-04-12T09:47:54.936+0000] {subprocess.py:106} INFO - 	metrics.recording.level = INFO
[2026-04-12T09:47:54.936+0000] {subprocess.py:106} INFO - 	metrics.sample.window.ms = 30000
[2026-04-12T09:47:54.937+0000] {subprocess.py:106} INFO - 	partition.assignment.strategy = [class org.apache.kafka.clients.consumer.RangeAssignor, class org.apache.kafka.clients.consumer.CooperativeStickyAssignor]
[2026-04-12T09:47:54.943+0000] {subprocess.py:106} INFO - 	receive.buffer.bytes = 65536
[2026-04-12T09:47:54.944+0000] {subprocess.py:106} INFO - 	reconnect.backoff.max.ms = 1000
[2026-04-12T09:47:54.945+0000] {subprocess.py:106} INFO - 	reconnect.backoff.ms = 50
[2026-04-12T09:47:54.947+0000] {subprocess.py:106} INFO - 	request.timeout.ms = 30000
[2026-04-12T09:47:54.948+0000] {subprocess.py:106} INFO - 	retry.backoff.max.ms = 1000
[2026-04-12T09:47:54.948+0000] {subprocess.py:106} INFO - 	retry.backoff.ms = 100
[2026-04-12T09:47:54.949+0000] {subprocess.py:106} INFO - 	sasl.client.callback.handler.class = null
[2026-04-12T09:47:54.949+0000] {subprocess.py:106} INFO - 	sasl.jaas.config = null
[2026-04-12T09:47:54.950+0000] {subprocess.py:106} INFO - 	sasl.kerberos.kinit.cmd = /usr/bin/kinit
[2026-04-12T09:47:54.950+0000] {subprocess.py:106} INFO - 	sasl.kerberos.min.time.before.relogin = 60000
[2026-04-12T09:47:54.951+0000] {subprocess.py:106} INFO - 	sasl.kerberos.service.name = null
[2026-04-12T09:47:54.951+0000] {subprocess.py:106} INFO - 	sasl.kerberos.ticket.renew.jitter = 0.05
[2026-04-12T09:47:54.952+0000] {subprocess.py:106} INFO - 	sasl.kerberos.ticket.renew.window.factor = 0.8
[2026-04-12T09:47:54.952+0000] {subprocess.py:106} INFO - 	sasl.login.callback.handler.class = null
[2026-04-12T09:47:54.953+0000] {subprocess.py:106} INFO - 	sasl.login.class = null
[2026-04-12T09:47:54.953+0000] {subprocess.py:106} INFO - 	sasl.login.connect.timeout.ms = null
[2026-04-12T09:47:54.954+0000] {subprocess.py:106} INFO - 	sasl.login.read.timeout.ms = null
[2026-04-12T09:47:54.954+0000] {subprocess.py:106} INFO - 	sasl.login.refresh.buffer.seconds = 300
[2026-04-12T09:47:54.954+0000] {subprocess.py:106} INFO - 	sasl.login.refresh.min.period.seconds = 60
[2026-04-12T09:47:54.955+0000] {subprocess.py:106} INFO - 	sasl.login.refresh.window.factor = 0.8
[2026-04-12T09:47:54.956+0000] {subprocess.py:106} INFO - 	sasl.login.refresh.window.jitter = 0.05
[2026-04-12T09:47:54.956+0000] {subprocess.py:106} INFO - 	sasl.login.retry.backoff.max.ms = 10000
[2026-04-12T09:47:54.957+0000] {subprocess.py:106} INFO - 	sasl.login.retry.backoff.ms = 100
[2026-04-12T09:47:54.957+0000] {subprocess.py:106} INFO - 	sasl.mechanism = GSSAPI
[2026-04-12T09:47:54.958+0000] {subprocess.py:106} INFO - 	sasl.oauthbearer.clock.skew.seconds = 30
[2026-04-12T09:47:54.959+0000] {subprocess.py:106} INFO - 	sasl.oauthbearer.expected.audience = null
[2026-04-12T09:47:54.959+0000] {subprocess.py:106} INFO - 	sasl.oauthbearer.expected.issuer = null
[2026-04-12T09:47:54.960+0000] {subprocess.py:106} INFO - 	sasl.oauthbearer.header.urlencode = false
[2026-04-12T09:47:54.960+0000] {subprocess.py:106} INFO - 	sasl.oauthbearer.jwks.endpoint.refresh.ms = 3600000
[2026-04-12T09:47:54.961+0000] {subprocess.py:106} INFO - 	sasl.oauthbearer.jwks.endpoint.retry.backoff.max.ms = 10000
[2026-04-12T09:47:54.961+0000] {subprocess.py:106} INFO - 	sasl.oauthbearer.jwks.endpoint.retry.backoff.ms = 100
[2026-04-12T09:47:54.961+0000] {subprocess.py:106} INFO - 	sasl.oauthbearer.jwks.endpoint.url = null
[2026-04-12T09:47:54.962+0000] {subprocess.py:106} INFO - 	sasl.oauthbearer.scope.claim.name = scope
[2026-04-12T09:47:54.962+0000] {subprocess.py:106} INFO - 	sasl.oauthbearer.sub.claim.name = sub
[2026-04-12T09:47:54.963+0000] {subprocess.py:106} INFO - 	sasl.oauthbearer.token.endpoint.url = null
[2026-04-12T09:47:54.963+0000] {subprocess.py:106} INFO - 	security.protocol = PLAINTEXT
[2026-04-12T09:47:54.964+0000] {subprocess.py:106} INFO - 	security.providers = null
[2026-04-12T09:47:54.964+0000] {subprocess.py:106} INFO - 	send.buffer.bytes = 131072
[2026-04-12T09:47:54.964+0000] {subprocess.py:106} INFO - 	session.timeout.ms = 45000
[2026-04-12T09:47:54.965+0000] {subprocess.py:106} INFO - 	socket.connection.setup.timeout.max.ms = 30000
[2026-04-12T09:47:54.966+0000] {subprocess.py:106} INFO - 	socket.connection.setup.timeout.ms = 10000
[2026-04-12T09:47:54.967+0000] {subprocess.py:106} INFO - 	ssl.cipher.suites = null
[2026-04-12T09:47:54.967+0000] {subprocess.py:106} INFO - 	ssl.enabled.protocols = [TLSv1.2, TLSv1.3]
[2026-04-12T09:47:54.968+0000] {subprocess.py:106} INFO - 	ssl.endpoint.identification.algorithm = https
[2026-04-12T09:47:54.968+0000] {subprocess.py:106} INFO - 	ssl.engine.factory.class = null
[2026-04-12T09:47:54.969+0000] {subprocess.py:106} INFO - 	ssl.key.password = null
[2026-04-12T09:47:54.969+0000] {subprocess.py:106} INFO - 	ssl.keymanager.algorithm = SunX509
[2026-04-12T09:47:54.970+0000] {subprocess.py:106} INFO - 	ssl.keystore.certificate.chain = null
[2026-04-12T09:47:54.970+0000] {subprocess.py:106} INFO - 	ssl.keystore.key = null
[2026-04-12T09:47:54.971+0000] {subprocess.py:106} INFO - 	ssl.keystore.location = null
[2026-04-12T09:47:54.971+0000] {subprocess.py:106} INFO - 	ssl.keystore.password = null
[2026-04-12T09:47:54.972+0000] {subprocess.py:106} INFO - 	ssl.keystore.type = JKS
[2026-04-12T09:47:54.973+0000] {subprocess.py:106} INFO - 	ssl.protocol = TLSv1.3
[2026-04-12T09:47:54.973+0000] {subprocess.py:106} INFO - 	ssl.provider = null
[2026-04-12T09:47:54.974+0000] {subprocess.py:106} INFO - 	ssl.secure.random.implementation = null
[2026-04-12T09:47:54.975+0000] {subprocess.py:106} INFO - 	ssl.trustmanager.algorithm = PKIX
[2026-04-12T09:47:54.975+0000] {subprocess.py:106} INFO - 	ssl.truststore.certificates = null
[2026-04-12T09:47:54.976+0000] {subprocess.py:106} INFO - 	ssl.truststore.location = null
[2026-04-12T09:47:54.976+0000] {subprocess.py:106} INFO - 	ssl.truststore.password = null
[2026-04-12T09:47:54.976+0000] {subprocess.py:106} INFO - 	ssl.truststore.type = JKS
[2026-04-12T09:47:54.977+0000] {subprocess.py:106} INFO - 	value.deserializer = class org.apache.kafka.common.serialization.ByteArrayDeserializer
[2026-04-12T09:47:54.977+0000] {subprocess.py:106} INFO - 
[2026-04-12T09:47:54.978+0000] {subprocess.py:106} INFO - 26/04/12 09:47:54 INFO ConsumerConfig: ConsumerConfig values:
[2026-04-12T09:47:54.978+0000] {subprocess.py:106} INFO - 	allow.auto.create.topics = true
[2026-04-12T09:47:54.979+0000] {subprocess.py:106} INFO - 	auto.commit.interval.ms = 5000
[2026-04-12T09:47:54.979+0000] {subprocess.py:106} INFO - 	auto.include.jmx.reporter = true
[2026-04-12T09:47:54.980+0000] {subprocess.py:106} INFO - 	auto.offset.reset = none
[2026-04-12T09:47:54.980+0000] {subprocess.py:106} INFO - 	bootstrap.servers = [kafka:9092]
[2026-04-12T09:47:54.981+0000] {subprocess.py:106} INFO - 	check.crcs = true
[2026-04-12T09:47:54.981+0000] {subprocess.py:106} INFO - 	client.dns.lookup = use_all_dns_ips
[2026-04-12T09:47:54.982+0000] {subprocess.py:106} INFO - 	client.id = consumer-spark-kafka-source-602249b4-d0d5-4848-9126-d7a657f85550--983882313-executor-3
[2026-04-12T09:47:54.982+0000] {subprocess.py:106} INFO - 	client.rack =
[2026-04-12T09:47:54.982+0000] {subprocess.py:106} INFO - 	connections.max.idle.ms = 540000
[2026-04-12T09:47:54.983+0000] {subprocess.py:106} INFO - 	default.api.timeout.ms = 60000
[2026-04-12T09:47:54.983+0000] {subprocess.py:106} INFO - 	enable.auto.commit = false
[2026-04-12T09:47:54.983+0000] {subprocess.py:106} INFO - 	enable.metrics.push = true
[2026-04-12T09:47:54.984+0000] {subprocess.py:106} INFO - 	exclude.internal.topics = true
[2026-04-12T09:47:54.984+0000] {subprocess.py:106} INFO - 	fetch.max.bytes = 52428800
[2026-04-12T09:47:54.984+0000] {subprocess.py:106} INFO - 	fetch.max.wait.ms = 500
[2026-04-12T09:47:54.985+0000] {subprocess.py:106} INFO - 	fetch.min.bytes = 1
[2026-04-12T09:47:54.985+0000] {subprocess.py:106} INFO - 	group.id = spark-kafka-source-602249b4-d0d5-4848-9126-d7a657f85550--983882313-executor
[2026-04-12T09:47:54.985+0000] {subprocess.py:106} INFO - 	group.instance.id = null
[2026-04-12T09:47:54.986+0000] {subprocess.py:106} INFO - 	group.protocol = classic
[2026-04-12T09:47:54.987+0000] {subprocess.py:106} INFO - 	group.remote.assignor = null
[2026-04-12T09:47:54.988+0000] {subprocess.py:106} INFO - 	heartbeat.interval.ms = 3000
[2026-04-12T09:47:54.988+0000] {subprocess.py:106} INFO - 	interceptor.classes = []
[2026-04-12T09:47:54.989+0000] {subprocess.py:106} INFO - 	internal.leave.group.on.close = true
[2026-04-12T09:47:54.989+0000] {subprocess.py:106} INFO - 	internal.throw.on.fetch.stable.offset.unsupported = false
[2026-04-12T09:47:54.989+0000] {subprocess.py:106} INFO - 	isolation.level = read_uncommitted
[2026-04-12T09:47:54.990+0000] {subprocess.py:106} INFO - 	key.deserializer = class org.apache.kafka.common.serialization.ByteArrayDeserializer
[2026-04-12T09:47:54.990+0000] {subprocess.py:106} INFO - 	max.partition.fetch.bytes = 1048576
[2026-04-12T09:47:54.991+0000] {subprocess.py:106} INFO - 	max.poll.interval.ms = 300000
[2026-04-12T09:47:54.991+0000] {subprocess.py:106} INFO - 	max.poll.records = 500
[2026-04-12T09:47:54.992+0000] {subprocess.py:106} INFO - 	metadata.max.age.ms = 300000
[2026-04-12T09:47:54.992+0000] {subprocess.py:106} INFO - 	metadata.recovery.strategy = none
[2026-04-12T09:47:54.993+0000] {subprocess.py:106} INFO - 	metric.reporters = []
[2026-04-12T09:47:54.993+0000] {subprocess.py:106} INFO - 	metrics.num.samples = 2
[2026-04-12T09:47:54.994+0000] {subprocess.py:106} INFO - 	metrics.recording.level = INFO
[2026-04-12T09:47:54.995+0000] {subprocess.py:106} INFO - 	metrics.sample.window.ms = 30000
[2026-04-12T09:47:54.995+0000] {subprocess.py:106} INFO - 	partition.assignment.strategy = [class org.apache.kafka.clients.consumer.RangeAssignor, class org.apache.kafka.clients.consumer.CooperativeStickyAssignor]
[2026-04-12T09:47:54.996+0000] {subprocess.py:106} INFO - 	receive.buffer.bytes = 65536
[2026-04-12T09:47:54.996+0000] {subprocess.py:106} INFO - 	reconnect.backoff.max.ms = 1000
[2026-04-12T09:47:54.997+0000] {subprocess.py:106} INFO - 	reconnect.backoff.ms = 50
[2026-04-12T09:47:54.997+0000] {subprocess.py:106} INFO - 	request.timeout.ms = 30000
[2026-04-12T09:47:54.997+0000] {subprocess.py:106} INFO - 	retry.backoff.max.ms = 1000
[2026-04-12T09:47:54.998+0000] {subprocess.py:106} INFO - 	retry.backoff.ms = 100
[2026-04-12T09:47:54.998+0000] {subprocess.py:106} INFO - 	sasl.client.callback.handler.class = null
[2026-04-12T09:47:54.999+0000] {subprocess.py:106} INFO - 	sasl.jaas.config = null
[2026-04-12T09:47:54.999+0000] {subprocess.py:106} INFO - 	sasl.kerberos.kinit.cmd = /usr/bin/kinit
[2026-04-12T09:47:54.999+0000] {subprocess.py:106} INFO - 	sasl.kerberos.min.time.before.relogin = 60000
[2026-04-12T09:47:55.000+0000] {subprocess.py:106} INFO - 	sasl.kerberos.service.name = null
[2026-04-12T09:47:55.001+0000] {subprocess.py:106} INFO - 	sasl.kerberos.ticket.renew.jitter = 0.05
[2026-04-12T09:47:55.001+0000] {subprocess.py:106} INFO - 	sasl.kerberos.ticket.renew.window.factor = 0.8
[2026-04-12T09:47:55.002+0000] {subprocess.py:106} INFO - 	sasl.login.callback.handler.class = null
[2026-04-12T09:47:55.003+0000] {subprocess.py:106} INFO - 	sasl.login.class = null
[2026-04-12T09:47:55.003+0000] {subprocess.py:106} INFO - 	sasl.login.connect.timeout.ms = null
[2026-04-12T09:47:55.004+0000] {subprocess.py:106} INFO - 	sasl.login.read.timeout.ms = null
[2026-04-12T09:47:55.004+0000] {subprocess.py:106} INFO - 	sasl.login.refresh.buffer.seconds = 300
[2026-04-12T09:47:55.005+0000] {subprocess.py:106} INFO - 	sasl.login.refresh.min.period.seconds = 60
[2026-04-12T09:47:55.005+0000] {subprocess.py:106} INFO - 	sasl.login.refresh.window.factor = 0.8
[2026-04-12T09:47:55.006+0000] {subprocess.py:106} INFO - 	sasl.login.refresh.window.jitter = 0.05
[2026-04-12T09:47:55.006+0000] {subprocess.py:106} INFO - 	sasl.login.retry.backoff.max.ms = 10000
[2026-04-12T09:47:55.006+0000] {subprocess.py:106} INFO - 	sasl.login.retry.backoff.ms = 100
[2026-04-12T09:47:55.007+0000] {subprocess.py:106} INFO - 	sasl.mechanism = GSSAPI
[2026-04-12T09:47:55.008+0000] {subprocess.py:106} INFO - 	sasl.oauthbearer.clock.skew.seconds = 30
[2026-04-12T09:47:55.008+0000] {subprocess.py:106} INFO - 	sasl.oauthbearer.expected.audience = null
[2026-04-12T09:47:55.009+0000] {subprocess.py:106} INFO - 	sasl.oauthbearer.expected.issuer = null
[2026-04-12T09:47:55.009+0000] {subprocess.py:106} INFO - 	sasl.oauthbearer.header.urlencode = false
[2026-04-12T09:47:55.009+0000] {subprocess.py:106} INFO - 	sasl.oauthbearer.jwks.endpoint.refresh.ms = 3600000
[2026-04-12T09:47:55.010+0000] {subprocess.py:106} INFO - 	sasl.oauthbearer.jwks.endpoint.retry.backoff.max.ms = 10000
[2026-04-12T09:47:55.010+0000] {subprocess.py:106} INFO - 	sasl.oauthbearer.jwks.endpoint.retry.backoff.ms = 100
[2026-04-12T09:47:55.011+0000] {subprocess.py:106} INFO - 	sasl.oauthbearer.jwks.endpoint.url = null
[2026-04-12T09:47:55.011+0000] {subprocess.py:106} INFO - 	sasl.oauthbearer.scope.claim.name = scope
[2026-04-12T09:47:55.012+0000] {subprocess.py:106} INFO - 	sasl.oauthbearer.sub.claim.name = sub
[2026-04-12T09:47:55.012+0000] {subprocess.py:106} INFO - 	sasl.oauthbearer.token.endpoint.url = null
[2026-04-12T09:47:55.013+0000] {subprocess.py:106} INFO - 	security.protocol = PLAINTEXT
[2026-04-12T09:47:55.013+0000] {subprocess.py:106} INFO - 	security.providers = null
[2026-04-12T09:47:55.013+0000] {subprocess.py:106} INFO - 	send.buffer.bytes = 131072
[2026-04-12T09:47:55.014+0000] {subprocess.py:106} INFO - 	session.timeout.ms = 45000
[2026-04-12T09:47:55.014+0000] {subprocess.py:106} INFO - 	socket.connection.setup.timeout.max.ms = 30000
[2026-04-12T09:47:55.015+0000] {subprocess.py:106} INFO - 	socket.connection.setup.timeout.ms = 10000
[2026-04-12T09:47:55.015+0000] {subprocess.py:106} INFO - 	ssl.cipher.suites = null
[2026-04-12T09:47:55.016+0000] {subprocess.py:106} INFO - 	ssl.enabled.protocols = [TLSv1.2, TLSv1.3]
[2026-04-12T09:47:55.016+0000] {subprocess.py:106} INFO - 	ssl.endpoint.identification.algorithm = https
[2026-04-12T09:47:55.016+0000] {subprocess.py:106} INFO - 	ssl.engine.factory.class = null
[2026-04-12T09:47:55.017+0000] {subprocess.py:106} INFO - 	ssl.key.password = null
[2026-04-12T09:47:55.017+0000] {subprocess.py:106} INFO - 	ssl.keymanager.algorithm = SunX509
[2026-04-12T09:47:55.018+0000] {subprocess.py:106} INFO - 	ssl.keystore.certificate.chain = null
[2026-04-12T09:47:55.018+0000] {subprocess.py:106} INFO - 	ssl.keystore.key = null
[2026-04-12T09:47:55.019+0000] {subprocess.py:106} INFO - 	ssl.keystore.location = null
[2026-04-12T09:47:55.019+0000] {subprocess.py:106} INFO - 	ssl.keystore.password = null
[2026-04-12T09:47:55.019+0000] {subprocess.py:106} INFO - 	ssl.keystore.type = JKS
[2026-04-12T09:47:55.020+0000] {subprocess.py:106} INFO - 	ssl.protocol = TLSv1.3
[2026-04-12T09:47:55.020+0000] {subprocess.py:106} INFO - 	ssl.provider = null
[2026-04-12T09:47:55.020+0000] {subprocess.py:106} INFO - 	ssl.secure.random.implementation = null
[2026-04-12T09:47:55.021+0000] {subprocess.py:106} INFO - 	ssl.trustmanager.algorithm = PKIX
[2026-04-12T09:47:55.021+0000] {subprocess.py:106} INFO - 	ssl.truststore.certificates = null
[2026-04-12T09:47:55.022+0000] {subprocess.py:106} INFO - 	ssl.truststore.location = null
[2026-04-12T09:47:55.022+0000] {subprocess.py:106} INFO - 	ssl.truststore.password = null
[2026-04-12T09:47:55.023+0000] {subprocess.py:106} INFO - 	ssl.truststore.type = JKS
[2026-04-12T09:47:55.023+0000] {subprocess.py:106} INFO - 	value.deserializer = class org.apache.kafka.common.serialization.ByteArrayDeserializer
[2026-04-12T09:47:55.024+0000] {subprocess.py:106} INFO - 
[2026-04-12T09:47:55.024+0000] {subprocess.py:106} INFO - 26/04/12 09:47:54 INFO ConsumerConfig: ConsumerConfig values:
[2026-04-12T09:47:55.025+0000] {subprocess.py:106} INFO - 	allow.auto.create.topics = true
[2026-04-12T09:47:55.025+0000] {subprocess.py:106} INFO - 	auto.commit.interval.ms = 5000
[2026-04-12T09:47:55.026+0000] {subprocess.py:106} INFO - 	auto.include.jmx.reporter = true
[2026-04-12T09:47:55.026+0000] {subprocess.py:106} INFO - 	auto.offset.reset = none
[2026-04-12T09:47:55.027+0000] {subprocess.py:106} INFO - 	bootstrap.servers = [kafka:9092]
[2026-04-12T09:47:55.027+0000] {subprocess.py:106} INFO - 	check.crcs = true
[2026-04-12T09:47:55.028+0000] {subprocess.py:106} INFO - 	client.dns.lookup = use_all_dns_ips
[2026-04-12T09:47:55.028+0000] {subprocess.py:106} INFO - 	client.id = consumer-spark-kafka-source-602249b4-d0d5-4848-9126-d7a657f85550--983882313-executor-2
[2026-04-12T09:47:55.028+0000] {subprocess.py:106} INFO - 	client.rack =
[2026-04-12T09:47:55.029+0000] {subprocess.py:106} INFO - 	connections.max.idle.ms = 540000
[2026-04-12T09:47:55.030+0000] {subprocess.py:106} INFO - 	default.api.timeout.ms = 60000
[2026-04-12T09:47:55.030+0000] {subprocess.py:106} INFO - 	enable.auto.commit = false
[2026-04-12T09:47:55.030+0000] {subprocess.py:106} INFO - 	enable.metrics.push = true
[2026-04-12T09:47:55.031+0000] {subprocess.py:106} INFO - 	exclude.internal.topics = true
[2026-04-12T09:47:55.031+0000] {subprocess.py:106} INFO - 	fetch.max.bytes = 52428800
[2026-04-12T09:47:55.032+0000] {subprocess.py:106} INFO - 	fetch.max.wait.ms = 500
[2026-04-12T09:47:55.032+0000] {subprocess.py:106} INFO - 	fetch.min.bytes = 1
[2026-04-12T09:47:55.032+0000] {subprocess.py:106} INFO - 	group.id = spark-kafka-source-602249b4-d0d5-4848-9126-d7a657f85550--983882313-executor
[2026-04-12T09:47:55.033+0000] {subprocess.py:106} INFO - 	group.instance.id = null
[2026-04-12T09:47:55.033+0000] {subprocess.py:106} INFO - 	group.protocol = classic
[2026-04-12T09:47:55.034+0000] {subprocess.py:106} INFO - 	group.remote.assignor = null
[2026-04-12T09:47:55.034+0000] {subprocess.py:106} INFO - 	heartbeat.interval.ms = 3000
[2026-04-12T09:47:55.035+0000] {subprocess.py:106} INFO - 	interceptor.classes = []
[2026-04-12T09:47:55.035+0000] {subprocess.py:106} INFO - 	internal.leave.group.on.close = true
[2026-04-12T09:47:55.036+0000] {subprocess.py:106} INFO - 	internal.throw.on.fetch.stable.offset.unsupported = false
[2026-04-12T09:47:55.036+0000] {subprocess.py:106} INFO - 	isolation.level = read_uncommitted
[2026-04-12T09:47:55.037+0000] {subprocess.py:106} INFO - 	key.deserializer = class org.apache.kafka.common.serialization.ByteArrayDeserializer
[2026-04-12T09:47:55.037+0000] {subprocess.py:106} INFO - 	max.partition.fetch.bytes = 1048576
[2026-04-12T09:47:55.038+0000] {subprocess.py:106} INFO - 	max.poll.interval.ms = 300000
[2026-04-12T09:47:55.038+0000] {subprocess.py:106} INFO - 	max.poll.records = 500
[2026-04-12T09:47:55.038+0000] {subprocess.py:106} INFO - 	metadata.max.age.ms = 300000
[2026-04-12T09:47:55.039+0000] {subprocess.py:106} INFO - 	metadata.recovery.strategy = none
[2026-04-12T09:47:55.039+0000] {subprocess.py:106} INFO - 	metric.reporters = []
[2026-04-12T09:47:55.040+0000] {subprocess.py:106} INFO - 	metrics.num.samples = 2
[2026-04-12T09:47:55.040+0000] {subprocess.py:106} INFO - 	metrics.recording.level = INFO
[2026-04-12T09:47:55.041+0000] {subprocess.py:106} INFO - 	metrics.sample.window.ms = 30000
[2026-04-12T09:47:55.042+0000] {subprocess.py:106} INFO - 	partition.assignment.strategy = [class org.apache.kafka.clients.consumer.RangeAssignor, class org.apache.kafka.clients.consumer.CooperativeStickyAssignor]
[2026-04-12T09:47:55.042+0000] {subprocess.py:106} INFO - 	receive.buffer.bytes = 65536
[2026-04-12T09:47:55.043+0000] {subprocess.py:106} INFO - 	reconnect.backoff.max.ms = 1000
[2026-04-12T09:47:55.043+0000] {subprocess.py:106} INFO - 	reconnect.backoff.ms = 50
[2026-04-12T09:47:55.044+0000] {subprocess.py:106} INFO - 	request.timeout.ms = 30000
[2026-04-12T09:47:55.044+0000] {subprocess.py:106} INFO - 	retry.backoff.max.ms = 1000
[2026-04-12T09:47:55.045+0000] {subprocess.py:106} INFO - 	retry.backoff.ms = 100
[2026-04-12T09:47:55.045+0000] {subprocess.py:106} INFO - 	sasl.client.callback.handler.class = null
[2026-04-12T09:47:55.046+0000] {subprocess.py:106} INFO - 	sasl.jaas.config = null
[2026-04-12T09:47:55.046+0000] {subprocess.py:106} INFO - 	sasl.kerberos.kinit.cmd = /usr/bin/kinit
[2026-04-12T09:47:55.047+0000] {subprocess.py:106} INFO - 	sasl.kerberos.min.time.before.relogin = 60000
[2026-04-12T09:47:55.047+0000] {subprocess.py:106} INFO - 	sasl.kerberos.service.name = null
[2026-04-12T09:47:55.048+0000] {subprocess.py:106} INFO - 	sasl.kerberos.ticket.renew.jitter = 0.05
[2026-04-12T09:47:55.048+0000] {subprocess.py:106} INFO - 	sasl.kerberos.ticket.renew.window.factor = 0.8
[2026-04-12T09:47:55.049+0000] {subprocess.py:106} INFO - 	sasl.login.callback.handler.class = null
[2026-04-12T09:47:55.050+0000] {subprocess.py:106} INFO - 	sasl.login.class = null
[2026-04-12T09:47:55.050+0000] {subprocess.py:106} INFO - 	sasl.login.connect.timeout.ms = null
[2026-04-12T09:47:55.051+0000] {subprocess.py:106} INFO - 	sasl.login.read.timeout.ms = null
[2026-04-12T09:47:55.051+0000] {subprocess.py:106} INFO - 	sasl.login.refresh.buffer.seconds = 300
[2026-04-12T09:47:55.052+0000] {subprocess.py:106} INFO - 	sasl.login.refresh.min.period.seconds = 60
[2026-04-12T09:47:55.052+0000] {subprocess.py:106} INFO - 	sasl.login.refresh.window.factor = 0.8
[2026-04-12T09:47:55.053+0000] {subprocess.py:106} INFO - 	sasl.login.refresh.window.jitter = 0.05
[2026-04-12T09:47:55.053+0000] {subprocess.py:106} INFO - 	sasl.login.retry.backoff.max.ms = 10000
[2026-04-12T09:47:55.054+0000] {subprocess.py:106} INFO - 	sasl.login.retry.backoff.ms = 100
[2026-04-12T09:47:55.054+0000] {subprocess.py:106} INFO - 	sasl.mechanism = GSSAPI
[2026-04-12T09:47:55.055+0000] {subprocess.py:106} INFO - 	sasl.oauthbearer.clock.skew.seconds = 30
[2026-04-12T09:47:55.055+0000] {subprocess.py:106} INFO - 	sasl.oauthbearer.expected.audience = null
[2026-04-12T09:47:55.057+0000] {subprocess.py:106} INFO - 	sasl.oauthbearer.expected.issuer = null
[2026-04-12T09:47:55.058+0000] {subprocess.py:106} INFO - 	sasl.oauthbearer.header.urlencode = false
[2026-04-12T09:47:55.059+0000] {subprocess.py:106} INFO - 	sasl.oauthbearer.jwks.endpoint.refresh.ms = 3600000
[2026-04-12T09:47:55.059+0000] {subprocess.py:106} INFO - 	sasl.oauthbearer.jwks.endpoint.retry.backoff.max.ms = 10000
[2026-04-12T09:47:55.060+0000] {subprocess.py:106} INFO - 	sasl.oauthbearer.jwks.endpoint.retry.backoff.ms = 100
[2026-04-12T09:47:55.060+0000] {subprocess.py:106} INFO - 	sasl.oauthbearer.jwks.endpoint.url = null
[2026-04-12T09:47:55.061+0000] {subprocess.py:106} INFO - 	sasl.oauthbearer.scope.claim.name = scope
[2026-04-12T09:47:55.061+0000] {subprocess.py:106} INFO - 	sasl.oauthbearer.sub.claim.name = sub
[2026-04-12T09:47:55.062+0000] {subprocess.py:106} INFO - 	sasl.oauthbearer.token.endpoint.url = null
[2026-04-12T09:47:55.062+0000] {subprocess.py:106} INFO - 	security.protocol = PLAINTEXT
[2026-04-12T09:47:55.063+0000] {subprocess.py:106} INFO - 	security.providers = null
[2026-04-12T09:47:55.063+0000] {subprocess.py:106} INFO - 	send.buffer.bytes = 131072
[2026-04-12T09:47:55.064+0000] {subprocess.py:106} INFO - 	session.timeout.ms = 45000
[2026-04-12T09:47:55.064+0000] {subprocess.py:106} INFO - 	socket.connection.setup.timeout.max.ms = 30000
[2026-04-12T09:47:55.065+0000] {subprocess.py:106} INFO - 	socket.connection.setup.timeout.ms = 10000
[2026-04-12T09:47:55.065+0000] {subprocess.py:106} INFO - 	ssl.cipher.suites = null
[2026-04-12T09:47:55.065+0000] {subprocess.py:106} INFO - 	ssl.enabled.protocols = [TLSv1.2, TLSv1.3]
[2026-04-12T09:47:55.066+0000] {subprocess.py:106} INFO - 	ssl.endpoint.identification.algorithm = https
[2026-04-12T09:47:55.066+0000] {subprocess.py:106} INFO - 	ssl.engine.factory.class = null
[2026-04-12T09:47:55.067+0000] {subprocess.py:106} INFO - 	ssl.key.password = null
[2026-04-12T09:47:55.067+0000] {subprocess.py:106} INFO - 	ssl.keymanager.algorithm = SunX509
[2026-04-12T09:47:55.068+0000] {subprocess.py:106} INFO - 	ssl.keystore.certificate.chain = null
[2026-04-12T09:47:55.068+0000] {subprocess.py:106} INFO - 	ssl.keystore.key = null
[2026-04-12T09:47:55.069+0000] {subprocess.py:106} INFO - 	ssl.keystore.location = null
[2026-04-12T09:47:55.070+0000] {subprocess.py:106} INFO - 	ssl.keystore.password = null
[2026-04-12T09:47:55.071+0000] {subprocess.py:106} INFO - 	ssl.keystore.type = JKS
[2026-04-12T09:47:55.071+0000] {subprocess.py:106} INFO - 	ssl.protocol = TLSv1.3
[2026-04-12T09:47:55.072+0000] {subprocess.py:106} INFO - 	ssl.provider = null
[2026-04-12T09:47:55.072+0000] {subprocess.py:106} INFO - 	ssl.secure.random.implementation = null
[2026-04-12T09:47:55.073+0000] {subprocess.py:106} INFO - 	ssl.trustmanager.algorithm = PKIX
[2026-04-12T09:47:55.073+0000] {subprocess.py:106} INFO - 	ssl.truststore.certificates = null
[2026-04-12T09:47:55.073+0000] {subprocess.py:106} INFO - 	ssl.truststore.location = null
[2026-04-12T09:47:55.074+0000] {subprocess.py:106} INFO - 	ssl.truststore.password = null
[2026-04-12T09:47:55.074+0000] {subprocess.py:106} INFO - 	ssl.truststore.type = JKS
[2026-04-12T09:47:55.075+0000] {subprocess.py:106} INFO - 	value.deserializer = class org.apache.kafka.common.serialization.ByteArrayDeserializer
[2026-04-12T09:47:55.075+0000] {subprocess.py:106} INFO - 
[2026-04-12T09:47:55.076+0000] {subprocess.py:106} INFO - 26/04/12 09:47:55 INFO KafkaMetricsCollector: initializing Kafka metrics collector
[2026-04-12T09:47:55.076+0000] {subprocess.py:106} INFO - 26/04/12 09:47:55 INFO KafkaMetricsCollector: initializing Kafka metrics collector
[2026-04-12T09:47:55.077+0000] {subprocess.py:106} INFO - 26/04/12 09:47:55 INFO KafkaMetricsCollector: initializing Kafka metrics collector
[2026-04-12T09:47:55.199+0000] {subprocess.py:106} INFO - 26/04/12 09:47:55 INFO AppInfoParser: Kafka version: 3.9.0
[2026-04-12T09:47:55.200+0000] {subprocess.py:106} INFO - 26/04/12 09:47:55 INFO AppInfoParser: Kafka commitId: 84caaa6e9da06435
[2026-04-12T09:47:55.200+0000] {subprocess.py:106} INFO - 26/04/12 09:47:55 INFO AppInfoParser: Kafka startTimeMs: 1775987275194
[2026-04-12T09:47:55.202+0000] {subprocess.py:106} INFO - 26/04/12 09:47:55 INFO AppInfoParser: Kafka version: 3.9.0
[2026-04-12T09:47:55.203+0000] {subprocess.py:106} INFO - 26/04/12 09:47:55 INFO AppInfoParser: Kafka commitId: 84caaa6e9da06435
[2026-04-12T09:47:55.204+0000] {subprocess.py:106} INFO - 26/04/12 09:47:55 INFO AppInfoParser: Kafka startTimeMs: 1775987275194
[2026-04-12T09:47:55.204+0000] {subprocess.py:106} INFO - 26/04/12 09:47:55 INFO AppInfoParser: Kafka version: 3.9.0
[2026-04-12T09:47:55.205+0000] {subprocess.py:106} INFO - 26/04/12 09:47:55 INFO AppInfoParser: Kafka commitId: 84caaa6e9da06435
[2026-04-12T09:47:55.205+0000] {subprocess.py:106} INFO - 26/04/12 09:47:55 INFO AppInfoParser: Kafka startTimeMs: 1775987275194
[2026-04-12T09:47:55.206+0000] {subprocess.py:106} INFO - 26/04/12 09:47:55 INFO ClassicKafkaConsumer: [Consumer clientId=consumer-spark-kafka-source-602249b4-d0d5-4848-9126-d7a657f85550--983882313-executor-1, groupId=spark-kafka-source-602249b4-d0d5-4848-9126-d7a657f85550--983882313-executor] Assigned to partition(s): weather-topic-1
[2026-04-12T09:47:55.209+0000] {subprocess.py:106} INFO - 26/04/12 09:47:55 INFO ClassicKafkaConsumer: [Consumer clientId=consumer-spark-kafka-source-602249b4-d0d5-4848-9126-d7a657f85550--983882313-executor-2, groupId=spark-kafka-source-602249b4-d0d5-4848-9126-d7a657f85550--983882313-executor] Assigned to partition(s): weather-topic-0
[2026-04-12T09:47:55.209+0000] {subprocess.py:106} INFO - 26/04/12 09:47:55 INFO ClassicKafkaConsumer: [Consumer clientId=consumer-spark-kafka-source-602249b4-d0d5-4848-9126-d7a657f85550--983882313-executor-3, groupId=spark-kafka-source-602249b4-d0d5-4848-9126-d7a657f85550--983882313-executor] Assigned to partition(s): weather-topic-2
[2026-04-12T09:47:55.219+0000] {subprocess.py:106} INFO - 26/04/12 09:47:55 INFO ClassicKafkaConsumer: [Consumer clientId=consumer-spark-kafka-source-602249b4-d0d5-4848-9126-d7a657f85550--983882313-executor-3, groupId=spark-kafka-source-602249b4-d0d5-4848-9126-d7a657f85550--983882313-executor] Seeking to offset 0 for partition weather-topic-2
[2026-04-12T09:47:55.220+0000] {subprocess.py:106} INFO - 26/04/12 09:47:55 INFO ClassicKafkaConsumer: [Consumer clientId=consumer-spark-kafka-source-602249b4-d0d5-4848-9126-d7a657f85550--983882313-executor-1, groupId=spark-kafka-source-602249b4-d0d5-4848-9126-d7a657f85550--983882313-executor] Seeking to offset 0 for partition weather-topic-1
[2026-04-12T09:47:55.220+0000] {subprocess.py:106} INFO - 26/04/12 09:47:55 INFO ClassicKafkaConsumer: [Consumer clientId=consumer-spark-kafka-source-602249b4-d0d5-4848-9126-d7a657f85550--983882313-executor-2, groupId=spark-kafka-source-602249b4-d0d5-4848-9126-d7a657f85550--983882313-executor] Seeking to offset 0 for partition weather-topic-0
[2026-04-12T09:47:55.750+0000] {subprocess.py:106} INFO - 26/04/12 09:47:55 INFO Metadata: [Consumer clientId=consumer-spark-kafka-source-602249b4-d0d5-4848-9126-d7a657f85550--983882313-executor-1, groupId=spark-kafka-source-602249b4-d0d5-4848-9126-d7a657f85550--983882313-executor] Cluster ID: gpK9xJXgQS6Leigq2_j9WA
[2026-04-12T09:47:55.751+0000] {subprocess.py:106} INFO - 26/04/12 09:47:55 INFO Metadata: [Consumer clientId=consumer-spark-kafka-source-602249b4-d0d5-4848-9126-d7a657f85550--983882313-executor-2, groupId=spark-kafka-source-602249b4-d0d5-4848-9126-d7a657f85550--983882313-executor] Cluster ID: gpK9xJXgQS6Leigq2_j9WA
[2026-04-12T09:47:55.752+0000] {subprocess.py:106} INFO - 26/04/12 09:47:55 INFO Metadata: [Consumer clientId=consumer-spark-kafka-source-602249b4-d0d5-4848-9126-d7a657f85550--983882313-executor-3, groupId=spark-kafka-source-602249b4-d0d5-4848-9126-d7a657f85550--983882313-executor] Cluster ID: gpK9xJXgQS6Leigq2_j9WA
[2026-04-12T09:47:55.822+0000] {subprocess.py:106} INFO - 26/04/12 09:47:55 INFO SubscriptionState: [Consumer clientId=consumer-spark-kafka-source-602249b4-d0d5-4848-9126-d7a657f85550--983882313-executor-1, groupId=spark-kafka-source-602249b4-d0d5-4848-9126-d7a657f85550--983882313-executor] Seeking to earliest offset of partition weather-topic-1
[2026-04-12T09:47:55.823+0000] {subprocess.py:106} INFO - 26/04/12 09:47:55 INFO SubscriptionState: [Consumer clientId=consumer-spark-kafka-source-602249b4-d0d5-4848-9126-d7a657f85550--983882313-executor-2, groupId=spark-kafka-source-602249b4-d0d5-4848-9126-d7a657f85550--983882313-executor] Seeking to earliest offset of partition weather-topic-0
[2026-04-12T09:47:55.823+0000] {subprocess.py:106} INFO - 26/04/12 09:47:55 INFO SubscriptionState: [Consumer clientId=consumer-spark-kafka-source-602249b4-d0d5-4848-9126-d7a657f85550--983882313-executor-3, groupId=spark-kafka-source-602249b4-d0d5-4848-9126-d7a657f85550--983882313-executor] Seeking to earliest offset of partition weather-topic-2
[2026-04-12T09:47:56.326+0000] {subprocess.py:106} INFO - 26/04/12 09:47:56 INFO SubscriptionState: [Consumer clientId=consumer-spark-kafka-source-602249b4-d0d5-4848-9126-d7a657f85550--983882313-executor-3, groupId=spark-kafka-source-602249b4-d0d5-4848-9126-d7a657f85550--983882313-executor] Resetting offset for partition weather-topic-2 to position FetchPosition{offset=0, offsetEpoch=Optional.empty, currentLeader=LeaderAndEpoch{leader=Optional[kafka:9092 (id: 1 rack: null)], epoch=0}}.
[2026-04-12T09:47:56.327+0000] {subprocess.py:106} INFO - 26/04/12 09:47:56 INFO SubscriptionState: [Consumer clientId=consumer-spark-kafka-source-602249b4-d0d5-4848-9126-d7a657f85550--983882313-executor-1, groupId=spark-kafka-source-602249b4-d0d5-4848-9126-d7a657f85550--983882313-executor] Resetting offset for partition weather-topic-1 to position FetchPosition{offset=0, offsetEpoch=Optional.empty, currentLeader=LeaderAndEpoch{leader=Optional[kafka:9092 (id: 1 rack: null)], epoch=0}}.
[2026-04-12T09:47:56.328+0000] {subprocess.py:106} INFO - 26/04/12 09:47:56 INFO SubscriptionState: [Consumer clientId=consumer-spark-kafka-source-602249b4-d0d5-4848-9126-d7a657f85550--983882313-executor-2, groupId=spark-kafka-source-602249b4-d0d5-4848-9126-d7a657f85550--983882313-executor] Resetting offset for partition weather-topic-0 to position FetchPosition{offset=0, offsetEpoch=Optional.empty, currentLeader=LeaderAndEpoch{leader=Optional[kafka:9092 (id: 1 rack: null)], epoch=0}}.
[2026-04-12T09:47:56.328+0000] {subprocess.py:106} INFO - 26/04/12 09:47:56 INFO SubscriptionState: [Consumer clientId=consumer-spark-kafka-source-602249b4-d0d5-4848-9126-d7a657f85550--983882313-executor-1, groupId=spark-kafka-source-602249b4-d0d5-4848-9126-d7a657f85550--983882313-executor] Seeking to latest offset of partition weather-topic-1
[2026-04-12T09:47:56.330+0000] {subprocess.py:106} INFO - 26/04/12 09:47:56 INFO SubscriptionState: [Consumer clientId=consumer-spark-kafka-source-602249b4-d0d5-4848-9126-d7a657f85550--983882313-executor-3, groupId=spark-kafka-source-602249b4-d0d5-4848-9126-d7a657f85550--983882313-executor] Seeking to latest offset of partition weather-topic-2
[2026-04-12T09:47:56.330+0000] {subprocess.py:106} INFO - 26/04/12 09:47:56 INFO SubscriptionState: [Consumer clientId=consumer-spark-kafka-source-602249b4-d0d5-4848-9126-d7a657f85550--983882313-executor-2, groupId=spark-kafka-source-602249b4-d0d5-4848-9126-d7a657f85550--983882313-executor] Seeking to latest offset of partition weather-topic-0
[2026-04-12T09:47:56.334+0000] {subprocess.py:106} INFO - 26/04/12 09:47:56 INFO SubscriptionState: [Consumer clientId=consumer-spark-kafka-source-602249b4-d0d5-4848-9126-d7a657f85550--983882313-executor-2, groupId=spark-kafka-source-602249b4-d0d5-4848-9126-d7a657f85550--983882313-executor] Resetting offset for partition weather-topic-0 to position FetchPosition{offset=7, offsetEpoch=Optional.empty, currentLeader=LeaderAndEpoch{leader=Optional[kafka:9092 (id: 1 rack: null)], epoch=0}}.
[2026-04-12T09:47:56.334+0000] {subprocess.py:106} INFO - 26/04/12 09:47:56 INFO SubscriptionState: [Consumer clientId=consumer-spark-kafka-source-602249b4-d0d5-4848-9126-d7a657f85550--983882313-executor-1, groupId=spark-kafka-source-602249b4-d0d5-4848-9126-d7a657f85550--983882313-executor] Resetting offset for partition weather-topic-1 to position FetchPosition{offset=6, offsetEpoch=Optional.empty, currentLeader=LeaderAndEpoch{leader=Optional[kafka:9092 (id: 1 rack: null)], epoch=0}}.
[2026-04-12T09:47:56.335+0000] {subprocess.py:106} INFO - 26/04/12 09:47:56 INFO SubscriptionState: [Consumer clientId=consumer-spark-kafka-source-602249b4-d0d5-4848-9126-d7a657f85550--983882313-executor-3, groupId=spark-kafka-source-602249b4-d0d5-4848-9126-d7a657f85550--983882313-executor] Resetting offset for partition weather-topic-2 to position FetchPosition{offset=7, offsetEpoch=Optional.empty, currentLeader=LeaderAndEpoch{leader=Optional[kafka:9092 (id: 1 rack: null)], epoch=0}}.
[2026-04-12T09:47:56.501+0000] {subprocess.py:106} INFO - 26/04/12 09:47:56 INFO KafkaDataConsumer: From Kafka topicPartition=weather-topic-0 groupId=spark-kafka-source-602249b4-d0d5-4848-9126-d7a657f85550--983882313-executor read 7 records through 1 polls (polled out 7 records), taking 1110.48473 ms, during time span of 1284.131311 ms.
[2026-04-12T09:47:56.502+0000] {subprocess.py:106} INFO - 26/04/12 09:47:56 INFO KafkaDataConsumer: From Kafka topicPartition=weather-topic-1 groupId=spark-kafka-source-602249b4-d0d5-4848-9126-d7a657f85550--983882313-executor read 6 records through 1 polls (polled out 6 records), taking 1110.582552 ms, during time span of 1284.124173 ms.
[2026-04-12T09:47:56.503+0000] {subprocess.py:106} INFO - 26/04/12 09:47:56 INFO KafkaDataConsumer: From Kafka topicPartition=weather-topic-2 groupId=spark-kafka-source-602249b4-d0d5-4848-9126-d7a657f85550--983882313-executor read 7 records through 1 polls (polled out 7 records), taking 1110.606078 ms, during time span of 1284.083354 ms.
[2026-04-12T09:47:56.536+0000] {subprocess.py:106} INFO - 26/04/12 09:47:56 INFO Executor: Finished task 0.0 in stage 0.0 (TID 0). 2382 bytes result sent to driver
[2026-04-12T09:47:56.539+0000] {subprocess.py:106} INFO - 26/04/12 09:47:56 INFO Executor: Finished task 2.0 in stage 0.0 (TID 2). 2382 bytes result sent to driver
[2026-04-12T09:47:56.539+0000] {subprocess.py:106} INFO - 26/04/12 09:47:56 INFO Executor: Finished task 1.0 in stage 0.0 (TID 1). 2382 bytes result sent to driver
[2026-04-12T09:47:56.553+0000] {subprocess.py:106} INFO - 26/04/12 09:47:56 INFO TaskSetManager: Finished task 1.0 in stage 0.0 (TID 1) in 2184 ms on spark-master (executor driver) (1/3)
[2026-04-12T09:47:56.557+0000] {subprocess.py:106} INFO - 26/04/12 09:47:56 INFO TaskSetManager: Finished task 0.0 in stage 0.0 (TID 0) in 2218 ms on spark-master (executor driver) (2/3)
[2026-04-12T09:47:56.560+0000] {subprocess.py:106} INFO - 26/04/12 09:47:56 INFO TaskSetManager: Finished task 2.0 in stage 0.0 (TID 2) in 2188 ms on spark-master (executor driver) (3/3)
[2026-04-12T09:47:56.560+0000] {subprocess.py:106} INFO - 26/04/12 09:47:56 INFO TaskSchedulerImpl: Removed TaskSet 0.0 whose tasks have all completed, from pool
[2026-04-12T09:47:56.579+0000] {subprocess.py:106} INFO - 26/04/12 09:47:56 INFO DAGScheduler: ShuffleMapStage 0 (start at NativeMethodAccessorImpl.java:0) finished in 2448 ms
[2026-04-12T09:47:56.582+0000] {subprocess.py:106} INFO - 26/04/12 09:47:56 INFO DAGScheduler: looking for newly runnable stages
[2026-04-12T09:47:56.583+0000] {subprocess.py:106} INFO - 26/04/12 09:47:56 INFO DAGScheduler: running: HashSet()
[2026-04-12T09:47:56.587+0000] {subprocess.py:106} INFO - 26/04/12 09:47:56 INFO DAGScheduler: waiting: HashSet(ResultStage 1)
[2026-04-12T09:47:56.588+0000] {subprocess.py:106} INFO - 26/04/12 09:47:56 INFO DAGScheduler: failed: HashSet()
[2026-04-12T09:47:56.588+0000] {subprocess.py:106} INFO - 26/04/12 09:47:56 INFO DAGScheduler: Submitting ResultStage 1 (MapPartitionsRDD[9] at start at NativeMethodAccessorImpl.java:0), which has no missing parents
[2026-04-12T09:47:56.599+0000] {subprocess.py:106} INFO - 26/04/12 09:47:56 INFO MemoryStore: Block broadcast_1 stored as values in memory (estimated size 13.6 KiB, free 1048.7 MiB)
[2026-04-12T09:47:56.601+0000] {subprocess.py:106} INFO - 26/04/12 09:47:56 INFO MemoryStore: Block broadcast_1_piece0 stored as bytes in memory (estimated size 6.5 KiB, free 1048.7 MiB)
[2026-04-12T09:47:56.603+0000] {subprocess.py:106} INFO - 26/04/12 09:47:56 INFO SparkContext: Created broadcast 1 from broadcast at DAGScheduler.scala:1676
[2026-04-12T09:47:56.605+0000] {subprocess.py:106} INFO - 26/04/12 09:47:56 INFO DAGScheduler: Submitting 1 missing tasks from ResultStage 1 (MapPartitionsRDD[9] at start at NativeMethodAccessorImpl.java:0) (first 15 tasks are for partitions Vector(0))
[2026-04-12T09:47:56.606+0000] {subprocess.py:106} INFO - 26/04/12 09:47:56 INFO TaskSchedulerImpl: Adding task set 1.0 with 1 tasks resource profile 0
[2026-04-12T09:47:56.614+0000] {subprocess.py:106} INFO - 26/04/12 09:47:56 INFO TaskSetManager: Starting task 0.0 in stage 1.0 (TID 3) (spark-master,executor driver, partition 0, NODE_LOCAL, 12446 bytes)
[2026-04-12T09:47:56.616+0000] {subprocess.py:106} INFO - 26/04/12 09:47:56 INFO Executor: Running task 0.0 in stage 1.0 (TID 3)
[2026-04-12T09:47:56.679+0000] {subprocess.py:106} INFO - 26/04/12 09:47:56 INFO ShuffleBlockFetcherIterator: Getting 3 (180.0 B) non-empty blocks including 3 (180.0 B) local and 0 (0.0 B) host-local and 0 (0.0 B) push-merged-local and 0 (0.0 B) remote blocks
[2026-04-12T09:47:56.682+0000] {subprocess.py:106} INFO - 26/04/12 09:47:56 INFO ShuffleBlockFetcherIterator: Started 0 remote fetches in 20 ms
[2026-04-12T09:47:56.700+0000] {subprocess.py:106} INFO - 26/04/12 09:47:56 INFO CodeGenerator: Code generated in 13.682441 ms
[2026-04-12T09:47:56.713+0000] {subprocess.py:106} INFO - 26/04/12 09:47:56 INFO Executor: Finished task 0.0 in stage 1.0 (TID 3). 3938 bytes result sent to driver
[2026-04-12T09:47:56.716+0000] {subprocess.py:106} INFO - 26/04/12 09:47:56 INFO TaskSetManager: Finished task 0.0 in stage 1.0 (TID 3) in 105 ms on spark-master (executor driver) (1/1)
[2026-04-12T09:47:56.717+0000] {subprocess.py:106} INFO - 26/04/12 09:47:56 INFO TaskSchedulerImpl: Removed TaskSet 1.0 whose tasks have all completed, from pool
[2026-04-12T09:47:56.717+0000] {subprocess.py:106} INFO - 26/04/12 09:47:56 INFO DAGScheduler: ResultStage 1 (start at NativeMethodAccessorImpl.java:0) finished in 122 ms
[2026-04-12T09:47:56.723+0000] {subprocess.py:106} INFO - 26/04/12 09:47:56 INFO DAGScheduler: Job 0 is finished. Cancelling potential speculative or zombie tasks for this job
[2026-04-12T09:47:56.723+0000] {subprocess.py:106} INFO - 26/04/12 09:47:56 INFO TaskSchedulerImpl: Canceling stage 1
[2026-04-12T09:47:56.725+0000] {subprocess.py:106} INFO - 26/04/12 09:47:56 INFO TaskSchedulerImpl: Killing all running tasks in stage 1: Stage finished
[2026-04-12T09:47:56.728+0000] {subprocess.py:106} INFO - 26/04/12 09:47:56 INFO DAGScheduler: Job 0 finished: start at NativeMethodAccessorImpl.java:0, took 2665.143683 ms
[2026-04-12T09:47:56.854+0000] {subprocess.py:106} INFO - 26/04/12 09:47:56 INFO ParquetUtils: Using default output committer for Parquet: org.apache.parquet.hadoop.ParquetOutputCommitter
[2026-04-12T09:47:56.882+0000] {subprocess.py:106} INFO - 26/04/12 09:47:56 INFO FileOutputCommitter: File Output Committer Algorithm version is 1
[2026-04-12T09:47:56.882+0000] {subprocess.py:106} INFO - 26/04/12 09:47:56 INFO FileOutputCommitter: FileOutputCommitter skip cleanup _temporary folders under output directory:false, ignore cleanup failures: false
[2026-04-12T09:47:56.884+0000] {subprocess.py:106} INFO - 26/04/12 09:47:56 INFO SQLHadoopMapReduceCommitProtocol: Using user defined output committer class org.apache.parquet.hadoop.ParquetOutputCommitter
[2026-04-12T09:47:56.884+0000] {subprocess.py:106} INFO - 26/04/12 09:47:56 INFO FileOutputCommitter: File Output Committer Algorithm version is 1
[2026-04-12T09:47:56.885+0000] {subprocess.py:106} INFO - 26/04/12 09:47:56 INFO FileOutputCommitter: FileOutputCommitter skip cleanup _temporary folders under output directory:false, ignore cleanup failures: false
[2026-04-12T09:47:56.885+0000] {subprocess.py:106} INFO - 26/04/12 09:47:56 INFO SQLHadoopMapReduceCommitProtocol: Using output committer class org.apache.parquet.hadoop.ParquetOutputCommitter
[2026-04-12T09:47:57.139+0000] {subprocess.py:106} INFO - 26/04/12 09:47:57 ERROR MicroBatchExecution: Query [id = fffa4a28-b831-4a17-a849-992bff20d106, runId = 0ce52385-993d-4375-8d16-34f3c822e6b5] terminated with error
[2026-04-12T09:47:57.139+0000] {subprocess.py:106} INFO - org.apache.spark.sql.execution.streaming.sources.ForeachBatchUserFuncException: [FOREACH_BATCH_USER_FUNCTION_ERROR] An error occurred in the user provided function in foreach batch sink. Reason: An exception was raised by the Python Proxy. Return Message: Traceback (most recent call last):
[2026-04-12T09:47:57.140+0000] {subprocess.py:106} INFO -   File "/home/spark/spark/python/lib/py4j-0.10.9.9-src.zip/py4j/clientserver.py", line 644, in _call_proxy
[2026-04-12T09:47:57.140+0000] {subprocess.py:106} INFO -     return_value = getattr(self.pool[obj_id], method)(*params)
[2026-04-12T09:47:57.140+0000] {subprocess.py:106} INFO -   File "/home/spark/spark/python/lib/pyspark.zip/pyspark/sql/utils.py", line 165, in call
[2026-04-12T09:47:57.141+0000] {subprocess.py:106} INFO -     raise e
[2026-04-12T09:47:57.141+0000] {subprocess.py:106} INFO -   File "/home/spark/spark/python/lib/pyspark.zip/pyspark/sql/utils.py", line 162, in call
[2026-04-12T09:47:57.141+0000] {subprocess.py:106} INFO -     self.func(DataFrame(jdf, wrapped_session_jdf), batch_id)
[2026-04-12T09:47:57.142+0000] {subprocess.py:106} INFO -   File "/home/spark/spark/spark_jobs/weather_streaming.py", line 114, in write_to_bronze_and_silver
[2026-04-12T09:47:57.142+0000] {subprocess.py:106} INFO -     .save("hdfs://23133083thuyvan-master:9000/user/hive/lakehouse/bronze/raw_api")
[2026-04-12T09:47:57.142+0000] {subprocess.py:106} INFO -   File "/home/spark/spark/python/lib/pyspark.zip/pyspark/sql/readwriter.py", line 1745, in save
[2026-04-12T09:47:57.143+0000] {subprocess.py:106} INFO -     self._jwrite.save(path)
[2026-04-12T09:47:57.143+0000] {subprocess.py:106} INFO -   File "/home/spark/spark/python/lib/py4j-0.10.9.9-src.zip/py4j/java_gateway.py", line 1362, in __call__
[2026-04-12T09:47:57.144+0000] {subprocess.py:106} INFO -     return_value = get_return_value(
[2026-04-12T09:47:57.144+0000] {subprocess.py:106} INFO -   File "/home/spark/spark/python/lib/pyspark.zip/pyspark/errors/exceptions/captured.py", line 282, in deco
[2026-04-12T09:47:57.144+0000] {subprocess.py:106} INFO -     return f(*a, **kw)
[2026-04-12T09:47:57.145+0000] {subprocess.py:106} INFO -   File "/home/spark/spark/python/lib/py4j-0.10.9.9-src.zip/py4j/protocol.py", line 327, in get_return_value
[2026-04-12T09:47:57.145+0000] {subprocess.py:106} INFO -     raise Py4JJavaError(
[2026-04-12T09:47:57.145+0000] {subprocess.py:106} INFO - py4j.protocol.Py4JJavaError: An error occurred while calling o104.save.
[2026-04-12T09:47:57.146+0000] {subprocess.py:106} INFO - : org.apache.hadoop.security.AccessControlException: Permission denied: user=spark, access=WRITE, inode="/user/hive/lakehouse/bronze":hadoop23133083thuyvan:supergroup:drwxr-xr-x
[2026-04-12T09:47:57.146+0000] {subprocess.py:106} INFO - 	at org.apache.hadoop.hdfs.server.namenode.FSPermissionChecker.check(FSPermissionChecker.java:661)
[2026-04-12T09:47:57.147+0000] {subprocess.py:106} INFO - 	at org.apache.hadoop.hdfs.server.namenode.FSPermissionChecker.checkPermission(FSPermissionChecker.java:501)
[2026-04-12T09:47:57.147+0000] {subprocess.py:106} INFO - 	at org.apache.hadoop.hdfs.server.namenode.FSPermissionChecker.checkPermissionWithContext(FSPermissionChecker.java:525)
[2026-04-12T09:47:57.147+0000] {subprocess.py:106} INFO - 	at org.apache.hadoop.hdfs.server.namenode.FSPermissionChecker.checkPermission(FSPermissionChecker.java:395)
[2026-04-12T09:47:57.148+0000] {subprocess.py:106} INFO - 	at org.apache.hadoop.hdfs.server.namenode.FSDirectory.checkPermission(FSDirectory.java:1964)
[2026-04-12T09:47:57.148+0000] {subprocess.py:106} INFO - 	at org.apache.hadoop.hdfs.server.namenode.FSDirectory.checkPermission(FSDirectory.java:1945)
[2026-04-12T09:47:57.148+0000] {subprocess.py:106} INFO - 	at org.apache.hadoop.hdfs.server.namenode.FSDirectory.checkAncestorAccess(FSDirectory.java:1904)
[2026-04-12T09:47:57.149+0000] {subprocess.py:106} INFO - 	at org.apache.hadoop.hdfs.server.namenode.FSDirMkdirOp.mkdirs(FSDirMkdirOp.java:60)
[2026-04-12T09:47:57.149+0000] {subprocess.py:106} INFO - 	at org.apache.hadoop.hdfs.server.namenode.FSNamesystem.mkdirs(FSNamesystem.java:3531)
[2026-04-12T09:47:57.150+0000] {subprocess.py:106} INFO - 	at org.apache.hadoop.hdfs.server.namenode.NameNodeRpcServer.mkdirs(NameNodeRpcServer.java:1173)
[2026-04-12T09:47:57.150+0000] {subprocess.py:106} INFO - 	at org.apache.hadoop.hdfs.protocolPB.ClientNamenodeProtocolServerSideTranslatorPB.mkdirs(ClientNamenodeProtocolServerSideTranslatorPB.java:750)
[2026-04-12T09:47:57.151+0000] {subprocess.py:106} INFO - 	at org.apache.hadoop.hdfs.protocol.proto.ClientNamenodeProtocolProtos$ClientNamenodeProtocol$2.callBlockingMethod(ClientNamenodeProtocolProtos.java)
[2026-04-12T09:47:57.151+0000] {subprocess.py:106} INFO - 	at org.apache.hadoop.ipc.ProtobufRpcEngine2$Server$ProtoBufRpcInvoker.call(ProtobufRpcEngine2.java:621)
[2026-04-12T09:47:57.151+0000] {subprocess.py:106} INFO - 	at org.apache.hadoop.ipc.ProtobufRpcEngine2$Server$ProtoBufRpcInvoker.call(ProtobufRpcEngine2.java:589)
[2026-04-12T09:47:57.152+0000] {subprocess.py:106} INFO - 	at org.apache.hadoop.ipc.ProtobufRpcEngine2$Server$ProtoBufRpcInvoker.call(ProtobufRpcEngine2.java:573)
[2026-04-12T09:47:57.152+0000] {subprocess.py:106} INFO - 	at org.apache.hadoop.ipc.RPC$Server.call(RPC.java:1227)
[2026-04-12T09:47:57.153+0000] {subprocess.py:106} INFO - 	at org.apache.hadoop.ipc.Server$RpcCall.run(Server.java:1246)
[2026-04-12T09:47:57.153+0000] {subprocess.py:106} INFO - 	at org.apache.hadoop.ipc.Server$RpcCall.run(Server.java:1169)
[2026-04-12T09:47:57.154+0000] {subprocess.py:106} INFO - 	at java.base/java.security.AccessController.doPrivileged(Native Method)
[2026-04-12T09:47:57.154+0000] {subprocess.py:106} INFO - 	at java.base/javax.security.auth.Subject.doAs(Subject.java:423)
[2026-04-12T09:47:57.155+0000] {subprocess.py:106} INFO - 	at org.apache.hadoop.security.UserGroupInformation.doAs(UserGroupInformation.java:1953)
[2026-04-12T09:47:57.155+0000] {subprocess.py:106} INFO - 	at org.apache.hadoop.ipc.Server$Handler.run(Server.java:3198)
[2026-04-12T09:47:57.155+0000] {subprocess.py:106} INFO - 
[2026-04-12T09:47:57.156+0000] {subprocess.py:106} INFO - 	at java.base/jdk.internal.reflect.NativeConstructorAccessorImpl.newInstance0(Native Method)
[2026-04-12T09:47:57.156+0000] {subprocess.py:106} INFO - 	at java.base/jdk.internal.reflect.NativeConstructorAccessorImpl.newInstance(NativeConstructorAccessorImpl.java:75)
[2026-04-12T09:47:57.157+0000] {subprocess.py:106} INFO - 	at java.base/jdk.internal.reflect.DelegatingConstructorAccessorImpl.newInstance(DelegatingConstructorAccessorImpl.java:53)
[2026-04-12T09:47:57.157+0000] {subprocess.py:106} INFO - 	at java.base/java.lang.reflect.Constructor.newInstanceWithCaller(Constructor.java:502)
[2026-04-12T09:47:57.157+0000] {subprocess.py:106} INFO - 	at java.base/java.lang.reflect.Constructor.newInstance(Constructor.java:486)
[2026-04-12T09:47:57.158+0000] {subprocess.py:106} INFO - 	at org.apache.hadoop.ipc.RemoteException.instantiateException(RemoteException.java:121)
[2026-04-12T09:47:57.158+0000] {subprocess.py:106} INFO - 	at org.apache.hadoop.ipc.RemoteException.unwrapRemoteException(RemoteException.java:88)
[2026-04-12T09:47:57.159+0000] {subprocess.py:106} INFO - 	at org.apache.hadoop.hdfs.DFSClient.primitiveMkdir(DFSClient.java:2557)
[2026-04-12T09:47:57.159+0000] {subprocess.py:106} INFO - 	at org.apache.hadoop.hdfs.DFSClient.mkdirs(DFSClient.java:2531)
[2026-04-12T09:47:57.161+0000] {subprocess.py:106} INFO - 	at org.apache.hadoop.hdfs.DistributedFileSystem$27.doCall(DistributedFileSystem.java:1497)
[2026-04-12T09:47:57.162+0000] {subprocess.py:106} INFO - 	at org.apache.hadoop.hdfs.DistributedFileSystem$27.doCall(DistributedFileSystem.java:1494)
[2026-04-12T09:47:57.162+0000] {subprocess.py:106} INFO - 	at org.apache.hadoop.fs.FileSystemLinkResolver.resolve(FileSystemLinkResolver.java:81)
[2026-04-12T09:47:57.163+0000] {subprocess.py:106} INFO - 	at org.apache.hadoop.hdfs.DistributedFileSystem.mkdirsInternal(DistributedFileSystem.java:1511)
[2026-04-12T09:47:57.163+0000] {subprocess.py:106} INFO - 	at org.apache.hadoop.hdfs.DistributedFileSystem.mkdirs(DistributedFileSystem.java:1486)
[2026-04-12T09:47:57.164+0000] {subprocess.py:106} INFO - 	at org.apache.hadoop.fs.FileSystem.mkdirs(FileSystem.java:2496)
[2026-04-12T09:47:57.164+0000] {subprocess.py:106} INFO - 	at org.apache.hadoop.mapreduce.lib.output.FileOutputCommitter.setupJob(FileOutputCommitter.java:356)
[2026-04-12T09:47:57.165+0000] {subprocess.py:106} INFO - 	at org.apache.spark.internal.io.HadoopMapReduceCommitProtocol.setupJob(HadoopMapReduceCommitProtocol.scala:190)
[2026-04-12T09:47:57.165+0000] {subprocess.py:106} INFO - 	at org.apache.spark.sql.execution.datasources.FileFormatWriter$.writeAndCommit(FileFormatWriter.scala:268)
[2026-04-12T09:47:57.165+0000] {subprocess.py:106} INFO - 	at org.apache.spark.sql.execution.datasources.FileFormatWriter$.executeWrite(FileFormatWriter.scala:306)
[2026-04-12T09:47:57.166+0000] {subprocess.py:106} INFO - 	at org.apache.spark.sql.execution.datasources.FileFormatWriter$.write(FileFormatWriter.scala:189)
[2026-04-12T09:47:57.166+0000] {subprocess.py:106} INFO - 	at org.apache.spark.sql.execution.datasources.InsertIntoHadoopFsRelationCommand.run(InsertIntoHadoopFsRelationCommand.scala:195)
[2026-04-12T09:47:57.166+0000] {subprocess.py:106} INFO - 	at org.apache.spark.sql.execution.command.DataWritingCommandExec.sideEffectResult$lzycompute(commands.scala:117)
[2026-04-12T09:47:57.167+0000] {subprocess.py:106} INFO - 	at org.apache.spark.sql.execution.command.DataWritingCommandExec.sideEffectResult(commands.scala:115)
[2026-04-12T09:47:57.167+0000] {subprocess.py:106} INFO - 	at org.apache.spark.sql.execution.command.DataWritingCommandExec.executeCollect(commands.scala:129)
[2026-04-12T09:47:57.168+0000] {subprocess.py:106} INFO - 	at org.apache.spark.sql.execution.QueryExecution.$anonfun$eagerlyExecuteCommands$2(QueryExecution.scala:155)
[2026-04-12T09:47:57.168+0000] {subprocess.py:106} INFO - 	at org.apache.spark.sql.execution.SQLExecution$.$anonfun$withNewExecutionId0$8(SQLExecution.scala:163)
[2026-04-12T09:47:57.169+0000] {subprocess.py:106} INFO - 	at org.apache.spark.sql.execution.SQLExecution$.withSessionTagsApplied(SQLExecution.scala:272)
[2026-04-12T09:47:57.169+0000] {subprocess.py:106} INFO - 	at org.apache.spark.sql.execution.SQLExecution$.$anonfun$withNewExecutionId0$7(SQLExecution.scala:125)
[2026-04-12T09:47:57.169+0000] {subprocess.py:106} INFO - 	at org.apache.spark.JobArtifactSet$.withActiveJobArtifactState(JobArtifactSet.scala:94)
[2026-04-12T09:47:57.170+0000] {subprocess.py:106} INFO - 	at org.apache.spark.sql.artifact.ArtifactManager.$anonfun$withResources$1(ArtifactManager.scala:112)
[2026-04-12T09:47:57.171+0000] {subprocess.py:106} INFO - 	at org.apache.spark.sql.artifact.ArtifactManager.withClassLoaderIfNeeded(ArtifactManager.scala:106)
[2026-04-12T09:47:57.171+0000] {subprocess.py:106} INFO - 	at org.apache.spark.sql.artifact.ArtifactManager.withResources(ArtifactManager.scala:111)
[2026-04-12T09:47:57.172+0000] {subprocess.py:106} INFO - 	at org.apache.spark.sql.execution.SQLExecution$.$anonfun$withNewExecutionId0$6(SQLExecution.scala:125)
[2026-04-12T09:47:57.172+0000] {subprocess.py:106} INFO - 	at org.apache.spark.sql.execution.SQLExecution$.withSQLConfPropagated(SQLExecution.scala:295)
[2026-04-12T09:47:57.172+0000] {subprocess.py:106} INFO - 	at org.apache.spark.sql.execution.SQLExecution$.$anonfun$withNewExecutionId0$1(SQLExecution.scala:124)
[2026-04-12T09:47:57.173+0000] {subprocess.py:106} INFO - 	at org.apache.spark.sql.SparkSession.withActive(SparkSession.scala:804)
[2026-04-12T09:47:57.173+0000] {subprocess.py:106} INFO - 	at org.apache.spark.sql.execution.SQLExecution$.withNewExecutionId0(SQLExecution.scala:78)
[2026-04-12T09:47:57.174+0000] {subprocess.py:106} INFO - 	at org.apache.spark.sql.execution.SQLExecution$.withNewExecutionId(SQLExecution.scala:237)
[2026-04-12T09:47:57.174+0000] {subprocess.py:106} INFO - 	at org.apache.spark.sql.execution.QueryExecution.$anonfun$eagerlyExecuteCommands$1(QueryExecution.scala:155)
[2026-04-12T09:47:57.175+0000] {subprocess.py:106} INFO - 	at org.apache.spark.sql.execution.QueryExecution$.withInternalError(QueryExecution.scala:654)
[2026-04-12T09:47:57.175+0000] {subprocess.py:106} INFO - 	at org.apache.spark.sql.execution.QueryExecution.org$apache$spark$sql$execution$QueryExecution$$eagerlyExecute$1(QueryExecution.scala:154)
[2026-04-12T09:47:57.175+0000] {subprocess.py:106} INFO - 	at org.apache.spark.sql.execution.QueryExecution$$anonfun$eagerlyExecuteCommands$3.applyOrElse(QueryExecution.scala:169)
[2026-04-12T09:47:57.176+0000] {subprocess.py:106} INFO - 	at org.apache.spark.sql.execution.QueryExecution$$anonfun$eagerlyExecuteCommands$3.applyOrElse(QueryExecution.scala:164)
[2026-04-12T09:47:57.176+0000] {subprocess.py:106} INFO - 	at org.apache.spark.sql.catalyst.trees.TreeNode.$anonfun$transformDownWithPruning$1(TreeNode.scala:470)
[2026-04-12T09:47:57.176+0000] {subprocess.py:106} INFO - 	at org.apache.spark.sql.catalyst.trees.CurrentOrigin$.withOrigin(origin.scala:86)
[2026-04-12T09:47:57.177+0000] {subprocess.py:106} INFO - 	at org.apache.spark.sql.catalyst.trees.TreeNode.transformDownWithPruning(TreeNode.scala:470)
[2026-04-12T09:47:57.177+0000] {subprocess.py:106} INFO - 	at org.apache.spark.sql.catalyst.plans.logical.LogicalPlan.org$apache$spark$sql$catalyst$plans$logical$AnalysisHelper$$super$transformDownWithPruning(LogicalPlan.scala:37)
[2026-04-12T09:47:57.178+0000] {subprocess.py:106} INFO - 	at org.apache.spark.sql.catalyst.plans.logical.AnalysisHelper.transformDownWithPruning(AnalysisHelper.scala:360)
[2026-04-12T09:47:57.178+0000] {subprocess.py:106} INFO - 	at org.apache.spark.sql.catalyst.plans.logical.AnalysisHelper.transformDownWithPruning$(AnalysisHelper.scala:356)
[2026-04-12T09:47:57.178+0000] {subprocess.py:106} INFO - 	at org.apache.spark.sql.catalyst.plans.logical.LogicalPlan.transformDownWithPruning(LogicalPlan.scala:37)
[2026-04-12T09:47:57.179+0000] {subprocess.py:106} INFO - 	at org.apache.spark.sql.catalyst.plans.logical.LogicalPlan.transformDownWithPruning(LogicalPlan.scala:37)
[2026-04-12T09:47:57.179+0000] {subprocess.py:106} INFO - 	at org.apache.spark.sql.catalyst.trees.TreeNode.transformDown(TreeNode.scala:446)
[2026-04-12T09:47:57.180+0000] {subprocess.py:106} INFO - 	at org.apache.spark.sql.execution.QueryExecution.eagerlyExecuteCommands(QueryExecution.scala:164)
[2026-04-12T09:47:57.180+0000] {subprocess.py:106} INFO - 	at org.apache.spark.sql.execution.QueryExecution.$anonfun$lazyCommandExecuted$1(QueryExecution.scala:126)
[2026-04-12T09:47:57.180+0000] {subprocess.py:106} INFO - 	at scala.util.Try$.apply(Try.scala:217)
[2026-04-12T09:47:57.181+0000] {subprocess.py:106} INFO - 	at org.apache.spark.util.Utils$.doTryWithCallerStacktrace(Utils.scala:1378)
[2026-04-12T09:47:57.181+0000] {subprocess.py:106} INFO - 	at org.apache.spark.util.Utils$.getTryWithCallerStacktrace(Utils.scala:1439)
[2026-04-12T09:47:57.182+0000] {subprocess.py:106} INFO - 	at org.apache.spark.util.LazyTry.get(LazyTry.scala:58)
[2026-04-12T09:47:57.182+0000] {subprocess.py:106} INFO - 	at org.apache.spark.sql.execution.QueryExecution.commandExecuted(QueryExecution.scala:131)
[2026-04-12T09:47:57.182+0000] {subprocess.py:106} INFO - 	at org.apache.spark.sql.execution.QueryExecution.assertCommandExecuted(QueryExecution.scala:192)
[2026-04-12T09:47:57.183+0000] {subprocess.py:106} INFO - 	at org.apache.spark.sql.classic.DataFrameWriter.runCommand(DataFrameWriter.scala:622)
[2026-04-12T09:47:57.183+0000] {subprocess.py:106} INFO - 	at org.apache.spark.sql.classic.DataFrameWriter.saveToV1Source(DataFrameWriter.scala:273)
[2026-04-12T09:47:57.183+0000] {subprocess.py:106} INFO - 	at org.apache.spark.sql.classic.DataFrameWriter.saveInternal(DataFrameWriter.scala:241)
[2026-04-12T09:47:57.184+0000] {subprocess.py:106} INFO - 	at org.apache.spark.sql.classic.DataFrameWriter.save(DataFrameWriter.scala:118)
[2026-04-12T09:47:57.184+0000] {subprocess.py:106} INFO - 	at java.base/jdk.internal.reflect.NativeMethodAccessorImpl.invoke0(Native Method)
[2026-04-12T09:47:57.185+0000] {subprocess.py:106} INFO - 	at java.base/jdk.internal.reflect.NativeMethodAccessorImpl.invoke(NativeMethodAccessorImpl.java:75)
[2026-04-12T09:47:57.185+0000] {subprocess.py:106} INFO - 	at java.base/jdk.internal.reflect.DelegatingMethodAccessorImpl.invoke(DelegatingMethodAccessorImpl.java:52)
[2026-04-12T09:47:57.186+0000] {subprocess.py:106} INFO - 	at java.base/java.lang.reflect.Method.invoke(Method.java:580)
[2026-04-12T09:47:57.186+0000] {subprocess.py:106} INFO - 	at py4j.reflection.MethodInvoker.invoke(MethodInvoker.java:244)
[2026-04-12T09:47:57.187+0000] {subprocess.py:106} INFO - 	at py4j.reflection.ReflectionEngine.invoke(ReflectionEngine.java:374)
[2026-04-12T09:47:57.187+0000] {subprocess.py:106} INFO - 	at py4j.Gateway.invoke(Gateway.java:282)
[2026-04-12T09:47:57.188+0000] {subprocess.py:106} INFO - 	at py4j.commands.AbstractCommand.invokeMethod(AbstractCommand.java:132)
[2026-04-12T09:47:57.188+0000] {subprocess.py:106} INFO - 	at py4j.commands.CallCommand.execute(CallCommand.java:79)
[2026-04-12T09:47:57.189+0000] {subprocess.py:106} INFO - 	at py4j.ClientServerConnection.sendCommand(ClientServerConnection.java:246)
[2026-04-12T09:47:57.189+0000] {subprocess.py:106} INFO - 	at py4j.CallbackClient.sendCommand(CallbackClient.java:384)
[2026-04-12T09:47:57.189+0000] {subprocess.py:106} INFO - 	at py4j.CallbackClient.sendCommand(CallbackClient.java:356)
[2026-04-12T09:47:57.190+0000] {subprocess.py:106} INFO - 	at py4j.reflection.PythonProxyHandler.invoke(PythonProxyHandler.java:106)
[2026-04-12T09:47:57.190+0000] {subprocess.py:106} INFO - 	at jdk.proxy3/jdk.proxy3.$Proxy49.call(Unknown Source)
[2026-04-12T09:47:57.190+0000] {subprocess.py:106} INFO - 	at org.apache.spark.sql.execution.streaming.sources.PythonForeachBatchHelper$.$anonfun$callForeachBatch$1(ForeachBatchSink.scala:87)
[2026-04-12T09:47:57.191+0000] {subprocess.py:106} INFO - 	at org.apache.spark.sql.execution.streaming.sources.PythonForeachBatchHelper$.$anonfun$callForeachBatch$1$adapted(ForeachBatchSink.scala:87)
[2026-04-12T09:47:57.191+0000] {subprocess.py:106} INFO - 	at org.apache.spark.sql.execution.streaming.sources.ForeachBatchSink.callBatchWriter(ForeachBatchSink.scala:56)
[2026-04-12T09:47:57.192+0000] {subprocess.py:106} INFO - 	at org.apache.spark.sql.execution.streaming.sources.ForeachBatchSink.addBatch(ForeachBatchSink.scala:49)
[2026-04-12T09:47:57.192+0000] {subprocess.py:106} INFO - 	at org.apache.spark.sql.execution.streaming.MicroBatchExecution.$anonfun$runBatch$17(MicroBatchExecution.scala:889)
[2026-04-12T09:47:57.192+0000] {subprocess.py:106} INFO - 	at org.apache.spark.sql.execution.SQLExecution$.$anonfun$withNewExecutionId0$8(SQLExecution.scala:163)
[2026-04-12T09:47:57.193+0000] {subprocess.py:106} INFO - 	at org.apache.spark.sql.execution.SQLExecution$.withSessionTagsApplied(SQLExecution.scala:272)
[2026-04-12T09:47:57.193+0000] {subprocess.py:106} INFO - 	at org.apache.spark.sql.execution.SQLExecution$.$anonfun$withNewExecutionId0$7(SQLExecution.scala:125)
[2026-04-12T09:47:57.193+0000] {subprocess.py:106} INFO - 	at org.apache.spark.JobArtifactSet$.withActiveJobArtifactState(JobArtifactSet.scala:94)
[2026-04-12T09:47:57.194+0000] {subprocess.py:106} INFO - 	at org.apache.spark.sql.artifact.ArtifactManager.$anonfun$withResources$1(ArtifactManager.scala:112)
[2026-04-12T09:47:57.194+0000] {subprocess.py:106} INFO - 	at org.apache.spark.sql.artifact.ArtifactManager.withClassLoaderIfNeeded(ArtifactManager.scala:106)
[2026-04-12T09:47:57.194+0000] {subprocess.py:106} INFO - 	at org.apache.spark.sql.artifact.ArtifactManager.withResources(ArtifactManager.scala:111)
[2026-04-12T09:47:57.195+0000] {subprocess.py:106} INFO - 	at org.apache.spark.sql.execution.SQLExecution$.$anonfun$withNewExecutionId0$6(SQLExecution.scala:125)
[2026-04-12T09:47:57.195+0000] {subprocess.py:106} INFO - 	at org.apache.spark.sql.execution.SQLExecution$.withSQLConfPropagated(SQLExecution.scala:295)
[2026-04-12T09:47:57.195+0000] {subprocess.py:106} INFO - 	at org.apache.spark.sql.execution.SQLExecution$.$anonfun$withNewExecutionId0$1(SQLExecution.scala:124)
[2026-04-12T09:47:57.196+0000] {subprocess.py:106} INFO - 	at org.apache.spark.sql.SparkSession.withActive(SparkSession.scala:804)
[2026-04-12T09:47:57.196+0000] {subprocess.py:106} INFO - 	at org.apache.spark.sql.execution.SQLExecution$.withNewExecutionId0(SQLExecution.scala:78)
[2026-04-12T09:47:57.197+0000] {subprocess.py:106} INFO - 	at org.apache.spark.sql.execution.SQLExecution$.withNewExecutionId(SQLExecution.scala:237)
[2026-04-12T09:47:57.197+0000] {subprocess.py:106} INFO - 	at org.apache.spark.sql.execution.streaming.MicroBatchExecution.$anonfun$runBatch$16(MicroBatchExecution.scala:886)
[2026-04-12T09:47:57.197+0000] {subprocess.py:106} INFO - 	at org.apache.spark.sql.execution.streaming.ProgressContext.reportTimeTaken(ProgressReporter.scala:186)
[2026-04-12T09:47:57.198+0000] {subprocess.py:106} INFO - 	at org.apache.spark.sql.execution.streaming.MicroBatchExecution.runBatch(MicroBatchExecution.scala:886)
[2026-04-12T09:47:57.198+0000] {subprocess.py:106} INFO - 	at org.apache.spark.sql.execution.streaming.MicroBatchExecution.$anonfun$executeOneBatch$2(MicroBatchExecution.scala:394)
[2026-04-12T09:47:57.198+0000] {subprocess.py:106} INFO - 	at scala.runtime.java8.JFunction0$mcV$sp.apply(JFunction0$mcV$sp.scala:18)
[2026-04-12T09:47:57.199+0000] {subprocess.py:106} INFO - 	at org.apache.spark.sql.execution.streaming.ProgressContext.reportTimeTaken(ProgressReporter.scala:186)
[2026-04-12T09:47:57.199+0000] {subprocess.py:106} INFO - 	at org.apache.spark.sql.execution.streaming.MicroBatchExecution.executeOneBatch(MicroBatchExecution.scala:364)
[2026-04-12T09:47:57.200+0000] {subprocess.py:106} INFO - 	at org.apache.spark.sql.execution.streaming.MicroBatchExecution.$anonfun$runActivatedStream$1(MicroBatchExecution.scala:344)
[2026-04-12T09:47:57.200+0000] {subprocess.py:106} INFO - 	at org.apache.spark.sql.execution.streaming.MicroBatchExecution.$anonfun$runActivatedStream$1$adapted(MicroBatchExecution.scala:344)
[2026-04-12T09:47:57.200+0000] {subprocess.py:106} INFO - 	at org.apache.spark.sql.execution.streaming.TriggerExecutor.runOneBatch(TriggerExecutor.scala:39)
[2026-04-12T09:47:57.201+0000] {subprocess.py:106} INFO - 	at org.apache.spark.sql.execution.streaming.TriggerExecutor.runOneBatch$(TriggerExecutor.scala:37)
[2026-04-12T09:47:57.201+0000] {subprocess.py:106} INFO - 	at org.apache.spark.sql.execution.streaming.ProcessingTimeExecutor.runOneBatch(TriggerExecutor.scala:70)
[2026-04-12T09:47:57.201+0000] {subprocess.py:106} INFO - 	at org.apache.spark.sql.execution.streaming.ProcessingTimeExecutor.execute(TriggerExecutor.scala:82)
[2026-04-12T09:47:57.202+0000] {subprocess.py:106} INFO - 	at org.apache.spark.sql.execution.streaming.MicroBatchExecution.runActivatedStream(MicroBatchExecution.scala:344)
[2026-04-12T09:47:57.202+0000] {subprocess.py:106} INFO - 	at org.apache.spark.sql.execution.streaming.StreamExecution.$anonfun$runStream$1(StreamExecution.scala:337)
[2026-04-12T09:47:57.202+0000] {subprocess.py:106} INFO - 	at scala.runtime.java8.JFunction0$mcV$sp.apply(JFunction0$mcV$sp.scala:18)
[2026-04-12T09:47:57.203+0000] {subprocess.py:106} INFO - 	at org.apache.spark.sql.SparkSession.withActive(SparkSession.scala:804)
[2026-04-12T09:47:57.203+0000] {subprocess.py:106} INFO - 	at org.apache.spark.sql.execution.streaming.StreamExecution.org$apache$spark$sql$execution$streaming$StreamExecution$$runStream(StreamExecution.scala:311)
[2026-04-12T09:47:57.204+0000] {subprocess.py:106} INFO - 	at org.apache.spark.sql.execution.streaming.StreamExecution$$anon$1.run(StreamExecution.scala:226)
[2026-04-12T09:47:57.204+0000] {subprocess.py:106} INFO - 	Suppressed: org.apache.spark.util.Utils$OriginalTryStackTraceException: Full stacktrace of original doTryWithCallerStacktrace caller
[2026-04-12T09:47:57.205+0000] {subprocess.py:106} INFO - 		at java.base/jdk.internal.reflect.NativeConstructorAccessorImpl.newInstance0(Native Method)
[2026-04-12T09:47:57.205+0000] {subprocess.py:106} INFO - 		at java.base/jdk.internal.reflect.NativeConstructorAccessorImpl.newInstance(NativeConstructorAccessorImpl.java:75)
[2026-04-12T09:47:57.205+0000] {subprocess.py:106} INFO - 		at java.base/jdk.internal.reflect.DelegatingConstructorAccessorImpl.newInstance(DelegatingConstructorAccessorImpl.java:53)
[2026-04-12T09:47:57.206+0000] {subprocess.py:106} INFO - 		at java.base/java.lang.reflect.Constructor.newInstanceWithCaller(Constructor.java:502)
[2026-04-12T09:47:57.206+0000] {subprocess.py:106} INFO - 		at java.base/java.lang.reflect.Constructor.newInstance(Constructor.java:486)
[2026-04-12T09:47:57.207+0000] {subprocess.py:106} INFO - 		at org.apache.hadoop.ipc.RemoteException.instantiateException(RemoteException.java:121)
[2026-04-12T09:47:57.207+0000] {subprocess.py:106} INFO - 		at org.apache.hadoop.ipc.RemoteException.unwrapRemoteException(RemoteException.java:88)
[2026-04-12T09:47:57.211+0000] {subprocess.py:106} INFO - 		at org.apache.hadoop.hdfs.DFSClient.primitiveMkdir(DFSClient.java:2557)
[2026-04-12T09:47:57.212+0000] {subprocess.py:106} INFO - 		at org.apache.hadoop.hdfs.DFSClient.mkdirs(DFSClient.java:2531)
[2026-04-12T09:47:57.212+0000] {subprocess.py:106} INFO - 		at org.apache.hadoop.hdfs.DistributedFileSystem$27.doCall(DistributedFileSystem.java:1497)
[2026-04-12T09:47:57.212+0000] {subprocess.py:106} INFO - 		at org.apache.hadoop.hdfs.DistributedFileSystem$27.doCall(DistributedFileSystem.java:1494)
[2026-04-12T09:47:57.213+0000] {subprocess.py:106} INFO - 		at org.apache.hadoop.fs.FileSystemLinkResolver.resolve(FileSystemLinkResolver.java:81)
[2026-04-12T09:47:57.213+0000] {subprocess.py:106} INFO - 		at org.apache.hadoop.hdfs.DistributedFileSystem.mkdirsInternal(DistributedFileSystem.java:1511)
[2026-04-12T09:47:57.214+0000] {subprocess.py:106} INFO - 		at org.apache.hadoop.hdfs.DistributedFileSystem.mkdirs(DistributedFileSystem.java:1486)
[2026-04-12T09:47:57.214+0000] {subprocess.py:106} INFO - 		at org.apache.hadoop.fs.FileSystem.mkdirs(FileSystem.java:2496)
[2026-04-12T09:47:57.214+0000] {subprocess.py:106} INFO - 		at org.apache.hadoop.mapreduce.lib.output.FileOutputCommitter.setupJob(FileOutputCommitter.java:356)
[2026-04-12T09:47:57.215+0000] {subprocess.py:106} INFO - 		at org.apache.spark.internal.io.HadoopMapReduceCommitProtocol.setupJob(HadoopMapReduceCommitProtocol.scala:190)
[2026-04-12T09:47:57.215+0000] {subprocess.py:106} INFO - 		at org.apache.spark.sql.execution.datasources.FileFormatWriter$.writeAndCommit(FileFormatWriter.scala:268)
[2026-04-12T09:47:57.215+0000] {subprocess.py:106} INFO - 		at org.apache.spark.sql.execution.datasources.FileFormatWriter$.executeWrite(FileFormatWriter.scala:306)
[2026-04-12T09:47:57.216+0000] {subprocess.py:106} INFO - 		at org.apache.spark.sql.execution.datasources.FileFormatWriter$.write(FileFormatWriter.scala:189)
[2026-04-12T09:47:57.216+0000] {subprocess.py:106} INFO - 		at org.apache.spark.sql.execution.datasources.InsertIntoHadoopFsRelationCommand.run(InsertIntoHadoopFsRelationCommand.scala:195)
[2026-04-12T09:47:57.216+0000] {subprocess.py:106} INFO - 		at org.apache.spark.sql.execution.command.DataWritingCommandExec.sideEffectResult$lzycompute(commands.scala:117)
[2026-04-12T09:47:57.217+0000] {subprocess.py:106} INFO - 		at org.apache.spark.sql.execution.command.DataWritingCommandExec.sideEffectResult(commands.scala:115)
[2026-04-12T09:47:57.218+0000] {subprocess.py:106} INFO - 		at org.apache.spark.sql.execution.command.DataWritingCommandExec.executeCollect(commands.scala:129)
[2026-04-12T09:47:57.218+0000] {subprocess.py:106} INFO - 		at org.apache.spark.sql.execution.QueryExecution.$anonfun$eagerlyExecuteCommands$2(QueryExecution.scala:155)
[2026-04-12T09:47:57.218+0000] {subprocess.py:106} INFO - 		at org.apache.spark.sql.execution.SQLExecution$.$anonfun$withNewExecutionId0$8(SQLExecution.scala:163)
[2026-04-12T09:47:57.219+0000] {subprocess.py:106} INFO - 		at org.apache.spark.sql.execution.SQLExecution$.withSessionTagsApplied(SQLExecution.scala:272)
[2026-04-12T09:47:57.219+0000] {subprocess.py:106} INFO - 		at org.apache.spark.sql.execution.SQLExecution$.$anonfun$withNewExecutionId0$7(SQLExecution.scala:125)
[2026-04-12T09:47:57.219+0000] {subprocess.py:106} INFO - 		at org.apache.spark.JobArtifactSet$.withActiveJobArtifactState(JobArtifactSet.scala:94)
[2026-04-12T09:47:57.220+0000] {subprocess.py:106} INFO - 		at org.apache.spark.sql.artifact.ArtifactManager.$anonfun$withResources$1(ArtifactManager.scala:112)
[2026-04-12T09:47:57.220+0000] {subprocess.py:106} INFO - 		at org.apache.spark.sql.artifact.ArtifactManager.withClassLoaderIfNeeded(ArtifactManager.scala:106)
[2026-04-12T09:47:57.221+0000] {subprocess.py:106} INFO - 		at org.apache.spark.sql.artifact.ArtifactManager.withResources(ArtifactManager.scala:111)
[2026-04-12T09:47:57.221+0000] {subprocess.py:106} INFO - 		at org.apache.spark.sql.execution.SQLExecution$.$anonfun$withNewExecutionId0$6(SQLExecution.scala:125)
[2026-04-12T09:47:57.222+0000] {subprocess.py:106} INFO - 		at org.apache.spark.sql.execution.SQLExecution$.withSQLConfPropagated(SQLExecution.scala:295)
[2026-04-12T09:47:57.222+0000] {subprocess.py:106} INFO - 		at org.apache.spark.sql.execution.SQLExecution$.$anonfun$withNewExecutionId0$1(SQLExecution.scala:124)
[2026-04-12T09:47:57.223+0000] {subprocess.py:106} INFO - 		at org.apache.spark.sql.SparkSession.withActive(SparkSession.scala:804)
[2026-04-12T09:47:57.223+0000] {subprocess.py:106} INFO - 		at org.apache.spark.sql.execution.SQLExecution$.withNewExecutionId0(SQLExecution.scala:78)
[2026-04-12T09:47:57.223+0000] {subprocess.py:106} INFO - 		at org.apache.spark.sql.execution.SQLExecution$.withNewExecutionId(SQLExecution.scala:237)
[2026-04-12T09:47:57.224+0000] {subprocess.py:106} INFO - 		at org.apache.spark.sql.execution.QueryExecution.$anonfun$eagerlyExecuteCommands$1(QueryExecution.scala:155)
[2026-04-12T09:47:57.224+0000] {subprocess.py:106} INFO - 		at org.apache.spark.sql.execution.QueryExecution$.withInternalError(QueryExecution.scala:654)
[2026-04-12T09:47:57.225+0000] {subprocess.py:106} INFO - 		at org.apache.spark.sql.execution.QueryExecution.org$apache$spark$sql$execution$QueryExecution$$eagerlyExecute$1(QueryExecution.scala:154)
[2026-04-12T09:47:57.225+0000] {subprocess.py:106} INFO - 		at org.apache.spark.sql.execution.QueryExecution$$anonfun$eagerlyExecuteCommands$3.applyOrElse(QueryExecution.scala:169)
[2026-04-12T09:47:57.225+0000] {subprocess.py:106} INFO - 		at org.apache.spark.sql.execution.QueryExecution$$anonfun$eagerlyExecuteCommands$3.applyOrElse(QueryExecution.scala:164)
[2026-04-12T09:47:57.226+0000] {subprocess.py:106} INFO - 		at org.apache.spark.sql.catalyst.trees.TreeNode.$anonfun$transformDownWithPruning$1(TreeNode.scala:470)
[2026-04-12T09:47:57.226+0000] {subprocess.py:106} INFO - 		at org.apache.spark.sql.catalyst.trees.CurrentOrigin$.withOrigin(origin.scala:86)
[2026-04-12T09:47:57.227+0000] {subprocess.py:106} INFO - 		at org.apache.spark.sql.catalyst.trees.TreeNode.transformDownWithPruning(TreeNode.scala:470)
[2026-04-12T09:47:57.227+0000] {subprocess.py:106} INFO - 		at org.apache.spark.sql.catalyst.plans.logical.LogicalPlan.org$apache$spark$sql$catalyst$plans$logical$AnalysisHelper$$super$transformDownWithPruning(LogicalPlan.scala:37)
[2026-04-12T09:47:57.228+0000] {subprocess.py:106} INFO - 		at org.apache.spark.sql.catalyst.plans.logical.AnalysisHelper.transformDownWithPruning(AnalysisHelper.scala:360)
[2026-04-12T09:47:57.228+0000] {subprocess.py:106} INFO - 		at org.apache.spark.sql.catalyst.plans.logical.AnalysisHelper.transformDownWithPruning$(AnalysisHelper.scala:356)
[2026-04-12T09:47:57.228+0000] {subprocess.py:106} INFO - 		at org.apache.spark.sql.catalyst.plans.logical.LogicalPlan.transformDownWithPruning(LogicalPlan.scala:37)
[2026-04-12T09:47:57.229+0000] {subprocess.py:106} INFO - 		at org.apache.spark.sql.catalyst.plans.logical.LogicalPlan.transformDownWithPruning(LogicalPlan.scala:37)
[2026-04-12T09:47:57.229+0000] {subprocess.py:106} INFO - 		at org.apache.spark.sql.catalyst.trees.TreeNode.transformDown(TreeNode.scala:446)
[2026-04-12T09:47:57.229+0000] {subprocess.py:106} INFO - 		at org.apache.spark.sql.execution.QueryExecution.eagerlyExecuteCommands(QueryExecution.scala:164)
[2026-04-12T09:47:57.230+0000] {subprocess.py:106} INFO - 		at org.apache.spark.sql.execution.QueryExecution.$anonfun$lazyCommandExecuted$1(QueryExecution.scala:126)
[2026-04-12T09:47:57.230+0000] {subprocess.py:106} INFO - 		at scala.util.Try$.apply(Try.scala:217)
[2026-04-12T09:47:57.231+0000] {subprocess.py:106} INFO - 		at org.apache.spark.util.Utils$.doTryWithCallerStacktrace(Utils.scala:1378)
[2026-04-12T09:47:57.231+0000] {subprocess.py:106} INFO - 		at org.apache.spark.util.LazyTry.tryT$lzycompute(LazyTry.scala:46)
[2026-04-12T09:47:57.232+0000] {subprocess.py:106} INFO - 		at org.apache.spark.util.LazyTry.tryT(LazyTry.scala:46)
[2026-04-12T09:47:57.232+0000] {subprocess.py:106} INFO - 		... 58 more
[2026-04-12T09:47:57.233+0000] {subprocess.py:106} INFO - Caused by: org.apache.hadoop.ipc.RemoteException(org.apache.hadoop.security.AccessControlException): Permission denied: user=spark, access=WRITE, inode="/user/hive/lakehouse/bronze":hadoop23133083thuyvan:supergroup:drwxr-xr-x
[2026-04-12T09:47:57.233+0000] {subprocess.py:106} INFO - 	at org.apache.hadoop.hdfs.server.namenode.FSPermissionChecker.check(FSPermissionChecker.java:661)
[2026-04-12T09:47:57.234+0000] {subprocess.py:106} INFO - 	at org.apache.hadoop.hdfs.server.namenode.FSPermissionChecker.checkPermission(FSPermissionChecker.java:501)
[2026-04-12T09:47:57.234+0000] {subprocess.py:106} INFO - 	at org.apache.hadoop.hdfs.server.namenode.FSPermissionChecker.checkPermissionWithContext(FSPermissionChecker.java:525)
[2026-04-12T09:47:57.235+0000] {subprocess.py:106} INFO - 	at org.apache.hadoop.hdfs.server.namenode.FSPermissionChecker.checkPermission(FSPermissionChecker.java:395)
[2026-04-12T09:47:57.235+0000] {subprocess.py:106} INFO - 	at org.apache.hadoop.hdfs.server.namenode.FSDirectory.checkPermission(FSDirectory.java:1964)
[2026-04-12T09:47:57.236+0000] {subprocess.py:106} INFO - 	at org.apache.hadoop.hdfs.server.namenode.FSDirectory.checkPermission(FSDirectory.java:1945)
[2026-04-12T09:47:57.236+0000] {subprocess.py:106} INFO - 	at org.apache.hadoop.hdfs.server.namenode.FSDirectory.checkAncestorAccess(FSDirectory.java:1904)
[2026-04-12T09:47:57.237+0000] {subprocess.py:106} INFO - 	at org.apache.hadoop.hdfs.server.namenode.FSDirMkdirOp.mkdirs(FSDirMkdirOp.java:60)
[2026-04-12T09:47:57.237+0000] {subprocess.py:106} INFO - 	at org.apache.hadoop.hdfs.server.namenode.FSNamesystem.mkdirs(FSNamesystem.java:3531)
[2026-04-12T09:47:57.238+0000] {subprocess.py:106} INFO - 	at org.apache.hadoop.hdfs.server.namenode.NameNodeRpcServer.mkdirs(NameNodeRpcServer.java:1173)
[2026-04-12T09:47:57.238+0000] {subprocess.py:106} INFO - 	at org.apache.hadoop.hdfs.protocolPB.ClientNamenodeProtocolServerSideTranslatorPB.mkdirs(ClientNamenodeProtocolServerSideTranslatorPB.java:750)
[2026-04-12T09:47:57.238+0000] {subprocess.py:106} INFO - 	at org.apache.hadoop.hdfs.protocol.proto.ClientNamenodeProtocolProtos$ClientNamenodeProtocol$2.callBlockingMethod(ClientNamenodeProtocolProtos.java)
[2026-04-12T09:47:57.239+0000] {subprocess.py:106} INFO - 	at org.apache.hadoop.ipc.ProtobufRpcEngine2$Server$ProtoBufRpcInvoker.call(ProtobufRpcEngine2.java:621)
[2026-04-12T09:47:57.239+0000] {subprocess.py:106} INFO - 	at org.apache.hadoop.ipc.ProtobufRpcEngine2$Server$ProtoBufRpcInvoker.call(ProtobufRpcEngine2.java:589)
[2026-04-12T09:47:57.240+0000] {subprocess.py:106} INFO - 	at org.apache.hadoop.ipc.ProtobufRpcEngine2$Server$ProtoBufRpcInvoker.call(ProtobufRpcEngine2.java:573)
[2026-04-12T09:47:57.240+0000] {subprocess.py:106} INFO - 	at org.apache.hadoop.ipc.RPC$Server.call(RPC.java:1227)
[2026-04-12T09:47:57.242+0000] {subprocess.py:106} INFO - 	at org.apache.hadoop.ipc.Server$RpcCall.run(Server.java:1246)
[2026-04-12T09:47:57.243+0000] {subprocess.py:106} INFO - 	at org.apache.hadoop.ipc.Server$RpcCall.run(Server.java:1169)
[2026-04-12T09:47:57.243+0000] {subprocess.py:106} INFO - 	at java.base/java.security.AccessController.doPrivileged(Native Method)
[2026-04-12T09:47:57.243+0000] {subprocess.py:106} INFO - 	at java.base/javax.security.auth.Subject.doAs(Subject.java:423)
[2026-04-12T09:47:57.244+0000] {subprocess.py:106} INFO - 	at org.apache.hadoop.security.UserGroupInformation.doAs(UserGroupInformation.java:1953)
[2026-04-12T09:47:57.244+0000] {subprocess.py:106} INFO - 	at org.apache.hadoop.ipc.Server$Handler.run(Server.java:3198)
[2026-04-12T09:47:57.245+0000] {subprocess.py:106} INFO - 
[2026-04-12T09:47:57.245+0000] {subprocess.py:106} INFO - 	at org.apache.hadoop.ipc.Client.getRpcResponse(Client.java:1584)
[2026-04-12T09:47:57.246+0000] {subprocess.py:106} INFO - 	at org.apache.hadoop.ipc.Client.call(Client.java:1529)
[2026-04-12T09:47:57.246+0000] {subprocess.py:106} INFO - 	at org.apache.hadoop.ipc.Client.call(Client.java:1426)
[2026-04-12T09:47:57.246+0000] {subprocess.py:106} INFO - 	at org.apache.hadoop.ipc.ProtobufRpcEngine2$Invoker.invoke(ProtobufRpcEngine2.java:258)
[2026-04-12T09:47:57.247+0000] {subprocess.py:106} INFO - 	at org.apache.hadoop.ipc.ProtobufRpcEngine2$Invoker.invoke(ProtobufRpcEngine2.java:139)
[2026-04-12T09:47:57.247+0000] {subprocess.py:106} INFO - 	at jdk.proxy2/jdk.proxy2.$Proxy46.mkdirs(Unknown Source)
[2026-04-12T09:47:57.248+0000] {subprocess.py:106} INFO - 	at org.apache.hadoop.hdfs.protocolPB.ClientNamenodeProtocolTranslatorPB.lambda$mkdirs$20(ClientNamenodeProtocolTranslatorPB.java:611)
[2026-04-12T09:47:57.248+0000] {subprocess.py:106} INFO - 	at org.apache.hadoop.ipc.internal.ShadedProtobufHelper.ipc(ShadedProtobufHelper.java:160)
[2026-04-12T09:47:57.249+0000] {subprocess.py:106} INFO - 	at org.apache.hadoop.hdfs.protocolPB.ClientNamenodeProtocolTranslatorPB.mkdirs(ClientNamenodeProtocolTranslatorPB.java:611)
[2026-04-12T09:47:57.249+0000] {subprocess.py:106} INFO - 	at java.base/jdk.internal.reflect.NativeMethodAccessorImpl.invoke0(Native Method)
[2026-04-12T09:47:57.250+0000] {subprocess.py:106} INFO - 	at java.base/jdk.internal.reflect.NativeMethodAccessorImpl.invoke(NativeMethodAccessorImpl.java:75)
[2026-04-12T09:47:57.250+0000] {subprocess.py:106} INFO - 	at java.base/jdk.internal.reflect.DelegatingMethodAccessorImpl.invoke(DelegatingMethodAccessorImpl.java:52)
[2026-04-12T09:47:57.251+0000] {subprocess.py:106} INFO - 	at java.base/java.lang.reflect.Method.invoke(Method.java:580)
[2026-04-12T09:47:57.251+0000] {subprocess.py:106} INFO - 	at org.apache.hadoop.io.retry.RetryInvocationHandler.invokeMethod(RetryInvocationHandler.java:437)
[2026-04-12T09:47:57.251+0000] {subprocess.py:106} INFO - 	at org.apache.hadoop.io.retry.RetryInvocationHandler$Call.invokeMethod(RetryInvocationHandler.java:170)
[2026-04-12T09:47:57.252+0000] {subprocess.py:106} INFO - 	at org.apache.hadoop.io.retry.RetryInvocationHandler$Call.invoke(RetryInvocationHandler.java:162)
[2026-04-12T09:47:57.252+0000] {subprocess.py:106} INFO - 	at org.apache.hadoop.io.retry.RetryInvocationHandler$Call.invokeOnce(RetryInvocationHandler.java:100)
[2026-04-12T09:47:57.253+0000] {subprocess.py:106} INFO - 	at org.apache.hadoop.io.retry.RetryInvocationHandler.invoke(RetryInvocationHandler.java:366)
[2026-04-12T09:47:57.253+0000] {subprocess.py:106} INFO - 	at jdk.proxy2/jdk.proxy2.$Proxy47.mkdirs(Unknown Source)
[2026-04-12T09:47:57.253+0000] {subprocess.py:106} INFO - 	at org.apache.hadoop.hdfs.DFSClient.primitiveMkdir(DFSClient.java:2555)
[2026-04-12T09:47:57.254+0000] {subprocess.py:106} INFO - 	at org.apache.hadoop.hdfs.DFSClient.mkdirs(DFSClient.java:2531)
[2026-04-12T09:47:57.254+0000] {subprocess.py:106} INFO - 	at org.apache.hadoop.hdfs.DistributedFileSystem$27.doCall(DistributedFileSystem.java:1497)
[2026-04-12T09:47:57.254+0000] {subprocess.py:106} INFO - 	at org.apache.hadoop.hdfs.DistributedFileSystem$27.doCall(DistributedFileSystem.java:1494)
[2026-04-12T09:47:57.255+0000] {subprocess.py:106} INFO - 	at org.apache.hadoop.fs.FileSystemLinkResolver.resolve(FileSystemLinkResolver.java:81)
[2026-04-12T09:47:57.255+0000] {subprocess.py:106} INFO - 	at org.apache.hadoop.hdfs.DistributedFileSystem.mkdirsInternal(DistributedFileSystem.java:1511)
[2026-04-12T09:47:57.256+0000] {subprocess.py:106} INFO - 	at org.apache.hadoop.hdfs.DistributedFileSystem.mkdirs(DistributedFileSystem.java:1486)
[2026-04-12T09:47:57.256+0000] {subprocess.py:106} INFO - 	at org.apache.hadoop.fs.FileSystem.mkdirs(FileSystem.java:2496)
[2026-04-12T09:47:57.256+0000] {subprocess.py:106} INFO - 	at org.apache.hadoop.mapreduce.lib.output.FileOutputCommitter.setupJob(FileOutputCommitter.java:356)
[2026-04-12T09:47:57.257+0000] {subprocess.py:106} INFO - 	at org.apache.spark.internal.io.HadoopMapReduceCommitProtocol.setupJob(HadoopMapReduceCommitProtocol.scala:190)
[2026-04-12T09:47:57.257+0000] {subprocess.py:106} INFO - 	at org.apache.spark.sql.execution.datasources.FileFormatWriter$.writeAndCommit(FileFormatWriter.scala:268)
[2026-04-12T09:47:57.257+0000] {subprocess.py:106} INFO - 	at org.apache.spark.sql.execution.datasources.FileFormatWriter$.executeWrite(FileFormatWriter.scala:306)
[2026-04-12T09:47:57.258+0000] {subprocess.py:106} INFO - 	at org.apache.spark.sql.execution.datasources.FileFormatWriter$.write(FileFormatWriter.scala:189)
[2026-04-12T09:47:57.258+0000] {subprocess.py:106} INFO - 	at org.apache.spark.sql.execution.datasources.InsertIntoHadoopFsRelationCommand.run(InsertIntoHadoopFsRelationCommand.scala:195)
[2026-04-12T09:47:57.258+0000] {subprocess.py:106} INFO - 	at org.apache.spark.sql.execution.command.DataWritingCommandExec.sideEffectResult$lzycompute(commands.scala:117)
[2026-04-12T09:47:57.259+0000] {subprocess.py:106} INFO - 	at org.apache.spark.sql.execution.command.DataWritingCommandExec.sideEffectResult(commands.scala:115)
[2026-04-12T09:47:57.259+0000] {subprocess.py:106} INFO - 	at org.apache.spark.sql.execution.command.DataWritingCommandExec.executeCollect(commands.scala:129)
[2026-04-12T09:47:57.259+0000] {subprocess.py:106} INFO - 	at org.apache.spark.sql.execution.QueryExecution.$anonfun$eagerlyExecuteCommands$2(QueryExecution.scala:155)
[2026-04-12T09:47:57.260+0000] {subprocess.py:106} INFO - 	at org.apache.spark.sql.execution.SQLExecution$.$anonfun$withNewExecutionId0$8(SQLExecution.scala:163)
[2026-04-12T09:47:57.260+0000] {subprocess.py:106} INFO - 	at org.apache.spark.sql.execution.SQLExecution$.withSessionTagsApplied(SQLExecution.scala:272)
[2026-04-12T09:47:57.261+0000] {subprocess.py:106} INFO - 	at org.apache.spark.sql.execution.SQLExecution$.$anonfun$withNewExecutionId0$7(SQLExecution.scala:125)
[2026-04-12T09:47:57.261+0000] {subprocess.py:106} INFO - 	at org.apache.spark.JobArtifactSet$.withActiveJobArtifactState(JobArtifactSet.scala:94)
[2026-04-12T09:47:57.261+0000] {subprocess.py:106} INFO - 	at org.apache.spark.sql.artifact.ArtifactManager.$anonfun$withResources$1(ArtifactManager.scala:112)
[2026-04-12T09:47:57.262+0000] {subprocess.py:106} INFO - 	at org.apache.spark.sql.artifact.ArtifactManager.withClassLoaderIfNeeded(ArtifactManager.scala:106)
[2026-04-12T09:47:57.262+0000] {subprocess.py:106} INFO - 	at org.apache.spark.sql.artifact.ArtifactManager.withResources(ArtifactManager.scala:111)
[2026-04-12T09:47:57.263+0000] {subprocess.py:106} INFO - 	at org.apache.spark.sql.execution.SQLExecution$.$anonfun$withNewExecutionId0$6(SQLExecution.scala:125)
[2026-04-12T09:47:57.263+0000] {subprocess.py:106} INFO - 	at org.apache.spark.sql.execution.SQLExecution$.withSQLConfPropagated(SQLExecution.scala:295)
[2026-04-12T09:47:57.264+0000] {subprocess.py:106} INFO - 	at org.apache.spark.sql.execution.SQLExecution$.$anonfun$withNewExecutionId0$1(SQLExecution.scala:124)
[2026-04-12T09:47:57.264+0000] {subprocess.py:106} INFO - 	at org.apache.spark.sql.SparkSession.withActive(SparkSession.scala:804)
[2026-04-12T09:47:57.264+0000] {subprocess.py:106} INFO - 	at org.apache.spark.sql.execution.SQLExecution$.withNewExecutionId0(SQLExecution.scala:78)
[2026-04-12T09:47:57.265+0000] {subprocess.py:106} INFO - 	at org.apache.spark.sql.execution.SQLExecution$.withNewExecutionId(SQLExecution.scala:237)
[2026-04-12T09:47:57.265+0000] {subprocess.py:106} INFO - 	at org.apache.spark.sql.execution.QueryExecution.$anonfun$eagerlyExecuteCommands$1(QueryExecution.scala:155)
[2026-04-12T09:47:57.266+0000] {subprocess.py:106} INFO - 	at org.apache.spark.sql.execution.QueryExecution$.withInternalError(QueryExecution.scala:654)
[2026-04-12T09:47:57.266+0000] {subprocess.py:106} INFO - 	at org.apache.spark.sql.execution.QueryExecution.org$apache$spark$sql$execution$QueryExecution$$eagerlyExecute$1(QueryExecution.scala:154)
[2026-04-12T09:47:57.266+0000] {subprocess.py:106} INFO - 	at org.apache.spark.sql.execution.QueryExecution$$anonfun$eagerlyExecuteCommands$3.applyOrElse(QueryExecution.scala:169)
[2026-04-12T09:47:57.267+0000] {subprocess.py:106} INFO - 	at org.apache.spark.sql.execution.QueryExecution$$anonfun$eagerlyExecuteCommands$3.applyOrElse(QueryExecution.scala:164)
[2026-04-12T09:47:57.267+0000] {subprocess.py:106} INFO - 	at org.apache.spark.sql.catalyst.trees.TreeNode.$anonfun$transformDownWithPruning$1(TreeNode.scala:470)
[2026-04-12T09:47:57.267+0000] {subprocess.py:106} INFO - 	at org.apache.spark.sql.catalyst.trees.CurrentOrigin$.withOrigin(origin.scala:86)
[2026-04-12T09:47:57.268+0000] {subprocess.py:106} INFO - 	at org.apache.spark.sql.catalyst.trees.TreeNode.transformDownWithPruning(TreeNode.scala:470)
[2026-04-12T09:47:57.268+0000] {subprocess.py:106} INFO - 	at org.apache.spark.sql.catalyst.plans.logical.LogicalPlan.org$apache$spark$sql$catalyst$plans$logical$AnalysisHelper$$super$transformDownWithPruning(LogicalPlan.scala:37)
[2026-04-12T09:47:57.269+0000] {subprocess.py:106} INFO - 	at org.apache.spark.sql.catalyst.plans.logical.AnalysisHelper.transformDownWithPruning(AnalysisHelper.scala:360)
[2026-04-12T09:47:57.269+0000] {subprocess.py:106} INFO - 	at org.apache.spark.sql.catalyst.plans.logical.AnalysisHelper.transformDownWithPruning$(AnalysisHelper.scala:356)
[2026-04-12T09:47:57.269+0000] {subprocess.py:106} INFO - 	at org.apache.spark.sql.catalyst.plans.logical.LogicalPlan.transformDownWithPruning(LogicalPlan.scala:37)
[2026-04-12T09:47:57.270+0000] {subprocess.py:106} INFO - 	at org.apache.spark.sql.catalyst.plans.logical.LogicalPlan.transformDownWithPruning(LogicalPlan.scala:37)
[2026-04-12T09:47:57.270+0000] {subprocess.py:106} INFO - 	at org.apache.spark.sql.catalyst.trees.TreeNode.transformDown(TreeNode.scala:446)
[2026-04-12T09:47:57.271+0000] {subprocess.py:106} INFO - 	at org.apache.spark.sql.execution.QueryExecution.eagerlyExecuteCommands(QueryExecution.scala:164)
[2026-04-12T09:47:57.271+0000] {subprocess.py:106} INFO - 	at org.apache.spark.sql.execution.QueryExecution.$anonfun$lazyCommandExecuted$1(QueryExecution.scala:126)
[2026-04-12T09:47:57.271+0000] {subprocess.py:106} INFO - 	at scala.util.Try$.apply(Try.scala:217)
[2026-04-12T09:47:57.272+0000] {subprocess.py:106} INFO - 	at org.apache.spark.util.Utils$.doTryWithCallerStacktrace(Utils.scala:1378)
[2026-04-12T09:47:57.272+0000] {subprocess.py:106} INFO - 	at org.apache.spark.util.LazyTry.tryT$lzycompute(LazyTry.scala:46)
[2026-04-12T09:47:57.272+0000] {subprocess.py:106} INFO - 	at org.apache.spark.util.LazyTry.tryT(LazyTry.scala:46)
[2026-04-12T09:47:57.273+0000] {subprocess.py:106} INFO - 	... 58 more
[2026-04-12T09:47:57.273+0000] {subprocess.py:106} INFO - 
[2026-04-12T09:47:57.273+0000] {subprocess.py:106} INFO -  SQLSTATE: 39000
[2026-04-12T09:47:57.274+0000] {subprocess.py:106} INFO - 	at org.apache.spark.sql.execution.streaming.sources.ForeachBatchSink.callBatchWriter(ForeachBatchSink.scala:60)
[2026-04-12T09:47:57.274+0000] {subprocess.py:106} INFO - 	at org.apache.spark.sql.execution.streaming.sources.ForeachBatchSink.addBatch(ForeachBatchSink.scala:49)
[2026-04-12T09:47:57.274+0000] {subprocess.py:106} INFO - 	at org.apache.spark.sql.execution.streaming.MicroBatchExecution.$anonfun$runBatch$17(MicroBatchExecution.scala:889)
[2026-04-12T09:47:57.275+0000] {subprocess.py:106} INFO - 	at org.apache.spark.sql.execution.SQLExecution$.$anonfun$withNewExecutionId0$8(SQLExecution.scala:163)
[2026-04-12T09:47:57.275+0000] {subprocess.py:106} INFO - 	at org.apache.spark.sql.execution.SQLExecution$.withSessionTagsApplied(SQLExecution.scala:272)
[2026-04-12T09:47:57.276+0000] {subprocess.py:106} INFO - 	at org.apache.spark.sql.execution.SQLExecution$.$anonfun$withNewExecutionId0$7(SQLExecution.scala:125)
[2026-04-12T09:47:57.276+0000] {subprocess.py:106} INFO - 	at org.apache.spark.JobArtifactSet$.withActiveJobArtifactState(JobArtifactSet.scala:94)
[2026-04-12T09:47:57.276+0000] {subprocess.py:106} INFO - 	at org.apache.spark.sql.artifact.ArtifactManager.$anonfun$withResources$1(ArtifactManager.scala:112)
[2026-04-12T09:47:57.277+0000] {subprocess.py:106} INFO - 	at org.apache.spark.sql.artifact.ArtifactManager.withClassLoaderIfNeeded(ArtifactManager.scala:106)
[2026-04-12T09:47:57.277+0000] {subprocess.py:106} INFO - 	at org.apache.spark.sql.artifact.ArtifactManager.withResources(ArtifactManager.scala:111)
[2026-04-12T09:47:57.277+0000] {subprocess.py:106} INFO - 	at org.apache.spark.sql.execution.SQLExecution$.$anonfun$withNewExecutionId0$6(SQLExecution.scala:125)
[2026-04-12T09:47:57.278+0000] {subprocess.py:106} INFO - 	at org.apache.spark.sql.execution.SQLExecution$.withSQLConfPropagated(SQLExecution.scala:295)
[2026-04-12T09:47:57.280+0000] {subprocess.py:106} INFO - 	at org.apache.spark.sql.execution.SQLExecution$.$anonfun$withNewExecutionId0$1(SQLExecution.scala:124)
[2026-04-12T09:47:57.281+0000] {subprocess.py:106} INFO - 	at org.apache.spark.sql.SparkSession.withActive(SparkSession.scala:804)
[2026-04-12T09:47:57.281+0000] {subprocess.py:106} INFO - 	at org.apache.spark.sql.execution.SQLExecution$.withNewExecutionId0(SQLExecution.scala:78)
[2026-04-12T09:47:57.282+0000] {subprocess.py:106} INFO - 	at org.apache.spark.sql.execution.SQLExecution$.withNewExecutionId(SQLExecution.scala:237)
[2026-04-12T09:47:57.282+0000] {subprocess.py:106} INFO - 	at org.apache.spark.sql.execution.streaming.MicroBatchExecution.$anonfun$runBatch$16(MicroBatchExecution.scala:886)
[2026-04-12T09:47:57.282+0000] {subprocess.py:106} INFO - 	at org.apache.spark.sql.execution.streaming.ProgressContext.reportTimeTaken(ProgressReporter.scala:186)
[2026-04-12T09:47:57.283+0000] {subprocess.py:106} INFO - 	at org.apache.spark.sql.execution.streaming.MicroBatchExecution.runBatch(MicroBatchExecution.scala:886)
[2026-04-12T09:47:57.283+0000] {subprocess.py:106} INFO - 	at org.apache.spark.sql.execution.streaming.MicroBatchExecution.$anonfun$executeOneBatch$2(MicroBatchExecution.scala:394)
[2026-04-12T09:47:57.284+0000] {subprocess.py:106} INFO - 	at scala.runtime.java8.JFunction0$mcV$sp.apply(JFunction0$mcV$sp.scala:18)
[2026-04-12T09:47:57.284+0000] {subprocess.py:106} INFO - 	at org.apache.spark.sql.execution.streaming.ProgressContext.reportTimeTaken(ProgressReporter.scala:186)
[2026-04-12T09:47:57.284+0000] {subprocess.py:106} INFO - 	at org.apache.spark.sql.execution.streaming.MicroBatchExecution.executeOneBatch(MicroBatchExecution.scala:364)
[2026-04-12T09:47:57.285+0000] {subprocess.py:106} INFO - 	at org.apache.spark.sql.execution.streaming.MicroBatchExecution.$anonfun$runActivatedStream$1(MicroBatchExecution.scala:344)
[2026-04-12T09:47:57.285+0000] {subprocess.py:106} INFO - 	at org.apache.spark.sql.execution.streaming.MicroBatchExecution.$anonfun$runActivatedStream$1$adapted(MicroBatchExecution.scala:344)
[2026-04-12T09:47:57.285+0000] {subprocess.py:106} INFO - 	at org.apache.spark.sql.execution.streaming.TriggerExecutor.runOneBatch(TriggerExecutor.scala:39)
[2026-04-12T09:47:57.285+0000] {subprocess.py:106} INFO - 	at org.apache.spark.sql.execution.streaming.TriggerExecutor.runOneBatch$(TriggerExecutor.scala:37)
[2026-04-12T09:47:57.286+0000] {subprocess.py:106} INFO - 	at org.apache.spark.sql.execution.streaming.ProcessingTimeExecutor.runOneBatch(TriggerExecutor.scala:70)
[2026-04-12T09:47:57.286+0000] {subprocess.py:106} INFO - 	at org.apache.spark.sql.execution.streaming.ProcessingTimeExecutor.execute(TriggerExecutor.scala:82)
[2026-04-12T09:47:57.286+0000] {subprocess.py:106} INFO - 	at org.apache.spark.sql.execution.streaming.MicroBatchExecution.runActivatedStream(MicroBatchExecution.scala:344)
[2026-04-12T09:47:57.287+0000] {subprocess.py:106} INFO - 	at org.apache.spark.sql.execution.streaming.StreamExecution.$anonfun$runStream$1(StreamExecution.scala:337)
[2026-04-12T09:47:57.287+0000] {subprocess.py:106} INFO - 	at scala.runtime.java8.JFunction0$mcV$sp.apply(JFunction0$mcV$sp.scala:18)
[2026-04-12T09:47:57.288+0000] {subprocess.py:106} INFO - 	at org.apache.spark.sql.SparkSession.withActive(SparkSession.scala:804)
[2026-04-12T09:47:57.288+0000] {subprocess.py:106} INFO - 	at org.apache.spark.sql.execution.streaming.StreamExecution.org$apache$spark$sql$execution$streaming$StreamExecution$$runStream(StreamExecution.scala:311)
[2026-04-12T09:47:57.288+0000] {subprocess.py:106} INFO - 	at org.apache.spark.sql.execution.streaming.StreamExecution$$anon$1.run(StreamExecution.scala:226)
[2026-04-12T09:47:57.289+0000] {subprocess.py:106} INFO - Caused by: py4j.Py4JException: An exception was raised by the Python Proxy. Return Message: Traceback (most recent call last):
[2026-04-12T09:47:57.289+0000] {subprocess.py:106} INFO -   File "/home/spark/spark/python/lib/py4j-0.10.9.9-src.zip/py4j/clientserver.py", line 644, in _call_proxy
[2026-04-12T09:47:57.289+0000] {subprocess.py:106} INFO -     return_value = getattr(self.pool[obj_id], method)(*params)
[2026-04-12T09:47:57.290+0000] {subprocess.py:106} INFO -   File "/home/spark/spark/python/lib/pyspark.zip/pyspark/sql/utils.py", line 165, in call
[2026-04-12T09:47:57.290+0000] {subprocess.py:106} INFO -     raise e
[2026-04-12T09:47:57.291+0000] {subprocess.py:106} INFO -   File "/home/spark/spark/python/lib/pyspark.zip/pyspark/sql/utils.py", line 162, in call
[2026-04-12T09:47:57.291+0000] {subprocess.py:106} INFO -     self.func(DataFrame(jdf, wrapped_session_jdf), batch_id)
[2026-04-12T09:47:57.291+0000] {subprocess.py:106} INFO -   File "/home/spark/spark/spark_jobs/weather_streaming.py", line 114, in write_to_bronze_and_silver
[2026-04-12T09:47:57.292+0000] {subprocess.py:106} INFO -     .save("hdfs://23133083thuyvan-master:9000/user/hive/lakehouse/bronze/raw_api")
[2026-04-12T09:47:57.292+0000] {subprocess.py:106} INFO -   File "/home/spark/spark/python/lib/pyspark.zip/pyspark/sql/readwriter.py", line 1745, in save
[2026-04-12T09:47:57.292+0000] {subprocess.py:106} INFO -     self._jwrite.save(path)
[2026-04-12T09:47:57.293+0000] {subprocess.py:106} INFO -   File "/home/spark/spark/python/lib/py4j-0.10.9.9-src.zip/py4j/java_gateway.py", line 1362, in __call__
[2026-04-12T09:47:57.293+0000] {subprocess.py:106} INFO -     return_value = get_return_value(
[2026-04-12T09:47:57.294+0000] {subprocess.py:106} INFO -   File "/home/spark/spark/python/lib/pyspark.zip/pyspark/errors/exceptions/captured.py", line 282, in deco
[2026-04-12T09:47:57.294+0000] {subprocess.py:106} INFO -     return f(*a, **kw)
[2026-04-12T09:47:57.294+0000] {subprocess.py:106} INFO -   File "/home/spark/spark/python/lib/py4j-0.10.9.9-src.zip/py4j/protocol.py", line 327, in get_return_value
[2026-04-12T09:47:57.295+0000] {subprocess.py:106} INFO -     raise Py4JJavaError(
[2026-04-12T09:47:57.295+0000] {subprocess.py:106} INFO - py4j.protocol.Py4JJavaError: An error occurred while calling o104.save.
[2026-04-12T09:47:57.296+0000] {subprocess.py:106} INFO - : org.apache.hadoop.security.AccessControlException: Permission denied: user=spark, access=WRITE, inode="/user/hive/lakehouse/bronze":hadoop23133083thuyvan:supergroup:drwxr-xr-x
[2026-04-12T09:47:57.296+0000] {subprocess.py:106} INFO - 	at org.apache.hadoop.hdfs.server.namenode.FSPermissionChecker.check(FSPermissionChecker.java:661)
[2026-04-12T09:47:57.296+0000] {subprocess.py:106} INFO - 	at org.apache.hadoop.hdfs.server.namenode.FSPermissionChecker.checkPermission(FSPermissionChecker.java:501)
[2026-04-12T09:47:57.297+0000] {subprocess.py:106} INFO - 	at org.apache.hadoop.hdfs.server.namenode.FSPermissionChecker.checkPermissionWithContext(FSPermissionChecker.java:525)
[2026-04-12T09:47:57.297+0000] {subprocess.py:106} INFO - 	at org.apache.hadoop.hdfs.server.namenode.FSPermissionChecker.checkPermission(FSPermissionChecker.java:395)
[2026-04-12T09:47:57.297+0000] {subprocess.py:106} INFO - 	at org.apache.hadoop.hdfs.server.namenode.FSDirectory.checkPermission(FSDirectory.java:1964)
[2026-04-12T09:47:57.298+0000] {subprocess.py:106} INFO - 	at org.apache.hadoop.hdfs.server.namenode.FSDirectory.checkPermission(FSDirectory.java:1945)
[2026-04-12T09:47:57.298+0000] {subprocess.py:106} INFO - 	at org.apache.hadoop.hdfs.server.namenode.FSDirectory.checkAncestorAccess(FSDirectory.java:1904)
[2026-04-12T09:47:57.298+0000] {subprocess.py:106} INFO - 	at org.apache.hadoop.hdfs.server.namenode.FSDirMkdirOp.mkdirs(FSDirMkdirOp.java:60)
[2026-04-12T09:47:57.299+0000] {subprocess.py:106} INFO - 	at org.apache.hadoop.hdfs.server.namenode.FSNamesystem.mkdirs(FSNamesystem.java:3531)
[2026-04-12T09:47:57.299+0000] {subprocess.py:106} INFO - 	at org.apache.hadoop.hdfs.server.namenode.NameNodeRpcServer.mkdirs(NameNodeRpcServer.java:1173)
[2026-04-12T09:47:57.299+0000] {subprocess.py:106} INFO - 	at org.apache.hadoop.hdfs.protocolPB.ClientNamenodeProtocolServerSideTranslatorPB.mkdirs(ClientNamenodeProtocolServerSideTranslatorPB.java:750)
[2026-04-12T09:47:57.300+0000] {subprocess.py:106} INFO - 	at org.apache.hadoop.hdfs.protocol.proto.ClientNamenodeProtocolProtos$ClientNamenodeProtocol$2.callBlockingMethod(ClientNamenodeProtocolProtos.java)
[2026-04-12T09:47:57.300+0000] {subprocess.py:106} INFO - 	at org.apache.hadoop.ipc.ProtobufRpcEngine2$Server$ProtoBufRpcInvoker.call(ProtobufRpcEngine2.java:621)
[2026-04-12T09:47:57.300+0000] {subprocess.py:106} INFO - 	at org.apache.hadoop.ipc.ProtobufRpcEngine2$Server$ProtoBufRpcInvoker.call(ProtobufRpcEngine2.java:589)
[2026-04-12T09:47:57.301+0000] {subprocess.py:106} INFO - 	at org.apache.hadoop.ipc.ProtobufRpcEngine2$Server$ProtoBufRpcInvoker.call(ProtobufRpcEngine2.java:573)
[2026-04-12T09:47:57.301+0000] {subprocess.py:106} INFO - 	at org.apache.hadoop.ipc.RPC$Server.call(RPC.java:1227)
[2026-04-12T09:47:57.301+0000] {subprocess.py:106} INFO - 	at org.apache.hadoop.ipc.Server$RpcCall.run(Server.java:1246)
[2026-04-12T09:47:57.302+0000] {subprocess.py:106} INFO - 	at org.apache.hadoop.ipc.Server$RpcCall.run(Server.java:1169)
[2026-04-12T09:47:57.302+0000] {subprocess.py:106} INFO - 	at java.base/java.security.AccessController.doPrivileged(Native Method)
[2026-04-12T09:47:57.302+0000] {subprocess.py:106} INFO - 	at java.base/javax.security.auth.Subject.doAs(Subject.java:423)
[2026-04-12T09:47:57.303+0000] {subprocess.py:106} INFO - 	at org.apache.hadoop.security.UserGroupInformation.doAs(UserGroupInformation.java:1953)
[2026-04-12T09:47:57.303+0000] {subprocess.py:106} INFO - 	at org.apache.hadoop.ipc.Server$Handler.run(Server.java:3198)
[2026-04-12T09:47:57.303+0000] {subprocess.py:106} INFO - 
[2026-04-12T09:47:57.304+0000] {subprocess.py:106} INFO - 	at java.base/jdk.internal.reflect.NativeConstructorAccessorImpl.newInstance0(Native Method)
[2026-04-12T09:47:57.304+0000] {subprocess.py:106} INFO - 	at java.base/jdk.internal.reflect.NativeConstructorAccessorImpl.newInstance(NativeConstructorAccessorImpl.java:75)
[2026-04-12T09:47:57.305+0000] {subprocess.py:106} INFO - 	at java.base/jdk.internal.reflect.DelegatingConstructorAccessorImpl.newInstance(DelegatingConstructorAccessorImpl.java:53)
[2026-04-12T09:47:57.305+0000] {subprocess.py:106} INFO - 	at java.base/java.lang.reflect.Constructor.newInstanceWithCaller(Constructor.java:502)
[2026-04-12T09:47:57.305+0000] {subprocess.py:106} INFO - 	at java.base/java.lang.reflect.Constructor.newInstance(Constructor.java:486)
[2026-04-12T09:47:57.306+0000] {subprocess.py:106} INFO - 	at org.apache.hadoop.ipc.RemoteException.instantiateException(RemoteException.java:121)
[2026-04-12T09:47:57.306+0000] {subprocess.py:106} INFO - 	at org.apache.hadoop.ipc.RemoteException.unwrapRemoteException(RemoteException.java:88)
[2026-04-12T09:47:57.306+0000] {subprocess.py:106} INFO - 	at org.apache.hadoop.hdfs.DFSClient.primitiveMkdir(DFSClient.java:2557)
[2026-04-12T09:47:57.307+0000] {subprocess.py:106} INFO - 	at org.apache.hadoop.hdfs.DFSClient.mkdirs(DFSClient.java:2531)
[2026-04-12T09:47:57.307+0000] {subprocess.py:106} INFO - 	at org.apache.hadoop.hdfs.DistributedFileSystem$27.doCall(DistributedFileSystem.java:1497)
[2026-04-12T09:47:57.307+0000] {subprocess.py:106} INFO - 	at org.apache.hadoop.hdfs.DistributedFileSystem$27.doCall(DistributedFileSystem.java:1494)
[2026-04-12T09:47:57.308+0000] {subprocess.py:106} INFO - 	at org.apache.hadoop.fs.FileSystemLinkResolver.resolve(FileSystemLinkResolver.java:81)
[2026-04-12T09:47:57.308+0000] {subprocess.py:106} INFO - 	at org.apache.hadoop.hdfs.DistributedFileSystem.mkdirsInternal(DistributedFileSystem.java:1511)
[2026-04-12T09:47:57.308+0000] {subprocess.py:106} INFO - 	at org.apache.hadoop.hdfs.DistributedFileSystem.mkdirs(DistributedFileSystem.java:1486)
[2026-04-12T09:47:57.309+0000] {subprocess.py:106} INFO - 	at org.apache.hadoop.fs.FileSystem.mkdirs(FileSystem.java:2496)
[2026-04-12T09:47:57.309+0000] {subprocess.py:106} INFO - 	at org.apache.hadoop.mapreduce.lib.output.FileOutputCommitter.setupJob(FileOutputCommitter.java:356)
[2026-04-12T09:47:57.309+0000] {subprocess.py:106} INFO - 	at org.apache.spark.internal.io.HadoopMapReduceCommitProtocol.setupJob(HadoopMapReduceCommitProtocol.scala:190)
[2026-04-12T09:47:57.310+0000] {subprocess.py:106} INFO - 	at org.apache.spark.sql.execution.datasources.FileFormatWriter$.writeAndCommit(FileFormatWriter.scala:268)
[2026-04-12T09:47:57.310+0000] {subprocess.py:106} INFO - 	at org.apache.spark.sql.execution.datasources.FileFormatWriter$.executeWrite(FileFormatWriter.scala:306)
[2026-04-12T09:47:57.310+0000] {subprocess.py:106} INFO - 	at org.apache.spark.sql.execution.datasources.FileFormatWriter$.write(FileFormatWriter.scala:189)
[2026-04-12T09:47:57.311+0000] {subprocess.py:106} INFO - 	at org.apache.spark.sql.execution.datasources.InsertIntoHadoopFsRelationCommand.run(InsertIntoHadoopFsRelationCommand.scala:195)
[2026-04-12T09:47:57.311+0000] {subprocess.py:106} INFO - 	at org.apache.spark.sql.execution.command.DataWritingCommandExec.sideEffectResult$lzycompute(commands.scala:117)
[2026-04-12T09:47:57.312+0000] {subprocess.py:106} INFO - 	at org.apache.spark.sql.execution.command.DataWritingCommandExec.sideEffectResult(commands.scala:115)
[2026-04-12T09:47:57.312+0000] {subprocess.py:106} INFO - 	at org.apache.spark.sql.execution.command.DataWritingCommandExec.executeCollect(commands.scala:129)
[2026-04-12T09:47:57.312+0000] {subprocess.py:106} INFO - 	at org.apache.spark.sql.execution.QueryExecution.$anonfun$eagerlyExecuteCommands$2(QueryExecution.scala:155)
[2026-04-12T09:47:57.313+0000] {subprocess.py:106} INFO - 	at org.apache.spark.sql.execution.SQLExecution$.$anonfun$withNewExecutionId0$8(SQLExecution.scala:163)
[2026-04-12T09:47:57.313+0000] {subprocess.py:106} INFO - 	at org.apache.spark.sql.execution.SQLExecution$.withSessionTagsApplied(SQLExecution.scala:272)
[2026-04-12T09:47:57.313+0000] {subprocess.py:106} INFO - 	at org.apache.spark.sql.execution.SQLExecution$.$anonfun$withNewExecutionId0$7(SQLExecution.scala:125)
[2026-04-12T09:47:57.314+0000] {subprocess.py:106} INFO - 	at org.apache.spark.JobArtifactSet$.withActiveJobArtifactState(JobArtifactSet.scala:94)
[2026-04-12T09:47:57.314+0000] {subprocess.py:106} INFO - 	at org.apache.spark.sql.artifact.ArtifactManager.$anonfun$withResources$1(ArtifactManager.scala:112)
[2026-04-12T09:47:57.314+0000] {subprocess.py:106} INFO - 	at org.apache.spark.sql.artifact.ArtifactManager.withClassLoaderIfNeeded(ArtifactManager.scala:106)
[2026-04-12T09:47:57.315+0000] {subprocess.py:106} INFO - 	at org.apache.spark.sql.artifact.ArtifactManager.withResources(ArtifactManager.scala:111)
[2026-04-12T09:47:57.315+0000] {subprocess.py:106} INFO - 	at org.apache.spark.sql.execution.SQLExecution$.$anonfun$withNewExecutionId0$6(SQLExecution.scala:125)
[2026-04-12T09:47:57.316+0000] {subprocess.py:106} INFO - 	at org.apache.spark.sql.execution.SQLExecution$.withSQLConfPropagated(SQLExecution.scala:295)
[2026-04-12T09:47:57.316+0000] {subprocess.py:106} INFO - 	at org.apache.spark.sql.execution.SQLExecution$.$anonfun$withNewExecutionId0$1(SQLExecution.scala:124)
[2026-04-12T09:47:57.316+0000] {subprocess.py:106} INFO - 	at org.apache.spark.sql.SparkSession.withActive(SparkSession.scala:804)
[2026-04-12T09:47:57.317+0000] {subprocess.py:106} INFO - 	at org.apache.spark.sql.execution.SQLExecution$.withNewExecutionId0(SQLExecution.scala:78)
[2026-04-12T09:47:57.317+0000] {subprocess.py:106} INFO - 	at org.apache.spark.sql.execution.SQLExecution$.withNewExecutionId(SQLExecution.scala:237)
[2026-04-12T09:47:57.317+0000] {subprocess.py:106} INFO - 	at org.apache.spark.sql.execution.QueryExecution.$anonfun$eagerlyExecuteCommands$1(QueryExecution.scala:155)
[2026-04-12T09:47:57.318+0000] {subprocess.py:106} INFO - 	at org.apache.spark.sql.execution.QueryExecution$.withInternalError(QueryExecution.scala:654)
[2026-04-12T09:47:57.318+0000] {subprocess.py:106} INFO - 	at org.apache.spark.sql.execution.QueryExecution.org$apache$spark$sql$execution$QueryExecution$$eagerlyExecute$1(QueryExecution.scala:154)
[2026-04-12T09:47:57.318+0000] {subprocess.py:106} INFO - 	at org.apache.spark.sql.execution.QueryExecution$$anonfun$eagerlyExecuteCommands$3.applyOrElse(QueryExecution.scala:169)
[2026-04-12T09:47:57.319+0000] {subprocess.py:106} INFO - 	at org.apache.spark.sql.execution.QueryExecution$$anonfun$eagerlyExecuteCommands$3.applyOrElse(QueryExecution.scala:164)
[2026-04-12T09:47:57.319+0000] {subprocess.py:106} INFO - 	at org.apache.spark.sql.catalyst.trees.TreeNode.$anonfun$transformDownWithPruning$1(TreeNode.scala:470)
[2026-04-12T09:47:57.320+0000] {subprocess.py:106} INFO - 	at org.apache.spark.sql.catalyst.trees.CurrentOrigin$.withOrigin(origin.scala:86)
[2026-04-12T09:47:57.320+0000] {subprocess.py:106} INFO - 	at org.apache.spark.sql.catalyst.trees.TreeNode.transformDownWithPruning(TreeNode.scala:470)
[2026-04-12T09:47:57.320+0000] {subprocess.py:106} INFO - 	at org.apache.spark.sql.catalyst.plans.logical.LogicalPlan.org$apache$spark$sql$catalyst$plans$logical$AnalysisHelper$$super$transformDownWithPruning(LogicalPlan.scala:37)
[2026-04-12T09:47:57.321+0000] {subprocess.py:106} INFO - 	at org.apache.spark.sql.catalyst.plans.logical.AnalysisHelper.transformDownWithPruning(AnalysisHelper.scala:360)
[2026-04-12T09:47:57.321+0000] {subprocess.py:106} INFO - 	at org.apache.spark.sql.catalyst.plans.logical.AnalysisHelper.transformDownWithPruning$(AnalysisHelper.scala:356)
[2026-04-12T09:47:57.321+0000] {subprocess.py:106} INFO - 	at org.apache.spark.sql.catalyst.plans.logical.LogicalPlan.transformDownWithPruning(LogicalPlan.scala:37)
[2026-04-12T09:47:57.322+0000] {subprocess.py:106} INFO - 	at org.apache.spark.sql.catalyst.plans.logical.LogicalPlan.transformDownWithPruning(LogicalPlan.scala:37)
[2026-04-12T09:47:57.322+0000] {subprocess.py:106} INFO - 	at org.apache.spark.sql.catalyst.trees.TreeNode.transformDown(TreeNode.scala:446)
[2026-04-12T09:47:57.322+0000] {subprocess.py:106} INFO - 	at org.apache.spark.sql.execution.QueryExecution.eagerlyExecuteCommands(QueryExecution.scala:164)
[2026-04-12T09:47:57.323+0000] {subprocess.py:106} INFO - 	at org.apache.spark.sql.execution.QueryExecution.$anonfun$lazyCommandExecuted$1(QueryExecution.scala:126)
[2026-04-12T09:47:57.323+0000] {subprocess.py:106} INFO - 	at scala.util.Try$.apply(Try.scala:217)
[2026-04-12T09:47:57.323+0000] {subprocess.py:106} INFO - 	at org.apache.spark.util.Utils$.doTryWithCallerStacktrace(Utils.scala:1378)
[2026-04-12T09:47:57.324+0000] {subprocess.py:106} INFO - 	at org.apache.spark.util.Utils$.getTryWithCallerStacktrace(Utils.scala:1439)
[2026-04-12T09:47:57.324+0000] {subprocess.py:106} INFO - 	at org.apache.spark.util.LazyTry.get(LazyTry.scala:58)
[2026-04-12T09:47:57.324+0000] {subprocess.py:106} INFO - 	at org.apache.spark.sql.execution.QueryExecution.commandExecuted(QueryExecution.scala:131)
[2026-04-12T09:47:57.325+0000] {subprocess.py:106} INFO - 	at org.apache.spark.sql.execution.QueryExecution.assertCommandExecuted(QueryExecution.scala:192)
[2026-04-12T09:47:57.325+0000] {subprocess.py:106} INFO - 	at org.apache.spark.sql.classic.DataFrameWriter.runCommand(DataFrameWriter.scala:622)
[2026-04-12T09:47:57.326+0000] {subprocess.py:106} INFO - 	at org.apache.spark.sql.classic.DataFrameWriter.saveToV1Source(DataFrameWriter.scala:273)
[2026-04-12T09:47:57.327+0000] {subprocess.py:106} INFO - 	at org.apache.spark.sql.classic.DataFrameWriter.saveInternal(DataFrameWriter.scala:241)
[2026-04-12T09:47:57.327+0000] {subprocess.py:106} INFO - 	at org.apache.spark.sql.classic.DataFrameWriter.save(DataFrameWriter.scala:118)
[2026-04-12T09:47:57.328+0000] {subprocess.py:106} INFO - 	at java.base/jdk.internal.reflect.NativeMethodAccessorImpl.invoke0(Native Method)
[2026-04-12T09:47:57.328+0000] {subprocess.py:106} INFO - 	at java.base/jdk.internal.reflect.NativeMethodAccessorImpl.invoke(NativeMethodAccessorImpl.java:75)
[2026-04-12T09:47:57.330+0000] {subprocess.py:106} INFO - 	at java.base/jdk.internal.reflect.DelegatingMethodAccessorImpl.invoke(DelegatingMethodAccessorImpl.java:52)
[2026-04-12T09:47:57.331+0000] {subprocess.py:106} INFO - 	at java.base/java.lang.reflect.Method.invoke(Method.java:580)
[2026-04-12T09:47:57.331+0000] {subprocess.py:106} INFO - 	at py4j.reflection.MethodInvoker.invoke(MethodInvoker.java:244)
[2026-04-12T09:47:57.332+0000] {subprocess.py:106} INFO - 	at py4j.reflection.ReflectionEngine.invoke(ReflectionEngine.java:374)
[2026-04-12T09:47:57.332+0000] {subprocess.py:106} INFO - 	at py4j.Gateway.invoke(Gateway.java:282)
[2026-04-12T09:47:57.333+0000] {subprocess.py:106} INFO - 	at py4j.commands.AbstractCommand.invokeMethod(AbstractCommand.java:132)
[2026-04-12T09:47:57.333+0000] {subprocess.py:106} INFO - 	at py4j.commands.CallCommand.execute(CallCommand.java:79)
[2026-04-12T09:47:57.333+0000] {subprocess.py:106} INFO - 	at py4j.ClientServerConnection.sendCommand(ClientServerConnection.java:246)
[2026-04-12T09:47:57.334+0000] {subprocess.py:106} INFO - 	at py4j.CallbackClient.sendCommand(CallbackClient.java:384)
[2026-04-12T09:47:57.334+0000] {subprocess.py:106} INFO - 	at py4j.CallbackClient.sendCommand(CallbackClient.java:356)
[2026-04-12T09:47:57.335+0000] {subprocess.py:106} INFO - 	at py4j.reflection.PythonProxyHandler.invoke(PythonProxyHandler.java:106)
[2026-04-12T09:47:57.335+0000] {subprocess.py:106} INFO - 	at jdk.proxy3/jdk.proxy3.$Proxy49.call(Unknown Source)
[2026-04-12T09:47:57.335+0000] {subprocess.py:106} INFO - 	at org.apache.spark.sql.execution.streaming.sources.PythonForeachBatchHelper$.$anonfun$callForeachBatch$1(ForeachBatchSink.scala:87)
[2026-04-12T09:47:57.336+0000] {subprocess.py:106} INFO - 	at org.apache.spark.sql.execution.streaming.sources.PythonForeachBatchHelper$.$anonfun$callForeachBatch$1$adapted(ForeachBatchSink.scala:87)
[2026-04-12T09:47:57.336+0000] {subprocess.py:106} INFO - 	at org.apache.spark.sql.execution.streaming.sources.ForeachBatchSink.callBatchWriter(ForeachBatchSink.scala:56)
[2026-04-12T09:47:57.336+0000] {subprocess.py:106} INFO - 	at org.apache.spark.sql.execution.streaming.sources.ForeachBatchSink.addBatch(ForeachBatchSink.scala:49)
[2026-04-12T09:47:57.337+0000] {subprocess.py:106} INFO - 	at org.apache.spark.sql.execution.streaming.MicroBatchExecution.$anonfun$runBatch$17(MicroBatchExecution.scala:889)
[2026-04-12T09:47:57.337+0000] {subprocess.py:106} INFO - 	at org.apache.spark.sql.execution.SQLExecution$.$anonfun$withNewExecutionId0$8(SQLExecution.scala:163)
[2026-04-12T09:47:57.337+0000] {subprocess.py:106} INFO - 	at org.apache.spark.sql.execution.SQLExecution$.withSessionTagsApplied(SQLExecution.scala:272)
[2026-04-12T09:47:57.338+0000] {subprocess.py:106} INFO - 	at org.apache.spark.sql.execution.SQLExecution$.$anonfun$withNewExecutionId0$7(SQLExecution.scala:125)
[2026-04-12T09:47:57.338+0000] {subprocess.py:106} INFO - 	at org.apache.spark.JobArtifactSet$.withActiveJobArtifactState(JobArtifactSet.scala:94)
[2026-04-12T09:47:57.339+0000] {subprocess.py:106} INFO - 	at org.apache.spark.sql.artifact.ArtifactManager.$anonfun$withResources$1(ArtifactManager.scala:112)
[2026-04-12T09:47:57.339+0000] {subprocess.py:106} INFO - 	at org.apache.spark.sql.artifact.ArtifactManager.withClassLoaderIfNeeded(ArtifactManager.scala:106)
[2026-04-12T09:47:57.339+0000] {subprocess.py:106} INFO - 	at org.apache.spark.sql.artifact.ArtifactManager.withResources(ArtifactManager.scala:111)
[2026-04-12T09:47:57.340+0000] {subprocess.py:106} INFO - 	at org.apache.spark.sql.execution.SQLExecution$.$anonfun$withNewExecutionId0$6(SQLExecution.scala:125)
[2026-04-12T09:47:57.340+0000] {subprocess.py:106} INFO - 	at org.apache.spark.sql.execution.SQLExecution$.withSQLConfPropagated(SQLExecution.scala:295)
[2026-04-12T09:47:57.341+0000] {subprocess.py:106} INFO - 	at org.apache.spark.sql.execution.SQLExecution$.$anonfun$withNewExecutionId0$1(SQLExecution.scala:124)
[2026-04-12T09:47:57.341+0000] {subprocess.py:106} INFO - 	at org.apache.spark.sql.SparkSession.withActive(SparkSession.scala:804)
[2026-04-12T09:47:57.342+0000] {subprocess.py:106} INFO - 	at org.apache.spark.sql.execution.SQLExecution$.withNewExecutionId0(SQLExecution.scala:78)
[2026-04-12T09:47:57.342+0000] {subprocess.py:106} INFO - 	at org.apache.spark.sql.execution.SQLExecution$.withNewExecutionId(SQLExecution.scala:237)
[2026-04-12T09:47:57.342+0000] {subprocess.py:106} INFO - 	at org.apache.spark.sql.execution.streaming.MicroBatchExecution.$anonfun$runBatch$16(MicroBatchExecution.scala:886)
[2026-04-12T09:47:57.343+0000] {subprocess.py:106} INFO - 	at org.apache.spark.sql.execution.streaming.ProgressContext.reportTimeTaken(ProgressReporter.scala:186)
[2026-04-12T09:47:57.343+0000] {subprocess.py:106} INFO - 	at org.apache.spark.sql.execution.streaming.MicroBatchExecution.runBatch(MicroBatchExecution.scala:886)
[2026-04-12T09:47:57.343+0000] {subprocess.py:106} INFO - 	at org.apache.spark.sql.execution.streaming.MicroBatchExecution.$anonfun$executeOneBatch$2(MicroBatchExecution.scala:394)
[2026-04-12T09:47:57.344+0000] {subprocess.py:106} INFO - 	at scala.runtime.java8.JFunction0$mcV$sp.apply(JFunction0$mcV$sp.scala:18)
[2026-04-12T09:47:57.344+0000] {subprocess.py:106} INFO - 	at org.apache.spark.sql.execution.streaming.ProgressContext.reportTimeTaken(ProgressReporter.scala:186)
[2026-04-12T09:47:57.345+0000] {subprocess.py:106} INFO - 	at org.apache.spark.sql.execution.streaming.MicroBatchExecution.executeOneBatch(MicroBatchExecution.scala:364)
[2026-04-12T09:47:57.345+0000] {subprocess.py:106} INFO - 	at org.apache.spark.sql.execution.streaming.MicroBatchExecution.$anonfun$runActivatedStream$1(MicroBatchExecution.scala:344)
[2026-04-12T09:47:57.345+0000] {subprocess.py:106} INFO - 	at org.apache.spark.sql.execution.streaming.MicroBatchExecution.$anonfun$runActivatedStream$1$adapted(MicroBatchExecution.scala:344)
[2026-04-12T09:47:57.346+0000] {subprocess.py:106} INFO - 	at org.apache.spark.sql.execution.streaming.TriggerExecutor.runOneBatch(TriggerExecutor.scala:39)
[2026-04-12T09:47:57.346+0000] {subprocess.py:106} INFO - 	at org.apache.spark.sql.execution.streaming.TriggerExecutor.runOneBatch$(TriggerExecutor.scala:37)
[2026-04-12T09:47:57.347+0000] {subprocess.py:106} INFO - 	at org.apache.spark.sql.execution.streaming.ProcessingTimeExecutor.runOneBatch(TriggerExecutor.scala:70)
[2026-04-12T09:47:57.347+0000] {subprocess.py:106} INFO - 	at org.apache.spark.sql.execution.streaming.ProcessingTimeExecutor.execute(TriggerExecutor.scala:82)
[2026-04-12T09:47:57.348+0000] {subprocess.py:106} INFO - 	at org.apache.spark.sql.execution.streaming.MicroBatchExecution.runActivatedStream(MicroBatchExecution.scala:344)
[2026-04-12T09:47:57.348+0000] {subprocess.py:106} INFO - 	at org.apache.spark.sql.execution.streaming.StreamExecution.$anonfun$runStream$1(StreamExecution.scala:337)
[2026-04-12T09:47:57.348+0000] {subprocess.py:106} INFO - 	at scala.runtime.java8.JFunction0$mcV$sp.apply(JFunction0$mcV$sp.scala:18)
[2026-04-12T09:47:57.349+0000] {subprocess.py:106} INFO - 	at org.apache.spark.sql.SparkSession.withActive(SparkSession.scala:804)
[2026-04-12T09:47:57.349+0000] {subprocess.py:106} INFO - 	at org.apache.spark.sql.execution.streaming.StreamExecution.org$apache$spark$sql$execution$streaming$StreamExecution$$runStream(StreamExecution.scala:311)
[2026-04-12T09:47:57.350+0000] {subprocess.py:106} INFO - 	at org.apache.spark.sql.execution.streaming.StreamExecution$$anon$1.run(StreamExecution.scala:226)
[2026-04-12T09:47:57.350+0000] {subprocess.py:106} INFO - 	Suppressed: org.apache.spark.util.Utils$OriginalTryStackTraceException: Full stacktrace of original doTryWithCallerStacktrace caller
[2026-04-12T09:47:57.351+0000] {subprocess.py:106} INFO - 		at java.base/jdk.internal.reflect.NativeConstructorAccessorImpl.newInstance0(Native Method)
[2026-04-12T09:47:57.351+0000] {subprocess.py:106} INFO - 		at java.base/jdk.internal.reflect.NativeConstructorAccessorImpl.newInstance(NativeConstructorAccessorImpl.java:75)
[2026-04-12T09:47:57.351+0000] {subprocess.py:106} INFO - 		at java.base/jdk.internal.reflect.DelegatingConstructorAccessorImpl.newInstance(DelegatingConstructorAccessorImpl.java:53)
[2026-04-12T09:47:57.352+0000] {subprocess.py:106} INFO - 		at java.base/java.lang.reflect.Constructor.newInstanceWithCaller(Constructor.java:502)
[2026-04-12T09:47:57.352+0000] {subprocess.py:106} INFO - 		at java.base/java.lang.reflect.Constructor.newInstance(Constructor.java:486)
[2026-04-12T09:47:57.353+0000] {subprocess.py:106} INFO - 		at org.apache.hadoop.ipc.RemoteException.instantiateException(RemoteException.java:121)
[2026-04-12T09:47:57.354+0000] {subprocess.py:106} INFO - 		at org.apache.hadoop.ipc.RemoteException.unwrapRemoteException(RemoteException.java:88)
[2026-04-12T09:47:57.355+0000] {subprocess.py:106} INFO - 		at org.apache.hadoop.hdfs.DFSClient.primitiveMkdir(DFSClient.java:2557)
[2026-04-12T09:47:57.355+0000] {subprocess.py:106} INFO - 		at org.apache.hadoop.hdfs.DFSClient.mkdirs(DFSClient.java:2531)
[2026-04-12T09:47:57.355+0000] {subprocess.py:106} INFO - 		at org.apache.hadoop.hdfs.DistributedFileSystem$27.doCall(DistributedFileSystem.java:1497)
[2026-04-12T09:47:57.356+0000] {subprocess.py:106} INFO - 		at org.apache.hadoop.hdfs.DistributedFileSystem$27.doCall(DistributedFileSystem.java:1494)
[2026-04-12T09:47:57.356+0000] {subprocess.py:106} INFO - 		at org.apache.hadoop.fs.FileSystemLinkResolver.resolve(FileSystemLinkResolver.java:81)
[2026-04-12T09:47:57.357+0000] {subprocess.py:106} INFO - 		at org.apache.hadoop.hdfs.DistributedFileSystem.mkdirsInternal(DistributedFileSystem.java:1511)
[2026-04-12T09:47:57.357+0000] {subprocess.py:106} INFO - 		at org.apache.hadoop.hdfs.DistributedFileSystem.mkdirs(DistributedFileSystem.java:1486)
[2026-04-12T09:47:57.358+0000] {subprocess.py:106} INFO - 		at org.apache.hadoop.fs.FileSystem.mkdirs(FileSystem.java:2496)
[2026-04-12T09:47:57.358+0000] {subprocess.py:106} INFO - 		at org.apache.hadoop.mapreduce.lib.output.FileOutputCommitter.setupJob(FileOutputCommitter.java:356)
[2026-04-12T09:47:57.359+0000] {subprocess.py:106} INFO - 		at org.apache.spark.internal.io.HadoopMapReduceCommitProtocol.setupJob(HadoopMapReduceCommitProtocol.scala:190)
[2026-04-12T09:47:57.359+0000] {subprocess.py:106} INFO - 		at org.apache.spark.sql.execution.datasources.FileFormatWriter$.writeAndCommit(FileFormatWriter.scala:268)
[2026-04-12T09:47:57.360+0000] {subprocess.py:106} INFO - 		at org.apache.spark.sql.execution.datasources.FileFormatWriter$.executeWrite(FileFormatWriter.scala:306)
[2026-04-12T09:47:57.360+0000] {subprocess.py:106} INFO - 		at org.apache.spark.sql.execution.datasources.FileFormatWriter$.write(FileFormatWriter.scala:189)
[2026-04-12T09:47:57.361+0000] {subprocess.py:106} INFO - 		at org.apache.spark.sql.execution.datasources.InsertIntoHadoopFsRelationCommand.run(InsertIntoHadoopFsRelationCommand.scala:195)
[2026-04-12T09:47:57.361+0000] {subprocess.py:106} INFO - 		at org.apache.spark.sql.execution.command.DataWritingCommandExec.sideEffectResult$lzycompute(commands.scala:117)
[2026-04-12T09:47:57.362+0000] {subprocess.py:106} INFO - 		at org.apache.spark.sql.execution.command.DataWritingCommandExec.sideEffectResult(commands.scala:115)
[2026-04-12T09:47:57.363+0000] {subprocess.py:106} INFO - 		at org.apache.spark.sql.execution.command.DataWritingCommandExec.executeCollect(commands.scala:129)
[2026-04-12T09:47:57.363+0000] {subprocess.py:106} INFO - 		at org.apache.spark.sql.execution.QueryExecution.$anonfun$eagerlyExecuteCommands$2(QueryExecution.scala:155)
[2026-04-12T09:47:57.364+0000] {subprocess.py:106} INFO - 		at org.apache.spark.sql.execution.SQLExecution$.$anonfun$withNewExecutionId0$8(SQLExecution.scala:163)
[2026-04-12T09:47:57.364+0000] {subprocess.py:106} INFO - 		at org.apache.spark.sql.execution.SQLExecution$.withSessionTagsApplied(SQLExecution.scala:272)
[2026-04-12T09:47:57.364+0000] {subprocess.py:106} INFO - 		at org.apache.spark.sql.execution.SQLExecution$.$anonfun$withNewExecutionId0$7(SQLExecution.scala:125)
[2026-04-12T09:47:57.365+0000] {subprocess.py:106} INFO - 		at org.apache.spark.JobArtifactSet$.withActiveJobArtifactState(JobArtifactSet.scala:94)
[2026-04-12T09:47:57.365+0000] {subprocess.py:106} INFO - 		at org.apache.spark.sql.artifact.ArtifactManager.$anonfun$withResources$1(ArtifactManager.scala:112)
[2026-04-12T09:47:57.366+0000] {subprocess.py:106} INFO - 		at org.apache.spark.sql.artifact.ArtifactManager.withClassLoaderIfNeeded(ArtifactManager.scala:106)
[2026-04-12T09:47:57.366+0000] {subprocess.py:106} INFO - 		at org.apache.spark.sql.artifact.ArtifactManager.withResources(ArtifactManager.scala:111)
[2026-04-12T09:47:57.367+0000] {subprocess.py:106} INFO - 		at org.apache.spark.sql.execution.SQLExecution$.$anonfun$withNewExecutionId0$6(SQLExecution.scala:125)
[2026-04-12T09:47:57.367+0000] {subprocess.py:106} INFO - 		at org.apache.spark.sql.execution.SQLExecution$.withSQLConfPropagated(SQLExecution.scala:295)
[2026-04-12T09:47:57.368+0000] {subprocess.py:106} INFO - 		at org.apache.spark.sql.execution.SQLExecution$.$anonfun$withNewExecutionId0$1(SQLExecution.scala:124)
[2026-04-12T09:47:57.368+0000] {subprocess.py:106} INFO - 		at org.apache.spark.sql.SparkSession.withActive(SparkSession.scala:804)
[2026-04-12T09:47:57.369+0000] {subprocess.py:106} INFO - 		at org.apache.spark.sql.execution.SQLExecution$.withNewExecutionId0(SQLExecution.scala:78)
[2026-04-12T09:47:57.369+0000] {subprocess.py:106} INFO - 		at org.apache.spark.sql.execution.SQLExecution$.withNewExecutionId(SQLExecution.scala:237)
[2026-04-12T09:47:57.370+0000] {subprocess.py:106} INFO - 		at org.apache.spark.sql.execution.QueryExecution.$anonfun$eagerlyExecuteCommands$1(QueryExecution.scala:155)
[2026-04-12T09:47:57.370+0000] {subprocess.py:106} INFO - 		at org.apache.spark.sql.execution.QueryExecution$.withInternalError(QueryExecution.scala:654)
[2026-04-12T09:47:57.370+0000] {subprocess.py:106} INFO - 		at org.apache.spark.sql.execution.QueryExecution.org$apache$spark$sql$execution$QueryExecution$$eagerlyExecute$1(QueryExecution.scala:154)
[2026-04-12T09:47:57.371+0000] {subprocess.py:106} INFO - 		at org.apache.spark.sql.execution.QueryExecution$$anonfun$eagerlyExecuteCommands$3.applyOrElse(QueryExecution.scala:169)
[2026-04-12T09:47:57.371+0000] {subprocess.py:106} INFO - 		at org.apache.spark.sql.execution.QueryExecution$$anonfun$eagerlyExecuteCommands$3.applyOrElse(QueryExecution.scala:164)
[2026-04-12T09:47:57.372+0000] {subprocess.py:106} INFO - 		at org.apache.spark.sql.catalyst.trees.TreeNode.$anonfun$transformDownWithPruning$1(TreeNode.scala:470)
[2026-04-12T09:47:57.372+0000] {subprocess.py:106} INFO - 		at org.apache.spark.sql.catalyst.trees.CurrentOrigin$.withOrigin(origin.scala:86)
[2026-04-12T09:47:57.372+0000] {subprocess.py:106} INFO - 		at org.apache.spark.sql.catalyst.trees.TreeNode.transformDownWithPruning(TreeNode.scala:470)
[2026-04-12T09:47:57.373+0000] {subprocess.py:106} INFO - 		at org.apache.spark.sql.catalyst.plans.logical.LogicalPlan.org$apache$spark$sql$catalyst$plans$logical$AnalysisHelper$$super$transformDownWithPruning(LogicalPlan.scala:37)
[2026-04-12T09:47:57.373+0000] {subprocess.py:106} INFO - 		at org.apache.spark.sql.catalyst.plans.logical.AnalysisHelper.transformDownWithPruning(AnalysisHelper.scala:360)
[2026-04-12T09:47:57.373+0000] {subprocess.py:106} INFO - 		at org.apache.spark.sql.catalyst.plans.logical.AnalysisHelper.transformDownWithPruning$(AnalysisHelper.scala:356)
[2026-04-12T09:47:57.374+0000] {subprocess.py:106} INFO - 		at org.apache.spark.sql.catalyst.plans.logical.LogicalPlan.transformDownWithPruning(LogicalPlan.scala:37)
[2026-04-12T09:47:57.374+0000] {subprocess.py:106} INFO - 		at org.apache.spark.sql.catalyst.plans.logical.LogicalPlan.transformDownWithPruning(LogicalPlan.scala:37)
[2026-04-12T09:47:57.375+0000] {subprocess.py:106} INFO - 		at org.apache.spark.sql.catalyst.trees.TreeNode.transformDown(TreeNode.scala:446)
[2026-04-12T09:47:57.375+0000] {subprocess.py:106} INFO - 		at org.apache.spark.sql.execution.QueryExecution.eagerlyExecuteCommands(QueryExecution.scala:164)
[2026-04-12T09:47:57.376+0000] {subprocess.py:106} INFO - 		at org.apache.spark.sql.execution.QueryExecution.$anonfun$lazyCommandExecuted$1(QueryExecution.scala:126)
[2026-04-12T09:47:57.376+0000] {subprocess.py:106} INFO - 		at scala.util.Try$.apply(Try.scala:217)
[2026-04-12T09:47:57.376+0000] {subprocess.py:106} INFO - 		at org.apache.spark.util.Utils$.doTryWithCallerStacktrace(Utils.scala:1378)
[2026-04-12T09:47:57.377+0000] {subprocess.py:106} INFO - 		at org.apache.spark.util.LazyTry.tryT$lzycompute(LazyTry.scala:46)
[2026-04-12T09:47:57.377+0000] {subprocess.py:106} INFO - 		at org.apache.spark.util.LazyTry.tryT(LazyTry.scala:46)
[2026-04-12T09:47:57.378+0000] {subprocess.py:106} INFO - 		... 58 more
[2026-04-12T09:47:57.379+0000] {subprocess.py:106} INFO - Caused by: org.apache.hadoop.ipc.RemoteException(org.apache.hadoop.security.AccessControlException): Permission denied: user=spark, access=WRITE, inode="/user/hive/lakehouse/bronze":hadoop23133083thuyvan:supergroup:drwxr-xr-x
[2026-04-12T09:47:57.380+0000] {subprocess.py:106} INFO - 	at org.apache.hadoop.hdfs.server.namenode.FSPermissionChecker.check(FSPermissionChecker.java:661)
[2026-04-12T09:47:57.380+0000] {subprocess.py:106} INFO - 	at org.apache.hadoop.hdfs.server.namenode.FSPermissionChecker.checkPermission(FSPermissionChecker.java:501)
[2026-04-12T09:47:57.380+0000] {subprocess.py:106} INFO - 	at org.apache.hadoop.hdfs.server.namenode.FSPermissionChecker.checkPermissionWithContext(FSPermissionChecker.java:525)
[2026-04-12T09:47:57.381+0000] {subprocess.py:106} INFO - 	at org.apache.hadoop.hdfs.server.namenode.FSPermissionChecker.checkPermission(FSPermissionChecker.java:395)
[2026-04-12T09:47:57.381+0000] {subprocess.py:106} INFO - 	at org.apache.hadoop.hdfs.server.namenode.FSDirectory.checkPermission(FSDirectory.java:1964)
[2026-04-12T09:47:57.382+0000] {subprocess.py:106} INFO - 	at org.apache.hadoop.hdfs.server.namenode.FSDirectory.checkPermission(FSDirectory.java:1945)
[2026-04-12T09:47:57.382+0000] {subprocess.py:106} INFO - 	at org.apache.hadoop.hdfs.server.namenode.FSDirectory.checkAncestorAccess(FSDirectory.java:1904)
[2026-04-12T09:47:57.383+0000] {subprocess.py:106} INFO - 	at org.apache.hadoop.hdfs.server.namenode.FSDirMkdirOp.mkdirs(FSDirMkdirOp.java:60)
[2026-04-12T09:47:57.383+0000] {subprocess.py:106} INFO - 	at org.apache.hadoop.hdfs.server.namenode.FSNamesystem.mkdirs(FSNamesystem.java:3531)
[2026-04-12T09:47:57.384+0000] {subprocess.py:106} INFO - 	at org.apache.hadoop.hdfs.server.namenode.NameNodeRpcServer.mkdirs(NameNodeRpcServer.java:1173)
[2026-04-12T09:47:57.384+0000] {subprocess.py:106} INFO - 	at org.apache.hadoop.hdfs.protocolPB.ClientNamenodeProtocolServerSideTranslatorPB.mkdirs(ClientNamenodeProtocolServerSideTranslatorPB.java:750)
[2026-04-12T09:47:57.384+0000] {subprocess.py:106} INFO - 	at org.apache.hadoop.hdfs.protocol.proto.ClientNamenodeProtocolProtos$ClientNamenodeProtocol$2.callBlockingMethod(ClientNamenodeProtocolProtos.java)
[2026-04-12T09:47:57.385+0000] {subprocess.py:106} INFO - 	at org.apache.hadoop.ipc.ProtobufRpcEngine2$Server$ProtoBufRpcInvoker.call(ProtobufRpcEngine2.java:621)
[2026-04-12T09:47:57.385+0000] {subprocess.py:106} INFO - 	at org.apache.hadoop.ipc.ProtobufRpcEngine2$Server$ProtoBufRpcInvoker.call(ProtobufRpcEngine2.java:589)
[2026-04-12T09:47:57.385+0000] {subprocess.py:106} INFO - 	at org.apache.hadoop.ipc.ProtobufRpcEngine2$Server$ProtoBufRpcInvoker.call(ProtobufRpcEngine2.java:573)
[2026-04-12T09:47:57.386+0000] {subprocess.py:106} INFO - 	at org.apache.hadoop.ipc.RPC$Server.call(RPC.java:1227)
[2026-04-12T09:47:57.388+0000] {subprocess.py:106} INFO - 	at org.apache.hadoop.ipc.Server$RpcCall.run(Server.java:1246)
[2026-04-12T09:47:57.389+0000] {subprocess.py:106} INFO - 	at org.apache.hadoop.ipc.Server$RpcCall.run(Server.java:1169)
[2026-04-12T09:47:57.390+0000] {subprocess.py:106} INFO - 	at java.base/java.security.AccessController.doPrivileged(Native Method)
[2026-04-12T09:47:57.390+0000] {subprocess.py:106} INFO - 	at java.base/javax.security.auth.Subject.doAs(Subject.java:423)
[2026-04-12T09:47:57.391+0000] {subprocess.py:106} INFO - 	at org.apache.hadoop.security.UserGroupInformation.doAs(UserGroupInformation.java:1953)
[2026-04-12T09:47:57.391+0000] {subprocess.py:106} INFO - 	at org.apache.hadoop.ipc.Server$Handler.run(Server.java:3198)
[2026-04-12T09:47:57.392+0000] {subprocess.py:106} INFO - 
[2026-04-12T09:47:57.392+0000] {subprocess.py:106} INFO - 	at org.apache.hadoop.ipc.Client.getRpcResponse(Client.java:1584)
[2026-04-12T09:47:57.393+0000] {subprocess.py:106} INFO - 	at org.apache.hadoop.ipc.Client.call(Client.java:1529)
[2026-04-12T09:47:57.394+0000] {subprocess.py:106} INFO - 	at org.apache.hadoop.ipc.Client.call(Client.java:1426)
[2026-04-12T09:47:57.394+0000] {subprocess.py:106} INFO - 	at org.apache.hadoop.ipc.ProtobufRpcEngine2$Invoker.invoke(ProtobufRpcEngine2.java:258)
[2026-04-12T09:47:57.395+0000] {subprocess.py:106} INFO - 	at org.apache.hadoop.ipc.ProtobufRpcEngine2$Invoker.invoke(ProtobufRpcEngine2.java:139)
[2026-04-12T09:47:57.395+0000] {subprocess.py:106} INFO - 	at jdk.proxy2/jdk.proxy2.$Proxy46.mkdirs(Unknown Source)
[2026-04-12T09:47:57.396+0000] {subprocess.py:106} INFO - 	at org.apache.hadoop.hdfs.protocolPB.ClientNamenodeProtocolTranslatorPB.lambda$mkdirs$20(ClientNamenodeProtocolTranslatorPB.java:611)
[2026-04-12T09:47:57.396+0000] {subprocess.py:106} INFO - 	at org.apache.hadoop.ipc.internal.ShadedProtobufHelper.ipc(ShadedProtobufHelper.java:160)
[2026-04-12T09:47:57.396+0000] {subprocess.py:106} INFO - 	at org.apache.hadoop.hdfs.protocolPB.ClientNamenodeProtocolTranslatorPB.mkdirs(ClientNamenodeProtocolTranslatorPB.java:611)
[2026-04-12T09:47:57.397+0000] {subprocess.py:106} INFO - 	at java.base/jdk.internal.reflect.NativeMethodAccessorImpl.invoke0(Native Method)
[2026-04-12T09:47:57.397+0000] {subprocess.py:106} INFO - 	at java.base/jdk.internal.reflect.NativeMethodAccessorImpl.invoke(NativeMethodAccessorImpl.java:75)
[2026-04-12T09:47:57.397+0000] {subprocess.py:106} INFO - 	at java.base/jdk.internal.reflect.DelegatingMethodAccessorImpl.invoke(DelegatingMethodAccessorImpl.java:52)
[2026-04-12T09:47:57.398+0000] {subprocess.py:106} INFO - 	at java.base/java.lang.reflect.Method.invoke(Method.java:580)
[2026-04-12T09:47:57.398+0000] {subprocess.py:106} INFO - 	at org.apache.hadoop.io.retry.RetryInvocationHandler.invokeMethod(RetryInvocationHandler.java:437)
[2026-04-12T09:47:57.398+0000] {subprocess.py:106} INFO - 	at org.apache.hadoop.io.retry.RetryInvocationHandler$Call.invokeMethod(RetryInvocationHandler.java:170)
[2026-04-12T09:47:57.398+0000] {subprocess.py:106} INFO - 	at org.apache.hadoop.io.retry.RetryInvocationHandler$Call.invoke(RetryInvocationHandler.java:162)
[2026-04-12T09:47:57.399+0000] {subprocess.py:106} INFO - 	at org.apache.hadoop.io.retry.RetryInvocationHandler$Call.invokeOnce(RetryInvocationHandler.java:100)
[2026-04-12T09:47:57.399+0000] {subprocess.py:106} INFO - 	at org.apache.hadoop.io.retry.RetryInvocationHandler.invoke(RetryInvocationHandler.java:366)
[2026-04-12T09:47:57.399+0000] {subprocess.py:106} INFO - 	at jdk.proxy2/jdk.proxy2.$Proxy47.mkdirs(Unknown Source)
[2026-04-12T09:47:57.400+0000] {subprocess.py:106} INFO - 	at org.apache.hadoop.hdfs.DFSClient.primitiveMkdir(DFSClient.java:2555)
[2026-04-12T09:47:57.400+0000] {subprocess.py:106} INFO - 	at org.apache.hadoop.hdfs.DFSClient.mkdirs(DFSClient.java:2531)
[2026-04-12T09:47:57.400+0000] {subprocess.py:106} INFO - 	at org.apache.hadoop.hdfs.DistributedFileSystem$27.doCall(DistributedFileSystem.java:1497)
[2026-04-12T09:47:57.401+0000] {subprocess.py:106} INFO - 	at org.apache.hadoop.hdfs.DistributedFileSystem$27.doCall(DistributedFileSystem.java:1494)
[2026-04-12T09:47:57.401+0000] {subprocess.py:106} INFO - 	at org.apache.hadoop.fs.FileSystemLinkResolver.resolve(FileSystemLinkResolver.java:81)
[2026-04-12T09:47:57.401+0000] {subprocess.py:106} INFO - 	at org.apache.hadoop.hdfs.DistributedFileSystem.mkdirsInternal(DistributedFileSystem.java:1511)
[2026-04-12T09:47:57.402+0000] {subprocess.py:106} INFO - 	at org.apache.hadoop.hdfs.DistributedFileSystem.mkdirs(DistributedFileSystem.java:1486)
[2026-04-12T09:47:57.402+0000] {subprocess.py:106} INFO - 	at org.apache.hadoop.fs.FileSystem.mkdirs(FileSystem.java:2496)
[2026-04-12T09:47:57.403+0000] {subprocess.py:106} INFO - 	at org.apache.hadoop.mapreduce.lib.output.FileOutputCommitter.setupJob(FileOutputCommitter.java:356)
[2026-04-12T09:47:57.403+0000] {subprocess.py:106} INFO - 	at org.apache.spark.internal.io.HadoopMapReduceCommitProtocol.setupJob(HadoopMapReduceCommitProtocol.scala:190)
[2026-04-12T09:47:57.404+0000] {subprocess.py:106} INFO - 	at org.apache.spark.sql.execution.datasources.FileFormatWriter$.writeAndCommit(FileFormatWriter.scala:268)
[2026-04-12T09:47:57.404+0000] {subprocess.py:106} INFO - 	at org.apache.spark.sql.execution.datasources.FileFormatWriter$.executeWrite(FileFormatWriter.scala:306)
[2026-04-12T09:47:57.404+0000] {subprocess.py:106} INFO - 	at org.apache.spark.sql.execution.datasources.FileFormatWriter$.write(FileFormatWriter.scala:189)
[2026-04-12T09:47:57.405+0000] {subprocess.py:106} INFO - 	at org.apache.spark.sql.execution.datasources.InsertIntoHadoopFsRelationCommand.run(InsertIntoHadoopFsRelationCommand.scala:195)
[2026-04-12T09:47:57.405+0000] {subprocess.py:106} INFO - 	at org.apache.spark.sql.execution.command.DataWritingCommandExec.sideEffectResult$lzycompute(commands.scala:117)
[2026-04-12T09:47:57.405+0000] {subprocess.py:106} INFO - 	at org.apache.spark.sql.execution.command.DataWritingCommandExec.sideEffectResult(commands.scala:115)
[2026-04-12T09:47:57.406+0000] {subprocess.py:106} INFO - 	at org.apache.spark.sql.execution.command.DataWritingCommandExec.executeCollect(commands.scala:129)
[2026-04-12T09:47:57.406+0000] {subprocess.py:106} INFO - 	at org.apache.spark.sql.execution.QueryExecution.$anonfun$eagerlyExecuteCommands$2(QueryExecution.scala:155)
[2026-04-12T09:47:57.406+0000] {subprocess.py:106} INFO - 	at org.apache.spark.sql.execution.SQLExecution$.$anonfun$withNewExecutionId0$8(SQLExecution.scala:163)
[2026-04-12T09:47:57.411+0000] {subprocess.py:106} INFO - 	at org.apache.spark.sql.execution.SQLExecution$.withSessionTagsApplied(SQLExecution.scala:272)
[2026-04-12T09:47:57.411+0000] {subprocess.py:106} INFO - 	at org.apache.spark.sql.execution.SQLExecution$.$anonfun$withNewExecutionId0$7(SQLExecution.scala:125)
[2026-04-12T09:47:57.412+0000] {subprocess.py:106} INFO - 	at org.apache.spark.JobArtifactSet$.withActiveJobArtifactState(JobArtifactSet.scala:94)
[2026-04-12T09:47:57.412+0000] {subprocess.py:106} INFO - 	at org.apache.spark.sql.artifact.ArtifactManager.$anonfun$withResources$1(ArtifactManager.scala:112)
[2026-04-12T09:47:57.412+0000] {subprocess.py:106} INFO - 	at org.apache.spark.sql.artifact.ArtifactManager.withClassLoaderIfNeeded(ArtifactManager.scala:106)
[2026-04-12T09:47:57.413+0000] {subprocess.py:106} INFO - 	at org.apache.spark.sql.artifact.ArtifactManager.withResources(ArtifactManager.scala:111)
[2026-04-12T09:47:57.413+0000] {subprocess.py:106} INFO - 	at org.apache.spark.sql.execution.SQLExecution$.$anonfun$withNewExecutionId0$6(SQLExecution.scala:125)
[2026-04-12T09:47:57.414+0000] {subprocess.py:106} INFO - 	at org.apache.spark.sql.execution.SQLExecution$.withSQLConfPropagated(SQLExecution.scala:295)
[2026-04-12T09:47:57.414+0000] {subprocess.py:106} INFO - 	at org.apache.spark.sql.execution.SQLExecution$.$anonfun$withNewExecutionId0$1(SQLExecution.scala:124)
[2026-04-12T09:47:57.414+0000] {subprocess.py:106} INFO - 	at org.apache.spark.sql.SparkSession.withActive(SparkSession.scala:804)
[2026-04-12T09:47:57.415+0000] {subprocess.py:106} INFO - 	at org.apache.spark.sql.execution.SQLExecution$.withNewExecutionId0(SQLExecution.scala:78)
[2026-04-12T09:47:57.415+0000] {subprocess.py:106} INFO - 	at org.apache.spark.sql.execution.SQLExecution$.withNewExecutionId(SQLExecution.scala:237)
[2026-04-12T09:47:57.416+0000] {subprocess.py:106} INFO - 	at org.apache.spark.sql.execution.QueryExecution.$anonfun$eagerlyExecuteCommands$1(QueryExecution.scala:155)
[2026-04-12T09:47:57.416+0000] {subprocess.py:106} INFO - 	at org.apache.spark.sql.execution.QueryExecution$.withInternalError(QueryExecution.scala:654)
[2026-04-12T09:47:57.417+0000] {subprocess.py:106} INFO - 	at org.apache.spark.sql.execution.QueryExecution.org$apache$spark$sql$execution$QueryExecution$$eagerlyExecute$1(QueryExecution.scala:154)
[2026-04-12T09:47:57.417+0000] {subprocess.py:106} INFO - 	at org.apache.spark.sql.execution.QueryExecution$$anonfun$eagerlyExecuteCommands$3.applyOrElse(QueryExecution.scala:169)
[2026-04-12T09:47:57.417+0000] {subprocess.py:106} INFO - 	at org.apache.spark.sql.execution.QueryExecution$$anonfun$eagerlyExecuteCommands$3.applyOrElse(QueryExecution.scala:164)
[2026-04-12T09:47:57.418+0000] {subprocess.py:106} INFO - 	at org.apache.spark.sql.catalyst.trees.TreeNode.$anonfun$transformDownWithPruning$1(TreeNode.scala:470)
[2026-04-12T09:47:57.418+0000] {subprocess.py:106} INFO - 	at org.apache.spark.sql.catalyst.trees.CurrentOrigin$.withOrigin(origin.scala:86)
[2026-04-12T09:47:57.419+0000] {subprocess.py:106} INFO - 	at org.apache.spark.sql.catalyst.trees.TreeNode.transformDownWithPruning(TreeNode.scala:470)
[2026-04-12T09:47:57.419+0000] {subprocess.py:106} INFO - 	at org.apache.spark.sql.catalyst.plans.logical.LogicalPlan.org$apache$spark$sql$catalyst$plans$logical$AnalysisHelper$$super$transformDownWithPruning(LogicalPlan.scala:37)
[2026-04-12T09:47:57.420+0000] {subprocess.py:106} INFO - 	at org.apache.spark.sql.catalyst.plans.logical.AnalysisHelper.transformDownWithPruning(AnalysisHelper.scala:360)
[2026-04-12T09:47:57.420+0000] {subprocess.py:106} INFO - 	at org.apache.spark.sql.catalyst.plans.logical.AnalysisHelper.transformDownWithPruning$(AnalysisHelper.scala:356)
[2026-04-12T09:47:57.420+0000] {subprocess.py:106} INFO - 	at org.apache.spark.sql.catalyst.plans.logical.LogicalPlan.transformDownWithPruning(LogicalPlan.scala:37)
[2026-04-12T09:47:57.421+0000] {subprocess.py:106} INFO - 	at org.apache.spark.sql.catalyst.plans.logical.LogicalPlan.transformDownWithPruning(LogicalPlan.scala:37)
[2026-04-12T09:47:57.421+0000] {subprocess.py:106} INFO - 	at org.apache.spark.sql.catalyst.trees.TreeNode.transformDown(TreeNode.scala:446)
[2026-04-12T09:47:57.421+0000] {subprocess.py:106} INFO - 	at org.apache.spark.sql.execution.QueryExecution.eagerlyExecuteCommands(QueryExecution.scala:164)
[2026-04-12T09:47:57.422+0000] {subprocess.py:106} INFO - 	at org.apache.spark.sql.execution.QueryExecution.$anonfun$lazyCommandExecuted$1(QueryExecution.scala:126)
[2026-04-12T09:47:57.422+0000] {subprocess.py:106} INFO - 	at scala.util.Try$.apply(Try.scala:217)
[2026-04-12T09:47:57.423+0000] {subprocess.py:106} INFO - 	at org.apache.spark.util.Utils$.doTryWithCallerStacktrace(Utils.scala:1378)
[2026-04-12T09:47:57.423+0000] {subprocess.py:106} INFO - 	at org.apache.spark.util.LazyTry.tryT$lzycompute(LazyTry.scala:46)
[2026-04-12T09:47:57.423+0000] {subprocess.py:106} INFO - 	at org.apache.spark.util.LazyTry.tryT(LazyTry.scala:46)
[2026-04-12T09:47:57.424+0000] {subprocess.py:106} INFO - 	... 58 more
[2026-04-12T09:47:57.424+0000] {subprocess.py:106} INFO - 
[2026-04-12T09:47:57.425+0000] {subprocess.py:106} INFO - 
[2026-04-12T09:47:57.425+0000] {subprocess.py:106} INFO - 	at py4j.Protocol.getReturnValue(Protocol.java:476)
[2026-04-12T09:47:57.426+0000] {subprocess.py:106} INFO - 	at py4j.reflection.PythonProxyHandler.invoke(PythonProxyHandler.java:108)
[2026-04-12T09:47:57.426+0000] {subprocess.py:106} INFO - 	at jdk.proxy3/jdk.proxy3.$Proxy49.call(Unknown Source)
[2026-04-12T09:47:57.426+0000] {subprocess.py:106} INFO - 	at org.apache.spark.sql.execution.streaming.sources.PythonForeachBatchHelper$.$anonfun$callForeachBatch$1(ForeachBatchSink.scala:87)
[2026-04-12T09:47:57.427+0000] {subprocess.py:106} INFO - 	at org.apache.spark.sql.execution.streaming.sources.PythonForeachBatchHelper$.$anonfun$callForeachBatch$1$adapted(ForeachBatchSink.scala:87)
[2026-04-12T09:47:57.427+0000] {subprocess.py:106} INFO - 	at org.apache.spark.sql.execution.streaming.sources.ForeachBatchSink.callBatchWriter(ForeachBatchSink.scala:56)
[2026-04-12T09:47:57.428+0000] {subprocess.py:106} INFO - 	... 34 more
[2026-04-12T09:47:57.428+0000] {subprocess.py:106} INFO - 26/04/12 09:47:57 INFO MicroBatchExecution: Async log purge executor pool for query [id = fffa4a28-b831-4a17-a849-992bff20d106, runId = 0ce52385-993d-4375-8d16-34f3c822e6b5] has been shutdown
[2026-04-12T09:47:57.428+0000] {subprocess.py:106} INFO - Traceback (most recent call last):
[2026-04-12T09:47:57.429+0000] {subprocess.py:106} INFO -   File "/home/spark/spark/spark_jobs/weather_streaming.py", line 168, in <module>
[2026-04-12T09:47:57.430+0000] {subprocess.py:106} INFO -     query.awaitTermination()
[2026-04-12T09:47:57.433+0000] {subprocess.py:106} INFO -   File "/home/spark/spark/python/lib/pyspark.zip/pyspark/sql/streaming/query.py", line 225, in awaitTermination
[2026-04-12T09:47:57.434+0000] {subprocess.py:106} INFO -   File "/home/spark/spark/python/lib/py4j-0.10.9.9-src.zip/py4j/java_gateway.py", line 1362, in __call__
[2026-04-12T09:47:57.435+0000] {subprocess.py:106} INFO -   File "/home/spark/spark/python/lib/pyspark.zip/pyspark/errors/exceptions/captured.py", line 288, in deco
[2026-04-12T09:47:57.436+0000] {subprocess.py:106} INFO - pyspark.errors.exceptions.captured.StreamingQueryException: [STREAM_FAILED] Query [id = fffa4a28-b831-4a17-a849-992bff20d106, runId = 0ce52385-993d-4375-8d16-34f3c822e6b5] terminated with exception: [FOREACH_BATCH_USER_FUNCTION_ERROR] An error occurred in the user provided function in foreach batch sink. Reason: An exception was raised by the Python Proxy. Return Message: Traceback (most recent call last):
[2026-04-12T09:47:57.436+0000] {subprocess.py:106} INFO -   File "/home/spark/spark/python/lib/py4j-0.10.9.9-src.zip/py4j/clientserver.py", line 644, in _call_proxy
[2026-04-12T09:47:57.437+0000] {subprocess.py:106} INFO -     return_value = getattr(self.pool[obj_id], method)(*params)
[2026-04-12T09:47:57.438+0000] {subprocess.py:106} INFO -   File "/home/spark/spark/python/lib/pyspark.zip/pyspark/sql/utils.py", line 165, in call
[2026-04-12T09:47:57.439+0000] {subprocess.py:106} INFO -     raise e
[2026-04-12T09:47:57.439+0000] {subprocess.py:106} INFO -   File "/home/spark/spark/python/lib/pyspark.zip/pyspark/sql/utils.py", line 162, in call
[2026-04-12T09:47:57.440+0000] {subprocess.py:106} INFO -     self.func(DataFrame(jdf, wrapped_session_jdf), batch_id)
[2026-04-12T09:47:57.440+0000] {subprocess.py:106} INFO -   File "/home/spark/spark/spark_jobs/weather_streaming.py", line 114, in write_to_bronze_and_silver
[2026-04-12T09:47:57.440+0000] {subprocess.py:106} INFO -     .save("hdfs://23133083thuyvan-master:9000/user/hive/lakehouse/bronze/raw_api")
[2026-04-12T09:47:57.441+0000] {subprocess.py:106} INFO -   File "/home/spark/spark/python/lib/pyspark.zip/pyspark/sql/readwriter.py", line 1745, in save
[2026-04-12T09:47:57.442+0000] {subprocess.py:106} INFO -     self._jwrite.save(path)
[2026-04-12T09:47:57.442+0000] {subprocess.py:106} INFO -   File "/home/spark/spark/python/lib/py4j-0.10.9.9-src.zip/py4j/java_gateway.py", line 1362, in __call__
[2026-04-12T09:47:57.443+0000] {subprocess.py:106} INFO -     return_value = get_return_value(
[2026-04-12T09:47:57.444+0000] {subprocess.py:106} INFO -   File "/home/spark/spark/python/lib/pyspark.zip/pyspark/errors/exceptions/captured.py", line 282, in deco
[2026-04-12T09:47:57.445+0000] {subprocess.py:106} INFO -     return f(*a, **kw)
[2026-04-12T09:47:57.446+0000] {subprocess.py:106} INFO -   File "/home/spark/spark/python/lib/py4j-0.10.9.9-src.zip/py4j/protocol.py", line 327, in get_return_value
[2026-04-12T09:47:57.447+0000] {subprocess.py:106} INFO -     raise Py4JJavaError(
[2026-04-12T09:47:57.448+0000] {subprocess.py:106} INFO - py4j.protocol.Py4JJavaError: An error occurred while calling o104.save.
[2026-04-12T09:47:57.449+0000] {subprocess.py:106} INFO - : org.apache.hadoop.security.AccessControlException: Permission denied: user=spark, access=WRITE, inode="/user/hive/lakehouse/bronze":hadoop23133083thuyvan:supergroup:drwxr-xr-x
[2026-04-12T09:47:57.450+0000] {subprocess.py:106} INFO - 	at org.apache.hadoop.hdfs.server.namenode.FSPermissionChecker.check(FSPermissionChecker.java:661)
[2026-04-12T09:47:57.450+0000] {subprocess.py:106} INFO - 	at org.apache.hadoop.hdfs.server.namenode.FSPermissionChecker.checkPermission(FSPermissionChecker.java:501)
[2026-04-12T09:47:57.451+0000] {subprocess.py:106} INFO - 	at org.apache.hadoop.hdfs.server.namenode.FSPermissionChecker.checkPermissionWithContext(FSPermissionChecker.java:525)
[2026-04-12T09:47:57.452+0000] {subprocess.py:106} INFO - 	at org.apache.hadoop.hdfs.server.namenode.FSPermissionChecker.checkPermission(FSPermissionChecker.java:395)
[2026-04-12T09:47:57.453+0000] {subprocess.py:106} INFO - 	at org.apache.hadoop.hdfs.server.namenode.FSDirectory.checkPermission(FSDirectory.java:1964)
[2026-04-12T09:47:57.453+0000] {subprocess.py:106} INFO - 	at org.apache.hadoop.hdfs.server.namenode.FSDirectory.checkPermission(FSDirectory.java:1945)
[2026-04-12T09:47:57.454+0000] {subprocess.py:106} INFO - 	at org.apache.hadoop.hdfs.server.namenode.FSDirectory.checkAncestorAccess(FSDirectory.java:1904)
[2026-04-12T09:47:57.455+0000] {subprocess.py:106} INFO - 	at org.apache.hadoop.hdfs.server.namenode.FSDirMkdirOp.mkdirs(FSDirMkdirOp.java:60)
[2026-04-12T09:47:57.455+0000] {subprocess.py:106} INFO - 	at org.apache.hadoop.hdfs.server.namenode.FSNamesystem.mkdirs(FSNamesystem.java:3531)
[2026-04-12T09:47:57.456+0000] {subprocess.py:106} INFO - 	at org.apache.hadoop.hdfs.server.namenode.NameNodeRpcServer.mkdirs(NameNodeRpcServer.java:1173)
[2026-04-12T09:47:57.456+0000] {subprocess.py:106} INFO - 	at org.apache.hadoop.hdfs.protocolPB.ClientNamenodeProtocolServerSideTranslatorPB.mkdirs(ClientNamenodeProtocolServerSideTranslatorPB.java:750)
[2026-04-12T09:47:57.456+0000] {subprocess.py:106} INFO - 	at org.apache.hadoop.hdfs.protocol.proto.ClientNamenodeProtocolProtos$ClientNamenodeProtocol$2.callBlockingMethod(ClientNamenodeProtocolProtos.java)
[2026-04-12T09:47:57.457+0000] {subprocess.py:106} INFO - 	at org.apache.hadoop.ipc.ProtobufRpcEngine2$Server$ProtoBufRpcInvoker.call(ProtobufRpcEngine2.java:621)
[2026-04-12T09:47:57.457+0000] {subprocess.py:106} INFO - 	at org.apache.hadoop.ipc.ProtobufRpcEngine2$Server$ProtoBufRpcInvoker.call(ProtobufRpcEngine2.java:589)
[2026-04-12T09:47:57.458+0000] {subprocess.py:106} INFO - 	at org.apache.hadoop.ipc.ProtobufRpcEngine2$Server$ProtoBufRpcInvoker.call(ProtobufRpcEngine2.java:573)
[2026-04-12T09:47:57.458+0000] {subprocess.py:106} INFO - 	at org.apache.hadoop.ipc.RPC$Server.call(RPC.java:1227)
[2026-04-12T09:47:57.459+0000] {subprocess.py:106} INFO - 	at org.apache.hadoop.ipc.Server$RpcCall.run(Server.java:1246)
[2026-04-12T09:47:57.460+0000] {subprocess.py:106} INFO - 	at org.apache.hadoop.ipc.Server$RpcCall.run(Server.java:1169)
[2026-04-12T09:47:57.463+0000] {subprocess.py:106} INFO - 	at java.base/java.security.AccessController.doPrivileged(Native Method)
[2026-04-12T09:47:57.464+0000] {subprocess.py:106} INFO - 	at java.base/javax.security.auth.Subject.doAs(Subject.java:423)
[2026-04-12T09:47:57.464+0000] {subprocess.py:106} INFO - 	at org.apache.hadoop.security.UserGroupInformation.doAs(UserGroupInformation.java:1953)
[2026-04-12T09:47:57.465+0000] {subprocess.py:106} INFO - 	at org.apache.hadoop.ipc.Server$Handler.run(Server.java:3198)
[2026-04-12T09:47:57.465+0000] {subprocess.py:106} INFO - 
[2026-04-12T09:47:57.466+0000] {subprocess.py:106} INFO - 	at java.base/jdk.internal.reflect.NativeConstructorAccessorImpl.newInstance0(Native Method)
[2026-04-12T09:47:57.466+0000] {subprocess.py:106} INFO - 	at java.base/jdk.internal.reflect.NativeConstructorAccessorImpl.newInstance(NativeConstructorAccessorImpl.java:75)
[2026-04-12T09:47:57.467+0000] {subprocess.py:106} INFO - 	at java.base/jdk.internal.reflect.DelegatingConstructorAccessorImpl.newInstance(DelegatingConstructorAccessorImpl.java:53)
[2026-04-12T09:47:57.467+0000] {subprocess.py:106} INFO - 	at java.base/java.lang.reflect.Constructor.newInstanceWithCaller(Constructor.java:502)
[2026-04-12T09:47:57.468+0000] {subprocess.py:106} INFO - 	at java.base/java.lang.reflect.Constructor.newInstance(Constructor.java:486)
[2026-04-12T09:47:57.468+0000] {subprocess.py:106} INFO - 	at org.apache.hadoop.ipc.RemoteException.instantiateException(RemoteException.java:121)
[2026-04-12T09:47:57.469+0000] {subprocess.py:106} INFO - 	at org.apache.hadoop.ipc.RemoteException.unwrapRemoteException(RemoteException.java:88)
[2026-04-12T09:47:57.469+0000] {subprocess.py:106} INFO - 	at org.apache.hadoop.hdfs.DFSClient.primitiveMkdir(DFSClient.java:2557)
[2026-04-12T09:47:57.470+0000] {subprocess.py:106} INFO - 	at org.apache.hadoop.hdfs.DFSClient.mkdirs(DFSClient.java:2531)
[2026-04-12T09:47:57.470+0000] {subprocess.py:106} INFO - 	at org.apache.hadoop.hdfs.DistributedFileSystem$27.doCall(DistributedFileSystem.java:1497)
[2026-04-12T09:47:57.471+0000] {subprocess.py:106} INFO - 	at org.apache.hadoop.hdfs.DistributedFileSystem$27.doCall(DistributedFileSystem.java:1494)
[2026-04-12T09:47:57.471+0000] {subprocess.py:106} INFO - 	at org.apache.hadoop.fs.FileSystemLinkResolver.resolve(FileSystemLinkResolver.java:81)
[2026-04-12T09:47:57.472+0000] {subprocess.py:106} INFO - 	at org.apache.hadoop.hdfs.DistributedFileSystem.mkdirsInternal(DistributedFileSystem.java:1511)
[2026-04-12T09:47:57.472+0000] {subprocess.py:106} INFO - 	at org.apache.hadoop.hdfs.DistributedFileSystem.mkdirs(DistributedFileSystem.java:1486)
[2026-04-12T09:47:57.473+0000] {subprocess.py:106} INFO - 	at org.apache.hadoop.fs.FileSystem.mkdirs(FileSystem.java:2496)
[2026-04-12T09:47:57.473+0000] {subprocess.py:106} INFO - 	at org.apache.hadoop.mapreduce.lib.output.FileOutputCommitter.setupJob(FileOutputCommitter.java:356)
[2026-04-12T09:47:57.474+0000] {subprocess.py:106} INFO - 	at org.apache.spark.internal.io.HadoopMapReduceCommitProtocol.setupJob(HadoopMapReduceCommitProtocol.scala:190)
[2026-04-12T09:47:57.475+0000] {subprocess.py:106} INFO - 	at org.apache.spark.sql.execution.datasources.FileFormatWriter$.writeAndCommit(FileFormatWriter.scala:268)
[2026-04-12T09:47:57.475+0000] {subprocess.py:106} INFO - 	at org.apache.spark.sql.execution.datasources.FileFormatWriter$.executeWrite(FileFormatWriter.scala:306)
[2026-04-12T09:47:57.475+0000] {subprocess.py:106} INFO - 	at org.apache.spark.sql.execution.datasources.FileFormatWriter$.write(FileFormatWriter.scala:189)
[2026-04-12T09:47:57.476+0000] {subprocess.py:106} INFO - 	at org.apache.spark.sql.execution.datasources.InsertIntoHadoopFsRelationCommand.run(InsertIntoHadoopFsRelationCommand.scala:195)
[2026-04-12T09:47:57.477+0000] {subprocess.py:106} INFO - 	at org.apache.spark.sql.execution.command.DataWritingCommandExec.sideEffectResult$lzycompute(commands.scala:117)
[2026-04-12T09:47:57.483+0000] {subprocess.py:106} INFO - 	at org.apache.spark.sql.execution.command.DataWritingCommandExec.sideEffectResult(commands.scala:115)
[2026-04-12T09:47:57.483+0000] {subprocess.py:106} INFO - 	at org.apache.spark.sql.execution.command.DataWritingCommandExec.executeCollect(commands.scala:129)
[2026-04-12T09:47:57.484+0000] {subprocess.py:106} INFO - 	at org.apache.spark.sql.execution.QueryExecution.$anonfun$eagerlyExecuteCommands$2(QueryExecution.scala:155)
[2026-04-12T09:47:57.484+0000] {subprocess.py:106} INFO - 	at org.apache.spark.sql.execution.SQLExecution$.$anonfun$withNewExecutionId0$8(SQLExecution.scala:163)
[2026-04-12T09:47:57.485+0000] {subprocess.py:106} INFO - 	at org.apache.spark.sql.execution.SQLExecution$.withSessionTagsApplied(SQLExecution.scala:272)
[2026-04-12T09:47:57.485+0000] {subprocess.py:106} INFO - 	at org.apache.spark.sql.execution.SQLExecution$.$anonfun$withNewExecutionId0$7(SQLExecution.scala:125)
[2026-04-12T09:47:57.486+0000] {subprocess.py:106} INFO - 	at org.apache.spark.JobArtifactSet$.withActiveJobArtifactState(JobArtifactSet.scala:94)
[2026-04-12T09:47:57.486+0000] {subprocess.py:106} INFO - 	at org.apache.spark.sql.artifact.ArtifactManager.$anonfun$withResources$1(ArtifactManager.scala:112)
[2026-04-12T09:47:57.487+0000] {subprocess.py:106} INFO - 	at org.apache.spark.sql.artifact.ArtifactManager.withClassLoaderIfNeeded(ArtifactManager.scala:106)
[2026-04-12T09:47:57.487+0000] {subprocess.py:106} INFO - 	at org.apache.spark.sql.artifact.ArtifactManager.withResources(ArtifactManager.scala:111)
[2026-04-12T09:47:57.487+0000] {subprocess.py:106} INFO - 	at org.apache.spark.sql.execution.SQLExecution$.$anonfun$withNewExecutionId0$6(SQLExecution.scala:125)
[2026-04-12T09:47:57.488+0000] {subprocess.py:106} INFO - 	at org.apache.spark.sql.execution.SQLExecution$.withSQLConfPropagated(SQLExecution.scala:295)
[2026-04-12T09:47:57.488+0000] {subprocess.py:106} INFO - 	at org.apache.spark.sql.execution.SQLExecution$.$anonfun$withNewExecutionId0$1(SQLExecution.scala:124)
[2026-04-12T09:47:57.489+0000] {subprocess.py:106} INFO - 	at org.apache.spark.sql.SparkSession.withActive(SparkSession.scala:804)
[2026-04-12T09:47:57.489+0000] {subprocess.py:106} INFO - 	at org.apache.spark.sql.execution.SQLExecution$.withNewExecutionId0(SQLExecution.scala:78)
[2026-04-12T09:47:57.490+0000] {subprocess.py:106} INFO - 	at org.apache.spark.sql.execution.SQLExecution$.withNewExecutionId(SQLExecution.scala:237)
[2026-04-12T09:47:57.490+0000] {subprocess.py:106} INFO - 	at org.apache.spark.sql.execution.QueryExecution.$anonfun$eagerlyExecuteCommands$1(QueryExecution.scala:155)
[2026-04-12T09:47:57.491+0000] {subprocess.py:106} INFO - 	at org.apache.spark.sql.execution.QueryExecution$.withInternalError(QueryExecution.scala:654)
[2026-04-12T09:47:57.491+0000] {subprocess.py:106} INFO - 	at org.apache.spark.sql.execution.QueryExecution.org$apache$spark$sql$execution$QueryExecution$$eagerlyExecute$1(QueryExecution.scala:154)
[2026-04-12T09:47:57.492+0000] {subprocess.py:106} INFO - 	at org.apache.spark.sql.execution.QueryExecution$$anonfun$eagerlyExecuteCommands$3.applyOrElse(QueryExecution.scala:169)
[2026-04-12T09:47:57.492+0000] {subprocess.py:106} INFO - 	at org.apache.spark.sql.execution.QueryExecution$$anonfun$eagerlyExecuteCommands$3.applyOrElse(QueryExecution.scala:164)
[2026-04-12T09:47:57.493+0000] {subprocess.py:106} INFO - 	at org.apache.spark.sql.catalyst.trees.TreeNode.$anonfun$transformDownWithPruning$1(TreeNode.scala:470)
[2026-04-12T09:47:57.494+0000] {subprocess.py:106} INFO - 	at org.apache.spark.sql.catalyst.trees.CurrentOrigin$.withOrigin(origin.scala:86)
[2026-04-12T09:47:57.495+0000] {subprocess.py:106} INFO - 	at org.apache.spark.sql.catalyst.trees.TreeNode.transformDownWithPruning(TreeNode.scala:470)
[2026-04-12T09:47:57.495+0000] {subprocess.py:106} INFO - 	at org.apache.spark.sql.catalyst.plans.logical.LogicalPlan.org$apache$spark$sql$catalyst$plans$logical$AnalysisHelper$$super$transformDownWithPruning(LogicalPlan.scala:37)
[2026-04-12T09:47:57.496+0000] {subprocess.py:106} INFO - 	at org.apache.spark.sql.catalyst.plans.logical.AnalysisHelper.transformDownWithPruning(AnalysisHelper.scala:360)
[2026-04-12T09:47:57.497+0000] {subprocess.py:106} INFO - 	at org.apache.spark.sql.catalyst.plans.logical.AnalysisHelper.transformDownWithPruning$(AnalysisHelper.scala:356)
[2026-04-12T09:47:57.497+0000] {subprocess.py:106} INFO - 	at org.apache.spark.sql.catalyst.plans.logical.LogicalPlan.transformDownWithPruning(LogicalPlan.scala:37)
[2026-04-12T09:47:57.498+0000] {subprocess.py:106} INFO - 	at org.apache.spark.sql.catalyst.plans.logical.LogicalPlan.transformDownWithPruning(LogicalPlan.scala:37)
[2026-04-12T09:47:57.498+0000] {subprocess.py:106} INFO - 	at org.apache.spark.sql.catalyst.trees.TreeNode.transformDown(TreeNode.scala:446)
[2026-04-12T09:47:57.499+0000] {subprocess.py:106} INFO - 	at org.apache.spark.sql.execution.QueryExecution.eagerlyExecuteCommands(QueryExecution.scala:164)
[2026-04-12T09:47:57.499+0000] {subprocess.py:106} INFO - 	at org.apache.spark.sql.execution.QueryExecution.$anonfun$lazyCommandExecuted$1(QueryExecution.scala:126)
[2026-04-12T09:47:57.499+0000] {subprocess.py:106} INFO - 	at scala.util.Try$.apply(Try.scala:217)
[2026-04-12T09:47:57.500+0000] {subprocess.py:106} INFO - 	at org.apache.spark.util.Utils$.doTryWithCallerStacktrace(Utils.scala:1378)
[2026-04-12T09:47:57.501+0000] {subprocess.py:106} INFO - 	at org.apache.spark.util.Utils$.getTryWithCallerStacktrace(Utils.scala:1439)
[2026-04-12T09:47:57.501+0000] {subprocess.py:106} INFO - 	at org.apache.spark.util.LazyTry.get(LazyTry.scala:58)
[2026-04-12T09:47:57.501+0000] {subprocess.py:106} INFO - 	at org.apache.spark.sql.execution.QueryExecution.commandExecuted(QueryExecution.scala:131)
[2026-04-12T09:47:57.502+0000] {subprocess.py:106} INFO - 	at org.apache.spark.sql.execution.QueryExecution.assertCommandExecuted(QueryExecution.scala:192)
[2026-04-12T09:47:57.502+0000] {subprocess.py:106} INFO - 	at org.apache.spark.sql.classic.DataFrameWriter.runCommand(DataFrameWriter.scala:622)
[2026-04-12T09:47:57.502+0000] {subprocess.py:106} INFO - 	at org.apache.spark.sql.classic.DataFrameWriter.saveToV1Source(DataFrameWriter.scala:273)
[2026-04-12T09:47:57.503+0000] {subprocess.py:106} INFO - 	at org.apache.spark.sql.classic.DataFrameWriter.saveInternal(DataFrameWriter.scala:241)
[2026-04-12T09:47:57.503+0000] {subprocess.py:106} INFO - 	at org.apache.spark.sql.classic.DataFrameWriter.save(DataFrameWriter.scala:118)
[2026-04-12T09:47:57.504+0000] {subprocess.py:106} INFO - 	at java.base/jdk.internal.reflect.NativeMethodAccessorImpl.invoke0(Native Method)
[2026-04-12T09:47:57.505+0000] {subprocess.py:106} INFO - 	at java.base/jdk.internal.reflect.NativeMethodAccessorImpl.invoke(NativeMethodAccessorImpl.java:75)
[2026-04-12T09:47:57.506+0000] {subprocess.py:106} INFO - 	at java.base/jdk.internal.reflect.DelegatingMethodAccessorImpl.invoke(DelegatingMethodAccessorImpl.java:52)
[2026-04-12T09:47:57.506+0000] {subprocess.py:106} INFO - 	at java.base/java.lang.reflect.Method.invoke(Method.java:580)
[2026-04-12T09:47:57.507+0000] {subprocess.py:106} INFO - 	at py4j.reflection.MethodInvoker.invoke(MethodInvoker.java:244)
[2026-04-12T09:47:57.507+0000] {subprocess.py:106} INFO - 	at py4j.reflection.ReflectionEngine.invoke(ReflectionEngine.java:374)
[2026-04-12T09:47:57.508+0000] {subprocess.py:106} INFO - 	at py4j.Gateway.invoke(Gateway.java:282)
[2026-04-12T09:47:57.508+0000] {subprocess.py:106} INFO - 	at py4j.commands.AbstractCommand.invokeMethod(AbstractCommand.java:132)
[2026-04-12T09:47:57.509+0000] {subprocess.py:106} INFO - 	at py4j.commands.CallCommand.execute(CallCommand.java:79)
[2026-04-12T09:47:57.509+0000] {subprocess.py:106} INFO - 	at py4j.ClientServerConnection.sendCommand(ClientServerConnection.java:246)
[2026-04-12T09:47:57.510+0000] {subprocess.py:106} INFO - 	at py4j.CallbackClient.sendCommand(CallbackClient.java:384)
[2026-04-12T09:47:57.510+0000] {subprocess.py:106} INFO - 	at py4j.CallbackClient.sendCommand(CallbackClient.java:356)
[2026-04-12T09:47:57.511+0000] {subprocess.py:106} INFO - 	at py4j.reflection.PythonProxyHandler.invoke(PythonProxyHandler.java:106)
[2026-04-12T09:47:57.511+0000] {subprocess.py:106} INFO - 	at jdk.proxy3/jdk.proxy3.$Proxy49.call(Unknown Source)
[2026-04-12T09:47:57.512+0000] {subprocess.py:106} INFO - 	at org.apache.spark.sql.execution.streaming.sources.PythonForeachBatchHelper$.$anonfun$callForeachBatch$1(ForeachBatchSink.scala:87)
[2026-04-12T09:47:57.512+0000] {subprocess.py:106} INFO - 	at org.apache.spark.sql.execution.streaming.sources.PythonForeachBatchHelper$.$anonfun$callForeachBatch$1$adapted(ForeachBatchSink.scala:87)
[2026-04-12T09:47:57.512+0000] {subprocess.py:106} INFO - 	at org.apache.spark.sql.execution.streaming.sources.ForeachBatchSink.callBatchWriter(ForeachBatchSink.scala:56)
[2026-04-12T09:47:57.513+0000] {subprocess.py:106} INFO - 	at org.apache.spark.sql.execution.streaming.sources.ForeachBatchSink.addBatch(ForeachBatchSink.scala:49)
[2026-04-12T09:47:57.513+0000] {subprocess.py:106} INFO - 	at org.apache.spark.sql.execution.streaming.MicroBatchExecution.$anonfun$runBatch$17(MicroBatchExecution.scala:889)
[2026-04-12T09:47:57.514+0000] {subprocess.py:106} INFO - 	at org.apache.spark.sql.execution.SQLExecution$.$anonfun$withNewExecutionId0$8(SQLExecution.scala:163)
[2026-04-12T09:47:57.514+0000] {subprocess.py:106} INFO - 	at org.apache.spark.sql.execution.SQLExecution$.withSessionTagsApplied(SQLExecution.scala:272)
[2026-04-12T09:47:57.515+0000] {subprocess.py:106} INFO - 	at org.apache.spark.sql.execution.SQLExecution$.$anonfun$withNewExecutionId0$7(SQLExecution.scala:125)
[2026-04-12T09:47:57.515+0000] {subprocess.py:106} INFO - 	at org.apache.spark.JobArtifactSet$.withActiveJobArtifactState(JobArtifactSet.scala:94)
[2026-04-12T09:47:57.516+0000] {subprocess.py:106} INFO - 	at org.apache.spark.sql.artifact.ArtifactManager.$anonfun$withResources$1(ArtifactManager.scala:112)
[2026-04-12T09:47:57.516+0000] {subprocess.py:106} INFO - 	at org.apache.spark.sql.artifact.ArtifactManager.withClassLoaderIfNeeded(ArtifactManager.scala:106)
[2026-04-12T09:47:57.516+0000] {subprocess.py:106} INFO - 	at org.apache.spark.sql.artifact.ArtifactManager.withResources(ArtifactManager.scala:111)
[2026-04-12T09:47:57.517+0000] {subprocess.py:106} INFO - 	at org.apache.spark.sql.execution.SQLExecution$.$anonfun$withNewExecutionId0$6(SQLExecution.scala:125)
[2026-04-12T09:47:57.517+0000] {subprocess.py:106} INFO - 	at org.apache.spark.sql.execution.SQLExecution$.withSQLConfPropagated(SQLExecution.scala:295)
[2026-04-12T09:47:57.518+0000] {subprocess.py:106} INFO - 	at org.apache.spark.sql.execution.SQLExecution$.$anonfun$withNewExecutionId0$1(SQLExecution.scala:124)
[2026-04-12T09:47:57.518+0000] {subprocess.py:106} INFO - 	at org.apache.spark.sql.SparkSession.withActive(SparkSession.scala:804)
[2026-04-12T09:47:57.519+0000] {subprocess.py:106} INFO - 	at org.apache.spark.sql.execution.SQLExecution$.withNewExecutionId0(SQLExecution.scala:78)
[2026-04-12T09:47:57.519+0000] {subprocess.py:106} INFO - 	at org.apache.spark.sql.execution.SQLExecution$.withNewExecutionId(SQLExecution.scala:237)
[2026-04-12T09:47:57.520+0000] {subprocess.py:106} INFO - 	at org.apache.spark.sql.execution.streaming.MicroBatchExecution.$anonfun$runBatch$16(MicroBatchExecution.scala:886)
[2026-04-12T09:47:57.520+0000] {subprocess.py:106} INFO - 	at org.apache.spark.sql.execution.streaming.ProgressContext.reportTimeTaken(ProgressReporter.scala:186)
[2026-04-12T09:47:57.521+0000] {subprocess.py:106} INFO - 	at org.apache.spark.sql.execution.streaming.MicroBatchExecution.runBatch(MicroBatchExecution.scala:886)
[2026-04-12T09:47:57.521+0000] {subprocess.py:106} INFO - 	at org.apache.spark.sql.execution.streaming.MicroBatchExecution.$anonfun$executeOneBatch$2(MicroBatchExecution.scala:394)
[2026-04-12T09:47:57.521+0000] {subprocess.py:106} INFO - 	at scala.runtime.java8.JFunction0$mcV$sp.apply(JFunction0$mcV$sp.scala:18)
[2026-04-12T09:47:57.522+0000] {subprocess.py:106} INFO - 	at org.apache.spark.sql.execution.streaming.ProgressContext.reportTimeTaken(ProgressReporter.scala:186)
[2026-04-12T09:47:57.522+0000] {subprocess.py:106} INFO - 	at org.apache.spark.sql.execution.streaming.MicroBatchExecution.executeOneBatch(MicroBatchExecution.scala:364)
[2026-04-12T09:47:57.523+0000] {subprocess.py:106} INFO - 	at org.apache.spark.sql.execution.streaming.MicroBatchExecution.$anonfun$runActivatedStream$1(MicroBatchExecution.scala:344)
[2026-04-12T09:47:57.523+0000] {subprocess.py:106} INFO - 	at org.apache.spark.sql.execution.streaming.MicroBatchExecution.$anonfun$runActivatedStream$1$adapted(MicroBatchExecution.scala:344)
[2026-04-12T09:47:57.524+0000] {subprocess.py:106} INFO - 	at org.apache.spark.sql.execution.streaming.TriggerExecutor.runOneBatch(TriggerExecutor.scala:39)
[2026-04-12T09:47:57.524+0000] {subprocess.py:106} INFO - 	at org.apache.spark.sql.execution.streaming.TriggerExecutor.runOneBatch$(TriggerExecutor.scala:37)
[2026-04-12T09:47:57.524+0000] {subprocess.py:106} INFO - 	at org.apache.spark.sql.execution.streaming.ProcessingTimeExecutor.runOneBatch(TriggerExecutor.scala:70)
[2026-04-12T09:47:57.525+0000] {subprocess.py:106} INFO - 	at org.apache.spark.sql.execution.streaming.ProcessingTimeExecutor.execute(TriggerExecutor.scala:82)
[2026-04-12T09:47:57.525+0000] {subprocess.py:106} INFO - 	at org.apache.spark.sql.execution.streaming.MicroBatchExecution.runActivatedStream(MicroBatchExecution.scala:344)
[2026-04-12T09:47:57.526+0000] {subprocess.py:106} INFO - 	at org.apache.spark.sql.execution.streaming.StreamExecution.$anonfun$runStream$1(StreamExecution.scala:337)
[2026-04-12T09:47:57.526+0000] {subprocess.py:106} INFO - 	at scala.runtime.java8.JFunction0$mcV$sp.apply(JFunction0$mcV$sp.scala:18)
[2026-04-12T09:47:57.526+0000] {subprocess.py:106} INFO - 	at org.apache.spark.sql.SparkSession.withActive(SparkSession.scala:804)
[2026-04-12T09:47:57.527+0000] {subprocess.py:106} INFO - 	at org.apache.spark.sql.execution.streaming.StreamExecution.org$apache$spark$sql$execution$streaming$StreamExecution$$runStream(StreamExecution.scala:311)
[2026-04-12T09:47:57.527+0000] {subprocess.py:106} INFO - 	at org.apache.spark.sql.execution.streaming.StreamExecution$$anon$1.run(StreamExecution.scala:226)
[2026-04-12T09:47:57.528+0000] {subprocess.py:106} INFO - 	Suppressed: org.apache.spark.util.Utils$OriginalTryStackTraceException: Full stacktrace of original doTryWithCallerStacktrace caller
[2026-04-12T09:47:57.528+0000] {subprocess.py:106} INFO - 		at java.base/jdk.internal.reflect.NativeConstructorAccessorImpl.newInstance0(Native Method)
[2026-04-12T09:47:57.528+0000] {subprocess.py:106} INFO - 		at java.base/jdk.internal.reflect.NativeConstructorAccessorImpl.newInstance(NativeConstructorAccessorImpl.java:75)
[2026-04-12T09:47:57.529+0000] {subprocess.py:106} INFO - 		at java.base/jdk.internal.reflect.DelegatingConstructorAccessorImpl.newInstance(DelegatingConstructorAccessorImpl.java:53)
[2026-04-12T09:47:57.529+0000] {subprocess.py:106} INFO - 		at java.base/java.lang.reflect.Constructor.newInstanceWithCaller(Constructor.java:502)
[2026-04-12T09:47:57.530+0000] {subprocess.py:106} INFO - 		at java.base/java.lang.reflect.Constructor.newInstance(Constructor.java:486)
[2026-04-12T09:47:57.530+0000] {subprocess.py:106} INFO - 		at org.apache.hadoop.ipc.RemoteException.instantiateException(RemoteException.java:121)
[2026-04-12T09:47:57.530+0000] {subprocess.py:106} INFO - 		at org.apache.hadoop.ipc.RemoteException.unwrapRemoteException(RemoteException.java:88)
[2026-04-12T09:47:57.531+0000] {subprocess.py:106} INFO - 		at org.apache.hadoop.hdfs.DFSClient.primitiveMkdir(DFSClient.java:2557)
[2026-04-12T09:47:57.531+0000] {subprocess.py:106} INFO - 		at org.apache.hadoop.hdfs.DFSClient.mkdirs(DFSClient.java:2531)
[2026-04-12T09:47:57.532+0000] {subprocess.py:106} INFO - 		at org.apache.hadoop.hdfs.DistributedFileSystem$27.doCall(DistributedFileSystem.java:1497)
[2026-04-12T09:47:57.532+0000] {subprocess.py:106} INFO - 		at org.apache.hadoop.hdfs.DistributedFileSystem$27.doCall(DistributedFileSystem.java:1494)
[2026-04-12T09:47:57.532+0000] {subprocess.py:106} INFO - 		at org.apache.hadoop.fs.FileSystemLinkResolver.resolve(FileSystemLinkResolver.java:81)
[2026-04-12T09:47:57.533+0000] {subprocess.py:106} INFO - 		at org.apache.hadoop.hdfs.DistributedFileSystem.mkdirsInternal(DistributedFileSystem.java:1511)
[2026-04-12T09:47:57.533+0000] {subprocess.py:106} INFO - 		at org.apache.hadoop.hdfs.DistributedFileSystem.mkdirs(DistributedFileSystem.java:1486)
[2026-04-12T09:47:57.534+0000] {subprocess.py:106} INFO - 		at org.apache.hadoop.fs.FileSystem.mkdirs(FileSystem.java:2496)
[2026-04-12T09:47:57.534+0000] {subprocess.py:106} INFO - 		at org.apache.hadoop.mapreduce.lib.output.FileOutputCommitter.setupJob(FileOutputCommitter.java:356)
[2026-04-12T09:47:57.535+0000] {subprocess.py:106} INFO - 		at org.apache.spark.internal.io.HadoopMapReduceCommitProtocol.setupJob(HadoopMapReduceCommitProtocol.scala:190)
[2026-04-12T09:47:57.535+0000] {subprocess.py:106} INFO - 		at org.apache.spark.sql.execution.datasources.FileFormatWriter$.writeAndCommit(FileFormatWriter.scala:268)
[2026-04-12T09:47:57.536+0000] {subprocess.py:106} INFO - 		at org.apache.spark.sql.execution.datasources.FileFormatWriter$.executeWrite(FileFormatWriter.scala:306)
[2026-04-12T09:47:57.536+0000] {subprocess.py:106} INFO - 		at org.apache.spark.sql.execution.datasources.FileFormatWriter$.write(FileFormatWriter.scala:189)
[2026-04-12T09:47:57.536+0000] {subprocess.py:106} INFO - 		at org.apache.spark.sql.execution.datasources.InsertIntoHadoopFsRelationCommand.run(InsertIntoHadoopFsRelationCommand.scala:195)
[2026-04-12T09:47:57.537+0000] {subprocess.py:106} INFO - 		at org.apache.spark.sql.execution.command.DataWritingCommandExec.sideEffectResult$lzycompute(commands.scala:117)
[2026-04-12T09:47:57.537+0000] {subprocess.py:106} INFO - 		at org.apache.spark.sql.execution.command.DataWritingCommandExec.sideEffectResult(commands.scala:115)
[2026-04-12T09:47:57.537+0000] {subprocess.py:106} INFO - 		at org.apache.spark.sql.execution.command.DataWritingCommandExec.executeCollect(commands.scala:129)
[2026-04-12T09:47:57.538+0000] {subprocess.py:106} INFO - 		at org.apache.spark.sql.execution.QueryExecution.$anonfun$eagerlyExecuteCommands$2(QueryExecution.scala:155)
[2026-04-12T09:47:57.538+0000] {subprocess.py:106} INFO - 		at org.apache.spark.sql.execution.SQLExecution$.$anonfun$withNewExecutionId0$8(SQLExecution.scala:163)
[2026-04-12T09:47:57.538+0000] {subprocess.py:106} INFO - 		at org.apache.spark.sql.execution.SQLExecution$.withSessionTagsApplied(SQLExecution.scala:272)
[2026-04-12T09:47:57.539+0000] {subprocess.py:106} INFO - 		at org.apache.spark.sql.execution.SQLExecution$.$anonfun$withNewExecutionId0$7(SQLExecution.scala:125)
[2026-04-12T09:47:57.539+0000] {subprocess.py:106} INFO - 		at org.apache.spark.JobArtifactSet$.withActiveJobArtifactState(JobArtifactSet.scala:94)
[2026-04-12T09:47:57.540+0000] {subprocess.py:106} INFO - 		at org.apache.spark.sql.artifact.ArtifactManager.$anonfun$withResources$1(ArtifactManager.scala:112)
[2026-04-12T09:47:57.540+0000] {subprocess.py:106} INFO - 		at org.apache.spark.sql.artifact.ArtifactManager.withClassLoaderIfNeeded(ArtifactManager.scala:106)
[2026-04-12T09:47:57.540+0000] {subprocess.py:106} INFO - 		at org.apache.spark.sql.artifact.ArtifactManager.withResources(ArtifactManager.scala:111)
[2026-04-12T09:47:57.541+0000] {subprocess.py:106} INFO - 		at org.apache.spark.sql.execution.SQLExecution$.$anonfun$withNewExecutionId0$6(SQLExecution.scala:125)
[2026-04-12T09:47:57.541+0000] {subprocess.py:106} INFO - 		at org.apache.spark.sql.execution.SQLExecution$.withSQLConfPropagated(SQLExecution.scala:295)
[2026-04-12T09:47:57.542+0000] {subprocess.py:106} INFO - 		at org.apache.spark.sql.execution.SQLExecution$.$anonfun$withNewExecutionId0$1(SQLExecution.scala:124)
[2026-04-12T09:47:57.542+0000] {subprocess.py:106} INFO - 		at org.apache.spark.sql.SparkSession.withActive(SparkSession.scala:804)
[2026-04-12T09:47:57.543+0000] {subprocess.py:106} INFO - 		at org.apache.spark.sql.execution.SQLExecution$.withNewExecutionId0(SQLExecution.scala:78)
[2026-04-12T09:47:57.543+0000] {subprocess.py:106} INFO - 		at org.apache.spark.sql.execution.SQLExecution$.withNewExecutionId(SQLExecution.scala:237)
[2026-04-12T09:47:57.544+0000] {subprocess.py:106} INFO - 		at org.apache.spark.sql.execution.QueryExecution.$anonfun$eagerlyExecuteCommands$1(QueryExecution.scala:155)
[2026-04-12T09:47:57.544+0000] {subprocess.py:106} INFO - 		at org.apache.spark.sql.execution.QueryExecution$.withInternalError(QueryExecution.scala:654)
[2026-04-12T09:47:57.545+0000] {subprocess.py:106} INFO - 		at org.apache.spark.sql.execution.QueryExecution.org$apache$spark$sql$execution$QueryExecution$$eagerlyExecute$1(QueryExecution.scala:154)
[2026-04-12T09:47:57.545+0000] {subprocess.py:106} INFO - 		at org.apache.spark.sql.execution.QueryExecution$$anonfun$eagerlyExecuteCommands$3.applyOrElse(QueryExecution.scala:169)
[2026-04-12T09:47:57.546+0000] {subprocess.py:106} INFO - 		at org.apache.spark.sql.execution.QueryExecution$$anonfun$eagerlyExecuteCommands$3.applyOrElse(QueryExecution.scala:164)
[2026-04-12T09:47:57.546+0000] {subprocess.py:106} INFO - 		at org.apache.spark.sql.catalyst.trees.TreeNode.$anonfun$transformDownWithPruning$1(TreeNode.scala:470)
[2026-04-12T09:47:57.547+0000] {subprocess.py:106} INFO - 		at org.apache.spark.sql.catalyst.trees.CurrentOrigin$.withOrigin(origin.scala:86)
[2026-04-12T09:47:57.547+0000] {subprocess.py:106} INFO - 		at org.apache.spark.sql.catalyst.trees.TreeNode.transformDownWithPruning(TreeNode.scala:470)
[2026-04-12T09:47:57.548+0000] {subprocess.py:106} INFO - 		at org.apache.spark.sql.catalyst.plans.logical.LogicalPlan.org$apache$spark$sql$catalyst$plans$logical$AnalysisHelper$$super$transformDownWithPruning(LogicalPlan.scala:37)
[2026-04-12T09:47:57.548+0000] {subprocess.py:106} INFO - 		at org.apache.spark.sql.catalyst.plans.logical.AnalysisHelper.transformDownWithPruning(AnalysisHelper.scala:360)
[2026-04-12T09:47:57.549+0000] {subprocess.py:106} INFO - 		at org.apache.spark.sql.catalyst.plans.logical.AnalysisHelper.transformDownWithPruning$(AnalysisHelper.scala:356)
[2026-04-12T09:47:57.549+0000] {subprocess.py:106} INFO - 		at org.apache.spark.sql.catalyst.plans.logical.LogicalPlan.transformDownWithPruning(LogicalPlan.scala:37)
[2026-04-12T09:47:57.549+0000] {subprocess.py:106} INFO - 		at org.apache.spark.sql.catalyst.plans.logical.LogicalPlan.transformDownWithPruning(LogicalPlan.scala:37)
[2026-04-12T09:47:57.550+0000] {subprocess.py:106} INFO - 		at org.apache.spark.sql.catalyst.trees.TreeNode.transformDown(TreeNode.scala:446)
[2026-04-12T09:47:57.550+0000] {subprocess.py:106} INFO - 		at org.apache.spark.sql.execution.QueryExecution.eagerlyExecuteCommands(QueryExecution.scala:164)
[2026-04-12T09:47:57.551+0000] {subprocess.py:106} INFO - 		at org.apache.spark.sql.execution.QueryExecution.$anonfun$lazyCommandExecuted$1(QueryExecution.scala:126)
[2026-04-12T09:47:57.551+0000] {subprocess.py:106} INFO - 		at scala.util.Try$.apply(Try.scala:217)
[2026-04-12T09:47:57.551+0000] {subprocess.py:106} INFO - 		at org.apache.spark.util.Utils$.doTryWithCallerStacktrace(Utils.scala:1378)
[2026-04-12T09:47:57.551+0000] {subprocess.py:106} INFO - 		at org.apache.spark.util.LazyTry.tryT$lzycompute(LazyTry.scala:46)
[2026-04-12T09:47:57.552+0000] {subprocess.py:106} INFO - 		at org.apache.spark.util.LazyTry.tryT(LazyTry.scala:46)
[2026-04-12T09:47:57.552+0000] {subprocess.py:106} INFO - 		... 58 more
[2026-04-12T09:47:57.553+0000] {subprocess.py:106} INFO - Caused by: org.apache.hadoop.ipc.RemoteException(org.apache.hadoop.security.AccessControlException): Permission denied: user=spark, access=WRITE, inode="/user/hive/lakehouse/bronze":hadoop23133083thuyvan:supergroup:drwxr-xr-x
[2026-04-12T09:47:57.553+0000] {subprocess.py:106} INFO - 	at org.apache.hadoop.hdfs.server.namenode.FSPermissionChecker.check(FSPermissionChecker.java:661)
[2026-04-12T09:47:57.553+0000] {subprocess.py:106} INFO - 	at org.apache.hadoop.hdfs.server.namenode.FSPermissionChecker.checkPermission(FSPermissionChecker.java:501)
[2026-04-12T09:47:57.554+0000] {subprocess.py:106} INFO - 	at org.apache.hadoop.hdfs.server.namenode.FSPermissionChecker.checkPermissionWithContext(FSPermissionChecker.java:525)
[2026-04-12T09:47:57.554+0000] {subprocess.py:106} INFO - 	at org.apache.hadoop.hdfs.server.namenode.FSPermissionChecker.checkPermission(FSPermissionChecker.java:395)
[2026-04-12T09:47:57.554+0000] {subprocess.py:106} INFO - 	at org.apache.hadoop.hdfs.server.namenode.FSDirectory.checkPermission(FSDirectory.java:1964)
[2026-04-12T09:47:57.555+0000] {subprocess.py:106} INFO - 	at org.apache.hadoop.hdfs.server.namenode.FSDirectory.checkPermission(FSDirectory.java:1945)
[2026-04-12T09:47:57.555+0000] {subprocess.py:106} INFO - 	at org.apache.hadoop.hdfs.server.namenode.FSDirectory.checkAncestorAccess(FSDirectory.java:1904)
[2026-04-12T09:47:57.556+0000] {subprocess.py:106} INFO - 	at org.apache.hadoop.hdfs.server.namenode.FSDirMkdirOp.mkdirs(FSDirMkdirOp.java:60)
[2026-04-12T09:47:57.556+0000] {subprocess.py:106} INFO - 	at org.apache.hadoop.hdfs.server.namenode.FSNamesystem.mkdirs(FSNamesystem.java:3531)
[2026-04-12T09:47:57.556+0000] {subprocess.py:106} INFO - 	at org.apache.hadoop.hdfs.server.namenode.NameNodeRpcServer.mkdirs(NameNodeRpcServer.java:1173)
[2026-04-12T09:47:57.557+0000] {subprocess.py:106} INFO - 	at org.apache.hadoop.hdfs.protocolPB.ClientNamenodeProtocolServerSideTranslatorPB.mkdirs(ClientNamenodeProtocolServerSideTranslatorPB.java:750)
[2026-04-12T09:47:57.558+0000] {subprocess.py:106} INFO - 	at org.apache.hadoop.hdfs.protocol.proto.ClientNamenodeProtocolProtos$ClientNamenodeProtocol$2.callBlockingMethod(ClientNamenodeProtocolProtos.java)
[2026-04-12T09:47:57.558+0000] {subprocess.py:106} INFO - 	at org.apache.hadoop.ipc.ProtobufRpcEngine2$Server$ProtoBufRpcInvoker.call(ProtobufRpcEngine2.java:621)
[2026-04-12T09:47:57.558+0000] {subprocess.py:106} INFO - 	at org.apache.hadoop.ipc.ProtobufRpcEngine2$Server$ProtoBufRpcInvoker.call(ProtobufRpcEngine2.java:589)
[2026-04-12T09:47:57.561+0000] {subprocess.py:106} INFO - 	at org.apache.hadoop.ipc.ProtobufRpcEngine2$Server$ProtoBufRpcInvoker.call(ProtobufRpcEngine2.java:573)
[2026-04-12T09:47:57.561+0000] {subprocess.py:106} INFO - 	at org.apache.hadoop.ipc.RPC$Server.call(RPC.java:1227)
[2026-04-12T09:47:57.561+0000] {subprocess.py:106} INFO - 	at org.apache.hadoop.ipc.Server$RpcCall.run(Server.java:1246)
[2026-04-12T09:47:57.562+0000] {subprocess.py:106} INFO - 	at org.apache.hadoop.ipc.Server$RpcCall.run(Server.java:1169)
[2026-04-12T09:47:57.562+0000] {subprocess.py:106} INFO - 	at java.base/java.security.AccessController.doPrivileged(Native Method)
[2026-04-12T09:47:57.562+0000] {subprocess.py:106} INFO - 	at java.base/javax.security.auth.Subject.doAs(Subject.java:423)
[2026-04-12T09:47:57.563+0000] {subprocess.py:106} INFO - 	at org.apache.hadoop.security.UserGroupInformation.doAs(UserGroupInformation.java:1953)
[2026-04-12T09:47:57.563+0000] {subprocess.py:106} INFO - 	at org.apache.hadoop.ipc.Server$Handler.run(Server.java:3198)
[2026-04-12T09:47:57.563+0000] {subprocess.py:106} INFO - 
[2026-04-12T09:47:57.564+0000] {subprocess.py:106} INFO - 	at org.apache.hadoop.ipc.Client.getRpcResponse(Client.java:1584)
[2026-04-12T09:47:57.564+0000] {subprocess.py:106} INFO - 	at org.apache.hadoop.ipc.Client.call(Client.java:1529)
[2026-04-12T09:47:57.564+0000] {subprocess.py:106} INFO - 	at org.apache.hadoop.ipc.Client.call(Client.java:1426)
[2026-04-12T09:47:57.565+0000] {subprocess.py:106} INFO - 	at org.apache.hadoop.ipc.ProtobufRpcEngine2$Invoker.invoke(ProtobufRpcEngine2.java:258)
[2026-04-12T09:47:57.565+0000] {subprocess.py:106} INFO - 	at org.apache.hadoop.ipc.ProtobufRpcEngine2$Invoker.invoke(ProtobufRpcEngine2.java:139)
[2026-04-12T09:47:57.566+0000] {subprocess.py:106} INFO - 	at jdk.proxy2/jdk.proxy2.$Proxy46.mkdirs(Unknown Source)
[2026-04-12T09:47:57.566+0000] {subprocess.py:106} INFO - 	at org.apache.hadoop.hdfs.protocolPB.ClientNamenodeProtocolTranslatorPB.lambda$mkdirs$20(ClientNamenodeProtocolTranslatorPB.java:611)
[2026-04-12T09:47:57.566+0000] {subprocess.py:106} INFO - 	at org.apache.hadoop.ipc.internal.ShadedProtobufHelper.ipc(ShadedProtobufHelper.java:160)
[2026-04-12T09:47:57.567+0000] {subprocess.py:106} INFO - 	at org.apache.hadoop.hdfs.protocolPB.ClientNamenodeProtocolTranslatorPB.mkdirs(ClientNamenodeProtocolTranslatorPB.java:611)
[2026-04-12T09:47:57.567+0000] {subprocess.py:106} INFO - 	at java.base/jdk.internal.reflect.NativeMethodAccessorImpl.invoke0(Native Method)
[2026-04-12T09:47:57.567+0000] {subprocess.py:106} INFO - 	at java.base/jdk.internal.reflect.NativeMethodAccessorImpl.invoke(NativeMethodAccessorImpl.java:75)
[2026-04-12T09:47:57.568+0000] {subprocess.py:106} INFO - 	at java.base/jdk.internal.reflect.DelegatingMethodAccessorImpl.invoke(DelegatingMethodAccessorImpl.java:52)
[2026-04-12T09:47:57.568+0000] {subprocess.py:106} INFO - 	at java.base/java.lang.reflect.Method.invoke(Method.java:580)
[2026-04-12T09:47:57.568+0000] {subprocess.py:106} INFO - 	at org.apache.hadoop.io.retry.RetryInvocationHandler.invokeMethod(RetryInvocationHandler.java:437)
[2026-04-12T09:47:57.569+0000] {subprocess.py:106} INFO - 	at org.apache.hadoop.io.retry.RetryInvocationHandler$Call.invokeMethod(RetryInvocationHandler.java:170)
[2026-04-12T09:47:57.569+0000] {subprocess.py:106} INFO - 	at org.apache.hadoop.io.retry.RetryInvocationHandler$Call.invoke(RetryInvocationHandler.java:162)
[2026-04-12T09:47:57.570+0000] {subprocess.py:106} INFO - 	at org.apache.hadoop.io.retry.RetryInvocationHandler$Call.invokeOnce(RetryInvocationHandler.java:100)
[2026-04-12T09:47:57.570+0000] {subprocess.py:106} INFO - 	at org.apache.hadoop.io.retry.RetryInvocationHandler.invoke(RetryInvocationHandler.java:366)
[2026-04-12T09:47:57.570+0000] {subprocess.py:106} INFO - 	at jdk.proxy2/jdk.proxy2.$Proxy47.mkdirs(Unknown Source)
[2026-04-12T09:47:57.571+0000] {subprocess.py:106} INFO - 	at org.apache.hadoop.hdfs.DFSClient.primitiveMkdir(DFSClient.java:2555)
[2026-04-12T09:47:57.571+0000] {subprocess.py:106} INFO - 	at org.apache.hadoop.hdfs.DFSClient.mkdirs(DFSClient.java:2531)
[2026-04-12T09:47:57.571+0000] {subprocess.py:106} INFO - 	at org.apache.hadoop.hdfs.DistributedFileSystem$27.doCall(DistributedFileSystem.java:1497)
[2026-04-12T09:47:57.572+0000] {subprocess.py:106} INFO - 	at org.apache.hadoop.hdfs.DistributedFileSystem$27.doCall(DistributedFileSystem.java:1494)
[2026-04-12T09:47:57.572+0000] {subprocess.py:106} INFO - 	at org.apache.hadoop.fs.FileSystemLinkResolver.resolve(FileSystemLinkResolver.java:81)
[2026-04-12T09:47:57.572+0000] {subprocess.py:106} INFO - 	at org.apache.hadoop.hdfs.DistributedFileSystem.mkdirsInternal(DistributedFileSystem.java:1511)
[2026-04-12T09:47:57.573+0000] {subprocess.py:106} INFO - 	at org.apache.hadoop.hdfs.DistributedFileSystem.mkdirs(DistributedFileSystem.java:1486)
[2026-04-12T09:47:57.573+0000] {subprocess.py:106} INFO - 	at org.apache.hadoop.fs.FileSystem.mkdirs(FileSystem.java:2496)
[2026-04-12T09:47:57.573+0000] {subprocess.py:106} INFO - 	at org.apache.hadoop.mapreduce.lib.output.FileOutputCommitter.setupJob(FileOutputCommitter.java:356)
[2026-04-12T09:47:57.574+0000] {subprocess.py:106} INFO - 	at org.apache.spark.internal.io.HadoopMapReduceCommitProtocol.setupJob(HadoopMapReduceCommitProtocol.scala:190)
[2026-04-12T09:47:57.574+0000] {subprocess.py:106} INFO - 	at org.apache.spark.sql.execution.datasources.FileFormatWriter$.writeAndCommit(FileFormatWriter.scala:268)
[2026-04-12T09:47:57.574+0000] {subprocess.py:106} INFO - 	at org.apache.spark.sql.execution.datasources.FileFormatWriter$.executeWrite(FileFormatWriter.scala:306)
[2026-04-12T09:47:57.575+0000] {subprocess.py:106} INFO - 	at org.apache.spark.sql.execution.datasources.FileFormatWriter$.write(FileFormatWriter.scala:189)
[2026-04-12T09:47:57.575+0000] {subprocess.py:106} INFO - 	at org.apache.spark.sql.execution.datasources.InsertIntoHadoopFsRelationCommand.run(InsertIntoHadoopFsRelationCommand.scala:195)
[2026-04-12T09:47:57.575+0000] {subprocess.py:106} INFO - 	at org.apache.spark.sql.execution.command.DataWritingCommandExec.sideEffectResult$lzycompute(commands.scala:117)
[2026-04-12T09:47:57.576+0000] {subprocess.py:106} INFO - 	at org.apache.spark.sql.execution.command.DataWritingCommandExec.sideEffectResult(commands.scala:115)
[2026-04-12T09:47:57.576+0000] {subprocess.py:106} INFO - 	at org.apache.spark.sql.execution.command.DataWritingCommandExec.executeCollect(commands.scala:129)
[2026-04-12T09:47:57.576+0000] {subprocess.py:106} INFO - 	at org.apache.spark.sql.execution.QueryExecution.$anonfun$eagerlyExecuteCommands$2(QueryExecution.scala:155)
[2026-04-12T09:47:57.577+0000] {subprocess.py:106} INFO - 	at org.apache.spark.sql.execution.SQLExecution$.$anonfun$withNewExecutionId0$8(SQLExecution.scala:163)
[2026-04-12T09:47:57.577+0000] {subprocess.py:106} INFO - 	at org.apache.spark.sql.execution.SQLExecution$.withSessionTagsApplied(SQLExecution.scala:272)
[2026-04-12T09:47:57.577+0000] {subprocess.py:106} INFO - 	at org.apache.spark.sql.execution.SQLExecution$.$anonfun$withNewExecutionId0$7(SQLExecution.scala:125)
[2026-04-12T09:47:57.578+0000] {subprocess.py:106} INFO - 	at org.apache.spark.JobArtifactSet$.withActiveJobArtifactState(JobArtifactSet.scala:94)
[2026-04-12T09:47:57.578+0000] {subprocess.py:106} INFO - 	at org.apache.spark.sql.artifact.ArtifactManager.$anonfun$withResources$1(ArtifactManager.scala:112)
[2026-04-12T09:47:57.578+0000] {subprocess.py:106} INFO - 	at org.apache.spark.sql.artifact.ArtifactManager.withClassLoaderIfNeeded(ArtifactManager.scala:106)
[2026-04-12T09:47:57.578+0000] {subprocess.py:106} INFO - 	at org.apache.spark.sql.artifact.ArtifactManager.withResources(ArtifactManager.scala:111)
[2026-04-12T09:47:57.579+0000] {subprocess.py:106} INFO - 	at org.apache.spark.sql.execution.SQLExecution$.$anonfun$withNewExecutionId0$6(SQLExecution.scala:125)
[2026-04-12T09:47:57.579+0000] {subprocess.py:106} INFO - 	at org.apache.spark.sql.execution.SQLExecution$.withSQLConfPropagated(SQLExecution.scala:295)
[2026-04-12T09:47:57.580+0000] {subprocess.py:106} INFO - 	at org.apache.spark.sql.execution.SQLExecution$.$anonfun$withNewExecutionId0$1(SQLExecution.scala:124)
[2026-04-12T09:47:57.580+0000] {subprocess.py:106} INFO - 	at org.apache.spark.sql.SparkSession.withActive(SparkSession.scala:804)
[2026-04-12T09:47:57.581+0000] {subprocess.py:106} INFO - 	at org.apache.spark.sql.execution.SQLExecution$.withNewExecutionId0(SQLExecution.scala:78)
[2026-04-12T09:47:57.581+0000] {subprocess.py:106} INFO - 	at org.apache.spark.sql.execution.SQLExecution$.withNewExecutionId(SQLExecution.scala:237)
[2026-04-12T09:47:57.581+0000] {subprocess.py:106} INFO - 	at org.apache.spark.sql.execution.QueryExecution.$anonfun$eagerlyExecuteCommands$1(QueryExecution.scala:155)
[2026-04-12T09:47:57.582+0000] {subprocess.py:106} INFO - 	at org.apache.spark.sql.execution.QueryExecution$.withInternalError(QueryExecution.scala:654)
[2026-04-12T09:47:57.582+0000] {subprocess.py:106} INFO - 	at org.apache.spark.sql.execution.QueryExecution.org$apache$spark$sql$execution$QueryExecution$$eagerlyExecute$1(QueryExecution.scala:154)
[2026-04-12T09:47:57.583+0000] {subprocess.py:106} INFO - 	at org.apache.spark.sql.execution.QueryExecution$$anonfun$eagerlyExecuteCommands$3.applyOrElse(QueryExecution.scala:169)
[2026-04-12T09:47:57.583+0000] {subprocess.py:106} INFO - 	at org.apache.spark.sql.execution.QueryExecution$$anonfun$eagerlyExecuteCommands$3.applyOrElse(QueryExecution.scala:164)
[2026-04-12T09:47:57.584+0000] {subprocess.py:106} INFO - 	at org.apache.spark.sql.catalyst.trees.TreeNode.$anonfun$transformDownWithPruning$1(TreeNode.scala:470)
[2026-04-12T09:47:57.584+0000] {subprocess.py:106} INFO - 	at org.apache.spark.sql.catalyst.trees.CurrentOrigin$.withOrigin(origin.scala:86)
[2026-04-12T09:47:57.585+0000] {subprocess.py:106} INFO - 	at org.apache.spark.sql.catalyst.trees.TreeNode.transformDownWithPruning(TreeNode.scala:470)
[2026-04-12T09:47:57.585+0000] {subprocess.py:106} INFO - 	at org.apache.spark.sql.catalyst.plans.logical.LogicalPlan.org$apache$spark$sql$catalyst$plans$logical$AnalysisHelper$$super$transformDownWithPruning(LogicalPlan.scala:37)
[2026-04-12T09:47:57.585+0000] {subprocess.py:106} INFO - 	at org.apache.spark.sql.catalyst.plans.logical.AnalysisHelper.transformDownWithPruning(AnalysisHelper.scala:360)
[2026-04-12T09:47:57.586+0000] {subprocess.py:106} INFO - 	at org.apache.spark.sql.catalyst.plans.logical.AnalysisHelper.transformDownWithPruning$(AnalysisHelper.scala:356)
[2026-04-12T09:47:57.586+0000] {subprocess.py:106} INFO - 	at org.apache.spark.sql.catalyst.plans.logical.LogicalPlan.transformDownWithPruning(LogicalPlan.scala:37)
[2026-04-12T09:47:57.586+0000] {subprocess.py:106} INFO - 	at org.apache.spark.sql.catalyst.plans.logical.LogicalPlan.transformDownWithPruning(LogicalPlan.scala:37)
[2026-04-12T09:47:57.587+0000] {subprocess.py:106} INFO - 	at org.apache.spark.sql.catalyst.trees.TreeNode.transformDown(TreeNode.scala:446)
[2026-04-12T09:47:57.587+0000] {subprocess.py:106} INFO - 	at org.apache.spark.sql.execution.QueryExecution.eagerlyExecuteCommands(QueryExecution.scala:164)
[2026-04-12T09:47:57.587+0000] {subprocess.py:106} INFO - 	at org.apache.spark.sql.execution.QueryExecution.$anonfun$lazyCommandExecuted$1(QueryExecution.scala:126)
[2026-04-12T09:47:57.588+0000] {subprocess.py:106} INFO - 	at scala.util.Try$.apply(Try.scala:217)
[2026-04-12T09:47:57.588+0000] {subprocess.py:106} INFO - 	at org.apache.spark.util.Utils$.doTryWithCallerStacktrace(Utils.scala:1378)
[2026-04-12T09:47:57.589+0000] {subprocess.py:106} INFO - 	at org.apache.spark.util.LazyTry.tryT$lzycompute(LazyTry.scala:46)
[2026-04-12T09:47:57.589+0000] {subprocess.py:106} INFO - 	at org.apache.spark.util.LazyTry.tryT(LazyTry.scala:46)
[2026-04-12T09:47:57.589+0000] {subprocess.py:106} INFO - 	... 58 more
[2026-04-12T09:47:57.590+0000] {subprocess.py:106} INFO - 
[2026-04-12T09:47:57.590+0000] {subprocess.py:106} INFO -  SQLSTATE: 39000 SQLSTATE: XXKST
[2026-04-12T09:47:57.590+0000] {subprocess.py:106} INFO - === Streaming Query ===
[2026-04-12T09:47:57.591+0000] {subprocess.py:106} INFO - Identifier: [id = fffa4a28-b831-4a17-a849-992bff20d106, runId = 0ce52385-993d-4375-8d16-34f3c822e6b5]
[2026-04-12T09:47:57.591+0000] {subprocess.py:106} INFO - Current Committed Offsets: {KafkaV2[Subscribe[weather-topic]]: {"weather-topic":{"0":0,"1":0,"2":0}}}
[2026-04-12T09:47:57.592+0000] {subprocess.py:106} INFO - Current Available Offsets: {KafkaV2[Subscribe[weather-topic]]: {"weather-topic":{"0":7,"1":6,"2":7}}}
[2026-04-12T09:47:57.592+0000] {subprocess.py:106} INFO - 
[2026-04-12T09:47:57.592+0000] {subprocess.py:106} INFO - Current State: ACTIVE
[2026-04-12T09:47:57.593+0000] {subprocess.py:106} INFO - Thread State: RUNNABLE
[2026-04-12T09:47:57.593+0000] {subprocess.py:106} INFO - 
[2026-04-12T09:47:57.593+0000] {subprocess.py:106} INFO - Logical Plan:
[2026-04-12T09:47:57.594+0000] {subprocess.py:106} INFO - ~WriteToMicroBatchDataSourceV1 ForeachBatchSink, fffa4a28-b831-4a17-a849-992bff20d106, [checkpointLocation=hdfs://23133083thuyvan-master:9000/user/hive/checkpoints/air_quality_realtime], Append
[2026-04-12T09:47:57.594+0000] {subprocess.py:106} INFO - +- ~Project [timestamp#42, location#17, latitude#18, longitude#19, country#20, condition_text#21, timezone#22, temperature_2m#23, relative_humidity_2m#24, apparent_temperature#25, precipitation#26, cloud_cover#27, wind_speed_10m#28, wind_direction_10m#29, wind_gusts_10m#30, uv_index#31, weather_code#32, european_aqi#33, us_aqi#34, pm10#35, pm2_5#36, carbon_monoxide#37, nitrogen_dioxide#38, sulphur_dioxide#39, ozone#40, ... 2 more fields]
[2026-04-12T09:47:57.595+0000] {subprocess.py:106} INFO -    +- ~Project [to_timestamp(timestamp#16, None, TimestampType, Some(GMT), true) AS timestamp#42, location#17, latitude#18, longitude#19, country#20, condition_text#21, timezone#22, temperature_2m#23, relative_humidity_2m#24, apparent_temperature#25, precipitation#26, cloud_cover#27, wind_speed_10m#28, wind_direction_10m#29, wind_gusts_10m#30, uv_index#31, weather_code#32, european_aqi#33, us_aqi#34, pm10#35, pm2_5#36, carbon_monoxide#37, nitrogen_dioxide#38, sulphur_dioxide#39, ozone#40, ... 1 more fields]
[2026-04-12T09:47:57.595+0000] {subprocess.py:106} INFO -       +- ~Project [timestamp#16, location#17, latitude#18, longitude#19, country#20, condition_text#21, timezone#22, temperature_2m#23, relative_humidity_2m#24, apparent_temperature#25, precipitation#26, cloud_cover#27, wind_speed_10m#28, wind_direction_10m#29, wind_gusts_10m#30, uv_index#31, weather_code#32, european_aqi#33, us_aqi#34, pm10#35, pm2_5#36, carbon_monoxide#37, nitrogen_dioxide#38, sulphur_dioxide#39, ozone#40, ... 1 more fields]
[2026-04-12T09:47:57.596+0000] {subprocess.py:106} INFO -          +- ~Project [data#15.timestamp AS timestamp#16, data#15.location AS location#17, data#15.latitude AS latitude#18, data#15.longitude AS longitude#19, data#15.country AS country#20, data#15.condition_text AS condition_text#21, data#15.timezone AS timezone#22, data#15.temperature_2m AS temperature_2m#23, data#15.relative_humidity_2m AS relative_humidity_2m#24, data#15.apparent_temperature AS apparent_temperature#25, data#15.precipitation AS precipitation#26, data#15.cloud_cover AS cloud_cover#27, data#15.wind_speed_10m AS wind_speed_10m#28, data#15.wind_direction_10m AS wind_direction_10m#29, data#15.wind_gusts_10m AS wind_gusts_10m#30, data#15.uv_index AS uv_index#31, data#15.weather_code AS weather_code#32, data#15.european_aqi AS european_aqi#33, data#15.us_aqi AS us_aqi#34, data#15.pm10 AS pm10#35, data#15.pm2_5 AS pm2_5#36, data#15.carbon_monoxide AS carbon_monoxide#37, data#15.nitrogen_dioxide AS nitrogen_dioxide#38, data#15.sulphur_dioxide AS sulphur_dioxide#39, data#15.ozone AS ozone#40]
[2026-04-12T09:47:57.596+0000] {subprocess.py:106} INFO -             +- ~Project [from_json(StructField(timestamp,StringType,true), StructField(location,StringType,true), StructField(latitude,DoubleType,true), StructField(longitude,DoubleType,true), StructField(country,StringType,true), StructField(condition_text,StringType,true), StructField(timezone,StringType,true), StructField(temperature_2m,DoubleType,true), StructField(relative_humidity_2m,DoubleType,true), StructField(apparent_temperature,DoubleType,true), StructField(precipitation,DoubleType,true), StructField(cloud_cover,DoubleType,true), StructField(wind_speed_10m,DoubleType,true), StructField(wind_direction_10m,DoubleType,true), StructField(wind_gusts_10m,DoubleType,true), StructField(uv_index,DoubleType,true), StructField(weather_code,IntegerType,true), StructField(european_aqi,IntegerType,true), StructField(us_aqi,IntegerType,true), StructField(pm10,DoubleType,true), StructField(pm2_5,DoubleType,true), StructField(carbon_monoxide,DoubleType,true), StructField(nitrogen_dioxide,DoubleType,true), StructField(sulphur_dioxide,DoubleType,true), StructField(ozone,DoubleType,true), ... 3 more fields) AS data#15]
[2026-04-12T09:47:57.596+0000] {subprocess.py:106} INFO -                +- ~Project [cast(value#8 as string) AS json#14]
[2026-04-12T09:47:57.597+0000] {subprocess.py:106} INFO -                   +- ~StreamingDataSourceV2ScanRelation[key#7, value#8, topic#9, partition#10, offset#11L, timestamp#12, timestampType#13] KafkaTable
[2026-04-12T09:47:57.597+0000] {subprocess.py:106} INFO - 
[2026-04-12T09:47:57.597+0000] {subprocess.py:106} INFO - 26/04/12 09:47:57 INFO ConsumerCoordinator: [Consumer clientId=consumer-spark-kafka-source-602249b4-d0d5-4848-9126-d7a657f85550--983882313-executor-3, groupId=spark-kafka-source-602249b4-d0d5-4848-9126-d7a657f85550--983882313-executor] Resetting generation and member id due to: consumer pro-actively leaving the group
[2026-04-12T09:47:57.598+0000] {subprocess.py:106} INFO - 26/04/12 09:47:57 INFO ConsumerCoordinator: [Consumer clientId=consumer-spark-kafka-source-602249b4-d0d5-4848-9126-d7a657f85550--983882313-executor-3, groupId=spark-kafka-source-602249b4-d0d5-4848-9126-d7a657f85550--983882313-executor] Request joining group due to: consumer pro-actively leaving the group
[2026-04-12T09:47:57.598+0000] {subprocess.py:106} INFO - 26/04/12 09:47:57 INFO Metrics: Metrics scheduler closed
[2026-04-12T09:47:57.599+0000] {subprocess.py:106} INFO - 26/04/12 09:47:57 INFO Metrics: Closing reporter org.apache.kafka.common.metrics.JmxReporter
[2026-04-12T09:47:57.599+0000] {subprocess.py:106} INFO - 26/04/12 09:47:57 INFO Metrics: Closing reporter org.apache.kafka.common.telemetry.internals.ClientTelemetryReporter
[2026-04-12T09:47:57.599+0000] {subprocess.py:106} INFO - 26/04/12 09:47:57 INFO Metrics: Metrics reporters closed
[2026-04-12T09:47:57.600+0000] {subprocess.py:106} INFO - 26/04/12 09:47:57 INFO AppInfoParser: App info kafka.consumer for consumer-spark-kafka-source-602249b4-d0d5-4848-9126-d7a657f85550--983882313-executor-3 unregistered
[2026-04-12T09:47:57.600+0000] {subprocess.py:106} INFO - 26/04/12 09:47:57 INFO ConsumerCoordinator: [Consumer clientId=consumer-spark-kafka-source-602249b4-d0d5-4848-9126-d7a657f85550--983882313-executor-2, groupId=spark-kafka-source-602249b4-d0d5-4848-9126-d7a657f85550--983882313-executor] Resetting generation and member id due to: consumer pro-actively leaving the group
[2026-04-12T09:47:57.601+0000] {subprocess.py:106} INFO - 26/04/12 09:47:57 INFO ConsumerCoordinator: [Consumer clientId=consumer-spark-kafka-source-602249b4-d0d5-4848-9126-d7a657f85550--983882313-executor-2, groupId=spark-kafka-source-602249b4-d0d5-4848-9126-d7a657f85550--983882313-executor] Request joining group due to: consumer pro-actively leaving the group
[2026-04-12T09:47:57.601+0000] {subprocess.py:106} INFO - 26/04/12 09:47:57 INFO Metrics: Metrics scheduler closed
[2026-04-12T09:47:57.601+0000] {subprocess.py:106} INFO - 26/04/12 09:47:57 INFO Metrics: Closing reporter org.apache.kafka.common.metrics.JmxReporter
[2026-04-12T09:47:57.602+0000] {subprocess.py:106} INFO - 26/04/12 09:47:57 INFO Metrics: Closing reporter org.apache.kafka.common.telemetry.internals.ClientTelemetryReporter
[2026-04-12T09:47:57.602+0000] {subprocess.py:106} INFO - 26/04/12 09:47:57 INFO Metrics: Metrics reporters closed
[2026-04-12T09:47:57.602+0000] {subprocess.py:106} INFO - 26/04/12 09:47:57 INFO AppInfoParser: App info kafka.consumer for consumer-spark-kafka-source-602249b4-d0d5-4848-9126-d7a657f85550--983882313-executor-2 unregistered
[2026-04-12T09:47:57.603+0000] {subprocess.py:106} INFO - 26/04/12 09:47:57 INFO ConsumerCoordinator: [Consumer clientId=consumer-spark-kafka-source-602249b4-d0d5-4848-9126-d7a657f85550--983882313-executor-1, groupId=spark-kafka-source-602249b4-d0d5-4848-9126-d7a657f85550--983882313-executor] Resetting generation and member id due to: consumer pro-actively leaving the group
[2026-04-12T09:47:57.603+0000] {subprocess.py:106} INFO - 26/04/12 09:47:57 INFO ConsumerCoordinator: [Consumer clientId=consumer-spark-kafka-source-602249b4-d0d5-4848-9126-d7a657f85550--983882313-executor-1, groupId=spark-kafka-source-602249b4-d0d5-4848-9126-d7a657f85550--983882313-executor] Request joining group due to: consumer pro-actively leaving the group
[2026-04-12T09:47:57.603+0000] {subprocess.py:106} INFO - 26/04/12 09:47:57 INFO Metrics: Metrics scheduler closed
[2026-04-12T09:47:57.605+0000] {subprocess.py:106} INFO - 26/04/12 09:47:57 INFO Metrics: Closing reporter org.apache.kafka.common.metrics.JmxReporter
[2026-04-12T09:47:57.606+0000] {subprocess.py:106} INFO - 26/04/12 09:47:57 INFO Metrics: Closing reporter org.apache.kafka.common.telemetry.internals.ClientTelemetryReporter
[2026-04-12T09:47:57.606+0000] {subprocess.py:106} INFO - 26/04/12 09:47:57 INFO Metrics: Metrics reporters closed
[2026-04-12T09:47:57.606+0000] {subprocess.py:106} INFO - 26/04/12 09:47:57 INFO AppInfoParser: App info kafka.consumer for consumer-spark-kafka-source-602249b4-d0d5-4848-9126-d7a657f85550--983882313-executor-1 unregistered
[2026-04-12T09:47:57.607+0000] {subprocess.py:106} INFO - 26/04/12 09:47:57 INFO SparkContext: Invoking stop() from shutdown hook
[2026-04-12T09:47:57.607+0000] {subprocess.py:106} INFO - 26/04/12 09:47:57 INFO SparkContext: SparkContext is stopping with exitCode 0 from run at Executors.java:572.
[2026-04-12T09:47:57.608+0000] {subprocess.py:106} INFO - 26/04/12 09:47:57 INFO SparkUI: Stopped Spark web UI at http://spark-master:4040
[2026-04-12T09:47:57.608+0000] {subprocess.py:106} INFO - 26/04/12 09:47:57 INFO MapOutputTrackerMasterEndpoint: MapOutputTrackerMasterEndpoint stopped!
[2026-04-12T09:47:57.608+0000] {subprocess.py:106} INFO - 26/04/12 09:47:57 INFO MemoryStore: MemoryStore cleared
[2026-04-12T09:47:57.609+0000] {subprocess.py:106} INFO - 26/04/12 09:47:57 INFO BlockManager: BlockManager stopped
[2026-04-12T09:47:57.609+0000] {subprocess.py:106} INFO - 26/04/12 09:47:57 INFO BlockManagerMaster: BlockManagerMaster stopped
[2026-04-12T09:47:57.609+0000] {subprocess.py:106} INFO - 26/04/12 09:47:57 INFO OutputCommitCoordinator$OutputCommitCoordinatorEndpoint: OutputCommitCoordinator stopped!
[2026-04-12T09:47:57.610+0000] {subprocess.py:106} INFO - 26/04/12 09:47:57 INFO SparkContext: Successfully stopped SparkContext
[2026-04-12T09:47:57.610+0000] {subprocess.py:106} INFO - 26/04/12 09:47:57 INFO ShutdownHookManager: Shutdown hook called
[2026-04-12T09:47:57.610+0000] {subprocess.py:106} INFO - 26/04/12 09:47:57 INFO ShutdownHookManager: Deleting directory /tmp/spark-1fdf4a35-0c13-4a23-ad39-4b6b00edda6d/pyspark-b361b7a8-9932-4bd2-9fe2-359ef1e198e0
[2026-04-12T09:47:57.611+0000] {subprocess.py:106} INFO - 26/04/12 09:47:57 INFO ShutdownHookManager: Deleting directory /tmp/spark-1fdf4a35-0c13-4a23-ad39-4b6b00edda6d
[2026-04-12T09:47:57.611+0000] {subprocess.py:106} INFO - 26/04/12 09:47:57 INFO ShutdownHookManager: Deleting directory /tmp/spark-09b43563-97b2-4b77-a050-0a4deb5ae5be
[2026-04-12T09:47:57.612+0000] {subprocess.py:106} INFO - 26/04/12 09:47:57 INFO ShutdownHookManager: Deleting directory /tmp/artifacts-87953932-b9a3-44ac-9568-99557453f5a4
[2026-04-12T09:47:57.685+0000] {subprocess.py:110} INFO - Command exited with return code 1
[2026-04-12T09:47:57.707+0000] {taskinstance.py:3311} ERROR - Task failed with exception
Traceback (most recent call last):
  File "/home/airflow/airflow/venv/lib/python3.12/site-packages/airflow/models/taskinstance.py", line 767, in _execute_task
    result = _execute_callable(context=context, **execute_callable_kwargs)
             ^^^^^^^^^^^^^^^^^^^^^^^^^^^^^^^^^^^^^^^^^^^^^^^^^^^^^^^^^^^^^
  File "/home/airflow/airflow/venv/lib/python3.12/site-packages/airflow/models/taskinstance.py", line 733, in _execute_callable
    return ExecutionCallableRunner(
           ^^^^^^^^^^^^^^^^^^^^^^^^
  File "/home/airflow/airflow/venv/lib/python3.12/site-packages/airflow/utils/operator_helpers.py", line 252, in run
    return self.func(*args, **kwargs)
           ^^^^^^^^^^^^^^^^^^^^^^^^^^
  File "/home/airflow/airflow/venv/lib/python3.12/site-packages/airflow/models/baseoperator.py", line 422, in wrapper
    return func(self, *args, **kwargs)
           ^^^^^^^^^^^^^^^^^^^^^^^^^^^
  File "/home/airflow/airflow/venv/lib/python3.12/site-packages/airflow/operators/bash.py", line 276, in execute
    raise AirflowException(
airflow.exceptions.AirflowException: Bash command failed. The command returned a non-zero exit code 1.
[2026-04-12T09:47:57.716+0000] {taskinstance.py:1225} INFO - Marking task as UP_FOR_RETRY. dag_id=weather_real_time_pipeline_v2, task_id=start_spark_streaming_job, run_id=scheduled__2026-04-12T09:40:00+00:00, execution_date=20260412T094000, start_date=20260412T094735, end_date=20260412T094757
[2026-04-12T09:47:57.734+0000] {taskinstance.py:340} INFO - ::group::Post task execution logs
[2026-04-12T09:47:57.734+0000] {standard_task_runner.py:124} ERROR - Failed to execute job 12 for task start_spark_streaming_job (Bash command failed. The command returned a non-zero exit code 1.; 31302)
Traceback (most recent call last):
  File "/home/airflow/airflow/venv/lib/python3.12/site-packages/airflow/task/task_runner/standard_task_runner.py", line 117, in _start_by_fork
    ret = args.func(args, dag=self.dag)
          ^^^^^^^^^^^^^^^^^^^^^^^^^^^^^
  File "/home/airflow/airflow/venv/lib/python3.12/site-packages/airflow/cli/cli_config.py", line 49, in command
    return func(*args, **kwargs)
           ^^^^^^^^^^^^^^^^^^^^^
  File "/home/airflow/airflow/venv/lib/python3.12/site-packages/airflow/utils/cli.py", line 116, in wrapper
    return f(*args, **kwargs)
           ^^^^^^^^^^^^^^^^^^
  File "/home/airflow/airflow/venv/lib/python3.12/site-packages/airflow/cli/commands/task_command.py", line 483, in task_run
    task_return_code = _run_task_by_selected_method(args, _dag, ti)
                       ^^^^^^^^^^^^^^^^^^^^^^^^^^^^^^^^^^^^^^^^^^^^
  File "/home/airflow/airflow/venv/lib/python3.12/site-packages/airflow/cli/commands/task_command.py", line 256, in _run_task_by_selected_method
    return _run_raw_task(args, ti)
           ^^^^^^^^^^^^^^^^^^^^^^^
  File "/home/airflow/airflow/venv/lib/python3.12/site-packages/airflow/cli/commands/task_command.py", line 341, in _run_raw_task
    return ti._run_raw_task(
           ^^^^^^^^^^^^^^^^^
  File "/home/airflow/airflow/venv/lib/python3.12/site-packages/airflow/utils/session.py", line 97, in wrapper
    return func(*args, session=session, **kwargs)
           ^^^^^^^^^^^^^^^^^^^^^^^^^^^^^^^^^^^^^^
  File "/home/airflow/airflow/venv/lib/python3.12/site-packages/airflow/models/taskinstance.py", line 3005, in _run_raw_task
    return _run_raw_task(
           ^^^^^^^^^^^^^^
  File "/home/airflow/airflow/venv/lib/python3.12/site-packages/airflow/models/taskinstance.py", line 273, in _run_raw_task
    TaskInstance._execute_task_with_callbacks(
  File "/home/airflow/airflow/venv/lib/python3.12/site-packages/airflow/models/taskinstance.py", line 3159, in _execute_task_with_callbacks
    result = self._execute_task(context, task_orig)
             ^^^^^^^^^^^^^^^^^^^^^^^^^^^^^^^^^^^^^^
  File "/home/airflow/airflow/venv/lib/python3.12/site-packages/airflow/models/taskinstance.py", line 3183, in _execute_task
    return _execute_task(self, context, task_orig)
           ^^^^^^^^^^^^^^^^^^^^^^^^^^^^^^^^^^^^^^^
  File "/home/airflow/airflow/venv/lib/python3.12/site-packages/airflow/models/taskinstance.py", line 767, in _execute_task
    result = _execute_callable(context=context, **execute_callable_kwargs)
             ^^^^^^^^^^^^^^^^^^^^^^^^^^^^^^^^^^^^^^^^^^^^^^^^^^^^^^^^^^^^^
  File "/home/airflow/airflow/venv/lib/python3.12/site-packages/airflow/models/taskinstance.py", line 733, in _execute_callable
    return ExecutionCallableRunner(
           ^^^^^^^^^^^^^^^^^^^^^^^^
  File "/home/airflow/airflow/venv/lib/python3.12/site-packages/airflow/utils/operator_helpers.py", line 252, in run
    return self.func(*args, **kwargs)
           ^^^^^^^^^^^^^^^^^^^^^^^^^^
  File "/home/airflow/airflow/venv/lib/python3.12/site-packages/airflow/models/baseoperator.py", line 422, in wrapper
    return func(self, *args, **kwargs)
           ^^^^^^^^^^^^^^^^^^^^^^^^^^^
  File "/home/airflow/airflow/venv/lib/python3.12/site-packages/airflow/operators/bash.py", line 276, in execute
    raise AirflowException(
airflow.exceptions.AirflowException: Bash command failed. The command returned a non-zero exit code 1.
[2026-04-12T09:47:57.745+0000] {local_task_job_runner.py:266} INFO - Task exited with return code 1
[2026-04-12T09:47:57.774+0000] {taskinstance.py:3895} INFO - 0 downstream tasks scheduled from follow-on schedule check
[2026-04-12T09:47:57.777+0000] {local_task_job_runner.py:245} INFO - ::endgroup::
