[2026-04-12T09:54:23.823+0000] {local_task_job_runner.py:123} INFO - ::group::Pre task execution logs
[2026-04-12T09:54:23.855+0000] {taskinstance.py:2613} INFO - Dependencies all met for dep_context=non-requeueable deps ti=<TaskInstance: weather_real_time_pipeline_v2.start_spark_streaming_job scheduled__2026-04-12T09:48:00+00:00 [queued]>
[2026-04-12T09:54:23.871+0000] {taskinstance.py:2613} INFO - Dependencies all met for dep_context=requeueable deps ti=<TaskInstance: weather_real_time_pipeline_v2.start_spark_streaming_job scheduled__2026-04-12T09:48:00+00:00 [queued]>
[2026-04-12T09:54:23.871+0000] {taskinstance.py:2866} INFO - Starting attempt 4 of 4
[2026-04-12T09:54:23.887+0000] {taskinstance.py:2889} INFO - Executing <Task(BashOperator): start_spark_streaming_job> on 2026-04-12 09:48:00+00:00
[2026-04-12T09:54:23.896+0000] {logging_mixin.py:190} WARNING - /home/airflow/airflow/venv/lib/python3.12/site-packages/airflow/task/task_runner/standard_task_runner.py:70 DeprecationWarning: This process (pid=52899) is multi-threaded, use of fork() may lead to deadlocks in the child.
[2026-04-12T09:54:23.896+0000] {standard_task_runner.py:104} INFO - Running: ['airflow', 'tasks', 'run', 'weather_real_time_pipeline_v2', 'start_spark_streaming_job', 'scheduled__2026-04-12T09:48:00+00:00', '--job-id', '36', '--raw', '--subdir', 'DAGS_FOLDER/weather_pipeline_dag.py', '--cfg-path', '/tmp/tmp5fvu643t']
[2026-04-12T09:54:23.897+0000] {standard_task_runner.py:72} INFO - Started process 52920 to run task
[2026-04-12T09:54:23.898+0000] {standard_task_runner.py:105} INFO - Job 36: Subtask start_spark_streaming_job
[2026-04-12T09:54:23.985+0000] {task_command.py:467} INFO - Running <TaskInstance: weather_real_time_pipeline_v2.start_spark_streaming_job scheduled__2026-04-12T09:48:00+00:00 [running]> on host airflow
[2026-04-12T09:54:24.110+0000] {taskinstance.py:3132} INFO - Exporting env vars: AIRFLOW_CTX_DAG_OWNER='airflow' AIRFLOW_CTX_DAG_ID='weather_real_time_pipeline_v2' AIRFLOW_CTX_TASK_ID='start_spark_streaming_job' AIRFLOW_CTX_EXECUTION_DATE='2026-04-12T09:48:00+00:00' AIRFLOW_CTX_TRY_NUMBER='4' AIRFLOW_CTX_DAG_RUN_ID='scheduled__2026-04-12T09:48:00+00:00'
[2026-04-12T09:54:24.111+0000] {taskinstance.py:731} INFO - ::endgroup::
[2026-04-12T09:54:24.126+0000] {subprocess.py:78} INFO - Tmp dir root location: /tmp
[2026-04-12T09:54:24.128+0000] {subprocess.py:88} INFO - Running command: ['/usr/bin/bash', '-c', 'docker exec spark-master spark-submit                 --packages org.apache.spark:spark-sql-kafka-0-10_2.13:4.0.0,org.apache.iceberg:iceberg-spark-runtime-4.0_2.13:1.10.1                 /home/spark/spark/spark_jobs/weather_streaming.py']
[2026-04-12T09:54:24.139+0000] {subprocess.py:99} INFO - Output:
[2026-04-12T09:54:24.653+0000] {subprocess.py:106} INFO - WARNING: Using incubator modules: jdk.incubator.vector
[2026-04-12T09:54:26.747+0000] {subprocess.py:106} INFO - :: loading settings :: url = jar:file:/home/spark/spark/jars/ivy-2.5.3.jar!/org/apache/ivy/core/settings/ivysettings.xml
[2026-04-12T09:54:26.828+0000] {subprocess.py:106} INFO - Ivy Default Cache set to: /home/spark/.ivy2.5.2/cache
[2026-04-12T09:54:26.829+0000] {subprocess.py:106} INFO - The jars for the packages stored in: /home/spark/.ivy2.5.2/jars
[2026-04-12T09:54:26.834+0000] {subprocess.py:106} INFO - org.apache.spark#spark-sql-kafka-0-10_2.13 added as a dependency
[2026-04-12T09:54:26.835+0000] {subprocess.py:106} INFO - org.apache.iceberg#iceberg-spark-runtime-4.0_2.13 added as a dependency
[2026-04-12T09:54:26.835+0000] {subprocess.py:106} INFO - :: resolving dependencies :: org.apache.spark#spark-submit-parent-cda38041-e2c7-41d5-bdee-c1008b4728d4;1.0
[2026-04-12T09:54:26.836+0000] {subprocess.py:106} INFO - 	confs: [default]
[2026-04-12T09:54:27.060+0000] {subprocess.py:106} INFO - 	found org.apache.spark#spark-sql-kafka-0-10_2.13;4.0.0 in central
[2026-04-12T09:54:27.145+0000] {subprocess.py:106} INFO - 	found org.apache.spark#spark-token-provider-kafka-0-10_2.13;4.0.0 in central
[2026-04-12T09:54:27.188+0000] {subprocess.py:106} INFO - 	found org.apache.kafka#kafka-clients;3.9.0 in central
[2026-04-12T09:54:27.234+0000] {subprocess.py:106} INFO - 	found org.lz4#lz4-java;1.8.0 in central
[2026-04-12T09:54:27.273+0000] {subprocess.py:106} INFO - 	found org.xerial.snappy#snappy-java;1.1.10.7 in central
[2026-04-12T09:54:27.304+0000] {subprocess.py:106} INFO - 	found org.slf4j#slf4j-api;2.0.16 in central
[2026-04-12T09:54:27.337+0000] {subprocess.py:106} INFO - 	found org.apache.hadoop#hadoop-client-runtime;3.4.1 in central
[2026-04-12T09:54:27.379+0000] {subprocess.py:106} INFO - 	found org.apache.hadoop#hadoop-client-api;3.4.1 in central
[2026-04-12T09:54:27.415+0000] {subprocess.py:106} INFO - 	found com.google.code.findbugs#jsr305;3.0.0 in central
[2026-04-12T09:54:27.437+0000] {subprocess.py:106} INFO - 	found org.scala-lang.modules#scala-parallel-collections_2.13;1.2.0 in central
[2026-04-12T09:54:27.466+0000] {subprocess.py:106} INFO - 	found org.apache.commons#commons-pool2;2.12.0 in central
[2026-04-12T09:54:27.491+0000] {subprocess.py:106} INFO - 	found org.apache.iceberg#iceberg-spark-runtime-4.0_2.13;1.10.1 in central
[2026-04-12T09:54:27.529+0000] {subprocess.py:106} INFO - :: resolution report :: resolve 669ms :: artifacts dl 24ms
[2026-04-12T09:54:27.530+0000] {subprocess.py:106} INFO - 	:: modules in use:
[2026-04-12T09:54:27.531+0000] {subprocess.py:106} INFO - 	com.google.code.findbugs#jsr305;3.0.0 from central in [default]
[2026-04-12T09:54:27.532+0000] {subprocess.py:106} INFO - 	org.apache.commons#commons-pool2;2.12.0 from central in [default]
[2026-04-12T09:54:27.533+0000] {subprocess.py:106} INFO - 	org.apache.hadoop#hadoop-client-api;3.4.1 from central in [default]
[2026-04-12T09:54:27.533+0000] {subprocess.py:106} INFO - 	org.apache.hadoop#hadoop-client-runtime;3.4.1 from central in [default]
[2026-04-12T09:54:27.534+0000] {subprocess.py:106} INFO - 	org.apache.iceberg#iceberg-spark-runtime-4.0_2.13;1.10.1 from central in [default]
[2026-04-12T09:54:27.534+0000] {subprocess.py:106} INFO - 	org.apache.kafka#kafka-clients;3.9.0 from central in [default]
[2026-04-12T09:54:27.535+0000] {subprocess.py:106} INFO - 	org.apache.spark#spark-sql-kafka-0-10_2.13;4.0.0 from central in [default]
[2026-04-12T09:54:27.535+0000] {subprocess.py:106} INFO - 	org.apache.spark#spark-token-provider-kafka-0-10_2.13;4.0.0 from central in [default]
[2026-04-12T09:54:27.536+0000] {subprocess.py:106} INFO - 	org.lz4#lz4-java;1.8.0 from central in [default]
[2026-04-12T09:54:27.536+0000] {subprocess.py:106} INFO - 	org.scala-lang.modules#scala-parallel-collections_2.13;1.2.0 from central in [default]
[2026-04-12T09:54:27.537+0000] {subprocess.py:106} INFO - 	org.slf4j#slf4j-api;2.0.16 from central in [default]
[2026-04-12T09:54:27.537+0000] {subprocess.py:106} INFO - 	org.xerial.snappy#snappy-java;1.1.10.7 from central in [default]
[2026-04-12T09:54:27.538+0000] {subprocess.py:106} INFO - 	---------------------------------------------------------------------
[2026-04-12T09:54:27.539+0000] {subprocess.py:106} INFO - 	|                  |            modules            ||   artifacts   |
[2026-04-12T09:54:27.539+0000] {subprocess.py:106} INFO - 	|       conf       | number| search|dwnlded|evicted|| number|dwnlded|
[2026-04-12T09:54:27.540+0000] {subprocess.py:106} INFO - 	---------------------------------------------------------------------
[2026-04-12T09:54:27.540+0000] {subprocess.py:106} INFO - 	|      default     |   12  |   0   |   0   |   0   ||   12  |   0   |
[2026-04-12T09:54:27.541+0000] {subprocess.py:106} INFO - 	---------------------------------------------------------------------
[2026-04-12T09:54:27.543+0000] {subprocess.py:106} INFO - :: retrieving :: org.apache.spark#spark-submit-parent-cda38041-e2c7-41d5-bdee-c1008b4728d4
[2026-04-12T09:54:27.544+0000] {subprocess.py:106} INFO - 	confs: [default]
[2026-04-12T09:54:27.558+0000] {subprocess.py:106} INFO - 	0 artifacts copied, 12 already retrieved (0kB/15ms)
[2026-04-12T09:54:27.893+0000] {subprocess.py:106} INFO - 26/04/12 09:54:27 WARN NativeCodeLoader: Unable to load native-hadoop library for your platform... using builtin-java classes where applicable
[2026-04-12T09:54:29.345+0000] {subprocess.py:106} INFO - Using Spark's default log4j profile: org/apache/spark/log4j2-defaults.properties
[2026-04-12T09:54:29.354+0000] {subprocess.py:106} INFO - 26/04/12 09:54:29 INFO SparkContext: Running Spark version 4.0.2
[2026-04-12T09:54:29.356+0000] {subprocess.py:106} INFO - 26/04/12 09:54:29 INFO SparkContext: OS info Linux, 6.6.87.2-microsoft-standard-WSL2, amd64
[2026-04-12T09:54:29.357+0000] {subprocess.py:106} INFO - 26/04/12 09:54:29 INFO SparkContext: Java version 21.0.10
[2026-04-12T09:54:29.392+0000] {subprocess.py:106} INFO - 26/04/12 09:54:29 INFO ResourceUtils: ==============================================================
[2026-04-12T09:54:29.392+0000] {subprocess.py:106} INFO - 26/04/12 09:54:29 INFO ResourceUtils: No custom resources configured for spark.driver.
[2026-04-12T09:54:29.393+0000] {subprocess.py:106} INFO - 26/04/12 09:54:29 INFO ResourceUtils: ==============================================================
[2026-04-12T09:54:29.395+0000] {subprocess.py:106} INFO - 26/04/12 09:54:29 INFO SparkContext: Submitted application: Weather_Kafka_to_Iceberg
[2026-04-12T09:54:29.435+0000] {subprocess.py:106} INFO - 26/04/12 09:54:29 INFO ResourceProfile: Default ResourceProfile created, executor resources: Map(cores -> name: cores, amount: 2, script: , vendor: , memory -> name: memory, amount: 2048, script: , vendor: , offHeap -> name: offHeap, amount: 0, script: , vendor: ), task resources: Map(cpus -> name: cpus, amount: 1.0)
[2026-04-12T09:54:29.444+0000] {subprocess.py:106} INFO - 26/04/12 09:54:29 INFO ResourceProfile: Limiting resource is cpus at 2 tasks per executor
[2026-04-12T09:54:29.447+0000] {subprocess.py:106} INFO - 26/04/12 09:54:29 INFO ResourceProfileManager: Added ResourceProfile id: 0
[2026-04-12T09:54:29.527+0000] {subprocess.py:106} INFO - 26/04/12 09:54:29 INFO SecurityManager: Changing view acls to: spark
[2026-04-12T09:54:29.529+0000] {subprocess.py:106} INFO - 26/04/12 09:54:29 INFO SecurityManager: Changing modify acls to: spark
[2026-04-12T09:54:29.530+0000] {subprocess.py:106} INFO - 26/04/12 09:54:29 INFO SecurityManager: Changing view acls groups to: spark
[2026-04-12T09:54:29.531+0000] {subprocess.py:106} INFO - 26/04/12 09:54:29 INFO SecurityManager: Changing modify acls groups to: spark
[2026-04-12T09:54:29.536+0000] {subprocess.py:106} INFO - 26/04/12 09:54:29 INFO SecurityManager: SecurityManager: authentication disabled; ui acls disabled; users with view permissions: spark groups with view permissions: EMPTY; users with modify permissions: spark; groups with modify permissions: EMPTY; RPC SSL disabled
[2026-04-12T09:54:29.851+0000] {subprocess.py:106} INFO - 26/04/12 09:54:29 INFO Utils: Successfully started service 'sparkDriver' on port 39663.
[2026-04-12T09:54:29.878+0000] {subprocess.py:106} INFO - 26/04/12 09:54:29 INFO SparkEnv: Registering MapOutputTracker
[2026-04-12T09:54:29.891+0000] {subprocess.py:106} INFO - 26/04/12 09:54:29 INFO SparkEnv: Registering BlockManagerMaster
[2026-04-12T09:54:29.907+0000] {subprocess.py:106} INFO - 26/04/12 09:54:29 INFO BlockManagerMasterEndpoint: Using org.apache.spark.storage.DefaultTopologyMapper for getting topology information
[2026-04-12T09:54:29.908+0000] {subprocess.py:106} INFO - 26/04/12 09:54:29 INFO BlockManagerMasterEndpoint: BlockManagerMasterEndpoint up
[2026-04-12T09:54:29.912+0000] {subprocess.py:106} INFO - 26/04/12 09:54:29 INFO SparkEnv: Registering BlockManagerMasterHeartbeat
[2026-04-12T09:54:29.946+0000] {subprocess.py:106} INFO - 26/04/12 09:54:29 INFO DiskBlockManager: Created local directory at /tmp/blockmgr-f950c051-bd2b-403e-a279-cc31f393ff0f
[2026-04-12T09:54:29.970+0000] {subprocess.py:106} INFO - 26/04/12 09:54:29 INFO SparkEnv: Registering OutputCommitCoordinator
[2026-04-12T09:54:30.138+0000] {subprocess.py:106} INFO - 26/04/12 09:54:30 INFO JettyUtils: Start Jetty 0.0.0.0:4040 for SparkUI
[2026-04-12T09:54:30.217+0000] {subprocess.py:106} INFO - 26/04/12 09:54:30 INFO Utils: Successfully started service 'SparkUI' on port 4040.
[2026-04-12T09:54:30.266+0000] {subprocess.py:106} INFO - 26/04/12 09:54:30 INFO SparkContext: Added JAR file:///home/spark/.ivy2.5.2/jars/org.apache.spark_spark-sql-kafka-0-10_2.13-4.0.0.jar at spark://spark-master:39663/jars/org.apache.spark_spark-sql-kafka-0-10_2.13-4.0.0.jar with timestamp 1775987669334
[2026-04-12T09:54:30.266+0000] {subprocess.py:106} INFO - 26/04/12 09:54:30 INFO SparkContext: Added JAR file:///home/spark/.ivy2.5.2/jars/org.apache.iceberg_iceberg-spark-runtime-4.0_2.13-1.10.1.jar at spark://spark-master:39663/jars/org.apache.iceberg_iceberg-spark-runtime-4.0_2.13-1.10.1.jar with timestamp 1775987669334
[2026-04-12T09:54:30.267+0000] {subprocess.py:106} INFO - 26/04/12 09:54:30 INFO SparkContext: Added JAR file:///home/spark/.ivy2.5.2/jars/org.apache.spark_spark-token-provider-kafka-0-10_2.13-4.0.0.jar at spark://spark-master:39663/jars/org.apache.spark_spark-token-provider-kafka-0-10_2.13-4.0.0.jar with timestamp 1775987669334
[2026-04-12T09:54:30.268+0000] {subprocess.py:106} INFO - 26/04/12 09:54:30 INFO SparkContext: Added JAR file:///home/spark/.ivy2.5.2/jars/org.scala-lang.modules_scala-parallel-collections_2.13-1.2.0.jar at spark://spark-master:39663/jars/org.scala-lang.modules_scala-parallel-collections_2.13-1.2.0.jar with timestamp 1775987669334
[2026-04-12T09:54:30.268+0000] {subprocess.py:106} INFO - 26/04/12 09:54:30 INFO SparkContext: Added JAR file:///home/spark/.ivy2.5.2/jars/org.apache.kafka_kafka-clients-3.9.0.jar at spark://spark-master:39663/jars/org.apache.kafka_kafka-clients-3.9.0.jar with timestamp 1775987669334
[2026-04-12T09:54:30.268+0000] {subprocess.py:106} INFO - 26/04/12 09:54:30 INFO SparkContext: Added JAR file:///home/spark/.ivy2.5.2/jars/com.google.code.findbugs_jsr305-3.0.0.jar at spark://spark-master:39663/jars/com.google.code.findbugs_jsr305-3.0.0.jar with timestamp 1775987669334
[2026-04-12T09:54:30.269+0000] {subprocess.py:106} INFO - 26/04/12 09:54:30 INFO SparkContext: Added JAR file:///home/spark/.ivy2.5.2/jars/org.apache.commons_commons-pool2-2.12.0.jar at spark://spark-master:39663/jars/org.apache.commons_commons-pool2-2.12.0.jar with timestamp 1775987669334
[2026-04-12T09:54:30.269+0000] {subprocess.py:106} INFO - 26/04/12 09:54:30 INFO SparkContext: Added JAR file:///home/spark/.ivy2.5.2/jars/org.apache.hadoop_hadoop-client-runtime-3.4.1.jar at spark://spark-master:39663/jars/org.apache.hadoop_hadoop-client-runtime-3.4.1.jar with timestamp 1775987669334
[2026-04-12T09:54:30.270+0000] {subprocess.py:106} INFO - 26/04/12 09:54:30 INFO SparkContext: Added JAR file:///home/spark/.ivy2.5.2/jars/org.lz4_lz4-java-1.8.0.jar at spark://spark-master:39663/jars/org.lz4_lz4-java-1.8.0.jar with timestamp 1775987669334
[2026-04-12T09:54:30.271+0000] {subprocess.py:106} INFO - 26/04/12 09:54:30 INFO SparkContext: Added JAR file:///home/spark/.ivy2.5.2/jars/org.xerial.snappy_snappy-java-1.1.10.7.jar at spark://spark-master:39663/jars/org.xerial.snappy_snappy-java-1.1.10.7.jar with timestamp 1775987669334
[2026-04-12T09:54:30.271+0000] {subprocess.py:106} INFO - 26/04/12 09:54:30 INFO SparkContext: Added JAR file:///home/spark/.ivy2.5.2/jars/org.slf4j_slf4j-api-2.0.16.jar at spark://spark-master:39663/jars/org.slf4j_slf4j-api-2.0.16.jar with timestamp 1775987669334
[2026-04-12T09:54:30.272+0000] {subprocess.py:106} INFO - 26/04/12 09:54:30 INFO SparkContext: Added JAR file:///home/spark/.ivy2.5.2/jars/org.apache.hadoop_hadoop-client-api-3.4.1.jar at spark://spark-master:39663/jars/org.apache.hadoop_hadoop-client-api-3.4.1.jar with timestamp 1775987669334
[2026-04-12T09:54:30.277+0000] {subprocess.py:106} INFO - 26/04/12 09:54:30 INFO SparkContext: Added file file:///home/spark/.ivy2.5.2/jars/org.apache.spark_spark-sql-kafka-0-10_2.13-4.0.0.jar at file:///home/spark/.ivy2.5.2/jars/org.apache.spark_spark-sql-kafka-0-10_2.13-4.0.0.jar with timestamp 1775987669334
[2026-04-12T09:54:30.281+0000] {subprocess.py:106} INFO - 26/04/12 09:54:30 INFO Utils: Copying /home/spark/.ivy2.5.2/jars/org.apache.spark_spark-sql-kafka-0-10_2.13-4.0.0.jar to /tmp/spark-cf773db0-49ce-43ef-b609-44a9aee05b06/userFiles-6f3bd05b-6a7d-4a18-863f-6be305e10e7c/org.apache.spark_spark-sql-kafka-0-10_2.13-4.0.0.jar
[2026-04-12T09:54:30.295+0000] {subprocess.py:106} INFO - 26/04/12 09:54:30 INFO SparkContext: Added file file:///home/spark/.ivy2.5.2/jars/org.apache.iceberg_iceberg-spark-runtime-4.0_2.13-1.10.1.jar at file:///home/spark/.ivy2.5.2/jars/org.apache.iceberg_iceberg-spark-runtime-4.0_2.13-1.10.1.jar with timestamp 1775987669334
[2026-04-12T09:54:30.296+0000] {subprocess.py:106} INFO - 26/04/12 09:54:30 INFO Utils: Copying /home/spark/.ivy2.5.2/jars/org.apache.iceberg_iceberg-spark-runtime-4.0_2.13-1.10.1.jar to /tmp/spark-cf773db0-49ce-43ef-b609-44a9aee05b06/userFiles-6f3bd05b-6a7d-4a18-863f-6be305e10e7c/org.apache.iceberg_iceberg-spark-runtime-4.0_2.13-1.10.1.jar
[2026-04-12T09:54:30.329+0000] {subprocess.py:106} INFO - 26/04/12 09:54:30 INFO SparkContext: Added file file:///home/spark/.ivy2.5.2/jars/org.apache.spark_spark-token-provider-kafka-0-10_2.13-4.0.0.jar at file:///home/spark/.ivy2.5.2/jars/org.apache.spark_spark-token-provider-kafka-0-10_2.13-4.0.0.jar with timestamp 1775987669334
[2026-04-12T09:54:30.329+0000] {subprocess.py:106} INFO - 26/04/12 09:54:30 INFO Utils: Copying /home/spark/.ivy2.5.2/jars/org.apache.spark_spark-token-provider-kafka-0-10_2.13-4.0.0.jar to /tmp/spark-cf773db0-49ce-43ef-b609-44a9aee05b06/userFiles-6f3bd05b-6a7d-4a18-863f-6be305e10e7c/org.apache.spark_spark-token-provider-kafka-0-10_2.13-4.0.0.jar
[2026-04-12T09:54:30.333+0000] {subprocess.py:106} INFO - 26/04/12 09:54:30 INFO SparkContext: Added file file:///home/spark/.ivy2.5.2/jars/org.scala-lang.modules_scala-parallel-collections_2.13-1.2.0.jar at file:///home/spark/.ivy2.5.2/jars/org.scala-lang.modules_scala-parallel-collections_2.13-1.2.0.jar with timestamp 1775987669334
[2026-04-12T09:54:30.333+0000] {subprocess.py:106} INFO - 26/04/12 09:54:30 INFO Utils: Copying /home/spark/.ivy2.5.2/jars/org.scala-lang.modules_scala-parallel-collections_2.13-1.2.0.jar to /tmp/spark-cf773db0-49ce-43ef-b609-44a9aee05b06/userFiles-6f3bd05b-6a7d-4a18-863f-6be305e10e7c/org.scala-lang.modules_scala-parallel-collections_2.13-1.2.0.jar
[2026-04-12T09:54:30.338+0000] {subprocess.py:106} INFO - 26/04/12 09:54:30 INFO SparkContext: Added file file:///home/spark/.ivy2.5.2/jars/org.apache.kafka_kafka-clients-3.9.0.jar at file:///home/spark/.ivy2.5.2/jars/org.apache.kafka_kafka-clients-3.9.0.jar with timestamp 1775987669334
[2026-04-12T09:54:30.339+0000] {subprocess.py:106} INFO - 26/04/12 09:54:30 INFO Utils: Copying /home/spark/.ivy2.5.2/jars/org.apache.kafka_kafka-clients-3.9.0.jar to /tmp/spark-cf773db0-49ce-43ef-b609-44a9aee05b06/userFiles-6f3bd05b-6a7d-4a18-863f-6be305e10e7c/org.apache.kafka_kafka-clients-3.9.0.jar
[2026-04-12T09:54:30.347+0000] {subprocess.py:106} INFO - 26/04/12 09:54:30 INFO SparkContext: Added file file:///home/spark/.ivy2.5.2/jars/com.google.code.findbugs_jsr305-3.0.0.jar at file:///home/spark/.ivy2.5.2/jars/com.google.code.findbugs_jsr305-3.0.0.jar with timestamp 1775987669334
[2026-04-12T09:54:30.348+0000] {subprocess.py:106} INFO - 26/04/12 09:54:30 INFO Utils: Copying /home/spark/.ivy2.5.2/jars/com.google.code.findbugs_jsr305-3.0.0.jar to /tmp/spark-cf773db0-49ce-43ef-b609-44a9aee05b06/userFiles-6f3bd05b-6a7d-4a18-863f-6be305e10e7c/com.google.code.findbugs_jsr305-3.0.0.jar
[2026-04-12T09:54:30.352+0000] {subprocess.py:106} INFO - 26/04/12 09:54:30 INFO SparkContext: Added file file:///home/spark/.ivy2.5.2/jars/org.apache.commons_commons-pool2-2.12.0.jar at file:///home/spark/.ivy2.5.2/jars/org.apache.commons_commons-pool2-2.12.0.jar with timestamp 1775987669334
[2026-04-12T09:54:30.353+0000] {subprocess.py:106} INFO - 26/04/12 09:54:30 INFO Utils: Copying /home/spark/.ivy2.5.2/jars/org.apache.commons_commons-pool2-2.12.0.jar to /tmp/spark-cf773db0-49ce-43ef-b609-44a9aee05b06/userFiles-6f3bd05b-6a7d-4a18-863f-6be305e10e7c/org.apache.commons_commons-pool2-2.12.0.jar
[2026-04-12T09:54:30.356+0000] {subprocess.py:106} INFO - 26/04/12 09:54:30 INFO SparkContext: Added file file:///home/spark/.ivy2.5.2/jars/org.apache.hadoop_hadoop-client-runtime-3.4.1.jar at file:///home/spark/.ivy2.5.2/jars/org.apache.hadoop_hadoop-client-runtime-3.4.1.jar with timestamp 1775987669334
[2026-04-12T09:54:30.357+0000] {subprocess.py:106} INFO - 26/04/12 09:54:30 INFO Utils: Copying /home/spark/.ivy2.5.2/jars/org.apache.hadoop_hadoop-client-runtime-3.4.1.jar to /tmp/spark-cf773db0-49ce-43ef-b609-44a9aee05b06/userFiles-6f3bd05b-6a7d-4a18-863f-6be305e10e7c/org.apache.hadoop_hadoop-client-runtime-3.4.1.jar
[2026-04-12T09:54:30.377+0000] {subprocess.py:106} INFO - 26/04/12 09:54:30 INFO SparkContext: Added file file:///home/spark/.ivy2.5.2/jars/org.lz4_lz4-java-1.8.0.jar at file:///home/spark/.ivy2.5.2/jars/org.lz4_lz4-java-1.8.0.jar with timestamp 1775987669334
[2026-04-12T09:54:30.378+0000] {subprocess.py:106} INFO - 26/04/12 09:54:30 INFO Utils: Copying /home/spark/.ivy2.5.2/jars/org.lz4_lz4-java-1.8.0.jar to /tmp/spark-cf773db0-49ce-43ef-b609-44a9aee05b06/userFiles-6f3bd05b-6a7d-4a18-863f-6be305e10e7c/org.lz4_lz4-java-1.8.0.jar
[2026-04-12T09:54:30.382+0000] {subprocess.py:106} INFO - 26/04/12 09:54:30 INFO SparkContext: Added file file:///home/spark/.ivy2.5.2/jars/org.xerial.snappy_snappy-java-1.1.10.7.jar at file:///home/spark/.ivy2.5.2/jars/org.xerial.snappy_snappy-java-1.1.10.7.jar with timestamp 1775987669334
[2026-04-12T09:54:30.383+0000] {subprocess.py:106} INFO - 26/04/12 09:54:30 INFO Utils: Copying /home/spark/.ivy2.5.2/jars/org.xerial.snappy_snappy-java-1.1.10.7.jar to /tmp/spark-cf773db0-49ce-43ef-b609-44a9aee05b06/userFiles-6f3bd05b-6a7d-4a18-863f-6be305e10e7c/org.xerial.snappy_snappy-java-1.1.10.7.jar
[2026-04-12T09:54:30.388+0000] {subprocess.py:106} INFO - 26/04/12 09:54:30 INFO SparkContext: Added file file:///home/spark/.ivy2.5.2/jars/org.slf4j_slf4j-api-2.0.16.jar at file:///home/spark/.ivy2.5.2/jars/org.slf4j_slf4j-api-2.0.16.jar with timestamp 1775987669334
[2026-04-12T09:54:30.388+0000] {subprocess.py:106} INFO - 26/04/12 09:54:30 INFO Utils: Copying /home/spark/.ivy2.5.2/jars/org.slf4j_slf4j-api-2.0.16.jar to /tmp/spark-cf773db0-49ce-43ef-b609-44a9aee05b06/userFiles-6f3bd05b-6a7d-4a18-863f-6be305e10e7c/org.slf4j_slf4j-api-2.0.16.jar
[2026-04-12T09:54:30.392+0000] {subprocess.py:106} INFO - 26/04/12 09:54:30 INFO SparkContext: Added file file:///home/spark/.ivy2.5.2/jars/org.apache.hadoop_hadoop-client-api-3.4.1.jar at file:///home/spark/.ivy2.5.2/jars/org.apache.hadoop_hadoop-client-api-3.4.1.jar with timestamp 1775987669334
[2026-04-12T09:54:30.393+0000] {subprocess.py:106} INFO - 26/04/12 09:54:30 INFO Utils: Copying /home/spark/.ivy2.5.2/jars/org.apache.hadoop_hadoop-client-api-3.4.1.jar to /tmp/spark-cf773db0-49ce-43ef-b609-44a9aee05b06/userFiles-6f3bd05b-6a7d-4a18-863f-6be305e10e7c/org.apache.hadoop_hadoop-client-api-3.4.1.jar
[2026-04-12T09:54:30.433+0000] {subprocess.py:106} INFO - 26/04/12 09:54:30 INFO SecurityManager: Changing view acls to: spark
[2026-04-12T09:54:30.434+0000] {subprocess.py:106} INFO - 26/04/12 09:54:30 INFO SecurityManager: Changing modify acls to: spark
[2026-04-12T09:54:30.434+0000] {subprocess.py:106} INFO - 26/04/12 09:54:30 INFO SecurityManager: Changing view acls groups to: spark
[2026-04-12T09:54:30.435+0000] {subprocess.py:106} INFO - 26/04/12 09:54:30 INFO SecurityManager: Changing modify acls groups to: spark
[2026-04-12T09:54:30.435+0000] {subprocess.py:106} INFO - 26/04/12 09:54:30 INFO SecurityManager: SecurityManager: authentication disabled; ui acls disabled; users with view permissions: spark groups with view permissions: EMPTY; users with modify permissions: spark; groups with modify permissions: EMPTY; RPC SSL disabled
[2026-04-12T09:54:30.646+0000] {subprocess.py:106} INFO - 26/04/12 09:54:30 INFO Executor: Starting executor ID driver on host spark-master
[2026-04-12T09:54:30.647+0000] {subprocess.py:106} INFO - 26/04/12 09:54:30 INFO Executor: OS info Linux, 6.6.87.2-microsoft-standard-WSL2, amd64
[2026-04-12T09:54:30.648+0000] {subprocess.py:106} INFO - 26/04/12 09:54:30 INFO Executor: Java version 21.0.10
[2026-04-12T09:54:30.667+0000] {subprocess.py:106} INFO - 26/04/12 09:54:30 INFO Executor: Starting executor with user classpath (userClassPathFirst = false): ''
[2026-04-12T09:54:30.670+0000] {subprocess.py:106} INFO - 26/04/12 09:54:30 INFO Executor: Created or updated repl class loader org.apache.spark.util.MutableURLClassLoader@1bd846b6 for default.
[2026-04-12T09:54:30.685+0000] {subprocess.py:106} INFO - 26/04/12 09:54:30 INFO Executor: Fetching file:///home/spark/.ivy2.5.2/jars/org.lz4_lz4-java-1.8.0.jar with timestamp 1775987669334
[2026-04-12T09:54:30.709+0000] {subprocess.py:106} INFO - 26/04/12 09:54:30 INFO Utils: /home/spark/.ivy2.5.2/jars/org.lz4_lz4-java-1.8.0.jar has been previously copied to /tmp/spark-cf773db0-49ce-43ef-b609-44a9aee05b06/userFiles-6f3bd05b-6a7d-4a18-863f-6be305e10e7c/org.lz4_lz4-java-1.8.0.jar
[2026-04-12T09:54:30.714+0000] {subprocess.py:106} INFO - 26/04/12 09:54:30 INFO Executor: Fetching file:///home/spark/.ivy2.5.2/jars/org.scala-lang.modules_scala-parallel-collections_2.13-1.2.0.jar with timestamp 1775987669334
[2026-04-12T09:54:30.716+0000] {subprocess.py:106} INFO - 26/04/12 09:54:30 INFO Utils: /home/spark/.ivy2.5.2/jars/org.scala-lang.modules_scala-parallel-collections_2.13-1.2.0.jar has been previously copied to /tmp/spark-cf773db0-49ce-43ef-b609-44a9aee05b06/userFiles-6f3bd05b-6a7d-4a18-863f-6be305e10e7c/org.scala-lang.modules_scala-parallel-collections_2.13-1.2.0.jar
[2026-04-12T09:54:30.721+0000] {subprocess.py:106} INFO - 26/04/12 09:54:30 INFO Executor: Fetching file:///home/spark/.ivy2.5.2/jars/org.apache.kafka_kafka-clients-3.9.0.jar with timestamp 1775987669334
[2026-04-12T09:54:30.729+0000] {subprocess.py:106} INFO - 26/04/12 09:54:30 INFO Utils: /home/spark/.ivy2.5.2/jars/org.apache.kafka_kafka-clients-3.9.0.jar has been previously copied to /tmp/spark-cf773db0-49ce-43ef-b609-44a9aee05b06/userFiles-6f3bd05b-6a7d-4a18-863f-6be305e10e7c/org.apache.kafka_kafka-clients-3.9.0.jar
[2026-04-12T09:54:30.737+0000] {subprocess.py:106} INFO - 26/04/12 09:54:30 INFO Executor: Fetching file:///home/spark/.ivy2.5.2/jars/org.apache.spark_spark-sql-kafka-0-10_2.13-4.0.0.jar with timestamp 1775987669334
[2026-04-12T09:54:30.739+0000] {subprocess.py:106} INFO - 26/04/12 09:54:30 INFO Utils: /home/spark/.ivy2.5.2/jars/org.apache.spark_spark-sql-kafka-0-10_2.13-4.0.0.jar has been previously copied to /tmp/spark-cf773db0-49ce-43ef-b609-44a9aee05b06/userFiles-6f3bd05b-6a7d-4a18-863f-6be305e10e7c/org.apache.spark_spark-sql-kafka-0-10_2.13-4.0.0.jar
[2026-04-12T09:54:30.743+0000] {subprocess.py:106} INFO - 26/04/12 09:54:30 INFO Executor: Fetching file:///home/spark/.ivy2.5.2/jars/org.apache.hadoop_hadoop-client-api-3.4.1.jar with timestamp 1775987669334
[2026-04-12T09:54:30.761+0000] {subprocess.py:106} INFO - 26/04/12 09:54:30 INFO Utils: /home/spark/.ivy2.5.2/jars/org.apache.hadoop_hadoop-client-api-3.4.1.jar has been previously copied to /tmp/spark-cf773db0-49ce-43ef-b609-44a9aee05b06/userFiles-6f3bd05b-6a7d-4a18-863f-6be305e10e7c/org.apache.hadoop_hadoop-client-api-3.4.1.jar
[2026-04-12T09:54:30.766+0000] {subprocess.py:106} INFO - 26/04/12 09:54:30 INFO Executor: Fetching file:///home/spark/.ivy2.5.2/jars/org.apache.commons_commons-pool2-2.12.0.jar with timestamp 1775987669334
[2026-04-12T09:54:30.768+0000] {subprocess.py:106} INFO - 26/04/12 09:54:30 INFO Utils: /home/spark/.ivy2.5.2/jars/org.apache.commons_commons-pool2-2.12.0.jar has been previously copied to /tmp/spark-cf773db0-49ce-43ef-b609-44a9aee05b06/userFiles-6f3bd05b-6a7d-4a18-863f-6be305e10e7c/org.apache.commons_commons-pool2-2.12.0.jar
[2026-04-12T09:54:30.772+0000] {subprocess.py:106} INFO - 26/04/12 09:54:30 INFO Executor: Fetching file:///home/spark/.ivy2.5.2/jars/org.slf4j_slf4j-api-2.0.16.jar with timestamp 1775987669334
[2026-04-12T09:54:30.773+0000] {subprocess.py:106} INFO - 26/04/12 09:54:30 INFO Utils: /home/spark/.ivy2.5.2/jars/org.slf4j_slf4j-api-2.0.16.jar has been previously copied to /tmp/spark-cf773db0-49ce-43ef-b609-44a9aee05b06/userFiles-6f3bd05b-6a7d-4a18-863f-6be305e10e7c/org.slf4j_slf4j-api-2.0.16.jar
[2026-04-12T09:54:30.777+0000] {subprocess.py:106} INFO - 26/04/12 09:54:30 INFO Executor: Fetching file:///home/spark/.ivy2.5.2/jars/org.apache.iceberg_iceberg-spark-runtime-4.0_2.13-1.10.1.jar with timestamp 1775987669334
[2026-04-12T09:54:30.808+0000] {subprocess.py:106} INFO - 26/04/12 09:54:30 INFO Utils: /home/spark/.ivy2.5.2/jars/org.apache.iceberg_iceberg-spark-runtime-4.0_2.13-1.10.1.jar has been previously copied to /tmp/spark-cf773db0-49ce-43ef-b609-44a9aee05b06/userFiles-6f3bd05b-6a7d-4a18-863f-6be305e10e7c/org.apache.iceberg_iceberg-spark-runtime-4.0_2.13-1.10.1.jar
[2026-04-12T09:54:30.812+0000] {subprocess.py:106} INFO - 26/04/12 09:54:30 INFO Executor: Fetching file:///home/spark/.ivy2.5.2/jars/org.apache.hadoop_hadoop-client-runtime-3.4.1.jar with timestamp 1775987669334
[2026-04-12T09:54:30.830+0000] {subprocess.py:106} INFO - 26/04/12 09:54:30 INFO Utils: /home/spark/.ivy2.5.2/jars/org.apache.hadoop_hadoop-client-runtime-3.4.1.jar has been previously copied to /tmp/spark-cf773db0-49ce-43ef-b609-44a9aee05b06/userFiles-6f3bd05b-6a7d-4a18-863f-6be305e10e7c/org.apache.hadoop_hadoop-client-runtime-3.4.1.jar
[2026-04-12T09:54:30.833+0000] {subprocess.py:106} INFO - 26/04/12 09:54:30 INFO Executor: Fetching file:///home/spark/.ivy2.5.2/jars/org.apache.spark_spark-token-provider-kafka-0-10_2.13-4.0.0.jar with timestamp 1775987669334
[2026-04-12T09:54:30.834+0000] {subprocess.py:106} INFO - 26/04/12 09:54:30 INFO Utils: /home/spark/.ivy2.5.2/jars/org.apache.spark_spark-token-provider-kafka-0-10_2.13-4.0.0.jar has been previously copied to /tmp/spark-cf773db0-49ce-43ef-b609-44a9aee05b06/userFiles-6f3bd05b-6a7d-4a18-863f-6be305e10e7c/org.apache.spark_spark-token-provider-kafka-0-10_2.13-4.0.0.jar
[2026-04-12T09:54:30.838+0000] {subprocess.py:106} INFO - 26/04/12 09:54:30 INFO Executor: Fetching file:///home/spark/.ivy2.5.2/jars/com.google.code.findbugs_jsr305-3.0.0.jar with timestamp 1775987669334
[2026-04-12T09:54:30.838+0000] {subprocess.py:106} INFO - 26/04/12 09:54:30 INFO Utils: /home/spark/.ivy2.5.2/jars/com.google.code.findbugs_jsr305-3.0.0.jar has been previously copied to /tmp/spark-cf773db0-49ce-43ef-b609-44a9aee05b06/userFiles-6f3bd05b-6a7d-4a18-863f-6be305e10e7c/com.google.code.findbugs_jsr305-3.0.0.jar
[2026-04-12T09:54:30.842+0000] {subprocess.py:106} INFO - 26/04/12 09:54:30 INFO Executor: Fetching file:///home/spark/.ivy2.5.2/jars/org.xerial.snappy_snappy-java-1.1.10.7.jar with timestamp 1775987669334
[2026-04-12T09:54:30.844+0000] {subprocess.py:106} INFO - 26/04/12 09:54:30 INFO Utils: /home/spark/.ivy2.5.2/jars/org.xerial.snappy_snappy-java-1.1.10.7.jar has been previously copied to /tmp/spark-cf773db0-49ce-43ef-b609-44a9aee05b06/userFiles-6f3bd05b-6a7d-4a18-863f-6be305e10e7c/org.xerial.snappy_snappy-java-1.1.10.7.jar
[2026-04-12T09:54:30.851+0000] {subprocess.py:106} INFO - 26/04/12 09:54:30 INFO Executor: Fetching spark://spark-master:39663/jars/org.apache.spark_spark-sql-kafka-0-10_2.13-4.0.0.jar with timestamp 1775987669334
[2026-04-12T09:54:30.897+0000] {subprocess.py:106} INFO - 26/04/12 09:54:30 INFO TransportClientFactory: Successfully created connection to spark-master/172.20.0.5:39663 after 30 ms (0 ms spent in bootstraps)
[2026-04-12T09:54:30.905+0000] {subprocess.py:106} INFO - 26/04/12 09:54:30 INFO Utils: Fetching spark://spark-master:39663/jars/org.apache.spark_spark-sql-kafka-0-10_2.13-4.0.0.jar to /tmp/spark-cf773db0-49ce-43ef-b609-44a9aee05b06/userFiles-6f3bd05b-6a7d-4a18-863f-6be305e10e7c/fetchFileTemp9757429796509427001.tmp
[2026-04-12T09:54:30.926+0000] {subprocess.py:106} INFO - 26/04/12 09:54:30 INFO Utils: /tmp/spark-cf773db0-49ce-43ef-b609-44a9aee05b06/userFiles-6f3bd05b-6a7d-4a18-863f-6be305e10e7c/fetchFileTemp9757429796509427001.tmp has been previously copied to /tmp/spark-cf773db0-49ce-43ef-b609-44a9aee05b06/userFiles-6f3bd05b-6a7d-4a18-863f-6be305e10e7c/org.apache.spark_spark-sql-kafka-0-10_2.13-4.0.0.jar
[2026-04-12T09:54:30.933+0000] {subprocess.py:106} INFO - 26/04/12 09:54:30 INFO Executor: Adding file:/tmp/spark-cf773db0-49ce-43ef-b609-44a9aee05b06/userFiles-6f3bd05b-6a7d-4a18-863f-6be305e10e7c/org.apache.spark_spark-sql-kafka-0-10_2.13-4.0.0.jar to class loader default
[2026-04-12T09:54:30.934+0000] {subprocess.py:106} INFO - 26/04/12 09:54:30 INFO Executor: Fetching spark://spark-master:39663/jars/com.google.code.findbugs_jsr305-3.0.0.jar with timestamp 1775987669334
[2026-04-12T09:54:30.935+0000] {subprocess.py:106} INFO - 26/04/12 09:54:30 INFO Utils: Fetching spark://spark-master:39663/jars/com.google.code.findbugs_jsr305-3.0.0.jar to /tmp/spark-cf773db0-49ce-43ef-b609-44a9aee05b06/userFiles-6f3bd05b-6a7d-4a18-863f-6be305e10e7c/fetchFileTemp11324366779801707830.tmp
[2026-04-12T09:54:30.936+0000] {subprocess.py:106} INFO - 26/04/12 09:54:30 INFO Utils: /tmp/spark-cf773db0-49ce-43ef-b609-44a9aee05b06/userFiles-6f3bd05b-6a7d-4a18-863f-6be305e10e7c/fetchFileTemp11324366779801707830.tmp has been previously copied to /tmp/spark-cf773db0-49ce-43ef-b609-44a9aee05b06/userFiles-6f3bd05b-6a7d-4a18-863f-6be305e10e7c/com.google.code.findbugs_jsr305-3.0.0.jar
[2026-04-12T09:54:30.940+0000] {subprocess.py:106} INFO - 26/04/12 09:54:30 INFO Executor: Adding file:/tmp/spark-cf773db0-49ce-43ef-b609-44a9aee05b06/userFiles-6f3bd05b-6a7d-4a18-863f-6be305e10e7c/com.google.code.findbugs_jsr305-3.0.0.jar to class loader default
[2026-04-12T09:54:30.940+0000] {subprocess.py:106} INFO - 26/04/12 09:54:30 INFO Executor: Fetching spark://spark-master:39663/jars/org.apache.iceberg_iceberg-spark-runtime-4.0_2.13-1.10.1.jar with timestamp 1775987669334
[2026-04-12T09:54:30.941+0000] {subprocess.py:106} INFO - 26/04/12 09:54:30 INFO Utils: Fetching spark://spark-master:39663/jars/org.apache.iceberg_iceberg-spark-runtime-4.0_2.13-1.10.1.jar to /tmp/spark-cf773db0-49ce-43ef-b609-44a9aee05b06/userFiles-6f3bd05b-6a7d-4a18-863f-6be305e10e7c/fetchFileTemp15844879598404092191.tmp
[2026-04-12T09:54:31.145+0000] {subprocess.py:106} INFO - 26/04/12 09:54:31 INFO Utils: /tmp/spark-cf773db0-49ce-43ef-b609-44a9aee05b06/userFiles-6f3bd05b-6a7d-4a18-863f-6be305e10e7c/fetchFileTemp15844879598404092191.tmp has been previously copied to /tmp/spark-cf773db0-49ce-43ef-b609-44a9aee05b06/userFiles-6f3bd05b-6a7d-4a18-863f-6be305e10e7c/org.apache.iceberg_iceberg-spark-runtime-4.0_2.13-1.10.1.jar
[2026-04-12T09:54:31.498+0000] {subprocess.py:106} INFO - 26/04/12 09:54:31 INFO Executor: Adding file:/tmp/spark-cf773db0-49ce-43ef-b609-44a9aee05b06/userFiles-6f3bd05b-6a7d-4a18-863f-6be305e10e7c/org.apache.iceberg_iceberg-spark-runtime-4.0_2.13-1.10.1.jar to class loader default
[2026-04-12T09:54:31.500+0000] {subprocess.py:106} INFO - 26/04/12 09:54:31 INFO Executor: Fetching spark://spark-master:39663/jars/org.apache.spark_spark-token-provider-kafka-0-10_2.13-4.0.0.jar with timestamp 1775987669334
[2026-04-12T09:54:31.501+0000] {subprocess.py:106} INFO - 26/04/12 09:54:31 INFO Utils: Fetching spark://spark-master:39663/jars/org.apache.spark_spark-token-provider-kafka-0-10_2.13-4.0.0.jar to /tmp/spark-cf773db0-49ce-43ef-b609-44a9aee05b06/userFiles-6f3bd05b-6a7d-4a18-863f-6be305e10e7c/fetchFileTemp1237874189034968078.tmp
[2026-04-12T09:54:31.504+0000] {subprocess.py:106} INFO - 26/04/12 09:54:31 INFO Utils: /tmp/spark-cf773db0-49ce-43ef-b609-44a9aee05b06/userFiles-6f3bd05b-6a7d-4a18-863f-6be305e10e7c/fetchFileTemp1237874189034968078.tmp has been previously copied to /tmp/spark-cf773db0-49ce-43ef-b609-44a9aee05b06/userFiles-6f3bd05b-6a7d-4a18-863f-6be305e10e7c/org.apache.spark_spark-token-provider-kafka-0-10_2.13-4.0.0.jar
[2026-04-12T09:54:31.508+0000] {subprocess.py:106} INFO - 26/04/12 09:54:31 INFO Executor: Adding file:/tmp/spark-cf773db0-49ce-43ef-b609-44a9aee05b06/userFiles-6f3bd05b-6a7d-4a18-863f-6be305e10e7c/org.apache.spark_spark-token-provider-kafka-0-10_2.13-4.0.0.jar to class loader default
[2026-04-12T09:54:31.510+0000] {subprocess.py:106} INFO - 26/04/12 09:54:31 INFO Executor: Fetching spark://spark-master:39663/jars/org.scala-lang.modules_scala-parallel-collections_2.13-1.2.0.jar with timestamp 1775987669334
[2026-04-12T09:54:31.511+0000] {subprocess.py:106} INFO - 26/04/12 09:54:31 INFO Utils: Fetching spark://spark-master:39663/jars/org.scala-lang.modules_scala-parallel-collections_2.13-1.2.0.jar to /tmp/spark-cf773db0-49ce-43ef-b609-44a9aee05b06/userFiles-6f3bd05b-6a7d-4a18-863f-6be305e10e7c/fetchFileTemp12841166094701500554.tmp
[2026-04-12T09:54:31.519+0000] {subprocess.py:106} INFO - 26/04/12 09:54:31 INFO Utils: /tmp/spark-cf773db0-49ce-43ef-b609-44a9aee05b06/userFiles-6f3bd05b-6a7d-4a18-863f-6be305e10e7c/fetchFileTemp12841166094701500554.tmp has been previously copied to /tmp/spark-cf773db0-49ce-43ef-b609-44a9aee05b06/userFiles-6f3bd05b-6a7d-4a18-863f-6be305e10e7c/org.scala-lang.modules_scala-parallel-collections_2.13-1.2.0.jar
[2026-04-12T09:54:31.532+0000] {subprocess.py:106} INFO - 26/04/12 09:54:31 INFO Executor: Adding file:/tmp/spark-cf773db0-49ce-43ef-b609-44a9aee05b06/userFiles-6f3bd05b-6a7d-4a18-863f-6be305e10e7c/org.scala-lang.modules_scala-parallel-collections_2.13-1.2.0.jar to class loader default
[2026-04-12T09:54:31.532+0000] {subprocess.py:106} INFO - 26/04/12 09:54:31 INFO Executor: Fetching spark://spark-master:39663/jars/org.slf4j_slf4j-api-2.0.16.jar with timestamp 1775987669334
[2026-04-12T09:54:31.533+0000] {subprocess.py:106} INFO - 26/04/12 09:54:31 INFO Utils: Fetching spark://spark-master:39663/jars/org.slf4j_slf4j-api-2.0.16.jar to /tmp/spark-cf773db0-49ce-43ef-b609-44a9aee05b06/userFiles-6f3bd05b-6a7d-4a18-863f-6be305e10e7c/fetchFileTemp1179823972448820412.tmp
[2026-04-12T09:54:31.535+0000] {subprocess.py:106} INFO - 26/04/12 09:54:31 INFO Utils: /tmp/spark-cf773db0-49ce-43ef-b609-44a9aee05b06/userFiles-6f3bd05b-6a7d-4a18-863f-6be305e10e7c/fetchFileTemp1179823972448820412.tmp has been previously copied to /tmp/spark-cf773db0-49ce-43ef-b609-44a9aee05b06/userFiles-6f3bd05b-6a7d-4a18-863f-6be305e10e7c/org.slf4j_slf4j-api-2.0.16.jar
[2026-04-12T09:54:31.539+0000] {subprocess.py:106} INFO - 26/04/12 09:54:31 INFO Executor: Adding file:/tmp/spark-cf773db0-49ce-43ef-b609-44a9aee05b06/userFiles-6f3bd05b-6a7d-4a18-863f-6be305e10e7c/org.slf4j_slf4j-api-2.0.16.jar to class loader default
[2026-04-12T09:54:31.540+0000] {subprocess.py:106} INFO - 26/04/12 09:54:31 INFO Executor: Fetching spark://spark-master:39663/jars/org.apache.hadoop_hadoop-client-runtime-3.4.1.jar with timestamp 1775987669334
[2026-04-12T09:54:31.541+0000] {subprocess.py:106} INFO - 26/04/12 09:54:31 INFO Utils: Fetching spark://spark-master:39663/jars/org.apache.hadoop_hadoop-client-runtime-3.4.1.jar to /tmp/spark-cf773db0-49ce-43ef-b609-44a9aee05b06/userFiles-6f3bd05b-6a7d-4a18-863f-6be305e10e7c/fetchFileTemp4150759410033785069.tmp
[2026-04-12T09:54:31.667+0000] {subprocess.py:106} INFO - 26/04/12 09:54:31 INFO Utils: /tmp/spark-cf773db0-49ce-43ef-b609-44a9aee05b06/userFiles-6f3bd05b-6a7d-4a18-863f-6be305e10e7c/fetchFileTemp4150759410033785069.tmp has been previously copied to /tmp/spark-cf773db0-49ce-43ef-b609-44a9aee05b06/userFiles-6f3bd05b-6a7d-4a18-863f-6be305e10e7c/org.apache.hadoop_hadoop-client-runtime-3.4.1.jar
[2026-04-12T09:54:32.052+0000] {subprocess.py:106} INFO - 26/04/12 09:54:32 INFO Executor: Adding file:/tmp/spark-cf773db0-49ce-43ef-b609-44a9aee05b06/userFiles-6f3bd05b-6a7d-4a18-863f-6be305e10e7c/org.apache.hadoop_hadoop-client-runtime-3.4.1.jar to class loader default
[2026-04-12T09:54:32.052+0000] {subprocess.py:106} INFO - 26/04/12 09:54:32 INFO Executor: Fetching spark://spark-master:39663/jars/org.xerial.snappy_snappy-java-1.1.10.7.jar with timestamp 1775987669334
[2026-04-12T09:54:32.053+0000] {subprocess.py:106} INFO - 26/04/12 09:54:32 INFO Utils: Fetching spark://spark-master:39663/jars/org.xerial.snappy_snappy-java-1.1.10.7.jar to /tmp/spark-cf773db0-49ce-43ef-b609-44a9aee05b06/userFiles-6f3bd05b-6a7d-4a18-863f-6be305e10e7c/fetchFileTemp8969403536789441999.tmp
[2026-04-12T09:54:32.066+0000] {subprocess.py:106} INFO - 26/04/12 09:54:32 INFO Utils: /tmp/spark-cf773db0-49ce-43ef-b609-44a9aee05b06/userFiles-6f3bd05b-6a7d-4a18-863f-6be305e10e7c/fetchFileTemp8969403536789441999.tmp has been previously copied to /tmp/spark-cf773db0-49ce-43ef-b609-44a9aee05b06/userFiles-6f3bd05b-6a7d-4a18-863f-6be305e10e7c/org.xerial.snappy_snappy-java-1.1.10.7.jar
[2026-04-12T09:54:32.104+0000] {subprocess.py:106} INFO - 26/04/12 09:54:32 INFO Executor: Adding file:/tmp/spark-cf773db0-49ce-43ef-b609-44a9aee05b06/userFiles-6f3bd05b-6a7d-4a18-863f-6be305e10e7c/org.xerial.snappy_snappy-java-1.1.10.7.jar to class loader default
[2026-04-12T09:54:32.105+0000] {subprocess.py:106} INFO - 26/04/12 09:54:32 INFO Executor: Fetching spark://spark-master:39663/jars/org.lz4_lz4-java-1.8.0.jar with timestamp 1775987669334
[2026-04-12T09:54:32.105+0000] {subprocess.py:106} INFO - 26/04/12 09:54:32 INFO Utils: Fetching spark://spark-master:39663/jars/org.lz4_lz4-java-1.8.0.jar to /tmp/spark-cf773db0-49ce-43ef-b609-44a9aee05b06/userFiles-6f3bd05b-6a7d-4a18-863f-6be305e10e7c/fetchFileTemp8243306864078482195.tmp
[2026-04-12T09:54:32.108+0000] {subprocess.py:106} INFO - 26/04/12 09:54:32 INFO Utils: /tmp/spark-cf773db0-49ce-43ef-b609-44a9aee05b06/userFiles-6f3bd05b-6a7d-4a18-863f-6be305e10e7c/fetchFileTemp8243306864078482195.tmp has been previously copied to /tmp/spark-cf773db0-49ce-43ef-b609-44a9aee05b06/userFiles-6f3bd05b-6a7d-4a18-863f-6be305e10e7c/org.lz4_lz4-java-1.8.0.jar
[2026-04-12T09:54:32.127+0000] {subprocess.py:106} INFO - 26/04/12 09:54:32 INFO Executor: Adding file:/tmp/spark-cf773db0-49ce-43ef-b609-44a9aee05b06/userFiles-6f3bd05b-6a7d-4a18-863f-6be305e10e7c/org.lz4_lz4-java-1.8.0.jar to class loader default
[2026-04-12T09:54:32.129+0000] {subprocess.py:106} INFO - 26/04/12 09:54:32 INFO Executor: Fetching spark://spark-master:39663/jars/org.apache.commons_commons-pool2-2.12.0.jar with timestamp 1775987669334
[2026-04-12T09:54:32.130+0000] {subprocess.py:106} INFO - 26/04/12 09:54:32 INFO Utils: Fetching spark://spark-master:39663/jars/org.apache.commons_commons-pool2-2.12.0.jar to /tmp/spark-cf773db0-49ce-43ef-b609-44a9aee05b06/userFiles-6f3bd05b-6a7d-4a18-863f-6be305e10e7c/fetchFileTemp818878969084882437.tmp
[2026-04-12T09:54:32.131+0000] {subprocess.py:106} INFO - 26/04/12 09:54:32 INFO Utils: /tmp/spark-cf773db0-49ce-43ef-b609-44a9aee05b06/userFiles-6f3bd05b-6a7d-4a18-863f-6be305e10e7c/fetchFileTemp818878969084882437.tmp has been previously copied to /tmp/spark-cf773db0-49ce-43ef-b609-44a9aee05b06/userFiles-6f3bd05b-6a7d-4a18-863f-6be305e10e7c/org.apache.commons_commons-pool2-2.12.0.jar
[2026-04-12T09:54:32.137+0000] {subprocess.py:106} INFO - 26/04/12 09:54:32 INFO Executor: Adding file:/tmp/spark-cf773db0-49ce-43ef-b609-44a9aee05b06/userFiles-6f3bd05b-6a7d-4a18-863f-6be305e10e7c/org.apache.commons_commons-pool2-2.12.0.jar to class loader default
[2026-04-12T09:54:32.140+0000] {subprocess.py:106} INFO - 26/04/12 09:54:32 INFO Executor: Fetching spark://spark-master:39663/jars/org.apache.hadoop_hadoop-client-api-3.4.1.jar with timestamp 1775987669334
[2026-04-12T09:54:32.140+0000] {subprocess.py:106} INFO - 26/04/12 09:54:32 INFO Utils: Fetching spark://spark-master:39663/jars/org.apache.hadoop_hadoop-client-api-3.4.1.jar to /tmp/spark-cf773db0-49ce-43ef-b609-44a9aee05b06/userFiles-6f3bd05b-6a7d-4a18-863f-6be305e10e7c/fetchFileTemp12190244515326682728.tmp
[2026-04-12T09:54:32.221+0000] {subprocess.py:106} INFO - 26/04/12 09:54:32 INFO Utils: /tmp/spark-cf773db0-49ce-43ef-b609-44a9aee05b06/userFiles-6f3bd05b-6a7d-4a18-863f-6be305e10e7c/fetchFileTemp12190244515326682728.tmp has been previously copied to /tmp/spark-cf773db0-49ce-43ef-b609-44a9aee05b06/userFiles-6f3bd05b-6a7d-4a18-863f-6be305e10e7c/org.apache.hadoop_hadoop-client-api-3.4.1.jar
[2026-04-12T09:54:32.477+0000] {subprocess.py:106} INFO - 26/04/12 09:54:32 INFO Executor: Adding file:/tmp/spark-cf773db0-49ce-43ef-b609-44a9aee05b06/userFiles-6f3bd05b-6a7d-4a18-863f-6be305e10e7c/org.apache.hadoop_hadoop-client-api-3.4.1.jar to class loader default
[2026-04-12T09:54:32.479+0000] {subprocess.py:106} INFO - 26/04/12 09:54:32 INFO Executor: Fetching spark://spark-master:39663/jars/org.apache.kafka_kafka-clients-3.9.0.jar with timestamp 1775987669334
[2026-04-12T09:54:32.479+0000] {subprocess.py:106} INFO - 26/04/12 09:54:32 INFO Utils: Fetching spark://spark-master:39663/jars/org.apache.kafka_kafka-clients-3.9.0.jar to /tmp/spark-cf773db0-49ce-43ef-b609-44a9aee05b06/userFiles-6f3bd05b-6a7d-4a18-863f-6be305e10e7c/fetchFileTemp16573698629538756175.tmp
[2026-04-12T09:54:32.513+0000] {subprocess.py:106} INFO - 26/04/12 09:54:32 INFO Utils: /tmp/spark-cf773db0-49ce-43ef-b609-44a9aee05b06/userFiles-6f3bd05b-6a7d-4a18-863f-6be305e10e7c/fetchFileTemp16573698629538756175.tmp has been previously copied to /tmp/spark-cf773db0-49ce-43ef-b609-44a9aee05b06/userFiles-6f3bd05b-6a7d-4a18-863f-6be305e10e7c/org.apache.kafka_kafka-clients-3.9.0.jar
[2026-04-12T09:54:32.585+0000] {subprocess.py:106} INFO - 26/04/12 09:54:32 INFO Executor: Adding file:/tmp/spark-cf773db0-49ce-43ef-b609-44a9aee05b06/userFiles-6f3bd05b-6a7d-4a18-863f-6be305e10e7c/org.apache.kafka_kafka-clients-3.9.0.jar to class loader default
[2026-04-12T09:54:32.597+0000] {subprocess.py:106} INFO - 26/04/12 09:54:32 INFO Utils: Successfully started service 'org.apache.spark.network.netty.NettyBlockTransferService' on port 43743.
[2026-04-12T09:54:32.598+0000] {subprocess.py:106} INFO - 26/04/12 09:54:32 INFO NettyBlockTransferService: Server created on spark-master:43743
[2026-04-12T09:54:32.600+0000] {subprocess.py:106} INFO - 26/04/12 09:54:32 INFO BlockManager: Using org.apache.spark.storage.RandomBlockReplicationPolicy for block replication policy
[2026-04-12T09:54:32.618+0000] {subprocess.py:106} INFO - 26/04/12 09:54:32 INFO BlockManagerMaster: Registering BlockManager BlockManagerId(driver, spark-master, 43743, None)
[2026-04-12T09:54:32.624+0000] {subprocess.py:106} INFO - 26/04/12 09:54:32 INFO BlockManagerMasterEndpoint: Registering block manager spark-master:43743 with 1048.8 MiB RAM, BlockManagerId(driver, spark-master, 43743, None)
[2026-04-12T09:54:32.628+0000] {subprocess.py:106} INFO - 26/04/12 09:54:32 INFO BlockManagerMaster: Registered BlockManager BlockManagerId(driver, spark-master, 43743, None)
[2026-04-12T09:54:32.630+0000] {subprocess.py:106} INFO - 26/04/12 09:54:32 INFO BlockManager: Initialized BlockManager: BlockManagerId(driver, spark-master, 43743, None)
[2026-04-12T09:54:35.646+0000] {subprocess.py:106} INFO - Spark + Iceberg ready!
[2026-04-12T09:54:35.672+0000] {subprocess.py:106} INFO - 26/04/12 09:54:35 INFO SharedState: spark.sql.warehouse.dir is not set, but hive.metastore.warehouse.dir is set. Setting spark.sql.warehouse.dir to the value of hive.metastore.warehouse.dir.
[2026-04-12T09:54:36.083+0000] {subprocess.py:106} INFO - 26/04/12 09:54:36 INFO SharedState: Warehouse path is 'hdfs://23133083thuyvan-master:9000/user/hive/warehouse'.
[2026-04-12T09:54:37.077+0000] {subprocess.py:106} INFO - 26/04/12 09:54:37 INFO CatalogUtil: Loading custom FileIO implementation: org.apache.iceberg.hadoop.HadoopFileIO
[2026-04-12T09:54:37.758+0000] {subprocess.py:106} INFO - 26/04/12 09:54:37 INFO HiveConf: Found configuration file file:/home/spark/spark/conf/hive-site.xml
[2026-04-12T09:54:37.936+0000] {subprocess.py:106} INFO - 26/04/12 09:54:37 INFO metastore: Trying to connect to metastore with URI thrift://23133083thuyvan-master:9083
[2026-04-12T09:54:37.955+0000] {subprocess.py:106} INFO - 26/04/12 09:54:37 INFO metastore: Opened a connection to metastore, current connections: 1
[2026-04-12T09:54:37.976+0000] {subprocess.py:106} INFO - 26/04/12 09:54:37 INFO metastore: Connected to metastore.
[2026-04-12T09:54:38.064+0000] {subprocess.py:106} INFO - Iceberg schema 'iceberg.air_quality_db' ready!
[2026-04-12T09:54:38.329+0000] {subprocess.py:106} INFO - 26/04/12 09:54:38 WARN SparkStringUtils: Truncated the string representation of a plan since it was too large. This behavior can be adjusted by setting 'spark.sql.debug.maxToStringFields'.
[2026-04-12T09:54:38.412+0000] {subprocess.py:106} INFO - 26/04/12 09:54:38 INFO BaseMetastoreTableOperations: Refreshing table metadata from new version: hdfs://23133083thuyvan-master:9000/user/hive/lakehouse/silver/air_quality_silver/metadata/00000-dcc929a9-39b0-49f7-ab4e-d198189dc5b1.metadata.json
[2026-04-12T09:54:38.975+0000] {subprocess.py:106} INFO - 26/04/12 09:54:38 INFO BaseMetastoreCatalog: Table loaded by catalog: iceberg.air_quality_db.air_quality_silver
[2026-04-12T09:54:38.984+0000] {subprocess.py:106} INFO - Iceberg table 'weather_real_time' ready!
[2026-04-12T09:54:39.958+0000] {subprocess.py:106} INFO - 26/04/12 09:54:39 INFO StateStoreCoordinatorRef: Registered StateStoreCoordinator endpoint
[2026-04-12T09:54:40.025+0000] {subprocess.py:106} INFO - 26/04/12 09:54:40 INFO ResolveWriteToStream: Checkpoint root hdfs://23133083thuyvan-master:9000/user/hive/checkpoints/air_quality_realtime resolved to hdfs://23133083thuyvan-master:9000/user/hive/checkpoints/air_quality_realtime.
[2026-04-12T09:54:40.026+0000] {subprocess.py:106} INFO - 26/04/12 09:54:40 WARN ResolveWriteToStream: spark.sql.adaptive.enabled is not supported in streaming DataFrames/Datasets and will be disabled.
[2026-04-12T09:54:40.184+0000] {subprocess.py:106} INFO - 26/04/12 09:54:40 INFO MicroBatchExecution: Starting [id = fffa4a28-b831-4a17-a849-992bff20d106, runId = 81b0f238-2169-428b-9777-93c02ef6c63f]. Use hdfs://23133083thuyvan-master:9000/user/hive/checkpoints/air_quality_realtime to store the query checkpoint.
[2026-04-12T09:54:40.192+0000] {subprocess.py:106} INFO - Streaming job started! Listening to 'weather-topic'...
[2026-04-12T09:54:40.198+0000] {subprocess.py:106} INFO - 26/04/12 09:54:40 INFO MicroBatchExecution: Reading table [org.apache.spark.sql.kafka010.KafkaSourceProvider$KafkaTable@6fd6867b] from DataSourceV2 named 'kafka' [org.apache.spark.sql.kafka010.KafkaSourceProvider@7b2e9191]
[2026-04-12T09:54:40.244+0000] {subprocess.py:106} INFO - 26/04/12 09:54:40 INFO MicroBatchExecution: Finish initializing with logical plan:
[2026-04-12T09:54:40.245+0000] {subprocess.py:106} INFO - ~WriteToMicroBatchDataSourceV1 ForeachBatchSink, fffa4a28-b831-4a17-a849-992bff20d106, [checkpointLocation=hdfs://23133083thuyvan-master:9000/user/hive/checkpoints/air_quality_realtime], Append
[2026-04-12T09:54:40.245+0000] {subprocess.py:106} INFO - +- ~Project [timestamp#42, location#17, latitude#18, longitude#19, country#20, condition_text#21, timezone#22, temperature_2m#23, relative_humidity_2m#24, apparent_temperature#25, precipitation#26, cloud_cover#27, wind_speed_10m#28, wind_direction_10m#29, wind_gusts_10m#30, uv_index#31, weather_code#32, european_aqi#33, us_aqi#34, pm10#35, pm2_5#36, carbon_monoxide#37, nitrogen_dioxide#38, sulphur_dioxide#39, ozone#40, ... 2 more fields]
[2026-04-12T09:54:40.245+0000] {subprocess.py:106} INFO -    +- ~Project [to_timestamp(timestamp#16, None, TimestampType, Some(GMT), true) AS timestamp#42, location#17, latitude#18, longitude#19, country#20, condition_text#21, timezone#22, temperature_2m#23, relative_humidity_2m#24, apparent_temperature#25, precipitation#26, cloud_cover#27, wind_speed_10m#28, wind_direction_10m#29, wind_gusts_10m#30, uv_index#31, weather_code#32, european_aqi#33, us_aqi#34, pm10#35, pm2_5#36, carbon_monoxide#37, nitrogen_dioxide#38, sulphur_dioxide#39, ozone#40, ... 1 more fields]
[2026-04-12T09:54:40.246+0000] {subprocess.py:106} INFO -       +- ~Project [timestamp#16, location#17, latitude#18, longitude#19, country#20, condition_text#21, timezone#22, temperature_2m#23, relative_humidity_2m#24, apparent_temperature#25, precipitation#26, cloud_cover#27, wind_speed_10m#28, wind_direction_10m#29, wind_gusts_10m#30, uv_index#31, weather_code#32, european_aqi#33, us_aqi#34, pm10#35, pm2_5#36, carbon_monoxide#37, nitrogen_dioxide#38, sulphur_dioxide#39, ozone#40, ... 1 more fields]
[2026-04-12T09:54:40.246+0000] {subprocess.py:106} INFO -          +- ~Project [data#15.timestamp AS timestamp#16, data#15.location AS location#17, data#15.latitude AS latitude#18, data#15.longitude AS longitude#19, data#15.country AS country#20, data#15.condition_text AS condition_text#21, data#15.timezone AS timezone#22, data#15.temperature_2m AS temperature_2m#23, data#15.relative_humidity_2m AS relative_humidity_2m#24, data#15.apparent_temperature AS apparent_temperature#25, data#15.precipitation AS precipitation#26, data#15.cloud_cover AS cloud_cover#27, data#15.wind_speed_10m AS wind_speed_10m#28, data#15.wind_direction_10m AS wind_direction_10m#29, data#15.wind_gusts_10m AS wind_gusts_10m#30, data#15.uv_index AS uv_index#31, data#15.weather_code AS weather_code#32, data#15.european_aqi AS european_aqi#33, data#15.us_aqi AS us_aqi#34, data#15.pm10 AS pm10#35, data#15.pm2_5 AS pm2_5#36, data#15.carbon_monoxide AS carbon_monoxide#37, data#15.nitrogen_dioxide AS nitrogen_dioxide#38, data#15.sulphur_dioxide AS sulphur_dioxide#39, data#15.ozone AS ozone#40]
[2026-04-12T09:54:40.247+0000] {subprocess.py:106} INFO -             +- ~Project [from_json(StructField(timestamp,StringType,true), StructField(location,StringType,true), StructField(latitude,DoubleType,true), StructField(longitude,DoubleType,true), StructField(country,StringType,true), StructField(condition_text,StringType,true), StructField(timezone,StringType,true), StructField(temperature_2m,DoubleType,true), StructField(relative_humidity_2m,DoubleType,true), StructField(apparent_temperature,DoubleType,true), StructField(precipitation,DoubleType,true), StructField(cloud_cover,DoubleType,true), StructField(wind_speed_10m,DoubleType,true), StructField(wind_direction_10m,DoubleType,true), StructField(wind_gusts_10m,DoubleType,true), StructField(uv_index,DoubleType,true), StructField(weather_code,IntegerType,true), StructField(european_aqi,IntegerType,true), StructField(us_aqi,IntegerType,true), StructField(pm10,DoubleType,true), StructField(pm2_5,DoubleType,true), StructField(carbon_monoxide,DoubleType,true), StructField(nitrogen_dioxide,DoubleType,true), StructField(sulphur_dioxide,DoubleType,true), StructField(ozone,DoubleType,true), ... 3 more fields) AS data#15]
[2026-04-12T09:54:40.247+0000] {subprocess.py:106} INFO -                +- ~Project [cast(value#8 as string) AS json#14]
[2026-04-12T09:54:40.247+0000] {subprocess.py:106} INFO -                   +- ~StreamingDataSourceV2ScanRelation[key#7, value#8, topic#9, partition#10, offset#11L, timestamp#12, timestampType#13] KafkaTable
[2026-04-12T09:54:40.248+0000] {subprocess.py:106} INFO - 
[2026-04-12T09:54:40.256+0000] {subprocess.py:106} INFO - 26/04/12 09:54:40 INFO OffsetSeqLog: BatchIds found from listing: 0, 1
[2026-04-12T09:54:40.271+0000] {subprocess.py:106} INFO - 26/04/12 09:54:40 INFO OffsetSeqLog: Getting latest batch 1
[2026-04-12T09:54:40.298+0000] {subprocess.py:106} INFO - 26/04/12 09:54:40 INFO OffsetSeqLog: BatchIds found from listing: 0, 1
[2026-04-12T09:54:40.300+0000] {subprocess.py:106} INFO - 26/04/12 09:54:40 INFO OffsetSeqLog: Getting latest batch 1
[2026-04-12T09:54:40.317+0000] {subprocess.py:106} INFO - 26/04/12 09:54:40 INFO CommitLog: BatchIds found from listing: 0
[2026-04-12T09:54:40.318+0000] {subprocess.py:106} INFO - 26/04/12 09:54:40 INFO CommitLog: Getting latest batch 0
[2026-04-12T09:54:40.476+0000] {subprocess.py:106} INFO - 26/04/12 09:54:40 INFO MicroBatchExecution: Resuming at batch 1 with committed offsets {KafkaV2[Subscribe[weather-topic]]: {"weather-topic":{"0":0,"1":0,"2":0}}} and available offsets {KafkaV2[Subscribe[weather-topic]]: {"weather-topic":{"0":7,"1":6,"2":7}}}
[2026-04-12T09:54:40.477+0000] {subprocess.py:106} INFO - 26/04/12 09:54:40 INFO MicroBatchExecution: Stream started from {KafkaV2[Subscribe[weather-topic]]: {"weather-topic":{"0":0,"1":0,"2":0}}}
[2026-04-12T09:54:40.618+0000] {subprocess.py:106} INFO - 26/04/12 09:54:40 INFO IncrementalExecution: Current batch timestamp = 1775987190013
[2026-04-12T09:54:40.823+0000] {subprocess.py:106} INFO - 26/04/12 09:54:40 INFO IncrementalExecution: Current batch timestamp = 1775987190013
[2026-04-12T09:54:41.362+0000] {subprocess.py:106} INFO - 26/04/12 09:54:41 INFO CodeGenerator: Code generated in 295.736885 ms
[2026-04-12T09:54:41.368+0000] {subprocess.py:106} INFO - 26/04/12 09:54:41 INFO KafkaOffsetReaderAdmin: Partitions added: Map()
[2026-04-12T09:54:41.680+0000] {subprocess.py:106} INFO - 26/04/12 09:54:41 INFO CodeGenerator: Code generated in 19.203951 ms
[2026-04-12T09:54:41.713+0000] {subprocess.py:106} INFO - 26/04/12 09:54:41 INFO CodeGenerator: Code generated in 17.043507 ms
[2026-04-12T09:54:41.859+0000] {subprocess.py:106} INFO - 26/04/12 09:54:41 INFO SparkContext: Starting job: start at NativeMethodAccessorImpl.java:0
[2026-04-12T09:54:41.880+0000] {subprocess.py:106} INFO - 26/04/12 09:54:41 INFO DAGScheduler: Registering RDD 6 (start at NativeMethodAccessorImpl.java:0) as input to shuffle 0
[2026-04-12T09:54:41.889+0000] {subprocess.py:106} INFO - 26/04/12 09:54:41 INFO DAGScheduler: Got job 0 (start at NativeMethodAccessorImpl.java:0) with 1 output partitions
[2026-04-12T09:54:41.891+0000] {subprocess.py:106} INFO - 26/04/12 09:54:41 INFO DAGScheduler: Final stage: ResultStage 1 (start at NativeMethodAccessorImpl.java:0)
[2026-04-12T09:54:41.896+0000] {subprocess.py:106} INFO - 26/04/12 09:54:41 INFO DAGScheduler: Parents of final stage: List(ShuffleMapStage 0)
[2026-04-12T09:54:41.897+0000] {subprocess.py:106} INFO - 26/04/12 09:54:41 INFO DAGScheduler: Missing parents: List(ShuffleMapStage 0)
[2026-04-12T09:54:41.898+0000] {subprocess.py:106} INFO - 26/04/12 09:54:41 INFO DAGScheduler: Submitting ShuffleMapStage 0 (MapPartitionsRDD[6] at start at NativeMethodAccessorImpl.java:0), which has no missing parents
[2026-04-12T09:54:42.005+0000] {subprocess.py:106} INFO - 26/04/12 09:54:42 INFO MemoryStore: MemoryStore started with capacity 1048.8 MiB
[2026-04-12T09:54:42.040+0000] {subprocess.py:106} INFO - 26/04/12 09:54:42 INFO MemoryStore: Block broadcast_0 stored as values in memory (estimated size 43.9 KiB, free 1048.8 MiB)
[2026-04-12T09:54:42.073+0000] {subprocess.py:106} INFO - 26/04/12 09:54:42 INFO MemoryStore: Block broadcast_0_piece0 stored as bytes in memory (estimated size 16.5 KiB, free 1048.7 MiB)
[2026-04-12T09:54:42.082+0000] {subprocess.py:106} INFO - 26/04/12 09:54:42 INFO SparkContext: Created broadcast 0 from broadcast at DAGScheduler.scala:1676
[2026-04-12T09:54:42.109+0000] {subprocess.py:106} INFO - 26/04/12 09:54:42 INFO DAGScheduler: Submitting 3 missing tasks from ShuffleMapStage 0 (MapPartitionsRDD[6] at start at NativeMethodAccessorImpl.java:0) (first 15 tasks are for partitions Vector(0, 1, 2))
[2026-04-12T09:54:42.113+0000] {subprocess.py:106} INFO - 26/04/12 09:54:42 INFO TaskSchedulerImpl: Adding task set 0.0 with 3 tasks resource profile 0
[2026-04-12T09:54:42.152+0000] {subprocess.py:106} INFO - 26/04/12 09:54:42 INFO TaskSetManager: Starting task 0.0 in stage 0.0 (TID 0) (spark-master,executor driver, partition 0, PROCESS_LOCAL, 13492 bytes)
[2026-04-12T09:54:42.157+0000] {subprocess.py:106} INFO - 26/04/12 09:54:42 INFO TaskSetManager: Starting task 1.0 in stage 0.0 (TID 1) (spark-master,executor driver, partition 1, PROCESS_LOCAL, 13492 bytes)
[2026-04-12T09:54:42.158+0000] {subprocess.py:106} INFO - 26/04/12 09:54:42 INFO TaskSetManager: Starting task 2.0 in stage 0.0 (TID 2) (spark-master,executor driver, partition 2, PROCESS_LOCAL, 13492 bytes)
[2026-04-12T09:54:42.173+0000] {subprocess.py:106} INFO - 26/04/12 09:54:42 INFO Executor: Running task 0.0 in stage 0.0 (TID 0)
[2026-04-12T09:54:42.174+0000] {subprocess.py:106} INFO - 26/04/12 09:54:42 INFO Executor: Running task 1.0 in stage 0.0 (TID 1)
[2026-04-12T09:54:42.175+0000] {subprocess.py:106} INFO - 26/04/12 09:54:42 INFO Executor: Running task 2.0 in stage 0.0 (TID 2)
[2026-04-12T09:54:42.448+0000] {subprocess.py:106} INFO - 26/04/12 09:54:42 INFO CodeGenerator: Code generated in 63.213277 ms
[2026-04-12T09:54:42.498+0000] {subprocess.py:106} INFO - 26/04/12 09:54:42 INFO CodeGenerator: Code generated in 50.529497 ms
[2026-04-12T09:54:42.519+0000] {subprocess.py:106} INFO - 26/04/12 09:54:42 INFO CodeGenerator: Code generated in 14.709462 ms
[2026-04-12T09:54:42.539+0000] {subprocess.py:106} INFO - 26/04/12 09:54:42 INFO SecurityManager: Changing view acls to: spark
[2026-04-12T09:54:42.540+0000] {subprocess.py:106} INFO - 26/04/12 09:54:42 INFO SecurityManager: Changing modify acls to: spark
[2026-04-12T09:54:42.540+0000] {subprocess.py:106} INFO - 26/04/12 09:54:42 INFO SecurityManager: Changing view acls groups to: spark
[2026-04-12T09:54:42.541+0000] {subprocess.py:106} INFO - 26/04/12 09:54:42 INFO SecurityManager: Changing modify acls groups to: spark
[2026-04-12T09:54:42.541+0000] {subprocess.py:106} INFO - 26/04/12 09:54:42 INFO SecurityManager: SecurityManager: authentication disabled; ui acls disabled; users with view permissions: spark groups with view permissions: EMPTY; users with modify permissions: spark; groups with modify permissions: EMPTY; RPC SSL disabled
[2026-04-12T09:54:42.571+0000] {subprocess.py:106} INFO - 26/04/12 09:54:42 INFO KafkaBatchReaderFactory: Creating Kafka reader topicPartition=weather-topic-0 fromOffset=0} untilOffset=7, for query queryId=fffa4a28-b831-4a17-a849-992bff20d106 batchId=1 taskId=0 partitionId=0
[2026-04-12T09:54:42.572+0000] {subprocess.py:106} INFO - 26/04/12 09:54:42 INFO KafkaBatchReaderFactory: Creating Kafka reader topicPartition=weather-topic-2 fromOffset=0} untilOffset=7, for query queryId=fffa4a28-b831-4a17-a849-992bff20d106 batchId=1 taskId=2 partitionId=2
[2026-04-12T09:54:42.573+0000] {subprocess.py:106} INFO - 26/04/12 09:54:42 INFO KafkaBatchReaderFactory: Creating Kafka reader topicPartition=weather-topic-1 fromOffset=0} untilOffset=6, for query queryId=fffa4a28-b831-4a17-a849-992bff20d106 batchId=1 taskId=1 partitionId=1
[2026-04-12T09:54:42.627+0000] {subprocess.py:106} INFO - 26/04/12 09:54:42 INFO CodeGenerator: Code generated in 11.285917 ms
[2026-04-12T09:54:42.670+0000] {subprocess.py:106} INFO - 26/04/12 09:54:42 INFO CodeGenerator: Code generated in 20.091012 ms
[2026-04-12T09:54:42.756+0000] {subprocess.py:106} INFO - 26/04/12 09:54:42 INFO ConsumerConfig: ConsumerConfig values:
[2026-04-12T09:54:42.757+0000] {subprocess.py:106} INFO - 	allow.auto.create.topics = true
[2026-04-12T09:54:42.757+0000] {subprocess.py:106} INFO - 	auto.commit.interval.ms = 5000
[2026-04-12T09:54:42.757+0000] {subprocess.py:106} INFO - 	auto.include.jmx.reporter = true
[2026-04-12T09:54:42.758+0000] {subprocess.py:106} INFO - 	auto.offset.reset = none
[2026-04-12T09:54:42.758+0000] {subprocess.py:106} INFO - 	bootstrap.servers = [kafka:9092]
[2026-04-12T09:54:42.758+0000] {subprocess.py:106} INFO - 	check.crcs = true
[2026-04-12T09:54:42.759+0000] {subprocess.py:106} INFO - 	client.dns.lookup = use_all_dns_ips
[2026-04-12T09:54:42.759+0000] {subprocess.py:106} INFO - 	client.id = consumer-spark-kafka-source-838a2774-c315-423f-96bd-f700a8bb7dca--983882313-executor-3
[2026-04-12T09:54:42.759+0000] {subprocess.py:106} INFO - 	client.rack =
[2026-04-12T09:54:42.760+0000] {subprocess.py:106} INFO - 	connections.max.idle.ms = 540000
[2026-04-12T09:54:42.760+0000] {subprocess.py:106} INFO - 	default.api.timeout.ms = 60000
[2026-04-12T09:54:42.760+0000] {subprocess.py:106} INFO - 	enable.auto.commit = false
[2026-04-12T09:54:42.761+0000] {subprocess.py:106} INFO - 	enable.metrics.push = true
[2026-04-12T09:54:42.761+0000] {subprocess.py:106} INFO - 	exclude.internal.topics = true
[2026-04-12T09:54:42.761+0000] {subprocess.py:106} INFO - 	fetch.max.bytes = 52428800
[2026-04-12T09:54:42.762+0000] {subprocess.py:106} INFO - 	fetch.max.wait.ms = 500
[2026-04-12T09:54:42.762+0000] {subprocess.py:106} INFO - 	fetch.min.bytes = 1
[2026-04-12T09:54:42.762+0000] {subprocess.py:106} INFO - 	group.id = spark-kafka-source-838a2774-c315-423f-96bd-f700a8bb7dca--983882313-executor
[2026-04-12T09:54:42.763+0000] {subprocess.py:106} INFO - 	group.instance.id = null
[2026-04-12T09:54:42.763+0000] {subprocess.py:106} INFO - 	group.protocol = classic
[2026-04-12T09:54:42.763+0000] {subprocess.py:106} INFO - 	group.remote.assignor = null
[2026-04-12T09:54:42.764+0000] {subprocess.py:106} INFO - 	heartbeat.interval.ms = 3000
[2026-04-12T09:54:42.764+0000] {subprocess.py:106} INFO - 	interceptor.classes = []
[2026-04-12T09:54:42.764+0000] {subprocess.py:106} INFO - 	internal.leave.group.on.close = true
[2026-04-12T09:54:42.764+0000] {subprocess.py:106} INFO - 	internal.throw.on.fetch.stable.offset.unsupported = false
[2026-04-12T09:54:42.765+0000] {subprocess.py:106} INFO - 	isolation.level = read_uncommitted
[2026-04-12T09:54:42.765+0000] {subprocess.py:106} INFO - 	key.deserializer = class org.apache.kafka.common.serialization.ByteArrayDeserializer
[2026-04-12T09:54:42.765+0000] {subprocess.py:106} INFO - 	max.partition.fetch.bytes = 1048576
[2026-04-12T09:54:42.766+0000] {subprocess.py:106} INFO - 	max.poll.interval.ms = 300000
[2026-04-12T09:54:42.766+0000] {subprocess.py:106} INFO - 	max.poll.records = 500
[2026-04-12T09:54:42.766+0000] {subprocess.py:106} INFO - 	metadata.max.age.ms = 300000
[2026-04-12T09:54:42.767+0000] {subprocess.py:106} INFO - 	metadata.recovery.strategy = none
[2026-04-12T09:54:42.767+0000] {subprocess.py:106} INFO - 	metric.reporters = []
[2026-04-12T09:54:42.767+0000] {subprocess.py:106} INFO - 	metrics.num.samples = 2
[2026-04-12T09:54:42.767+0000] {subprocess.py:106} INFO - 	metrics.recording.level = INFO
[2026-04-12T09:54:42.768+0000] {subprocess.py:106} INFO - 	metrics.sample.window.ms = 30000
[2026-04-12T09:54:42.768+0000] {subprocess.py:106} INFO - 	partition.assignment.strategy = [class org.apache.kafka.clients.consumer.RangeAssignor, class org.apache.kafka.clients.consumer.CooperativeStickyAssignor]
[2026-04-12T09:54:42.768+0000] {subprocess.py:106} INFO - 	receive.buffer.bytes = 65536
[2026-04-12T09:54:42.769+0000] {subprocess.py:106} INFO - 	reconnect.backoff.max.ms = 1000
[2026-04-12T09:54:42.769+0000] {subprocess.py:106} INFO - 	reconnect.backoff.ms = 50
[2026-04-12T09:54:42.769+0000] {subprocess.py:106} INFO - 	request.timeout.ms = 30000
[2026-04-12T09:54:42.770+0000] {subprocess.py:106} INFO - 	retry.backoff.max.ms = 1000
[2026-04-12T09:54:42.770+0000] {subprocess.py:106} INFO - 	retry.backoff.ms = 100
[2026-04-12T09:54:42.770+0000] {subprocess.py:106} INFO - 	sasl.client.callback.handler.class = null
[2026-04-12T09:54:42.771+0000] {subprocess.py:106} INFO - 	sasl.jaas.config = null
[2026-04-12T09:54:42.771+0000] {subprocess.py:106} INFO - 	sasl.kerberos.kinit.cmd = /usr/bin/kinit
[2026-04-12T09:54:42.771+0000] {subprocess.py:106} INFO - 	sasl.kerberos.min.time.before.relogin = 60000
[2026-04-12T09:54:42.772+0000] {subprocess.py:106} INFO - 	sasl.kerberos.service.name = null
[2026-04-12T09:54:42.772+0000] {subprocess.py:106} INFO - 	sasl.kerberos.ticket.renew.jitter = 0.05
[2026-04-12T09:54:42.772+0000] {subprocess.py:106} INFO - 	sasl.kerberos.ticket.renew.window.factor = 0.8
[2026-04-12T09:54:42.773+0000] {subprocess.py:106} INFO - 	sasl.login.callback.handler.class = null
[2026-04-12T09:54:42.773+0000] {subprocess.py:106} INFO - 	sasl.login.class = null
[2026-04-12T09:54:42.773+0000] {subprocess.py:106} INFO - 	sasl.login.connect.timeout.ms = null
[2026-04-12T09:54:42.774+0000] {subprocess.py:106} INFO - 	sasl.login.read.timeout.ms = null
[2026-04-12T09:54:42.774+0000] {subprocess.py:106} INFO - 	sasl.login.refresh.buffer.seconds = 300
[2026-04-12T09:54:42.774+0000] {subprocess.py:106} INFO - 	sasl.login.refresh.min.period.seconds = 60
[2026-04-12T09:54:42.775+0000] {subprocess.py:106} INFO - 	sasl.login.refresh.window.factor = 0.8
[2026-04-12T09:54:42.775+0000] {subprocess.py:106} INFO - 	sasl.login.refresh.window.jitter = 0.05
[2026-04-12T09:54:42.775+0000] {subprocess.py:106} INFO - 	sasl.login.retry.backoff.max.ms = 10000
[2026-04-12T09:54:42.776+0000] {subprocess.py:106} INFO - 	sasl.login.retry.backoff.ms = 100
[2026-04-12T09:54:42.776+0000] {subprocess.py:106} INFO - 	sasl.mechanism = GSSAPI
[2026-04-12T09:54:42.776+0000] {subprocess.py:106} INFO - 	sasl.oauthbearer.clock.skew.seconds = 30
[2026-04-12T09:54:42.777+0000] {subprocess.py:106} INFO - 	sasl.oauthbearer.expected.audience = null
[2026-04-12T09:54:42.777+0000] {subprocess.py:106} INFO - 	sasl.oauthbearer.expected.issuer = null
[2026-04-12T09:54:42.777+0000] {subprocess.py:106} INFO - 	sasl.oauthbearer.header.urlencode = false
[2026-04-12T09:54:42.777+0000] {subprocess.py:106} INFO - 	sasl.oauthbearer.jwks.endpoint.refresh.ms = 3600000
[2026-04-12T09:54:42.778+0000] {subprocess.py:106} INFO - 	sasl.oauthbearer.jwks.endpoint.retry.backoff.max.ms = 10000
[2026-04-12T09:54:42.778+0000] {subprocess.py:106} INFO - 	sasl.oauthbearer.jwks.endpoint.retry.backoff.ms = 100
[2026-04-12T09:54:42.778+0000] {subprocess.py:106} INFO - 	sasl.oauthbearer.jwks.endpoint.url = null
[2026-04-12T09:54:42.779+0000] {subprocess.py:106} INFO - 	sasl.oauthbearer.scope.claim.name = scope
[2026-04-12T09:54:42.779+0000] {subprocess.py:106} INFO - 	sasl.oauthbearer.sub.claim.name = sub
[2026-04-12T09:54:42.779+0000] {subprocess.py:106} INFO - 	sasl.oauthbearer.token.endpoint.url = null
[2026-04-12T09:54:42.780+0000] {subprocess.py:106} INFO - 	security.protocol = PLAINTEXT
[2026-04-12T09:54:42.780+0000] {subprocess.py:106} INFO - 	security.providers = null
[2026-04-12T09:54:42.780+0000] {subprocess.py:106} INFO - 	send.buffer.bytes = 131072
[2026-04-12T09:54:42.781+0000] {subprocess.py:106} INFO - 	session.timeout.ms = 45000
[2026-04-12T09:54:42.781+0000] {subprocess.py:106} INFO - 	socket.connection.setup.timeout.max.ms = 30000
[2026-04-12T09:54:42.782+0000] {subprocess.py:106} INFO - 	socket.connection.setup.timeout.ms = 10000
[2026-04-12T09:54:42.782+0000] {subprocess.py:106} INFO - 	ssl.cipher.suites = null
[2026-04-12T09:54:42.783+0000] {subprocess.py:106} INFO - 	ssl.enabled.protocols = [TLSv1.2, TLSv1.3]
[2026-04-12T09:54:42.788+0000] {subprocess.py:106} INFO - 	ssl.endpoint.identification.algorithm = https
[2026-04-12T09:54:42.789+0000] {subprocess.py:106} INFO - 	ssl.engine.factory.class = null
[2026-04-12T09:54:42.789+0000] {subprocess.py:106} INFO - 	ssl.key.password = null
[2026-04-12T09:54:42.790+0000] {subprocess.py:106} INFO - 	ssl.keymanager.algorithm = SunX509
[2026-04-12T09:54:42.790+0000] {subprocess.py:106} INFO - 	ssl.keystore.certificate.chain = null
[2026-04-12T09:54:42.790+0000] {subprocess.py:106} INFO - 	ssl.keystore.key = null
[2026-04-12T09:54:42.791+0000] {subprocess.py:106} INFO - 	ssl.keystore.location = null
[2026-04-12T09:54:42.791+0000] {subprocess.py:106} INFO - 	ssl.keystore.password = null
[2026-04-12T09:54:42.791+0000] {subprocess.py:106} INFO - 	ssl.keystore.type = JKS
[2026-04-12T09:54:42.792+0000] {subprocess.py:106} INFO - 	ssl.protocol = TLSv1.3
[2026-04-12T09:54:42.792+0000] {subprocess.py:106} INFO - 	ssl.provider = null
[2026-04-12T09:54:42.793+0000] {subprocess.py:106} INFO - 	ssl.secure.random.implementation = null
[2026-04-12T09:54:42.793+0000] {subprocess.py:106} INFO - 	ssl.trustmanager.algorithm = PKIX
[2026-04-12T09:54:42.793+0000] {subprocess.py:106} INFO - 	ssl.truststore.certificates = null
[2026-04-12T09:54:42.794+0000] {subprocess.py:106} INFO - 	ssl.truststore.location = null
[2026-04-12T09:54:42.794+0000] {subprocess.py:106} INFO - 	ssl.truststore.password = null
[2026-04-12T09:54:42.794+0000] {subprocess.py:106} INFO - 	ssl.truststore.type = JKS
[2026-04-12T09:54:42.795+0000] {subprocess.py:106} INFO - 	value.deserializer = class org.apache.kafka.common.serialization.ByteArrayDeserializer
[2026-04-12T09:54:42.795+0000] {subprocess.py:106} INFO - 
[2026-04-12T09:54:42.795+0000] {subprocess.py:106} INFO - 26/04/12 09:54:42 INFO ConsumerConfig: ConsumerConfig values:
[2026-04-12T09:54:42.796+0000] {subprocess.py:106} INFO - 	allow.auto.create.topics = true
[2026-04-12T09:54:42.796+0000] {subprocess.py:106} INFO - 	auto.commit.interval.ms = 5000
[2026-04-12T09:54:42.796+0000] {subprocess.py:106} INFO - 	auto.include.jmx.reporter = true
[2026-04-12T09:54:42.797+0000] {subprocess.py:106} INFO - 	auto.offset.reset = none
[2026-04-12T09:54:42.797+0000] {subprocess.py:106} INFO - 	bootstrap.servers = [kafka:9092]
[2026-04-12T09:54:42.797+0000] {subprocess.py:106} INFO - 	check.crcs = true
[2026-04-12T09:54:42.798+0000] {subprocess.py:106} INFO - 	client.dns.lookup = use_all_dns_ips
[2026-04-12T09:54:42.798+0000] {subprocess.py:106} INFO - 	client.id = consumer-spark-kafka-source-838a2774-c315-423f-96bd-f700a8bb7dca--983882313-executor-2
[2026-04-12T09:54:42.798+0000] {subprocess.py:106} INFO - 	client.rack =
[2026-04-12T09:54:42.804+0000] {subprocess.py:106} INFO - 	connections.max.idle.ms = 540000
[2026-04-12T09:54:42.805+0000] {subprocess.py:106} INFO - 	default.api.timeout.ms = 60000
[2026-04-12T09:54:42.805+0000] {subprocess.py:106} INFO - 	enable.auto.commit = false
[2026-04-12T09:54:42.806+0000] {subprocess.py:106} INFO - 	enable.metrics.push = true
[2026-04-12T09:54:42.806+0000] {subprocess.py:106} INFO - 	exclude.internal.topics = true
[2026-04-12T09:54:42.806+0000] {subprocess.py:106} INFO - 	fetch.max.bytes = 52428800
[2026-04-12T09:54:42.807+0000] {subprocess.py:106} INFO - 	fetch.max.wait.ms = 500
[2026-04-12T09:54:42.807+0000] {subprocess.py:106} INFO - 	fetch.min.bytes = 1
[2026-04-12T09:54:42.807+0000] {subprocess.py:106} INFO - 	group.id = spark-kafka-source-838a2774-c315-423f-96bd-f700a8bb7dca--983882313-executor
[2026-04-12T09:54:42.808+0000] {subprocess.py:106} INFO - 	group.instance.id = null
[2026-04-12T09:54:42.808+0000] {subprocess.py:106} INFO - 	group.protocol = classic
[2026-04-12T09:54:42.809+0000] {subprocess.py:106} INFO - 	group.remote.assignor = null
[2026-04-12T09:54:42.809+0000] {subprocess.py:106} INFO - 	heartbeat.interval.ms = 3000
[2026-04-12T09:54:42.809+0000] {subprocess.py:106} INFO - 	interceptor.classes = []
[2026-04-12T09:54:42.810+0000] {subprocess.py:106} INFO - 	internal.leave.group.on.close = true
[2026-04-12T09:54:42.810+0000] {subprocess.py:106} INFO - 	internal.throw.on.fetch.stable.offset.unsupported = false
[2026-04-12T09:54:42.810+0000] {subprocess.py:106} INFO - 	isolation.level = read_uncommitted
[2026-04-12T09:54:42.811+0000] {subprocess.py:106} INFO - 	key.deserializer = class org.apache.kafka.common.serialization.ByteArrayDeserializer
[2026-04-12T09:54:42.811+0000] {subprocess.py:106} INFO - 	max.partition.fetch.bytes = 1048576
[2026-04-12T09:54:42.811+0000] {subprocess.py:106} INFO - 	max.poll.interval.ms = 300000
[2026-04-12T09:54:42.812+0000] {subprocess.py:106} INFO - 	max.poll.records = 500
[2026-04-12T09:54:42.812+0000] {subprocess.py:106} INFO - 	metadata.max.age.ms = 300000
[2026-04-12T09:54:42.812+0000] {subprocess.py:106} INFO - 	metadata.recovery.strategy = none
[2026-04-12T09:54:42.813+0000] {subprocess.py:106} INFO - 	metric.reporters = []
[2026-04-12T09:54:42.813+0000] {subprocess.py:106} INFO - 	metrics.num.samples = 2
[2026-04-12T09:54:42.813+0000] {subprocess.py:106} INFO - 	metrics.recording.level = INFO
[2026-04-12T09:54:42.814+0000] {subprocess.py:106} INFO - 	metrics.sample.window.ms = 30000
[2026-04-12T09:54:42.814+0000] {subprocess.py:106} INFO - 	partition.assignment.strategy = [class org.apache.kafka.clients.consumer.RangeAssignor, class org.apache.kafka.clients.consumer.CooperativeStickyAssignor]
[2026-04-12T09:54:42.814+0000] {subprocess.py:106} INFO - 	receive.buffer.bytes = 65536
[2026-04-12T09:54:42.815+0000] {subprocess.py:106} INFO - 	reconnect.backoff.max.ms = 1000
[2026-04-12T09:54:42.815+0000] {subprocess.py:106} INFO - 	reconnect.backoff.ms = 50
[2026-04-12T09:54:42.815+0000] {subprocess.py:106} INFO - 	request.timeout.ms = 30000
[2026-04-12T09:54:42.816+0000] {subprocess.py:106} INFO - 	retry.backoff.max.ms = 1000
[2026-04-12T09:54:42.816+0000] {subprocess.py:106} INFO - 	retry.backoff.ms = 100
[2026-04-12T09:54:42.817+0000] {subprocess.py:106} INFO - 	sasl.client.callback.handler.class = null
[2026-04-12T09:54:42.817+0000] {subprocess.py:106} INFO - 	sasl.jaas.config = null
[2026-04-12T09:54:42.817+0000] {subprocess.py:106} INFO - 	sasl.kerberos.kinit.cmd = /usr/bin/kinit
[2026-04-12T09:54:42.818+0000] {subprocess.py:106} INFO - 	sasl.kerberos.min.time.before.relogin = 60000
[2026-04-12T09:54:42.818+0000] {subprocess.py:106} INFO - 	sasl.kerberos.service.name = null
[2026-04-12T09:54:42.819+0000] {subprocess.py:106} INFO - 	sasl.kerberos.ticket.renew.jitter = 0.05
[2026-04-12T09:54:42.819+0000] {subprocess.py:106} INFO - 	sasl.kerberos.ticket.renew.window.factor = 0.8
[2026-04-12T09:54:42.819+0000] {subprocess.py:106} INFO - 	sasl.login.callback.handler.class = null
[2026-04-12T09:54:42.820+0000] {subprocess.py:106} INFO - 	sasl.login.class = null
[2026-04-12T09:54:42.820+0000] {subprocess.py:106} INFO - 	sasl.login.connect.timeout.ms = null
[2026-04-12T09:54:42.821+0000] {subprocess.py:106} INFO - 	sasl.login.read.timeout.ms = null
[2026-04-12T09:54:42.821+0000] {subprocess.py:106} INFO - 	sasl.login.refresh.buffer.seconds = 300
[2026-04-12T09:54:42.821+0000] {subprocess.py:106} INFO - 	sasl.login.refresh.min.period.seconds = 60
[2026-04-12T09:54:42.822+0000] {subprocess.py:106} INFO - 	sasl.login.refresh.window.factor = 0.8
[2026-04-12T09:54:42.822+0000] {subprocess.py:106} INFO - 	sasl.login.refresh.window.jitter = 0.05
[2026-04-12T09:54:42.822+0000] {subprocess.py:106} INFO - 	sasl.login.retry.backoff.max.ms = 10000
[2026-04-12T09:54:42.823+0000] {subprocess.py:106} INFO - 	sasl.login.retry.backoff.ms = 100
[2026-04-12T09:54:42.823+0000] {subprocess.py:106} INFO - 	sasl.mechanism = GSSAPI
[2026-04-12T09:54:42.823+0000] {subprocess.py:106} INFO - 	sasl.oauthbearer.clock.skew.seconds = 30
[2026-04-12T09:54:42.824+0000] {subprocess.py:106} INFO - 	sasl.oauthbearer.expected.audience = null
[2026-04-12T09:54:42.824+0000] {subprocess.py:106} INFO - 	sasl.oauthbearer.expected.issuer = null
[2026-04-12T09:54:42.825+0000] {subprocess.py:106} INFO - 	sasl.oauthbearer.header.urlencode = false
[2026-04-12T09:54:42.825+0000] {subprocess.py:106} INFO - 	sasl.oauthbearer.jwks.endpoint.refresh.ms = 3600000
[2026-04-12T09:54:42.825+0000] {subprocess.py:106} INFO - 	sasl.oauthbearer.jwks.endpoint.retry.backoff.max.ms = 10000
[2026-04-12T09:54:42.826+0000] {subprocess.py:106} INFO - 	sasl.oauthbearer.jwks.endpoint.retry.backoff.ms = 100
[2026-04-12T09:54:42.826+0000] {subprocess.py:106} INFO - 	sasl.oauthbearer.jwks.endpoint.url = null
[2026-04-12T09:54:42.826+0000] {subprocess.py:106} INFO - 	sasl.oauthbearer.scope.claim.name = scope
[2026-04-12T09:54:42.827+0000] {subprocess.py:106} INFO - 	sasl.oauthbearer.sub.claim.name = sub
[2026-04-12T09:54:42.827+0000] {subprocess.py:106} INFO - 	sasl.oauthbearer.token.endpoint.url = null
[2026-04-12T09:54:42.828+0000] {subprocess.py:106} INFO - 	security.protocol = PLAINTEXT
[2026-04-12T09:54:42.828+0000] {subprocess.py:106} INFO - 	security.providers = null
[2026-04-12T09:54:42.829+0000] {subprocess.py:106} INFO - 	send.buffer.bytes = 131072
[2026-04-12T09:54:42.829+0000] {subprocess.py:106} INFO - 	session.timeout.ms = 45000
[2026-04-12T09:54:42.830+0000] {subprocess.py:106} INFO - 	socket.connection.setup.timeout.max.ms = 30000
[2026-04-12T09:54:42.830+0000] {subprocess.py:106} INFO - 	socket.connection.setup.timeout.ms = 10000
[2026-04-12T09:54:42.831+0000] {subprocess.py:106} INFO - 	ssl.cipher.suites = null
[2026-04-12T09:54:42.831+0000] {subprocess.py:106} INFO - 	ssl.enabled.protocols = [TLSv1.2, TLSv1.3]
[2026-04-12T09:54:42.831+0000] {subprocess.py:106} INFO - 	ssl.endpoint.identification.algorithm = https
[2026-04-12T09:54:42.832+0000] {subprocess.py:106} INFO - 	ssl.engine.factory.class = null
[2026-04-12T09:54:42.832+0000] {subprocess.py:106} INFO - 	ssl.key.password = null
[2026-04-12T09:54:42.833+0000] {subprocess.py:106} INFO - 	ssl.keymanager.algorithm = SunX509
[2026-04-12T09:54:42.833+0000] {subprocess.py:106} INFO - 	ssl.keystore.certificate.chain = null
[2026-04-12T09:54:42.834+0000] {subprocess.py:106} INFO - 	ssl.keystore.key = null
[2026-04-12T09:54:42.834+0000] {subprocess.py:106} INFO - 	ssl.keystore.location = null
[2026-04-12T09:54:42.835+0000] {subprocess.py:106} INFO - 	ssl.keystore.password = null
[2026-04-12T09:54:42.835+0000] {subprocess.py:106} INFO - 	ssl.keystore.type = JKS
[2026-04-12T09:54:42.835+0000] {subprocess.py:106} INFO - 	ssl.protocol = TLSv1.3
[2026-04-12T09:54:42.836+0000] {subprocess.py:106} INFO - 	ssl.provider = null
[2026-04-12T09:54:42.836+0000] {subprocess.py:106} INFO - 	ssl.secure.random.implementation = null
[2026-04-12T09:54:42.837+0000] {subprocess.py:106} INFO - 	ssl.trustmanager.algorithm = PKIX
[2026-04-12T09:54:42.837+0000] {subprocess.py:106} INFO - 	ssl.truststore.certificates = null
[2026-04-12T09:54:42.837+0000] {subprocess.py:106} INFO - 	ssl.truststore.location = null
[2026-04-12T09:54:42.838+0000] {subprocess.py:106} INFO - 	ssl.truststore.password = null
[2026-04-12T09:54:42.838+0000] {subprocess.py:106} INFO - 	ssl.truststore.type = JKS
[2026-04-12T09:54:42.838+0000] {subprocess.py:106} INFO - 	value.deserializer = class org.apache.kafka.common.serialization.ByteArrayDeserializer
[2026-04-12T09:54:42.839+0000] {subprocess.py:106} INFO - 
[2026-04-12T09:54:42.839+0000] {subprocess.py:106} INFO - 26/04/12 09:54:42 INFO ConsumerConfig: ConsumerConfig values:
[2026-04-12T09:54:42.839+0000] {subprocess.py:106} INFO - 	allow.auto.create.topics = true
[2026-04-12T09:54:42.840+0000] {subprocess.py:106} INFO - 	auto.commit.interval.ms = 5000
[2026-04-12T09:54:42.840+0000] {subprocess.py:106} INFO - 	auto.include.jmx.reporter = true
[2026-04-12T09:54:42.841+0000] {subprocess.py:106} INFO - 	auto.offset.reset = none
[2026-04-12T09:54:42.841+0000] {subprocess.py:106} INFO - 	bootstrap.servers = [kafka:9092]
[2026-04-12T09:54:42.841+0000] {subprocess.py:106} INFO - 	check.crcs = true
[2026-04-12T09:54:42.844+0000] {subprocess.py:106} INFO - 	client.dns.lookup = use_all_dns_ips
[2026-04-12T09:54:42.845+0000] {subprocess.py:106} INFO - 	client.id = consumer-spark-kafka-source-838a2774-c315-423f-96bd-f700a8bb7dca--983882313-executor-1
[2026-04-12T09:54:42.845+0000] {subprocess.py:106} INFO - 	client.rack =
[2026-04-12T09:54:42.846+0000] {subprocess.py:106} INFO - 	connections.max.idle.ms = 540000
[2026-04-12T09:54:42.846+0000] {subprocess.py:106} INFO - 	default.api.timeout.ms = 60000
[2026-04-12T09:54:42.846+0000] {subprocess.py:106} INFO - 	enable.auto.commit = false
[2026-04-12T09:54:42.846+0000] {subprocess.py:106} INFO - 	enable.metrics.push = true
[2026-04-12T09:54:42.847+0000] {subprocess.py:106} INFO - 	exclude.internal.topics = true
[2026-04-12T09:54:42.847+0000] {subprocess.py:106} INFO - 	fetch.max.bytes = 52428800
[2026-04-12T09:54:42.847+0000] {subprocess.py:106} INFO - 	fetch.max.wait.ms = 500
[2026-04-12T09:54:42.848+0000] {subprocess.py:106} INFO - 	fetch.min.bytes = 1
[2026-04-12T09:54:42.848+0000] {subprocess.py:106} INFO - 	group.id = spark-kafka-source-838a2774-c315-423f-96bd-f700a8bb7dca--983882313-executor
[2026-04-12T09:54:42.848+0000] {subprocess.py:106} INFO - 	group.instance.id = null
[2026-04-12T09:54:42.849+0000] {subprocess.py:106} INFO - 	group.protocol = classic
[2026-04-12T09:54:42.849+0000] {subprocess.py:106} INFO - 	group.remote.assignor = null
[2026-04-12T09:54:42.852+0000] {subprocess.py:106} INFO - 	heartbeat.interval.ms = 3000
[2026-04-12T09:54:42.852+0000] {subprocess.py:106} INFO - 	interceptor.classes = []
[2026-04-12T09:54:42.853+0000] {subprocess.py:106} INFO - 	internal.leave.group.on.close = true
[2026-04-12T09:54:42.853+0000] {subprocess.py:106} INFO - 	internal.throw.on.fetch.stable.offset.unsupported = false
[2026-04-12T09:54:42.853+0000] {subprocess.py:106} INFO - 	isolation.level = read_uncommitted
[2026-04-12T09:54:42.854+0000] {subprocess.py:106} INFO - 	key.deserializer = class org.apache.kafka.common.serialization.ByteArrayDeserializer
[2026-04-12T09:54:42.854+0000] {subprocess.py:106} INFO - 	max.partition.fetch.bytes = 1048576
[2026-04-12T09:54:42.855+0000] {subprocess.py:106} INFO - 	max.poll.interval.ms = 300000
[2026-04-12T09:54:42.855+0000] {subprocess.py:106} INFO - 	max.poll.records = 500
[2026-04-12T09:54:42.856+0000] {subprocess.py:106} INFO - 	metadata.max.age.ms = 300000
[2026-04-12T09:54:42.856+0000] {subprocess.py:106} INFO - 	metadata.recovery.strategy = none
[2026-04-12T09:54:42.857+0000] {subprocess.py:106} INFO - 	metric.reporters = []
[2026-04-12T09:54:42.857+0000] {subprocess.py:106} INFO - 	metrics.num.samples = 2
[2026-04-12T09:54:42.858+0000] {subprocess.py:106} INFO - 	metrics.recording.level = INFO
[2026-04-12T09:54:42.860+0000] {subprocess.py:106} INFO - 	metrics.sample.window.ms = 30000
[2026-04-12T09:54:42.861+0000] {subprocess.py:106} INFO - 	partition.assignment.strategy = [class org.apache.kafka.clients.consumer.RangeAssignor, class org.apache.kafka.clients.consumer.CooperativeStickyAssignor]
[2026-04-12T09:54:42.861+0000] {subprocess.py:106} INFO - 	receive.buffer.bytes = 65536
[2026-04-12T09:54:42.862+0000] {subprocess.py:106} INFO - 	reconnect.backoff.max.ms = 1000
[2026-04-12T09:54:42.863+0000] {subprocess.py:106} INFO - 	reconnect.backoff.ms = 50
[2026-04-12T09:54:42.863+0000] {subprocess.py:106} INFO - 	request.timeout.ms = 30000
[2026-04-12T09:54:42.863+0000] {subprocess.py:106} INFO - 	retry.backoff.max.ms = 1000
[2026-04-12T09:54:42.864+0000] {subprocess.py:106} INFO - 	retry.backoff.ms = 100
[2026-04-12T09:54:42.864+0000] {subprocess.py:106} INFO - 	sasl.client.callback.handler.class = null
[2026-04-12T09:54:42.865+0000] {subprocess.py:106} INFO - 	sasl.jaas.config = null
[2026-04-12T09:54:42.865+0000] {subprocess.py:106} INFO - 	sasl.kerberos.kinit.cmd = /usr/bin/kinit
[2026-04-12T09:54:42.866+0000] {subprocess.py:106} INFO - 	sasl.kerberos.min.time.before.relogin = 60000
[2026-04-12T09:54:42.866+0000] {subprocess.py:106} INFO - 	sasl.kerberos.service.name = null
[2026-04-12T09:54:42.867+0000] {subprocess.py:106} INFO - 	sasl.kerberos.ticket.renew.jitter = 0.05
[2026-04-12T09:54:42.867+0000] {subprocess.py:106} INFO - 	sasl.kerberos.ticket.renew.window.factor = 0.8
[2026-04-12T09:54:42.868+0000] {subprocess.py:106} INFO - 	sasl.login.callback.handler.class = null
[2026-04-12T09:54:42.868+0000] {subprocess.py:106} INFO - 	sasl.login.class = null
[2026-04-12T09:54:42.869+0000] {subprocess.py:106} INFO - 	sasl.login.connect.timeout.ms = null
[2026-04-12T09:54:42.869+0000] {subprocess.py:106} INFO - 	sasl.login.read.timeout.ms = null
[2026-04-12T09:54:42.870+0000] {subprocess.py:106} INFO - 	sasl.login.refresh.buffer.seconds = 300
[2026-04-12T09:54:42.870+0000] {subprocess.py:106} INFO - 	sasl.login.refresh.min.period.seconds = 60
[2026-04-12T09:54:42.871+0000] {subprocess.py:106} INFO - 	sasl.login.refresh.window.factor = 0.8
[2026-04-12T09:54:42.871+0000] {subprocess.py:106} INFO - 	sasl.login.refresh.window.jitter = 0.05
[2026-04-12T09:54:42.872+0000] {subprocess.py:106} INFO - 	sasl.login.retry.backoff.max.ms = 10000
[2026-04-12T09:54:42.872+0000] {subprocess.py:106} INFO - 	sasl.login.retry.backoff.ms = 100
[2026-04-12T09:54:42.873+0000] {subprocess.py:106} INFO - 	sasl.mechanism = GSSAPI
[2026-04-12T09:54:42.873+0000] {subprocess.py:106} INFO - 	sasl.oauthbearer.clock.skew.seconds = 30
[2026-04-12T09:54:42.874+0000] {subprocess.py:106} INFO - 	sasl.oauthbearer.expected.audience = null
[2026-04-12T09:54:42.874+0000] {subprocess.py:106} INFO - 	sasl.oauthbearer.expected.issuer = null
[2026-04-12T09:54:42.874+0000] {subprocess.py:106} INFO - 	sasl.oauthbearer.header.urlencode = false
[2026-04-12T09:54:42.875+0000] {subprocess.py:106} INFO - 	sasl.oauthbearer.jwks.endpoint.refresh.ms = 3600000
[2026-04-12T09:54:42.875+0000] {subprocess.py:106} INFO - 	sasl.oauthbearer.jwks.endpoint.retry.backoff.max.ms = 10000
[2026-04-12T09:54:42.876+0000] {subprocess.py:106} INFO - 	sasl.oauthbearer.jwks.endpoint.retry.backoff.ms = 100
[2026-04-12T09:54:42.876+0000] {subprocess.py:106} INFO - 	sasl.oauthbearer.jwks.endpoint.url = null
[2026-04-12T09:54:42.877+0000] {subprocess.py:106} INFO - 	sasl.oauthbearer.scope.claim.name = scope
[2026-04-12T09:54:42.877+0000] {subprocess.py:106} INFO - 	sasl.oauthbearer.sub.claim.name = sub
[2026-04-12T09:54:42.878+0000] {subprocess.py:106} INFO - 	sasl.oauthbearer.token.endpoint.url = null
[2026-04-12T09:54:42.878+0000] {subprocess.py:106} INFO - 	security.protocol = PLAINTEXT
[2026-04-12T09:54:42.881+0000] {subprocess.py:106} INFO - 	security.providers = null
[2026-04-12T09:54:42.883+0000] {subprocess.py:106} INFO - 	send.buffer.bytes = 131072
[2026-04-12T09:54:42.883+0000] {subprocess.py:106} INFO - 	session.timeout.ms = 45000
[2026-04-12T09:54:42.884+0000] {subprocess.py:106} INFO - 	socket.connection.setup.timeout.max.ms = 30000
[2026-04-12T09:54:42.884+0000] {subprocess.py:106} INFO - 	socket.connection.setup.timeout.ms = 10000
[2026-04-12T09:54:42.885+0000] {subprocess.py:106} INFO - 	ssl.cipher.suites = null
[2026-04-12T09:54:42.885+0000] {subprocess.py:106} INFO - 	ssl.enabled.protocols = [TLSv1.2, TLSv1.3]
[2026-04-12T09:54:42.886+0000] {subprocess.py:106} INFO - 	ssl.endpoint.identification.algorithm = https
[2026-04-12T09:54:42.886+0000] {subprocess.py:106} INFO - 	ssl.engine.factory.class = null
[2026-04-12T09:54:42.887+0000] {subprocess.py:106} INFO - 	ssl.key.password = null
[2026-04-12T09:54:42.887+0000] {subprocess.py:106} INFO - 	ssl.keymanager.algorithm = SunX509
[2026-04-12T09:54:42.887+0000] {subprocess.py:106} INFO - 	ssl.keystore.certificate.chain = null
[2026-04-12T09:54:42.888+0000] {subprocess.py:106} INFO - 	ssl.keystore.key = null
[2026-04-12T09:54:42.888+0000] {subprocess.py:106} INFO - 	ssl.keystore.location = null
[2026-04-12T09:54:42.889+0000] {subprocess.py:106} INFO - 	ssl.keystore.password = null
[2026-04-12T09:54:42.889+0000] {subprocess.py:106} INFO - 	ssl.keystore.type = JKS
[2026-04-12T09:54:42.890+0000] {subprocess.py:106} INFO - 	ssl.protocol = TLSv1.3
[2026-04-12T09:54:42.891+0000] {subprocess.py:106} INFO - 	ssl.provider = null
[2026-04-12T09:54:42.891+0000] {subprocess.py:106} INFO - 	ssl.secure.random.implementation = null
[2026-04-12T09:54:42.892+0000] {subprocess.py:106} INFO - 	ssl.trustmanager.algorithm = PKIX
[2026-04-12T09:54:42.893+0000] {subprocess.py:106} INFO - 	ssl.truststore.certificates = null
[2026-04-12T09:54:42.893+0000] {subprocess.py:106} INFO - 	ssl.truststore.location = null
[2026-04-12T09:54:42.894+0000] {subprocess.py:106} INFO - 	ssl.truststore.password = null
[2026-04-12T09:54:42.894+0000] {subprocess.py:106} INFO - 	ssl.truststore.type = JKS
[2026-04-12T09:54:42.895+0000] {subprocess.py:106} INFO - 	value.deserializer = class org.apache.kafka.common.serialization.ByteArrayDeserializer
[2026-04-12T09:54:42.895+0000] {subprocess.py:106} INFO - 
[2026-04-12T09:54:42.895+0000] {subprocess.py:106} INFO - 26/04/12 09:54:42 INFO KafkaMetricsCollector: initializing Kafka metrics collector
[2026-04-12T09:54:42.896+0000] {subprocess.py:106} INFO - 26/04/12 09:54:42 INFO KafkaMetricsCollector: initializing Kafka metrics collector
[2026-04-12T09:54:42.897+0000] {subprocess.py:106} INFO - 26/04/12 09:54:42 INFO KafkaMetricsCollector: initializing Kafka metrics collector
[2026-04-12T09:54:42.980+0000] {subprocess.py:106} INFO - 26/04/12 09:54:42 INFO AppInfoParser: Kafka version: 3.9.0
[2026-04-12T09:54:42.981+0000] {subprocess.py:106} INFO - 26/04/12 09:54:42 INFO AppInfoParser: Kafka commitId: 84caaa6e9da06435
[2026-04-12T09:54:42.981+0000] {subprocess.py:106} INFO - 26/04/12 09:54:42 INFO AppInfoParser: Kafka startTimeMs: 1775987682976
[2026-04-12T09:54:42.983+0000] {subprocess.py:106} INFO - 26/04/12 09:54:42 INFO AppInfoParser: Kafka version: 3.9.0
[2026-04-12T09:54:42.984+0000] {subprocess.py:106} INFO - 26/04/12 09:54:42 INFO AppInfoParser: Kafka commitId: 84caaa6e9da06435
[2026-04-12T09:54:42.984+0000] {subprocess.py:106} INFO - 26/04/12 09:54:42 INFO AppInfoParser: Kafka startTimeMs: 1775987682977
[2026-04-12T09:54:42.985+0000] {subprocess.py:106} INFO - 26/04/12 09:54:42 INFO AppInfoParser: Kafka version: 3.9.0
[2026-04-12T09:54:42.985+0000] {subprocess.py:106} INFO - 26/04/12 09:54:42 INFO AppInfoParser: Kafka commitId: 84caaa6e9da06435
[2026-04-12T09:54:42.985+0000] {subprocess.py:106} INFO - 26/04/12 09:54:42 INFO AppInfoParser: Kafka startTimeMs: 1775987682977
[2026-04-12T09:54:42.987+0000] {subprocess.py:106} INFO - 26/04/12 09:54:42 INFO ClassicKafkaConsumer: [Consumer clientId=consumer-spark-kafka-source-838a2774-c315-423f-96bd-f700a8bb7dca--983882313-executor-2, groupId=spark-kafka-source-838a2774-c315-423f-96bd-f700a8bb7dca--983882313-executor] Assigned to partition(s): weather-topic-0
[2026-04-12T09:54:42.988+0000] {subprocess.py:106} INFO - 26/04/12 09:54:42 INFO ClassicKafkaConsumer: [Consumer clientId=consumer-spark-kafka-source-838a2774-c315-423f-96bd-f700a8bb7dca--983882313-executor-3, groupId=spark-kafka-source-838a2774-c315-423f-96bd-f700a8bb7dca--983882313-executor] Assigned to partition(s): weather-topic-2
[2026-04-12T09:54:42.989+0000] {subprocess.py:106} INFO - 26/04/12 09:54:42 INFO ClassicKafkaConsumer: [Consumer clientId=consumer-spark-kafka-source-838a2774-c315-423f-96bd-f700a8bb7dca--983882313-executor-1, groupId=spark-kafka-source-838a2774-c315-423f-96bd-f700a8bb7dca--983882313-executor] Assigned to partition(s): weather-topic-1
[2026-04-12T09:54:42.998+0000] {subprocess.py:106} INFO - 26/04/12 09:54:42 INFO ClassicKafkaConsumer: [Consumer clientId=consumer-spark-kafka-source-838a2774-c315-423f-96bd-f700a8bb7dca--983882313-executor-2, groupId=spark-kafka-source-838a2774-c315-423f-96bd-f700a8bb7dca--983882313-executor] Seeking to offset 0 for partition weather-topic-0
[2026-04-12T09:54:42.999+0000] {subprocess.py:106} INFO - 26/04/12 09:54:42 INFO ClassicKafkaConsumer: [Consumer clientId=consumer-spark-kafka-source-838a2774-c315-423f-96bd-f700a8bb7dca--983882313-executor-3, groupId=spark-kafka-source-838a2774-c315-423f-96bd-f700a8bb7dca--983882313-executor] Seeking to offset 0 for partition weather-topic-2
[2026-04-12T09:54:42.999+0000] {subprocess.py:106} INFO - 26/04/12 09:54:42 INFO ClassicKafkaConsumer: [Consumer clientId=consumer-spark-kafka-source-838a2774-c315-423f-96bd-f700a8bb7dca--983882313-executor-1, groupId=spark-kafka-source-838a2774-c315-423f-96bd-f700a8bb7dca--983882313-executor] Seeking to offset 0 for partition weather-topic-1
[2026-04-12T09:54:43.518+0000] {subprocess.py:106} INFO - 26/04/12 09:54:43 INFO Metadata: [Consumer clientId=consumer-spark-kafka-source-838a2774-c315-423f-96bd-f700a8bb7dca--983882313-executor-3, groupId=spark-kafka-source-838a2774-c315-423f-96bd-f700a8bb7dca--983882313-executor] Cluster ID: gpK9xJXgQS6Leigq2_j9WA
[2026-04-12T09:54:43.519+0000] {subprocess.py:106} INFO - 26/04/12 09:54:43 INFO Metadata: [Consumer clientId=consumer-spark-kafka-source-838a2774-c315-423f-96bd-f700a8bb7dca--983882313-executor-1, groupId=spark-kafka-source-838a2774-c315-423f-96bd-f700a8bb7dca--983882313-executor] Cluster ID: gpK9xJXgQS6Leigq2_j9WA
[2026-04-12T09:54:43.520+0000] {subprocess.py:106} INFO - 26/04/12 09:54:43 INFO Metadata: [Consumer clientId=consumer-spark-kafka-source-838a2774-c315-423f-96bd-f700a8bb7dca--983882313-executor-2, groupId=spark-kafka-source-838a2774-c315-423f-96bd-f700a8bb7dca--983882313-executor] Cluster ID: gpK9xJXgQS6Leigq2_j9WA
[2026-04-12T09:54:43.587+0000] {subprocess.py:106} INFO - 26/04/12 09:54:43 INFO SubscriptionState: [Consumer clientId=consumer-spark-kafka-source-838a2774-c315-423f-96bd-f700a8bb7dca--983882313-executor-2, groupId=spark-kafka-source-838a2774-c315-423f-96bd-f700a8bb7dca--983882313-executor] Seeking to earliest offset of partition weather-topic-0
[2026-04-12T09:54:43.590+0000] {subprocess.py:106} INFO - 26/04/12 09:54:43 INFO SubscriptionState: [Consumer clientId=consumer-spark-kafka-source-838a2774-c315-423f-96bd-f700a8bb7dca--983882313-executor-3, groupId=spark-kafka-source-838a2774-c315-423f-96bd-f700a8bb7dca--983882313-executor] Seeking to earliest offset of partition weather-topic-2
[2026-04-12T09:54:43.591+0000] {subprocess.py:106} INFO - 26/04/12 09:54:43 INFO SubscriptionState: [Consumer clientId=consumer-spark-kafka-source-838a2774-c315-423f-96bd-f700a8bb7dca--983882313-executor-1, groupId=spark-kafka-source-838a2774-c315-423f-96bd-f700a8bb7dca--983882313-executor] Seeking to earliest offset of partition weather-topic-1
[2026-04-12T09:54:44.089+0000] {subprocess.py:106} INFO - 26/04/12 09:54:44 INFO SubscriptionState: [Consumer clientId=consumer-spark-kafka-source-838a2774-c315-423f-96bd-f700a8bb7dca--983882313-executor-3, groupId=spark-kafka-source-838a2774-c315-423f-96bd-f700a8bb7dca--983882313-executor] Resetting offset for partition weather-topic-2 to position FetchPosition{offset=0, offsetEpoch=Optional.empty, currentLeader=LeaderAndEpoch{leader=Optional[kafka:9092 (id: 1 rack: null)], epoch=0}}.
[2026-04-12T09:54:44.090+0000] {subprocess.py:106} INFO - 26/04/12 09:54:44 INFO SubscriptionState: [Consumer clientId=consumer-spark-kafka-source-838a2774-c315-423f-96bd-f700a8bb7dca--983882313-executor-2, groupId=spark-kafka-source-838a2774-c315-423f-96bd-f700a8bb7dca--983882313-executor] Resetting offset for partition weather-topic-0 to position FetchPosition{offset=0, offsetEpoch=Optional.empty, currentLeader=LeaderAndEpoch{leader=Optional[kafka:9092 (id: 1 rack: null)], epoch=0}}.
[2026-04-12T09:54:44.090+0000] {subprocess.py:106} INFO - 26/04/12 09:54:44 INFO SubscriptionState: [Consumer clientId=consumer-spark-kafka-source-838a2774-c315-423f-96bd-f700a8bb7dca--983882313-executor-1, groupId=spark-kafka-source-838a2774-c315-423f-96bd-f700a8bb7dca--983882313-executor] Resetting offset for partition weather-topic-1 to position FetchPosition{offset=0, offsetEpoch=Optional.empty, currentLeader=LeaderAndEpoch{leader=Optional[kafka:9092 (id: 1 rack: null)], epoch=0}}.
[2026-04-12T09:54:44.091+0000] {subprocess.py:106} INFO - 26/04/12 09:54:44 INFO SubscriptionState: [Consumer clientId=consumer-spark-kafka-source-838a2774-c315-423f-96bd-f700a8bb7dca--983882313-executor-1, groupId=spark-kafka-source-838a2774-c315-423f-96bd-f700a8bb7dca--983882313-executor] Seeking to latest offset of partition weather-topic-1
[2026-04-12T09:54:44.092+0000] {subprocess.py:106} INFO - 26/04/12 09:54:44 INFO SubscriptionState: [Consumer clientId=consumer-spark-kafka-source-838a2774-c315-423f-96bd-f700a8bb7dca--983882313-executor-2, groupId=spark-kafka-source-838a2774-c315-423f-96bd-f700a8bb7dca--983882313-executor] Seeking to latest offset of partition weather-topic-0
[2026-04-12T09:54:44.092+0000] {subprocess.py:106} INFO - 26/04/12 09:54:44 INFO SubscriptionState: [Consumer clientId=consumer-spark-kafka-source-838a2774-c315-423f-96bd-f700a8bb7dca--983882313-executor-3, groupId=spark-kafka-source-838a2774-c315-423f-96bd-f700a8bb7dca--983882313-executor] Seeking to latest offset of partition weather-topic-2
[2026-04-12T09:54:44.093+0000] {subprocess.py:106} INFO - 26/04/12 09:54:44 INFO SubscriptionState: [Consumer clientId=consumer-spark-kafka-source-838a2774-c315-423f-96bd-f700a8bb7dca--983882313-executor-2, groupId=spark-kafka-source-838a2774-c315-423f-96bd-f700a8bb7dca--983882313-executor] Resetting offset for partition weather-topic-0 to position FetchPosition{offset=7, offsetEpoch=Optional.empty, currentLeader=LeaderAndEpoch{leader=Optional[kafka:9092 (id: 1 rack: null)], epoch=0}}.
[2026-04-12T09:54:44.093+0000] {subprocess.py:106} INFO - 26/04/12 09:54:44 INFO SubscriptionState: [Consumer clientId=consumer-spark-kafka-source-838a2774-c315-423f-96bd-f700a8bb7dca--983882313-executor-1, groupId=spark-kafka-source-838a2774-c315-423f-96bd-f700a8bb7dca--983882313-executor] Resetting offset for partition weather-topic-1 to position FetchPosition{offset=6, offsetEpoch=Optional.empty, currentLeader=LeaderAndEpoch{leader=Optional[kafka:9092 (id: 1 rack: null)], epoch=0}}.
[2026-04-12T09:54:44.094+0000] {subprocess.py:106} INFO - 26/04/12 09:54:44 INFO SubscriptionState: [Consumer clientId=consumer-spark-kafka-source-838a2774-c315-423f-96bd-f700a8bb7dca--983882313-executor-3, groupId=spark-kafka-source-838a2774-c315-423f-96bd-f700a8bb7dca--983882313-executor] Resetting offset for partition weather-topic-2 to position FetchPosition{offset=7, offsetEpoch=Optional.empty, currentLeader=LeaderAndEpoch{leader=Optional[kafka:9092 (id: 1 rack: null)], epoch=0}}.
[2026-04-12T09:54:44.280+0000] {subprocess.py:106} INFO - 26/04/12 09:54:44 INFO KafkaDataConsumer: From Kafka topicPartition=weather-topic-2 groupId=spark-kafka-source-838a2774-c315-423f-96bd-f700a8bb7dca--983882313-executor read 7 records through 1 polls (polled out 7 records), taking 1093.898619 ms, during time span of 1282.203708 ms.
[2026-04-12T09:54:44.281+0000] {subprocess.py:106} INFO - 26/04/12 09:54:44 INFO KafkaDataConsumer: From Kafka topicPartition=weather-topic-0 groupId=spark-kafka-source-838a2774-c315-423f-96bd-f700a8bb7dca--983882313-executor read 7 records through 1 polls (polled out 7 records), taking 1093.756657 ms, during time span of 1282.357111 ms.
[2026-04-12T09:54:44.282+0000] {subprocess.py:106} INFO - 26/04/12 09:54:44 INFO KafkaDataConsumer: From Kafka topicPartition=weather-topic-1 groupId=spark-kafka-source-838a2774-c315-423f-96bd-f700a8bb7dca--983882313-executor read 6 records through 1 polls (polled out 6 records), taking 1094.01324 ms, during time span of 1282.411244 ms.
[2026-04-12T09:54:44.303+0000] {subprocess.py:106} INFO - 26/04/12 09:54:44 INFO Executor: Finished task 1.0 in stage 0.0 (TID 1). 2382 bytes result sent to driver
[2026-04-12T09:54:44.304+0000] {subprocess.py:106} INFO - 26/04/12 09:54:44 INFO Executor: Finished task 2.0 in stage 0.0 (TID 2). 2382 bytes result sent to driver
[2026-04-12T09:54:44.305+0000] {subprocess.py:106} INFO - 26/04/12 09:54:44 INFO Executor: Finished task 0.0 in stage 0.0 (TID 0). 2382 bytes result sent to driver
[2026-04-12T09:54:44.317+0000] {subprocess.py:106} INFO - 26/04/12 09:54:44 INFO TaskSetManager: Finished task 0.0 in stage 0.0 (TID 0) in 2182 ms on spark-master (executor driver) (1/3)
[2026-04-12T09:54:44.321+0000] {subprocess.py:106} INFO - 26/04/12 09:54:44 INFO TaskSetManager: Finished task 1.0 in stage 0.0 (TID 1) in 2162 ms on spark-master (executor driver) (2/3)
[2026-04-12T09:54:44.321+0000] {subprocess.py:106} INFO - 26/04/12 09:54:44 INFO TaskSetManager: Finished task 2.0 in stage 0.0 (TID 2) in 2162 ms on spark-master (executor driver) (3/3)
[2026-04-12T09:54:44.323+0000] {subprocess.py:106} INFO - 26/04/12 09:54:44 INFO TaskSchedulerImpl: Removed TaskSet 0.0 whose tasks have all completed, from pool
[2026-04-12T09:54:44.332+0000] {subprocess.py:106} INFO - 26/04/12 09:54:44 INFO DAGScheduler: ShuffleMapStage 0 (start at NativeMethodAccessorImpl.java:0) finished in 2417 ms
[2026-04-12T09:54:44.333+0000] {subprocess.py:106} INFO - 26/04/12 09:54:44 INFO DAGScheduler: looking for newly runnable stages
[2026-04-12T09:54:44.334+0000] {subprocess.py:106} INFO - 26/04/12 09:54:44 INFO DAGScheduler: running: HashSet()
[2026-04-12T09:54:44.335+0000] {subprocess.py:106} INFO - 26/04/12 09:54:44 INFO DAGScheduler: waiting: HashSet(ResultStage 1)
[2026-04-12T09:54:44.336+0000] {subprocess.py:106} INFO - 26/04/12 09:54:44 INFO DAGScheduler: failed: HashSet()
[2026-04-12T09:54:44.339+0000] {subprocess.py:106} INFO - 26/04/12 09:54:44 INFO DAGScheduler: Submitting ResultStage 1 (MapPartitionsRDD[9] at start at NativeMethodAccessorImpl.java:0), which has no missing parents
[2026-04-12T09:54:44.351+0000] {subprocess.py:106} INFO - 26/04/12 09:54:44 INFO MemoryStore: Block broadcast_1 stored as values in memory (estimated size 13.6 KiB, free 1048.7 MiB)
[2026-04-12T09:54:44.354+0000] {subprocess.py:106} INFO - 26/04/12 09:54:44 INFO MemoryStore: Block broadcast_1_piece0 stored as bytes in memory (estimated size 6.5 KiB, free 1048.7 MiB)
[2026-04-12T09:54:44.355+0000] {subprocess.py:106} INFO - 26/04/12 09:54:44 INFO SparkContext: Created broadcast 1 from broadcast at DAGScheduler.scala:1676
[2026-04-12T09:54:44.358+0000] {subprocess.py:106} INFO - 26/04/12 09:54:44 INFO DAGScheduler: Submitting 1 missing tasks from ResultStage 1 (MapPartitionsRDD[9] at start at NativeMethodAccessorImpl.java:0) (first 15 tasks are for partitions Vector(0))
[2026-04-12T09:54:44.359+0000] {subprocess.py:106} INFO - 26/04/12 09:54:44 INFO TaskSchedulerImpl: Adding task set 1.0 with 1 tasks resource profile 0
[2026-04-12T09:54:44.367+0000] {subprocess.py:106} INFO - 26/04/12 09:54:44 INFO TaskSetManager: Starting task 0.0 in stage 1.0 (TID 3) (spark-master,executor driver, partition 0, NODE_LOCAL, 12446 bytes)
[2026-04-12T09:54:44.369+0000] {subprocess.py:106} INFO - 26/04/12 09:54:44 INFO Executor: Running task 0.0 in stage 1.0 (TID 3)
[2026-04-12T09:54:44.436+0000] {subprocess.py:106} INFO - 26/04/12 09:54:44 INFO ShuffleBlockFetcherIterator: Getting 3 (180.0 B) non-empty blocks including 3 (180.0 B) local and 0 (0.0 B) host-local and 0 (0.0 B) push-merged-local and 0 (0.0 B) remote blocks
[2026-04-12T09:54:44.440+0000] {subprocess.py:106} INFO - 26/04/12 09:54:44 INFO ShuffleBlockFetcherIterator: Started 0 remote fetches in 19 ms
[2026-04-12T09:54:44.461+0000] {subprocess.py:106} INFO - 26/04/12 09:54:44 INFO CodeGenerator: Code generated in 16.681038 ms
[2026-04-12T09:54:44.477+0000] {subprocess.py:106} INFO - 26/04/12 09:54:44 INFO Executor: Finished task 0.0 in stage 1.0 (TID 3). 3938 bytes result sent to driver
[2026-04-12T09:54:44.480+0000] {subprocess.py:106} INFO - 26/04/12 09:54:44 INFO TaskSetManager: Finished task 0.0 in stage 1.0 (TID 3) in 117 ms on spark-master (executor driver) (1/1)
[2026-04-12T09:54:44.481+0000] {subprocess.py:106} INFO - 26/04/12 09:54:44 INFO TaskSchedulerImpl: Removed TaskSet 1.0 whose tasks have all completed, from pool
[2026-04-12T09:54:44.488+0000] {subprocess.py:106} INFO - 26/04/12 09:54:44 INFO DAGScheduler: ResultStage 1 (start at NativeMethodAccessorImpl.java:0) finished in 134 ms
[2026-04-12T09:54:44.489+0000] {subprocess.py:106} INFO - 26/04/12 09:54:44 INFO DAGScheduler: Job 0 is finished. Cancelling potential speculative or zombie tasks for this job
[2026-04-12T09:54:44.490+0000] {subprocess.py:106} INFO - 26/04/12 09:54:44 INFO TaskSchedulerImpl: Canceling stage 1
[2026-04-12T09:54:44.490+0000] {subprocess.py:106} INFO - 26/04/12 09:54:44 INFO TaskSchedulerImpl: Killing all running tasks in stage 1: Stage finished
[2026-04-12T09:54:44.492+0000] {subprocess.py:106} INFO - 26/04/12 09:54:44 INFO DAGScheduler: Job 0 finished: start at NativeMethodAccessorImpl.java:0, took 2633.272045 ms
[2026-04-12T09:54:44.656+0000] {subprocess.py:106} INFO - 26/04/12 09:54:44 INFO ParquetUtils: Using default output committer for Parquet: org.apache.parquet.hadoop.ParquetOutputCommitter
[2026-04-12T09:54:44.683+0000] {subprocess.py:106} INFO - 26/04/12 09:54:44 INFO FileOutputCommitter: File Output Committer Algorithm version is 1
[2026-04-12T09:54:44.683+0000] {subprocess.py:106} INFO - 26/04/12 09:54:44 INFO FileOutputCommitter: FileOutputCommitter skip cleanup _temporary folders under output directory:false, ignore cleanup failures: false
[2026-04-12T09:54:44.685+0000] {subprocess.py:106} INFO - 26/04/12 09:54:44 INFO SQLHadoopMapReduceCommitProtocol: Using user defined output committer class org.apache.parquet.hadoop.ParquetOutputCommitter
[2026-04-12T09:54:44.686+0000] {subprocess.py:106} INFO - 26/04/12 09:54:44 INFO FileOutputCommitter: File Output Committer Algorithm version is 1
[2026-04-12T09:54:44.686+0000] {subprocess.py:106} INFO - 26/04/12 09:54:44 INFO FileOutputCommitter: FileOutputCommitter skip cleanup _temporary folders under output directory:false, ignore cleanup failures: false
[2026-04-12T09:54:44.687+0000] {subprocess.py:106} INFO - 26/04/12 09:54:44 INFO SQLHadoopMapReduceCommitProtocol: Using output committer class org.apache.parquet.hadoop.ParquetOutputCommitter
[2026-04-12T09:54:44.930+0000] {subprocess.py:106} INFO - 26/04/12 09:54:44 ERROR MicroBatchExecution: Query [id = fffa4a28-b831-4a17-a849-992bff20d106, runId = 81b0f238-2169-428b-9777-93c02ef6c63f] terminated with error
[2026-04-12T09:54:44.931+0000] {subprocess.py:106} INFO - org.apache.spark.sql.execution.streaming.sources.ForeachBatchUserFuncException: [FOREACH_BATCH_USER_FUNCTION_ERROR] An error occurred in the user provided function in foreach batch sink. Reason: An exception was raised by the Python Proxy. Return Message: Traceback (most recent call last):
[2026-04-12T09:54:44.932+0000] {subprocess.py:106} INFO -   File "/home/spark/spark/python/lib/py4j-0.10.9.9-src.zip/py4j/clientserver.py", line 644, in _call_proxy
[2026-04-12T09:54:44.932+0000] {subprocess.py:106} INFO -     return_value = getattr(self.pool[obj_id], method)(*params)
[2026-04-12T09:54:44.933+0000] {subprocess.py:106} INFO -   File "/home/spark/spark/python/lib/pyspark.zip/pyspark/sql/utils.py", line 165, in call
[2026-04-12T09:54:44.933+0000] {subprocess.py:106} INFO -     raise e
[2026-04-12T09:54:44.934+0000] {subprocess.py:106} INFO -   File "/home/spark/spark/python/lib/pyspark.zip/pyspark/sql/utils.py", line 162, in call
[2026-04-12T09:54:44.934+0000] {subprocess.py:106} INFO -     self.func(DataFrame(jdf, wrapped_session_jdf), batch_id)
[2026-04-12T09:54:44.935+0000] {subprocess.py:106} INFO -   File "/home/spark/spark/spark_jobs/weather_streaming.py", line 114, in write_to_bronze_and_silver
[2026-04-12T09:54:44.935+0000] {subprocess.py:106} INFO -     .save("hdfs://23133083thuyvan-master:9000/user/hive/lakehouse/bronze/raw_api")
[2026-04-12T09:54:44.935+0000] {subprocess.py:106} INFO -   File "/home/spark/spark/python/lib/pyspark.zip/pyspark/sql/readwriter.py", line 1745, in save
[2026-04-12T09:54:44.936+0000] {subprocess.py:106} INFO -     self._jwrite.save(path)
[2026-04-12T09:54:44.936+0000] {subprocess.py:106} INFO -   File "/home/spark/spark/python/lib/py4j-0.10.9.9-src.zip/py4j/java_gateway.py", line 1362, in __call__
[2026-04-12T09:54:44.940+0000] {subprocess.py:106} INFO -     return_value = get_return_value(
[2026-04-12T09:54:44.941+0000] {subprocess.py:106} INFO -   File "/home/spark/spark/python/lib/pyspark.zip/pyspark/errors/exceptions/captured.py", line 282, in deco
[2026-04-12T09:54:44.941+0000] {subprocess.py:106} INFO -     return f(*a, **kw)
[2026-04-12T09:54:44.942+0000] {subprocess.py:106} INFO -   File "/home/spark/spark/python/lib/py4j-0.10.9.9-src.zip/py4j/protocol.py", line 327, in get_return_value
[2026-04-12T09:54:44.942+0000] {subprocess.py:106} INFO -     raise Py4JJavaError(
[2026-04-12T09:54:44.943+0000] {subprocess.py:106} INFO - py4j.protocol.Py4JJavaError: An error occurred while calling o104.save.
[2026-04-12T09:54:44.944+0000] {subprocess.py:106} INFO - : org.apache.hadoop.security.AccessControlException: Permission denied: user=spark, access=WRITE, inode="/user/hive/lakehouse/bronze":hadoop23133083thuyvan:supergroup:drwxr-xr-x
[2026-04-12T09:54:44.946+0000] {subprocess.py:106} INFO - 	at org.apache.hadoop.hdfs.server.namenode.FSPermissionChecker.check(FSPermissionChecker.java:661)
[2026-04-12T09:54:44.947+0000] {subprocess.py:106} INFO - 	at org.apache.hadoop.hdfs.server.namenode.FSPermissionChecker.checkPermission(FSPermissionChecker.java:501)
[2026-04-12T09:54:44.948+0000] {subprocess.py:106} INFO - 	at org.apache.hadoop.hdfs.server.namenode.FSPermissionChecker.checkPermissionWithContext(FSPermissionChecker.java:525)
[2026-04-12T09:54:44.949+0000] {subprocess.py:106} INFO - 	at org.apache.hadoop.hdfs.server.namenode.FSPermissionChecker.checkPermission(FSPermissionChecker.java:395)
[2026-04-12T09:54:44.949+0000] {subprocess.py:106} INFO - 	at org.apache.hadoop.hdfs.server.namenode.FSDirectory.checkPermission(FSDirectory.java:1964)
[2026-04-12T09:54:44.950+0000] {subprocess.py:106} INFO - 	at org.apache.hadoop.hdfs.server.namenode.FSDirectory.checkPermission(FSDirectory.java:1945)
[2026-04-12T09:54:44.950+0000] {subprocess.py:106} INFO - 	at org.apache.hadoop.hdfs.server.namenode.FSDirectory.checkAncestorAccess(FSDirectory.java:1904)
[2026-04-12T09:54:44.951+0000] {subprocess.py:106} INFO - 	at org.apache.hadoop.hdfs.server.namenode.FSDirMkdirOp.mkdirs(FSDirMkdirOp.java:60)
[2026-04-12T09:54:44.952+0000] {subprocess.py:106} INFO - 	at org.apache.hadoop.hdfs.server.namenode.FSNamesystem.mkdirs(FSNamesystem.java:3531)
[2026-04-12T09:54:44.952+0000] {subprocess.py:106} INFO - 	at org.apache.hadoop.hdfs.server.namenode.NameNodeRpcServer.mkdirs(NameNodeRpcServer.java:1173)
[2026-04-12T09:54:44.953+0000] {subprocess.py:106} INFO - 	at org.apache.hadoop.hdfs.protocolPB.ClientNamenodeProtocolServerSideTranslatorPB.mkdirs(ClientNamenodeProtocolServerSideTranslatorPB.java:750)
[2026-04-12T09:54:44.953+0000] {subprocess.py:106} INFO - 	at org.apache.hadoop.hdfs.protocol.proto.ClientNamenodeProtocolProtos$ClientNamenodeProtocol$2.callBlockingMethod(ClientNamenodeProtocolProtos.java)
[2026-04-12T09:54:44.954+0000] {subprocess.py:106} INFO - 	at org.apache.hadoop.ipc.ProtobufRpcEngine2$Server$ProtoBufRpcInvoker.call(ProtobufRpcEngine2.java:621)
[2026-04-12T09:54:44.954+0000] {subprocess.py:106} INFO - 	at org.apache.hadoop.ipc.ProtobufRpcEngine2$Server$ProtoBufRpcInvoker.call(ProtobufRpcEngine2.java:589)
[2026-04-12T09:54:44.957+0000] {subprocess.py:106} INFO - 	at org.apache.hadoop.ipc.ProtobufRpcEngine2$Server$ProtoBufRpcInvoker.call(ProtobufRpcEngine2.java:573)
[2026-04-12T09:54:44.958+0000] {subprocess.py:106} INFO - 	at org.apache.hadoop.ipc.RPC$Server.call(RPC.java:1227)
[2026-04-12T09:54:44.958+0000] {subprocess.py:106} INFO - 	at org.apache.hadoop.ipc.Server$RpcCall.run(Server.java:1246)
[2026-04-12T09:54:44.959+0000] {subprocess.py:106} INFO - 	at org.apache.hadoop.ipc.Server$RpcCall.run(Server.java:1169)
[2026-04-12T09:54:44.959+0000] {subprocess.py:106} INFO - 	at java.base/java.security.AccessController.doPrivileged(Native Method)
[2026-04-12T09:54:44.960+0000] {subprocess.py:106} INFO - 	at java.base/javax.security.auth.Subject.doAs(Subject.java:423)
[2026-04-12T09:54:44.961+0000] {subprocess.py:106} INFO - 	at org.apache.hadoop.security.UserGroupInformation.doAs(UserGroupInformation.java:1953)
[2026-04-12T09:54:44.962+0000] {subprocess.py:106} INFO - 	at org.apache.hadoop.ipc.Server$Handler.run(Server.java:3198)
[2026-04-12T09:54:44.962+0000] {subprocess.py:106} INFO - 
[2026-04-12T09:54:44.962+0000] {subprocess.py:106} INFO - 	at java.base/jdk.internal.reflect.NativeConstructorAccessorImpl.newInstance0(Native Method)
[2026-04-12T09:54:44.963+0000] {subprocess.py:106} INFO - 	at java.base/jdk.internal.reflect.NativeConstructorAccessorImpl.newInstance(NativeConstructorAccessorImpl.java:75)
[2026-04-12T09:54:44.963+0000] {subprocess.py:106} INFO - 	at java.base/jdk.internal.reflect.DelegatingConstructorAccessorImpl.newInstance(DelegatingConstructorAccessorImpl.java:53)
[2026-04-12T09:54:44.964+0000] {subprocess.py:106} INFO - 	at java.base/java.lang.reflect.Constructor.newInstanceWithCaller(Constructor.java:502)
[2026-04-12T09:54:44.968+0000] {subprocess.py:106} INFO - 	at java.base/java.lang.reflect.Constructor.newInstance(Constructor.java:486)
[2026-04-12T09:54:44.969+0000] {subprocess.py:106} INFO - 	at org.apache.hadoop.ipc.RemoteException.instantiateException(RemoteException.java:121)
[2026-04-12T09:54:44.969+0000] {subprocess.py:106} INFO - 	at org.apache.hadoop.ipc.RemoteException.unwrapRemoteException(RemoteException.java:88)
[2026-04-12T09:54:44.969+0000] {subprocess.py:106} INFO - 	at org.apache.hadoop.hdfs.DFSClient.primitiveMkdir(DFSClient.java:2557)
[2026-04-12T09:54:44.970+0000] {subprocess.py:106} INFO - 	at org.apache.hadoop.hdfs.DFSClient.mkdirs(DFSClient.java:2531)
[2026-04-12T09:54:44.970+0000] {subprocess.py:106} INFO - 	at org.apache.hadoop.hdfs.DistributedFileSystem$27.doCall(DistributedFileSystem.java:1497)
[2026-04-12T09:54:44.970+0000] {subprocess.py:106} INFO - 	at org.apache.hadoop.hdfs.DistributedFileSystem$27.doCall(DistributedFileSystem.java:1494)
[2026-04-12T09:54:44.971+0000] {subprocess.py:106} INFO - 	at org.apache.hadoop.fs.FileSystemLinkResolver.resolve(FileSystemLinkResolver.java:81)
[2026-04-12T09:54:44.971+0000] {subprocess.py:106} INFO - 	at org.apache.hadoop.hdfs.DistributedFileSystem.mkdirsInternal(DistributedFileSystem.java:1511)
[2026-04-12T09:54:44.972+0000] {subprocess.py:106} INFO - 	at org.apache.hadoop.hdfs.DistributedFileSystem.mkdirs(DistributedFileSystem.java:1486)
[2026-04-12T09:54:44.972+0000] {subprocess.py:106} INFO - 	at org.apache.hadoop.fs.FileSystem.mkdirs(FileSystem.java:2496)
[2026-04-12T09:54:44.972+0000] {subprocess.py:106} INFO - 	at org.apache.hadoop.mapreduce.lib.output.FileOutputCommitter.setupJob(FileOutputCommitter.java:356)
[2026-04-12T09:54:44.973+0000] {subprocess.py:106} INFO - 	at org.apache.spark.internal.io.HadoopMapReduceCommitProtocol.setupJob(HadoopMapReduceCommitProtocol.scala:190)
[2026-04-12T09:54:44.973+0000] {subprocess.py:106} INFO - 	at org.apache.spark.sql.execution.datasources.FileFormatWriter$.writeAndCommit(FileFormatWriter.scala:268)
[2026-04-12T09:54:44.973+0000] {subprocess.py:106} INFO - 	at org.apache.spark.sql.execution.datasources.FileFormatWriter$.executeWrite(FileFormatWriter.scala:306)
[2026-04-12T09:54:44.974+0000] {subprocess.py:106} INFO - 	at org.apache.spark.sql.execution.datasources.FileFormatWriter$.write(FileFormatWriter.scala:189)
[2026-04-12T09:54:44.974+0000] {subprocess.py:106} INFO - 	at org.apache.spark.sql.execution.datasources.InsertIntoHadoopFsRelationCommand.run(InsertIntoHadoopFsRelationCommand.scala:195)
[2026-04-12T09:54:44.974+0000] {subprocess.py:106} INFO - 	at org.apache.spark.sql.execution.command.DataWritingCommandExec.sideEffectResult$lzycompute(commands.scala:117)
[2026-04-12T09:54:44.975+0000] {subprocess.py:106} INFO - 	at org.apache.spark.sql.execution.command.DataWritingCommandExec.sideEffectResult(commands.scala:115)
[2026-04-12T09:54:44.975+0000] {subprocess.py:106} INFO - 	at org.apache.spark.sql.execution.command.DataWritingCommandExec.executeCollect(commands.scala:129)
[2026-04-12T09:54:44.976+0000] {subprocess.py:106} INFO - 	at org.apache.spark.sql.execution.QueryExecution.$anonfun$eagerlyExecuteCommands$2(QueryExecution.scala:155)
[2026-04-12T09:54:44.976+0000] {subprocess.py:106} INFO - 	at org.apache.spark.sql.execution.SQLExecution$.$anonfun$withNewExecutionId0$8(SQLExecution.scala:163)
[2026-04-12T09:54:44.977+0000] {subprocess.py:106} INFO - 	at org.apache.spark.sql.execution.SQLExecution$.withSessionTagsApplied(SQLExecution.scala:272)
[2026-04-12T09:54:44.977+0000] {subprocess.py:106} INFO - 	at org.apache.spark.sql.execution.SQLExecution$.$anonfun$withNewExecutionId0$7(SQLExecution.scala:125)
[2026-04-12T09:54:44.977+0000] {subprocess.py:106} INFO - 	at org.apache.spark.JobArtifactSet$.withActiveJobArtifactState(JobArtifactSet.scala:94)
[2026-04-12T09:54:44.978+0000] {subprocess.py:106} INFO - 	at org.apache.spark.sql.artifact.ArtifactManager.$anonfun$withResources$1(ArtifactManager.scala:112)
[2026-04-12T09:54:44.978+0000] {subprocess.py:106} INFO - 	at org.apache.spark.sql.artifact.ArtifactManager.withClassLoaderIfNeeded(ArtifactManager.scala:106)
[2026-04-12T09:54:44.978+0000] {subprocess.py:106} INFO - 	at org.apache.spark.sql.artifact.ArtifactManager.withResources(ArtifactManager.scala:111)
[2026-04-12T09:54:44.979+0000] {subprocess.py:106} INFO - 	at org.apache.spark.sql.execution.SQLExecution$.$anonfun$withNewExecutionId0$6(SQLExecution.scala:125)
[2026-04-12T09:54:44.979+0000] {subprocess.py:106} INFO - 	at org.apache.spark.sql.execution.SQLExecution$.withSQLConfPropagated(SQLExecution.scala:295)
[2026-04-12T09:54:44.980+0000] {subprocess.py:106} INFO - 	at org.apache.spark.sql.execution.SQLExecution$.$anonfun$withNewExecutionId0$1(SQLExecution.scala:124)
[2026-04-12T09:54:44.980+0000] {subprocess.py:106} INFO - 	at org.apache.spark.sql.SparkSession.withActive(SparkSession.scala:804)
[2026-04-12T09:54:44.980+0000] {subprocess.py:106} INFO - 	at org.apache.spark.sql.execution.SQLExecution$.withNewExecutionId0(SQLExecution.scala:78)
[2026-04-12T09:54:44.981+0000] {subprocess.py:106} INFO - 	at org.apache.spark.sql.execution.SQLExecution$.withNewExecutionId(SQLExecution.scala:237)
[2026-04-12T09:54:44.981+0000] {subprocess.py:106} INFO - 	at org.apache.spark.sql.execution.QueryExecution.$anonfun$eagerlyExecuteCommands$1(QueryExecution.scala:155)
[2026-04-12T09:54:44.981+0000] {subprocess.py:106} INFO - 	at org.apache.spark.sql.execution.QueryExecution$.withInternalError(QueryExecution.scala:654)
[2026-04-12T09:54:44.982+0000] {subprocess.py:106} INFO - 	at org.apache.spark.sql.execution.QueryExecution.org$apache$spark$sql$execution$QueryExecution$$eagerlyExecute$1(QueryExecution.scala:154)
[2026-04-12T09:54:44.982+0000] {subprocess.py:106} INFO - 	at org.apache.spark.sql.execution.QueryExecution$$anonfun$eagerlyExecuteCommands$3.applyOrElse(QueryExecution.scala:169)
[2026-04-12T09:54:44.982+0000] {subprocess.py:106} INFO - 	at org.apache.spark.sql.execution.QueryExecution$$anonfun$eagerlyExecuteCommands$3.applyOrElse(QueryExecution.scala:164)
[2026-04-12T09:54:44.983+0000] {subprocess.py:106} INFO - 	at org.apache.spark.sql.catalyst.trees.TreeNode.$anonfun$transformDownWithPruning$1(TreeNode.scala:470)
[2026-04-12T09:54:44.983+0000] {subprocess.py:106} INFO - 	at org.apache.spark.sql.catalyst.trees.CurrentOrigin$.withOrigin(origin.scala:86)
[2026-04-12T09:54:44.983+0000] {subprocess.py:106} INFO - 	at org.apache.spark.sql.catalyst.trees.TreeNode.transformDownWithPruning(TreeNode.scala:470)
[2026-04-12T09:54:44.983+0000] {subprocess.py:106} INFO - 	at org.apache.spark.sql.catalyst.plans.logical.LogicalPlan.org$apache$spark$sql$catalyst$plans$logical$AnalysisHelper$$super$transformDownWithPruning(LogicalPlan.scala:37)
[2026-04-12T09:54:44.984+0000] {subprocess.py:106} INFO - 	at org.apache.spark.sql.catalyst.plans.logical.AnalysisHelper.transformDownWithPruning(AnalysisHelper.scala:360)
[2026-04-12T09:54:44.984+0000] {subprocess.py:106} INFO - 	at org.apache.spark.sql.catalyst.plans.logical.AnalysisHelper.transformDownWithPruning$(AnalysisHelper.scala:356)
[2026-04-12T09:54:44.984+0000] {subprocess.py:106} INFO - 	at org.apache.spark.sql.catalyst.plans.logical.LogicalPlan.transformDownWithPruning(LogicalPlan.scala:37)
[2026-04-12T09:54:44.985+0000] {subprocess.py:106} INFO - 	at org.apache.spark.sql.catalyst.plans.logical.LogicalPlan.transformDownWithPruning(LogicalPlan.scala:37)
[2026-04-12T09:54:44.985+0000] {subprocess.py:106} INFO - 	at org.apache.spark.sql.catalyst.trees.TreeNode.transformDown(TreeNode.scala:446)
[2026-04-12T09:54:44.985+0000] {subprocess.py:106} INFO - 	at org.apache.spark.sql.execution.QueryExecution.eagerlyExecuteCommands(QueryExecution.scala:164)
[2026-04-12T09:54:44.986+0000] {subprocess.py:106} INFO - 	at org.apache.spark.sql.execution.QueryExecution.$anonfun$lazyCommandExecuted$1(QueryExecution.scala:126)
[2026-04-12T09:54:44.986+0000] {subprocess.py:106} INFO - 	at scala.util.Try$.apply(Try.scala:217)
[2026-04-12T09:54:44.986+0000] {subprocess.py:106} INFO - 	at org.apache.spark.util.Utils$.doTryWithCallerStacktrace(Utils.scala:1378)
[2026-04-12T09:54:44.986+0000] {subprocess.py:106} INFO - 	at org.apache.spark.util.Utils$.getTryWithCallerStacktrace(Utils.scala:1439)
[2026-04-12T09:54:44.987+0000] {subprocess.py:106} INFO - 	at org.apache.spark.util.LazyTry.get(LazyTry.scala:58)
[2026-04-12T09:54:44.987+0000] {subprocess.py:106} INFO - 	at org.apache.spark.sql.execution.QueryExecution.commandExecuted(QueryExecution.scala:131)
[2026-04-12T09:54:44.987+0000] {subprocess.py:106} INFO - 	at org.apache.spark.sql.execution.QueryExecution.assertCommandExecuted(QueryExecution.scala:192)
[2026-04-12T09:54:44.987+0000] {subprocess.py:106} INFO - 	at org.apache.spark.sql.classic.DataFrameWriter.runCommand(DataFrameWriter.scala:622)
[2026-04-12T09:54:44.988+0000] {subprocess.py:106} INFO - 	at org.apache.spark.sql.classic.DataFrameWriter.saveToV1Source(DataFrameWriter.scala:273)
[2026-04-12T09:54:44.988+0000] {subprocess.py:106} INFO - 	at org.apache.spark.sql.classic.DataFrameWriter.saveInternal(DataFrameWriter.scala:241)
[2026-04-12T09:54:44.988+0000] {subprocess.py:106} INFO - 	at org.apache.spark.sql.classic.DataFrameWriter.save(DataFrameWriter.scala:118)
[2026-04-12T09:54:44.989+0000] {subprocess.py:106} INFO - 	at java.base/jdk.internal.reflect.NativeMethodAccessorImpl.invoke0(Native Method)
[2026-04-12T09:54:44.989+0000] {subprocess.py:106} INFO - 	at java.base/jdk.internal.reflect.NativeMethodAccessorImpl.invoke(NativeMethodAccessorImpl.java:75)
[2026-04-12T09:54:44.989+0000] {subprocess.py:106} INFO - 	at java.base/jdk.internal.reflect.DelegatingMethodAccessorImpl.invoke(DelegatingMethodAccessorImpl.java:52)
[2026-04-12T09:54:44.990+0000] {subprocess.py:106} INFO - 	at java.base/java.lang.reflect.Method.invoke(Method.java:580)
[2026-04-12T09:54:44.990+0000] {subprocess.py:106} INFO - 	at py4j.reflection.MethodInvoker.invoke(MethodInvoker.java:244)
[2026-04-12T09:54:44.990+0000] {subprocess.py:106} INFO - 	at py4j.reflection.ReflectionEngine.invoke(ReflectionEngine.java:374)
[2026-04-12T09:54:44.991+0000] {subprocess.py:106} INFO - 	at py4j.Gateway.invoke(Gateway.java:282)
[2026-04-12T09:54:44.991+0000] {subprocess.py:106} INFO - 	at py4j.commands.AbstractCommand.invokeMethod(AbstractCommand.java:132)
[2026-04-12T09:54:44.991+0000] {subprocess.py:106} INFO - 	at py4j.commands.CallCommand.execute(CallCommand.java:79)
[2026-04-12T09:54:44.992+0000] {subprocess.py:106} INFO - 	at py4j.ClientServerConnection.sendCommand(ClientServerConnection.java:246)
[2026-04-12T09:54:44.992+0000] {subprocess.py:106} INFO - 	at py4j.CallbackClient.sendCommand(CallbackClient.java:384)
[2026-04-12T09:54:44.992+0000] {subprocess.py:106} INFO - 	at py4j.CallbackClient.sendCommand(CallbackClient.java:356)
[2026-04-12T09:54:44.993+0000] {subprocess.py:106} INFO - 	at py4j.reflection.PythonProxyHandler.invoke(PythonProxyHandler.java:106)
[2026-04-12T09:54:44.993+0000] {subprocess.py:106} INFO - 	at jdk.proxy3/jdk.proxy3.$Proxy49.call(Unknown Source)
[2026-04-12T09:54:44.993+0000] {subprocess.py:106} INFO - 	at org.apache.spark.sql.execution.streaming.sources.PythonForeachBatchHelper$.$anonfun$callForeachBatch$1(ForeachBatchSink.scala:87)
[2026-04-12T09:54:44.994+0000] {subprocess.py:106} INFO - 	at org.apache.spark.sql.execution.streaming.sources.PythonForeachBatchHelper$.$anonfun$callForeachBatch$1$adapted(ForeachBatchSink.scala:87)
[2026-04-12T09:54:44.994+0000] {subprocess.py:106} INFO - 	at org.apache.spark.sql.execution.streaming.sources.ForeachBatchSink.callBatchWriter(ForeachBatchSink.scala:56)
[2026-04-12T09:54:44.995+0000] {subprocess.py:106} INFO - 	at org.apache.spark.sql.execution.streaming.sources.ForeachBatchSink.addBatch(ForeachBatchSink.scala:49)
[2026-04-12T09:54:44.995+0000] {subprocess.py:106} INFO - 	at org.apache.spark.sql.execution.streaming.MicroBatchExecution.$anonfun$runBatch$17(MicroBatchExecution.scala:889)
[2026-04-12T09:54:44.995+0000] {subprocess.py:106} INFO - 	at org.apache.spark.sql.execution.SQLExecution$.$anonfun$withNewExecutionId0$8(SQLExecution.scala:163)
[2026-04-12T09:54:44.996+0000] {subprocess.py:106} INFO - 	at org.apache.spark.sql.execution.SQLExecution$.withSessionTagsApplied(SQLExecution.scala:272)
[2026-04-12T09:54:44.996+0000] {subprocess.py:106} INFO - 	at org.apache.spark.sql.execution.SQLExecution$.$anonfun$withNewExecutionId0$7(SQLExecution.scala:125)
[2026-04-12T09:54:44.996+0000] {subprocess.py:106} INFO - 	at org.apache.spark.JobArtifactSet$.withActiveJobArtifactState(JobArtifactSet.scala:94)
[2026-04-12T09:54:44.996+0000] {subprocess.py:106} INFO - 	at org.apache.spark.sql.artifact.ArtifactManager.$anonfun$withResources$1(ArtifactManager.scala:112)
[2026-04-12T09:54:44.997+0000] {subprocess.py:106} INFO - 	at org.apache.spark.sql.artifact.ArtifactManager.withClassLoaderIfNeeded(ArtifactManager.scala:106)
[2026-04-12T09:54:44.997+0000] {subprocess.py:106} INFO - 	at org.apache.spark.sql.artifact.ArtifactManager.withResources(ArtifactManager.scala:111)
[2026-04-12T09:54:44.997+0000] {subprocess.py:106} INFO - 	at org.apache.spark.sql.execution.SQLExecution$.$anonfun$withNewExecutionId0$6(SQLExecution.scala:125)
[2026-04-12T09:54:44.998+0000] {subprocess.py:106} INFO - 	at org.apache.spark.sql.execution.SQLExecution$.withSQLConfPropagated(SQLExecution.scala:295)
[2026-04-12T09:54:44.998+0000] {subprocess.py:106} INFO - 	at org.apache.spark.sql.execution.SQLExecution$.$anonfun$withNewExecutionId0$1(SQLExecution.scala:124)
[2026-04-12T09:54:44.998+0000] {subprocess.py:106} INFO - 	at org.apache.spark.sql.SparkSession.withActive(SparkSession.scala:804)
[2026-04-12T09:54:44.999+0000] {subprocess.py:106} INFO - 	at org.apache.spark.sql.execution.SQLExecution$.withNewExecutionId0(SQLExecution.scala:78)
[2026-04-12T09:54:44.999+0000] {subprocess.py:106} INFO - 	at org.apache.spark.sql.execution.SQLExecution$.withNewExecutionId(SQLExecution.scala:237)
[2026-04-12T09:54:44.999+0000] {subprocess.py:106} INFO - 	at org.apache.spark.sql.execution.streaming.MicroBatchExecution.$anonfun$runBatch$16(MicroBatchExecution.scala:886)
[2026-04-12T09:54:44.999+0000] {subprocess.py:106} INFO - 	at org.apache.spark.sql.execution.streaming.ProgressContext.reportTimeTaken(ProgressReporter.scala:186)
[2026-04-12T09:54:45.000+0000] {subprocess.py:106} INFO - 	at org.apache.spark.sql.execution.streaming.MicroBatchExecution.runBatch(MicroBatchExecution.scala:886)
[2026-04-12T09:54:45.000+0000] {subprocess.py:106} INFO - 	at org.apache.spark.sql.execution.streaming.MicroBatchExecution.$anonfun$executeOneBatch$2(MicroBatchExecution.scala:394)
[2026-04-12T09:54:45.000+0000] {subprocess.py:106} INFO - 	at scala.runtime.java8.JFunction0$mcV$sp.apply(JFunction0$mcV$sp.scala:18)
[2026-04-12T09:54:45.001+0000] {subprocess.py:106} INFO - 	at org.apache.spark.sql.execution.streaming.ProgressContext.reportTimeTaken(ProgressReporter.scala:186)
[2026-04-12T09:54:45.001+0000] {subprocess.py:106} INFO - 	at org.apache.spark.sql.execution.streaming.MicroBatchExecution.executeOneBatch(MicroBatchExecution.scala:364)
[2026-04-12T09:54:45.001+0000] {subprocess.py:106} INFO - 	at org.apache.spark.sql.execution.streaming.MicroBatchExecution.$anonfun$runActivatedStream$1(MicroBatchExecution.scala:344)
[2026-04-12T09:54:45.001+0000] {subprocess.py:106} INFO - 	at org.apache.spark.sql.execution.streaming.MicroBatchExecution.$anonfun$runActivatedStream$1$adapted(MicroBatchExecution.scala:344)
[2026-04-12T09:54:45.002+0000] {subprocess.py:106} INFO - 	at org.apache.spark.sql.execution.streaming.TriggerExecutor.runOneBatch(TriggerExecutor.scala:39)
[2026-04-12T09:54:45.002+0000] {subprocess.py:106} INFO - 	at org.apache.spark.sql.execution.streaming.TriggerExecutor.runOneBatch$(TriggerExecutor.scala:37)
[2026-04-12T09:54:45.002+0000] {subprocess.py:106} INFO - 	at org.apache.spark.sql.execution.streaming.ProcessingTimeExecutor.runOneBatch(TriggerExecutor.scala:70)
[2026-04-12T09:54:45.003+0000] {subprocess.py:106} INFO - 	at org.apache.spark.sql.execution.streaming.ProcessingTimeExecutor.execute(TriggerExecutor.scala:82)
[2026-04-12T09:54:45.003+0000] {subprocess.py:106} INFO - 	at org.apache.spark.sql.execution.streaming.MicroBatchExecution.runActivatedStream(MicroBatchExecution.scala:344)
[2026-04-12T09:54:45.003+0000] {subprocess.py:106} INFO - 	at org.apache.spark.sql.execution.streaming.StreamExecution.$anonfun$runStream$1(StreamExecution.scala:337)
[2026-04-12T09:54:45.003+0000] {subprocess.py:106} INFO - 	at scala.runtime.java8.JFunction0$mcV$sp.apply(JFunction0$mcV$sp.scala:18)
[2026-04-12T09:54:45.003+0000] {subprocess.py:106} INFO - 	at org.apache.spark.sql.SparkSession.withActive(SparkSession.scala:804)
[2026-04-12T09:54:45.004+0000] {subprocess.py:106} INFO - 	at org.apache.spark.sql.execution.streaming.StreamExecution.org$apache$spark$sql$execution$streaming$StreamExecution$$runStream(StreamExecution.scala:311)
[2026-04-12T09:54:45.004+0000] {subprocess.py:106} INFO - 	at org.apache.spark.sql.execution.streaming.StreamExecution$$anon$1.run(StreamExecution.scala:226)
[2026-04-12T09:54:45.004+0000] {subprocess.py:106} INFO - 	Suppressed: org.apache.spark.util.Utils$OriginalTryStackTraceException: Full stacktrace of original doTryWithCallerStacktrace caller
[2026-04-12T09:54:45.004+0000] {subprocess.py:106} INFO - 		at java.base/jdk.internal.reflect.NativeConstructorAccessorImpl.newInstance0(Native Method)
[2026-04-12T09:54:45.005+0000] {subprocess.py:106} INFO - 		at java.base/jdk.internal.reflect.NativeConstructorAccessorImpl.newInstance(NativeConstructorAccessorImpl.java:75)
[2026-04-12T09:54:45.005+0000] {subprocess.py:106} INFO - 		at java.base/jdk.internal.reflect.DelegatingConstructorAccessorImpl.newInstance(DelegatingConstructorAccessorImpl.java:53)
[2026-04-12T09:54:45.005+0000] {subprocess.py:106} INFO - 		at java.base/java.lang.reflect.Constructor.newInstanceWithCaller(Constructor.java:502)
[2026-04-12T09:54:45.006+0000] {subprocess.py:106} INFO - 		at java.base/java.lang.reflect.Constructor.newInstance(Constructor.java:486)
[2026-04-12T09:54:45.006+0000] {subprocess.py:106} INFO - 		at org.apache.hadoop.ipc.RemoteException.instantiateException(RemoteException.java:121)
[2026-04-12T09:54:45.006+0000] {subprocess.py:106} INFO - 		at org.apache.hadoop.ipc.RemoteException.unwrapRemoteException(RemoteException.java:88)
[2026-04-12T09:54:45.006+0000] {subprocess.py:106} INFO - 		at org.apache.hadoop.hdfs.DFSClient.primitiveMkdir(DFSClient.java:2557)
[2026-04-12T09:54:45.007+0000] {subprocess.py:106} INFO - 		at org.apache.hadoop.hdfs.DFSClient.mkdirs(DFSClient.java:2531)
[2026-04-12T09:54:45.007+0000] {subprocess.py:106} INFO - 		at org.apache.hadoop.hdfs.DistributedFileSystem$27.doCall(DistributedFileSystem.java:1497)
[2026-04-12T09:54:45.007+0000] {subprocess.py:106} INFO - 		at org.apache.hadoop.hdfs.DistributedFileSystem$27.doCall(DistributedFileSystem.java:1494)
[2026-04-12T09:54:45.007+0000] {subprocess.py:106} INFO - 		at org.apache.hadoop.fs.FileSystemLinkResolver.resolve(FileSystemLinkResolver.java:81)
[2026-04-12T09:54:45.008+0000] {subprocess.py:106} INFO - 		at org.apache.hadoop.hdfs.DistributedFileSystem.mkdirsInternal(DistributedFileSystem.java:1511)
[2026-04-12T09:54:45.008+0000] {subprocess.py:106} INFO - 		at org.apache.hadoop.hdfs.DistributedFileSystem.mkdirs(DistributedFileSystem.java:1486)
[2026-04-12T09:54:45.008+0000] {subprocess.py:106} INFO - 		at org.apache.hadoop.fs.FileSystem.mkdirs(FileSystem.java:2496)
[2026-04-12T09:54:45.009+0000] {subprocess.py:106} INFO - 		at org.apache.hadoop.mapreduce.lib.output.FileOutputCommitter.setupJob(FileOutputCommitter.java:356)
[2026-04-12T09:54:45.009+0000] {subprocess.py:106} INFO - 		at org.apache.spark.internal.io.HadoopMapReduceCommitProtocol.setupJob(HadoopMapReduceCommitProtocol.scala:190)
[2026-04-12T09:54:45.009+0000] {subprocess.py:106} INFO - 		at org.apache.spark.sql.execution.datasources.FileFormatWriter$.writeAndCommit(FileFormatWriter.scala:268)
[2026-04-12T09:54:45.010+0000] {subprocess.py:106} INFO - 		at org.apache.spark.sql.execution.datasources.FileFormatWriter$.executeWrite(FileFormatWriter.scala:306)
[2026-04-12T09:54:45.010+0000] {subprocess.py:106} INFO - 		at org.apache.spark.sql.execution.datasources.FileFormatWriter$.write(FileFormatWriter.scala:189)
[2026-04-12T09:54:45.010+0000] {subprocess.py:106} INFO - 		at org.apache.spark.sql.execution.datasources.InsertIntoHadoopFsRelationCommand.run(InsertIntoHadoopFsRelationCommand.scala:195)
[2026-04-12T09:54:45.010+0000] {subprocess.py:106} INFO - 		at org.apache.spark.sql.execution.command.DataWritingCommandExec.sideEffectResult$lzycompute(commands.scala:117)
[2026-04-12T09:54:45.011+0000] {subprocess.py:106} INFO - 		at org.apache.spark.sql.execution.command.DataWritingCommandExec.sideEffectResult(commands.scala:115)
[2026-04-12T09:54:45.011+0000] {subprocess.py:106} INFO - 		at org.apache.spark.sql.execution.command.DataWritingCommandExec.executeCollect(commands.scala:129)
[2026-04-12T09:54:45.011+0000] {subprocess.py:106} INFO - 		at org.apache.spark.sql.execution.QueryExecution.$anonfun$eagerlyExecuteCommands$2(QueryExecution.scala:155)
[2026-04-12T09:54:45.012+0000] {subprocess.py:106} INFO - 		at org.apache.spark.sql.execution.SQLExecution$.$anonfun$withNewExecutionId0$8(SQLExecution.scala:163)
[2026-04-12T09:54:45.012+0000] {subprocess.py:106} INFO - 		at org.apache.spark.sql.execution.SQLExecution$.withSessionTagsApplied(SQLExecution.scala:272)
[2026-04-12T09:54:45.012+0000] {subprocess.py:106} INFO - 		at org.apache.spark.sql.execution.SQLExecution$.$anonfun$withNewExecutionId0$7(SQLExecution.scala:125)
[2026-04-12T09:54:45.013+0000] {subprocess.py:106} INFO - 		at org.apache.spark.JobArtifactSet$.withActiveJobArtifactState(JobArtifactSet.scala:94)
[2026-04-12T09:54:45.013+0000] {subprocess.py:106} INFO - 		at org.apache.spark.sql.artifact.ArtifactManager.$anonfun$withResources$1(ArtifactManager.scala:112)
[2026-04-12T09:54:45.013+0000] {subprocess.py:106} INFO - 		at org.apache.spark.sql.artifact.ArtifactManager.withClassLoaderIfNeeded(ArtifactManager.scala:106)
[2026-04-12T09:54:45.014+0000] {subprocess.py:106} INFO - 		at org.apache.spark.sql.artifact.ArtifactManager.withResources(ArtifactManager.scala:111)
[2026-04-12T09:54:45.014+0000] {subprocess.py:106} INFO - 		at org.apache.spark.sql.execution.SQLExecution$.$anonfun$withNewExecutionId0$6(SQLExecution.scala:125)
[2026-04-12T09:54:45.014+0000] {subprocess.py:106} INFO - 		at org.apache.spark.sql.execution.SQLExecution$.withSQLConfPropagated(SQLExecution.scala:295)
[2026-04-12T09:54:45.014+0000] {subprocess.py:106} INFO - 		at org.apache.spark.sql.execution.SQLExecution$.$anonfun$withNewExecutionId0$1(SQLExecution.scala:124)
[2026-04-12T09:54:45.015+0000] {subprocess.py:106} INFO - 		at org.apache.spark.sql.SparkSession.withActive(SparkSession.scala:804)
[2026-04-12T09:54:45.015+0000] {subprocess.py:106} INFO - 		at org.apache.spark.sql.execution.SQLExecution$.withNewExecutionId0(SQLExecution.scala:78)
[2026-04-12T09:54:45.015+0000] {subprocess.py:106} INFO - 		at org.apache.spark.sql.execution.SQLExecution$.withNewExecutionId(SQLExecution.scala:237)
[2026-04-12T09:54:45.016+0000] {subprocess.py:106} INFO - 		at org.apache.spark.sql.execution.QueryExecution.$anonfun$eagerlyExecuteCommands$1(QueryExecution.scala:155)
[2026-04-12T09:54:45.016+0000] {subprocess.py:106} INFO - 		at org.apache.spark.sql.execution.QueryExecution$.withInternalError(QueryExecution.scala:654)
[2026-04-12T09:54:45.016+0000] {subprocess.py:106} INFO - 		at org.apache.spark.sql.execution.QueryExecution.org$apache$spark$sql$execution$QueryExecution$$eagerlyExecute$1(QueryExecution.scala:154)
[2026-04-12T09:54:45.017+0000] {subprocess.py:106} INFO - 		at org.apache.spark.sql.execution.QueryExecution$$anonfun$eagerlyExecuteCommands$3.applyOrElse(QueryExecution.scala:169)
[2026-04-12T09:54:45.017+0000] {subprocess.py:106} INFO - 		at org.apache.spark.sql.execution.QueryExecution$$anonfun$eagerlyExecuteCommands$3.applyOrElse(QueryExecution.scala:164)
[2026-04-12T09:54:45.017+0000] {subprocess.py:106} INFO - 		at org.apache.spark.sql.catalyst.trees.TreeNode.$anonfun$transformDownWithPruning$1(TreeNode.scala:470)
[2026-04-12T09:54:45.018+0000] {subprocess.py:106} INFO - 		at org.apache.spark.sql.catalyst.trees.CurrentOrigin$.withOrigin(origin.scala:86)
[2026-04-12T09:54:45.018+0000] {subprocess.py:106} INFO - 		at org.apache.spark.sql.catalyst.trees.TreeNode.transformDownWithPruning(TreeNode.scala:470)
[2026-04-12T09:54:45.018+0000] {subprocess.py:106} INFO - 		at org.apache.spark.sql.catalyst.plans.logical.LogicalPlan.org$apache$spark$sql$catalyst$plans$logical$AnalysisHelper$$super$transformDownWithPruning(LogicalPlan.scala:37)
[2026-04-12T09:54:45.019+0000] {subprocess.py:106} INFO - 		at org.apache.spark.sql.catalyst.plans.logical.AnalysisHelper.transformDownWithPruning(AnalysisHelper.scala:360)
[2026-04-12T09:54:45.019+0000] {subprocess.py:106} INFO - 		at org.apache.spark.sql.catalyst.plans.logical.AnalysisHelper.transformDownWithPruning$(AnalysisHelper.scala:356)
[2026-04-12T09:54:45.019+0000] {subprocess.py:106} INFO - 		at org.apache.spark.sql.catalyst.plans.logical.LogicalPlan.transformDownWithPruning(LogicalPlan.scala:37)
[2026-04-12T09:54:45.020+0000] {subprocess.py:106} INFO - 		at org.apache.spark.sql.catalyst.plans.logical.LogicalPlan.transformDownWithPruning(LogicalPlan.scala:37)
[2026-04-12T09:54:45.020+0000] {subprocess.py:106} INFO - 		at org.apache.spark.sql.catalyst.trees.TreeNode.transformDown(TreeNode.scala:446)
[2026-04-12T09:54:45.020+0000] {subprocess.py:106} INFO - 		at org.apache.spark.sql.execution.QueryExecution.eagerlyExecuteCommands(QueryExecution.scala:164)
[2026-04-12T09:54:45.021+0000] {subprocess.py:106} INFO - 		at org.apache.spark.sql.execution.QueryExecution.$anonfun$lazyCommandExecuted$1(QueryExecution.scala:126)
[2026-04-12T09:54:45.021+0000] {subprocess.py:106} INFO - 		at scala.util.Try$.apply(Try.scala:217)
[2026-04-12T09:54:45.021+0000] {subprocess.py:106} INFO - 		at org.apache.spark.util.Utils$.doTryWithCallerStacktrace(Utils.scala:1378)
[2026-04-12T09:54:45.022+0000] {subprocess.py:106} INFO - 		at org.apache.spark.util.LazyTry.tryT$lzycompute(LazyTry.scala:46)
[2026-04-12T09:54:45.022+0000] {subprocess.py:106} INFO - 		at org.apache.spark.util.LazyTry.tryT(LazyTry.scala:46)
[2026-04-12T09:54:45.022+0000] {subprocess.py:106} INFO - 		... 58 more
[2026-04-12T09:54:45.022+0000] {subprocess.py:106} INFO - Caused by: org.apache.hadoop.ipc.RemoteException(org.apache.hadoop.security.AccessControlException): Permission denied: user=spark, access=WRITE, inode="/user/hive/lakehouse/bronze":hadoop23133083thuyvan:supergroup:drwxr-xr-x
[2026-04-12T09:54:45.023+0000] {subprocess.py:106} INFO - 	at org.apache.hadoop.hdfs.server.namenode.FSPermissionChecker.check(FSPermissionChecker.java:661)
[2026-04-12T09:54:45.023+0000] {subprocess.py:106} INFO - 	at org.apache.hadoop.hdfs.server.namenode.FSPermissionChecker.checkPermission(FSPermissionChecker.java:501)
[2026-04-12T09:54:45.023+0000] {subprocess.py:106} INFO - 	at org.apache.hadoop.hdfs.server.namenode.FSPermissionChecker.checkPermissionWithContext(FSPermissionChecker.java:525)
[2026-04-12T09:54:45.024+0000] {subprocess.py:106} INFO - 	at org.apache.hadoop.hdfs.server.namenode.FSPermissionChecker.checkPermission(FSPermissionChecker.java:395)
[2026-04-12T09:54:45.024+0000] {subprocess.py:106} INFO - 	at org.apache.hadoop.hdfs.server.namenode.FSDirectory.checkPermission(FSDirectory.java:1964)
[2026-04-12T09:54:45.024+0000] {subprocess.py:106} INFO - 	at org.apache.hadoop.hdfs.server.namenode.FSDirectory.checkPermission(FSDirectory.java:1945)
[2026-04-12T09:54:45.025+0000] {subprocess.py:106} INFO - 	at org.apache.hadoop.hdfs.server.namenode.FSDirectory.checkAncestorAccess(FSDirectory.java:1904)
[2026-04-12T09:54:45.025+0000] {subprocess.py:106} INFO - 	at org.apache.hadoop.hdfs.server.namenode.FSDirMkdirOp.mkdirs(FSDirMkdirOp.java:60)
[2026-04-12T09:54:45.025+0000] {subprocess.py:106} INFO - 	at org.apache.hadoop.hdfs.server.namenode.FSNamesystem.mkdirs(FSNamesystem.java:3531)
[2026-04-12T09:54:45.026+0000] {subprocess.py:106} INFO - 	at org.apache.hadoop.hdfs.server.namenode.NameNodeRpcServer.mkdirs(NameNodeRpcServer.java:1173)
[2026-04-12T09:54:45.026+0000] {subprocess.py:106} INFO - 	at org.apache.hadoop.hdfs.protocolPB.ClientNamenodeProtocolServerSideTranslatorPB.mkdirs(ClientNamenodeProtocolServerSideTranslatorPB.java:750)
[2026-04-12T09:54:45.026+0000] {subprocess.py:106} INFO - 	at org.apache.hadoop.hdfs.protocol.proto.ClientNamenodeProtocolProtos$ClientNamenodeProtocol$2.callBlockingMethod(ClientNamenodeProtocolProtos.java)
[2026-04-12T09:54:45.027+0000] {subprocess.py:106} INFO - 	at org.apache.hadoop.ipc.ProtobufRpcEngine2$Server$ProtoBufRpcInvoker.call(ProtobufRpcEngine2.java:621)
[2026-04-12T09:54:45.027+0000] {subprocess.py:106} INFO - 	at org.apache.hadoop.ipc.ProtobufRpcEngine2$Server$ProtoBufRpcInvoker.call(ProtobufRpcEngine2.java:589)
[2026-04-12T09:54:45.027+0000] {subprocess.py:106} INFO - 	at org.apache.hadoop.ipc.ProtobufRpcEngine2$Server$ProtoBufRpcInvoker.call(ProtobufRpcEngine2.java:573)
[2026-04-12T09:54:45.027+0000] {subprocess.py:106} INFO - 	at org.apache.hadoop.ipc.RPC$Server.call(RPC.java:1227)
[2026-04-12T09:54:45.028+0000] {subprocess.py:106} INFO - 	at org.apache.hadoop.ipc.Server$RpcCall.run(Server.java:1246)
[2026-04-12T09:54:45.028+0000] {subprocess.py:106} INFO - 	at org.apache.hadoop.ipc.Server$RpcCall.run(Server.java:1169)
[2026-04-12T09:54:45.029+0000] {subprocess.py:106} INFO - 	at java.base/java.security.AccessController.doPrivileged(Native Method)
[2026-04-12T09:54:45.029+0000] {subprocess.py:106} INFO - 	at java.base/javax.security.auth.Subject.doAs(Subject.java:423)
[2026-04-12T09:54:45.029+0000] {subprocess.py:106} INFO - 	at org.apache.hadoop.security.UserGroupInformation.doAs(UserGroupInformation.java:1953)
[2026-04-12T09:54:45.029+0000] {subprocess.py:106} INFO - 	at org.apache.hadoop.ipc.Server$Handler.run(Server.java:3198)
[2026-04-12T09:54:45.030+0000] {subprocess.py:106} INFO - 
[2026-04-12T09:54:45.030+0000] {subprocess.py:106} INFO - 	at org.apache.hadoop.ipc.Client.getRpcResponse(Client.java:1584)
[2026-04-12T09:54:45.030+0000] {subprocess.py:106} INFO - 	at org.apache.hadoop.ipc.Client.call(Client.java:1529)
[2026-04-12T09:54:45.031+0000] {subprocess.py:106} INFO - 	at org.apache.hadoop.ipc.Client.call(Client.java:1426)
[2026-04-12T09:54:45.031+0000] {subprocess.py:106} INFO - 	at org.apache.hadoop.ipc.ProtobufRpcEngine2$Invoker.invoke(ProtobufRpcEngine2.java:258)
[2026-04-12T09:54:45.031+0000] {subprocess.py:106} INFO - 	at org.apache.hadoop.ipc.ProtobufRpcEngine2$Invoker.invoke(ProtobufRpcEngine2.java:139)
[2026-04-12T09:54:45.032+0000] {subprocess.py:106} INFO - 	at jdk.proxy2/jdk.proxy2.$Proxy46.mkdirs(Unknown Source)
[2026-04-12T09:54:45.032+0000] {subprocess.py:106} INFO - 	at org.apache.hadoop.hdfs.protocolPB.ClientNamenodeProtocolTranslatorPB.lambda$mkdirs$20(ClientNamenodeProtocolTranslatorPB.java:611)
[2026-04-12T09:54:45.032+0000] {subprocess.py:106} INFO - 	at org.apache.hadoop.ipc.internal.ShadedProtobufHelper.ipc(ShadedProtobufHelper.java:160)
[2026-04-12T09:54:45.033+0000] {subprocess.py:106} INFO - 	at org.apache.hadoop.hdfs.protocolPB.ClientNamenodeProtocolTranslatorPB.mkdirs(ClientNamenodeProtocolTranslatorPB.java:611)
[2026-04-12T09:54:45.033+0000] {subprocess.py:106} INFO - 	at java.base/jdk.internal.reflect.NativeMethodAccessorImpl.invoke0(Native Method)
[2026-04-12T09:54:45.033+0000] {subprocess.py:106} INFO - 	at java.base/jdk.internal.reflect.NativeMethodAccessorImpl.invoke(NativeMethodAccessorImpl.java:75)
[2026-04-12T09:54:45.034+0000] {subprocess.py:106} INFO - 	at java.base/jdk.internal.reflect.DelegatingMethodAccessorImpl.invoke(DelegatingMethodAccessorImpl.java:52)
[2026-04-12T09:54:45.034+0000] {subprocess.py:106} INFO - 	at java.base/java.lang.reflect.Method.invoke(Method.java:580)
[2026-04-12T09:54:45.034+0000] {subprocess.py:106} INFO - 	at org.apache.hadoop.io.retry.RetryInvocationHandler.invokeMethod(RetryInvocationHandler.java:437)
[2026-04-12T09:54:45.035+0000] {subprocess.py:106} INFO - 	at org.apache.hadoop.io.retry.RetryInvocationHandler$Call.invokeMethod(RetryInvocationHandler.java:170)
[2026-04-12T09:54:45.035+0000] {subprocess.py:106} INFO - 	at org.apache.hadoop.io.retry.RetryInvocationHandler$Call.invoke(RetryInvocationHandler.java:162)
[2026-04-12T09:54:45.035+0000] {subprocess.py:106} INFO - 	at org.apache.hadoop.io.retry.RetryInvocationHandler$Call.invokeOnce(RetryInvocationHandler.java:100)
[2026-04-12T09:54:45.036+0000] {subprocess.py:106} INFO - 	at org.apache.hadoop.io.retry.RetryInvocationHandler.invoke(RetryInvocationHandler.java:366)
[2026-04-12T09:54:45.036+0000] {subprocess.py:106} INFO - 	at jdk.proxy2/jdk.proxy2.$Proxy47.mkdirs(Unknown Source)
[2026-04-12T09:54:45.036+0000] {subprocess.py:106} INFO - 	at org.apache.hadoop.hdfs.DFSClient.primitiveMkdir(DFSClient.java:2555)
[2026-04-12T09:54:45.037+0000] {subprocess.py:106} INFO - 	at org.apache.hadoop.hdfs.DFSClient.mkdirs(DFSClient.java:2531)
[2026-04-12T09:54:45.037+0000] {subprocess.py:106} INFO - 	at org.apache.hadoop.hdfs.DistributedFileSystem$27.doCall(DistributedFileSystem.java:1497)
[2026-04-12T09:54:45.037+0000] {subprocess.py:106} INFO - 	at org.apache.hadoop.hdfs.DistributedFileSystem$27.doCall(DistributedFileSystem.java:1494)
[2026-04-12T09:54:45.038+0000] {subprocess.py:106} INFO - 	at org.apache.hadoop.fs.FileSystemLinkResolver.resolve(FileSystemLinkResolver.java:81)
[2026-04-12T09:54:45.038+0000] {subprocess.py:106} INFO - 	at org.apache.hadoop.hdfs.DistributedFileSystem.mkdirsInternal(DistributedFileSystem.java:1511)
[2026-04-12T09:54:45.038+0000] {subprocess.py:106} INFO - 	at org.apache.hadoop.hdfs.DistributedFileSystem.mkdirs(DistributedFileSystem.java:1486)
[2026-04-12T09:54:45.039+0000] {subprocess.py:106} INFO - 	at org.apache.hadoop.fs.FileSystem.mkdirs(FileSystem.java:2496)
[2026-04-12T09:54:45.039+0000] {subprocess.py:106} INFO - 	at org.apache.hadoop.mapreduce.lib.output.FileOutputCommitter.setupJob(FileOutputCommitter.java:356)
[2026-04-12T09:54:45.039+0000] {subprocess.py:106} INFO - 	at org.apache.spark.internal.io.HadoopMapReduceCommitProtocol.setupJob(HadoopMapReduceCommitProtocol.scala:190)
[2026-04-12T09:54:45.040+0000] {subprocess.py:106} INFO - 	at org.apache.spark.sql.execution.datasources.FileFormatWriter$.writeAndCommit(FileFormatWriter.scala:268)
[2026-04-12T09:54:45.040+0000] {subprocess.py:106} INFO - 	at org.apache.spark.sql.execution.datasources.FileFormatWriter$.executeWrite(FileFormatWriter.scala:306)
[2026-04-12T09:54:45.040+0000] {subprocess.py:106} INFO - 	at org.apache.spark.sql.execution.datasources.FileFormatWriter$.write(FileFormatWriter.scala:189)
[2026-04-12T09:54:45.041+0000] {subprocess.py:106} INFO - 	at org.apache.spark.sql.execution.datasources.InsertIntoHadoopFsRelationCommand.run(InsertIntoHadoopFsRelationCommand.scala:195)
[2026-04-12T09:54:45.041+0000] {subprocess.py:106} INFO - 	at org.apache.spark.sql.execution.command.DataWritingCommandExec.sideEffectResult$lzycompute(commands.scala:117)
[2026-04-12T09:54:45.041+0000] {subprocess.py:106} INFO - 	at org.apache.spark.sql.execution.command.DataWritingCommandExec.sideEffectResult(commands.scala:115)
[2026-04-12T09:54:45.042+0000] {subprocess.py:106} INFO - 	at org.apache.spark.sql.execution.command.DataWritingCommandExec.executeCollect(commands.scala:129)
[2026-04-12T09:54:45.042+0000] {subprocess.py:106} INFO - 	at org.apache.spark.sql.execution.QueryExecution.$anonfun$eagerlyExecuteCommands$2(QueryExecution.scala:155)
[2026-04-12T09:54:45.042+0000] {subprocess.py:106} INFO - 	at org.apache.spark.sql.execution.SQLExecution$.$anonfun$withNewExecutionId0$8(SQLExecution.scala:163)
[2026-04-12T09:54:45.043+0000] {subprocess.py:106} INFO - 	at org.apache.spark.sql.execution.SQLExecution$.withSessionTagsApplied(SQLExecution.scala:272)
[2026-04-12T09:54:45.043+0000] {subprocess.py:106} INFO - 	at org.apache.spark.sql.execution.SQLExecution$.$anonfun$withNewExecutionId0$7(SQLExecution.scala:125)
[2026-04-12T09:54:45.043+0000] {subprocess.py:106} INFO - 	at org.apache.spark.JobArtifactSet$.withActiveJobArtifactState(JobArtifactSet.scala:94)
[2026-04-12T09:54:45.044+0000] {subprocess.py:106} INFO - 	at org.apache.spark.sql.artifact.ArtifactManager.$anonfun$withResources$1(ArtifactManager.scala:112)
[2026-04-12T09:54:45.044+0000] {subprocess.py:106} INFO - 	at org.apache.spark.sql.artifact.ArtifactManager.withClassLoaderIfNeeded(ArtifactManager.scala:106)
[2026-04-12T09:54:45.044+0000] {subprocess.py:106} INFO - 	at org.apache.spark.sql.artifact.ArtifactManager.withResources(ArtifactManager.scala:111)
[2026-04-12T09:54:45.045+0000] {subprocess.py:106} INFO - 	at org.apache.spark.sql.execution.SQLExecution$.$anonfun$withNewExecutionId0$6(SQLExecution.scala:125)
[2026-04-12T09:54:45.045+0000] {subprocess.py:106} INFO - 	at org.apache.spark.sql.execution.SQLExecution$.withSQLConfPropagated(SQLExecution.scala:295)
[2026-04-12T09:54:45.045+0000] {subprocess.py:106} INFO - 	at org.apache.spark.sql.execution.SQLExecution$.$anonfun$withNewExecutionId0$1(SQLExecution.scala:124)
[2026-04-12T09:54:45.046+0000] {subprocess.py:106} INFO - 	at org.apache.spark.sql.SparkSession.withActive(SparkSession.scala:804)
[2026-04-12T09:54:45.046+0000] {subprocess.py:106} INFO - 	at org.apache.spark.sql.execution.SQLExecution$.withNewExecutionId0(SQLExecution.scala:78)
[2026-04-12T09:54:45.046+0000] {subprocess.py:106} INFO - 	at org.apache.spark.sql.execution.SQLExecution$.withNewExecutionId(SQLExecution.scala:237)
[2026-04-12T09:54:45.047+0000] {subprocess.py:106} INFO - 	at org.apache.spark.sql.execution.QueryExecution.$anonfun$eagerlyExecuteCommands$1(QueryExecution.scala:155)
[2026-04-12T09:54:45.047+0000] {subprocess.py:106} INFO - 	at org.apache.spark.sql.execution.QueryExecution$.withInternalError(QueryExecution.scala:654)
[2026-04-12T09:54:45.047+0000] {subprocess.py:106} INFO - 	at org.apache.spark.sql.execution.QueryExecution.org$apache$spark$sql$execution$QueryExecution$$eagerlyExecute$1(QueryExecution.scala:154)
[2026-04-12T09:54:45.047+0000] {subprocess.py:106} INFO - 	at org.apache.spark.sql.execution.QueryExecution$$anonfun$eagerlyExecuteCommands$3.applyOrElse(QueryExecution.scala:169)
[2026-04-12T09:54:45.048+0000] {subprocess.py:106} INFO - 	at org.apache.spark.sql.execution.QueryExecution$$anonfun$eagerlyExecuteCommands$3.applyOrElse(QueryExecution.scala:164)
[2026-04-12T09:54:45.048+0000] {subprocess.py:106} INFO - 	at org.apache.spark.sql.catalyst.trees.TreeNode.$anonfun$transformDownWithPruning$1(TreeNode.scala:470)
[2026-04-12T09:54:45.048+0000] {subprocess.py:106} INFO - 	at org.apache.spark.sql.catalyst.trees.CurrentOrigin$.withOrigin(origin.scala:86)
[2026-04-12T09:54:45.049+0000] {subprocess.py:106} INFO - 	at org.apache.spark.sql.catalyst.trees.TreeNode.transformDownWithPruning(TreeNode.scala:470)
[2026-04-12T09:54:45.049+0000] {subprocess.py:106} INFO - 	at org.apache.spark.sql.catalyst.plans.logical.LogicalPlan.org$apache$spark$sql$catalyst$plans$logical$AnalysisHelper$$super$transformDownWithPruning(LogicalPlan.scala:37)
[2026-04-12T09:54:45.049+0000] {subprocess.py:106} INFO - 	at org.apache.spark.sql.catalyst.plans.logical.AnalysisHelper.transformDownWithPruning(AnalysisHelper.scala:360)
[2026-04-12T09:54:45.050+0000] {subprocess.py:106} INFO - 	at org.apache.spark.sql.catalyst.plans.logical.AnalysisHelper.transformDownWithPruning$(AnalysisHelper.scala:356)
[2026-04-12T09:54:45.050+0000] {subprocess.py:106} INFO - 	at org.apache.spark.sql.catalyst.plans.logical.LogicalPlan.transformDownWithPruning(LogicalPlan.scala:37)
[2026-04-12T09:54:45.050+0000] {subprocess.py:106} INFO - 	at org.apache.spark.sql.catalyst.plans.logical.LogicalPlan.transformDownWithPruning(LogicalPlan.scala:37)
[2026-04-12T09:54:45.051+0000] {subprocess.py:106} INFO - 	at org.apache.spark.sql.catalyst.trees.TreeNode.transformDown(TreeNode.scala:446)
[2026-04-12T09:54:45.051+0000] {subprocess.py:106} INFO - 	at org.apache.spark.sql.execution.QueryExecution.eagerlyExecuteCommands(QueryExecution.scala:164)
[2026-04-12T09:54:45.051+0000] {subprocess.py:106} INFO - 	at org.apache.spark.sql.execution.QueryExecution.$anonfun$lazyCommandExecuted$1(QueryExecution.scala:126)
[2026-04-12T09:54:45.052+0000] {subprocess.py:106} INFO - 	at scala.util.Try$.apply(Try.scala:217)
[2026-04-12T09:54:45.052+0000] {subprocess.py:106} INFO - 	at org.apache.spark.util.Utils$.doTryWithCallerStacktrace(Utils.scala:1378)
[2026-04-12T09:54:45.052+0000] {subprocess.py:106} INFO - 	at org.apache.spark.util.LazyTry.tryT$lzycompute(LazyTry.scala:46)
[2026-04-12T09:54:45.053+0000] {subprocess.py:106} INFO - 	at org.apache.spark.util.LazyTry.tryT(LazyTry.scala:46)
[2026-04-12T09:54:45.053+0000] {subprocess.py:106} INFO - 	... 58 more
[2026-04-12T09:54:45.053+0000] {subprocess.py:106} INFO - 
[2026-04-12T09:54:45.054+0000] {subprocess.py:106} INFO -  SQLSTATE: 39000
[2026-04-12T09:54:45.054+0000] {subprocess.py:106} INFO - 	at org.apache.spark.sql.execution.streaming.sources.ForeachBatchSink.callBatchWriter(ForeachBatchSink.scala:60)
[2026-04-12T09:54:45.055+0000] {subprocess.py:106} INFO - 	at org.apache.spark.sql.execution.streaming.sources.ForeachBatchSink.addBatch(ForeachBatchSink.scala:49)
[2026-04-12T09:54:45.055+0000] {subprocess.py:106} INFO - 	at org.apache.spark.sql.execution.streaming.MicroBatchExecution.$anonfun$runBatch$17(MicroBatchExecution.scala:889)
[2026-04-12T09:54:45.055+0000] {subprocess.py:106} INFO - 	at org.apache.spark.sql.execution.SQLExecution$.$anonfun$withNewExecutionId0$8(SQLExecution.scala:163)
[2026-04-12T09:54:45.056+0000] {subprocess.py:106} INFO - 	at org.apache.spark.sql.execution.SQLExecution$.withSessionTagsApplied(SQLExecution.scala:272)
[2026-04-12T09:54:45.056+0000] {subprocess.py:106} INFO - 	at org.apache.spark.sql.execution.SQLExecution$.$anonfun$withNewExecutionId0$7(SQLExecution.scala:125)
[2026-04-12T09:54:45.056+0000] {subprocess.py:106} INFO - 	at org.apache.spark.JobArtifactSet$.withActiveJobArtifactState(JobArtifactSet.scala:94)
[2026-04-12T09:54:45.057+0000] {subprocess.py:106} INFO - 	at org.apache.spark.sql.artifact.ArtifactManager.$anonfun$withResources$1(ArtifactManager.scala:112)
[2026-04-12T09:54:45.057+0000] {subprocess.py:106} INFO - 	at org.apache.spark.sql.artifact.ArtifactManager.withClassLoaderIfNeeded(ArtifactManager.scala:106)
[2026-04-12T09:54:45.057+0000] {subprocess.py:106} INFO - 	at org.apache.spark.sql.artifact.ArtifactManager.withResources(ArtifactManager.scala:111)
[2026-04-12T09:54:45.058+0000] {subprocess.py:106} INFO - 	at org.apache.spark.sql.execution.SQLExecution$.$anonfun$withNewExecutionId0$6(SQLExecution.scala:125)
[2026-04-12T09:54:45.058+0000] {subprocess.py:106} INFO - 	at org.apache.spark.sql.execution.SQLExecution$.withSQLConfPropagated(SQLExecution.scala:295)
[2026-04-12T09:54:45.058+0000] {subprocess.py:106} INFO - 	at org.apache.spark.sql.execution.SQLExecution$.$anonfun$withNewExecutionId0$1(SQLExecution.scala:124)
[2026-04-12T09:54:45.059+0000] {subprocess.py:106} INFO - 	at org.apache.spark.sql.SparkSession.withActive(SparkSession.scala:804)
[2026-04-12T09:54:45.059+0000] {subprocess.py:106} INFO - 	at org.apache.spark.sql.execution.SQLExecution$.withNewExecutionId0(SQLExecution.scala:78)
[2026-04-12T09:54:45.059+0000] {subprocess.py:106} INFO - 	at org.apache.spark.sql.execution.SQLExecution$.withNewExecutionId(SQLExecution.scala:237)
[2026-04-12T09:54:45.060+0000] {subprocess.py:106} INFO - 	at org.apache.spark.sql.execution.streaming.MicroBatchExecution.$anonfun$runBatch$16(MicroBatchExecution.scala:886)
[2026-04-12T09:54:45.060+0000] {subprocess.py:106} INFO - 	at org.apache.spark.sql.execution.streaming.ProgressContext.reportTimeTaken(ProgressReporter.scala:186)
[2026-04-12T09:54:45.060+0000] {subprocess.py:106} INFO - 	at org.apache.spark.sql.execution.streaming.MicroBatchExecution.runBatch(MicroBatchExecution.scala:886)
[2026-04-12T09:54:45.061+0000] {subprocess.py:106} INFO - 	at org.apache.spark.sql.execution.streaming.MicroBatchExecution.$anonfun$executeOneBatch$2(MicroBatchExecution.scala:394)
[2026-04-12T09:54:45.061+0000] {subprocess.py:106} INFO - 	at scala.runtime.java8.JFunction0$mcV$sp.apply(JFunction0$mcV$sp.scala:18)
[2026-04-12T09:54:45.061+0000] {subprocess.py:106} INFO - 	at org.apache.spark.sql.execution.streaming.ProgressContext.reportTimeTaken(ProgressReporter.scala:186)
[2026-04-12T09:54:45.061+0000] {subprocess.py:106} INFO - 	at org.apache.spark.sql.execution.streaming.MicroBatchExecution.executeOneBatch(MicroBatchExecution.scala:364)
[2026-04-12T09:54:45.062+0000] {subprocess.py:106} INFO - 	at org.apache.spark.sql.execution.streaming.MicroBatchExecution.$anonfun$runActivatedStream$1(MicroBatchExecution.scala:344)
[2026-04-12T09:54:45.062+0000] {subprocess.py:106} INFO - 	at org.apache.spark.sql.execution.streaming.MicroBatchExecution.$anonfun$runActivatedStream$1$adapted(MicroBatchExecution.scala:344)
[2026-04-12T09:54:45.062+0000] {subprocess.py:106} INFO - 	at org.apache.spark.sql.execution.streaming.TriggerExecutor.runOneBatch(TriggerExecutor.scala:39)
[2026-04-12T09:54:45.063+0000] {subprocess.py:106} INFO - 	at org.apache.spark.sql.execution.streaming.TriggerExecutor.runOneBatch$(TriggerExecutor.scala:37)
[2026-04-12T09:54:45.063+0000] {subprocess.py:106} INFO - 	at org.apache.spark.sql.execution.streaming.ProcessingTimeExecutor.runOneBatch(TriggerExecutor.scala:70)
[2026-04-12T09:54:45.063+0000] {subprocess.py:106} INFO - 	at org.apache.spark.sql.execution.streaming.ProcessingTimeExecutor.execute(TriggerExecutor.scala:82)
[2026-04-12T09:54:45.063+0000] {subprocess.py:106} INFO - 	at org.apache.spark.sql.execution.streaming.MicroBatchExecution.runActivatedStream(MicroBatchExecution.scala:344)
[2026-04-12T09:54:45.064+0000] {subprocess.py:106} INFO - 	at org.apache.spark.sql.execution.streaming.StreamExecution.$anonfun$runStream$1(StreamExecution.scala:337)
[2026-04-12T09:54:45.064+0000] {subprocess.py:106} INFO - 	at scala.runtime.java8.JFunction0$mcV$sp.apply(JFunction0$mcV$sp.scala:18)
[2026-04-12T09:54:45.064+0000] {subprocess.py:106} INFO - 	at org.apache.spark.sql.SparkSession.withActive(SparkSession.scala:804)
[2026-04-12T09:54:45.065+0000] {subprocess.py:106} INFO - 	at org.apache.spark.sql.execution.streaming.StreamExecution.org$apache$spark$sql$execution$streaming$StreamExecution$$runStream(StreamExecution.scala:311)
[2026-04-12T09:54:45.065+0000] {subprocess.py:106} INFO - 	at org.apache.spark.sql.execution.streaming.StreamExecution$$anon$1.run(StreamExecution.scala:226)
[2026-04-12T09:54:45.065+0000] {subprocess.py:106} INFO - Caused by: py4j.Py4JException: An exception was raised by the Python Proxy. Return Message: Traceback (most recent call last):
[2026-04-12T09:54:45.066+0000] {subprocess.py:106} INFO -   File "/home/spark/spark/python/lib/py4j-0.10.9.9-src.zip/py4j/clientserver.py", line 644, in _call_proxy
[2026-04-12T09:54:45.066+0000] {subprocess.py:106} INFO -     return_value = getattr(self.pool[obj_id], method)(*params)
[2026-04-12T09:54:45.066+0000] {subprocess.py:106} INFO -   File "/home/spark/spark/python/lib/pyspark.zip/pyspark/sql/utils.py", line 165, in call
[2026-04-12T09:54:45.066+0000] {subprocess.py:106} INFO -     raise e
[2026-04-12T09:54:45.067+0000] {subprocess.py:106} INFO -   File "/home/spark/spark/python/lib/pyspark.zip/pyspark/sql/utils.py", line 162, in call
[2026-04-12T09:54:45.067+0000] {subprocess.py:106} INFO -     self.func(DataFrame(jdf, wrapped_session_jdf), batch_id)
[2026-04-12T09:54:45.067+0000] {subprocess.py:106} INFO -   File "/home/spark/spark/spark_jobs/weather_streaming.py", line 114, in write_to_bronze_and_silver
[2026-04-12T09:54:45.068+0000] {subprocess.py:106} INFO -     .save("hdfs://23133083thuyvan-master:9000/user/hive/lakehouse/bronze/raw_api")
[2026-04-12T09:54:45.068+0000] {subprocess.py:106} INFO -   File "/home/spark/spark/python/lib/pyspark.zip/pyspark/sql/readwriter.py", line 1745, in save
[2026-04-12T09:54:45.069+0000] {subprocess.py:106} INFO -     self._jwrite.save(path)
[2026-04-12T09:54:45.069+0000] {subprocess.py:106} INFO -   File "/home/spark/spark/python/lib/py4j-0.10.9.9-src.zip/py4j/java_gateway.py", line 1362, in __call__
[2026-04-12T09:54:45.070+0000] {subprocess.py:106} INFO -     return_value = get_return_value(
[2026-04-12T09:54:45.070+0000] {subprocess.py:106} INFO -   File "/home/spark/spark/python/lib/pyspark.zip/pyspark/errors/exceptions/captured.py", line 282, in deco
[2026-04-12T09:54:45.070+0000] {subprocess.py:106} INFO -     return f(*a, **kw)
[2026-04-12T09:54:45.071+0000] {subprocess.py:106} INFO -   File "/home/spark/spark/python/lib/py4j-0.10.9.9-src.zip/py4j/protocol.py", line 327, in get_return_value
[2026-04-12T09:54:45.071+0000] {subprocess.py:106} INFO -     raise Py4JJavaError(
[2026-04-12T09:54:45.072+0000] {subprocess.py:106} INFO - py4j.protocol.Py4JJavaError: An error occurred while calling o104.save.
[2026-04-12T09:54:45.072+0000] {subprocess.py:106} INFO - : org.apache.hadoop.security.AccessControlException: Permission denied: user=spark, access=WRITE, inode="/user/hive/lakehouse/bronze":hadoop23133083thuyvan:supergroup:drwxr-xr-x
[2026-04-12T09:54:45.072+0000] {subprocess.py:106} INFO - 	at org.apache.hadoop.hdfs.server.namenode.FSPermissionChecker.check(FSPermissionChecker.java:661)
[2026-04-12T09:54:45.073+0000] {subprocess.py:106} INFO - 	at org.apache.hadoop.hdfs.server.namenode.FSPermissionChecker.checkPermission(FSPermissionChecker.java:501)
[2026-04-12T09:54:45.073+0000] {subprocess.py:106} INFO - 	at org.apache.hadoop.hdfs.server.namenode.FSPermissionChecker.checkPermissionWithContext(FSPermissionChecker.java:525)
[2026-04-12T09:54:45.073+0000] {subprocess.py:106} INFO - 	at org.apache.hadoop.hdfs.server.namenode.FSPermissionChecker.checkPermission(FSPermissionChecker.java:395)
[2026-04-12T09:54:45.074+0000] {subprocess.py:106} INFO - 	at org.apache.hadoop.hdfs.server.namenode.FSDirectory.checkPermission(FSDirectory.java:1964)
[2026-04-12T09:54:45.074+0000] {subprocess.py:106} INFO - 	at org.apache.hadoop.hdfs.server.namenode.FSDirectory.checkPermission(FSDirectory.java:1945)
[2026-04-12T09:54:45.074+0000] {subprocess.py:106} INFO - 	at org.apache.hadoop.hdfs.server.namenode.FSDirectory.checkAncestorAccess(FSDirectory.java:1904)
[2026-04-12T09:54:45.075+0000] {subprocess.py:106} INFO - 	at org.apache.hadoop.hdfs.server.namenode.FSDirMkdirOp.mkdirs(FSDirMkdirOp.java:60)
[2026-04-12T09:54:45.075+0000] {subprocess.py:106} INFO - 	at org.apache.hadoop.hdfs.server.namenode.FSNamesystem.mkdirs(FSNamesystem.java:3531)
[2026-04-12T09:54:45.076+0000] {subprocess.py:106} INFO - 	at org.apache.hadoop.hdfs.server.namenode.NameNodeRpcServer.mkdirs(NameNodeRpcServer.java:1173)
[2026-04-12T09:54:45.076+0000] {subprocess.py:106} INFO - 	at org.apache.hadoop.hdfs.protocolPB.ClientNamenodeProtocolServerSideTranslatorPB.mkdirs(ClientNamenodeProtocolServerSideTranslatorPB.java:750)
[2026-04-12T09:54:45.076+0000] {subprocess.py:106} INFO - 	at org.apache.hadoop.hdfs.protocol.proto.ClientNamenodeProtocolProtos$ClientNamenodeProtocol$2.callBlockingMethod(ClientNamenodeProtocolProtos.java)
[2026-04-12T09:54:45.077+0000] {subprocess.py:106} INFO - 	at org.apache.hadoop.ipc.ProtobufRpcEngine2$Server$ProtoBufRpcInvoker.call(ProtobufRpcEngine2.java:621)
[2026-04-12T09:54:45.077+0000] {subprocess.py:106} INFO - 	at org.apache.hadoop.ipc.ProtobufRpcEngine2$Server$ProtoBufRpcInvoker.call(ProtobufRpcEngine2.java:589)
[2026-04-12T09:54:45.077+0000] {subprocess.py:106} INFO - 	at org.apache.hadoop.ipc.ProtobufRpcEngine2$Server$ProtoBufRpcInvoker.call(ProtobufRpcEngine2.java:573)
[2026-04-12T09:54:45.078+0000] {subprocess.py:106} INFO - 	at org.apache.hadoop.ipc.RPC$Server.call(RPC.java:1227)
[2026-04-12T09:54:45.078+0000] {subprocess.py:106} INFO - 	at org.apache.hadoop.ipc.Server$RpcCall.run(Server.java:1246)
[2026-04-12T09:54:45.078+0000] {subprocess.py:106} INFO - 	at org.apache.hadoop.ipc.Server$RpcCall.run(Server.java:1169)
[2026-04-12T09:54:45.079+0000] {subprocess.py:106} INFO - 	at java.base/java.security.AccessController.doPrivileged(Native Method)
[2026-04-12T09:54:45.079+0000] {subprocess.py:106} INFO - 	at java.base/javax.security.auth.Subject.doAs(Subject.java:423)
[2026-04-12T09:54:45.079+0000] {subprocess.py:106} INFO - 	at org.apache.hadoop.security.UserGroupInformation.doAs(UserGroupInformation.java:1953)
[2026-04-12T09:54:45.080+0000] {subprocess.py:106} INFO - 	at org.apache.hadoop.ipc.Server$Handler.run(Server.java:3198)
[2026-04-12T09:54:45.080+0000] {subprocess.py:106} INFO - 
[2026-04-12T09:54:45.080+0000] {subprocess.py:106} INFO - 	at java.base/jdk.internal.reflect.NativeConstructorAccessorImpl.newInstance0(Native Method)
[2026-04-12T09:54:45.081+0000] {subprocess.py:106} INFO - 	at java.base/jdk.internal.reflect.NativeConstructorAccessorImpl.newInstance(NativeConstructorAccessorImpl.java:75)
[2026-04-12T09:54:45.081+0000] {subprocess.py:106} INFO - 	at java.base/jdk.internal.reflect.DelegatingConstructorAccessorImpl.newInstance(DelegatingConstructorAccessorImpl.java:53)
[2026-04-12T09:54:45.081+0000] {subprocess.py:106} INFO - 	at java.base/java.lang.reflect.Constructor.newInstanceWithCaller(Constructor.java:502)
[2026-04-12T09:54:45.081+0000] {subprocess.py:106} INFO - 	at java.base/java.lang.reflect.Constructor.newInstance(Constructor.java:486)
[2026-04-12T09:54:45.082+0000] {subprocess.py:106} INFO - 	at org.apache.hadoop.ipc.RemoteException.instantiateException(RemoteException.java:121)
[2026-04-12T09:54:45.082+0000] {subprocess.py:106} INFO - 	at org.apache.hadoop.ipc.RemoteException.unwrapRemoteException(RemoteException.java:88)
[2026-04-12T09:54:45.083+0000] {subprocess.py:106} INFO - 	at org.apache.hadoop.hdfs.DFSClient.primitiveMkdir(DFSClient.java:2557)
[2026-04-12T09:54:45.083+0000] {subprocess.py:106} INFO - 	at org.apache.hadoop.hdfs.DFSClient.mkdirs(DFSClient.java:2531)
[2026-04-12T09:54:45.083+0000] {subprocess.py:106} INFO - 	at org.apache.hadoop.hdfs.DistributedFileSystem$27.doCall(DistributedFileSystem.java:1497)
[2026-04-12T09:54:45.083+0000] {subprocess.py:106} INFO - 	at org.apache.hadoop.hdfs.DistributedFileSystem$27.doCall(DistributedFileSystem.java:1494)
[2026-04-12T09:54:45.084+0000] {subprocess.py:106} INFO - 	at org.apache.hadoop.fs.FileSystemLinkResolver.resolve(FileSystemLinkResolver.java:81)
[2026-04-12T09:54:45.084+0000] {subprocess.py:106} INFO - 	at org.apache.hadoop.hdfs.DistributedFileSystem.mkdirsInternal(DistributedFileSystem.java:1511)
[2026-04-12T09:54:45.084+0000] {subprocess.py:106} INFO - 	at org.apache.hadoop.hdfs.DistributedFileSystem.mkdirs(DistributedFileSystem.java:1486)
[2026-04-12T09:54:45.085+0000] {subprocess.py:106} INFO - 	at org.apache.hadoop.fs.FileSystem.mkdirs(FileSystem.java:2496)
[2026-04-12T09:54:45.085+0000] {subprocess.py:106} INFO - 	at org.apache.hadoop.mapreduce.lib.output.FileOutputCommitter.setupJob(FileOutputCommitter.java:356)
[2026-04-12T09:54:45.086+0000] {subprocess.py:106} INFO - 	at org.apache.spark.internal.io.HadoopMapReduceCommitProtocol.setupJob(HadoopMapReduceCommitProtocol.scala:190)
[2026-04-12T09:54:45.086+0000] {subprocess.py:106} INFO - 	at org.apache.spark.sql.execution.datasources.FileFormatWriter$.writeAndCommit(FileFormatWriter.scala:268)
[2026-04-12T09:54:45.086+0000] {subprocess.py:106} INFO - 	at org.apache.spark.sql.execution.datasources.FileFormatWriter$.executeWrite(FileFormatWriter.scala:306)
[2026-04-12T09:54:45.087+0000] {subprocess.py:106} INFO - 	at org.apache.spark.sql.execution.datasources.FileFormatWriter$.write(FileFormatWriter.scala:189)
[2026-04-12T09:54:45.087+0000] {subprocess.py:106} INFO - 	at org.apache.spark.sql.execution.datasources.InsertIntoHadoopFsRelationCommand.run(InsertIntoHadoopFsRelationCommand.scala:195)
[2026-04-12T09:54:45.088+0000] {subprocess.py:106} INFO - 	at org.apache.spark.sql.execution.command.DataWritingCommandExec.sideEffectResult$lzycompute(commands.scala:117)
[2026-04-12T09:54:45.088+0000] {subprocess.py:106} INFO - 	at org.apache.spark.sql.execution.command.DataWritingCommandExec.sideEffectResult(commands.scala:115)
[2026-04-12T09:54:45.088+0000] {subprocess.py:106} INFO - 	at org.apache.spark.sql.execution.command.DataWritingCommandExec.executeCollect(commands.scala:129)
[2026-04-12T09:54:45.089+0000] {subprocess.py:106} INFO - 	at org.apache.spark.sql.execution.QueryExecution.$anonfun$eagerlyExecuteCommands$2(QueryExecution.scala:155)
[2026-04-12T09:54:45.089+0000] {subprocess.py:106} INFO - 	at org.apache.spark.sql.execution.SQLExecution$.$anonfun$withNewExecutionId0$8(SQLExecution.scala:163)
[2026-04-12T09:54:45.090+0000] {subprocess.py:106} INFO - 	at org.apache.spark.sql.execution.SQLExecution$.withSessionTagsApplied(SQLExecution.scala:272)
[2026-04-12T09:54:45.090+0000] {subprocess.py:106} INFO - 	at org.apache.spark.sql.execution.SQLExecution$.$anonfun$withNewExecutionId0$7(SQLExecution.scala:125)
[2026-04-12T09:54:45.090+0000] {subprocess.py:106} INFO - 	at org.apache.spark.JobArtifactSet$.withActiveJobArtifactState(JobArtifactSet.scala:94)
[2026-04-12T09:54:45.091+0000] {subprocess.py:106} INFO - 	at org.apache.spark.sql.artifact.ArtifactManager.$anonfun$withResources$1(ArtifactManager.scala:112)
[2026-04-12T09:54:45.091+0000] {subprocess.py:106} INFO - 	at org.apache.spark.sql.artifact.ArtifactManager.withClassLoaderIfNeeded(ArtifactManager.scala:106)
[2026-04-12T09:54:45.092+0000] {subprocess.py:106} INFO - 	at org.apache.spark.sql.artifact.ArtifactManager.withResources(ArtifactManager.scala:111)
[2026-04-12T09:54:45.092+0000] {subprocess.py:106} INFO - 	at org.apache.spark.sql.execution.SQLExecution$.$anonfun$withNewExecutionId0$6(SQLExecution.scala:125)
[2026-04-12T09:54:45.092+0000] {subprocess.py:106} INFO - 	at org.apache.spark.sql.execution.SQLExecution$.withSQLConfPropagated(SQLExecution.scala:295)
[2026-04-12T09:54:45.093+0000] {subprocess.py:106} INFO - 	at org.apache.spark.sql.execution.SQLExecution$.$anonfun$withNewExecutionId0$1(SQLExecution.scala:124)
[2026-04-12T09:54:45.093+0000] {subprocess.py:106} INFO - 	at org.apache.spark.sql.SparkSession.withActive(SparkSession.scala:804)
[2026-04-12T09:54:45.094+0000] {subprocess.py:106} INFO - 	at org.apache.spark.sql.execution.SQLExecution$.withNewExecutionId0(SQLExecution.scala:78)
[2026-04-12T09:54:45.094+0000] {subprocess.py:106} INFO - 	at org.apache.spark.sql.execution.SQLExecution$.withNewExecutionId(SQLExecution.scala:237)
[2026-04-12T09:54:45.094+0000] {subprocess.py:106} INFO - 	at org.apache.spark.sql.execution.QueryExecution.$anonfun$eagerlyExecuteCommands$1(QueryExecution.scala:155)
[2026-04-12T09:54:45.095+0000] {subprocess.py:106} INFO - 	at org.apache.spark.sql.execution.QueryExecution$.withInternalError(QueryExecution.scala:654)
[2026-04-12T09:54:45.095+0000] {subprocess.py:106} INFO - 	at org.apache.spark.sql.execution.QueryExecution.org$apache$spark$sql$execution$QueryExecution$$eagerlyExecute$1(QueryExecution.scala:154)
[2026-04-12T09:54:45.095+0000] {subprocess.py:106} INFO - 	at org.apache.spark.sql.execution.QueryExecution$$anonfun$eagerlyExecuteCommands$3.applyOrElse(QueryExecution.scala:169)
[2026-04-12T09:54:45.096+0000] {subprocess.py:106} INFO - 	at org.apache.spark.sql.execution.QueryExecution$$anonfun$eagerlyExecuteCommands$3.applyOrElse(QueryExecution.scala:164)
[2026-04-12T09:54:45.096+0000] {subprocess.py:106} INFO - 	at org.apache.spark.sql.catalyst.trees.TreeNode.$anonfun$transformDownWithPruning$1(TreeNode.scala:470)
[2026-04-12T09:54:45.096+0000] {subprocess.py:106} INFO - 	at org.apache.spark.sql.catalyst.trees.CurrentOrigin$.withOrigin(origin.scala:86)
[2026-04-12T09:54:45.097+0000] {subprocess.py:106} INFO - 	at org.apache.spark.sql.catalyst.trees.TreeNode.transformDownWithPruning(TreeNode.scala:470)
[2026-04-12T09:54:45.097+0000] {subprocess.py:106} INFO - 	at org.apache.spark.sql.catalyst.plans.logical.LogicalPlan.org$apache$spark$sql$catalyst$plans$logical$AnalysisHelper$$super$transformDownWithPruning(LogicalPlan.scala:37)
[2026-04-12T09:54:45.098+0000] {subprocess.py:106} INFO - 	at org.apache.spark.sql.catalyst.plans.logical.AnalysisHelper.transformDownWithPruning(AnalysisHelper.scala:360)
[2026-04-12T09:54:45.098+0000] {subprocess.py:106} INFO - 	at org.apache.spark.sql.catalyst.plans.logical.AnalysisHelper.transformDownWithPruning$(AnalysisHelper.scala:356)
[2026-04-12T09:54:45.098+0000] {subprocess.py:106} INFO - 	at org.apache.spark.sql.catalyst.plans.logical.LogicalPlan.transformDownWithPruning(LogicalPlan.scala:37)
[2026-04-12T09:54:45.099+0000] {subprocess.py:106} INFO - 	at org.apache.spark.sql.catalyst.plans.logical.LogicalPlan.transformDownWithPruning(LogicalPlan.scala:37)
[2026-04-12T09:54:45.099+0000] {subprocess.py:106} INFO - 	at org.apache.spark.sql.catalyst.trees.TreeNode.transformDown(TreeNode.scala:446)
[2026-04-12T09:54:45.099+0000] {subprocess.py:106} INFO - 	at org.apache.spark.sql.execution.QueryExecution.eagerlyExecuteCommands(QueryExecution.scala:164)
[2026-04-12T09:54:45.100+0000] {subprocess.py:106} INFO - 	at org.apache.spark.sql.execution.QueryExecution.$anonfun$lazyCommandExecuted$1(QueryExecution.scala:126)
[2026-04-12T09:54:45.100+0000] {subprocess.py:106} INFO - 	at scala.util.Try$.apply(Try.scala:217)
[2026-04-12T09:54:45.100+0000] {subprocess.py:106} INFO - 	at org.apache.spark.util.Utils$.doTryWithCallerStacktrace(Utils.scala:1378)
[2026-04-12T09:54:45.101+0000] {subprocess.py:106} INFO - 	at org.apache.spark.util.Utils$.getTryWithCallerStacktrace(Utils.scala:1439)
[2026-04-12T09:54:45.101+0000] {subprocess.py:106} INFO - 	at org.apache.spark.util.LazyTry.get(LazyTry.scala:58)
[2026-04-12T09:54:45.102+0000] {subprocess.py:106} INFO - 	at org.apache.spark.sql.execution.QueryExecution.commandExecuted(QueryExecution.scala:131)
[2026-04-12T09:54:45.102+0000] {subprocess.py:106} INFO - 	at org.apache.spark.sql.execution.QueryExecution.assertCommandExecuted(QueryExecution.scala:192)
[2026-04-12T09:54:45.103+0000] {subprocess.py:106} INFO - 	at org.apache.spark.sql.classic.DataFrameWriter.runCommand(DataFrameWriter.scala:622)
[2026-04-12T09:54:45.103+0000] {subprocess.py:106} INFO - 	at org.apache.spark.sql.classic.DataFrameWriter.saveToV1Source(DataFrameWriter.scala:273)
[2026-04-12T09:54:45.103+0000] {subprocess.py:106} INFO - 	at org.apache.spark.sql.classic.DataFrameWriter.saveInternal(DataFrameWriter.scala:241)
[2026-04-12T09:54:45.104+0000] {subprocess.py:106} INFO - 	at org.apache.spark.sql.classic.DataFrameWriter.save(DataFrameWriter.scala:118)
[2026-04-12T09:54:45.104+0000] {subprocess.py:106} INFO - 	at java.base/jdk.internal.reflect.NativeMethodAccessorImpl.invoke0(Native Method)
[2026-04-12T09:54:45.104+0000] {subprocess.py:106} INFO - 	at java.base/jdk.internal.reflect.NativeMethodAccessorImpl.invoke(NativeMethodAccessorImpl.java:75)
[2026-04-12T09:54:45.105+0000] {subprocess.py:106} INFO - 	at java.base/jdk.internal.reflect.DelegatingMethodAccessorImpl.invoke(DelegatingMethodAccessorImpl.java:52)
[2026-04-12T09:54:45.105+0000] {subprocess.py:106} INFO - 	at java.base/java.lang.reflect.Method.invoke(Method.java:580)
[2026-04-12T09:54:45.106+0000] {subprocess.py:106} INFO - 	at py4j.reflection.MethodInvoker.invoke(MethodInvoker.java:244)
[2026-04-12T09:54:45.106+0000] {subprocess.py:106} INFO - 	at py4j.reflection.ReflectionEngine.invoke(ReflectionEngine.java:374)
[2026-04-12T09:54:45.106+0000] {subprocess.py:106} INFO - 	at py4j.Gateway.invoke(Gateway.java:282)
[2026-04-12T09:54:45.107+0000] {subprocess.py:106} INFO - 	at py4j.commands.AbstractCommand.invokeMethod(AbstractCommand.java:132)
[2026-04-12T09:54:45.107+0000] {subprocess.py:106} INFO - 	at py4j.commands.CallCommand.execute(CallCommand.java:79)
[2026-04-12T09:54:45.108+0000] {subprocess.py:106} INFO - 	at py4j.ClientServerConnection.sendCommand(ClientServerConnection.java:246)
[2026-04-12T09:54:45.108+0000] {subprocess.py:106} INFO - 	at py4j.CallbackClient.sendCommand(CallbackClient.java:384)
[2026-04-12T09:54:45.108+0000] {subprocess.py:106} INFO - 	at py4j.CallbackClient.sendCommand(CallbackClient.java:356)
[2026-04-12T09:54:45.109+0000] {subprocess.py:106} INFO - 	at py4j.reflection.PythonProxyHandler.invoke(PythonProxyHandler.java:106)
[2026-04-12T09:54:45.109+0000] {subprocess.py:106} INFO - 	at jdk.proxy3/jdk.proxy3.$Proxy49.call(Unknown Source)
[2026-04-12T09:54:45.110+0000] {subprocess.py:106} INFO - 	at org.apache.spark.sql.execution.streaming.sources.PythonForeachBatchHelper$.$anonfun$callForeachBatch$1(ForeachBatchSink.scala:87)
[2026-04-12T09:54:45.110+0000] {subprocess.py:106} INFO - 	at org.apache.spark.sql.execution.streaming.sources.PythonForeachBatchHelper$.$anonfun$callForeachBatch$1$adapted(ForeachBatchSink.scala:87)
[2026-04-12T09:54:45.110+0000] {subprocess.py:106} INFO - 	at org.apache.spark.sql.execution.streaming.sources.ForeachBatchSink.callBatchWriter(ForeachBatchSink.scala:56)
[2026-04-12T09:54:45.111+0000] {subprocess.py:106} INFO - 	at org.apache.spark.sql.execution.streaming.sources.ForeachBatchSink.addBatch(ForeachBatchSink.scala:49)
[2026-04-12T09:54:45.111+0000] {subprocess.py:106} INFO - 	at org.apache.spark.sql.execution.streaming.MicroBatchExecution.$anonfun$runBatch$17(MicroBatchExecution.scala:889)
[2026-04-12T09:54:45.112+0000] {subprocess.py:106} INFO - 	at org.apache.spark.sql.execution.SQLExecution$.$anonfun$withNewExecutionId0$8(SQLExecution.scala:163)
[2026-04-12T09:54:45.112+0000] {subprocess.py:106} INFO - 	at org.apache.spark.sql.execution.SQLExecution$.withSessionTagsApplied(SQLExecution.scala:272)
[2026-04-12T09:54:45.112+0000] {subprocess.py:106} INFO - 	at org.apache.spark.sql.execution.SQLExecution$.$anonfun$withNewExecutionId0$7(SQLExecution.scala:125)
[2026-04-12T09:54:45.113+0000] {subprocess.py:106} INFO - 	at org.apache.spark.JobArtifactSet$.withActiveJobArtifactState(JobArtifactSet.scala:94)
[2026-04-12T09:54:45.113+0000] {subprocess.py:106} INFO - 	at org.apache.spark.sql.artifact.ArtifactManager.$anonfun$withResources$1(ArtifactManager.scala:112)
[2026-04-12T09:54:45.114+0000] {subprocess.py:106} INFO - 	at org.apache.spark.sql.artifact.ArtifactManager.withClassLoaderIfNeeded(ArtifactManager.scala:106)
[2026-04-12T09:54:45.114+0000] {subprocess.py:106} INFO - 	at org.apache.spark.sql.artifact.ArtifactManager.withResources(ArtifactManager.scala:111)
[2026-04-12T09:54:45.114+0000] {subprocess.py:106} INFO - 	at org.apache.spark.sql.execution.SQLExecution$.$anonfun$withNewExecutionId0$6(SQLExecution.scala:125)
[2026-04-12T09:54:45.114+0000] {subprocess.py:106} INFO - 	at org.apache.spark.sql.execution.SQLExecution$.withSQLConfPropagated(SQLExecution.scala:295)
[2026-04-12T09:54:45.115+0000] {subprocess.py:106} INFO - 	at org.apache.spark.sql.execution.SQLExecution$.$anonfun$withNewExecutionId0$1(SQLExecution.scala:124)
[2026-04-12T09:54:45.115+0000] {subprocess.py:106} INFO - 	at org.apache.spark.sql.SparkSession.withActive(SparkSession.scala:804)
[2026-04-12T09:54:45.116+0000] {subprocess.py:106} INFO - 	at org.apache.spark.sql.execution.SQLExecution$.withNewExecutionId0(SQLExecution.scala:78)
[2026-04-12T09:54:45.116+0000] {subprocess.py:106} INFO - 	at org.apache.spark.sql.execution.SQLExecution$.withNewExecutionId(SQLExecution.scala:237)
[2026-04-12T09:54:45.116+0000] {subprocess.py:106} INFO - 	at org.apache.spark.sql.execution.streaming.MicroBatchExecution.$anonfun$runBatch$16(MicroBatchExecution.scala:886)
[2026-04-12T09:54:45.117+0000] {subprocess.py:106} INFO - 	at org.apache.spark.sql.execution.streaming.ProgressContext.reportTimeTaken(ProgressReporter.scala:186)
[2026-04-12T09:54:45.117+0000] {subprocess.py:106} INFO - 	at org.apache.spark.sql.execution.streaming.MicroBatchExecution.runBatch(MicroBatchExecution.scala:886)
[2026-04-12T09:54:45.118+0000] {subprocess.py:106} INFO - 	at org.apache.spark.sql.execution.streaming.MicroBatchExecution.$anonfun$executeOneBatch$2(MicroBatchExecution.scala:394)
[2026-04-12T09:54:45.118+0000] {subprocess.py:106} INFO - 	at scala.runtime.java8.JFunction0$mcV$sp.apply(JFunction0$mcV$sp.scala:18)
[2026-04-12T09:54:45.119+0000] {subprocess.py:106} INFO - 	at org.apache.spark.sql.execution.streaming.ProgressContext.reportTimeTaken(ProgressReporter.scala:186)
[2026-04-12T09:54:45.119+0000] {subprocess.py:106} INFO - 	at org.apache.spark.sql.execution.streaming.MicroBatchExecution.executeOneBatch(MicroBatchExecution.scala:364)
[2026-04-12T09:54:45.119+0000] {subprocess.py:106} INFO - 	at org.apache.spark.sql.execution.streaming.MicroBatchExecution.$anonfun$runActivatedStream$1(MicroBatchExecution.scala:344)
[2026-04-12T09:54:45.120+0000] {subprocess.py:106} INFO - 	at org.apache.spark.sql.execution.streaming.MicroBatchExecution.$anonfun$runActivatedStream$1$adapted(MicroBatchExecution.scala:344)
[2026-04-12T09:54:45.120+0000] {subprocess.py:106} INFO - 	at org.apache.spark.sql.execution.streaming.TriggerExecutor.runOneBatch(TriggerExecutor.scala:39)
[2026-04-12T09:54:45.121+0000] {subprocess.py:106} INFO - 	at org.apache.spark.sql.execution.streaming.TriggerExecutor.runOneBatch$(TriggerExecutor.scala:37)
[2026-04-12T09:54:45.121+0000] {subprocess.py:106} INFO - 	at org.apache.spark.sql.execution.streaming.ProcessingTimeExecutor.runOneBatch(TriggerExecutor.scala:70)
[2026-04-12T09:54:45.121+0000] {subprocess.py:106} INFO - 	at org.apache.spark.sql.execution.streaming.ProcessingTimeExecutor.execute(TriggerExecutor.scala:82)
[2026-04-12T09:54:45.122+0000] {subprocess.py:106} INFO - 	at org.apache.spark.sql.execution.streaming.MicroBatchExecution.runActivatedStream(MicroBatchExecution.scala:344)
[2026-04-12T09:54:45.122+0000] {subprocess.py:106} INFO - 	at org.apache.spark.sql.execution.streaming.StreamExecution.$anonfun$runStream$1(StreamExecution.scala:337)
[2026-04-12T09:54:45.122+0000] {subprocess.py:106} INFO - 	at scala.runtime.java8.JFunction0$mcV$sp.apply(JFunction0$mcV$sp.scala:18)
[2026-04-12T09:54:45.123+0000] {subprocess.py:106} INFO - 	at org.apache.spark.sql.SparkSession.withActive(SparkSession.scala:804)
[2026-04-12T09:54:45.123+0000] {subprocess.py:106} INFO - 	at org.apache.spark.sql.execution.streaming.StreamExecution.org$apache$spark$sql$execution$streaming$StreamExecution$$runStream(StreamExecution.scala:311)
[2026-04-12T09:54:45.124+0000] {subprocess.py:106} INFO - 	at org.apache.spark.sql.execution.streaming.StreamExecution$$anon$1.run(StreamExecution.scala:226)
[2026-04-12T09:54:45.124+0000] {subprocess.py:106} INFO - 	Suppressed: org.apache.spark.util.Utils$OriginalTryStackTraceException: Full stacktrace of original doTryWithCallerStacktrace caller
[2026-04-12T09:54:45.125+0000] {subprocess.py:106} INFO - 		at java.base/jdk.internal.reflect.NativeConstructorAccessorImpl.newInstance0(Native Method)
[2026-04-12T09:54:45.125+0000] {subprocess.py:106} INFO - 		at java.base/jdk.internal.reflect.NativeConstructorAccessorImpl.newInstance(NativeConstructorAccessorImpl.java:75)
[2026-04-12T09:54:45.126+0000] {subprocess.py:106} INFO - 		at java.base/jdk.internal.reflect.DelegatingConstructorAccessorImpl.newInstance(DelegatingConstructorAccessorImpl.java:53)
[2026-04-12T09:54:45.126+0000] {subprocess.py:106} INFO - 		at java.base/java.lang.reflect.Constructor.newInstanceWithCaller(Constructor.java:502)
[2026-04-12T09:54:45.126+0000] {subprocess.py:106} INFO - 		at java.base/java.lang.reflect.Constructor.newInstance(Constructor.java:486)
[2026-04-12T09:54:45.127+0000] {subprocess.py:106} INFO - 		at org.apache.hadoop.ipc.RemoteException.instantiateException(RemoteException.java:121)
[2026-04-12T09:54:45.127+0000] {subprocess.py:106} INFO - 		at org.apache.hadoop.ipc.RemoteException.unwrapRemoteException(RemoteException.java:88)
[2026-04-12T09:54:45.128+0000] {subprocess.py:106} INFO - 		at org.apache.hadoop.hdfs.DFSClient.primitiveMkdir(DFSClient.java:2557)
[2026-04-12T09:54:45.128+0000] {subprocess.py:106} INFO - 		at org.apache.hadoop.hdfs.DFSClient.mkdirs(DFSClient.java:2531)
[2026-04-12T09:54:45.129+0000] {subprocess.py:106} INFO - 		at org.apache.hadoop.hdfs.DistributedFileSystem$27.doCall(DistributedFileSystem.java:1497)
[2026-04-12T09:54:45.129+0000] {subprocess.py:106} INFO - 		at org.apache.hadoop.hdfs.DistributedFileSystem$27.doCall(DistributedFileSystem.java:1494)
[2026-04-12T09:54:45.129+0000] {subprocess.py:106} INFO - 		at org.apache.hadoop.fs.FileSystemLinkResolver.resolve(FileSystemLinkResolver.java:81)
[2026-04-12T09:54:45.130+0000] {subprocess.py:106} INFO - 		at org.apache.hadoop.hdfs.DistributedFileSystem.mkdirsInternal(DistributedFileSystem.java:1511)
[2026-04-12T09:54:45.130+0000] {subprocess.py:106} INFO - 		at org.apache.hadoop.hdfs.DistributedFileSystem.mkdirs(DistributedFileSystem.java:1486)
[2026-04-12T09:54:45.131+0000] {subprocess.py:106} INFO - 		at org.apache.hadoop.fs.FileSystem.mkdirs(FileSystem.java:2496)
[2026-04-12T09:54:45.131+0000] {subprocess.py:106} INFO - 		at org.apache.hadoop.mapreduce.lib.output.FileOutputCommitter.setupJob(FileOutputCommitter.java:356)
[2026-04-12T09:54:45.132+0000] {subprocess.py:106} INFO - 		at org.apache.spark.internal.io.HadoopMapReduceCommitProtocol.setupJob(HadoopMapReduceCommitProtocol.scala:190)
[2026-04-12T09:54:45.132+0000] {subprocess.py:106} INFO - 		at org.apache.spark.sql.execution.datasources.FileFormatWriter$.writeAndCommit(FileFormatWriter.scala:268)
[2026-04-12T09:54:45.133+0000] {subprocess.py:106} INFO - 		at org.apache.spark.sql.execution.datasources.FileFormatWriter$.executeWrite(FileFormatWriter.scala:306)
[2026-04-12T09:54:45.133+0000] {subprocess.py:106} INFO - 		at org.apache.spark.sql.execution.datasources.FileFormatWriter$.write(FileFormatWriter.scala:189)
[2026-04-12T09:54:45.134+0000] {subprocess.py:106} INFO - 		at org.apache.spark.sql.execution.datasources.InsertIntoHadoopFsRelationCommand.run(InsertIntoHadoopFsRelationCommand.scala:195)
[2026-04-12T09:54:45.134+0000] {subprocess.py:106} INFO - 		at org.apache.spark.sql.execution.command.DataWritingCommandExec.sideEffectResult$lzycompute(commands.scala:117)
[2026-04-12T09:54:45.134+0000] {subprocess.py:106} INFO - 		at org.apache.spark.sql.execution.command.DataWritingCommandExec.sideEffectResult(commands.scala:115)
[2026-04-12T09:54:45.135+0000] {subprocess.py:106} INFO - 		at org.apache.spark.sql.execution.command.DataWritingCommandExec.executeCollect(commands.scala:129)
[2026-04-12T09:54:45.135+0000] {subprocess.py:106} INFO - 		at org.apache.spark.sql.execution.QueryExecution.$anonfun$eagerlyExecuteCommands$2(QueryExecution.scala:155)
[2026-04-12T09:54:45.136+0000] {subprocess.py:106} INFO - 		at org.apache.spark.sql.execution.SQLExecution$.$anonfun$withNewExecutionId0$8(SQLExecution.scala:163)
[2026-04-12T09:54:45.136+0000] {subprocess.py:106} INFO - 		at org.apache.spark.sql.execution.SQLExecution$.withSessionTagsApplied(SQLExecution.scala:272)
[2026-04-12T09:54:45.137+0000] {subprocess.py:106} INFO - 		at org.apache.spark.sql.execution.SQLExecution$.$anonfun$withNewExecutionId0$7(SQLExecution.scala:125)
[2026-04-12T09:54:45.138+0000] {subprocess.py:106} INFO - 		at org.apache.spark.JobArtifactSet$.withActiveJobArtifactState(JobArtifactSet.scala:94)
[2026-04-12T09:54:45.138+0000] {subprocess.py:106} INFO - 		at org.apache.spark.sql.artifact.ArtifactManager.$anonfun$withResources$1(ArtifactManager.scala:112)
[2026-04-12T09:54:45.139+0000] {subprocess.py:106} INFO - 		at org.apache.spark.sql.artifact.ArtifactManager.withClassLoaderIfNeeded(ArtifactManager.scala:106)
[2026-04-12T09:54:45.139+0000] {subprocess.py:106} INFO - 		at org.apache.spark.sql.artifact.ArtifactManager.withResources(ArtifactManager.scala:111)
[2026-04-12T09:54:45.140+0000] {subprocess.py:106} INFO - 		at org.apache.spark.sql.execution.SQLExecution$.$anonfun$withNewExecutionId0$6(SQLExecution.scala:125)
[2026-04-12T09:54:45.140+0000] {subprocess.py:106} INFO - 		at org.apache.spark.sql.execution.SQLExecution$.withSQLConfPropagated(SQLExecution.scala:295)
[2026-04-12T09:54:45.140+0000] {subprocess.py:106} INFO - 		at org.apache.spark.sql.execution.SQLExecution$.$anonfun$withNewExecutionId0$1(SQLExecution.scala:124)
[2026-04-12T09:54:45.141+0000] {subprocess.py:106} INFO - 		at org.apache.spark.sql.SparkSession.withActive(SparkSession.scala:804)
[2026-04-12T09:54:45.141+0000] {subprocess.py:106} INFO - 		at org.apache.spark.sql.execution.SQLExecution$.withNewExecutionId0(SQLExecution.scala:78)
[2026-04-12T09:54:45.142+0000] {subprocess.py:106} INFO - 		at org.apache.spark.sql.execution.SQLExecution$.withNewExecutionId(SQLExecution.scala:237)
[2026-04-12T09:54:45.142+0000] {subprocess.py:106} INFO - 		at org.apache.spark.sql.execution.QueryExecution.$anonfun$eagerlyExecuteCommands$1(QueryExecution.scala:155)
[2026-04-12T09:54:45.143+0000] {subprocess.py:106} INFO - 		at org.apache.spark.sql.execution.QueryExecution$.withInternalError(QueryExecution.scala:654)
[2026-04-12T09:54:45.143+0000] {subprocess.py:106} INFO - 		at org.apache.spark.sql.execution.QueryExecution.org$apache$spark$sql$execution$QueryExecution$$eagerlyExecute$1(QueryExecution.scala:154)
[2026-04-12T09:54:45.144+0000] {subprocess.py:106} INFO - 		at org.apache.spark.sql.execution.QueryExecution$$anonfun$eagerlyExecuteCommands$3.applyOrElse(QueryExecution.scala:169)
[2026-04-12T09:54:45.145+0000] {subprocess.py:106} INFO - 		at org.apache.spark.sql.execution.QueryExecution$$anonfun$eagerlyExecuteCommands$3.applyOrElse(QueryExecution.scala:164)
[2026-04-12T09:54:45.145+0000] {subprocess.py:106} INFO - 		at org.apache.spark.sql.catalyst.trees.TreeNode.$anonfun$transformDownWithPruning$1(TreeNode.scala:470)
[2026-04-12T09:54:45.145+0000] {subprocess.py:106} INFO - 		at org.apache.spark.sql.catalyst.trees.CurrentOrigin$.withOrigin(origin.scala:86)
[2026-04-12T09:54:45.146+0000] {subprocess.py:106} INFO - 		at org.apache.spark.sql.catalyst.trees.TreeNode.transformDownWithPruning(TreeNode.scala:470)
[2026-04-12T09:54:45.146+0000] {subprocess.py:106} INFO - 		at org.apache.spark.sql.catalyst.plans.logical.LogicalPlan.org$apache$spark$sql$catalyst$plans$logical$AnalysisHelper$$super$transformDownWithPruning(LogicalPlan.scala:37)
[2026-04-12T09:54:45.147+0000] {subprocess.py:106} INFO - 		at org.apache.spark.sql.catalyst.plans.logical.AnalysisHelper.transformDownWithPruning(AnalysisHelper.scala:360)
[2026-04-12T09:54:45.147+0000] {subprocess.py:106} INFO - 		at org.apache.spark.sql.catalyst.plans.logical.AnalysisHelper.transformDownWithPruning$(AnalysisHelper.scala:356)
[2026-04-12T09:54:45.148+0000] {subprocess.py:106} INFO - 		at org.apache.spark.sql.catalyst.plans.logical.LogicalPlan.transformDownWithPruning(LogicalPlan.scala:37)
[2026-04-12T09:54:45.148+0000] {subprocess.py:106} INFO - 		at org.apache.spark.sql.catalyst.plans.logical.LogicalPlan.transformDownWithPruning(LogicalPlan.scala:37)
[2026-04-12T09:54:45.149+0000] {subprocess.py:106} INFO - 		at org.apache.spark.sql.catalyst.trees.TreeNode.transformDown(TreeNode.scala:446)
[2026-04-12T09:54:45.149+0000] {subprocess.py:106} INFO - 		at org.apache.spark.sql.execution.QueryExecution.eagerlyExecuteCommands(QueryExecution.scala:164)
[2026-04-12T09:54:45.150+0000] {subprocess.py:106} INFO - 		at org.apache.spark.sql.execution.QueryExecution.$anonfun$lazyCommandExecuted$1(QueryExecution.scala:126)
[2026-04-12T09:54:45.150+0000] {subprocess.py:106} INFO - 		at scala.util.Try$.apply(Try.scala:217)
[2026-04-12T09:54:45.156+0000] {subprocess.py:106} INFO - 		at org.apache.spark.util.Utils$.doTryWithCallerStacktrace(Utils.scala:1378)
[2026-04-12T09:54:45.157+0000] {subprocess.py:106} INFO - 		at org.apache.spark.util.LazyTry.tryT$lzycompute(LazyTry.scala:46)
[2026-04-12T09:54:45.158+0000] {subprocess.py:106} INFO - 		at org.apache.spark.util.LazyTry.tryT(LazyTry.scala:46)
[2026-04-12T09:54:45.158+0000] {subprocess.py:106} INFO - 		... 58 more
[2026-04-12T09:54:45.159+0000] {subprocess.py:106} INFO - Caused by: org.apache.hadoop.ipc.RemoteException(org.apache.hadoop.security.AccessControlException): Permission denied: user=spark, access=WRITE, inode="/user/hive/lakehouse/bronze":hadoop23133083thuyvan:supergroup:drwxr-xr-x
[2026-04-12T09:54:45.159+0000] {subprocess.py:106} INFO - 	at org.apache.hadoop.hdfs.server.namenode.FSPermissionChecker.check(FSPermissionChecker.java:661)
[2026-04-12T09:54:45.160+0000] {subprocess.py:106} INFO - 	at org.apache.hadoop.hdfs.server.namenode.FSPermissionChecker.checkPermission(FSPermissionChecker.java:501)
[2026-04-12T09:54:45.160+0000] {subprocess.py:106} INFO - 	at org.apache.hadoop.hdfs.server.namenode.FSPermissionChecker.checkPermissionWithContext(FSPermissionChecker.java:525)
[2026-04-12T09:54:45.161+0000] {subprocess.py:106} INFO - 	at org.apache.hadoop.hdfs.server.namenode.FSPermissionChecker.checkPermission(FSPermissionChecker.java:395)
[2026-04-12T09:54:45.161+0000] {subprocess.py:106} INFO - 	at org.apache.hadoop.hdfs.server.namenode.FSDirectory.checkPermission(FSDirectory.java:1964)
[2026-04-12T09:54:45.162+0000] {subprocess.py:106} INFO - 	at org.apache.hadoop.hdfs.server.namenode.FSDirectory.checkPermission(FSDirectory.java:1945)
[2026-04-12T09:54:45.162+0000] {subprocess.py:106} INFO - 	at org.apache.hadoop.hdfs.server.namenode.FSDirectory.checkAncestorAccess(FSDirectory.java:1904)
[2026-04-12T09:54:45.163+0000] {subprocess.py:106} INFO - 	at org.apache.hadoop.hdfs.server.namenode.FSDirMkdirOp.mkdirs(FSDirMkdirOp.java:60)
[2026-04-12T09:54:45.163+0000] {subprocess.py:106} INFO - 	at org.apache.hadoop.hdfs.server.namenode.FSNamesystem.mkdirs(FSNamesystem.java:3531)
[2026-04-12T09:54:45.164+0000] {subprocess.py:106} INFO - 	at org.apache.hadoop.hdfs.server.namenode.NameNodeRpcServer.mkdirs(NameNodeRpcServer.java:1173)
[2026-04-12T09:54:45.164+0000] {subprocess.py:106} INFO - 	at org.apache.hadoop.hdfs.protocolPB.ClientNamenodeProtocolServerSideTranslatorPB.mkdirs(ClientNamenodeProtocolServerSideTranslatorPB.java:750)
[2026-04-12T09:54:45.165+0000] {subprocess.py:106} INFO - 	at org.apache.hadoop.hdfs.protocol.proto.ClientNamenodeProtocolProtos$ClientNamenodeProtocol$2.callBlockingMethod(ClientNamenodeProtocolProtos.java)
[2026-04-12T09:54:45.166+0000] {subprocess.py:106} INFO - 	at org.apache.hadoop.ipc.ProtobufRpcEngine2$Server$ProtoBufRpcInvoker.call(ProtobufRpcEngine2.java:621)
[2026-04-12T09:54:45.167+0000] {subprocess.py:106} INFO - 	at org.apache.hadoop.ipc.ProtobufRpcEngine2$Server$ProtoBufRpcInvoker.call(ProtobufRpcEngine2.java:589)
[2026-04-12T09:54:45.167+0000] {subprocess.py:106} INFO - 	at org.apache.hadoop.ipc.ProtobufRpcEngine2$Server$ProtoBufRpcInvoker.call(ProtobufRpcEngine2.java:573)
[2026-04-12T09:54:45.168+0000] {subprocess.py:106} INFO - 	at org.apache.hadoop.ipc.RPC$Server.call(RPC.java:1227)
[2026-04-12T09:54:45.168+0000] {subprocess.py:106} INFO - 	at org.apache.hadoop.ipc.Server$RpcCall.run(Server.java:1246)
[2026-04-12T09:54:45.168+0000] {subprocess.py:106} INFO - 	at org.apache.hadoop.ipc.Server$RpcCall.run(Server.java:1169)
[2026-04-12T09:54:45.169+0000] {subprocess.py:106} INFO - 	at java.base/java.security.AccessController.doPrivileged(Native Method)
[2026-04-12T09:54:45.169+0000] {subprocess.py:106} INFO - 	at java.base/javax.security.auth.Subject.doAs(Subject.java:423)
[2026-04-12T09:54:45.170+0000] {subprocess.py:106} INFO - 	at org.apache.hadoop.security.UserGroupInformation.doAs(UserGroupInformation.java:1953)
[2026-04-12T09:54:45.170+0000] {subprocess.py:106} INFO - 	at org.apache.hadoop.ipc.Server$Handler.run(Server.java:3198)
[2026-04-12T09:54:45.170+0000] {subprocess.py:106} INFO - 
[2026-04-12T09:54:45.171+0000] {subprocess.py:106} INFO - 	at org.apache.hadoop.ipc.Client.getRpcResponse(Client.java:1584)
[2026-04-12T09:54:45.171+0000] {subprocess.py:106} INFO - 	at org.apache.hadoop.ipc.Client.call(Client.java:1529)
[2026-04-12T09:54:45.172+0000] {subprocess.py:106} INFO - 	at org.apache.hadoop.ipc.Client.call(Client.java:1426)
[2026-04-12T09:54:45.172+0000] {subprocess.py:106} INFO - 	at org.apache.hadoop.ipc.ProtobufRpcEngine2$Invoker.invoke(ProtobufRpcEngine2.java:258)
[2026-04-12T09:54:45.173+0000] {subprocess.py:106} INFO - 	at org.apache.hadoop.ipc.ProtobufRpcEngine2$Invoker.invoke(ProtobufRpcEngine2.java:139)
[2026-04-12T09:54:45.173+0000] {subprocess.py:106} INFO - 	at jdk.proxy2/jdk.proxy2.$Proxy46.mkdirs(Unknown Source)
[2026-04-12T09:54:45.174+0000] {subprocess.py:106} INFO - 	at org.apache.hadoop.hdfs.protocolPB.ClientNamenodeProtocolTranslatorPB.lambda$mkdirs$20(ClientNamenodeProtocolTranslatorPB.java:611)
[2026-04-12T09:54:45.174+0000] {subprocess.py:106} INFO - 	at org.apache.hadoop.ipc.internal.ShadedProtobufHelper.ipc(ShadedProtobufHelper.java:160)
[2026-04-12T09:54:45.174+0000] {subprocess.py:106} INFO - 	at org.apache.hadoop.hdfs.protocolPB.ClientNamenodeProtocolTranslatorPB.mkdirs(ClientNamenodeProtocolTranslatorPB.java:611)
[2026-04-12T09:54:45.175+0000] {subprocess.py:106} INFO - 	at java.base/jdk.internal.reflect.NativeMethodAccessorImpl.invoke0(Native Method)
[2026-04-12T09:54:45.175+0000] {subprocess.py:106} INFO - 	at java.base/jdk.internal.reflect.NativeMethodAccessorImpl.invoke(NativeMethodAccessorImpl.java:75)
[2026-04-12T09:54:45.176+0000] {subprocess.py:106} INFO - 	at java.base/jdk.internal.reflect.DelegatingMethodAccessorImpl.invoke(DelegatingMethodAccessorImpl.java:52)
[2026-04-12T09:54:45.176+0000] {subprocess.py:106} INFO - 	at java.base/java.lang.reflect.Method.invoke(Method.java:580)
[2026-04-12T09:54:45.176+0000] {subprocess.py:106} INFO - 	at org.apache.hadoop.io.retry.RetryInvocationHandler.invokeMethod(RetryInvocationHandler.java:437)
[2026-04-12T09:54:45.177+0000] {subprocess.py:106} INFO - 	at org.apache.hadoop.io.retry.RetryInvocationHandler$Call.invokeMethod(RetryInvocationHandler.java:170)
[2026-04-12T09:54:45.177+0000] {subprocess.py:106} INFO - 	at org.apache.hadoop.io.retry.RetryInvocationHandler$Call.invoke(RetryInvocationHandler.java:162)
[2026-04-12T09:54:45.177+0000] {subprocess.py:106} INFO - 	at org.apache.hadoop.io.retry.RetryInvocationHandler$Call.invokeOnce(RetryInvocationHandler.java:100)
[2026-04-12T09:54:45.178+0000] {subprocess.py:106} INFO - 	at org.apache.hadoop.io.retry.RetryInvocationHandler.invoke(RetryInvocationHandler.java:366)
[2026-04-12T09:54:45.178+0000] {subprocess.py:106} INFO - 	at jdk.proxy2/jdk.proxy2.$Proxy47.mkdirs(Unknown Source)
[2026-04-12T09:54:45.179+0000] {subprocess.py:106} INFO - 	at org.apache.hadoop.hdfs.DFSClient.primitiveMkdir(DFSClient.java:2555)
[2026-04-12T09:54:45.179+0000] {subprocess.py:106} INFO - 	at org.apache.hadoop.hdfs.DFSClient.mkdirs(DFSClient.java:2531)
[2026-04-12T09:54:45.180+0000] {subprocess.py:106} INFO - 	at org.apache.hadoop.hdfs.DistributedFileSystem$27.doCall(DistributedFileSystem.java:1497)
[2026-04-12T09:54:45.180+0000] {subprocess.py:106} INFO - 	at org.apache.hadoop.hdfs.DistributedFileSystem$27.doCall(DistributedFileSystem.java:1494)
[2026-04-12T09:54:45.181+0000] {subprocess.py:106} INFO - 	at org.apache.hadoop.fs.FileSystemLinkResolver.resolve(FileSystemLinkResolver.java:81)
[2026-04-12T09:54:45.181+0000] {subprocess.py:106} INFO - 	at org.apache.hadoop.hdfs.DistributedFileSystem.mkdirsInternal(DistributedFileSystem.java:1511)
[2026-04-12T09:54:45.182+0000] {subprocess.py:106} INFO - 	at org.apache.hadoop.hdfs.DistributedFileSystem.mkdirs(DistributedFileSystem.java:1486)
[2026-04-12T09:54:45.182+0000] {subprocess.py:106} INFO - 	at org.apache.hadoop.fs.FileSystem.mkdirs(FileSystem.java:2496)
[2026-04-12T09:54:45.182+0000] {subprocess.py:106} INFO - 	at org.apache.hadoop.mapreduce.lib.output.FileOutputCommitter.setupJob(FileOutputCommitter.java:356)
[2026-04-12T09:54:45.183+0000] {subprocess.py:106} INFO - 	at org.apache.spark.internal.io.HadoopMapReduceCommitProtocol.setupJob(HadoopMapReduceCommitProtocol.scala:190)
[2026-04-12T09:54:45.183+0000] {subprocess.py:106} INFO - 	at org.apache.spark.sql.execution.datasources.FileFormatWriter$.writeAndCommit(FileFormatWriter.scala:268)
[2026-04-12T09:54:45.184+0000] {subprocess.py:106} INFO - 	at org.apache.spark.sql.execution.datasources.FileFormatWriter$.executeWrite(FileFormatWriter.scala:306)
[2026-04-12T09:54:45.184+0000] {subprocess.py:106} INFO - 	at org.apache.spark.sql.execution.datasources.FileFormatWriter$.write(FileFormatWriter.scala:189)
[2026-04-12T09:54:45.185+0000] {subprocess.py:106} INFO - 	at org.apache.spark.sql.execution.datasources.InsertIntoHadoopFsRelationCommand.run(InsertIntoHadoopFsRelationCommand.scala:195)
[2026-04-12T09:54:45.185+0000] {subprocess.py:106} INFO - 	at org.apache.spark.sql.execution.command.DataWritingCommandExec.sideEffectResult$lzycompute(commands.scala:117)
[2026-04-12T09:54:45.186+0000] {subprocess.py:106} INFO - 	at org.apache.spark.sql.execution.command.DataWritingCommandExec.sideEffectResult(commands.scala:115)
[2026-04-12T09:54:45.186+0000] {subprocess.py:106} INFO - 	at org.apache.spark.sql.execution.command.DataWritingCommandExec.executeCollect(commands.scala:129)
[2026-04-12T09:54:45.187+0000] {subprocess.py:106} INFO - 	at org.apache.spark.sql.execution.QueryExecution.$anonfun$eagerlyExecuteCommands$2(QueryExecution.scala:155)
[2026-04-12T09:54:45.187+0000] {subprocess.py:106} INFO - 	at org.apache.spark.sql.execution.SQLExecution$.$anonfun$withNewExecutionId0$8(SQLExecution.scala:163)
[2026-04-12T09:54:45.188+0000] {subprocess.py:106} INFO - 	at org.apache.spark.sql.execution.SQLExecution$.withSessionTagsApplied(SQLExecution.scala:272)
[2026-04-12T09:54:45.188+0000] {subprocess.py:106} INFO - 	at org.apache.spark.sql.execution.SQLExecution$.$anonfun$withNewExecutionId0$7(SQLExecution.scala:125)
[2026-04-12T09:54:45.189+0000] {subprocess.py:106} INFO - 	at org.apache.spark.JobArtifactSet$.withActiveJobArtifactState(JobArtifactSet.scala:94)
[2026-04-12T09:54:45.189+0000] {subprocess.py:106} INFO - 	at org.apache.spark.sql.artifact.ArtifactManager.$anonfun$withResources$1(ArtifactManager.scala:112)
[2026-04-12T09:54:45.189+0000] {subprocess.py:106} INFO - 	at org.apache.spark.sql.artifact.ArtifactManager.withClassLoaderIfNeeded(ArtifactManager.scala:106)
[2026-04-12T09:54:45.190+0000] {subprocess.py:106} INFO - 	at org.apache.spark.sql.artifact.ArtifactManager.withResources(ArtifactManager.scala:111)
[2026-04-12T09:54:45.190+0000] {subprocess.py:106} INFO - 	at org.apache.spark.sql.execution.SQLExecution$.$anonfun$withNewExecutionId0$6(SQLExecution.scala:125)
[2026-04-12T09:54:45.191+0000] {subprocess.py:106} INFO - 	at org.apache.spark.sql.execution.SQLExecution$.withSQLConfPropagated(SQLExecution.scala:295)
[2026-04-12T09:54:45.191+0000] {subprocess.py:106} INFO - 	at org.apache.spark.sql.execution.SQLExecution$.$anonfun$withNewExecutionId0$1(SQLExecution.scala:124)
[2026-04-12T09:54:45.192+0000] {subprocess.py:106} INFO - 	at org.apache.spark.sql.SparkSession.withActive(SparkSession.scala:804)
[2026-04-12T09:54:45.192+0000] {subprocess.py:106} INFO - 	at org.apache.spark.sql.execution.SQLExecution$.withNewExecutionId0(SQLExecution.scala:78)
[2026-04-12T09:54:45.193+0000] {subprocess.py:106} INFO - 	at org.apache.spark.sql.execution.SQLExecution$.withNewExecutionId(SQLExecution.scala:237)
[2026-04-12T09:54:45.193+0000] {subprocess.py:106} INFO - 	at org.apache.spark.sql.execution.QueryExecution.$anonfun$eagerlyExecuteCommands$1(QueryExecution.scala:155)
[2026-04-12T09:54:45.194+0000] {subprocess.py:106} INFO - 	at org.apache.spark.sql.execution.QueryExecution$.withInternalError(QueryExecution.scala:654)
[2026-04-12T09:54:45.194+0000] {subprocess.py:106} INFO - 	at org.apache.spark.sql.execution.QueryExecution.org$apache$spark$sql$execution$QueryExecution$$eagerlyExecute$1(QueryExecution.scala:154)
[2026-04-12T09:54:45.194+0000] {subprocess.py:106} INFO - 	at org.apache.spark.sql.execution.QueryExecution$$anonfun$eagerlyExecuteCommands$3.applyOrElse(QueryExecution.scala:169)
[2026-04-12T09:54:45.195+0000] {subprocess.py:106} INFO - 	at org.apache.spark.sql.execution.QueryExecution$$anonfun$eagerlyExecuteCommands$3.applyOrElse(QueryExecution.scala:164)
[2026-04-12T09:54:45.195+0000] {subprocess.py:106} INFO - 	at org.apache.spark.sql.catalyst.trees.TreeNode.$anonfun$transformDownWithPruning$1(TreeNode.scala:470)
[2026-04-12T09:54:45.196+0000] {subprocess.py:106} INFO - 	at org.apache.spark.sql.catalyst.trees.CurrentOrigin$.withOrigin(origin.scala:86)
[2026-04-12T09:54:45.196+0000] {subprocess.py:106} INFO - 	at org.apache.spark.sql.catalyst.trees.TreeNode.transformDownWithPruning(TreeNode.scala:470)
[2026-04-12T09:54:45.197+0000] {subprocess.py:106} INFO - 	at org.apache.spark.sql.catalyst.plans.logical.LogicalPlan.org$apache$spark$sql$catalyst$plans$logical$AnalysisHelper$$super$transformDownWithPruning(LogicalPlan.scala:37)
[2026-04-12T09:54:45.197+0000] {subprocess.py:106} INFO - 	at org.apache.spark.sql.catalyst.plans.logical.AnalysisHelper.transformDownWithPruning(AnalysisHelper.scala:360)
[2026-04-12T09:54:45.198+0000] {subprocess.py:106} INFO - 	at org.apache.spark.sql.catalyst.plans.logical.AnalysisHelper.transformDownWithPruning$(AnalysisHelper.scala:356)
[2026-04-12T09:54:45.198+0000] {subprocess.py:106} INFO - 	at org.apache.spark.sql.catalyst.plans.logical.LogicalPlan.transformDownWithPruning(LogicalPlan.scala:37)
[2026-04-12T09:54:45.199+0000] {subprocess.py:106} INFO - 	at org.apache.spark.sql.catalyst.plans.logical.LogicalPlan.transformDownWithPruning(LogicalPlan.scala:37)
[2026-04-12T09:54:45.199+0000] {subprocess.py:106} INFO - 	at org.apache.spark.sql.catalyst.trees.TreeNode.transformDown(TreeNode.scala:446)
[2026-04-12T09:54:45.200+0000] {subprocess.py:106} INFO - 	at org.apache.spark.sql.execution.QueryExecution.eagerlyExecuteCommands(QueryExecution.scala:164)
[2026-04-12T09:54:45.200+0000] {subprocess.py:106} INFO - 	at org.apache.spark.sql.execution.QueryExecution.$anonfun$lazyCommandExecuted$1(QueryExecution.scala:126)
[2026-04-12T09:54:45.200+0000] {subprocess.py:106} INFO - 	at scala.util.Try$.apply(Try.scala:217)
[2026-04-12T09:54:45.201+0000] {subprocess.py:106} INFO - 	at org.apache.spark.util.Utils$.doTryWithCallerStacktrace(Utils.scala:1378)
[2026-04-12T09:54:45.201+0000] {subprocess.py:106} INFO - 	at org.apache.spark.util.LazyTry.tryT$lzycompute(LazyTry.scala:46)
[2026-04-12T09:54:45.202+0000] {subprocess.py:106} INFO - 	at org.apache.spark.util.LazyTry.tryT(LazyTry.scala:46)
[2026-04-12T09:54:45.202+0000] {subprocess.py:106} INFO - 	... 58 more
[2026-04-12T09:54:45.203+0000] {subprocess.py:106} INFO - 
[2026-04-12T09:54:45.203+0000] {subprocess.py:106} INFO - 
[2026-04-12T09:54:45.203+0000] {subprocess.py:106} INFO - 	at py4j.Protocol.getReturnValue(Protocol.java:476)
[2026-04-12T09:54:45.204+0000] {subprocess.py:106} INFO - 	at py4j.reflection.PythonProxyHandler.invoke(PythonProxyHandler.java:108)
[2026-04-12T09:54:45.205+0000] {subprocess.py:106} INFO - 	at jdk.proxy3/jdk.proxy3.$Proxy49.call(Unknown Source)
[2026-04-12T09:54:45.205+0000] {subprocess.py:106} INFO - 	at org.apache.spark.sql.execution.streaming.sources.PythonForeachBatchHelper$.$anonfun$callForeachBatch$1(ForeachBatchSink.scala:87)
[2026-04-12T09:54:45.205+0000] {subprocess.py:106} INFO - 	at org.apache.spark.sql.execution.streaming.sources.PythonForeachBatchHelper$.$anonfun$callForeachBatch$1$adapted(ForeachBatchSink.scala:87)
[2026-04-12T09:54:45.206+0000] {subprocess.py:106} INFO - 	at org.apache.spark.sql.execution.streaming.sources.ForeachBatchSink.callBatchWriter(ForeachBatchSink.scala:56)
[2026-04-12T09:54:45.206+0000] {subprocess.py:106} INFO - 	... 34 more
[2026-04-12T09:54:45.207+0000] {subprocess.py:106} INFO - 26/04/12 09:54:44 INFO MicroBatchExecution: Async log purge executor pool for query [id = fffa4a28-b831-4a17-a849-992bff20d106, runId = 81b0f238-2169-428b-9777-93c02ef6c63f] has been shutdown
[2026-04-12T09:54:45.207+0000] {subprocess.py:106} INFO - Traceback (most recent call last):
[2026-04-12T09:54:45.208+0000] {subprocess.py:106} INFO -   File "/home/spark/spark/spark_jobs/weather_streaming.py", line 171, in <module>
[2026-04-12T09:54:45.208+0000] {subprocess.py:106} INFO -     query.awaitTermination()
[2026-04-12T09:54:45.209+0000] {subprocess.py:106} INFO -   File "/home/spark/spark/python/lib/pyspark.zip/pyspark/sql/streaming/query.py", line 225, in awaitTermination
[2026-04-12T09:54:45.209+0000] {subprocess.py:106} INFO -   File "/home/spark/spark/python/lib/py4j-0.10.9.9-src.zip/py4j/java_gateway.py", line 1362, in __call__
[2026-04-12T09:54:45.209+0000] {subprocess.py:106} INFO -   File "/home/spark/spark/python/lib/pyspark.zip/pyspark/errors/exceptions/captured.py", line 288, in deco
[2026-04-12T09:54:45.210+0000] {subprocess.py:106} INFO - pyspark.errors.exceptions.captured.StreamingQueryException: [STREAM_FAILED] Query [id = fffa4a28-b831-4a17-a849-992bff20d106, runId = 81b0f238-2169-428b-9777-93c02ef6c63f] terminated with exception: [FOREACH_BATCH_USER_FUNCTION_ERROR] An error occurred in the user provided function in foreach batch sink. Reason: An exception was raised by the Python Proxy. Return Message: Traceback (most recent call last):
[2026-04-12T09:54:45.210+0000] {subprocess.py:106} INFO -   File "/home/spark/spark/python/lib/py4j-0.10.9.9-src.zip/py4j/clientserver.py", line 644, in _call_proxy
[2026-04-12T09:54:45.211+0000] {subprocess.py:106} INFO -     return_value = getattr(self.pool[obj_id], method)(*params)
[2026-04-12T09:54:45.211+0000] {subprocess.py:106} INFO -   File "/home/spark/spark/python/lib/pyspark.zip/pyspark/sql/utils.py", line 165, in call
[2026-04-12T09:54:45.212+0000] {subprocess.py:106} INFO -     raise e
[2026-04-12T09:54:45.212+0000] {subprocess.py:106} INFO -   File "/home/spark/spark/python/lib/pyspark.zip/pyspark/sql/utils.py", line 162, in call
[2026-04-12T09:54:45.213+0000] {subprocess.py:106} INFO -     self.func(DataFrame(jdf, wrapped_session_jdf), batch_id)
[2026-04-12T09:54:45.215+0000] {subprocess.py:106} INFO -   File "/home/spark/spark/spark_jobs/weather_streaming.py", line 114, in write_to_bronze_and_silver
[2026-04-12T09:54:45.216+0000] {subprocess.py:106} INFO -     .save("hdfs://23133083thuyvan-master:9000/user/hive/lakehouse/bronze/raw_api")
[2026-04-12T09:54:45.217+0000] {subprocess.py:106} INFO -   File "/home/spark/spark/python/lib/pyspark.zip/pyspark/sql/readwriter.py", line 1745, in save
[2026-04-12T09:54:45.217+0000] {subprocess.py:106} INFO -     self._jwrite.save(path)
[2026-04-12T09:54:45.217+0000] {subprocess.py:106} INFO -   File "/home/spark/spark/python/lib/py4j-0.10.9.9-src.zip/py4j/java_gateway.py", line 1362, in __call__
[2026-04-12T09:54:45.218+0000] {subprocess.py:106} INFO -     return_value = get_return_value(
[2026-04-12T09:54:45.218+0000] {subprocess.py:106} INFO -   File "/home/spark/spark/python/lib/pyspark.zip/pyspark/errors/exceptions/captured.py", line 282, in deco
[2026-04-12T09:54:45.219+0000] {subprocess.py:106} INFO -     return f(*a, **kw)
[2026-04-12T09:54:45.219+0000] {subprocess.py:106} INFO -   File "/home/spark/spark/python/lib/py4j-0.10.9.9-src.zip/py4j/protocol.py", line 327, in get_return_value
[2026-04-12T09:54:45.219+0000] {subprocess.py:106} INFO -     raise Py4JJavaError(
[2026-04-12T09:54:45.220+0000] {subprocess.py:106} INFO - py4j.protocol.Py4JJavaError: An error occurred while calling o104.save.
[2026-04-12T09:54:45.220+0000] {subprocess.py:106} INFO - : org.apache.hadoop.security.AccessControlException: Permission denied: user=spark, access=WRITE, inode="/user/hive/lakehouse/bronze":hadoop23133083thuyvan:supergroup:drwxr-xr-x
[2026-04-12T09:54:45.221+0000] {subprocess.py:106} INFO - 	at org.apache.hadoop.hdfs.server.namenode.FSPermissionChecker.check(FSPermissionChecker.java:661)
[2026-04-12T09:54:45.221+0000] {subprocess.py:106} INFO - 	at org.apache.hadoop.hdfs.server.namenode.FSPermissionChecker.checkPermission(FSPermissionChecker.java:501)
[2026-04-12T09:54:45.221+0000] {subprocess.py:106} INFO - 	at org.apache.hadoop.hdfs.server.namenode.FSPermissionChecker.checkPermissionWithContext(FSPermissionChecker.java:525)
[2026-04-12T09:54:45.222+0000] {subprocess.py:106} INFO - 	at org.apache.hadoop.hdfs.server.namenode.FSPermissionChecker.checkPermission(FSPermissionChecker.java:395)
[2026-04-12T09:54:45.222+0000] {subprocess.py:106} INFO - 	at org.apache.hadoop.hdfs.server.namenode.FSDirectory.checkPermission(FSDirectory.java:1964)
[2026-04-12T09:54:45.222+0000] {subprocess.py:106} INFO - 	at org.apache.hadoop.hdfs.server.namenode.FSDirectory.checkPermission(FSDirectory.java:1945)
[2026-04-12T09:54:45.223+0000] {subprocess.py:106} INFO - 	at org.apache.hadoop.hdfs.server.namenode.FSDirectory.checkAncestorAccess(FSDirectory.java:1904)
[2026-04-12T09:54:45.223+0000] {subprocess.py:106} INFO - 	at org.apache.hadoop.hdfs.server.namenode.FSDirMkdirOp.mkdirs(FSDirMkdirOp.java:60)
[2026-04-12T09:54:45.223+0000] {subprocess.py:106} INFO - 	at org.apache.hadoop.hdfs.server.namenode.FSNamesystem.mkdirs(FSNamesystem.java:3531)
[2026-04-12T09:54:45.224+0000] {subprocess.py:106} INFO - 	at org.apache.hadoop.hdfs.server.namenode.NameNodeRpcServer.mkdirs(NameNodeRpcServer.java:1173)
[2026-04-12T09:54:45.224+0000] {subprocess.py:106} INFO - 	at org.apache.hadoop.hdfs.protocolPB.ClientNamenodeProtocolServerSideTranslatorPB.mkdirs(ClientNamenodeProtocolServerSideTranslatorPB.java:750)
[2026-04-12T09:54:45.224+0000] {subprocess.py:106} INFO - 	at org.apache.hadoop.hdfs.protocol.proto.ClientNamenodeProtocolProtos$ClientNamenodeProtocol$2.callBlockingMethod(ClientNamenodeProtocolProtos.java)
[2026-04-12T09:54:45.225+0000] {subprocess.py:106} INFO - 	at org.apache.hadoop.ipc.ProtobufRpcEngine2$Server$ProtoBufRpcInvoker.call(ProtobufRpcEngine2.java:621)
[2026-04-12T09:54:45.225+0000] {subprocess.py:106} INFO - 	at org.apache.hadoop.ipc.ProtobufRpcEngine2$Server$ProtoBufRpcInvoker.call(ProtobufRpcEngine2.java:589)
[2026-04-12T09:54:45.226+0000] {subprocess.py:106} INFO - 	at org.apache.hadoop.ipc.ProtobufRpcEngine2$Server$ProtoBufRpcInvoker.call(ProtobufRpcEngine2.java:573)
[2026-04-12T09:54:45.227+0000] {subprocess.py:106} INFO - 	at org.apache.hadoop.ipc.RPC$Server.call(RPC.java:1227)
[2026-04-12T09:54:45.227+0000] {subprocess.py:106} INFO - 	at org.apache.hadoop.ipc.Server$RpcCall.run(Server.java:1246)
[2026-04-12T09:54:45.228+0000] {subprocess.py:106} INFO - 	at org.apache.hadoop.ipc.Server$RpcCall.run(Server.java:1169)
[2026-04-12T09:54:45.228+0000] {subprocess.py:106} INFO - 	at java.base/java.security.AccessController.doPrivileged(Native Method)
[2026-04-12T09:54:45.229+0000] {subprocess.py:106} INFO - 	at java.base/javax.security.auth.Subject.doAs(Subject.java:423)
[2026-04-12T09:54:45.229+0000] {subprocess.py:106} INFO - 	at org.apache.hadoop.security.UserGroupInformation.doAs(UserGroupInformation.java:1953)
[2026-04-12T09:54:45.229+0000] {subprocess.py:106} INFO - 	at org.apache.hadoop.ipc.Server$Handler.run(Server.java:3198)
[2026-04-12T09:54:45.230+0000] {subprocess.py:106} INFO - 
[2026-04-12T09:54:45.230+0000] {subprocess.py:106} INFO - 	at java.base/jdk.internal.reflect.NativeConstructorAccessorImpl.newInstance0(Native Method)
[2026-04-12T09:54:45.231+0000] {subprocess.py:106} INFO - 	at java.base/jdk.internal.reflect.NativeConstructorAccessorImpl.newInstance(NativeConstructorAccessorImpl.java:75)
[2026-04-12T09:54:45.231+0000] {subprocess.py:106} INFO - 	at java.base/jdk.internal.reflect.DelegatingConstructorAccessorImpl.newInstance(DelegatingConstructorAccessorImpl.java:53)
[2026-04-12T09:54:45.232+0000] {subprocess.py:106} INFO - 	at java.base/java.lang.reflect.Constructor.newInstanceWithCaller(Constructor.java:502)
[2026-04-12T09:54:45.232+0000] {subprocess.py:106} INFO - 	at java.base/java.lang.reflect.Constructor.newInstance(Constructor.java:486)
[2026-04-12T09:54:45.233+0000] {subprocess.py:106} INFO - 	at org.apache.hadoop.ipc.RemoteException.instantiateException(RemoteException.java:121)
[2026-04-12T09:54:45.233+0000] {subprocess.py:106} INFO - 	at org.apache.hadoop.ipc.RemoteException.unwrapRemoteException(RemoteException.java:88)
[2026-04-12T09:54:45.234+0000] {subprocess.py:106} INFO - 	at org.apache.hadoop.hdfs.DFSClient.primitiveMkdir(DFSClient.java:2557)
[2026-04-12T09:54:45.234+0000] {subprocess.py:106} INFO - 	at org.apache.hadoop.hdfs.DFSClient.mkdirs(DFSClient.java:2531)
[2026-04-12T09:54:45.235+0000] {subprocess.py:106} INFO - 	at org.apache.hadoop.hdfs.DistributedFileSystem$27.doCall(DistributedFileSystem.java:1497)
[2026-04-12T09:54:45.235+0000] {subprocess.py:106} INFO - 	at org.apache.hadoop.hdfs.DistributedFileSystem$27.doCall(DistributedFileSystem.java:1494)
[2026-04-12T09:54:45.236+0000] {subprocess.py:106} INFO - 	at org.apache.hadoop.fs.FileSystemLinkResolver.resolve(FileSystemLinkResolver.java:81)
[2026-04-12T09:54:45.236+0000] {subprocess.py:106} INFO - 	at org.apache.hadoop.hdfs.DistributedFileSystem.mkdirsInternal(DistributedFileSystem.java:1511)
[2026-04-12T09:54:45.237+0000] {subprocess.py:106} INFO - 	at org.apache.hadoop.hdfs.DistributedFileSystem.mkdirs(DistributedFileSystem.java:1486)
[2026-04-12T09:54:45.237+0000] {subprocess.py:106} INFO - 	at org.apache.hadoop.fs.FileSystem.mkdirs(FileSystem.java:2496)
[2026-04-12T09:54:45.238+0000] {subprocess.py:106} INFO - 	at org.apache.hadoop.mapreduce.lib.output.FileOutputCommitter.setupJob(FileOutputCommitter.java:356)
[2026-04-12T09:54:45.238+0000] {subprocess.py:106} INFO - 	at org.apache.spark.internal.io.HadoopMapReduceCommitProtocol.setupJob(HadoopMapReduceCommitProtocol.scala:190)
[2026-04-12T09:54:45.239+0000] {subprocess.py:106} INFO - 	at org.apache.spark.sql.execution.datasources.FileFormatWriter$.writeAndCommit(FileFormatWriter.scala:268)
[2026-04-12T09:54:45.239+0000] {subprocess.py:106} INFO - 	at org.apache.spark.sql.execution.datasources.FileFormatWriter$.executeWrite(FileFormatWriter.scala:306)
[2026-04-12T09:54:45.240+0000] {subprocess.py:106} INFO - 	at org.apache.spark.sql.execution.datasources.FileFormatWriter$.write(FileFormatWriter.scala:189)
[2026-04-12T09:54:45.240+0000] {subprocess.py:106} INFO - 	at org.apache.spark.sql.execution.datasources.InsertIntoHadoopFsRelationCommand.run(InsertIntoHadoopFsRelationCommand.scala:195)
[2026-04-12T09:54:45.241+0000] {subprocess.py:106} INFO - 	at org.apache.spark.sql.execution.command.DataWritingCommandExec.sideEffectResult$lzycompute(commands.scala:117)
[2026-04-12T09:54:45.241+0000] {subprocess.py:106} INFO - 	at org.apache.spark.sql.execution.command.DataWritingCommandExec.sideEffectResult(commands.scala:115)
[2026-04-12T09:54:45.242+0000] {subprocess.py:106} INFO - 	at org.apache.spark.sql.execution.command.DataWritingCommandExec.executeCollect(commands.scala:129)
[2026-04-12T09:54:45.242+0000] {subprocess.py:106} INFO - 	at org.apache.spark.sql.execution.QueryExecution.$anonfun$eagerlyExecuteCommands$2(QueryExecution.scala:155)
[2026-04-12T09:54:45.243+0000] {subprocess.py:106} INFO - 	at org.apache.spark.sql.execution.SQLExecution$.$anonfun$withNewExecutionId0$8(SQLExecution.scala:163)
[2026-04-12T09:54:45.243+0000] {subprocess.py:106} INFO - 	at org.apache.spark.sql.execution.SQLExecution$.withSessionTagsApplied(SQLExecution.scala:272)
[2026-04-12T09:54:45.244+0000] {subprocess.py:106} INFO - 	at org.apache.spark.sql.execution.SQLExecution$.$anonfun$withNewExecutionId0$7(SQLExecution.scala:125)
[2026-04-12T09:54:45.244+0000] {subprocess.py:106} INFO - 	at org.apache.spark.JobArtifactSet$.withActiveJobArtifactState(JobArtifactSet.scala:94)
[2026-04-12T09:54:45.245+0000] {subprocess.py:106} INFO - 	at org.apache.spark.sql.artifact.ArtifactManager.$anonfun$withResources$1(ArtifactManager.scala:112)
[2026-04-12T09:54:45.245+0000] {subprocess.py:106} INFO - 	at org.apache.spark.sql.artifact.ArtifactManager.withClassLoaderIfNeeded(ArtifactManager.scala:106)
[2026-04-12T09:54:45.246+0000] {subprocess.py:106} INFO - 	at org.apache.spark.sql.artifact.ArtifactManager.withResources(ArtifactManager.scala:111)
[2026-04-12T09:54:45.246+0000] {subprocess.py:106} INFO - 	at org.apache.spark.sql.execution.SQLExecution$.$anonfun$withNewExecutionId0$6(SQLExecution.scala:125)
[2026-04-12T09:54:45.247+0000] {subprocess.py:106} INFO - 	at org.apache.spark.sql.execution.SQLExecution$.withSQLConfPropagated(SQLExecution.scala:295)
[2026-04-12T09:54:45.248+0000] {subprocess.py:106} INFO - 	at org.apache.spark.sql.execution.SQLExecution$.$anonfun$withNewExecutionId0$1(SQLExecution.scala:124)
[2026-04-12T09:54:45.248+0000] {subprocess.py:106} INFO - 	at org.apache.spark.sql.SparkSession.withActive(SparkSession.scala:804)
[2026-04-12T09:54:45.249+0000] {subprocess.py:106} INFO - 	at org.apache.spark.sql.execution.SQLExecution$.withNewExecutionId0(SQLExecution.scala:78)
[2026-04-12T09:54:45.249+0000] {subprocess.py:106} INFO - 	at org.apache.spark.sql.execution.SQLExecution$.withNewExecutionId(SQLExecution.scala:237)
[2026-04-12T09:54:45.250+0000] {subprocess.py:106} INFO - 	at org.apache.spark.sql.execution.QueryExecution.$anonfun$eagerlyExecuteCommands$1(QueryExecution.scala:155)
[2026-04-12T09:54:45.250+0000] {subprocess.py:106} INFO - 	at org.apache.spark.sql.execution.QueryExecution$.withInternalError(QueryExecution.scala:654)
[2026-04-12T09:54:45.250+0000] {subprocess.py:106} INFO - 	at org.apache.spark.sql.execution.QueryExecution.org$apache$spark$sql$execution$QueryExecution$$eagerlyExecute$1(QueryExecution.scala:154)
[2026-04-12T09:54:45.251+0000] {subprocess.py:106} INFO - 	at org.apache.spark.sql.execution.QueryExecution$$anonfun$eagerlyExecuteCommands$3.applyOrElse(QueryExecution.scala:169)
[2026-04-12T09:54:45.251+0000] {subprocess.py:106} INFO - 	at org.apache.spark.sql.execution.QueryExecution$$anonfun$eagerlyExecuteCommands$3.applyOrElse(QueryExecution.scala:164)
[2026-04-12T09:54:45.252+0000] {subprocess.py:106} INFO - 	at org.apache.spark.sql.catalyst.trees.TreeNode.$anonfun$transformDownWithPruning$1(TreeNode.scala:470)
[2026-04-12T09:54:45.252+0000] {subprocess.py:106} INFO - 	at org.apache.spark.sql.catalyst.trees.CurrentOrigin$.withOrigin(origin.scala:86)
[2026-04-12T09:54:45.253+0000] {subprocess.py:106} INFO - 	at org.apache.spark.sql.catalyst.trees.TreeNode.transformDownWithPruning(TreeNode.scala:470)
[2026-04-12T09:54:45.254+0000] {subprocess.py:106} INFO - 	at org.apache.spark.sql.catalyst.plans.logical.LogicalPlan.org$apache$spark$sql$catalyst$plans$logical$AnalysisHelper$$super$transformDownWithPruning(LogicalPlan.scala:37)
[2026-04-12T09:54:45.255+0000] {subprocess.py:106} INFO - 	at org.apache.spark.sql.catalyst.plans.logical.AnalysisHelper.transformDownWithPruning(AnalysisHelper.scala:360)
[2026-04-12T09:54:45.255+0000] {subprocess.py:106} INFO - 	at org.apache.spark.sql.catalyst.plans.logical.AnalysisHelper.transformDownWithPruning$(AnalysisHelper.scala:356)
[2026-04-12T09:54:45.255+0000] {subprocess.py:106} INFO - 	at org.apache.spark.sql.catalyst.plans.logical.LogicalPlan.transformDownWithPruning(LogicalPlan.scala:37)
[2026-04-12T09:54:45.256+0000] {subprocess.py:106} INFO - 	at org.apache.spark.sql.catalyst.plans.logical.LogicalPlan.transformDownWithPruning(LogicalPlan.scala:37)
[2026-04-12T09:54:45.256+0000] {subprocess.py:106} INFO - 	at org.apache.spark.sql.catalyst.trees.TreeNode.transformDown(TreeNode.scala:446)
[2026-04-12T09:54:45.257+0000] {subprocess.py:106} INFO - 	at org.apache.spark.sql.execution.QueryExecution.eagerlyExecuteCommands(QueryExecution.scala:164)
[2026-04-12T09:54:45.258+0000] {subprocess.py:106} INFO - 	at org.apache.spark.sql.execution.QueryExecution.$anonfun$lazyCommandExecuted$1(QueryExecution.scala:126)
[2026-04-12T09:54:45.259+0000] {subprocess.py:106} INFO - 	at scala.util.Try$.apply(Try.scala:217)
[2026-04-12T09:54:45.259+0000] {subprocess.py:106} INFO - 	at org.apache.spark.util.Utils$.doTryWithCallerStacktrace(Utils.scala:1378)
[2026-04-12T09:54:45.260+0000] {subprocess.py:106} INFO - 	at org.apache.spark.util.Utils$.getTryWithCallerStacktrace(Utils.scala:1439)
[2026-04-12T09:54:45.261+0000] {subprocess.py:106} INFO - 	at org.apache.spark.util.LazyTry.get(LazyTry.scala:58)
[2026-04-12T09:54:45.261+0000] {subprocess.py:106} INFO - 	at org.apache.spark.sql.execution.QueryExecution.commandExecuted(QueryExecution.scala:131)
[2026-04-12T09:54:45.262+0000] {subprocess.py:106} INFO - 	at org.apache.spark.sql.execution.QueryExecution.assertCommandExecuted(QueryExecution.scala:192)
[2026-04-12T09:54:45.263+0000] {subprocess.py:106} INFO - 	at org.apache.spark.sql.classic.DataFrameWriter.runCommand(DataFrameWriter.scala:622)
[2026-04-12T09:54:45.264+0000] {subprocess.py:106} INFO - 	at org.apache.spark.sql.classic.DataFrameWriter.saveToV1Source(DataFrameWriter.scala:273)
[2026-04-12T09:54:45.264+0000] {subprocess.py:106} INFO - 	at org.apache.spark.sql.classic.DataFrameWriter.saveInternal(DataFrameWriter.scala:241)
[2026-04-12T09:54:45.265+0000] {subprocess.py:106} INFO - 	at org.apache.spark.sql.classic.DataFrameWriter.save(DataFrameWriter.scala:118)
[2026-04-12T09:54:45.266+0000] {subprocess.py:106} INFO - 	at java.base/jdk.internal.reflect.NativeMethodAccessorImpl.invoke0(Native Method)
[2026-04-12T09:54:45.266+0000] {subprocess.py:106} INFO - 	at java.base/jdk.internal.reflect.NativeMethodAccessorImpl.invoke(NativeMethodAccessorImpl.java:75)
[2026-04-12T09:54:45.267+0000] {subprocess.py:106} INFO - 	at java.base/jdk.internal.reflect.DelegatingMethodAccessorImpl.invoke(DelegatingMethodAccessorImpl.java:52)
[2026-04-12T09:54:45.267+0000] {subprocess.py:106} INFO - 	at java.base/java.lang.reflect.Method.invoke(Method.java:580)
[2026-04-12T09:54:45.268+0000] {subprocess.py:106} INFO - 	at py4j.reflection.MethodInvoker.invoke(MethodInvoker.java:244)
[2026-04-12T09:54:45.268+0000] {subprocess.py:106} INFO - 	at py4j.reflection.ReflectionEngine.invoke(ReflectionEngine.java:374)
[2026-04-12T09:54:45.269+0000] {subprocess.py:106} INFO - 	at py4j.Gateway.invoke(Gateway.java:282)
[2026-04-12T09:54:45.270+0000] {subprocess.py:106} INFO - 	at py4j.commands.AbstractCommand.invokeMethod(AbstractCommand.java:132)
[2026-04-12T09:54:45.270+0000] {subprocess.py:106} INFO - 	at py4j.commands.CallCommand.execute(CallCommand.java:79)
[2026-04-12T09:54:45.271+0000] {subprocess.py:106} INFO - 	at py4j.ClientServerConnection.sendCommand(ClientServerConnection.java:246)
[2026-04-12T09:54:45.271+0000] {subprocess.py:106} INFO - 	at py4j.CallbackClient.sendCommand(CallbackClient.java:384)
[2026-04-12T09:54:45.272+0000] {subprocess.py:106} INFO - 	at py4j.CallbackClient.sendCommand(CallbackClient.java:356)
[2026-04-12T09:54:45.273+0000] {subprocess.py:106} INFO - 	at py4j.reflection.PythonProxyHandler.invoke(PythonProxyHandler.java:106)
[2026-04-12T09:54:45.280+0000] {subprocess.py:106} INFO - 	at jdk.proxy3/jdk.proxy3.$Proxy49.call(Unknown Source)
[2026-04-12T09:54:45.282+0000] {subprocess.py:106} INFO - 	at org.apache.spark.sql.execution.streaming.sources.PythonForeachBatchHelper$.$anonfun$callForeachBatch$1(ForeachBatchSink.scala:87)
[2026-04-12T09:54:45.283+0000] {subprocess.py:106} INFO - 	at org.apache.spark.sql.execution.streaming.sources.PythonForeachBatchHelper$.$anonfun$callForeachBatch$1$adapted(ForeachBatchSink.scala:87)
[2026-04-12T09:54:45.284+0000] {subprocess.py:106} INFO - 	at org.apache.spark.sql.execution.streaming.sources.ForeachBatchSink.callBatchWriter(ForeachBatchSink.scala:56)
[2026-04-12T09:54:45.284+0000] {subprocess.py:106} INFO - 	at org.apache.spark.sql.execution.streaming.sources.ForeachBatchSink.addBatch(ForeachBatchSink.scala:49)
[2026-04-12T09:54:45.285+0000] {subprocess.py:106} INFO - 	at org.apache.spark.sql.execution.streaming.MicroBatchExecution.$anonfun$runBatch$17(MicroBatchExecution.scala:889)
[2026-04-12T09:54:45.286+0000] {subprocess.py:106} INFO - 	at org.apache.spark.sql.execution.SQLExecution$.$anonfun$withNewExecutionId0$8(SQLExecution.scala:163)
[2026-04-12T09:54:45.286+0000] {subprocess.py:106} INFO - 	at org.apache.spark.sql.execution.SQLExecution$.withSessionTagsApplied(SQLExecution.scala:272)
[2026-04-12T09:54:45.287+0000] {subprocess.py:106} INFO - 	at org.apache.spark.sql.execution.SQLExecution$.$anonfun$withNewExecutionId0$7(SQLExecution.scala:125)
[2026-04-12T09:54:45.287+0000] {subprocess.py:106} INFO - 	at org.apache.spark.JobArtifactSet$.withActiveJobArtifactState(JobArtifactSet.scala:94)
[2026-04-12T09:54:45.288+0000] {subprocess.py:106} INFO - 	at org.apache.spark.sql.artifact.ArtifactManager.$anonfun$withResources$1(ArtifactManager.scala:112)
[2026-04-12T09:54:45.289+0000] {subprocess.py:106} INFO - 	at org.apache.spark.sql.artifact.ArtifactManager.withClassLoaderIfNeeded(ArtifactManager.scala:106)
[2026-04-12T09:54:45.289+0000] {subprocess.py:106} INFO - 	at org.apache.spark.sql.artifact.ArtifactManager.withResources(ArtifactManager.scala:111)
[2026-04-12T09:54:45.290+0000] {subprocess.py:106} INFO - 	at org.apache.spark.sql.execution.SQLExecution$.$anonfun$withNewExecutionId0$6(SQLExecution.scala:125)
[2026-04-12T09:54:45.290+0000] {subprocess.py:106} INFO - 	at org.apache.spark.sql.execution.SQLExecution$.withSQLConfPropagated(SQLExecution.scala:295)
[2026-04-12T09:54:45.291+0000] {subprocess.py:106} INFO - 	at org.apache.spark.sql.execution.SQLExecution$.$anonfun$withNewExecutionId0$1(SQLExecution.scala:124)
[2026-04-12T09:54:45.292+0000] {subprocess.py:106} INFO - 	at org.apache.spark.sql.SparkSession.withActive(SparkSession.scala:804)
[2026-04-12T09:54:45.292+0000] {subprocess.py:106} INFO - 	at org.apache.spark.sql.execution.SQLExecution$.withNewExecutionId0(SQLExecution.scala:78)
[2026-04-12T09:54:45.293+0000] {subprocess.py:106} INFO - 	at org.apache.spark.sql.execution.SQLExecution$.withNewExecutionId(SQLExecution.scala:237)
[2026-04-12T09:54:45.293+0000] {subprocess.py:106} INFO - 	at org.apache.spark.sql.execution.streaming.MicroBatchExecution.$anonfun$runBatch$16(MicroBatchExecution.scala:886)
[2026-04-12T09:54:45.294+0000] {subprocess.py:106} INFO - 	at org.apache.spark.sql.execution.streaming.ProgressContext.reportTimeTaken(ProgressReporter.scala:186)
[2026-04-12T09:54:45.294+0000] {subprocess.py:106} INFO - 	at org.apache.spark.sql.execution.streaming.MicroBatchExecution.runBatch(MicroBatchExecution.scala:886)
[2026-04-12T09:54:45.295+0000] {subprocess.py:106} INFO - 	at org.apache.spark.sql.execution.streaming.MicroBatchExecution.$anonfun$executeOneBatch$2(MicroBatchExecution.scala:394)
[2026-04-12T09:54:45.295+0000] {subprocess.py:106} INFO - 	at scala.runtime.java8.JFunction0$mcV$sp.apply(JFunction0$mcV$sp.scala:18)
[2026-04-12T09:54:45.296+0000] {subprocess.py:106} INFO - 	at org.apache.spark.sql.execution.streaming.ProgressContext.reportTimeTaken(ProgressReporter.scala:186)
[2026-04-12T09:54:45.296+0000] {subprocess.py:106} INFO - 	at org.apache.spark.sql.execution.streaming.MicroBatchExecution.executeOneBatch(MicroBatchExecution.scala:364)
[2026-04-12T09:54:45.297+0000] {subprocess.py:106} INFO - 	at org.apache.spark.sql.execution.streaming.MicroBatchExecution.$anonfun$runActivatedStream$1(MicroBatchExecution.scala:344)
[2026-04-12T09:54:45.297+0000] {subprocess.py:106} INFO - 	at org.apache.spark.sql.execution.streaming.MicroBatchExecution.$anonfun$runActivatedStream$1$adapted(MicroBatchExecution.scala:344)
[2026-04-12T09:54:45.298+0000] {subprocess.py:106} INFO - 	at org.apache.spark.sql.execution.streaming.TriggerExecutor.runOneBatch(TriggerExecutor.scala:39)
[2026-04-12T09:54:45.298+0000] {subprocess.py:106} INFO - 	at org.apache.spark.sql.execution.streaming.TriggerExecutor.runOneBatch$(TriggerExecutor.scala:37)
[2026-04-12T09:54:45.299+0000] {subprocess.py:106} INFO - 	at org.apache.spark.sql.execution.streaming.ProcessingTimeExecutor.runOneBatch(TriggerExecutor.scala:70)
[2026-04-12T09:54:45.299+0000] {subprocess.py:106} INFO - 	at org.apache.spark.sql.execution.streaming.ProcessingTimeExecutor.execute(TriggerExecutor.scala:82)
[2026-04-12T09:54:45.300+0000] {subprocess.py:106} INFO - 	at org.apache.spark.sql.execution.streaming.MicroBatchExecution.runActivatedStream(MicroBatchExecution.scala:344)
[2026-04-12T09:54:45.300+0000] {subprocess.py:106} INFO - 	at org.apache.spark.sql.execution.streaming.StreamExecution.$anonfun$runStream$1(StreamExecution.scala:337)
[2026-04-12T09:54:45.301+0000] {subprocess.py:106} INFO - 	at scala.runtime.java8.JFunction0$mcV$sp.apply(JFunction0$mcV$sp.scala:18)
[2026-04-12T09:54:45.301+0000] {subprocess.py:106} INFO - 	at org.apache.spark.sql.SparkSession.withActive(SparkSession.scala:804)
[2026-04-12T09:54:45.302+0000] {subprocess.py:106} INFO - 	at org.apache.spark.sql.execution.streaming.StreamExecution.org$apache$spark$sql$execution$streaming$StreamExecution$$runStream(StreamExecution.scala:311)
[2026-04-12T09:54:45.302+0000] {subprocess.py:106} INFO - 	at org.apache.spark.sql.execution.streaming.StreamExecution$$anon$1.run(StreamExecution.scala:226)
[2026-04-12T09:54:45.303+0000] {subprocess.py:106} INFO - 	Suppressed: org.apache.spark.util.Utils$OriginalTryStackTraceException: Full stacktrace of original doTryWithCallerStacktrace caller
[2026-04-12T09:54:45.304+0000] {subprocess.py:106} INFO - 		at java.base/jdk.internal.reflect.NativeConstructorAccessorImpl.newInstance0(Native Method)
[2026-04-12T09:54:45.304+0000] {subprocess.py:106} INFO - 		at java.base/jdk.internal.reflect.NativeConstructorAccessorImpl.newInstance(NativeConstructorAccessorImpl.java:75)
[2026-04-12T09:54:45.305+0000] {subprocess.py:106} INFO - 		at java.base/jdk.internal.reflect.DelegatingConstructorAccessorImpl.newInstance(DelegatingConstructorAccessorImpl.java:53)
[2026-04-12T09:54:45.305+0000] {subprocess.py:106} INFO - 		at java.base/java.lang.reflect.Constructor.newInstanceWithCaller(Constructor.java:502)
[2026-04-12T09:54:45.307+0000] {subprocess.py:106} INFO - 		at java.base/java.lang.reflect.Constructor.newInstance(Constructor.java:486)
[2026-04-12T09:54:45.308+0000] {subprocess.py:106} INFO - 		at org.apache.hadoop.ipc.RemoteException.instantiateException(RemoteException.java:121)
[2026-04-12T09:54:45.308+0000] {subprocess.py:106} INFO - 		at org.apache.hadoop.ipc.RemoteException.unwrapRemoteException(RemoteException.java:88)
[2026-04-12T09:54:45.309+0000] {subprocess.py:106} INFO - 		at org.apache.hadoop.hdfs.DFSClient.primitiveMkdir(DFSClient.java:2557)
[2026-04-12T09:54:45.309+0000] {subprocess.py:106} INFO - 		at org.apache.hadoop.hdfs.DFSClient.mkdirs(DFSClient.java:2531)
[2026-04-12T09:54:45.310+0000] {subprocess.py:106} INFO - 		at org.apache.hadoop.hdfs.DistributedFileSystem$27.doCall(DistributedFileSystem.java:1497)
[2026-04-12T09:54:45.310+0000] {subprocess.py:106} INFO - 		at org.apache.hadoop.hdfs.DistributedFileSystem$27.doCall(DistributedFileSystem.java:1494)
[2026-04-12T09:54:45.311+0000] {subprocess.py:106} INFO - 		at org.apache.hadoop.fs.FileSystemLinkResolver.resolve(FileSystemLinkResolver.java:81)
[2026-04-12T09:54:45.311+0000] {subprocess.py:106} INFO - 		at org.apache.hadoop.hdfs.DistributedFileSystem.mkdirsInternal(DistributedFileSystem.java:1511)
[2026-04-12T09:54:45.312+0000] {subprocess.py:106} INFO - 		at org.apache.hadoop.hdfs.DistributedFileSystem.mkdirs(DistributedFileSystem.java:1486)
[2026-04-12T09:54:45.312+0000] {subprocess.py:106} INFO - 		at org.apache.hadoop.fs.FileSystem.mkdirs(FileSystem.java:2496)
[2026-04-12T09:54:45.313+0000] {subprocess.py:106} INFO - 		at org.apache.hadoop.mapreduce.lib.output.FileOutputCommitter.setupJob(FileOutputCommitter.java:356)
[2026-04-12T09:54:45.313+0000] {subprocess.py:106} INFO - 		at org.apache.spark.internal.io.HadoopMapReduceCommitProtocol.setupJob(HadoopMapReduceCommitProtocol.scala:190)
[2026-04-12T09:54:45.314+0000] {subprocess.py:106} INFO - 		at org.apache.spark.sql.execution.datasources.FileFormatWriter$.writeAndCommit(FileFormatWriter.scala:268)
[2026-04-12T09:54:45.314+0000] {subprocess.py:106} INFO - 		at org.apache.spark.sql.execution.datasources.FileFormatWriter$.executeWrite(FileFormatWriter.scala:306)
[2026-04-12T09:54:45.315+0000] {subprocess.py:106} INFO - 		at org.apache.spark.sql.execution.datasources.FileFormatWriter$.write(FileFormatWriter.scala:189)
[2026-04-12T09:54:45.315+0000] {subprocess.py:106} INFO - 		at org.apache.spark.sql.execution.datasources.InsertIntoHadoopFsRelationCommand.run(InsertIntoHadoopFsRelationCommand.scala:195)
[2026-04-12T09:54:45.316+0000] {subprocess.py:106} INFO - 		at org.apache.spark.sql.execution.command.DataWritingCommandExec.sideEffectResult$lzycompute(commands.scala:117)
[2026-04-12T09:54:45.316+0000] {subprocess.py:106} INFO - 		at org.apache.spark.sql.execution.command.DataWritingCommandExec.sideEffectResult(commands.scala:115)
[2026-04-12T09:54:45.317+0000] {subprocess.py:106} INFO - 		at org.apache.spark.sql.execution.command.DataWritingCommandExec.executeCollect(commands.scala:129)
[2026-04-12T09:54:45.317+0000] {subprocess.py:106} INFO - 		at org.apache.spark.sql.execution.QueryExecution.$anonfun$eagerlyExecuteCommands$2(QueryExecution.scala:155)
[2026-04-12T09:54:45.322+0000] {subprocess.py:106} INFO - 		at org.apache.spark.sql.execution.SQLExecution$.$anonfun$withNewExecutionId0$8(SQLExecution.scala:163)
[2026-04-12T09:54:45.323+0000] {subprocess.py:106} INFO - 		at org.apache.spark.sql.execution.SQLExecution$.withSessionTagsApplied(SQLExecution.scala:272)
[2026-04-12T09:54:45.323+0000] {subprocess.py:106} INFO - 		at org.apache.spark.sql.execution.SQLExecution$.$anonfun$withNewExecutionId0$7(SQLExecution.scala:125)
[2026-04-12T09:54:45.324+0000] {subprocess.py:106} INFO - 		at org.apache.spark.JobArtifactSet$.withActiveJobArtifactState(JobArtifactSet.scala:94)
[2026-04-12T09:54:45.325+0000] {subprocess.py:106} INFO - 		at org.apache.spark.sql.artifact.ArtifactManager.$anonfun$withResources$1(ArtifactManager.scala:112)
[2026-04-12T09:54:45.325+0000] {subprocess.py:106} INFO - 		at org.apache.spark.sql.artifact.ArtifactManager.withClassLoaderIfNeeded(ArtifactManager.scala:106)
[2026-04-12T09:54:45.326+0000] {subprocess.py:106} INFO - 		at org.apache.spark.sql.artifact.ArtifactManager.withResources(ArtifactManager.scala:111)
[2026-04-12T09:54:45.326+0000] {subprocess.py:106} INFO - 		at org.apache.spark.sql.execution.SQLExecution$.$anonfun$withNewExecutionId0$6(SQLExecution.scala:125)
[2026-04-12T09:54:45.327+0000] {subprocess.py:106} INFO - 		at org.apache.spark.sql.execution.SQLExecution$.withSQLConfPropagated(SQLExecution.scala:295)
[2026-04-12T09:54:45.328+0000] {subprocess.py:106} INFO - 		at org.apache.spark.sql.execution.SQLExecution$.$anonfun$withNewExecutionId0$1(SQLExecution.scala:124)
[2026-04-12T09:54:45.328+0000] {subprocess.py:106} INFO - 		at org.apache.spark.sql.SparkSession.withActive(SparkSession.scala:804)
[2026-04-12T09:54:45.329+0000] {subprocess.py:106} INFO - 		at org.apache.spark.sql.execution.SQLExecution$.withNewExecutionId0(SQLExecution.scala:78)
[2026-04-12T09:54:45.329+0000] {subprocess.py:106} INFO - 		at org.apache.spark.sql.execution.SQLExecution$.withNewExecutionId(SQLExecution.scala:237)
[2026-04-12T09:54:45.330+0000] {subprocess.py:106} INFO - 		at org.apache.spark.sql.execution.QueryExecution.$anonfun$eagerlyExecuteCommands$1(QueryExecution.scala:155)
[2026-04-12T09:54:45.331+0000] {subprocess.py:106} INFO - 		at org.apache.spark.sql.execution.QueryExecution$.withInternalError(QueryExecution.scala:654)
[2026-04-12T09:54:45.331+0000] {subprocess.py:106} INFO - 		at org.apache.spark.sql.execution.QueryExecution.org$apache$spark$sql$execution$QueryExecution$$eagerlyExecute$1(QueryExecution.scala:154)
[2026-04-12T09:54:45.332+0000] {subprocess.py:106} INFO - 		at org.apache.spark.sql.execution.QueryExecution$$anonfun$eagerlyExecuteCommands$3.applyOrElse(QueryExecution.scala:169)
[2026-04-12T09:54:45.332+0000] {subprocess.py:106} INFO - 		at org.apache.spark.sql.execution.QueryExecution$$anonfun$eagerlyExecuteCommands$3.applyOrElse(QueryExecution.scala:164)
[2026-04-12T09:54:45.333+0000] {subprocess.py:106} INFO - 		at org.apache.spark.sql.catalyst.trees.TreeNode.$anonfun$transformDownWithPruning$1(TreeNode.scala:470)
[2026-04-12T09:54:45.333+0000] {subprocess.py:106} INFO - 		at org.apache.spark.sql.catalyst.trees.CurrentOrigin$.withOrigin(origin.scala:86)
[2026-04-12T09:54:45.334+0000] {subprocess.py:106} INFO - 		at org.apache.spark.sql.catalyst.trees.TreeNode.transformDownWithPruning(TreeNode.scala:470)
[2026-04-12T09:54:45.334+0000] {subprocess.py:106} INFO - 		at org.apache.spark.sql.catalyst.plans.logical.LogicalPlan.org$apache$spark$sql$catalyst$plans$logical$AnalysisHelper$$super$transformDownWithPruning(LogicalPlan.scala:37)
[2026-04-12T09:54:45.335+0000] {subprocess.py:106} INFO - 		at org.apache.spark.sql.catalyst.plans.logical.AnalysisHelper.transformDownWithPruning(AnalysisHelper.scala:360)
[2026-04-12T09:54:45.336+0000] {subprocess.py:106} INFO - 		at org.apache.spark.sql.catalyst.plans.logical.AnalysisHelper.transformDownWithPruning$(AnalysisHelper.scala:356)
[2026-04-12T09:54:45.336+0000] {subprocess.py:106} INFO - 		at org.apache.spark.sql.catalyst.plans.logical.LogicalPlan.transformDownWithPruning(LogicalPlan.scala:37)
[2026-04-12T09:54:45.337+0000] {subprocess.py:106} INFO - 		at org.apache.spark.sql.catalyst.plans.logical.LogicalPlan.transformDownWithPruning(LogicalPlan.scala:37)
[2026-04-12T09:54:45.337+0000] {subprocess.py:106} INFO - 		at org.apache.spark.sql.catalyst.trees.TreeNode.transformDown(TreeNode.scala:446)
[2026-04-12T09:54:45.338+0000] {subprocess.py:106} INFO - 		at org.apache.spark.sql.execution.QueryExecution.eagerlyExecuteCommands(QueryExecution.scala:164)
[2026-04-12T09:54:45.339+0000] {subprocess.py:106} INFO - 		at org.apache.spark.sql.execution.QueryExecution.$anonfun$lazyCommandExecuted$1(QueryExecution.scala:126)
[2026-04-12T09:54:45.339+0000] {subprocess.py:106} INFO - 		at scala.util.Try$.apply(Try.scala:217)
[2026-04-12T09:54:45.340+0000] {subprocess.py:106} INFO - 		at org.apache.spark.util.Utils$.doTryWithCallerStacktrace(Utils.scala:1378)
[2026-04-12T09:54:45.340+0000] {subprocess.py:106} INFO - 		at org.apache.spark.util.LazyTry.tryT$lzycompute(LazyTry.scala:46)
[2026-04-12T09:54:45.341+0000] {subprocess.py:106} INFO - 		at org.apache.spark.util.LazyTry.tryT(LazyTry.scala:46)
[2026-04-12T09:54:45.342+0000] {subprocess.py:106} INFO - 		... 58 more
[2026-04-12T09:54:45.342+0000] {subprocess.py:106} INFO - Caused by: org.apache.hadoop.ipc.RemoteException(org.apache.hadoop.security.AccessControlException): Permission denied: user=spark, access=WRITE, inode="/user/hive/lakehouse/bronze":hadoop23133083thuyvan:supergroup:drwxr-xr-x
[2026-04-12T09:54:45.343+0000] {subprocess.py:106} INFO - 	at org.apache.hadoop.hdfs.server.namenode.FSPermissionChecker.check(FSPermissionChecker.java:661)
[2026-04-12T09:54:45.343+0000] {subprocess.py:106} INFO - 	at org.apache.hadoop.hdfs.server.namenode.FSPermissionChecker.checkPermission(FSPermissionChecker.java:501)
[2026-04-12T09:54:45.344+0000] {subprocess.py:106} INFO - 	at org.apache.hadoop.hdfs.server.namenode.FSPermissionChecker.checkPermissionWithContext(FSPermissionChecker.java:525)
[2026-04-12T09:54:45.344+0000] {subprocess.py:106} INFO - 	at org.apache.hadoop.hdfs.server.namenode.FSPermissionChecker.checkPermission(FSPermissionChecker.java:395)
[2026-04-12T09:54:45.345+0000] {subprocess.py:106} INFO - 	at org.apache.hadoop.hdfs.server.namenode.FSDirectory.checkPermission(FSDirectory.java:1964)
[2026-04-12T09:54:45.345+0000] {subprocess.py:106} INFO - 	at org.apache.hadoop.hdfs.server.namenode.FSDirectory.checkPermission(FSDirectory.java:1945)
[2026-04-12T09:54:45.346+0000] {subprocess.py:106} INFO - 	at org.apache.hadoop.hdfs.server.namenode.FSDirectory.checkAncestorAccess(FSDirectory.java:1904)
[2026-04-12T09:54:45.346+0000] {subprocess.py:106} INFO - 	at org.apache.hadoop.hdfs.server.namenode.FSDirMkdirOp.mkdirs(FSDirMkdirOp.java:60)
[2026-04-12T09:54:45.347+0000] {subprocess.py:106} INFO - 	at org.apache.hadoop.hdfs.server.namenode.FSNamesystem.mkdirs(FSNamesystem.java:3531)
[2026-04-12T09:54:45.347+0000] {subprocess.py:106} INFO - 	at org.apache.hadoop.hdfs.server.namenode.NameNodeRpcServer.mkdirs(NameNodeRpcServer.java:1173)
[2026-04-12T09:54:45.348+0000] {subprocess.py:106} INFO - 	at org.apache.hadoop.hdfs.protocolPB.ClientNamenodeProtocolServerSideTranslatorPB.mkdirs(ClientNamenodeProtocolServerSideTranslatorPB.java:750)
[2026-04-12T09:54:45.348+0000] {subprocess.py:106} INFO - 	at org.apache.hadoop.hdfs.protocol.proto.ClientNamenodeProtocolProtos$ClientNamenodeProtocol$2.callBlockingMethod(ClientNamenodeProtocolProtos.java)
[2026-04-12T09:54:45.350+0000] {subprocess.py:106} INFO - 	at org.apache.hadoop.ipc.ProtobufRpcEngine2$Server$ProtoBufRpcInvoker.call(ProtobufRpcEngine2.java:621)
[2026-04-12T09:54:45.350+0000] {subprocess.py:106} INFO - 	at org.apache.hadoop.ipc.ProtobufRpcEngine2$Server$ProtoBufRpcInvoker.call(ProtobufRpcEngine2.java:589)
[2026-04-12T09:54:45.351+0000] {subprocess.py:106} INFO - 	at org.apache.hadoop.ipc.ProtobufRpcEngine2$Server$ProtoBufRpcInvoker.call(ProtobufRpcEngine2.java:573)
[2026-04-12T09:54:45.351+0000] {subprocess.py:106} INFO - 	at org.apache.hadoop.ipc.RPC$Server.call(RPC.java:1227)
[2026-04-12T09:54:45.352+0000] {subprocess.py:106} INFO - 	at org.apache.hadoop.ipc.Server$RpcCall.run(Server.java:1246)
[2026-04-12T09:54:45.352+0000] {subprocess.py:106} INFO - 	at org.apache.hadoop.ipc.Server$RpcCall.run(Server.java:1169)
[2026-04-12T09:54:45.352+0000] {subprocess.py:106} INFO - 	at java.base/java.security.AccessController.doPrivileged(Native Method)
[2026-04-12T09:54:45.353+0000] {subprocess.py:106} INFO - 	at java.base/javax.security.auth.Subject.doAs(Subject.java:423)
[2026-04-12T09:54:45.353+0000] {subprocess.py:106} INFO - 	at org.apache.hadoop.security.UserGroupInformation.doAs(UserGroupInformation.java:1953)
[2026-04-12T09:54:45.354+0000] {subprocess.py:106} INFO - 	at org.apache.hadoop.ipc.Server$Handler.run(Server.java:3198)
[2026-04-12T09:54:45.354+0000] {subprocess.py:106} INFO - 
[2026-04-12T09:54:45.354+0000] {subprocess.py:106} INFO - 	at org.apache.hadoop.ipc.Client.getRpcResponse(Client.java:1584)
[2026-04-12T09:54:45.355+0000] {subprocess.py:106} INFO - 	at org.apache.hadoop.ipc.Client.call(Client.java:1529)
[2026-04-12T09:54:45.355+0000] {subprocess.py:106} INFO - 	at org.apache.hadoop.ipc.Client.call(Client.java:1426)
[2026-04-12T09:54:45.356+0000] {subprocess.py:106} INFO - 	at org.apache.hadoop.ipc.ProtobufRpcEngine2$Invoker.invoke(ProtobufRpcEngine2.java:258)
[2026-04-12T09:54:45.356+0000] {subprocess.py:106} INFO - 	at org.apache.hadoop.ipc.ProtobufRpcEngine2$Invoker.invoke(ProtobufRpcEngine2.java:139)
[2026-04-12T09:54:45.357+0000] {subprocess.py:106} INFO - 	at jdk.proxy2/jdk.proxy2.$Proxy46.mkdirs(Unknown Source)
[2026-04-12T09:54:45.357+0000] {subprocess.py:106} INFO - 	at org.apache.hadoop.hdfs.protocolPB.ClientNamenodeProtocolTranslatorPB.lambda$mkdirs$20(ClientNamenodeProtocolTranslatorPB.java:611)
[2026-04-12T09:54:45.358+0000] {subprocess.py:106} INFO - 	at org.apache.hadoop.ipc.internal.ShadedProtobufHelper.ipc(ShadedProtobufHelper.java:160)
[2026-04-12T09:54:45.358+0000] {subprocess.py:106} INFO - 	at org.apache.hadoop.hdfs.protocolPB.ClientNamenodeProtocolTranslatorPB.mkdirs(ClientNamenodeProtocolTranslatorPB.java:611)
[2026-04-12T09:54:45.359+0000] {subprocess.py:106} INFO - 	at java.base/jdk.internal.reflect.NativeMethodAccessorImpl.invoke0(Native Method)
[2026-04-12T09:54:45.359+0000] {subprocess.py:106} INFO - 	at java.base/jdk.internal.reflect.NativeMethodAccessorImpl.invoke(NativeMethodAccessorImpl.java:75)
[2026-04-12T09:54:45.360+0000] {subprocess.py:106} INFO - 	at java.base/jdk.internal.reflect.DelegatingMethodAccessorImpl.invoke(DelegatingMethodAccessorImpl.java:52)
[2026-04-12T09:54:45.361+0000] {subprocess.py:106} INFO - 	at java.base/java.lang.reflect.Method.invoke(Method.java:580)
[2026-04-12T09:54:45.361+0000] {subprocess.py:106} INFO - 	at org.apache.hadoop.io.retry.RetryInvocationHandler.invokeMethod(RetryInvocationHandler.java:437)
[2026-04-12T09:54:45.362+0000] {subprocess.py:106} INFO - 	at org.apache.hadoop.io.retry.RetryInvocationHandler$Call.invokeMethod(RetryInvocationHandler.java:170)
[2026-04-12T09:54:45.363+0000] {subprocess.py:106} INFO - 	at org.apache.hadoop.io.retry.RetryInvocationHandler$Call.invoke(RetryInvocationHandler.java:162)
[2026-04-12T09:54:45.364+0000] {subprocess.py:106} INFO - 	at org.apache.hadoop.io.retry.RetryInvocationHandler$Call.invokeOnce(RetryInvocationHandler.java:100)
[2026-04-12T09:54:45.365+0000] {subprocess.py:106} INFO - 	at org.apache.hadoop.io.retry.RetryInvocationHandler.invoke(RetryInvocationHandler.java:366)
[2026-04-12T09:54:45.365+0000] {subprocess.py:106} INFO - 	at jdk.proxy2/jdk.proxy2.$Proxy47.mkdirs(Unknown Source)
[2026-04-12T09:54:45.366+0000] {subprocess.py:106} INFO - 	at org.apache.hadoop.hdfs.DFSClient.primitiveMkdir(DFSClient.java:2555)
[2026-04-12T09:54:45.366+0000] {subprocess.py:106} INFO - 	at org.apache.hadoop.hdfs.DFSClient.mkdirs(DFSClient.java:2531)
[2026-04-12T09:54:45.367+0000] {subprocess.py:106} INFO - 	at org.apache.hadoop.hdfs.DistributedFileSystem$27.doCall(DistributedFileSystem.java:1497)
[2026-04-12T09:54:45.367+0000] {subprocess.py:106} INFO - 	at org.apache.hadoop.hdfs.DistributedFileSystem$27.doCall(DistributedFileSystem.java:1494)
[2026-04-12T09:54:45.368+0000] {subprocess.py:106} INFO - 	at org.apache.hadoop.fs.FileSystemLinkResolver.resolve(FileSystemLinkResolver.java:81)
[2026-04-12T09:54:45.368+0000] {subprocess.py:106} INFO - 	at org.apache.hadoop.hdfs.DistributedFileSystem.mkdirsInternal(DistributedFileSystem.java:1511)
[2026-04-12T09:54:45.369+0000] {subprocess.py:106} INFO - 	at org.apache.hadoop.hdfs.DistributedFileSystem.mkdirs(DistributedFileSystem.java:1486)
[2026-04-12T09:54:45.369+0000] {subprocess.py:106} INFO - 	at org.apache.hadoop.fs.FileSystem.mkdirs(FileSystem.java:2496)
[2026-04-12T09:54:45.369+0000] {subprocess.py:106} INFO - 	at org.apache.hadoop.mapreduce.lib.output.FileOutputCommitter.setupJob(FileOutputCommitter.java:356)
[2026-04-12T09:54:45.370+0000] {subprocess.py:106} INFO - 	at org.apache.spark.internal.io.HadoopMapReduceCommitProtocol.setupJob(HadoopMapReduceCommitProtocol.scala:190)
[2026-04-12T09:54:45.370+0000] {subprocess.py:106} INFO - 	at org.apache.spark.sql.execution.datasources.FileFormatWriter$.writeAndCommit(FileFormatWriter.scala:268)
[2026-04-12T09:54:45.371+0000] {subprocess.py:106} INFO - 	at org.apache.spark.sql.execution.datasources.FileFormatWriter$.executeWrite(FileFormatWriter.scala:306)
[2026-04-12T09:54:45.371+0000] {subprocess.py:106} INFO - 	at org.apache.spark.sql.execution.datasources.FileFormatWriter$.write(FileFormatWriter.scala:189)
[2026-04-12T09:54:45.372+0000] {subprocess.py:106} INFO - 	at org.apache.spark.sql.execution.datasources.InsertIntoHadoopFsRelationCommand.run(InsertIntoHadoopFsRelationCommand.scala:195)
[2026-04-12T09:54:45.372+0000] {subprocess.py:106} INFO - 	at org.apache.spark.sql.execution.command.DataWritingCommandExec.sideEffectResult$lzycompute(commands.scala:117)
[2026-04-12T09:54:45.373+0000] {subprocess.py:106} INFO - 	at org.apache.spark.sql.execution.command.DataWritingCommandExec.sideEffectResult(commands.scala:115)
[2026-04-12T09:54:45.373+0000] {subprocess.py:106} INFO - 	at org.apache.spark.sql.execution.command.DataWritingCommandExec.executeCollect(commands.scala:129)
[2026-04-12T09:54:45.373+0000] {subprocess.py:106} INFO - 	at org.apache.spark.sql.execution.QueryExecution.$anonfun$eagerlyExecuteCommands$2(QueryExecution.scala:155)
[2026-04-12T09:54:45.374+0000] {subprocess.py:106} INFO - 	at org.apache.spark.sql.execution.SQLExecution$.$anonfun$withNewExecutionId0$8(SQLExecution.scala:163)
[2026-04-12T09:54:45.374+0000] {subprocess.py:106} INFO - 	at org.apache.spark.sql.execution.SQLExecution$.withSessionTagsApplied(SQLExecution.scala:272)
[2026-04-12T09:54:45.375+0000] {subprocess.py:106} INFO - 	at org.apache.spark.sql.execution.SQLExecution$.$anonfun$withNewExecutionId0$7(SQLExecution.scala:125)
[2026-04-12T09:54:45.375+0000] {subprocess.py:106} INFO - 	at org.apache.spark.JobArtifactSet$.withActiveJobArtifactState(JobArtifactSet.scala:94)
[2026-04-12T09:54:45.376+0000] {subprocess.py:106} INFO - 	at org.apache.spark.sql.artifact.ArtifactManager.$anonfun$withResources$1(ArtifactManager.scala:112)
[2026-04-12T09:54:45.376+0000] {subprocess.py:106} INFO - 	at org.apache.spark.sql.artifact.ArtifactManager.withClassLoaderIfNeeded(ArtifactManager.scala:106)
[2026-04-12T09:54:45.377+0000] {subprocess.py:106} INFO - 	at org.apache.spark.sql.artifact.ArtifactManager.withResources(ArtifactManager.scala:111)
[2026-04-12T09:54:45.378+0000] {subprocess.py:106} INFO - 	at org.apache.spark.sql.execution.SQLExecution$.$anonfun$withNewExecutionId0$6(SQLExecution.scala:125)
[2026-04-12T09:54:45.378+0000] {subprocess.py:106} INFO - 	at org.apache.spark.sql.execution.SQLExecution$.withSQLConfPropagated(SQLExecution.scala:295)
[2026-04-12T09:54:45.379+0000] {subprocess.py:106} INFO - 	at org.apache.spark.sql.execution.SQLExecution$.$anonfun$withNewExecutionId0$1(SQLExecution.scala:124)
[2026-04-12T09:54:45.380+0000] {subprocess.py:106} INFO - 	at org.apache.spark.sql.SparkSession.withActive(SparkSession.scala:804)
[2026-04-12T09:54:45.381+0000] {subprocess.py:106} INFO - 	at org.apache.spark.sql.execution.SQLExecution$.withNewExecutionId0(SQLExecution.scala:78)
[2026-04-12T09:54:45.382+0000] {subprocess.py:106} INFO - 	at org.apache.spark.sql.execution.SQLExecution$.withNewExecutionId(SQLExecution.scala:237)
[2026-04-12T09:54:45.383+0000] {subprocess.py:106} INFO - 	at org.apache.spark.sql.execution.QueryExecution.$anonfun$eagerlyExecuteCommands$1(QueryExecution.scala:155)
[2026-04-12T09:54:45.383+0000] {subprocess.py:106} INFO - 	at org.apache.spark.sql.execution.QueryExecution$.withInternalError(QueryExecution.scala:654)
[2026-04-12T09:54:45.384+0000] {subprocess.py:106} INFO - 	at org.apache.spark.sql.execution.QueryExecution.org$apache$spark$sql$execution$QueryExecution$$eagerlyExecute$1(QueryExecution.scala:154)
[2026-04-12T09:54:45.384+0000] {subprocess.py:106} INFO - 	at org.apache.spark.sql.execution.QueryExecution$$anonfun$eagerlyExecuteCommands$3.applyOrElse(QueryExecution.scala:169)
[2026-04-12T09:54:45.385+0000] {subprocess.py:106} INFO - 	at org.apache.spark.sql.execution.QueryExecution$$anonfun$eagerlyExecuteCommands$3.applyOrElse(QueryExecution.scala:164)
[2026-04-12T09:54:45.385+0000] {subprocess.py:106} INFO - 	at org.apache.spark.sql.catalyst.trees.TreeNode.$anonfun$transformDownWithPruning$1(TreeNode.scala:470)
[2026-04-12T09:54:45.386+0000] {subprocess.py:106} INFO - 	at org.apache.spark.sql.catalyst.trees.CurrentOrigin$.withOrigin(origin.scala:86)
[2026-04-12T09:54:45.387+0000] {subprocess.py:106} INFO - 	at org.apache.spark.sql.catalyst.trees.TreeNode.transformDownWithPruning(TreeNode.scala:470)
[2026-04-12T09:54:45.387+0000] {subprocess.py:106} INFO - 	at org.apache.spark.sql.catalyst.plans.logical.LogicalPlan.org$apache$spark$sql$catalyst$plans$logical$AnalysisHelper$$super$transformDownWithPruning(LogicalPlan.scala:37)
[2026-04-12T09:54:45.388+0000] {subprocess.py:106} INFO - 	at org.apache.spark.sql.catalyst.plans.logical.AnalysisHelper.transformDownWithPruning(AnalysisHelper.scala:360)
[2026-04-12T09:54:45.388+0000] {subprocess.py:106} INFO - 	at org.apache.spark.sql.catalyst.plans.logical.AnalysisHelper.transformDownWithPruning$(AnalysisHelper.scala:356)
[2026-04-12T09:54:45.389+0000] {subprocess.py:106} INFO - 	at org.apache.spark.sql.catalyst.plans.logical.LogicalPlan.transformDownWithPruning(LogicalPlan.scala:37)
[2026-04-12T09:54:45.390+0000] {subprocess.py:106} INFO - 	at org.apache.spark.sql.catalyst.plans.logical.LogicalPlan.transformDownWithPruning(LogicalPlan.scala:37)
[2026-04-12T09:54:45.390+0000] {subprocess.py:106} INFO - 	at org.apache.spark.sql.catalyst.trees.TreeNode.transformDown(TreeNode.scala:446)
[2026-04-12T09:54:45.390+0000] {subprocess.py:106} INFO - 	at org.apache.spark.sql.execution.QueryExecution.eagerlyExecuteCommands(QueryExecution.scala:164)
[2026-04-12T09:54:45.391+0000] {subprocess.py:106} INFO - 	at org.apache.spark.sql.execution.QueryExecution.$anonfun$lazyCommandExecuted$1(QueryExecution.scala:126)
[2026-04-12T09:54:45.392+0000] {subprocess.py:106} INFO - 	at scala.util.Try$.apply(Try.scala:217)
[2026-04-12T09:54:45.392+0000] {subprocess.py:106} INFO - 	at org.apache.spark.util.Utils$.doTryWithCallerStacktrace(Utils.scala:1378)
[2026-04-12T09:54:45.393+0000] {subprocess.py:106} INFO - 	at org.apache.spark.util.LazyTry.tryT$lzycompute(LazyTry.scala:46)
[2026-04-12T09:54:45.394+0000] {subprocess.py:106} INFO - 	at org.apache.spark.util.LazyTry.tryT(LazyTry.scala:46)
[2026-04-12T09:54:45.394+0000] {subprocess.py:106} INFO - 	... 58 more
[2026-04-12T09:54:45.395+0000] {subprocess.py:106} INFO - 
[2026-04-12T09:54:45.395+0000] {subprocess.py:106} INFO -  SQLSTATE: 39000 SQLSTATE: XXKST
[2026-04-12T09:54:45.396+0000] {subprocess.py:106} INFO - === Streaming Query ===
[2026-04-12T09:54:45.396+0000] {subprocess.py:106} INFO - Identifier: [id = fffa4a28-b831-4a17-a849-992bff20d106, runId = 81b0f238-2169-428b-9777-93c02ef6c63f]
[2026-04-12T09:54:45.397+0000] {subprocess.py:106} INFO - Current Committed Offsets: {KafkaV2[Subscribe[weather-topic]]: {"weather-topic":{"0":0,"1":0,"2":0}}}
[2026-04-12T09:54:45.398+0000] {subprocess.py:106} INFO - Current Available Offsets: {KafkaV2[Subscribe[weather-topic]]: {"weather-topic":{"0":7,"1":6,"2":7}}}
[2026-04-12T09:54:45.398+0000] {subprocess.py:106} INFO - 
[2026-04-12T09:54:45.399+0000] {subprocess.py:106} INFO - Current State: ACTIVE
[2026-04-12T09:54:45.400+0000] {subprocess.py:106} INFO - Thread State: RUNNABLE
[2026-04-12T09:54:45.400+0000] {subprocess.py:106} INFO - 
[2026-04-12T09:54:45.401+0000] {subprocess.py:106} INFO - Logical Plan:
[2026-04-12T09:54:45.401+0000] {subprocess.py:106} INFO - ~WriteToMicroBatchDataSourceV1 ForeachBatchSink, fffa4a28-b831-4a17-a849-992bff20d106, [checkpointLocation=hdfs://23133083thuyvan-master:9000/user/hive/checkpoints/air_quality_realtime], Append
[2026-04-12T09:54:45.402+0000] {subprocess.py:106} INFO - +- ~Project [timestamp#42, location#17, latitude#18, longitude#19, country#20, condition_text#21, timezone#22, temperature_2m#23, relative_humidity_2m#24, apparent_temperature#25, precipitation#26, cloud_cover#27, wind_speed_10m#28, wind_direction_10m#29, wind_gusts_10m#30, uv_index#31, weather_code#32, european_aqi#33, us_aqi#34, pm10#35, pm2_5#36, carbon_monoxide#37, nitrogen_dioxide#38, sulphur_dioxide#39, ozone#40, ... 2 more fields]
[2026-04-12T09:54:45.402+0000] {subprocess.py:106} INFO -    +- ~Project [to_timestamp(timestamp#16, None, TimestampType, Some(GMT), true) AS timestamp#42, location#17, latitude#18, longitude#19, country#20, condition_text#21, timezone#22, temperature_2m#23, relative_humidity_2m#24, apparent_temperature#25, precipitation#26, cloud_cover#27, wind_speed_10m#28, wind_direction_10m#29, wind_gusts_10m#30, uv_index#31, weather_code#32, european_aqi#33, us_aqi#34, pm10#35, pm2_5#36, carbon_monoxide#37, nitrogen_dioxide#38, sulphur_dioxide#39, ozone#40, ... 1 more fields]
[2026-04-12T09:54:45.403+0000] {subprocess.py:106} INFO -       +- ~Project [timestamp#16, location#17, latitude#18, longitude#19, country#20, condition_text#21, timezone#22, temperature_2m#23, relative_humidity_2m#24, apparent_temperature#25, precipitation#26, cloud_cover#27, wind_speed_10m#28, wind_direction_10m#29, wind_gusts_10m#30, uv_index#31, weather_code#32, european_aqi#33, us_aqi#34, pm10#35, pm2_5#36, carbon_monoxide#37, nitrogen_dioxide#38, sulphur_dioxide#39, ozone#40, ... 1 more fields]
[2026-04-12T09:54:45.403+0000] {subprocess.py:106} INFO -          +- ~Project [data#15.timestamp AS timestamp#16, data#15.location AS location#17, data#15.latitude AS latitude#18, data#15.longitude AS longitude#19, data#15.country AS country#20, data#15.condition_text AS condition_text#21, data#15.timezone AS timezone#22, data#15.temperature_2m AS temperature_2m#23, data#15.relative_humidity_2m AS relative_humidity_2m#24, data#15.apparent_temperature AS apparent_temperature#25, data#15.precipitation AS precipitation#26, data#15.cloud_cover AS cloud_cover#27, data#15.wind_speed_10m AS wind_speed_10m#28, data#15.wind_direction_10m AS wind_direction_10m#29, data#15.wind_gusts_10m AS wind_gusts_10m#30, data#15.uv_index AS uv_index#31, data#15.weather_code AS weather_code#32, data#15.european_aqi AS european_aqi#33, data#15.us_aqi AS us_aqi#34, data#15.pm10 AS pm10#35, data#15.pm2_5 AS pm2_5#36, data#15.carbon_monoxide AS carbon_monoxide#37, data#15.nitrogen_dioxide AS nitrogen_dioxide#38, data#15.sulphur_dioxide AS sulphur_dioxide#39, data#15.ozone AS ozone#40]
[2026-04-12T09:54:45.404+0000] {subprocess.py:106} INFO -             +- ~Project [from_json(StructField(timestamp,StringType,true), StructField(location,StringType,true), StructField(latitude,DoubleType,true), StructField(longitude,DoubleType,true), StructField(country,StringType,true), StructField(condition_text,StringType,true), StructField(timezone,StringType,true), StructField(temperature_2m,DoubleType,true), StructField(relative_humidity_2m,DoubleType,true), StructField(apparent_temperature,DoubleType,true), StructField(precipitation,DoubleType,true), StructField(cloud_cover,DoubleType,true), StructField(wind_speed_10m,DoubleType,true), StructField(wind_direction_10m,DoubleType,true), StructField(wind_gusts_10m,DoubleType,true), StructField(uv_index,DoubleType,true), StructField(weather_code,IntegerType,true), StructField(european_aqi,IntegerType,true), StructField(us_aqi,IntegerType,true), StructField(pm10,DoubleType,true), StructField(pm2_5,DoubleType,true), StructField(carbon_monoxide,DoubleType,true), StructField(nitrogen_dioxide,DoubleType,true), StructField(sulphur_dioxide,DoubleType,true), StructField(ozone,DoubleType,true), ... 3 more fields) AS data#15]
[2026-04-12T09:54:45.404+0000] {subprocess.py:106} INFO -                +- ~Project [cast(value#8 as string) AS json#14]
[2026-04-12T09:54:45.405+0000] {subprocess.py:106} INFO -                   +- ~StreamingDataSourceV2ScanRelation[key#7, value#8, topic#9, partition#10, offset#11L, timestamp#12, timestampType#13] KafkaTable
[2026-04-12T09:54:45.405+0000] {subprocess.py:106} INFO - 
[2026-04-12T09:54:45.406+0000] {subprocess.py:106} INFO - 26/04/12 09:54:45 INFO ConsumerCoordinator: [Consumer clientId=consumer-spark-kafka-source-838a2774-c315-423f-96bd-f700a8bb7dca--983882313-executor-2, groupId=spark-kafka-source-838a2774-c315-423f-96bd-f700a8bb7dca--983882313-executor] Resetting generation and member id due to: consumer pro-actively leaving the group
[2026-04-12T09:54:45.406+0000] {subprocess.py:106} INFO - 26/04/12 09:54:45 INFO ConsumerCoordinator: [Consumer clientId=consumer-spark-kafka-source-838a2774-c315-423f-96bd-f700a8bb7dca--983882313-executor-2, groupId=spark-kafka-source-838a2774-c315-423f-96bd-f700a8bb7dca--983882313-executor] Request joining group due to: consumer pro-actively leaving the group
[2026-04-12T09:54:45.407+0000] {subprocess.py:106} INFO - 26/04/12 09:54:45 INFO Metrics: Metrics scheduler closed
[2026-04-12T09:54:45.407+0000] {subprocess.py:106} INFO - 26/04/12 09:54:45 INFO Metrics: Closing reporter org.apache.kafka.common.metrics.JmxReporter
[2026-04-12T09:54:45.408+0000] {subprocess.py:106} INFO - 26/04/12 09:54:45 INFO Metrics: Closing reporter org.apache.kafka.common.telemetry.internals.ClientTelemetryReporter
[2026-04-12T09:54:45.408+0000] {subprocess.py:106} INFO - 26/04/12 09:54:45 INFO Metrics: Metrics reporters closed
[2026-04-12T09:54:45.409+0000] {subprocess.py:106} INFO - 26/04/12 09:54:45 INFO AppInfoParser: App info kafka.consumer for consumer-spark-kafka-source-838a2774-c315-423f-96bd-f700a8bb7dca--983882313-executor-2 unregistered
[2026-04-12T09:54:45.409+0000] {subprocess.py:106} INFO - 26/04/12 09:54:45 INFO ConsumerCoordinator: [Consumer clientId=consumer-spark-kafka-source-838a2774-c315-423f-96bd-f700a8bb7dca--983882313-executor-3, groupId=spark-kafka-source-838a2774-c315-423f-96bd-f700a8bb7dca--983882313-executor] Resetting generation and member id due to: consumer pro-actively leaving the group
[2026-04-12T09:54:45.410+0000] {subprocess.py:106} INFO - 26/04/12 09:54:45 INFO ConsumerCoordinator: [Consumer clientId=consumer-spark-kafka-source-838a2774-c315-423f-96bd-f700a8bb7dca--983882313-executor-3, groupId=spark-kafka-source-838a2774-c315-423f-96bd-f700a8bb7dca--983882313-executor] Request joining group due to: consumer pro-actively leaving the group
[2026-04-12T09:54:45.410+0000] {subprocess.py:106} INFO - 26/04/12 09:54:45 INFO Metrics: Metrics scheduler closed
[2026-04-12T09:54:45.411+0000] {subprocess.py:106} INFO - 26/04/12 09:54:45 INFO Metrics: Closing reporter org.apache.kafka.common.metrics.JmxReporter
[2026-04-12T09:54:45.412+0000] {subprocess.py:106} INFO - 26/04/12 09:54:45 INFO Metrics: Closing reporter org.apache.kafka.common.telemetry.internals.ClientTelemetryReporter
[2026-04-12T09:54:45.413+0000] {subprocess.py:106} INFO - 26/04/12 09:54:45 INFO Metrics: Metrics reporters closed
[2026-04-12T09:54:45.413+0000] {subprocess.py:106} INFO - 26/04/12 09:54:45 INFO AppInfoParser: App info kafka.consumer for consumer-spark-kafka-source-838a2774-c315-423f-96bd-f700a8bb7dca--983882313-executor-3 unregistered
[2026-04-12T09:54:45.414+0000] {subprocess.py:106} INFO - 26/04/12 09:54:45 INFO ConsumerCoordinator: [Consumer clientId=consumer-spark-kafka-source-838a2774-c315-423f-96bd-f700a8bb7dca--983882313-executor-1, groupId=spark-kafka-source-838a2774-c315-423f-96bd-f700a8bb7dca--983882313-executor] Resetting generation and member id due to: consumer pro-actively leaving the group
[2026-04-12T09:54:45.414+0000] {subprocess.py:106} INFO - 26/04/12 09:54:45 INFO ConsumerCoordinator: [Consumer clientId=consumer-spark-kafka-source-838a2774-c315-423f-96bd-f700a8bb7dca--983882313-executor-1, groupId=spark-kafka-source-838a2774-c315-423f-96bd-f700a8bb7dca--983882313-executor] Request joining group due to: consumer pro-actively leaving the group
[2026-04-12T09:54:45.415+0000] {subprocess.py:106} INFO - 26/04/12 09:54:45 INFO Metrics: Metrics scheduler closed
[2026-04-12T09:54:45.415+0000] {subprocess.py:106} INFO - 26/04/12 09:54:45 INFO Metrics: Closing reporter org.apache.kafka.common.metrics.JmxReporter
[2026-04-12T09:54:45.416+0000] {subprocess.py:106} INFO - 26/04/12 09:54:45 INFO Metrics: Closing reporter org.apache.kafka.common.telemetry.internals.ClientTelemetryReporter
[2026-04-12T09:54:45.416+0000] {subprocess.py:106} INFO - 26/04/12 09:54:45 INFO Metrics: Metrics reporters closed
[2026-04-12T09:54:45.417+0000] {subprocess.py:106} INFO - 26/04/12 09:54:45 INFO AppInfoParser: App info kafka.consumer for consumer-spark-kafka-source-838a2774-c315-423f-96bd-f700a8bb7dca--983882313-executor-1 unregistered
[2026-04-12T09:54:45.417+0000] {subprocess.py:106} INFO - 26/04/12 09:54:45 INFO SparkContext: Invoking stop() from shutdown hook
[2026-04-12T09:54:45.418+0000] {subprocess.py:106} INFO - 26/04/12 09:54:45 INFO SparkContext: SparkContext is stopping with exitCode 0 from run at Executors.java:572.
[2026-04-12T09:54:45.418+0000] {subprocess.py:106} INFO - 26/04/12 09:54:45 INFO SparkUI: Stopped Spark web UI at http://spark-master:4040
[2026-04-12T09:54:45.419+0000] {subprocess.py:106} INFO - 26/04/12 09:54:45 INFO MapOutputTrackerMasterEndpoint: MapOutputTrackerMasterEndpoint stopped!
[2026-04-12T09:54:45.419+0000] {subprocess.py:106} INFO - 26/04/12 09:54:45 INFO MemoryStore: MemoryStore cleared
[2026-04-12T09:54:45.420+0000] {subprocess.py:106} INFO - 26/04/12 09:54:45 INFO BlockManager: BlockManager stopped
[2026-04-12T09:54:45.420+0000] {subprocess.py:106} INFO - 26/04/12 09:54:45 INFO BlockManagerMaster: BlockManagerMaster stopped
[2026-04-12T09:54:45.420+0000] {subprocess.py:106} INFO - 26/04/12 09:54:45 INFO OutputCommitCoordinator$OutputCommitCoordinatorEndpoint: OutputCommitCoordinator stopped!
[2026-04-12T09:54:45.421+0000] {subprocess.py:106} INFO - 26/04/12 09:54:45 INFO SparkContext: Successfully stopped SparkContext
[2026-04-12T09:54:45.421+0000] {subprocess.py:106} INFO - 26/04/12 09:54:45 INFO ShutdownHookManager: Shutdown hook called
[2026-04-12T09:54:45.422+0000] {subprocess.py:106} INFO - 26/04/12 09:54:45 INFO ShutdownHookManager: Deleting directory /tmp/spark-cf0bb122-1bec-43b0-93a1-21015912d11a
[2026-04-12T09:54:45.422+0000] {subprocess.py:106} INFO - 26/04/12 09:54:45 INFO ShutdownHookManager: Deleting directory /tmp/spark-cf773db0-49ce-43ef-b609-44a9aee05b06/pyspark-0b2eb094-c801-49ae-a49e-fa3454e5d95f
[2026-04-12T09:54:45.423+0000] {subprocess.py:106} INFO - 26/04/12 09:54:45 INFO ShutdownHookManager: Deleting directory /tmp/artifacts-dc7c790b-c481-4333-99e9-453cb53038be
[2026-04-12T09:54:45.423+0000] {subprocess.py:106} INFO - 26/04/12 09:54:45 INFO ShutdownHookManager: Deleting directory /tmp/spark-cf773db0-49ce-43ef-b609-44a9aee05b06
[2026-04-12T09:54:45.574+0000] {subprocess.py:110} INFO - Command exited with return code 1
[2026-04-12T09:54:45.594+0000] {taskinstance.py:3311} ERROR - Task failed with exception
Traceback (most recent call last):
  File "/home/airflow/airflow/venv/lib/python3.12/site-packages/airflow/models/taskinstance.py", line 767, in _execute_task
    result = _execute_callable(context=context, **execute_callable_kwargs)
             ^^^^^^^^^^^^^^^^^^^^^^^^^^^^^^^^^^^^^^^^^^^^^^^^^^^^^^^^^^^^^
  File "/home/airflow/airflow/venv/lib/python3.12/site-packages/airflow/models/taskinstance.py", line 733, in _execute_callable
    return ExecutionCallableRunner(
           ^^^^^^^^^^^^^^^^^^^^^^^^
  File "/home/airflow/airflow/venv/lib/python3.12/site-packages/airflow/utils/operator_helpers.py", line 252, in run
    return self.func(*args, **kwargs)
           ^^^^^^^^^^^^^^^^^^^^^^^^^^
  File "/home/airflow/airflow/venv/lib/python3.12/site-packages/airflow/models/baseoperator.py", line 422, in wrapper
    return func(self, *args, **kwargs)
           ^^^^^^^^^^^^^^^^^^^^^^^^^^^
  File "/home/airflow/airflow/venv/lib/python3.12/site-packages/airflow/operators/bash.py", line 276, in execute
    raise AirflowException(
airflow.exceptions.AirflowException: Bash command failed. The command returned a non-zero exit code 1.
[2026-04-12T09:54:45.600+0000] {taskinstance.py:1225} INFO - Marking task as FAILED. dag_id=weather_real_time_pipeline_v2, task_id=start_spark_streaming_job, run_id=scheduled__2026-04-12T09:48:00+00:00, execution_date=20260412T094800, start_date=20260412T095423, end_date=20260412T095445
[2026-04-12T09:54:45.616+0000] {taskinstance.py:340} INFO - ::group::Post task execution logs
[2026-04-12T09:54:45.617+0000] {standard_task_runner.py:124} ERROR - Failed to execute job 36 for task start_spark_streaming_job (Bash command failed. The command returned a non-zero exit code 1.; 52920)
Traceback (most recent call last):
  File "/home/airflow/airflow/venv/lib/python3.12/site-packages/airflow/task/task_runner/standard_task_runner.py", line 117, in _start_by_fork
    ret = args.func(args, dag=self.dag)
          ^^^^^^^^^^^^^^^^^^^^^^^^^^^^^
  File "/home/airflow/airflow/venv/lib/python3.12/site-packages/airflow/cli/cli_config.py", line 49, in command
    return func(*args, **kwargs)
           ^^^^^^^^^^^^^^^^^^^^^
  File "/home/airflow/airflow/venv/lib/python3.12/site-packages/airflow/utils/cli.py", line 116, in wrapper
    return f(*args, **kwargs)
           ^^^^^^^^^^^^^^^^^^
  File "/home/airflow/airflow/venv/lib/python3.12/site-packages/airflow/cli/commands/task_command.py", line 483, in task_run
    task_return_code = _run_task_by_selected_method(args, _dag, ti)
                       ^^^^^^^^^^^^^^^^^^^^^^^^^^^^^^^^^^^^^^^^^^^^
  File "/home/airflow/airflow/venv/lib/python3.12/site-packages/airflow/cli/commands/task_command.py", line 256, in _run_task_by_selected_method
    return _run_raw_task(args, ti)
           ^^^^^^^^^^^^^^^^^^^^^^^
  File "/home/airflow/airflow/venv/lib/python3.12/site-packages/airflow/cli/commands/task_command.py", line 341, in _run_raw_task
    return ti._run_raw_task(
           ^^^^^^^^^^^^^^^^^
  File "/home/airflow/airflow/venv/lib/python3.12/site-packages/airflow/utils/session.py", line 97, in wrapper
    return func(*args, session=session, **kwargs)
           ^^^^^^^^^^^^^^^^^^^^^^^^^^^^^^^^^^^^^^
  File "/home/airflow/airflow/venv/lib/python3.12/site-packages/airflow/models/taskinstance.py", line 3005, in _run_raw_task
    return _run_raw_task(
           ^^^^^^^^^^^^^^
  File "/home/airflow/airflow/venv/lib/python3.12/site-packages/airflow/models/taskinstance.py", line 273, in _run_raw_task
    TaskInstance._execute_task_with_callbacks(
  File "/home/airflow/airflow/venv/lib/python3.12/site-packages/airflow/models/taskinstance.py", line 3159, in _execute_task_with_callbacks
    result = self._execute_task(context, task_orig)
             ^^^^^^^^^^^^^^^^^^^^^^^^^^^^^^^^^^^^^^
  File "/home/airflow/airflow/venv/lib/python3.12/site-packages/airflow/models/taskinstance.py", line 3183, in _execute_task
    return _execute_task(self, context, task_orig)
           ^^^^^^^^^^^^^^^^^^^^^^^^^^^^^^^^^^^^^^^
  File "/home/airflow/airflow/venv/lib/python3.12/site-packages/airflow/models/taskinstance.py", line 767, in _execute_task
    result = _execute_callable(context=context, **execute_callable_kwargs)
             ^^^^^^^^^^^^^^^^^^^^^^^^^^^^^^^^^^^^^^^^^^^^^^^^^^^^^^^^^^^^^
  File "/home/airflow/airflow/venv/lib/python3.12/site-packages/airflow/models/taskinstance.py", line 733, in _execute_callable
    return ExecutionCallableRunner(
           ^^^^^^^^^^^^^^^^^^^^^^^^
  File "/home/airflow/airflow/venv/lib/python3.12/site-packages/airflow/utils/operator_helpers.py", line 252, in run
    return self.func(*args, **kwargs)
           ^^^^^^^^^^^^^^^^^^^^^^^^^^
  File "/home/airflow/airflow/venv/lib/python3.12/site-packages/airflow/models/baseoperator.py", line 422, in wrapper
    return func(self, *args, **kwargs)
           ^^^^^^^^^^^^^^^^^^^^^^^^^^^
  File "/home/airflow/airflow/venv/lib/python3.12/site-packages/airflow/operators/bash.py", line 276, in execute
    raise AirflowException(
airflow.exceptions.AirflowException: Bash command failed. The command returned a non-zero exit code 1.
[2026-04-12T09:54:45.626+0000] {local_task_job_runner.py:266} INFO - Task exited with return code 1
[2026-04-12T09:54:45.652+0000] {taskinstance.py:3895} INFO - 0 downstream tasks scheduled from follow-on schedule check
[2026-04-12T09:54:45.655+0000] {local_task_job_runner.py:245} INFO - ::endgroup::
